"Group","Run ID","metric","step","timestamp","value"
"EOPKGTopologyConditioned","","drift_window_macro_f1","0","1780899562992","1"
"EOPKGTopologyConditioned","","drift_window_macro_f1","1","1780899563422","1"
"EOPKGTopologyConditioned","","drift_window_macro_f1","3","1780899564281","1"
"EOPKGTopologyConditioned","","drift_window_macro_f1","5","1780899564933","1"
"EOPKGTopologyConditioned","","drift_window_macro_f1","6","1780899565226","1"
"EOPKGTopologyConditioned","","drift_window_macro_f1","8","1780899565808","1"
"EOPKGTopologyConditioned","","drift_window_macro_f1","10","1780899566371","1"
"EOPKGTopologyConditioned","","drift_window_macro_f1","11","1780899566664","1"
"EOPKGTopologyConditioned","","drift_window_macro_f1","13","1780899567358","1"
"EOPKGTopologyConditioned","","drift_window_macro_f1","15","1780899568071","1"
"EOPKGTopologyConditioned","","drift_window_macro_f1","17","1780899568667","1"
"EOPKGTopologyConditioned","","drift_window_macro_f1","18","1780899568933","1"
"EOPKGTopologyConditioned","","drift_window_macro_f1","20","1780899569460","1"
"EOPKGTopologyConditioned","","drift_window_macro_f1","22","1780899569925","1"
"EOPKGTopologyConditioned","","drift_window_macro_f1","23","1780899570283","1"
"EOPKGTopologyConditioned","","drift_window_macro_f1","25","1780899570965","1"
"EOPKGTopologyConditioned","","drift_window_macro_f1","27","1780899571629","1"
"EOPKGTopologyConditioned","","drift_window_macro_f1","29","1780899572218","1"
"EOPKGTopologyConditioned","","drift_window_macro_f1","30","1780899572496","1"
"EOPKGTopologyConditioned","","drift_window_macro_f1","32","1780899573217","1"
"EOPKGTopologyConditioned","","drift_window_macro_f1","34","1780899573842","1"
"EOPKGTopologyConditioned","","drift_window_macro_f1","35","1780899574145","1"
"EOPKGTopologyConditioned","","drift_window_macro_f1","37","1780899574778","1"
"EOPKGTopologyConditioned","","drift_window_macro_f1","39","1780899575412","1"
"EOPKGTopologyConditioned","","drift_window_macro_f1","40","1780899575701","1"
"EOPKGTopologyConditioned","","drift_window_macro_f1","42","1780899576392","1"
"EOPKGTopologyConditioned","","drift_window_macro_f1","44","1780899577152","1"
"EOPKGTopologyConditioned","","drift_window_macro_f1","46","1780899577788","1"
"EOPKGTopologyConditioned","","drift_window_macro_f1","47","1780899578099","1"
"EOPKGTopologyConditioned","","drift_window_macro_f1","49","1780899578745","1"
"EOPKGTopologyConditioned","","drift_window_macro_f1","51","1780899579375","1"
"EOPKGTopologyConditioned","","drift_window_macro_f1","52","1780899579794","1"
"EOPKGTopologyConditioned","","drift_window_macro_f1","54","1780899580592","1"
"EOPKGTopologyConditioned","","drift_window_macro_f1","56","1780899581345","1"
"EOPKGTopologyConditioned","","drift_window_macro_f1","58","1780899581883","1"
"EOPKGTopologyConditioned","","drift_window_macro_f1","59","1780899582127","1"
"EOPKGTopologyConditioned","","drift_window_macro_f1","61","1780899582884","1"
"EOPKGTopologyConditioned","","drift_window_macro_f1","63","1780899583560","1"
"EOPKGTopologyConditioned","","drift_window_macro_f1","64","1780899583856","1"
"EOPKGTopologyConditioned","","drift_window_macro_f1","66","1780899584374","1"
"EOPKGTopologyConditioned","","drift_window_macro_f1","68","1780899584851","1"
"EOPKGTopologyConditioned","","drift_window_macro_f1","69","1780899585132","1"
"EOPKGTopologyConditioned","","drift_window_macro_f1","71","1780899585759","1"
"EOPKGTopologyConditioned","","drift_window_macro_f1","73","1780899586441","1"
"EOPKGTopologyConditioned","","drift_window_macro_f1","75","1780899587159","1"
"EOPKGTopologyConditioned","","drift_window_macro_f1","76","1780899587424","1"
"EOPKGTopologyConditioned","","drift_window_macro_f1","78","1780899587969","1"
"EOPKGTopologyConditioned","","drift_window_macro_f1","80","1780899588512","1"
"EOPKGTopologyConditioned","","drift_window_macro_f1","81","1780899588769","1"
"EOPKGTopologyConditioned","","drift_window_macro_f1","83","1780899589403","1"
"EOPKGTopologyConditioned","","drift_window_macro_f1","85","1780899590092","1"
"EOPKGTopologyConditioned","","drift_window_macro_f1","87","1780899590636","1"
"EOPKGTopologyConditioned","","drift_window_macro_f1","88","1780899590856","1"
"EOPKGTopologyConditioned","","drift_window_macro_f1","90","1780899591345","1"
"EOPKGTopologyConditioned","","drift_window_macro_f1","92","1780899591907","1"
"EOPKGTopologyConditioned","","drift_window_macro_f1","93","1780899592283","1"
"EOPKGTopologyConditioned","","drift_window_macro_f1","95","1780899592960","1"
"EOPKGTopologyConditioned","","drift_window_macro_f1","97","1780899593570","1"
"EOPKGTopologyConditioned","","drift_window_macro_f1","98","1780899593839","1"
"EOPKGTopologyConditioned","","drift_window_macro_f1","100","1780899594368","1"
"EOPKGTopologyConditioned","","drift_window_macro_f1","102","1780899594945","1"
"EOPKGTopologyConditioned","","drift_window_macro_f1","104","1780899595597","1"
"EOPKGTopologyConditioned","","drift_window_macro_f1","105","1780899596033","1"
"EOPKGTopologyConditioned","","drift_window_macro_f1","107","1780899596789","1"
"EOPKGTopologyConditioned","","drift_window_macro_f1","109","1780899597452","1"
"EOPKGTopologyConditioned","","drift_window_macro_f1","110","1780899597778","1"
"EOPKGTopologyConditioned","","drift_window_macro_f1","112","1780899598526","1"
"EOPKGTopologyConditioned","","drift_window_macro_f1","114","1780899599306","1"
"EOPKGTopologyConditioned","","drift_window_macro_f1","116","1780899599962","1"
"EOPKGTopologyConditioned","","drift_window_macro_f1","117","1780899600269","1"
"EOPKGTopologyConditioned","","drift_window_macro_f1","119","1780899600907","1"
"EOPKGTopologyConditioned","","drift_window_macro_f1","121","1780899601712","1"
"EOPKGTopologyConditioned","","drift_window_macro_f1","122","1780899602119","1"
"EOPKGTopologyConditioned","","drift_window_macro_f1","124","1780899603067","1"
"EOPKGTopologyConditioned","","drift_window_macro_f1","126","1780899603925","1"
"EOPKGTopologyConditioned","","drift_window_macro_f1","127","1780899604494","1"
"EOPKGTopologyConditioned","","drift_window_macro_f1","129","1780899605715","1"
"EOPKGTopologyConditioned","","drift_window_macro_f1","131","1780899606453","1"
"EOPKGTopologyConditioned","","drift_window_macro_f1","133","1780899607321","1"
"EOPKGTopologyConditioned","","drift_window_macro_f1","134","1780899607674","1"
"EOPKGTopologyConditioned","","drift_window_macro_f1","136","1780899608196","1"
"EOPKGTopologyConditioned","","drift_window_macro_f1","138","1780899608722","1"
"EOPKGTopologyConditioned","","drift_window_macro_f1","139","1780899609036","1"
"EOPKGTopologyConditioned","","drift_window_macro_f1","141","1780899609603","1"
"EOPKGTopologyConditioned","","drift_window_macro_f1","143","1780899610184","1"
"EOPKGTopologyConditioned","","drift_window_macro_f1","145","1780899610754","1"
"EOPKGTopologyConditioned","","drift_window_macro_f1","146","1780899611057","1"
"EOPKGTopologyConditioned","","drift_window_macro_f1","148","1780899611793","1"
"EOPKGTopologyConditioned","","drift_window_macro_f1","150","1780899612584","1"
"EOPKGTopologyConditioned","","drift_window_macro_f1","151","1780899612921","1"
"EOPKGTopologyConditioned","","drift_window_macro_f1","153","1780899613560","1"
"EOPKGTopologyConditioned","","drift_window_macro_f1","155","1780899614120","1"
"EOPKGTopologyConditioned","","drift_window_macro_f1","156","1780899614393","1"
"EOPKGTopologyConditioned","","drift_window_macro_f1","158","1780899614981","1"
"EOPKGTopologyConditioned","","drift_window_macro_f1","160","1780899615601","1"
"EOPKGTopologyConditioned","","drift_window_macro_f1","162","1780899616226","1"
"EOPKGTopologyConditioned","","drift_window_macro_f1","163","1780899616547","1"
"EOPKGTopologyConditioned","","drift_window_macro_f1","165","1780899617191","1"
"EOPKGTopologyConditioned","","drift_window_macro_f1","167","1780899617748","1"
"EOPKGTopologyConditioned","","drift_window_macro_f1","168","1780899618017","1"
"EOPKGTopologyConditioned","","drift_window_macro_f1","170","1780899618554","1"
"EOPKGTopologyConditioned","","drift_window_macro_f1","172","1780899619087","1"
"EOPKGTopologyConditioned","","drift_window_macro_f1","174","1780899619722","1"
"EOPKGTopologyConditioned","","drift_window_macro_f1","175","1780899620043","1"
"EOPKGTopologyConditioned","","drift_window_macro_f1","177","1780899620713","1"
"EOPKGTopologyConditioned","","drift_window_macro_f1","179","1780899621355","1"
"EOPKGTopologyConditioned","","drift_window_macro_f1","180","1780899621654","1"
"EOPKGTopologyConditioned","","drift_window_macro_f1","182","1780899622180","1"
"EOPKGTopologyConditioned","","drift_window_macro_f1","184","1780899622843","1"
"EOPKGTopologyConditioned","","drift_window_macro_f1","185","1780899623135","1"
"EOPKGTopologyConditioned","","drift_window_macro_f1","187","1780899623764","1"
"EOPKGTopologyConditioned","","drift_window_macro_f1","189","1780899624383","1"
"EOPKGTopologyConditioned","","drift_window_macro_f1","191","1780899624978","1"
"EOPKGTopologyConditioned","","drift_window_macro_f1","192","1780899625283","1"
"EOPKGTopologyConditioned","","drift_window_macro_f1","194","1780899625771","1"
"EOPKGTopologyConditioned","","drift_window_macro_f1","196","1780899626251","1"
"EOPKGTopologyConditioned","","drift_window_macro_f1","197","1780899626489","1"
"EOPKGTopologyConditioned","","drift_window_macro_f1","199","1780899626958","1"
"EOPKGTopologyConditioned","","drift_window_macro_f1","201","1780899627433","1"
"EOPKGTopologyConditioned","","drift_window_macro_f1","203","1780899627951","1"
"EOPKGTopologyConditioned","","drift_window_macro_f1","204","1780899628236","1"
"EOPKGTopologyConditioned","","drift_window_macro_f1","206","1780899628785","1"
"EOPKGTopologyConditioned","","drift_window_macro_f1","208","1780899629368","0.9881012206910151"
"EOPKGTopologyConditioned","","drift_window_macro_f1","209","1780899629660","0.9766295712031907"
"EOPKGTopologyConditioned","","drift_window_macro_f1","211","1780899630238","0.9709635461675142"
"EOPKGTopologyConditioned","","drift_window_macro_f1","213","1780899630840","0.9705742836638854"
"EOPKGTopologyConditioned","","drift_window_macro_f1","214","1780899631138","0.9704270252526495"
"EOPKGTopologyConditioned","","drift_window_macro_f1","216","1780899631774","0.9645902940569242"
"EOPKGTopologyConditioned","","drift_window_macro_f1","218","1780899632397","0.954460490619687"
"EOPKGTopologyConditioned","","drift_window_macro_f1","220","1780899633137","0.9535195902541069"
"EOPKGTopologyConditioned","","drift_window_macro_f1","221","1780899633474","0.9536264016013172"
"EOPKGTopologyConditioned","","drift_window_macro_f1","223","1780899634297","0.9535425953731235"
"EOPKGTopologyConditioned","","drift_window_macro_f1","225","1780899634960","0.9539449558071098"
"EOPKGTopologyConditioned","","drift_window_macro_f1","226","1780899635254","0.9604062567271802"
"EOPKGTopologyConditioned","","drift_window_macro_f1","228","1780899635807","0.9597368222153391"
"EOPKGTopologyConditioned","","drift_window_macro_f1","230","1780899636338","0.9607284156156537"
"EOPKGTopologyConditioned","","drift_window_macro_f1","232","1780899636980","0.9606235195909782"
"EOPKGTopologyConditioned","","drift_window_macro_f1","233","1780899637308","0.9606208575153616"
"EOPKGTopologyConditioned","","drift_window_macro_f1","235","1780899637880","0.9604635239681796"
"EOPKGTopologyConditioned","","drift_window_macro_f1","237","1780899638456","0.9663370003255489"
"EOPKGTopologyConditioned","","drift_window_macro_f1","238","1780899638707","0.9663258023415706"
"EOPKGTopologyConditioned","","drift_window_macro_f1","240","1780899639225","0.9679204265333199"
"EOPKGTopologyConditioned","","drift_window_macro_f1","242","1780899639754","0.9681053577961835"
"EOPKGTopologyConditioned","","drift_window_macro_f1","243","1780899640025","0.9684700191383115"
"EOPKGTopologyConditioned","","drift_window_macro_f1","245","1780899640659","0.968527654213029"
"EOPKGTopologyConditioned","","drift_window_macro_f1","247","1780899641308","0.9685000278236943"
"EOPKGTopologyConditioned","","drift_window_macro_f1","249","1780899642002","0.9666479483698195"
"EOPKGTopologyConditioned","","drift_window_macro_f1","250","1780899642362","0.9674058147486186"
"EOPKGTopologyConditioned","","drift_window_macro_f1","252","1780899643172","0.9655223410817964"
"EOPKGTopologyConditioned","","drift_window_macro_f1","254","1780899643978","0.9655112635010313"
"EOPKGTopologyConditioned","","drift_window_macro_f1","255","1780899644294","0.9668350508924837"
"EOPKGTopologyConditioned","","drift_window_macro_f1","257","1780899644981","0.9671749310490454"
"EOPKGTopologyConditioned","","drift_window_macro_f1","259","1780899645664","0.9674129317715703"
"EOPKGTopologyConditioned","","drift_window_macro_f1","261","1780899646354","0.9672719415931903"
"EOPKGTopologyConditioned","","drift_window_macro_f1","262","1780899646700","0.9617152618405099"
"EOPKGTopologyConditioned","","drift_window_macro_f1","264","1780899647370","0.9618599834013107"
"EOPKGTopologyConditioned","","drift_window_macro_f1","266","1780899648187","0.961895745165298"
"EOPKGTopologyConditioned","","drift_window_macro_f1","267","1780899648482","0.9612673941470974"
"EOPKGTopologyConditioned","","drift_window_macro_f1","269","1780899649066","0.9610773089378355"
"EOPKGTopologyConditioned","","drift_window_macro_f1","271","1780899649701","0.9611720652957527"
"EOPKGTopologyConditioned","","drift_window_macro_f1","273","1780899650350","0.9665795209597167"
"EOPKGTopologyConditioned","","drift_window_macro_f1","274","1780899650624","0.9662580194996251"
"EOPKGTopologyConditioned","","drift_window_macro_f1","276","1780899651170","0.9670197039330402"
"EOPKGTopologyConditioned","","drift_window_macro_f1","278","1780899651695","0.9670596596625054"
"EOPKGTopologyConditioned","","drift_window_macro_f1","279","1780899652019","0.9671988062957049"
"EOPKGTopologyConditioned","","drift_window_macro_f1","281","1780899652695","0.9656235158593991"
"EOPKGTopologyConditioned","","drift_window_macro_f1","283","1780899653268","0.9648639485134983"
"EOPKGTopologyConditioned","","drift_window_macro_f1","284","1780899653565","0.9659526302811703"
"EOPKGTopologyConditioned","","drift_window_macro_f1","286","1780899654110","0.9659764874470944"
"EOPKGTopologyConditioned","","drift_window_macro_f1","288","1780899654736","0.966533144838879"
"EOPKGTopologyConditioned","","drift_window_macro_f1","290","1780899655353","0.9667826734124412"
"EOPKGTopologyConditioned","","drift_window_macro_f1","291","1780899655642","0.9663444452719563"
"EOPKGTopologyConditioned","","drift_window_macro_f1","293","1780899656366","0.9673039544011559"
"EOPKGTopologyConditioned","","drift_window_macro_f1","295","1780899657044","0.966735940110315"
"EOPKGTopologyConditioned","","drift_window_macro_f1","296","1780899657366","0.9665870735270952"
"EOPKGTopologyConditioned","","drift_window_macro_f1","298","1780899658161","0.9664360817026327"
"EOPKGTopologyConditioned","","drift_window_macro_f1","300","1780899658891","0.9667744894799446"
"EOPKGTopologyConditioned","","drift_window_macro_f1","302","1780899659561","0.9731398080249123"
"EOPKGTopologyConditioned","","drift_window_macro_f1","303","1780899659882","0.9725324335439731"
"EOPKGTopologyConditioned","","drift_window_macro_f1","305","1780899660552","0.9673393729237725"
"EOPKGTopologyConditioned","","drift_window_macro_f1","307","1780899661245","0.9674225926417521"
"EOPKGTopologyConditioned","","drift_window_macro_f1","308","1780899661534","0.9675310637629811"
"EOPKGTopologyConditioned","","drift_window_macro_f1","310","1780899662243","0.9615610635556087"
"EOPKGTopologyConditioned","","drift_window_macro_f1","312","1780899662912","0.9608118725485395"
"EOPKGTopologyConditioned","","drift_window_macro_f1","313","1780899663225","0.9607988440232436"
"EOPKGTopologyConditioned","","drift_window_macro_f1","315","1780899663796","0.9607954963222387"
"EOPKGTopologyConditioned","","drift_window_macro_f1","317","1780899664393","0.9591827720900237"
"EOPKGTopologyConditioned","","drift_window_macro_f1","319","1780899664986","0.965199539667788"
"EOPKGTopologyConditioned","","drift_window_macro_f1","320","1780899665272","0.9659661347472039"
"EOPKGTopologyConditioned","","drift_window_macro_f1","322","1780899665809","0.965971817743488"
"EOPKGTopologyConditioned","","drift_window_macro_f1","324","1780899666428","0.9646909411733363"
"EOPKGTopologyConditioned","","drift_window_macro_f1","325","1780899666766","0.965157610294502"
"EOPKGTopologyConditioned","","drift_window_macro_f1","327","1780899667338","0.9624180184039995"
"EOPKGTopologyConditioned","","drift_window_macro_f1","329","1780899667842","0.9310569892049377"
"EOPKGTopologyConditioned","","drift_window_macro_f1","331","1780899668341","0.8932040732419478"
"EOPKGTopologyConditioned","","drift_window_macro_f1","332","1780899668591","0.8909997732091844"
"EOPKGTopologyConditioned","","drift_window_macro_f1","334","1780899669095","0.8777410975964623"
"EOPKGTopologyConditioned","","drift_window_macro_f1","336","1780899669572","0.8678560466650276"
"EOPKGTopologyConditioned","","drift_window_macro_f1","337","1780899669801","0.864647145511476"
"EOPKGTopologyConditioned","","drift_window_macro_f1","339","1780899670262","0.8415196270712384"
"EOPKGTopologyConditioned","","drift_window_macro_f1","341","1780899670705","0.8425980975763185"
"EOPKGTopologyConditioned","","drift_window_macro_f1","342","1780899670949","0.8444262629110351"
"EOPKGTopologyConditioned","","drift_window_macro_f1","344","1780899671502","0.8538081440639438"
"EOPKGTopologyConditioned","","drift_window_macro_f1","346","1780899672191","0.8431716321187499"
"EOPKGTopologyConditioned","","drift_window_macro_f1","348","1780899672863","0.8394341905259459"
"EOPKGTopologyConditioned","","drift_window_macro_f1","349","1780899673160","0.8400484302705689"
"EOPKGTopologyConditioned","","drift_window_macro_f1","351","1780899673752","0.8413326234021995"
"EOPKGTopologyConditioned","","drift_window_macro_f1","353","1780899674347","0.8512384104367632"
"EOPKGTopologyConditioned","","drift_window_macro_f1","354","1780899674645","0.8459175382361881"
"EOPKGTopologyConditioned","","drift_window_macro_f1","356","1780899675230","0.8482241274551565"
"EOPKGTopologyConditioned","","drift_window_macro_f1","358","1780899675836","0.8565043898598843"
"EOPKGTopologyConditioned","","drift_window_macro_f1","360","1780899676454","0.8552882543151609"
"EOPKGTopologyConditioned","","drift_window_macro_f1","361","1780899676750","0.8543582584672264"
"EOPKGTopologyConditioned","","drift_window_macro_f1","363","1780899677368","0.8508647219997214"
"EOPKGTopologyConditioned","","drift_window_macro_f1","365","1780899678247","0.8501249525927402"
"EOPKGTopologyConditioned","","drift_window_macro_f1","366","1780899678682","0.8505172615548454"
"EOPKGTopologyConditioned","","drift_window_macro_f1","368","1780899679468","0.8536632566547325"
"EOPKGTopologyConditioned","","drift_window_macro_f1","370","1780899680240","0.8590643968587675"
"EOPKGTopologyConditioned","","drift_window_macro_f1","371","1780899680518","0.8545066572659747"
"EOPKGTopologyConditioned","","drift_window_macro_f1","373","1780899681120","0.853909276220657"
"EOPKGTopologyConditioned","","drift_window_macro_f1","375","1780899681745","0.851455539238836"
"EOPKGTopologyConditioned","","drift_window_macro_f1","377","1780899682339","0.8478388988151666"
"EOPKGTopologyConditioned","","drift_window_macro_f1","378","1780899682613","0.8438222423016478"
"EOPKGTopologyConditioned","","drift_window_macro_f1","380","1780899683201","0.8460514422325875"
"EOPKGTopologyConditioned","","drift_window_macro_f1","382","1780899683798","0.8451967277763905"
"EOPKGTopologyConditioned","","drift_window_macro_f1","383","1780899684093","0.8461510786853256"
"EOPKGTopologyConditioned","","drift_window_macro_f1","385","1780899684690","0.8476440477231955"
"EOPKGTopologyConditioned","","drift_window_macro_f1","387","1780899685257","0.8503361931460833"
"EOPKGTopologyConditioned","","drift_window_macro_f1","389","1780899685828","0.8512196649390914"
"EOPKGTopologyConditioned","","drift_window_macro_f1","390","1780899686145","0.8546563155604864"
"EOPKGTopologyConditioned","","drift_window_macro_f1","392","1780899686721","0.8496212249946153"
"EOPKGTopologyConditioned","","drift_window_macro_f1","394","1780899687274","0.8491984697745945"
"EOPKGTopologyConditioned","","drift_window_macro_f1","395","1780899687560","0.849292343899629"
"EOPKGTopologyConditioned","","drift_window_macro_f1","397","1780899688142","0.8511850117070764"
"EOPKGTopologyConditioned","","drift_window_macro_f1","399","1780899688748","0.8529329336151887"
"EOPKGTopologyConditioned","","drift_window_macro_f1","400","1780899689076","0.8485210255189165"
"EOPKGTopologyConditioned","","drift_window_macro_f1","402","1780899689613","0.8511325956108496"
"EOPKGTopologyConditioned","","drift_window_macro_f1","404","1780899690119","0.8533689451688395"
"EOPKGTopologyConditioned","","drift_window_macro_f1","406","1780899690652","0.8552791487654431"
"EOPKGTopologyConditioned","","drift_window_macro_f1","407","1780899690919","0.8538151396737922"
"EOPKGTopologyConditioned","","drift_window_macro_f1","409","1780899691432","0.8509577523300254"
"EOPKGTopologyConditioned","","drift_window_macro_f1","411","1780899691991","0.8556306306409817"
"EOPKGTopologyConditioned","","drift_window_macro_f1","412","1780899692280","0.8528075259052809"
"EOPKGTopologyConditioned","","drift_window_macro_f1","414","1780899692912","0.8511970313248465"
"EOPKGTopologyConditioned","","drift_window_macro_f1","416","1780899693478","0.8537064084170923"
"EOPKGTopologyConditioned","","drift_window_macro_f1","418","1780899694055","0.8580556982923127"
"EOPKGTopologyConditioned","","drift_window_macro_f1","419","1780899694392","0.8497012870711137"
"EOPKGTopologyConditioned","","drift_window_macro_f1","421","1780899695026","0.8486602039301647"
"EOPKGTopologyConditioned","","drift_window_macro_f1","423","1780899695697","0.8514165738517058"
"EOPKGTopologyConditioned","","drift_window_macro_f1","424","1780899696044","0.8504638680916323"
"EOPKGTopologyConditioned","","drift_window_macro_f1","426","1780899696738","0.8491540304961605"
"EOPKGTopologyConditioned","","drift_window_macro_f1","428","1780899697426","0.8499945510509628"
"EOPKGTopologyConditioned","","drift_window_macro_f1","429","1780899697779","0.8575334777479253"
"EOPKGTopologyConditioned","","drift_window_macro_f1","431","1780899698385","0.8589658306907579"
"EOPKGTopologyConditioned","","drift_window_macro_f1","433","1780899699052","0.8538725085196129"
"EOPKGTopologyConditioned","","drift_window_macro_f1","435","1780899699661","0.8178003170933978"
"EOPKGTopologyConditioned","","drift_window_macro_f1","436","1780899699960","0.8185123252942191"
"EOPKGTopologyConditioned","","drift_window_macro_f1","438","1780899700566","0.80513417111167"
"EOPKGTopologyConditioned","","drift_window_macro_f1","440","1780899701133","0.7955304753391791"
"EOPKGTopologyConditioned","","drift_window_macro_f1","441","1780899701415","0.7950157333823855"
"EOPKGTopologyConditioned","","drift_window_macro_f1","443","1780899701997","0.7924880000396516"
"EOPKGTopologyConditioned","","drift_window_macro_f1","445","1780899702626","0.7789796297677941"
"EOPKGTopologyConditioned","","drift_window_macro_f1","447","1780899703220","0.7774223804945709"
"EOPKGTopologyConditioned","","drift_window_macro_f1","448","1780899703566","0.7781828468002664"
"EOPKGTopologyConditioned","","drift_window_macro_f1","450","1780899704225","0.7765481651434151"
"EOPKGTopologyConditioned","","drift_window_macro_f1","452","1780899704767","0.7832065650483158"
"EOPKGTopologyConditioned","","drift_window_macro_f1","453","1780899705017","0.7828339892835697"
"EOPKGTopologyConditioned","","drift_window_macro_f1","455","1780899705526","0.7909687295576985"
"EOPKGTopologyConditioned","","drift_window_macro_f1","457","1780899706017","0.7790704755320499"
"EOPKGTopologyConditioned","","drift_window_macro_f1","458","1780899706291","0.7749098895574461"
"EOPKGTopologyConditioned","","drift_window_macro_f1","460","1780899706771","0.7819079036622847"
"EOPKGTopologyConditioned","","drift_window_macro_f1","462","1780899707324","0.7807352225545254"
"EOPKGTopologyConditioned","","drift_window_macro_f1","464","1780899707865","0.7929149971939518"
"EOPKGTopologyConditioned","","drift_window_macro_f1","465","1780899708133","0.7941041529666759"
"EOPKGTopologyConditioned","","drift_window_macro_f1","467","1780899708628","0.7980638266551681"
"EOPKGTopologyConditioned","","drift_window_macro_f1","469","1780899709130","0.7972583559865162"
"EOPKGTopologyConditioned","","drift_window_macro_f1","470","1780899709401","0.7993149455554653"
"EOPKGTopologyConditioned","","drift_window_macro_f1","472","1780899709968","0.7894542766895526"
"EOPKGTopologyConditioned","","drift_window_macro_f1","474","1780899710468","0.7901799990469219"
"EOPKGTopologyConditioned","","drift_window_macro_f1","476","1780899711020","0.783276647537088"
"EOPKGTopologyConditioned","","drift_window_macro_f1","477","1780899711300","0.7827294596531171"
"EOPKGTopologyConditioned","","drift_window_macro_f1","479","1780899711859","0.7849695416956397"
"EOPKGTopologyConditioned","","drift_window_macro_f1","481","1780899712425","0.7844881726669565"
"EOPKGTopologyConditioned","","drift_window_macro_f1","482","1780899712714","0.7845960798823037"
"EOPKGTopologyConditioned","","drift_window_macro_f1","484","1780899713286","0.7839190070329881"
"EOPKGTopologyConditioned","","drift_window_macro_f1","486","1780899713905","0.7830691831916976"
"EOPKGTopologyConditioned","","drift_window_macro_f1","487","1780899714262","0.7839268212956113"
"EOPKGTopologyConditioned","","drift_window_macro_f1","489","1780899714941","0.7799848234082898"
"EOPKGTopologyConditioned","","drift_window_macro_f1","491","1780899715560","0.7758461224154"
"EOPKGTopologyConditioned","","drift_window_macro_f1","493","1780899716134","0.7857818385329652"
"EOPKGTopologyConditioned","","drift_window_macro_f1","494","1780899716419","0.7867766984437574"
"EOPKGTopologyConditioned","","drift_window_macro_f1","496","1780899717162","0.7885718063006678"
"EOPKGTopologyConditioned","","drift_window_macro_f1","498","1780899717784","0.7849881117072719"
"EOPKGTopologyConditioned","","drift_window_macro_f1","499","1780899718065","0.7876977594802232"
"EOPKGTopologyConditioned","","drift_window_macro_f1","501","1780899718656","0.7789710877226182"
"EOPKGTopologyConditioned","","drift_window_macro_f1","503","1780899719161","0.7799614715790267"
"EOPKGTopologyConditioned","","drift_window_macro_f1","505","1780899719655","0.7799518356800809"
"EOPKGTopologyConditioned","","drift_window_macro_f1","506","1780899719889","0.7803228537084868"
"EOPKGTopologyConditioned","","drift_window_macro_f1","508","1780899720402","0.7883802934130207"
"EOPKGTopologyConditioned","","drift_window_macro_f1","510","1780899721128","0.7900922475758408"
"EOPKGTopologyConditioned","","drift_window_macro_f1","511","1780899721376","0.7857658610492226"
"EOPKGTopologyConditioned","","drift_window_macro_f1","513","1780899721883","0.7851103928103613"
"EOPKGTopologyConditioned","","drift_window_macro_f1","515","1780899722576","0.7842676783067117"
"EOPKGTopologyConditioned","","drift_window_macro_f1","516","1780899722919","0.7850220651709631"
"EOPKGTopologyConditioned","","drift_window_macro_f1","518","1780899723540","0.78254514648581"
"EOPKGTopologyConditioned","","drift_window_macro_f1","520","1780899724090","0.7939385790573915"
"EOPKGTopologyConditioned","","drift_window_macro_f1","522","1780899724663","0.8027779625344287"
"EOPKGTopologyConditioned","","drift_window_macro_f1","523","1780899724971","0.79867360664381"
"EOPKGTopologyConditioned","","drift_window_macro_f1","525","1780899725594","0.7837309583902556"
"EOPKGTopologyConditioned","","drift_window_macro_f1","527","1780899726232","0.7802919884097133"
"EOPKGTopologyConditioned","","drift_window_macro_f1","528","1780899726529","0.7903550884911901"
"EOPKGTopologyConditioned","","drift_window_macro_f1","530","1780899727116","0.7936414959709337"
"EOPKGTopologyConditioned","","drift_window_macro_f1","532","1780899727731","0.7938026998548908"
"EOPKGTopologyConditioned","","drift_window_macro_f1","534","1780899728319","0.778355622462176"
"EOPKGTopologyConditioned","","drift_window_macro_f1","535","1780899728583","0.7771221410417694"
"EOPKGTopologyConditioned","","drift_window_macro_f1","537","1780899729081","0.7762610332207993"
"EOPKGTopologyConditioned","","drift_window_macro_f1","539","1780899729572","0.7763974750904652"
"EOPKGTopologyConditioned","","drift_window_macro_f1","540","1780899729827","0.7774040617550406"
"EOPKGTopologyConditioned","","drift_window_macro_f1","542","1780899730378","0.773991713929981"
"EOPKGTopologyConditioned","","drift_window_macro_f1","544","1780899730976","0.7697936739348414"
"EOPKGTopologyConditioned","","drift_window_macro_f1","545","1780899731292","0.7704273498521164"
"BaselineGATv2","","drift_window_macro_f1","0","1780952268351","0.8789687020656061"
"BaselineGATv2","","drift_window_macro_f1","1","1780952268835","0.8760503021556534"
"BaselineGATv2","","drift_window_macro_f1","3","1780952269717","0.875961719654013"
"BaselineGATv2","","drift_window_macro_f1","5","1780952270722","0.8761157119323977"
"BaselineGATv2","","drift_window_macro_f1","6","1780952271189","0.8751781323632908"
"BaselineGATv2","","drift_window_macro_f1","8","1780952272187","0.8765067118956452"
"BaselineGATv2","","drift_window_macro_f1","10","1780952273154","0.8762439747926287"
"BaselineGATv2","","drift_window_macro_f1","11","1780952273708","0.8768503005361126"
"BaselineGATv2","","drift_window_macro_f1","13","1780952274823","0.8778258664202138"
"BaselineGATv2","","drift_window_macro_f1","15","1780952276013","0.8787911136876027"
"BaselineGATv2","","drift_window_macro_f1","17","1780952277155","0.9042161188466027"
"BaselineGATv2","","drift_window_macro_f1","18","1780952277710","0.9040596434741575"
"BaselineGATv2","","drift_window_macro_f1","20","1780952278823","0.9038113096499811"
"BaselineGATv2","","drift_window_macro_f1","22","1780952279901","0.8802890184963893"
"BaselineGATv2","","drift_window_macro_f1","23","1780952280400","0.8810724106342478"
"BaselineGATv2","","drift_window_macro_f1","25","1780952281409","0.8745982378566431"
"BaselineGATv2","","drift_window_macro_f1","27","1780952282584","0.8733113714083416"
"BaselineGATv2","","drift_window_macro_f1","29","1780952283621","0.8720171689294227"
"BaselineGATv2","","drift_window_macro_f1","30","1780952284154","0.8721035156676585"
"BaselineGATv2","","drift_window_macro_f1","32","1780952285232","0.8688735401009486"
"BaselineGATv2","","drift_window_macro_f1","34","1780952286153","0.8648475786882974"
"BaselineGATv2","","drift_window_macro_f1","35","1780952286605","0.865118271863183"
"BaselineGATv2","","drift_window_macro_f1","37","1780952287858","0.8637744378834424"
"BaselineGATv2","","drift_window_macro_f1","39","1780952288990","0.8633766963489465"
"BaselineGATv2","","drift_window_macro_f1","40","1780952289519","0.8614734859216655"
"BaselineGATv2","","drift_window_macro_f1","42","1780952290363","0.88986381641765"
"BaselineGATv2","","drift_window_macro_f1","44","1780952291447","0.8666234287287871"
"BaselineGATv2","","drift_window_macro_f1","46","1780952292544","0.8693443426162624"
"BaselineGATv2","","drift_window_macro_f1","47","1780952293131","0.8695651773493693"
"BaselineGATv2","","drift_window_macro_f1","49","1780952294023","0.870286940065365"
"BaselineGATv2","","drift_window_macro_f1","51","1780952294959","0.8659090862242997"
"BaselineGATv2","","drift_window_macro_f1","52","1780952295422","0.8660680331676378"
"BaselineGATv2","","drift_window_macro_f1","54","1780952296433","0.8683111459921362"
"BaselineGATv2","","drift_window_macro_f1","56","1780952297412","0.8687519000509708"
"BaselineGATv2","","drift_window_macro_f1","58","1780952298327","0.8671294394320892"
"BaselineGATv2","","drift_window_macro_f1","59","1780952298794","0.8661395582917473"
"BaselineGATv2","","drift_window_macro_f1","61","1780952299684","0.8931658519641322"
"BaselineGATv2","","drift_window_macro_f1","63","1780952300648","0.8911897057866784"
"BaselineGATv2","","drift_window_macro_f1","64","1780952301150","0.8865924370015673"
"BaselineGATv2","","drift_window_macro_f1","66","1780952301991","0.8841439977852052"
"BaselineGATv2","","drift_window_macro_f1","68","1780952302813","0.8862424088032128"
"BaselineGATv2","","drift_window_macro_f1","69","1780952303214","0.8880309079213473"
"BaselineGATv2","","drift_window_macro_f1","71","1780952304000","0.8842383329052448"
"BaselineGATv2","","drift_window_macro_f1","73","1780952304905","0.8867322122652898"
"BaselineGATv2","","drift_window_macro_f1","75","1780952305898","0.8929703595749474"
"BaselineGATv2","","drift_window_macro_f1","76","1780952306385","0.8915641577415455"
"BaselineGATv2","","drift_window_macro_f1","78","1780952307255","0.8854424480469986"
"BaselineGATv2","","drift_window_macro_f1","80","1780952308079","0.8790764553385918"
"BaselineGATv2","","drift_window_macro_f1","81","1780952308565","0.880634216646847"
"BaselineGATv2","","drift_window_macro_f1","83","1780952309557","0.8822353730398322"
"BaselineGATv2","","drift_window_macro_f1","85","1780952310632","0.8747445786898824"
"BaselineGATv2","","drift_window_macro_f1","87","1780952311507","0.8738281732588398"
"BaselineGATv2","","drift_window_macro_f1","88","1780952311945","0.8751848874954364"
"BaselineGATv2","","drift_window_macro_f1","90","1780952312883","0.8714012281157231"
"BaselineGATv2","","drift_window_macro_f1","92","1780952313884","0.8694303947416492"
"BaselineGATv2","","drift_window_macro_f1","93","1780952314343","0.8727508545959697"
"BaselineGATv2","","drift_window_macro_f1","95","1780952315234","0.877576993545631"
"BaselineGATv2","","drift_window_macro_f1","97","1780952316162","0.8774351757271823"
"BaselineGATv2","","drift_window_macro_f1","98","1780952316678","0.8795666164497608"
"BaselineGATv2","","drift_window_macro_f1","100","1780952317634","0.8813357308817364"
"BaselineGATv2","","drift_window_macro_f1","102","1780952318554","0.8819563744154058"
"BaselineGATv2","","drift_window_macro_f1","104","1780952319581","0.8808770208271322"
"BaselineGATv2","","drift_window_macro_f1","105","1780952320076","0.8805028939433448"
"BaselineGATv2","","drift_window_macro_f1","107","1780952321130","0.9206260791679535"
"BaselineGATv2","","drift_window_macro_f1","109","1780952321973","0.9286700159698287"
"BaselineGATv2","","drift_window_macro_f1","110","1780952322367","0.9347946185099113"
"BaselineGATv2","","drift_window_macro_f1","112","1780952323131","0.9440273982599134"
"BaselineGATv2","","drift_window_macro_f1","114","1780952323903","0.9433911897298979"
"BaselineGATv2","","drift_window_macro_f1","116","1780952326232","0.9996851076123068"
"BaselineGATv2","","drift_window_macro_f1","117","1780952327422","0.9996851076123068"
"BaselineGATv2","","drift_window_macro_f1","119","1780952328595","0.9998288013695891"
"BaselineGATv2","","drift_window_macro_f1","121","1780952329389","0.9990924993373973"
"BaselineGATv2","","drift_window_macro_f1","122","1780952329784","0.9984090831010747"
"BaselineGATv2","","drift_window_macro_f1","124","1780952330627","0.9984501801683182"
"BaselineGATv2","","drift_window_macro_f1","126","1780952331545","0.9979932192209591"
"BaselineGATv2","","drift_window_macro_f1","127","1780952331990","0.9978786610951762"
"BaselineGATv2","","drift_window_macro_f1","129","1780952333016","0.9980720616961687"
"BaselineGATv2","","drift_window_macro_f1","131","1780952333839","0.9986683858759507"
"BaselineGATv2","","drift_window_macro_f1","133","1780952334620","0.9996753246753247"
"BaselineGATv2","","drift_window_macro_f1","134","1780952335016","0.9996629560915276"
"BaselineGATv2","","drift_window_macro_f1","136","1780952335930","1"
"BaselineGATv2","","drift_window_macro_f1","138","1780952337220","1"
"BaselineGATv2","","drift_window_macro_f1","139","1780952338035","1"
"BaselineGATv2","","drift_window_macro_f1","141","1780952339169","1"
"BaselineGATv2","","drift_window_macro_f1","143","1780952340086","1"
"BaselineGATv2","","drift_window_macro_f1","145","1780952340939","1"
"BaselineGATv2","","drift_window_macro_f1","146","1780952341331","1"
"BaselineGATv2","","drift_window_macro_f1","148","1780952342175","0.9998294015727043"
"BaselineGATv2","","drift_window_macro_f1","150","1780952343124","0.999793809273578"
"BaselineGATv2","","drift_window_macro_f1","151","1780952343570","0.9998044505937969"
"BaselineGATv2","","drift_window_macro_f1","153","1780952344451","0.9998287037938216"
"BaselineGATv2","","drift_window_macro_f1","155","1780952345276","0.9998121429700376"
"BaselineGATv2","","drift_window_macro_f1","156","1780952345718","0.9998275966244385"
"BaselineGATv2","","drift_window_macro_f1","158","1780952346652","1"
"BaselineGATv2","","drift_window_macro_f1","160","1780952347564","1"
"BaselineGATv2","","drift_window_macro_f1","162","1780952348505","1"
"BaselineGATv2","","drift_window_macro_f1","163","1780952348951","1"
"BaselineGATv2","","drift_window_macro_f1","165","1780952349857","1"
"BaselineGATv2","","drift_window_macro_f1","167","1780952350712","1"
"BaselineGATv2","","drift_window_macro_f1","168","1780952351157","0.9995888754407481"
"BaselineGATv2","","drift_window_macro_f1","170","1780952352127","0.9995729250744094"
"BaselineGATv2","","drift_window_macro_f1","172","1780952352949","0.9995729250744094"
"BaselineGATv2","","drift_window_macro_f1","174","1780952353780","0.9996125717022913"
"BaselineGATv2","","drift_window_macro_f1","175","1780952354206","0.9996220593394227"
"BaselineGATv2","","drift_window_macro_f1","177","1780952355030","0.9995793294441636"
"BaselineGATv2","","drift_window_macro_f1","179","1780952355811","0.9999264677158803"
"BaselineGATv2","","drift_window_macro_f1","180","1780952356196","0.999856506636568"
"BaselineGATv2","","drift_window_macro_f1","182","1780952357075","0.9998606064469518"
"BaselineGATv2","","drift_window_macro_f1","184","1780952357975","0.9998715728715728"
"BaselineGATv2","","drift_window_macro_f1","185","1780952358449","0.9998743961352657"
"BaselineGATv2","","drift_window_macro_f1","187","1780952359344","0.9998757617190798"
"BaselineGATv2","","drift_window_macro_f1","189","1780952360244","0.9999372037556984"
"BaselineGATv2","","drift_window_macro_f1","191","1780952361159","1"
"BaselineGATv2","","drift_window_macro_f1","192","1780952361607","1"
"BaselineGATv2","","drift_window_macro_f1","194","1780952362537","1"
"BaselineGATv2","","drift_window_macro_f1","196","1780952363402","1"
"BaselineGATv2","","drift_window_macro_f1","197","1780952363833","1"
"BaselineGATv2","","drift_window_macro_f1","199","1780952364711","1"
"BaselineGATv2","","drift_window_macro_f1","201","1780952365579","1"
"BaselineGATv2","","drift_window_macro_f1","203","1780952366419","1"
"BaselineGATv2","","drift_window_macro_f1","204","1780952366923","1"
"BaselineGATv2","","drift_window_macro_f1","206","1780952367890","1"
"BaselineGATv2","","drift_window_macro_f1","208","1780952368699","0.8491400042146553"
"BaselineGATv2","","drift_window_macro_f1","209","1780952369122","0.8071382316420156"
"BaselineGATv2","","drift_window_macro_f1","211","1780952370009","0.7623658732407879"
"BaselineGATv2","","drift_window_macro_f1","213","1780952370922","0.7238097845304053"
"BaselineGATv2","","drift_window_macro_f1","214","1780952371392","0.6983866277278523"
"BaselineGATv2","","drift_window_macro_f1","216","1780952372357","0.6436099641903841"
"BaselineGATv2","","drift_window_macro_f1","218","1780952373252","0.5944245101935671"
"BaselineGATv2","","drift_window_macro_f1","220","1780952374139","0.593353579793124"
"BaselineGATv2","","drift_window_macro_f1","221","1780952374609","0.5935464589590755"
"BaselineGATv2","","drift_window_macro_f1","223","1780952376244","0.5895995743253475"
"BaselineGATv2","","drift_window_macro_f1","225","1780952379530","0.5893681479771962"
"BaselineGATv2","","drift_window_macro_f1","226","1780952380949","0.5890503197753394"
"BaselineGATv2","","drift_window_macro_f1","228","1780952382121","0.602265917029033"
"BaselineGATv2","","drift_window_macro_f1","230","1780952383242","0.593008513024861"
"BaselineGATv2","","drift_window_macro_f1","232","1780952384217","0.5949311023403311"
"BaselineGATv2","","drift_window_macro_f1","233","1780952384651","0.5987122185092255"
"BaselineGATv2","","drift_window_macro_f1","235","1780952385844","0.5942541663323254"
"BaselineGATv2","","drift_window_macro_f1","237","1780952387418","0.5912148587202006"
"BaselineGATv2","","drift_window_macro_f1","238","1780952387997","0.5926719013451993"
"BaselineGATv2","","drift_window_macro_f1","240","1780952389216","0.5974471273779678"
"BaselineGATv2","","drift_window_macro_f1","242","1780952390311","0.5953544300168543"
"BaselineGATv2","","drift_window_macro_f1","243","1780952390814","0.592733852020553"
"BaselineGATv2","","drift_window_macro_f1","245","1780952392569","0.5944503602534403"
"BaselineGATv2","","drift_window_macro_f1","247","1780952393598","0.591806221259976"
"BaselineGATv2","","drift_window_macro_f1","249","1780952394664","0.5849199131257043"
"BaselineGATv2","","drift_window_macro_f1","250","1780952395167","0.5951038769731276"
"BaselineGATv2","","drift_window_macro_f1","252","1780952396144","0.5967670523515446"
"BaselineGATv2","","drift_window_macro_f1","254","1780952397177","0.5935128033844028"
"BaselineGATv2","","drift_window_macro_f1","255","1780952397678","0.5930121435364468"
"BaselineGATv2","","drift_window_macro_f1","257","1780952399389","0.5957897806277158"
"BaselineGATv2","","drift_window_macro_f1","259","1780952401013","0.588278440811464"
"BaselineGATv2","","drift_window_macro_f1","261","1780952402218","0.584200424399361"
"BaselineGATv2","","drift_window_macro_f1","262","1780952402725","0.5832581041011133"
"BaselineGATv2","","drift_window_macro_f1","264","1780952403858","0.5847049869336767"
"BaselineGATv2","","drift_window_macro_f1","266","1780952405517","0.5875531849060254"
"BaselineGATv2","","drift_window_macro_f1","267","1780952406073","0.5852791937784625"
"BaselineGATv2","","drift_window_macro_f1","269","1780952406984","0.5872022150149168"
"BaselineGATv2","","drift_window_macro_f1","271","1780952408098","0.5892445048527717"
"BaselineGATv2","","drift_window_macro_f1","273","1780952409112","0.5908610723613419"
"BaselineGATv2","","drift_window_macro_f1","274","1780952409544","0.5893573550812072"
"BaselineGATv2","","drift_window_macro_f1","276","1780952410468","0.59127508485981"
"BaselineGATv2","","drift_window_macro_f1","278","1780952411493","0.5899724482897956"
"BaselineGATv2","","drift_window_macro_f1","279","1780952411967","0.590504210252644"
"BaselineGATv2","","drift_window_macro_f1","281","1780952413606","0.5888901515252212"
"BaselineGATv2","","drift_window_macro_f1","283","1780952414701","0.5857406750607483"
"BaselineGATv2","","drift_window_macro_f1","284","1780952415229","0.5869257923581624"
"BaselineGATv2","","drift_window_macro_f1","286","1780952416655","0.5866355447544764"
"BaselineGATv2","","drift_window_macro_f1","288","1780952417701","0.5841009429303192"
"BaselineGATv2","","drift_window_macro_f1","290","1780952418481","0.5869892795471119"
"BaselineGATv2","","drift_window_macro_f1","291","1780952418859","0.5859504387253229"
"BaselineGATv2","","drift_window_macro_f1","293","1780952419845","0.5888469104351748"
"BaselineGATv2","","drift_window_macro_f1","295","1780952420788","0.5933865047100261"
"BaselineGATv2","","drift_window_macro_f1","296","1780952421239","0.5877215524138144"
"BaselineGATv2","","drift_window_macro_f1","298","1780952422130","0.5902051100625831"
"BaselineGATv2","","drift_window_macro_f1","300","1780952422942","0.5914840856802488"
"BaselineGATv2","","drift_window_macro_f1","302","1780952423893","0.5942236756463075"
"BaselineGATv2","","drift_window_macro_f1","303","1780952424361","0.5821520540031019"
"BaselineGATv2","","drift_window_macro_f1","305","1780952425230","0.5925268515288563"
"BaselineGATv2","","drift_window_macro_f1","307","1780952426043","0.5947931687688395"
"BaselineGATv2","","drift_window_macro_f1","308","1780952426508","0.5945389226573778"
"BaselineGATv2","","drift_window_macro_f1","310","1780952427484","0.5955879824336016"
"BaselineGATv2","","drift_window_macro_f1","312","1780952428388","0.5917861338149876"
"BaselineGATv2","","drift_window_macro_f1","313","1780952428820","0.5923473550402967"
"BaselineGATv2","","drift_window_macro_f1","315","1780952429602","0.5918251392073952"
"BaselineGATv2","","drift_window_macro_f1","317","1780952430421","0.5862524138406069"
"BaselineGATv2","","drift_window_macro_f1","319","1780952431410","0.588177784355717"
"BaselineGATv2","","drift_window_macro_f1","320","1780952431903","0.5858452209420872"
"BaselineGATv2","","drift_window_macro_f1","322","1780952432949","0.5847167235456951"
"BaselineGATv2","","drift_window_macro_f1","324","1780952433939","0.5839828149983803"
"BaselineGATv2","","drift_window_macro_f1","325","1780952434443","0.5841775976748617"
"BaselineGATv2","","drift_window_macro_f1","327","1780952435437","0.5862464077201299"
"BaselineGATv2","","drift_window_macro_f1","329","1780952436255","0.5386864108972877"
"BaselineGATv2","","drift_window_macro_f1","331","1780952437093","0.44586160543090186"
"BaselineGATv2","","drift_window_macro_f1","332","1780952437486","0.43809598519335047"
"BaselineGATv2","","drift_window_macro_f1","334","1780952438230","0.4108815895173802"
"BaselineGATv2","","drift_window_macro_f1","336","1780952439156","0.39153040827901575"
"BaselineGATv2","","drift_window_macro_f1","337","1780952439530","0.37916069853756473"
"BaselineGATv2","","drift_window_macro_f1","339","1780952440232","0.350914237102437"
"BaselineGATv2","","drift_window_macro_f1","341","1780952440899","0.34141973003752235"
"BaselineGATv2","","drift_window_macro_f1","342","1780952441242","0.3410505224963949"
"BaselineGATv2","","drift_window_macro_f1","344","1780952442190","0.3463419477212141"
"BaselineGATv2","","drift_window_macro_f1","346","1780952442985","0.34382993407919266"
"BaselineGATv2","","drift_window_macro_f1","348","1780952443781","0.3374378105867401"
"BaselineGATv2","","drift_window_macro_f1","349","1780952444165","0.33703996424719973"
"BaselineGATv2","","drift_window_macro_f1","351","1780952444919","0.33266729239860926"
"BaselineGATv2","","drift_window_macro_f1","353","1780952445624","0.33108291145705315"
"BaselineGATv2","","drift_window_macro_f1","354","1780952446109","0.33587105905506415"
"BaselineGATv2","","drift_window_macro_f1","356","1780952446958","0.33543032802954276"
"BaselineGATv2","","drift_window_macro_f1","358","1780952447688","0.3336437123072171"
"BaselineGATv2","","drift_window_macro_f1","360","1780952448578","0.3381331877867043"
"BaselineGATv2","","drift_window_macro_f1","361","1780952449000","0.3400439613946083"
"BaselineGATv2","","drift_window_macro_f1","363","1780952449754","0.3363932588499103"
"BaselineGATv2","","drift_window_macro_f1","365","1780952450475","0.3366364419865476"
"BaselineGATv2","","drift_window_macro_f1","366","1780952450823","0.3400599558204282"
"BaselineGATv2","","drift_window_macro_f1","368","1780952451745","0.34679495484481415"
"BaselineGATv2","","drift_window_macro_f1","370","1780952452511","0.34672986454085736"
"BaselineGATv2","","drift_window_macro_f1","371","1780952452885","0.3455212750483"
"BaselineGATv2","","drift_window_macro_f1","373","1780952453757","0.3591309896641921"
"BaselineGATv2","","drift_window_macro_f1","375","1780952454565","0.35666207495271685"
"BaselineGATv2","","drift_window_macro_f1","377","1780952455360","0.3486758668648367"
"BaselineGATv2","","drift_window_macro_f1","378","1780952455857","0.34811435340355174"
"BaselineGATv2","","drift_window_macro_f1","380","1780952457347","0.3451959009660243"
"BaselineGATv2","","drift_window_macro_f1","382","1780952458986","0.34592700521092984"
"BaselineGATv2","","drift_window_macro_f1","383","1780952459573","0.3419962879206086"
"BaselineGATv2","","drift_window_macro_f1","385","1780952460763","0.34248314975789107"
"BaselineGATv2","","drift_window_macro_f1","387","1780952462101","0.3490717163018073"
"BaselineGATv2","","drift_window_macro_f1","389","1780952462943","0.3512306764108645"
"BaselineGATv2","","drift_window_macro_f1","390","1780952463323","0.33976491340659687"
"BaselineGATv2","","drift_window_macro_f1","392","1780952464138","0.3428819954535075"
"BaselineGATv2","","drift_window_macro_f1","394","1780952464924","0.3391519026370661"
"BaselineGATv2","","drift_window_macro_f1","395","1780952465493","0.3368651635812625"
"BaselineGATv2","","drift_window_macro_f1","397","1780952466357","0.33656754309641523"
"BaselineGATv2","","drift_window_macro_f1","399","1780952467167","0.340975338624101"
"BaselineGATv2","","drift_window_macro_f1","400","1780952467574","0.34374498925517144"
"BaselineGATv2","","drift_window_macro_f1","402","1780952468513","0.3457920826857913"
"BaselineGATv2","","drift_window_macro_f1","404","1780952469574","0.34461831337485327"
"BaselineGATv2","","drift_window_macro_f1","406","1780952470664","0.34232883853661544"
"BaselineGATv2","","drift_window_macro_f1","407","1780952471048","0.3353285861624212"
"BaselineGATv2","","drift_window_macro_f1","409","1780952471775","0.3358207076915039"
"BaselineGATv2","","drift_window_macro_f1","411","1780952472929","0.3333055616986805"
"BaselineGATv2","","drift_window_macro_f1","412","1780952473432","0.3362931265500662"
"BaselineGATv2","","drift_window_macro_f1","414","1780952475355","0.3419475711685659"
"BaselineGATv2","","drift_window_macro_f1","416","1780952476480","0.3371436947576606"
"BaselineGATv2","","drift_window_macro_f1","418","1780952477911","0.34170905129967977"
"BaselineGATv2","","drift_window_macro_f1","419","1780952478628","0.34521867812091606"
"BaselineGATv2","","drift_window_macro_f1","421","1780952480087","0.33942195931083186"
"BaselineGATv2","","drift_window_macro_f1","423","1780952481689","0.3387434741617339"
"BaselineGATv2","","drift_window_macro_f1","424","1780952482483","0.3385677136448396"
"BaselineGATv2","","drift_window_macro_f1","426","1780952484379","0.33659741944462207"
"BaselineGATv2","","drift_window_macro_f1","428","1780952486390","0.33193484401380113"
"BaselineGATv2","","drift_window_macro_f1","429","1780952487305","0.3366636424825197"
"BaselineGATv2","","drift_window_macro_f1","431","1780952489456","0.3344653452062653"
"BaselineGATv2","","drift_window_macro_f1","433","1780952491667","0.3408311269322102"
"BaselineGATv2","","drift_window_macro_f1","435","1780952493534","0.29361229319466015"
"BaselineGATv2","","drift_window_macro_f1","436","1780952494663","0.285587900069578"
"BaselineGATv2","","drift_window_macro_f1","438","1780952497032","0.28590791373091495"
"BaselineGATv2","","drift_window_macro_f1","440","1780952499904","0.2779027680417968"
"BaselineGATv2","","drift_window_macro_f1","441","1780952500749","0.2728552938852289"
"BaselineGATv2","","drift_window_macro_f1","443","1780952501974","0.26400622736654666"
"BaselineGATv2","","drift_window_macro_f1","445","1780952503495","0.27431958314104554"
"BaselineGATv2","","drift_window_macro_f1","447","1780952505418","0.2766246631353309"
"BaselineGATv2","","drift_window_macro_f1","448","1780952506358","0.27703815765230333"
"BaselineGATv2","","drift_window_macro_f1","450","1780952507996","0.2778466981542239"
"BaselineGATv2","","drift_window_macro_f1","452","1780952509611","0.2745692932049211"
"BaselineGATv2","","drift_window_macro_f1","453","1780952510475","0.2749185120413886"
"BaselineGATv2","","drift_window_macro_f1","455","1780952511941","0.2594501974169946"
"BaselineGATv2","","drift_window_macro_f1","457","1780952513052","0.2607998202038774"
"BaselineGATv2","","drift_window_macro_f1","458","1780952513680","0.2604302885498099"
"BaselineGATv2","","drift_window_macro_f1","460","1780952515098","0.26062680296220264"
"BaselineGATv2","","drift_window_macro_f1","462","1780952516344","0.25999596244468137"
"BaselineGATv2","","drift_window_macro_f1","464","1780952517868","0.26932701974227446"
"BaselineGATv2","","drift_window_macro_f1","465","1780952518543","0.2710085576185084"
"BaselineGATv2","","drift_window_macro_f1","467","1780952519813","0.2642133912542925"
"BaselineGATv2","","drift_window_macro_f1","469","1780952520710","0.2653803022391287"
"BaselineGATv2","","drift_window_macro_f1","470","1780952521163","0.26466274647169297"
"BaselineGATv2","","drift_window_macro_f1","472","1780952522110","0.2606565039503022"
"BaselineGATv2","","drift_window_macro_f1","474","1780952523233","0.25074518468752244"
"BaselineGATv2","","drift_window_macro_f1","476","1780952524133","0.2573647368041489"
"BaselineGATv2","","drift_window_macro_f1","477","1780952524577","0.25670380872718057"
"BaselineGATv2","","drift_window_macro_f1","479","1780952525910","0.2511749295033752"
"BaselineGATv2","","drift_window_macro_f1","481","1780952527288","0.250692590076974"
"BaselineGATv2","","drift_window_macro_f1","482","1780952527777","0.2528086197109046"
"BaselineGATv2","","drift_window_macro_f1","484","1780952528730","0.25548560822167954"
"BaselineGATv2","","drift_window_macro_f1","486","1780952529702","0.25817480445703245"
"BaselineGATv2","","drift_window_macro_f1","487","1780952530163","0.25954305245372816"
"BaselineGATv2","","drift_window_macro_f1","489","1780952531269","0.2666773396188482"
"BaselineGATv2","","drift_window_macro_f1","491","1780952532221","0.266485747267868"
"BaselineGATv2","","drift_window_macro_f1","493","1780952533607","0.26864668033734157"
"BaselineGATv2","","drift_window_macro_f1","494","1780952534293","0.26770352978947576"
"BaselineGATv2","","drift_window_macro_f1","496","1780952535468","0.27604755009564585"
"BaselineGATv2","","drift_window_macro_f1","498","1780952536563","0.27785461105076925"
"BaselineGATv2","","drift_window_macro_f1","499","1780952537062","0.2799784610783638"
"BaselineGATv2","","drift_window_macro_f1","501","1780952538252","0.2803333030892125"
"BaselineGATv2","","drift_window_macro_f1","503","1780952539516","0.2773230949328046"
"BaselineGATv2","","drift_window_macro_f1","505","1780952540525","0.2724267314461442"
"BaselineGATv2","","drift_window_macro_f1","506","1780952540989","0.270861513512782"
"BaselineGATv2","","drift_window_macro_f1","508","1780952542245","0.2512424519611758"
"BaselineGATv2","","drift_window_macro_f1","510","1780952543670","0.24579114795326507"
"BaselineGATv2","","drift_window_macro_f1","511","1780952544227","0.2439655165350238"
"BaselineGATv2","","drift_window_macro_f1","513","1780952545402","0.24773739774357367"
"BaselineGATv2","","drift_window_macro_f1","515","1780952546784","0.2544585149251851"
"BaselineGATv2","","drift_window_macro_f1","516","1780952547391","0.2547916424852999"
"BaselineGATv2","","drift_window_macro_f1","518","1780952549000","0.2657628290123649"
"BaselineGATv2","","drift_window_macro_f1","520","1780952550306","0.2713051392447375"
"BaselineGATv2","","drift_window_macro_f1","522","1780952551465","0.2714934038903174"
"BaselineGATv2","","drift_window_macro_f1","523","1780952551971","0.2679769383120431"
"BaselineGATv2","","drift_window_macro_f1","525","1780952553171","0.2678066733240074"
"BaselineGATv2","","drift_window_macro_f1","527","1780952554196","0.26422839146514143"
"BaselineGATv2","","drift_window_macro_f1","528","1780952554736","0.26421135790677697"
"BaselineGATv2","","drift_window_macro_f1","530","1780952555802","0.2631951259030224"
"BaselineGATv2","","drift_window_macro_f1","532","1780952556912","0.24640073738684026"
"BaselineGATv2","","drift_window_macro_f1","534","1780952557806","0.24822775436874442"
"BaselineGATv2","","drift_window_macro_f1","535","1780952558226","0.24615371913720474"
"BaselineGATv2","","drift_window_macro_f1","537","1780952559019","0.24746214902757244"
"BaselineGATv2","","drift_window_macro_f1","539","1780952559934","0.255422230646678"
"BaselineGATv2","","drift_window_macro_f1","540","1780952560438","0.25619970409723763"
"BaselineGATv2","","drift_window_macro_f1","542","1780952561274","0.2759948279881034"
"BaselineGATv2","","drift_window_macro_f1","544","1780952562243","0.26498038336363194"
"BaselineGATv2","","drift_window_macro_f1","545","1780952562810","0.2666566340089614"
"LSTMBaseline","","drift_window_macro_f1","0","1781006590131","0.9643584824643605"
"LSTMBaseline","","drift_window_macro_f1","1","1781006590438","0.9643528708976425"
"LSTMBaseline","","drift_window_macro_f1","3","1781006591063","0.9643550141084521"
"LSTMBaseline","","drift_window_macro_f1","5","1781006591665","0.9643640845076163"
"LSTMBaseline","","drift_window_macro_f1","6","1781006591981","0.9643740646419454"
"LSTMBaseline","","drift_window_macro_f1","8","1781006592605","0.9643813355629153"
"LSTMBaseline","","drift_window_macro_f1","10","1781006593240","1"
"LSTMBaseline","","drift_window_macro_f1","11","1781006593545","1"
"LSTMBaseline","","drift_window_macro_f1","13","1781006594157","1"
"LSTMBaseline","","drift_window_macro_f1","15","1781006594782","1"
"LSTMBaseline","","drift_window_macro_f1","17","1781006595454","1"
"LSTMBaseline","","drift_window_macro_f1","18","1781006595766","1"
"LSTMBaseline","","drift_window_macro_f1","20","1781006596305","1"
"LSTMBaseline","","drift_window_macro_f1","22","1781006596824","1"
"LSTMBaseline","","drift_window_macro_f1","23","1781006597093","1"
"LSTMBaseline","","drift_window_macro_f1","25","1781006597623","1"
"LSTMBaseline","","drift_window_macro_f1","27","1781006598194","1"
"LSTMBaseline","","drift_window_macro_f1","29","1781006598761","1"
"LSTMBaseline","","drift_window_macro_f1","30","1781006599043","1"
"LSTMBaseline","","drift_window_macro_f1","32","1781006599615","1"
"LSTMBaseline","","drift_window_macro_f1","34","1781006600211","1"
"LSTMBaseline","","drift_window_macro_f1","35","1781006600498","1"
"LSTMBaseline","","drift_window_macro_f1","37","1781006601070","1"
"LSTMBaseline","","drift_window_macro_f1","39","1781006601644","1"
"LSTMBaseline","","drift_window_macro_f1","40","1781006601960","1"
"LSTMBaseline","","drift_window_macro_f1","42","1781006602630","1"
"LSTMBaseline","","drift_window_macro_f1","44","1781006603275","0.9823832065011013"
"LSTMBaseline","","drift_window_macro_f1","46","1781006603900","0.9823816748078622"
"LSTMBaseline","","drift_window_macro_f1","47","1781006604200","0.9823857319385049"
"LSTMBaseline","","drift_window_macro_f1","49","1781006604882","0.9823942820868169"
"LSTMBaseline","","drift_window_macro_f1","51","1781006605581","0.9823961965102181"
"LSTMBaseline","","drift_window_macro_f1","52","1781006605897","0.9823922213344527"
"LSTMBaseline","","drift_window_macro_f1","54","1781006606557","1"
"LSTMBaseline","","drift_window_macro_f1","56","1781006607297","1"
"LSTMBaseline","","drift_window_macro_f1","58","1781006607990","1"
"LSTMBaseline","","drift_window_macro_f1","59","1781006608312","1"
"LSTMBaseline","","drift_window_macro_f1","61","1781006608967","1"
"LSTMBaseline","","drift_window_macro_f1","63","1781006609690","1"
"LSTMBaseline","","drift_window_macro_f1","64","1781006610076","1"
"LSTMBaseline","","drift_window_macro_f1","66","1781006610734","1"
"LSTMBaseline","","drift_window_macro_f1","68","1781006611401","1"
"LSTMBaseline","","drift_window_macro_f1","69","1781006611717","1"
"LSTMBaseline","","drift_window_macro_f1","71","1781006612429","1"
"LSTMBaseline","","drift_window_macro_f1","73","1781006613191","1"
"LSTMBaseline","","drift_window_macro_f1","75","1781006613848","1"
"LSTMBaseline","","drift_window_macro_f1","76","1781006614184","1"
"LSTMBaseline","","drift_window_macro_f1","78","1781006614838","1"
"LSTMBaseline","","drift_window_macro_f1","80","1781006615478","1"
"LSTMBaseline","","drift_window_macro_f1","81","1781006615783","1"
"LSTMBaseline","","drift_window_macro_f1","83","1781006616530","1"
"LSTMBaseline","","drift_window_macro_f1","85","1781006617216","0.9937037037037036"
"LSTMBaseline","","drift_window_macro_f1","87","1781006617805","0.9937037037037036"
"LSTMBaseline","","drift_window_macro_f1","88","1781006618077","0.9937037037037036"
"LSTMBaseline","","drift_window_macro_f1","90","1781006618655","0.9936475409836065"
"LSTMBaseline","","drift_window_macro_f1","92","1781006619242","0.9936475409836065"
"LSTMBaseline","","drift_window_macro_f1","93","1781006619561","0.99365234375"
"LSTMBaseline","","drift_window_macro_f1","95","1781006620335","0.9937000000000001"
"LSTMBaseline","","drift_window_macro_f1","97","1781006621004","0.9936974789915967"
"LSTMBaseline","","drift_window_macro_f1","98","1781006621320","0.99369918699187"
"LSTMBaseline","","drift_window_macro_f1","100","1781006622019","1"
"LSTMBaseline","","drift_window_macro_f1","102","1781006622676","0.9937158469945355"
"LSTMBaseline","","drift_window_macro_f1","104","1781006623462","0.9937134502923977"
"LSTMBaseline","","drift_window_macro_f1","105","1781006623781","0.9951766959039012"
"LSTMBaseline","","drift_window_macro_f1","107","1781006624637","0.9992225090925672"
"LSTMBaseline","","drift_window_macro_f1","109","1781006625556","0.9994357589854491"
"LSTMBaseline","","drift_window_macro_f1","110","1781006626001","0.9994702787310423"
"LSTMBaseline","","drift_window_macro_f1","112","1781006626834","0.9991053637192975"
"LSTMBaseline","","drift_window_macro_f1","114","1781006627891","0.9973496054397186"
"LSTMBaseline","","drift_window_macro_f1","116","1781006628729","0.9943659776902887"
"LSTMBaseline","","drift_window_macro_f1","117","1781006629106","0.9943630368814192"
"LSTMBaseline","","drift_window_macro_f1","119","1781006629883","0.994204553544731"
"LSTMBaseline","","drift_window_macro_f1","121","1781006630775","1"
"LSTMBaseline","","drift_window_macro_f1","122","1781006631196","1"
"LSTMBaseline","","drift_window_macro_f1","124","1781006632063","1"
"LSTMBaseline","","drift_window_macro_f1","126","1781006632830","1"
"LSTMBaseline","","drift_window_macro_f1","127","1781006633200","1"
"LSTMBaseline","","drift_window_macro_f1","129","1781006633911","1"
"LSTMBaseline","","drift_window_macro_f1","131","1781006634624","1"
"LSTMBaseline","","drift_window_macro_f1","133","1781006635305","1"
"LSTMBaseline","","drift_window_macro_f1","134","1781006635654","1"
"LSTMBaseline","","drift_window_macro_f1","136","1781006636339","1"
"LSTMBaseline","","drift_window_macro_f1","138","1781006637001","1"
"LSTMBaseline","","drift_window_macro_f1","139","1781006637305","1"
"LSTMBaseline","","drift_window_macro_f1","141","1781006637931","1"
"LSTMBaseline","","drift_window_macro_f1","143","1781006638575","1"
"LSTMBaseline","","drift_window_macro_f1","145","1781006639333","1"
"LSTMBaseline","","drift_window_macro_f1","146","1781006639721","1"
"LSTMBaseline","","drift_window_macro_f1","148","1781006640607","1"
"LSTMBaseline","","drift_window_macro_f1","150","1781006641304","1"
"LSTMBaseline","","drift_window_macro_f1","151","1781006641660","1"
"LSTMBaseline","","drift_window_macro_f1","153","1781006642349","1"
"LSTMBaseline","","drift_window_macro_f1","155","1781006643423","1"
"LSTMBaseline","","drift_window_macro_f1","156","1781006643886","0.9944265809217578"
"LSTMBaseline","","drift_window_macro_f1","158","1781006645040","0.9944272445820435"
"LSTMBaseline","","drift_window_macro_f1","160","1781006646189","0.9944276602886875"
"LSTMBaseline","","drift_window_macro_f1","162","1781006646918","0.9944279591163865"
"LSTMBaseline","","drift_window_macro_f1","163","1781006647241","0.9944281524926687"
"LSTMBaseline","","drift_window_macro_f1","165","1781006648033","0.9944284341978866"
"LSTMBaseline","","drift_window_macro_f1","167","1781006649125","1"
"LSTMBaseline","","drift_window_macro_f1","168","1781006649631","1"
"LSTMBaseline","","drift_window_macro_f1","170","1781006650415","1"
"LSTMBaseline","","drift_window_macro_f1","172","1781006650949","1"
"LSTMBaseline","","drift_window_macro_f1","174","1781006651630","1"
"LSTMBaseline","","drift_window_macro_f1","175","1781006651972","1"
"LSTMBaseline","","drift_window_macro_f1","177","1781006652539","1"
"LSTMBaseline","","drift_window_macro_f1","179","1781006653524","1"
"LSTMBaseline","","drift_window_macro_f1","180","1781006653833","1"
"LSTMBaseline","","drift_window_macro_f1","182","1781006654438","0.9944274549779137"
"LSTMBaseline","","drift_window_macro_f1","184","1781006655489","0.9944109772423027"
"LSTMBaseline","","drift_window_macro_f1","185","1781006656104","0.9944113756613756"
"LSTMBaseline","","drift_window_macro_f1","187","1781006657182","0.9944111776447105"
"LSTMBaseline","","drift_window_macro_f1","189","1781006658194","0.9944111776447105"
"LSTMBaseline","","drift_window_macro_f1","191","1781006659173","0.9944119558154647"
"LSTMBaseline","","drift_window_macro_f1","192","1781006659875","0.9944121447028424"
"LSTMBaseline","","drift_window_macro_f1","194","1781006660864","0.9944277610944278"
"LSTMBaseline","","drift_window_macro_f1","196","1781006661633","0.9945784590560709"
"LSTMBaseline","","drift_window_macro_f1","197","1781006662056","0.9945782640646689"
"LSTMBaseline","","drift_window_macro_f1","199","1781006663017","0.9945779625779625"
"LSTMBaseline","","drift_window_macro_f1","201","1781006664170","1"
"LSTMBaseline","","drift_window_macro_f1","203","1781006665306","1"
"LSTMBaseline","","drift_window_macro_f1","204","1781006665871","1"
"LSTMBaseline","","drift_window_macro_f1","206","1781006666756","1"
"LSTMBaseline","","drift_window_macro_f1","208","1781006668154","0.8507879321326424"
"LSTMBaseline","","drift_window_macro_f1","209","1781006668752","0.807528962793555"
"LSTMBaseline","","drift_window_macro_f1","211","1781006669931","0.7636316997803536"
"LSTMBaseline","","drift_window_macro_f1","213","1781006670901","0.72389101560464"
"LSTMBaseline","","drift_window_macro_f1","214","1781006671406","0.7000035096955131"
"LSTMBaseline","","drift_window_macro_f1","216","1781006672413","0.6456712104451756"
"LSTMBaseline","","drift_window_macro_f1","218","1781006673364","0.5902416644299239"
"LSTMBaseline","","drift_window_macro_f1","220","1781006674278","0.5937407994475475"
"LSTMBaseline","","drift_window_macro_f1","221","1781006674705","0.5939352127698622"
"LSTMBaseline","","drift_window_macro_f1","223","1781006675510","0.5922654776445075"
"LSTMBaseline","","drift_window_macro_f1","225","1781006676289","0.5943570594921961"
"LSTMBaseline","","drift_window_macro_f1","226","1781006676684","0.5960657670764069"
"LSTMBaseline","","drift_window_macro_f1","228","1781006677737","0.5976653386993542"
"LSTMBaseline","","drift_window_macro_f1","230","1781006678739","0.5952994632991943"
"LSTMBaseline","","drift_window_macro_f1","232","1781006679487","0.5953746729382523"
"LSTMBaseline","","drift_window_macro_f1","233","1781006679824","0.5956347283226258"
"LSTMBaseline","","drift_window_macro_f1","235","1781006680811","0.5935634970381921"
"LSTMBaseline","","drift_window_macro_f1","237","1781006681577","0.5930186258737846"
"LSTMBaseline","","drift_window_macro_f1","238","1781006681931","0.5903861767356222"
"LSTMBaseline","","drift_window_macro_f1","240","1781006682846","0.5907693810076845"
"LSTMBaseline","","drift_window_macro_f1","242","1781006683694","0.5874569796064635"
"LSTMBaseline","","drift_window_macro_f1","243","1781006684035","0.5889394644268621"
"LSTMBaseline","","drift_window_macro_f1","245","1781006684696","0.5912350595932641"
"LSTMBaseline","","drift_window_macro_f1","247","1781006685583","0.5943812693213073"
"LSTMBaseline","","drift_window_macro_f1","249","1781006686654","0.5875446978681744"
"LSTMBaseline","","drift_window_macro_f1","250","1781006687045","0.5967852261142854"
"LSTMBaseline","","drift_window_macro_f1","252","1781006687840","0.5997945451045279"
"LSTMBaseline","","drift_window_macro_f1","254","1781006688797","0.6012689365234524"
"LSTMBaseline","","drift_window_macro_f1","255","1781006689394","0.6007691436231234"
"LSTMBaseline","","drift_window_macro_f1","257","1781006690368","0.5981609716275674"
"LSTMBaseline","","drift_window_macro_f1","259","1781006691401","0.5966646193073405"
"LSTMBaseline","","drift_window_macro_f1","261","1781006692453","0.5940846792084373"
"LSTMBaseline","","drift_window_macro_f1","262","1781006692856","0.5929872988854569"
"LSTMBaseline","","drift_window_macro_f1","264","1781006693562","0.5910089586931467"
"LSTMBaseline","","drift_window_macro_f1","266","1781006694390","0.5916041638407037"
"LSTMBaseline","","drift_window_macro_f1","267","1781006694823","0.5916816162673567"
"LSTMBaseline","","drift_window_macro_f1","269","1781006696081","0.5932776026356332"
"LSTMBaseline","","drift_window_macro_f1","271","1781006697179","0.594164699058563"
"LSTMBaseline","","drift_window_macro_f1","273","1781006698112","0.5965850788805127"
"LSTMBaseline","","drift_window_macro_f1","274","1781006698510","0.5968819861604944"
"LSTMBaseline","","drift_window_macro_f1","276","1781006699339","0.5976906239479524"
"LSTMBaseline","","drift_window_macro_f1","278","1781006700288","0.5950141591416515"
"LSTMBaseline","","drift_window_macro_f1","279","1781006700895","0.5936450035004082"
"LSTMBaseline","","drift_window_macro_f1","281","1781006701717","0.5936708384394919"
"LSTMBaseline","","drift_window_macro_f1","283","1781006702560","0.5945906679024788"
"LSTMBaseline","","drift_window_macro_f1","284","1781006702932","0.5938194561406787"
"LSTMBaseline","","drift_window_macro_f1","286","1781006703627","0.5924393765736847"
"LSTMBaseline","","drift_window_macro_f1","288","1781006704435","0.5942998075632433"
"LSTMBaseline","","drift_window_macro_f1","290","1781006705179","0.5924342159678002"
"LSTMBaseline","","drift_window_macro_f1","291","1781006705619","0.5958355026214588"
"LSTMBaseline","","drift_window_macro_f1","293","1781006706345","0.5921893785751035"
"LSTMBaseline","","drift_window_macro_f1","295","1781006707094","0.591501149048997"
"LSTMBaseline","","drift_window_macro_f1","296","1781006707561","0.5914736567474687"
"LSTMBaseline","","drift_window_macro_f1","298","1781006708399","0.5908900500913623"
"LSTMBaseline","","drift_window_macro_f1","300","1781006709126","0.5930360137297076"
"LSTMBaseline","","drift_window_macro_f1","302","1781006709936","0.593230844599419"
"LSTMBaseline","","drift_window_macro_f1","303","1781006710255","0.5865749987166147"
"LSTMBaseline","","drift_window_macro_f1","305","1781006710970","0.5961360678477101"
"LSTMBaseline","","drift_window_macro_f1","307","1781006711839","0.5988064053570868"
"LSTMBaseline","","drift_window_macro_f1","308","1781006712239","0.59890387218581"
"LSTMBaseline","","drift_window_macro_f1","310","1781006713159","0.5962000820316277"
"LSTMBaseline","","drift_window_macro_f1","312","1781006713930","0.5996117136826874"
"LSTMBaseline","","drift_window_macro_f1","313","1781006714365","0.6014636924403958"
"LSTMBaseline","","drift_window_macro_f1","315","1781006715306","0.6003850817575185"
"LSTMBaseline","","drift_window_macro_f1","317","1781006716198","0.5953768014137916"
"LSTMBaseline","","drift_window_macro_f1","319","1781006717006","0.5968537027225119"
"LSTMBaseline","","drift_window_macro_f1","320","1781006717435","0.5967436794079787"
"LSTMBaseline","","drift_window_macro_f1","322","1781006718492","0.5950209249560195"
"LSTMBaseline","","drift_window_macro_f1","324","1781006719476","0.5957895200265687"
"LSTMBaseline","","drift_window_macro_f1","325","1781006719990","0.595195593949916"
"LSTMBaseline","","drift_window_macro_f1","327","1781006720962","0.5962004504789913"
"LSTMBaseline","","drift_window_macro_f1","329","1781006721925","0.5558115311160483"
"LSTMBaseline","","drift_window_macro_f1","331","1781006722695","0.45676215495760114"
"LSTMBaseline","","drift_window_macro_f1","332","1781006723077","0.44334452993988355"
"LSTMBaseline","","drift_window_macro_f1","334","1781006723980","0.411140141796861"
"LSTMBaseline","","drift_window_macro_f1","336","1781006724793","0.3855043727305695"
"LSTMBaseline","","drift_window_macro_f1","337","1781006725239","0.36528310024690175"
"LSTMBaseline","","drift_window_macro_f1","339","1781006725932","0.3193833398514523"
"LSTMBaseline","","drift_window_macro_f1","341","1781006726838","0.3182331771134102"
"LSTMBaseline","","drift_window_macro_f1","342","1781006727284","0.3184585657916689"
"LSTMBaseline","","drift_window_macro_f1","344","1781006728151","0.3205365247895615"
"LSTMBaseline","","drift_window_macro_f1","346","1781006728988","0.309312707986348"
"LSTMBaseline","","drift_window_macro_f1","348","1781006729795","0.3043688685639804"
"LSTMBaseline","","drift_window_macro_f1","349","1781006730189","0.3020152805442399"
"LSTMBaseline","","drift_window_macro_f1","351","1781006730898","0.29988093563256324"
"LSTMBaseline","","drift_window_macro_f1","353","1781006731764","0.30214982406916435"
"LSTMBaseline","","drift_window_macro_f1","354","1781006732110","0.3020000066575693"
"LSTMBaseline","","drift_window_macro_f1","356","1781006733028","0.3121085479237901"
"LSTMBaseline","","drift_window_macro_f1","358","1781006733882","0.3122798018586666"
"LSTMBaseline","","drift_window_macro_f1","360","1781006734760","0.31056541725030234"
"LSTMBaseline","","drift_window_macro_f1","361","1781006735247","0.3108053326946246"
"LSTMBaseline","","drift_window_macro_f1","363","1781006736246","0.3077677986240393"
"LSTMBaseline","","drift_window_macro_f1","365","1781006737163","0.3113079548810493"
"LSTMBaseline","","drift_window_macro_f1","366","1781006737561","0.31008008380911145"
"LSTMBaseline","","drift_window_macro_f1","368","1781006738335","0.31109790912691737"
"LSTMBaseline","","drift_window_macro_f1","370","1781006739197","0.31394834780952835"
"LSTMBaseline","","drift_window_macro_f1","371","1781006739689","0.31461307895421564"
"LSTMBaseline","","drift_window_macro_f1","373","1781006740669","0.31974116530718016"
"LSTMBaseline","","drift_window_macro_f1","375","1781006741584","0.31656001909147957"
"LSTMBaseline","","drift_window_macro_f1","377","1781006742544","0.3133984553029711"
"LSTMBaseline","","drift_window_macro_f1","378","1781006743013","0.311178143370088"
"LSTMBaseline","","drift_window_macro_f1","380","1781006743928","0.3138721379108325"
"LSTMBaseline","","drift_window_macro_f1","382","1781006744790","0.3195125557086884"
"LSTMBaseline","","drift_window_macro_f1","383","1781006745236","0.31729253148499487"
"LSTMBaseline","","drift_window_macro_f1","385","1781006746084","0.31361300456378494"
"LSTMBaseline","","drift_window_macro_f1","387","1781006746912","0.3193288055067385"
"LSTMBaseline","","drift_window_macro_f1","389","1781006747811","0.31631608037310205"
"LSTMBaseline","","drift_window_macro_f1","390","1781006748234","0.3080565649866821"
"LSTMBaseline","","drift_window_macro_f1","392","1781006749237","0.3063758701198763"
"LSTMBaseline","","drift_window_macro_f1","394","1781006750032","0.30772458689003684"
"LSTMBaseline","","drift_window_macro_f1","395","1781006750440","0.30583105223467033"
"LSTMBaseline","","drift_window_macro_f1","397","1781006751328","0.30239312618433245"
"LSTMBaseline","","drift_window_macro_f1","399","1781006752345","0.3030622471332005"
"LSTMBaseline","","drift_window_macro_f1","400","1781006752986","0.3095990385450629"
"LSTMBaseline","","drift_window_macro_f1","402","1781006754041","0.3123298661732653"
"LSTMBaseline","","drift_window_macro_f1","404","1781006754870","0.3114482320190571"
"LSTMBaseline","","drift_window_macro_f1","406","1781006755560","0.31841054806592417"
"LSTMBaseline","","drift_window_macro_f1","407","1781006755895","0.3119760065409487"
"LSTMBaseline","","drift_window_macro_f1","409","1781006756679","0.31453737740185356"
"LSTMBaseline","","drift_window_macro_f1","411","1781006757414","0.3123624254690299"
"LSTMBaseline","","drift_window_macro_f1","412","1781006757718","0.30975473574524237"
"LSTMBaseline","","drift_window_macro_f1","414","1781006758361","0.31167506980889154"
"LSTMBaseline","","drift_window_macro_f1","416","1781006759061","0.31184378513715527"
"LSTMBaseline","","drift_window_macro_f1","418","1781006759857","0.3127606533676508"
"LSTMBaseline","","drift_window_macro_f1","419","1781006760418","0.31034185847824514"
"LSTMBaseline","","drift_window_macro_f1","421","1781006761391","0.3088141736056661"
"LSTMBaseline","","drift_window_macro_f1","423","1781006762083","0.31420933306073107"
"LSTMBaseline","","drift_window_macro_f1","424","1781006762500","0.31505036416083276"
"LSTMBaseline","","drift_window_macro_f1","426","1781006763243","0.31333729132844257"
"LSTMBaseline","","drift_window_macro_f1","428","1781006763932","0.3149587333400173"
"LSTMBaseline","","drift_window_macro_f1","429","1781006764238","0.3235033479778739"
"LSTMBaseline","","drift_window_macro_f1","431","1781006764829","0.3209072133115777"
"LSTMBaseline","","drift_window_macro_f1","433","1781006765454","0.31080814098908754"
"LSTMBaseline","","drift_window_macro_f1","435","1781006766068","0.2633787653809864"
"LSTMBaseline","","drift_window_macro_f1","436","1781006766380","0.2538051248931833"
"LSTMBaseline","","drift_window_macro_f1","438","1781006767017","0.24517487745854524"
"LSTMBaseline","","drift_window_macro_f1","440","1781006767760","0.23610169402730544"
"LSTMBaseline","","drift_window_macro_f1","441","1781006768143","0.22872132669792178"
"LSTMBaseline","","drift_window_macro_f1","443","1781006768917","0.21561188523781247"
"LSTMBaseline","","drift_window_macro_f1","445","1781006769672","0.218037341453779"
"LSTMBaseline","","drift_window_macro_f1","447","1781006770617","0.2250052759744293"
"LSTMBaseline","","drift_window_macro_f1","448","1781006771068","0.2240319283454225"
"LSTMBaseline","","drift_window_macro_f1","450","1781006771842","0.22340007749101404"
"LSTMBaseline","","drift_window_macro_f1","452","1781006772635","0.22719017119343038"
"LSTMBaseline","","drift_window_macro_f1","453","1781006773050","0.22672502377857767"
"LSTMBaseline","","drift_window_macro_f1","455","1781006773907","0.21977488779561885"
"LSTMBaseline","","drift_window_macro_f1","457","1781006774834","0.21700741780072869"
"LSTMBaseline","","drift_window_macro_f1","458","1781006775278","0.2179560351072216"
"LSTMBaseline","","drift_window_macro_f1","460","1781006776061","0.21713224177592555"
"LSTMBaseline","","drift_window_macro_f1","462","1781006776882","0.21063703486884716"
"LSTMBaseline","","drift_window_macro_f1","464","1781006777660","0.2149787078945804"
"LSTMBaseline","","drift_window_macro_f1","465","1781006778039","0.21592590597789102"
"LSTMBaseline","","drift_window_macro_f1","467","1781006778797","0.20372278418832762"
"LSTMBaseline","","drift_window_macro_f1","469","1781006779549","0.20689562868974126"
"LSTMBaseline","","drift_window_macro_f1","470","1781006779907","0.20617787338122384"
"LSTMBaseline","","drift_window_macro_f1","472","1781006780631","0.20569465694235048"
"LSTMBaseline","","drift_window_macro_f1","474","1781006781394","0.20526927788424376"
"LSTMBaseline","","drift_window_macro_f1","476","1781006782171","0.21691390418283643"
"LSTMBaseline","","drift_window_macro_f1","477","1781006782579","0.21791676934958687"
"LSTMBaseline","","drift_window_macro_f1","479","1781006783596","0.20733783760009733"
"LSTMBaseline","","drift_window_macro_f1","481","1781006784535","0.2060785019969195"
"LSTMBaseline","","drift_window_macro_f1","482","1781006784942","0.2059135771701392"
"LSTMBaseline","","drift_window_macro_f1","484","1781006785714","0.2082879712132951"
"LSTMBaseline","","drift_window_macro_f1","486","1781006786614","0.20517296988183728"
"LSTMBaseline","","drift_window_macro_f1","487","1781006787134","0.2051260888896845"
"LSTMBaseline","","drift_window_macro_f1","489","1781006787932","0.20896634085277777"
"LSTMBaseline","","drift_window_macro_f1","491","1781006788744","0.21079413527469212"
"LSTMBaseline","","drift_window_macro_f1","493","1781006789657","0.21211452739706282"
"LSTMBaseline","","drift_window_macro_f1","494","1781006790107","0.21229677646138062"
"LSTMBaseline","","drift_window_macro_f1","496","1781006791051","0.22726692842040364"
"LSTMBaseline","","drift_window_macro_f1","498","1781006791934","0.2347978214418276"
"LSTMBaseline","","drift_window_macro_f1","499","1781006792292","0.23388837548669894"
"LSTMBaseline","","drift_window_macro_f1","501","1781006792957","0.23219116355587896"
"LSTMBaseline","","drift_window_macro_f1","503","1781006793659","0.23086575206405474"
"LSTMBaseline","","drift_window_macro_f1","505","1781006794555","0.22984343308025887"
"LSTMBaseline","","drift_window_macro_f1","506","1781006795122","0.22888546148190478"
"LSTMBaseline","","drift_window_macro_f1","508","1781006796003","0.20786243342099256"
"LSTMBaseline","","drift_window_macro_f1","510","1781006796753","0.20588241684602368"
"LSTMBaseline","","drift_window_macro_f1","511","1781006797066","0.20697045966893374"
"LSTMBaseline","","drift_window_macro_f1","513","1781006797670","0.204085872051564"
"LSTMBaseline","","drift_window_macro_f1","515","1781006798295","0.20235913210591971"
"LSTMBaseline","","drift_window_macro_f1","516","1781006798689","0.20327221532890669"
"LSTMBaseline","","drift_window_macro_f1","518","1781006799371","0.21059725984952632"
"LSTMBaseline","","drift_window_macro_f1","520","1781006799955","0.2127740900286482"
"LSTMBaseline","","drift_window_macro_f1","522","1781006800563","0.2102124026018298"
"LSTMBaseline","","drift_window_macro_f1","523","1781006800914","0.20867750646624353"
"LSTMBaseline","","drift_window_macro_f1","525","1781006801686","0.2063269757712614"
"LSTMBaseline","","drift_window_macro_f1","527","1781006802344","0.20372775471340526"
"LSTMBaseline","","drift_window_macro_f1","528","1781006802620","0.20841389573153904"
"LSTMBaseline","","drift_window_macro_f1","530","1781006803307","0.20980688831374245"
"LSTMBaseline","","drift_window_macro_f1","532","1781006804007","0.20371047840632456"
"LSTMBaseline","","drift_window_macro_f1","534","1781006804953","0.20308350605609754"
"LSTMBaseline","","drift_window_macro_f1","535","1781006805425","0.2020661424559762"
"LSTMBaseline","","drift_window_macro_f1","537","1781006806268","0.2031541727117061"
"LSTMBaseline","","drift_window_macro_f1","539","1781006807019","0.20003678373137762"
"LSTMBaseline","","drift_window_macro_f1","540","1781006807545","0.20093893822897133"
"LSTMBaseline","","drift_window_macro_f1","542","1781006808683","0.21338432821604444"
"LSTMBaseline","","drift_window_macro_f1","544","1781006809671","0.20464035583150672"
"LSTMBaseline","","drift_window_macro_f1","545","1781006810143","0.2075712167130781"
"EOPKGTopologyConditionedWI","","drift_window_macro_f1","0","1781107374086","0.9864233490838104"
"EOPKGTopologyConditionedWI","","drift_window_macro_f1","1","1781107374838","0.9794265657589252"
"EOPKGTopologyConditionedWI","","drift_window_macro_f1","3","1781107375936","0.979170715286456"
"EOPKGTopologyConditionedWI","","drift_window_macro_f1","5","1781107377032","0.9795058025316221"
"EOPKGTopologyConditionedWI","","drift_window_macro_f1","6","1781107377591","0.9797285051382483"
"EOPKGTopologyConditionedWI","","drift_window_macro_f1","8","1781107378944","0.9803026101517794"
"EOPKGTopologyConditionedWI","","drift_window_macro_f1","10","1781107380009","0.9807004898250643"
"EOPKGTopologyConditionedWI","","drift_window_macro_f1","11","1781107380633","0.9811472658346736"
"EOPKGTopologyConditionedWI","","drift_window_macro_f1","13","1781107381508","0.9815062016899707"
"EOPKGTopologyConditionedWI","","drift_window_macro_f1","15","1781107382338","0.9818089179659577"
"EOPKGTopologyConditionedWI","","drift_window_macro_f1","17","1781107383588","0.9879468485936599"
"EOPKGTopologyConditionedWI","","drift_window_macro_f1","18","1781107384140","0.9876370790284664"
"EOPKGTopologyConditionedWI","","drift_window_macro_f1","20","1781107384964","0.9872849115091074"
"EOPKGTopologyConditionedWI","","drift_window_macro_f1","22","1781107385750","0.9809701188899993"
"EOPKGTopologyConditionedWI","","drift_window_macro_f1","23","1781107386233","0.9809083355985984"
"EOPKGTopologyConditionedWI","","drift_window_macro_f1","25","1781107387300","0.9811537927470708"
"EOPKGTopologyConditionedWI","","drift_window_macro_f1","27","1781107388195","0.9803979765210551"
"EOPKGTopologyConditionedWI","","drift_window_macro_f1","29","1781107389258","0.9810631914368416"
"EOPKGTopologyConditionedWI","","drift_window_macro_f1","30","1781107389792","0.9810484244985288"
"EOPKGTopologyConditionedWI","","drift_window_macro_f1","32","1781107390818","0.987441272588279"
"EOPKGTopologyConditionedWI","","drift_window_macro_f1","34","1781107391682","0.9874398799129981"
"EOPKGTopologyConditionedWI","","drift_window_macro_f1","35","1781107392338","0.9872718464213502"
"EOPKGTopologyConditionedWI","","drift_window_macro_f1","37","1781107393444","0.9883223181826242"
"EOPKGTopologyConditionedWI","","drift_window_macro_f1","39","1781107394392","0.9885926063245544"
"EOPKGTopologyConditionedWI","","drift_window_macro_f1","40","1781107394878","0.9884053922193428"
"EOPKGTopologyConditionedWI","","drift_window_macro_f1","42","1781107395740","0.9825840064065927"
"EOPKGTopologyConditionedWI","","drift_window_macro_f1","44","1781107396772","0.9825912730842503"
"EOPKGTopologyConditionedWI","","drift_window_macro_f1","46","1781107397766","0.9824617407892564"
"EOPKGTopologyConditionedWI","","drift_window_macro_f1","47","1781107398280","0.9821920612748762"
"EOPKGTopologyConditionedWI","","drift_window_macro_f1","49","1781107399365","0.9816545228224267"
"EOPKGTopologyConditionedWI","","drift_window_macro_f1","51","1781107400275","0.9813748481841171"
"EOPKGTopologyConditionedWI","","drift_window_macro_f1","52","1781107400787","0.9812695407591908"
"EOPKGTopologyConditionedWI","","drift_window_macro_f1","54","1781107401637","0.9807297865006526"
"EOPKGTopologyConditionedWI","","drift_window_macro_f1","56","1781107402483","0.9809152812014157"
"EOPKGTopologyConditionedWI","","drift_window_macro_f1","58","1781107403796","0.9808123374477626"
"EOPKGTopologyConditionedWI","","drift_window_macro_f1","59","1781107404233","0.987163146333384"
"EOPKGTopologyConditionedWI","","drift_window_macro_f1","61","1781107405070","0.9868287005881337"
"EOPKGTopologyConditionedWI","","drift_window_macro_f1","63","1781107405819","0.9865284375743864"
"EOPKGTopologyConditionedWI","","drift_window_macro_f1","64","1781107406250","0.9869033711785684"
"EOPKGTopologyConditionedWI","","drift_window_macro_f1","66","1781107407294","0.9806722458360675"
"EOPKGTopologyConditionedWI","","drift_window_macro_f1","68","1781107408204","0.9807486225252834"
"EOPKGTopologyConditionedWI","","drift_window_macro_f1","69","1781107408615","0.9809860924494274"
"EOPKGTopologyConditionedWI","","drift_window_macro_f1","71","1781107409369","0.9810298477345378"
"EOPKGTopologyConditionedWI","","drift_window_macro_f1","73","1781107410452","0.9814460814924895"
"EOPKGTopologyConditionedWI","","drift_window_macro_f1","75","1781107411313","0.9811202733280517"
"EOPKGTopologyConditionedWI","","drift_window_macro_f1","76","1781107411782","0.9807020892489927"
"EOPKGTopologyConditionedWI","","drift_window_macro_f1","78","1781107412724","0.9809385250324627"
"EOPKGTopologyConditionedWI","","drift_window_macro_f1","80","1781107413891","0.9880340881947152"
"EOPKGTopologyConditionedWI","","drift_window_macro_f1","81","1781107414338","0.9882333249550562"
"EOPKGTopologyConditionedWI","","drift_window_macro_f1","83","1781107415192","0.9803599964413593"
"EOPKGTopologyConditionedWI","","drift_window_macro_f1","85","1781107416109","0.9804581608047098"
"EOPKGTopologyConditionedWI","","drift_window_macro_f1","87","1781107417083","0.9805147387764045"
"EOPKGTopologyConditionedWI","","drift_window_macro_f1","88","1781107417471","0.9806630859369326"
"EOPKGTopologyConditionedWI","","drift_window_macro_f1","90","1781107418287","0.9816449503875756"
"EOPKGTopologyConditionedWI","","drift_window_macro_f1","92","1781107419042","0.9812984499302144"
"EOPKGTopologyConditionedWI","","drift_window_macro_f1","93","1781107419401","0.9877587469375058"
"EOPKGTopologyConditionedWI","","drift_window_macro_f1","95","1781107420383","0.9879893713731571"
"EOPKGTopologyConditionedWI","","drift_window_macro_f1","97","1781107421339","0.9882408309284413"
"EOPKGTopologyConditionedWI","","drift_window_macro_f1","98","1781107421767","0.9880857089571101"
"EOPKGTopologyConditionedWI","","drift_window_macro_f1","100","1781107422682","0.9876629532709394"
"EOPKGTopologyConditionedWI","","drift_window_macro_f1","102","1781107423520","0.9876271989244181"
"EOPKGTopologyConditionedWI","","drift_window_macro_f1","104","1781107424407","0.9873789348159964"
"EOPKGTopologyConditionedWI","","drift_window_macro_f1","105","1781107425031","0.9809749893322006"
"EOPKGTopologyConditionedWI","","drift_window_macro_f1","107","1781107426077","0.9827877712417132"
"EOPKGTopologyConditionedWI","","drift_window_macro_f1","109","1781107427179","0.9823782406128949"
"EOPKGTopologyConditionedWI","","drift_window_macro_f1","110","1781107427694","0.9762534285586029"
"EOPKGTopologyConditionedWI","","drift_window_macro_f1","112","1781107428949","0.9766572311524134"
"EOPKGTopologyConditionedWI","","drift_window_macro_f1","114","1781107429865","0.9768923619727181"
"EOPKGTopologyConditionedWI","","drift_window_macro_f1","116","1781107430759","0.9772677691653421"
"EOPKGTopologyConditionedWI","","drift_window_macro_f1","117","1781107431160","0.9767053613452198"
"EOPKGTopologyConditionedWI","","drift_window_macro_f1","119","1781107432184","0.9819702236598037"
"EOPKGTopologyConditionedWI","","drift_window_macro_f1","121","1781107433107","0.981891921724616"
"EOPKGTopologyConditionedWI","","drift_window_macro_f1","122","1781107433569","0.9819750236202074"
"EOPKGTopologyConditionedWI","","drift_window_macro_f1","124","1781107434400","0.9832301092696702"
"EOPKGTopologyConditionedWI","","drift_window_macro_f1","126","1781107435303","0.9840809727746012"
"EOPKGTopologyConditionedWI","","drift_window_macro_f1","127","1781107435850","0.9843382594663261"
"EOPKGTopologyConditionedWI","","drift_window_macro_f1","129","1781107436783","0.9840630108925075"
"EOPKGTopologyConditionedWI","","drift_window_macro_f1","131","1781107437707","0.9847693301888214"
"EOPKGTopologyConditionedWI","","drift_window_macro_f1","133","1781107438567","0.9836283270073487"
"EOPKGTopologyConditionedWI","","drift_window_macro_f1","134","1781107438972","0.9837085703148114"
"EOPKGTopologyConditionedWI","","drift_window_macro_f1","136","1781107439879","0.9829961182219094"
"EOPKGTopologyConditionedWI","","drift_window_macro_f1","138","1781107440641","0.9828741359176194"
"EOPKGTopologyConditionedWI","","drift_window_macro_f1","139","1781107441079","0.9826366852938213"
"EOPKGTopologyConditionedWI","","drift_window_macro_f1","141","1781107441924","0.981937679144842"
"EOPKGTopologyConditionedWI","","drift_window_macro_f1","143","1781107442913","0.9820736912967997"
"EOPKGTopologyConditionedWI","","drift_window_macro_f1","145","1781107443793","0.981409891856407"
"EOPKGTopologyConditionedWI","","drift_window_macro_f1","146","1781107444381","0.9821873932056222"
"EOPKGTopologyConditionedWI","","drift_window_macro_f1","148","1781107445558","0.9761933920814805"
"EOPKGTopologyConditionedWI","","drift_window_macro_f1","150","1781107446454","0.9756578532562237"
"EOPKGTopologyConditionedWI","","drift_window_macro_f1","151","1781107446945","0.9762973356252198"
"EOPKGTopologyConditionedWI","","drift_window_macro_f1","153","1781107447881","0.9760844988008953"
"EOPKGTopologyConditionedWI","","drift_window_macro_f1","155","1781107448716","0.976979173210305"
"EOPKGTopologyConditionedWI","","drift_window_macro_f1","156","1781107449178","0.9762541678208049"
"EOPKGTopologyConditionedWI","","drift_window_macro_f1","158","1781107450023","0.9763834443091536"
"EOPKGTopologyConditionedWI","","drift_window_macro_f1","160","1781107451055","0.9765890933624435"
"EOPKGTopologyConditionedWI","","drift_window_macro_f1","162","1781107451901","0.9754249289634638"
"EOPKGTopologyConditionedWI","","drift_window_macro_f1","163","1781107452315","0.9748436760598759"
"EOPKGTopologyConditionedWI","","drift_window_macro_f1","165","1781107453434","0.9734623050662303"
"EOPKGTopologyConditionedWI","","drift_window_macro_f1","167","1781107454318","0.9736365046140076"
"EOPKGTopologyConditionedWI","","drift_window_macro_f1","168","1781107454780","0.9798161902763283"
"EOPKGTopologyConditionedWI","","drift_window_macro_f1","170","1781107455625","0.9807456374522605"
"EOPKGTopologyConditionedWI","","drift_window_macro_f1","172","1781107456478","0.9817964870579384"
"EOPKGTopologyConditionedWI","","drift_window_macro_f1","174","1781107457629","0.9828282347533415"
"EOPKGTopologyConditionedWI","","drift_window_macro_f1","175","1781107458087","0.9832866649912614"
"EOPKGTopologyConditionedWI","","drift_window_macro_f1","177","1781107459048","0.983082925430051"
"EOPKGTopologyConditionedWI","","drift_window_macro_f1","179","1781107459879","0.9831071628961963"
"EOPKGTopologyConditionedWI","","drift_window_macro_f1","180","1781107460254","0.9825048546828208"
"EOPKGTopologyConditionedWI","","drift_window_macro_f1","182","1781107461041","0.9822671235317604"
"EOPKGTopologyConditionedWI","","drift_window_macro_f1","184","1781107461909","0.9822676446474116"
"EOPKGTopologyConditionedWI","","drift_window_macro_f1","185","1781107462326","0.9818727765812891"
"EOPKGTopologyConditionedWI","","drift_window_macro_f1","187","1781107463147","0.9822164477012694"
"EOPKGTopologyConditionedWI","","drift_window_macro_f1","189","1781107463967","0.9816333845111365"
"EOPKGTopologyConditionedWI","","drift_window_macro_f1","191","1781107464722","0.9810057306603882"
"EOPKGTopologyConditionedWI","","drift_window_macro_f1","192","1781107465138","0.9809428894131896"
"EOPKGTopologyConditionedWI","","drift_window_macro_f1","194","1781107465874","0.9808637737306267"
"EOPKGTopologyConditionedWI","","drift_window_macro_f1","196","1781107466592","0.9756808834625407"
"EOPKGTopologyConditionedWI","","drift_window_macro_f1","197","1781107466950","0.9759040854180588"
"EOPKGTopologyConditionedWI","","drift_window_macro_f1","199","1781107467718","0.9766107790211006"
"EOPKGTopologyConditionedWI","","drift_window_macro_f1","201","1781107468466","0.9763787624271509"
"EOPKGTopologyConditionedWI","","drift_window_macro_f1","203","1781107469198","0.9780803151647739"
"EOPKGTopologyConditionedWI","","drift_window_macro_f1","204","1781107469632","0.9781212540839513"
"EOPKGTopologyConditionedWI","","drift_window_macro_f1","206","1781107470467","0.9778055460872901"
"EOPKGTopologyConditionedWI","","drift_window_macro_f1","208","1781107471390","0.8669357295392105"
"EOPKGTopologyConditionedWI","","drift_window_macro_f1","209","1781107471886","0.812191804571478"
"EOPKGTopologyConditionedWI","","drift_window_macro_f1","211","1781107472924","0.7852568957527772"
"EOPKGTopologyConditionedWI","","drift_window_macro_f1","213","1781107474003","0.7545621693020899"
"EOPKGTopologyConditionedWI","","drift_window_macro_f1","214","1781107474493","0.7356170224143097"
"EOPKGTopologyConditionedWI","","drift_window_macro_f1","216","1781107475422","0.6999933012742738"
"EOPKGTopologyConditionedWI","","drift_window_macro_f1","218","1781107476336","0.645736775711524"
"EOPKGTopologyConditionedWI","","drift_window_macro_f1","220","1781107477266","0.6443358881292315"
"EOPKGTopologyConditionedWI","","drift_window_macro_f1","221","1781107477723","0.6455154453943164"
"EOPKGTopologyConditionedWI","","drift_window_macro_f1","223","1781107478685","0.6466479895922157"
"EOPKGTopologyConditionedWI","","drift_window_macro_f1","225","1781107479793","0.646168614563613"
"EOPKGTopologyConditionedWI","","drift_window_macro_f1","226","1781107480255","0.6460097012836993"
"EOPKGTopologyConditionedWI","","drift_window_macro_f1","228","1781107481155","0.6417781880215971"
"EOPKGTopologyConditionedWI","","drift_window_macro_f1","230","1781107482058","0.642245482757193"
"EOPKGTopologyConditionedWI","","drift_window_macro_f1","232","1781107482910","0.6437937497457173"
"EOPKGTopologyConditionedWI","","drift_window_macro_f1","233","1781107483338","0.6432930037362021"
"EOPKGTopologyConditionedWI","","drift_window_macro_f1","235","1781107484148","0.6431319216769992"
"EOPKGTopologyConditionedWI","","drift_window_macro_f1","237","1781107484954","0.6451152831398533"
"EOPKGTopologyConditionedWI","","drift_window_macro_f1","238","1781107485344","0.6420719744485767"
"EOPKGTopologyConditionedWI","","drift_window_macro_f1","240","1781107486254","0.6449591701334952"
"EOPKGTopologyConditionedWI","","drift_window_macro_f1","242","1781107487083","0.6437901918368583"
"EOPKGTopologyConditionedWI","","drift_window_macro_f1","243","1781107487522","0.6458441240350778"
"EOPKGTopologyConditionedWI","","drift_window_macro_f1","245","1781107488372","0.6467361583919553"
"EOPKGTopologyConditionedWI","","drift_window_macro_f1","247","1781107489162","0.6451572795199485"
"EOPKGTopologyConditionedWI","","drift_window_macro_f1","249","1781107490010","0.6455692336556723"
"EOPKGTopologyConditionedWI","","drift_window_macro_f1","250","1781107490445","0.6475568100019314"
"EOPKGTopologyConditionedWI","","drift_window_macro_f1","252","1781107491283","0.6504699903015867"
"EOPKGTopologyConditionedWI","","drift_window_macro_f1","254","1781107492263","0.6461158175737991"
"EOPKGTopologyConditionedWI","","drift_window_macro_f1","255","1781107492744","0.6426337310586127"
"EOPKGTopologyConditionedWI","","drift_window_macro_f1","257","1781107493723","0.6429607986542452"
"EOPKGTopologyConditionedWI","","drift_window_macro_f1","259","1781107494735","0.6410772916569119"
"EOPKGTopologyConditionedWI","","drift_window_macro_f1","261","1781107495762","0.6380690553672036"
"EOPKGTopologyConditionedWI","","drift_window_macro_f1","262","1781107496244","0.6384453778889324"
"EOPKGTopologyConditionedWI","","drift_window_macro_f1","264","1781107497222","0.6400237969374973"
"EOPKGTopologyConditionedWI","","drift_window_macro_f1","266","1781107498129","0.6437280542634519"
"EOPKGTopologyConditionedWI","","drift_window_macro_f1","267","1781107498615","0.6418038698059643"
"EOPKGTopologyConditionedWI","","drift_window_macro_f1","269","1781107499628","0.6427773032071196"
"EOPKGTopologyConditionedWI","","drift_window_macro_f1","271","1781107500514","0.642657237123744"
"EOPKGTopologyConditionedWI","","drift_window_macro_f1","273","1781107501383","0.6428843022361737"
"EOPKGTopologyConditionedWI","","drift_window_macro_f1","274","1781107501821","0.6434173517425298"
"EOPKGTopologyConditionedWI","","drift_window_macro_f1","276","1781107502821","0.6433876371006206"
"EOPKGTopologyConditionedWI","","drift_window_macro_f1","278","1781107505454","0.6467844663576172"
"EOPKGTopologyConditionedWI","","drift_window_macro_f1","279","1781107506021","0.6482591382231597"
"EOPKGTopologyConditionedWI","","drift_window_macro_f1","281","1781107507153","0.6453752609689379"
"EOPKGTopologyConditionedWI","","drift_window_macro_f1","283","1781107508057","0.6461170887631777"
"EOPKGTopologyConditionedWI","","drift_window_macro_f1","284","1781107508513","0.6465641480004184"
"EOPKGTopologyConditionedWI","","drift_window_macro_f1","286","1781107509596","0.6472887522628158"
"EOPKGTopologyConditionedWI","","drift_window_macro_f1","288","1781107510647","0.6458986029684444"
"EOPKGTopologyConditionedWI","","drift_window_macro_f1","290","1781107511676","0.6488106311510456"
"EOPKGTopologyConditionedWI","","drift_window_macro_f1","291","1781107512231","0.6463277349540665"
"EOPKGTopologyConditionedWI","","drift_window_macro_f1","293","1781107513481","0.6467477947172691"
"EOPKGTopologyConditionedWI","","drift_window_macro_f1","295","1781107514823","0.6471847482801334"
"EOPKGTopologyConditionedWI","","drift_window_macro_f1","296","1781107515501","0.6424160258510299"
"EOPKGTopologyConditionedWI","","drift_window_macro_f1","298","1781107516998","0.6429085724778159"
"EOPKGTopologyConditionedWI","","drift_window_macro_f1","300","1781107518289","0.6434962053745754"
"EOPKGTopologyConditionedWI","","drift_window_macro_f1","302","1781107519355","0.6448650027404802"
"EOPKGTopologyConditionedWI","","drift_window_macro_f1","303","1781107519835","0.6417691514183319"
"EOPKGTopologyConditionedWI","","drift_window_macro_f1","305","1781107520803","0.6414495724550506"
"EOPKGTopologyConditionedWI","","drift_window_macro_f1","307","1781107521993","0.6476576206726208"
"EOPKGTopologyConditionedWI","","drift_window_macro_f1","308","1781107522673","0.6506680883808569"
"EOPKGTopologyConditionedWI","","drift_window_macro_f1","310","1781107523891","0.6514235794872184"
"EOPKGTopologyConditionedWI","","drift_window_macro_f1","312","1781107525380","0.6470833449638904"
"EOPKGTopologyConditionedWI","","drift_window_macro_f1","313","1781107526102","0.6477044748866495"
"EOPKGTopologyConditionedWI","","drift_window_macro_f1","315","1781107527335","0.6477574259485944"
"EOPKGTopologyConditionedWI","","drift_window_macro_f1","317","1781107528691","0.6409011763737548"
"EOPKGTopologyConditionedWI","","drift_window_macro_f1","319","1781107530055","0.6389754870671511"
"EOPKGTopologyConditionedWI","","drift_window_macro_f1","320","1781107530597","0.6389369779921508"
"EOPKGTopologyConditionedWI","","drift_window_macro_f1","322","1781107531835","0.6405231902876973"
"EOPKGTopologyConditionedWI","","drift_window_macro_f1","324","1781107533392","0.638775718848238"
"EOPKGTopologyConditionedWI","","drift_window_macro_f1","325","1781107533916","0.6393311511818168"
"EOPKGTopologyConditionedWI","","drift_window_macro_f1","327","1781107534990","0.6422372226671467"
"EOPKGTopologyConditionedWI","","drift_window_macro_f1","329","1781107536197","0.6088195470747018"
"EOPKGTopologyConditionedWI","","drift_window_macro_f1","331","1781107537442","0.5797193272359964"
"EOPKGTopologyConditionedWI","","drift_window_macro_f1","332","1781107537928","0.5786702521148817"
"EOPKGTopologyConditionedWI","","drift_window_macro_f1","334","1781107539154","0.5580308516946372"
"EOPKGTopologyConditionedWI","","drift_window_macro_f1","336","1781107540137","0.5484333244194064"
"EOPKGTopologyConditionedWI","","drift_window_macro_f1","337","1781107540529","0.54003836228245"
"EOPKGTopologyConditionedWI","","drift_window_macro_f1","339","1781107541302","0.5056970283119673"
"EOPKGTopologyConditionedWI","","drift_window_macro_f1","341","1781107542074","0.5019915218814701"
"EOPKGTopologyConditionedWI","","drift_window_macro_f1","342","1781107542576","0.4961314391730654"
"EOPKGTopologyConditionedWI","","drift_window_macro_f1","344","1781107543579","0.5011365637016321"
"EOPKGTopologyConditionedWI","","drift_window_macro_f1","346","1781107544413","0.49986596193734323"
"EOPKGTopologyConditionedWI","","drift_window_macro_f1","348","1781107545323","0.478813481898493"
"EOPKGTopologyConditionedWI","","drift_window_macro_f1","349","1781107545708","0.4781466497803134"
"EOPKGTopologyConditionedWI","","drift_window_macro_f1","351","1781107546598","0.4763752238326564"
"EOPKGTopologyConditionedWI","","drift_window_macro_f1","353","1781107547532","0.47742487915146475"
"EOPKGTopologyConditionedWI","","drift_window_macro_f1","354","1781107548306","0.47650910654004974"
"EOPKGTopologyConditionedWI","","drift_window_macro_f1","356","1781107549442","0.47743510635240094"
"EOPKGTopologyConditionedWI","","drift_window_macro_f1","358","1781107550471","0.48841538569313414"
"EOPKGTopologyConditionedWI","","drift_window_macro_f1","360","1781107551514","0.4911456922114234"
"EOPKGTopologyConditionedWI","","drift_window_macro_f1","361","1781107552028","0.4923057439160957"
"EOPKGTopologyConditionedWI","","drift_window_macro_f1","363","1781107552962","0.4900249826792346"
"EOPKGTopologyConditionedWI","","drift_window_macro_f1","365","1781107553749","0.4936189389911216"
"EOPKGTopologyConditionedWI","","drift_window_macro_f1","366","1781107554246","0.49402453363556936"
"EOPKGTopologyConditionedWI","","drift_window_macro_f1","368","1781107555075","0.49251524094805177"
"EOPKGTopologyConditionedWI","","drift_window_macro_f1","370","1781107556016","0.4933185528175483"
"EOPKGTopologyConditionedWI","","drift_window_macro_f1","371","1781107556466","0.4960067789933861"
"EOPKGTopologyConditionedWI","","drift_window_macro_f1","373","1781107557404","0.501597820491291"
"EOPKGTopologyConditionedWI","","drift_window_macro_f1","375","1781107558286","0.4998440131771373"
"EOPKGTopologyConditionedWI","","drift_window_macro_f1","377","1781107559218","0.48257515756644154"
"EOPKGTopologyConditionedWI","","drift_window_macro_f1","378","1781107559618","0.4818975690231392"
"EOPKGTopologyConditionedWI","","drift_window_macro_f1","380","1781107560915","0.48367695355360213"
"EOPKGTopologyConditionedWI","","drift_window_macro_f1","382","1781107562159","0.48628200965094626"
"EOPKGTopologyConditionedWI","","drift_window_macro_f1","383","1781107562652","0.4835016521208316"
"EOPKGTopologyConditionedWI","","drift_window_macro_f1","385","1781107563646","0.48618155195775037"
"EOPKGTopologyConditionedWI","","drift_window_macro_f1","387","1781107564573","0.50379418589301"
"EOPKGTopologyConditionedWI","","drift_window_macro_f1","389","1781107565480","0.5017944138358071"
"EOPKGTopologyConditionedWI","","drift_window_macro_f1","390","1781107565901","0.5014876535212238"
"EOPKGTopologyConditionedWI","","drift_window_macro_f1","392","1781107566779","0.49977356394966055"
"EOPKGTopologyConditionedWI","","drift_window_macro_f1","394","1781107567773","0.4969947597455163"
"EOPKGTopologyConditionedWI","","drift_window_macro_f1","395","1781107568200","0.4963574561127343"
"EOPKGTopologyConditionedWI","","drift_window_macro_f1","397","1781107569415","0.4934900279970199"
"EOPKGTopologyConditionedWI","","drift_window_macro_f1","399","1781107570427","0.49828322082436244"
"EOPKGTopologyConditionedWI","","drift_window_macro_f1","400","1781107570936","0.5015262590158789"
"EOPKGTopologyConditionedWI","","drift_window_macro_f1","402","1781107571942","0.5097671658269642"
"EOPKGTopologyConditionedWI","","drift_window_macro_f1","404","1781107572908","0.5105977552925469"
"EOPKGTopologyConditionedWI","","drift_window_macro_f1","406","1781107573867","0.5142887267661268"
"EOPKGTopologyConditionedWI","","drift_window_macro_f1","407","1781107574345","0.50498517635106"
"EOPKGTopologyConditionedWI","","drift_window_macro_f1","409","1781107575302","0.5009268489953005"
"EOPKGTopologyConditionedWI","","drift_window_macro_f1","411","1781107576198","0.4966622997042557"
"EOPKGTopologyConditionedWI","","drift_window_macro_f1","412","1781107576654","0.49926142415522784"
"EOPKGTopologyConditionedWI","","drift_window_macro_f1","414","1781107577584","0.4972786637315398"
"EOPKGTopologyConditionedWI","","drift_window_macro_f1","416","1781107578499","0.4981506864833287"
"EOPKGTopologyConditionedWI","","drift_window_macro_f1","418","1781107579334","0.49892481482606676"
"EOPKGTopologyConditionedWI","","drift_window_macro_f1","419","1781107579746","0.494922862700985"
"EOPKGTopologyConditionedWI","","drift_window_macro_f1","421","1781107581211","0.4881882709701932"
"EOPKGTopologyConditionedWI","","drift_window_macro_f1","423","1781107582292","0.4882391146807102"
"EOPKGTopologyConditionedWI","","drift_window_macro_f1","424","1781107582843","0.48782157170788965"
"EOPKGTopologyConditionedWI","","drift_window_macro_f1","426","1781107583855","0.48811892212704644"
"EOPKGTopologyConditionedWI","","drift_window_macro_f1","428","1781107585533","0.4876572499625417"
"EOPKGTopologyConditionedWI","","drift_window_macro_f1","429","1781107586055","0.5018451719340105"
"EOPKGTopologyConditionedWI","","drift_window_macro_f1","431","1781107587079","0.49397612985398887"
"EOPKGTopologyConditionedWI","","drift_window_macro_f1","433","1781107587958","0.5010720995008751"
"EOPKGTopologyConditionedWI","","drift_window_macro_f1","435","1781107588896","0.4576264998168039"
"EOPKGTopologyConditionedWI","","drift_window_macro_f1","436","1781107589532","0.4502535385556915"
"EOPKGTopologyConditionedWI","","drift_window_macro_f1","438","1781107590918","0.44838991867316763"
"EOPKGTopologyConditionedWI","","drift_window_macro_f1","440","1781107591922","0.43577683577205945"
"EOPKGTopologyConditionedWI","","drift_window_macro_f1","441","1781107592357","0.43081646737333906"
"EOPKGTopologyConditionedWI","","drift_window_macro_f1","443","1781107593378","0.4132790922789865"
"EOPKGTopologyConditionedWI","","drift_window_macro_f1","445","1781107594391","0.4198038152593343"
"EOPKGTopologyConditionedWI","","drift_window_macro_f1","447","1781107595347","0.41970524617330296"
"EOPKGTopologyConditionedWI","","drift_window_macro_f1","448","1781107595742","0.4196490333588826"
"EOPKGTopologyConditionedWI","","drift_window_macro_f1","450","1781107596960","0.42673230102808263"
"EOPKGTopologyConditionedWI","","drift_window_macro_f1","452","1781107597832","0.43161384893765475"
"EOPKGTopologyConditionedWI","","drift_window_macro_f1","453","1781107598263","0.43219697201273066"
"EOPKGTopologyConditionedWI","","drift_window_macro_f1","455","1781107599186","0.41738670254488214"
"EOPKGTopologyConditionedWI","","drift_window_macro_f1","457","1781107600245","0.415386507274746"
"EOPKGTopologyConditionedWI","","drift_window_macro_f1","458","1781107600699","0.4167262273899818"
"EOPKGTopologyConditionedWI","","drift_window_macro_f1","460","1781107601691","0.414119981103468"
"EOPKGTopologyConditionedWI","","drift_window_macro_f1","462","1781107602639","0.4121655623920325"
"EOPKGTopologyConditionedWI","","drift_window_macro_f1","464","1781107603665","0.4251597698833044"
"EOPKGTopologyConditionedWI","","drift_window_macro_f1","465","1781107604342","0.42622380030017526"
"EOPKGTopologyConditionedWI","","drift_window_macro_f1","467","1781107605330","0.4193340485874062"
"EOPKGTopologyConditionedWI","","drift_window_macro_f1","469","1781107606512","0.4172574303729627"
"EOPKGTopologyConditionedWI","","drift_window_macro_f1","470","1781107607245","0.4165504220235065"
"EOPKGTopologyConditionedWI","","drift_window_macro_f1","472","1781107608271","0.40672918282434994"
"EOPKGTopologyConditionedWI","","drift_window_macro_f1","474","1781107609261","0.3976069397082981"
"EOPKGTopologyConditionedWI","","drift_window_macro_f1","476","1781107610342","0.4091705161139888"
"EOPKGTopologyConditionedWI","","drift_window_macro_f1","477","1781107610976","0.4091606045602504"
"EOPKGTopologyConditionedWI","","drift_window_macro_f1","479","1781107612026","0.4052461839878836"
"EOPKGTopologyConditionedWI","","drift_window_macro_f1","481","1781107612953","0.40726966011990556"
"EOPKGTopologyConditionedWI","","drift_window_macro_f1","482","1781107613396","0.40719345879550434"
"EOPKGTopologyConditionedWI","","drift_window_macro_f1","484","1781107614448","0.4077085458749516"
"EOPKGTopologyConditionedWI","","drift_window_macro_f1","486","1781107615734","0.40608088008402454"
"EOPKGTopologyConditionedWI","","drift_window_macro_f1","487","1781107616352","0.40684864649413505"
"EOPKGTopologyConditionedWI","","drift_window_macro_f1","489","1781107617308","0.41679595724464136"
"EOPKGTopologyConditionedWI","","drift_window_macro_f1","491","1781107618432","0.41563075533530897"
"EOPKGTopologyConditionedWI","","drift_window_macro_f1","493","1781107619731","0.42219602354576563"
"EOPKGTopologyConditionedWI","","drift_window_macro_f1","494","1781107620216","0.42022134820251394"
"EOPKGTopologyConditionedWI","","drift_window_macro_f1","496","1781107621179","0.42893627036551535"
"EOPKGTopologyConditionedWI","","drift_window_macro_f1","498","1781107622292","0.42784318680485195"
"EOPKGTopologyConditionedWI","","drift_window_macro_f1","499","1781107622809","0.42925044609017127"
"EOPKGTopologyConditionedWI","","drift_window_macro_f1","501","1781107623870","0.42288346914252306"
"EOPKGTopologyConditionedWI","","drift_window_macro_f1","503","1781107624822","0.4236120310824229"
"EOPKGTopologyConditionedWI","","drift_window_macro_f1","505","1781107625712","0.421506539515617"
"EOPKGTopologyConditionedWI","","drift_window_macro_f1","506","1781107626243","0.4221756163046688"
"EOPKGTopologyConditionedWI","","drift_window_macro_f1","508","1781107627366","0.4084941205056848"
"EOPKGTopologyConditionedWI","","drift_window_macro_f1","510","1781107628376","0.40844157555152877"
"EOPKGTopologyConditionedWI","","drift_window_macro_f1","511","1781107628816","0.40642655626898894"
"EOPKGTopologyConditionedWI","","drift_window_macro_f1","513","1781107629882","0.4072737642912784"
"EOPKGTopologyConditionedWI","","drift_window_macro_f1","515","1781107631092","0.4061694508908825"
"EOPKGTopologyConditionedWI","","drift_window_macro_f1","516","1781107631829","0.4069698031043488"
"EOPKGTopologyConditionedWI","","drift_window_macro_f1","518","1781107632820","0.4156824869190471"
"EOPKGTopologyConditionedWI","","drift_window_macro_f1","520","1781107633895","0.4263132798005175"
"EOPKGTopologyConditionedWI","","drift_window_macro_f1","522","1781107634788","0.4193273139743969"
"EOPKGTopologyConditionedWI","","drift_window_macro_f1","523","1781107635349","0.41695949616063316"
"EOPKGTopologyConditionedWI","","drift_window_macro_f1","525","1781107636677","0.41688343093656"
"EOPKGTopologyConditionedWI","","drift_window_macro_f1","527","1781107637689","0.41282145449958013"
"EOPKGTopologyConditionedWI","","drift_window_macro_f1","528","1781107638161","0.41417566880508216"
"EOPKGTopologyConditionedWI","","drift_window_macro_f1","530","1781107639477","0.4107062190525337"
"EOPKGTopologyConditionedWI","","drift_window_macro_f1","532","1781107640657","0.40045776050301257"
"EOPKGTopologyConditionedWI","","drift_window_macro_f1","534","1781107641845","0.4004212994259858"
"EOPKGTopologyConditionedWI","","drift_window_macro_f1","535","1781107642469","0.3983658278555086"
"EOPKGTopologyConditionedWI","","drift_window_macro_f1","537","1781107643762","0.3984636596109584"
"EOPKGTopologyConditionedWI","","drift_window_macro_f1","539","1781107644774","0.4005395254598517"
"EOPKGTopologyConditionedWI","","drift_window_macro_f1","540","1781107645137","0.4015250136171436"
"EOPKGTopologyConditionedWI","","drift_window_macro_f1","542","1781107645956","0.42545402976139746"
"EOPKGTopologyConditionedWI","","drift_window_macro_f1","544","1781107647518","0.4129209917833504"
"EOPKGTopologyConditionedWI","","drift_window_macro_f1","545","1781107648091","0.4152796115964782"
