run_set,paper_model,model_type,run_id,experiment_id,run_name,preset_name,seed,metric,step,timestamp,value
learn,EOPKG,EOPKGTopologyConditioned,43c4e96d97544cea9eae53251dac57de,854778689611649472,_EOPKG_TC-UN-f1-5-penalty3l-32_loan_v1_v5_simulated_GATv2,_EOPKG_TC-UN-f1-5-penalty3l,32,epoch_duration_sec,1,1781418842688,251.75490829999762
learn,EOPKG,EOPKGTopologyConditioned,43c4e96d97544cea9eae53251dac57de,854778689611649472,_EOPKG_TC-UN-f1-5-penalty3l-32_loan_v1_v5_simulated_GATv2,_EOPKG_TC-UN-f1-5-penalty3l,32,epoch_duration_sec,2,1781419098292,225.2990654000023
learn,EOPKG,EOPKGTopologyConditioned,43c4e96d97544cea9eae53251dac57de,854778689611649472,_EOPKG_TC-UN-f1-5-penalty3l-32_loan_v1_v5_simulated_GATv2,_EOPKG_TC-UN-f1-5-penalty3l,32,epoch_duration_sec,3,1781419355942,227.43715059999522
learn,EOPKG,EOPKGTopologyConditioned,43c4e96d97544cea9eae53251dac57de,854778689611649472,_EOPKG_TC-UN-f1-5-penalty3l-32_loan_v1_v5_simulated_GATv2,_EOPKG_TC-UN-f1-5-penalty3l,32,epoch_duration_sec,4,1781419654248,259.3374296999973
learn,EOPKG,EOPKGTopologyConditioned,43c4e96d97544cea9eae53251dac57de,854778689611649472,_EOPKG_TC-UN-f1-5-penalty3l-32_loan_v1_v5_simulated_GATv2,_EOPKG_TC-UN-f1-5-penalty3l,32,epoch_duration_sec,5,1781419929931,243.10820770000282
learn,EOPKG,EOPKGTopologyConditioned,43c4e96d97544cea9eae53251dac57de,854778689611649472,_EOPKG_TC-UN-f1-5-penalty3l-32_loan_v1_v5_simulated_GATv2,_EOPKG_TC-UN-f1-5-penalty3l,32,epoch_duration_sec,6,1781420191131,230.7614259999973
learn,EOPKG,EOPKGTopologyConditioned,43c4e96d97544cea9eae53251dac57de,854778689611649472,_EOPKG_TC-UN-f1-5-penalty3l-32_loan_v1_v5_simulated_GATv2,_EOPKG_TC-UN-f1-5-penalty3l,32,epoch_duration_sec,7,1781420449118,227.7189292000039
learn,EOPKG,EOPKGTopologyConditioned,43c4e96d97544cea9eae53251dac57de,854778689611649472,_EOPKG_TC-UN-f1-5-penalty3l-32_loan_v1_v5_simulated_GATv2,_EOPKG_TC-UN-f1-5-penalty3l,32,epoch_duration_sec,8,1781420715978,227.77027400000225
learn,EOPKG,EOPKGTopologyConditioned,43c4e96d97544cea9eae53251dac57de,854778689611649472,_EOPKG_TC-UN-f1-5-penalty3l-32_loan_v1_v5_simulated_GATv2,_EOPKG_TC-UN-f1-5-penalty3l,32,epoch_duration_sec,9,1781420977038,229.38227789999655
learn,EOPKG,EOPKGTopologyConditioned,43c4e96d97544cea9eae53251dac57de,854778689611649472,_EOPKG_TC-UN-f1-5-penalty3l-32_loan_v1_v5_simulated_GATv2,_EOPKG_TC-UN-f1-5-penalty3l,32,epoch_duration_sec,10,1781421256425,221.44796950000455
learn,EOPKG,EOPKGTopologyConditioned,43c4e96d97544cea9eae53251dac57de,854778689611649472,_EOPKG_TC-UN-f1-5-penalty3l-32_loan_v1_v5_simulated_GATv2,_EOPKG_TC-UN-f1-5-penalty3l,32,epoch_duration_sec,11,1781421747042,437.02531309999904
learn,EOPKG,EOPKGTopologyConditioned,43c4e96d97544cea9eae53251dac57de,854778689611649472,_EOPKG_TC-UN-f1-5-penalty3l-32_loan_v1_v5_simulated_GATv2,_EOPKG_TC-UN-f1-5-penalty3l,32,epoch_duration_sec,12,1781422040238,257.50634459999856
learn,EOPKG,EOPKGTopologyConditioned,43c4e96d97544cea9eae53251dac57de,854778689611649472,_EOPKG_TC-UN-f1-5-penalty3l-32_loan_v1_v5_simulated_GATv2,_EOPKG_TC-UN-f1-5-penalty3l,32,epoch_duration_sec,13,1781422501650,425.1525013999999
learn,EOPKG,EOPKGTopologyConditioned,43c4e96d97544cea9eae53251dac57de,854778689611649472,_EOPKG_TC-UN-f1-5-penalty3l-32_loan_v1_v5_simulated_GATv2,_EOPKG_TC-UN-f1-5-penalty3l,32,epoch_duration_sec,14,1781422788229,251.62871549999545
learn,EOPKG,EOPKGTopologyConditioned,43c4e96d97544cea9eae53251dac57de,854778689611649472,_EOPKG_TC-UN-f1-5-penalty3l-32_loan_v1_v5_simulated_GATv2,_EOPKG_TC-UN-f1-5-penalty3l,32,epoch_duration_sec,15,1781423099463,248.6122747000045
learn,EOPKG,EOPKGTopologyConditioned,43c4e96d97544cea9eae53251dac57de,854778689611649472,_EOPKG_TC-UN-f1-5-penalty3l-32_loan_v1_v5_simulated_GATv2,_EOPKG_TC-UN-f1-5-penalty3l,32,epoch_duration_sec,16,1781423444848,307.5948547000007
learn,EOPKG,EOPKGTopologyConditioned,43c4e96d97544cea9eae53251dac57de,854778689611649472,_EOPKG_TC-UN-f1-5-penalty3l-32_loan_v1_v5_simulated_GATv2,_EOPKG_TC-UN-f1-5-penalty3l,32,epoch_duration_sec,17,1781423747341,267.65804119999666
learn,EOPKG,EOPKGTopologyConditioned,43c4e96d97544cea9eae53251dac57de,854778689611649472,_EOPKG_TC-UN-f1-5-penalty3l-32_loan_v1_v5_simulated_GATv2,_EOPKG_TC-UN-f1-5-penalty3l,32,epoch_duration_sec,18,1781424025749,247.10149919999822
learn,EOPKG,EOPKGTopologyConditioned,43c4e96d97544cea9eae53251dac57de,854778689611649472,_EOPKG_TC-UN-f1-5-penalty3l-32_loan_v1_v5_simulated_GATv2,_EOPKG_TC-UN-f1-5-penalty3l,32,epoch_duration_sec,19,1781424285474,229.3119250000018
learn,EOPKG,EOPKGTopologyConditioned,43c4e96d97544cea9eae53251dac57de,854778689611649472,_EOPKG_TC-UN-f1-5-penalty3l-32_loan_v1_v5_simulated_GATv2,_EOPKG_TC-UN-f1-5-penalty3l,32,epoch_duration_sec,20,1781424544092,228.23651200000313
learn,EOPKG,EOPKGTopologyConditioned,43c4e96d97544cea9eae53251dac57de,854778689611649472,_EOPKG_TC-UN-f1-5-penalty3l-32_loan_v1_v5_simulated_GATv2,_EOPKG_TC-UN-f1-5-penalty3l,32,epoch_duration_sec,21,1781424802418,227.7691221999994
learn,EOPKG,EOPKGTopologyConditioned,43c4e96d97544cea9eae53251dac57de,854778689611649472,_EOPKG_TC-UN-f1-5-penalty3l-32_loan_v1_v5_simulated_GATv2,_EOPKG_TC-UN-f1-5-penalty3l,32,epoch_duration_sec,22,1781425062165,229.2723154999985
learn,EOPKG,EOPKGTopologyConditioned,43c4e96d97544cea9eae53251dac57de,854778689611649472,_EOPKG_TC-UN-f1-5-penalty3l-32_loan_v1_v5_simulated_GATv2,_EOPKG_TC-UN-f1-5-penalty3l,32,epoch_duration_sec,23,1781425321050,228.37661549999757
learn,EOPKG,EOPKGTopologyConditioned,43c4e96d97544cea9eae53251dac57de,854778689611649472,_EOPKG_TC-UN-f1-5-penalty3l-32_loan_v1_v5_simulated_GATv2,_EOPKG_TC-UN-f1-5-penalty3l,32,epoch_duration_sec,24,1781425583755,232.412748200004
learn,EOPKG,EOPKGTopologyConditioned,43c4e96d97544cea9eae53251dac57de,854778689611649472,_EOPKG_TC-UN-f1-5-penalty3l-32_loan_v1_v5_simulated_GATv2,_EOPKG_TC-UN-f1-5-penalty3l,32,epoch_duration_sec,25,1781425849947,234.89456430000428
learn,EOPKG,EOPKGTopologyConditioned,43c4e96d97544cea9eae53251dac57de,854778689611649472,_EOPKG_TC-UN-f1-5-penalty3l-32_loan_v1_v5_simulated_GATv2,_EOPKG_TC-UN-f1-5-penalty3l,32,epoch_duration_sec,26,1781426109344,227.61738170000172
learn,EOPKG,EOPKGTopologyConditioned,43c4e96d97544cea9eae53251dac57de,854778689611649472,_EOPKG_TC-UN-f1-5-penalty3l-32_loan_v1_v5_simulated_GATv2,_EOPKG_TC-UN-f1-5-penalty3l,32,epoch_duration_sec,27,1781426370487,230.84090939999442
learn,EOPKG,EOPKGTopologyConditioned,43c4e96d97544cea9eae53251dac57de,854778689611649472,_EOPKG_TC-UN-f1-5-penalty3l-32_loan_v1_v5_simulated_GATv2,_EOPKG_TC-UN-f1-5-penalty3l,32,epoch_duration_sec,28,1781426628880,227.71237649999966
learn,EOPKG,EOPKGTopologyConditioned,43c4e96d97544cea9eae53251dac57de,854778689611649472,_EOPKG_TC-UN-f1-5-penalty3l-32_loan_v1_v5_simulated_GATv2,_EOPKG_TC-UN-f1-5-penalty3l,32,epoch_duration_sec,29,1781426888557,228.93402329999662
learn,EOPKG,EOPKGTopologyConditioned,43c4e96d97544cea9eae53251dac57de,854778689611649472,_EOPKG_TC-UN-f1-5-penalty3l-32_loan_v1_v5_simulated_GATv2,_EOPKG_TC-UN-f1-5-penalty3l,32,epoch_duration_sec,30,1781427146462,227.5474325000032
learn,EOPKG,EOPKGTopologyConditioned,43c4e96d97544cea9eae53251dac57de,854778689611649472,_EOPKG_TC-UN-f1-5-penalty3l-32_loan_v1_v5_simulated_GATv2,_EOPKG_TC-UN-f1-5-penalty3l,32,epoch_duration_sec,31,1781427408074,230.76821959999506
learn,EOPKG,EOPKGTopologyConditioned,5e56c5c7531d4675b4c740f509ff678f,854778689611649472,_EOPKG_TC-UN-f1-5-penalty3l-42_loan_v1_v5_simulated_GATv2,_EOPKG_TC-UN-f1-5-penalty3l,42,epoch_duration_sec,1,1780655677954,271.0694757000001
learn,EOPKG,EOPKGTopologyConditioned,5e56c5c7531d4675b4c740f509ff678f,854778689611649472,_EOPKG_TC-UN-f1-5-penalty3l-42_loan_v1_v5_simulated_GATv2,_EOPKG_TC-UN-f1-5-penalty3l,42,epoch_duration_sec,2,1780655974575,258.64223369999945
learn,EOPKG,EOPKGTopologyConditioned,5e56c5c7531d4675b4c740f509ff678f,854778689611649472,_EOPKG_TC-UN-f1-5-penalty3l-42_loan_v1_v5_simulated_GATv2,_EOPKG_TC-UN-f1-5-penalty3l,42,epoch_duration_sec,3,1780656285472,273.09914709999975
learn,EOPKG,EOPKGTopologyConditioned,5e56c5c7531d4675b4c740f509ff678f,854778689611649472,_EOPKG_TC-UN-f1-5-penalty3l-42_loan_v1_v5_simulated_GATv2,_EOPKG_TC-UN-f1-5-penalty3l,42,epoch_duration_sec,4,1780656603284,279.8150037000005
learn,EOPKG,EOPKGTopologyConditioned,5e56c5c7531d4675b4c740f509ff678f,854778689611649472,_EOPKG_TC-UN-f1-5-penalty3l-42_loan_v1_v5_simulated_GATv2,_EOPKG_TC-UN-f1-5-penalty3l,42,epoch_duration_sec,5,1780656932710,286.4196802999995
learn,EOPKG,EOPKGTopologyConditioned,5e56c5c7531d4675b4c740f509ff678f,854778689611649472,_EOPKG_TC-UN-f1-5-penalty3l-42_loan_v1_v5_simulated_GATv2,_EOPKG_TC-UN-f1-5-penalty3l,42,epoch_duration_sec,6,1780657329985,345.65236189999996
learn,EOPKG,EOPKGTopologyConditioned,5e56c5c7531d4675b4c740f509ff678f,854778689611649472,_EOPKG_TC-UN-f1-5-penalty3l-42_loan_v1_v5_simulated_GATv2,_EOPKG_TC-UN-f1-5-penalty3l,42,epoch_duration_sec,7,1780657687822,311.95288549999987
learn,EOPKG,EOPKGTopologyConditioned,5e56c5c7531d4675b4c740f509ff678f,854778689611649472,_EOPKG_TC-UN-f1-5-penalty3l-42_loan_v1_v5_simulated_GATv2,_EOPKG_TC-UN-f1-5-penalty3l,42,epoch_duration_sec,8,1780658037161,309.1547263000002
learn,EOPKG,EOPKGTopologyConditioned,5e56c5c7531d4675b4c740f509ff678f,854778689611649472,_EOPKG_TC-UN-f1-5-penalty3l-42_loan_v1_v5_simulated_GATv2,_EOPKG_TC-UN-f1-5-penalty3l,42,epoch_duration_sec,9,1780658417400,299.89761369999997
learn,EOPKG,EOPKGTopologyConditioned,5e56c5c7531d4675b4c740f509ff678f,854778689611649472,_EOPKG_TC-UN-f1-5-penalty3l-42_loan_v1_v5_simulated_GATv2,_EOPKG_TC-UN-f1-5-penalty3l,42,epoch_duration_sec,10,1780658771357,311.4036887000002
learn,EOPKG,EOPKGTopologyConditioned,5e56c5c7531d4675b4c740f509ff678f,854778689611649472,_EOPKG_TC-UN-f1-5-penalty3l-42_loan_v1_v5_simulated_GATv2,_EOPKG_TC-UN-f1-5-penalty3l,42,epoch_duration_sec,11,1780659065738,259.9152061999994
learn,EOPKG,EOPKGTopologyConditioned,5e56c5c7531d4675b4c740f509ff678f,854778689611649472,_EOPKG_TC-UN-f1-5-penalty3l-42_loan_v1_v5_simulated_GATv2,_EOPKG_TC-UN-f1-5-penalty3l,42,epoch_duration_sec,12,1780659385079,268.1282024000011
learn,EOPKG,EOPKGTopologyConditioned,5e56c5c7531d4675b4c740f509ff678f,854778689611649472,_EOPKG_TC-UN-f1-5-penalty3l-42_loan_v1_v5_simulated_GATv2,_EOPKG_TC-UN-f1-5-penalty3l,42,epoch_duration_sec,13,1780659722184,302.3227433000011
learn,EOPKG,EOPKGTopologyConditioned,5e56c5c7531d4675b4c740f509ff678f,854778689611649472,_EOPKG_TC-UN-f1-5-penalty3l-42_loan_v1_v5_simulated_GATv2,_EOPKG_TC-UN-f1-5-penalty3l,42,epoch_duration_sec,14,1780660047304,268.6506535000008
learn,EOPKG,EOPKGTopologyConditioned,5e56c5c7531d4675b4c740f509ff678f,854778689611649472,_EOPKG_TC-UN-f1-5-penalty3l-42_loan_v1_v5_simulated_GATv2,_EOPKG_TC-UN-f1-5-penalty3l,42,epoch_duration_sec,15,1780660418692,332.8624297000006
learn,EOPKG,EOPKGTopologyConditioned,5e56c5c7531d4675b4c740f509ff678f,854778689611649472,_EOPKG_TC-UN-f1-5-penalty3l-42_loan_v1_v5_simulated_GATv2,_EOPKG_TC-UN-f1-5-penalty3l,42,epoch_duration_sec,16,1780660734082,276.5787916999998
learn,EOPKG,EOPKGTopologyConditioned,5e56c5c7531d4675b4c740f509ff678f,854778689611649472,_EOPKG_TC-UN-f1-5-penalty3l-42_loan_v1_v5_simulated_GATv2,_EOPKG_TC-UN-f1-5-penalty3l,42,epoch_duration_sec,17,1780661073418,297.0918801000007
learn,EOPKG,EOPKGTopologyConditioned,5e56c5c7531d4675b4c740f509ff678f,854778689611649472,_EOPKG_TC-UN-f1-5-penalty3l-42_loan_v1_v5_simulated_GATv2,_EOPKG_TC-UN-f1-5-penalty3l,42,epoch_duration_sec,18,1780661353987,243.71666949999963
learn,EOPKG,EOPKGTopologyConditioned,5e56c5c7531d4675b4c740f509ff678f,854778689611649472,_EOPKG_TC-UN-f1-5-penalty3l-42_loan_v1_v5_simulated_GATv2,_EOPKG_TC-UN-f1-5-penalty3l,42,epoch_duration_sec,19,1780661625256,237.21724150000045
learn,EOPKG,EOPKGTopologyConditioned,5e56c5c7531d4675b4c740f509ff678f,854778689611649472,_EOPKG_TC-UN-f1-5-penalty3l-42_loan_v1_v5_simulated_GATv2,_EOPKG_TC-UN-f1-5-penalty3l,42,epoch_duration_sec,20,1780661898900,240.32175879999886
learn,EOPKG,EOPKGTopologyConditioned,5e56c5c7531d4675b4c740f509ff678f,854778689611649472,_EOPKG_TC-UN-f1-5-penalty3l-42_loan_v1_v5_simulated_GATv2,_EOPKG_TC-UN-f1-5-penalty3l,42,epoch_duration_sec,21,1780662169038,236.32065010000042
learn,EOPKG,EOPKGTopologyConditioned,5e56c5c7531d4675b4c740f509ff678f,854778689611649472,_EOPKG_TC-UN-f1-5-penalty3l-42_loan_v1_v5_simulated_GATv2,_EOPKG_TC-UN-f1-5-penalty3l,42,epoch_duration_sec,22,1780662440313,237.4596752999987
learn,EOPKG,EOPKGTopologyConditioned,5e56c5c7531d4675b4c740f509ff678f,854778689611649472,_EOPKG_TC-UN-f1-5-penalty3l-42_loan_v1_v5_simulated_GATv2,_EOPKG_TC-UN-f1-5-penalty3l,42,epoch_duration_sec,23,1780662709275,235.24492530000134
learn,EOPKG,EOPKGTopologyConditioned,5e56c5c7531d4675b4c740f509ff678f,854778689611649472,_EOPKG_TC-UN-f1-5-penalty3l-42_loan_v1_v5_simulated_GATv2,_EOPKG_TC-UN-f1-5-penalty3l,42,epoch_duration_sec,24,1780662980993,236.95415289999983
learn,EOPKG,EOPKGTopologyConditioned,5e56c5c7531d4675b4c740f509ff678f,854778689611649472,_EOPKG_TC-UN-f1-5-penalty3l-42_loan_v1_v5_simulated_GATv2,_EOPKG_TC-UN-f1-5-penalty3l,42,epoch_duration_sec,25,1780663250024,235.96203239999886
learn,EOPKG,EOPKGTopologyConditioned,5e56c5c7531d4675b4c740f509ff678f,854778689611649472,_EOPKG_TC-UN-f1-5-penalty3l-42_loan_v1_v5_simulated_GATv2,_EOPKG_TC-UN-f1-5-penalty3l,42,epoch_duration_sec,26,1780663519365,235.70133890000034
learn,EOPKG,EOPKGTopologyConditioned,5e56c5c7531d4675b4c740f509ff678f,854778689611649472,_EOPKG_TC-UN-f1-5-penalty3l-42_loan_v1_v5_simulated_GATv2,_EOPKG_TC-UN-f1-5-penalty3l,42,epoch_duration_sec,27,1780663792690,240.12747949999903
learn,EOPKG,EOPKGTopologyConditioned,5e56c5c7531d4675b4c740f509ff678f,854778689611649472,_EOPKG_TC-UN-f1-5-penalty3l-42_loan_v1_v5_simulated_GATv2,_EOPKG_TC-UN-f1-5-penalty3l,42,epoch_duration_sec,28,1780664061912,235.9725514999991
learn,EOPKG,EOPKGTopologyConditioned,5e56c5c7531d4675b4c740f509ff678f,854778689611649472,_EOPKG_TC-UN-f1-5-penalty3l-42_loan_v1_v5_simulated_GATv2,_EOPKG_TC-UN-f1-5-penalty3l,42,epoch_duration_sec,29,1780664331320,235.54687999999987
learn,EOPKG,EOPKGTopologyConditioned,5e56c5c7531d4675b4c740f509ff678f,854778689611649472,_EOPKG_TC-UN-f1-5-penalty3l-42_loan_v1_v5_simulated_GATv2,_EOPKG_TC-UN-f1-5-penalty3l,42,epoch_duration_sec,30,1780664600418,235.6354666999996
learn,EOPKG,EOPKGTopologyConditioned,5e56c5c7531d4675b4c740f509ff678f,854778689611649472,_EOPKG_TC-UN-f1-5-penalty3l-42_loan_v1_v5_simulated_GATv2,_EOPKG_TC-UN-f1-5-penalty3l,42,epoch_duration_sec,31,1780664880117,246.9160508999994
learn,EOPKG,EOPKGTopologyConditioned,5e56c5c7531d4675b4c740f509ff678f,854778689611649472,_EOPKG_TC-UN-f1-5-penalty3l-42_loan_v1_v5_simulated_GATv2,_EOPKG_TC-UN-f1-5-penalty3l,42,epoch_duration_sec,32,1780665151204,237.94915599999877
learn,EOPKG,EOPKGTopologyConditioned,5e56c5c7531d4675b4c740f509ff678f,854778689611649472,_EOPKG_TC-UN-f1-5-penalty3l-42_loan_v1_v5_simulated_GATv2,_EOPKG_TC-UN-f1-5-penalty3l,42,epoch_duration_sec,33,1780665423910,237.35619849999966
learn,EOPKG,EOPKGTopologyConditioned,5e56c5c7531d4675b4c740f509ff678f,854778689611649472,_EOPKG_TC-UN-f1-5-penalty3l-42_loan_v1_v5_simulated_GATv2,_EOPKG_TC-UN-f1-5-penalty3l,42,epoch_duration_sec,34,1780665693057,236.33523369999966
learn,EOPKG,EOPKGTopologyConditioned,5e56c5c7531d4675b4c740f509ff678f,854778689611649472,_EOPKG_TC-UN-f1-5-penalty3l-42_loan_v1_v5_simulated_GATv2,_EOPKG_TC-UN-f1-5-penalty3l,42,epoch_duration_sec,35,1780665964118,237.70015990000138
learn,EOPKG,EOPKGTopologyConditioned,5e56c5c7531d4675b4c740f509ff678f,854778689611649472,_EOPKG_TC-UN-f1-5-penalty3l-42_loan_v1_v5_simulated_GATv2,_EOPKG_TC-UN-f1-5-penalty3l,42,epoch_duration_sec,36,1780666299670,301.74542649999967
learn,EOPKG,EOPKGTopologyConditioned,5e56c5c7531d4675b4c740f509ff678f,854778689611649472,_EOPKG_TC-UN-f1-5-penalty3l-42_loan_v1_v5_simulated_GATv2,_EOPKG_TC-UN-f1-5-penalty3l,42,epoch_duration_sec,37,1780666572440,239.6675538999989
learn,EOPKG,EOPKGTopologyConditioned,5e56c5c7531d4675b4c740f509ff678f,854778689611649472,_EOPKG_TC-UN-f1-5-penalty3l-42_loan_v1_v5_simulated_GATv2,_EOPKG_TC-UN-f1-5-penalty3l,42,epoch_duration_sec,38,1780666851801,239.79189730000144
learn,EOPKG,EOPKGTopologyConditioned,5e56c5c7531d4675b4c740f509ff678f,854778689611649472,_EOPKG_TC-UN-f1-5-penalty3l-42_loan_v1_v5_simulated_GATv2,_EOPKG_TC-UN-f1-5-penalty3l,42,epoch_duration_sec,39,1780667156530,267.9183616999999
learn,EOPKG,EOPKGTopologyConditioned,5e56c5c7531d4675b4c740f509ff678f,854778689611649472,_EOPKG_TC-UN-f1-5-penalty3l-42_loan_v1_v5_simulated_GATv2,_EOPKG_TC-UN-f1-5-penalty3l,42,epoch_duration_sec,40,1780670084448,251.71164579999822
learn,EOPKG,EOPKGTopologyConditioned,5e56c5c7531d4675b4c740f509ff678f,854778689611649472,_EOPKG_TC-UN-f1-5-penalty3l-42_loan_v1_v5_simulated_GATv2,_EOPKG_TC-UN-f1-5-penalty3l,42,epoch_duration_sec,41,1780670353073,234.27268809999805
learn,EOPKG,EOPKGTopologyConditioned,5e56c5c7531d4675b4c740f509ff678f,854778689611649472,_EOPKG_TC-UN-f1-5-penalty3l-42_loan_v1_v5_simulated_GATv2,_EOPKG_TC-UN-f1-5-penalty3l,42,epoch_duration_sec,42,1780670628409,241.6577802000029
learn,EOPKG,EOPKGTopologyConditioned,5e56c5c7531d4675b4c740f509ff678f,854778689611649472,_EOPKG_TC-UN-f1-5-penalty3l-42_loan_v1_v5_simulated_GATv2,_EOPKG_TC-UN-f1-5-penalty3l,42,epoch_duration_sec,43,1780670895973,234.43858669999827
learn,EOPKG,EOPKGTopologyConditioned,5e56c5c7531d4675b4c740f509ff678f,854778689611649472,_EOPKG_TC-UN-f1-5-penalty3l-42_loan_v1_v5_simulated_GATv2,_EOPKG_TC-UN-f1-5-penalty3l,42,epoch_duration_sec,44,1780671184529,247.7364392999989
learn,EOPKG,EOPKGTopologyConditioned,5fcc89889b1d45c489329f5e3df9a5a2,854778689611649472,_EOPKG_TC-UN-f1-5-penalty3l-78_loan_v1_v5_simulated_GATv2,_EOPKG_TC-UN-f1-5-penalty3l,78,epoch_duration_sec,1,1780870882262,548.7662436999963
learn,EOPKG,EOPKGTopologyConditioned,5fcc89889b1d45c489329f5e3df9a5a2,854778689611649472,_EOPKG_TC-UN-f1-5-penalty3l-78_loan_v1_v5_simulated_GATv2,_EOPKG_TC-UN-f1-5-penalty3l,78,epoch_duration_sec,2,1780871424695,473.72008080000523
learn,EOPKG,EOPKGTopologyConditioned,5fcc89889b1d45c489329f5e3df9a5a2,854778689611649472,_EOPKG_TC-UN-f1-5-penalty3l-78_loan_v1_v5_simulated_GATv2,_EOPKG_TC-UN-f1-5-penalty3l,78,epoch_duration_sec,3,1780871974655,481.64220049997675
learn,EOPKG,EOPKGTopologyConditioned,5fcc89889b1d45c489329f5e3df9a5a2,854778689611649472,_EOPKG_TC-UN-f1-5-penalty3l-78_loan_v1_v5_simulated_GATv2,_EOPKG_TC-UN-f1-5-penalty3l,78,epoch_duration_sec,4,1780883371482,493.9455087999813
learn,EOPKG,EOPKGTopologyConditioned,5fcc89889b1d45c489329f5e3df9a5a2,854778689611649472,_EOPKG_TC-UN-f1-5-penalty3l-78_loan_v1_v5_simulated_GATv2,_EOPKG_TC-UN-f1-5-penalty3l,78,epoch_duration_sec,5,1780892144987,233.86936100001913
learn,EOPKG,EOPKGTopologyConditioned,5fcc89889b1d45c489329f5e3df9a5a2,854778689611649472,_EOPKG_TC-UN-f1-5-penalty3l-78_loan_v1_v5_simulated_GATv2,_EOPKG_TC-UN-f1-5-penalty3l,78,epoch_duration_sec,6,1780892395654,219.14534319998347
learn,EOPKG,EOPKGTopologyConditioned,5fcc89889b1d45c489329f5e3df9a5a2,854778689611649472,_EOPKG_TC-UN-f1-5-penalty3l-78_loan_v1_v5_simulated_GATv2,_EOPKG_TC-UN-f1-5-penalty3l,78,epoch_duration_sec,7,1780892658907,230.34172920000856
learn,EOPKG,EOPKGTopologyConditioned,5fcc89889b1d45c489329f5e3df9a5a2,854778689611649472,_EOPKG_TC-UN-f1-5-penalty3l-78_loan_v1_v5_simulated_GATv2,_EOPKG_TC-UN-f1-5-penalty3l,78,epoch_duration_sec,8,1780892925769,236.04849069999182
learn,EOPKG,EOPKGTopologyConditioned,5fcc89889b1d45c489329f5e3df9a5a2,854778689611649472,_EOPKG_TC-UN-f1-5-penalty3l-78_loan_v1_v5_simulated_GATv2,_EOPKG_TC-UN-f1-5-penalty3l,78,epoch_duration_sec,9,1780893187313,231.34997060001479
learn,EOPKG,EOPKGTopologyConditioned,5fcc89889b1d45c489329f5e3df9a5a2,854778689611649472,_EOPKG_TC-UN-f1-5-penalty3l-78_loan_v1_v5_simulated_GATv2,_EOPKG_TC-UN-f1-5-penalty3l,78,epoch_duration_sec,10,1780893452963,233.34577130002435
learn,EOPKG,EOPKGTopologyConditioned,5fcc89889b1d45c489329f5e3df9a5a2,854778689611649472,_EOPKG_TC-UN-f1-5-penalty3l-78_loan_v1_v5_simulated_GATv2,_EOPKG_TC-UN-f1-5-penalty3l,78,epoch_duration_sec,11,1780893721820,236.25491560000228
learn,EOPKG,EOPKGTopologyConditioned,5fcc89889b1d45c489329f5e3df9a5a2,854778689611649472,_EOPKG_TC-UN-f1-5-penalty3l-78_loan_v1_v5_simulated_GATv2,_EOPKG_TC-UN-f1-5-penalty3l,78,epoch_duration_sec,12,1780893998059,243.41582229998312
learn,EOPKG,EOPKGTopologyConditioned,5fcc89889b1d45c489329f5e3df9a5a2,854778689611649472,_EOPKG_TC-UN-f1-5-penalty3l-78_loan_v1_v5_simulated_GATv2,_EOPKG_TC-UN-f1-5-penalty3l,78,epoch_duration_sec,13,1780894278600,247.8040707000182
learn,EOPKG,EOPKGTopologyConditioned,5fcc89889b1d45c489329f5e3df9a5a2,854778689611649472,_EOPKG_TC-UN-f1-5-penalty3l-78_loan_v1_v5_simulated_GATv2,_EOPKG_TC-UN-f1-5-penalty3l,78,epoch_duration_sec,14,1780894556563,245.17275869997684
learn,EOPKG,EOPKGTopologyConditioned,5fcc89889b1d45c489329f5e3df9a5a2,854778689611649472,_EOPKG_TC-UN-f1-5-penalty3l-78_loan_v1_v5_simulated_GATv2,_EOPKG_TC-UN-f1-5-penalty3l,78,epoch_duration_sec,15,1780894854659,260.7526768000098
learn,EOPKG,EOPKGTopologyConditioned,5fcc89889b1d45c489329f5e3df9a5a2,854778689611649472,_EOPKG_TC-UN-f1-5-penalty3l-78_loan_v1_v5_simulated_GATv2,_EOPKG_TC-UN-f1-5-penalty3l,78,epoch_duration_sec,16,1780895217578,311.57602529998985
learn,EOPKG,EOPKGTopologyConditioned,5fcc89889b1d45c489329f5e3df9a5a2,854778689611649472,_EOPKG_TC-UN-f1-5-penalty3l-78_loan_v1_v5_simulated_GATv2,_EOPKG_TC-UN-f1-5-penalty3l,78,epoch_duration_sec,17,1780895540075,280.34618349999073
learn,EOPKG,EOPKGTopologyConditioned,5fcc89889b1d45c489329f5e3df9a5a2,854778689611649472,_EOPKG_TC-UN-f1-5-penalty3l-78_loan_v1_v5_simulated_GATv2,_EOPKG_TC-UN-f1-5-penalty3l,78,epoch_duration_sec,18,1780895822924,240.78960799999186
learn,EOPKG,EOPKGTopologyConditioned,5fcc89889b1d45c489329f5e3df9a5a2,854778689611649472,_EOPKG_TC-UN-f1-5-penalty3l-78_loan_v1_v5_simulated_GATv2,_EOPKG_TC-UN-f1-5-penalty3l,78,epoch_duration_sec,19,1780896102202,248.5759584000043
learn,EOPKG,EOPKGTopologyConditioned,5fcc89889b1d45c489329f5e3df9a5a2,854778689611649472,_EOPKG_TC-UN-f1-5-penalty3l-78_loan_v1_v5_simulated_GATv2,_EOPKG_TC-UN-f1-5-penalty3l,78,epoch_duration_sec,20,1780896363345,229.24906180001562
learn,EOPKG,EOPKGTopologyConditioned,5fcc89889b1d45c489329f5e3df9a5a2,854778689611649472,_EOPKG_TC-UN-f1-5-penalty3l-78_loan_v1_v5_simulated_GATv2,_EOPKG_TC-UN-f1-5-penalty3l,78,epoch_duration_sec,21,1780896650016,254.5771028000163
learn,EOPKG,EOPKGTopologyConditioned,5fcc89889b1d45c489329f5e3df9a5a2,854778689611649472,_EOPKG_TC-UN-f1-5-penalty3l-78_loan_v1_v5_simulated_GATv2,_EOPKG_TC-UN-f1-5-penalty3l,78,epoch_duration_sec,22,1780896919273,226.49609060000512
learn,EOPKG,EOPKGTopologyConditioned,5fcc89889b1d45c489329f5e3df9a5a2,854778689611649472,_EOPKG_TC-UN-f1-5-penalty3l-78_loan_v1_v5_simulated_GATv2,_EOPKG_TC-UN-f1-5-penalty3l,78,epoch_duration_sec,23,1780897194885,245.04480189998867
learn,EOPKG,EOPKGTopologyConditioned,5fcc89889b1d45c489329f5e3df9a5a2,854778689611649472,_EOPKG_TC-UN-f1-5-penalty3l-78_loan_v1_v5_simulated_GATv2,_EOPKG_TC-UN-f1-5-penalty3l,78,epoch_duration_sec,24,1780897456715,226.22192499999073
learn,EOPKG,EOPKGTopologyConditioned,5fcc89889b1d45c489329f5e3df9a5a2,854778689611649472,_EOPKG_TC-UN-f1-5-penalty3l-78_loan_v1_v5_simulated_GATv2,_EOPKG_TC-UN-f1-5-penalty3l,78,epoch_duration_sec,25,1780897713230,223.9992396000016
learn,EOPKG,EOPKGTopologyConditioned,5fcc89889b1d45c489329f5e3df9a5a2,854778689611649472,_EOPKG_TC-UN-f1-5-penalty3l-78_loan_v1_v5_simulated_GATv2,_EOPKG_TC-UN-f1-5-penalty3l,78,epoch_duration_sec,26,1780897985019,231.5084733000258
learn,EOPKG,EOPKGTopologyConditioned,5fcc89889b1d45c489329f5e3df9a5a2,854778689611649472,_EOPKG_TC-UN-f1-5-penalty3l-78_loan_v1_v5_simulated_GATv2,_EOPKG_TC-UN-f1-5-penalty3l,78,epoch_duration_sec,27,1780898241552,218.5231480000075
learn,EOPKG,EOPKGTopologyConditioned,5fcc89889b1d45c489329f5e3df9a5a2,854778689611649472,_EOPKG_TC-UN-f1-5-penalty3l-78_loan_v1_v5_simulated_GATv2,_EOPKG_TC-UN-f1-5-penalty3l,78,epoch_duration_sec,28,1780898527174,251.61487980000675
learn,EOPKG,EOPKGTopologyConditioned,5fcc89889b1d45c489329f5e3df9a5a2,854778689611649472,_EOPKG_TC-UN-f1-5-penalty3l-78_loan_v1_v5_simulated_GATv2,_EOPKG_TC-UN-f1-5-penalty3l,78,epoch_duration_sec,29,1780898792690,229.3995503000042
learn,EOPKG,EOPKGTopologyConditioned,5fcc89889b1d45c489329f5e3df9a5a2,854778689611649472,_EOPKG_TC-UN-f1-5-penalty3l-78_loan_v1_v5_simulated_GATv2,_EOPKG_TC-UN-f1-5-penalty3l,78,epoch_duration_sec,30,1780899074846,246.21778450001148
learn,EOPKG,EOPKGTopologyConditioned,5fcc89889b1d45c489329f5e3df9a5a2,854778689611649472,_EOPKG_TC-UN-f1-5-penalty3l-78_loan_v1_v5_simulated_GATv2,_EOPKG_TC-UN-f1-5-penalty3l,78,epoch_duration_sec,31,1780899352612,241.46176110001397
learn,EOPKG,EOPKGTopologyConditioned,5fcc89889b1d45c489329f5e3df9a5a2,854778689611649472,_EOPKG_TC-UN-f1-5-penalty3l-78_loan_v1_v5_simulated_GATv2,_EOPKG_TC-UN-f1-5-penalty3l,78,epoch_duration_sec,32,1780899645684,256.05717009998625
learn,EOPKG,EOPKGTopologyConditioned,5fcc89889b1d45c489329f5e3df9a5a2,854778689611649472,_EOPKG_TC-UN-f1-5-penalty3l-78_loan_v1_v5_simulated_GATv2,_EOPKG_TC-UN-f1-5-penalty3l,78,epoch_duration_sec,33,1780899914849,237.7605179999955
learn,EOPKG,EOPKGTopologyConditioned,5fcc89889b1d45c489329f5e3df9a5a2,854778689611649472,_EOPKG_TC-UN-f1-5-penalty3l-78_loan_v1_v5_simulated_GATv2,_EOPKG_TC-UN-f1-5-penalty3l,78,epoch_duration_sec,34,1780900175398,227.30712280000444
learn,EOPKG,EOPKGTopologyConditioned,5fcc89889b1d45c489329f5e3df9a5a2,854778689611649472,_EOPKG_TC-UN-f1-5-penalty3l-78_loan_v1_v5_simulated_GATv2,_EOPKG_TC-UN-f1-5-penalty3l,78,epoch_duration_sec,35,1780900441610,234.37430900000618
learn,EOPKG,EOPKGTopologyConditioned,5fcc89889b1d45c489329f5e3df9a5a2,854778689611649472,_EOPKG_TC-UN-f1-5-penalty3l-78_loan_v1_v5_simulated_GATv2,_EOPKG_TC-UN-f1-5-penalty3l,78,epoch_duration_sec,36,1780900710213,236.0988505000132
learn,EOPKG,EOPKGTopologyConditioned,5fcc89889b1d45c489329f5e3df9a5a2,854778689611649472,_EOPKG_TC-UN-f1-5-penalty3l-78_loan_v1_v5_simulated_GATv2,_EOPKG_TC-UN-f1-5-penalty3l,78,epoch_duration_sec,37,1780900969586,226.99837270000717
learn,EOPKG,EOPKGTopologyConditioned,5fcc89889b1d45c489329f5e3df9a5a2,854778689611649472,_EOPKG_TC-UN-f1-5-penalty3l-78_loan_v1_v5_simulated_GATv2,_EOPKG_TC-UN-f1-5-penalty3l,78,epoch_duration_sec,38,1780901225715,222.66306140000233
learn,EOPKG,EOPKGTopologyConditioned,5fcc89889b1d45c489329f5e3df9a5a2,854778689611649472,_EOPKG_TC-UN-f1-5-penalty3l-78_loan_v1_v5_simulated_GATv2,_EOPKG_TC-UN-f1-5-penalty3l,78,epoch_duration_sec,39,1780901485166,226.44298960000742
learn,EOPKG,EOPKGTopologyConditioned,5fcc89889b1d45c489329f5e3df9a5a2,854778689611649472,_EOPKG_TC-UN-f1-5-penalty3l-78_loan_v1_v5_simulated_GATv2,_EOPKG_TC-UN-f1-5-penalty3l,78,epoch_duration_sec,40,1780901749097,227.8212685000035
learn,EOPKG,EOPKGTopologyConditioned,5fcc89889b1d45c489329f5e3df9a5a2,854778689611649472,_EOPKG_TC-UN-f1-5-penalty3l-78_loan_v1_v5_simulated_GATv2,_EOPKG_TC-UN-f1-5-penalty3l,78,epoch_duration_sec,41,1780902006955,224.58513599997968
learn,EOPKG,EOPKGTopologyConditioned,a9ec65c003b14176b0d853a15471bbbb,854778689611649472,_EOPKG_TC-UN-f1-5-penalty3l-13_loan_v1_v5_simulated_GATv2,_EOPKG_TC-UN-f1-5-penalty3l,13,epoch_duration_sec,1,1780837244388,240.89112049998948
learn,EOPKG,EOPKGTopologyConditioned,a9ec65c003b14176b0d853a15471bbbb,854778689611649472,_EOPKG_TC-UN-f1-5-penalty3l-13_loan_v1_v5_simulated_GATv2,_EOPKG_TC-UN-f1-5-penalty3l,13,epoch_duration_sec,2,1780837492987,219.74968820001232
learn,EOPKG,EOPKGTopologyConditioned,a9ec65c003b14176b0d853a15471bbbb,854778689611649472,_EOPKG_TC-UN-f1-5-penalty3l-13_loan_v1_v5_simulated_GATv2,_EOPKG_TC-UN-f1-5-penalty3l,13,epoch_duration_sec,3,1780837742200,220.4602590999857
learn,EOPKG,EOPKGTopologyConditioned,a9ec65c003b14176b0d853a15471bbbb,854778689611649472,_EOPKG_TC-UN-f1-5-penalty3l-13_loan_v1_v5_simulated_GATv2,_EOPKG_TC-UN-f1-5-penalty3l,13,epoch_duration_sec,4,1780837990011,219.22236730001168
learn,EOPKG,EOPKGTopologyConditioned,a9ec65c003b14176b0d853a15471bbbb,854778689611649472,_EOPKG_TC-UN-f1-5-penalty3l-13_loan_v1_v5_simulated_GATv2,_EOPKG_TC-UN-f1-5-penalty3l,13,epoch_duration_sec,5,1780838241092,222.25670109997736
learn,EOPKG,EOPKGTopologyConditioned,a9ec65c003b14176b0d853a15471bbbb,854778689611649472,_EOPKG_TC-UN-f1-5-penalty3l-13_loan_v1_v5_simulated_GATv2,_EOPKG_TC-UN-f1-5-penalty3l,13,epoch_duration_sec,6,1780838489303,218.40040499999304
learn,EOPKG,EOPKGTopologyConditioned,a9ec65c003b14176b0d853a15471bbbb,854778689611649472,_EOPKG_TC-UN-f1-5-penalty3l-13_loan_v1_v5_simulated_GATv2,_EOPKG_TC-UN-f1-5-penalty3l,13,epoch_duration_sec,7,1780838734428,216.27919580001617
learn,EOPKG,EOPKGTopologyConditioned,a9ec65c003b14176b0d853a15471bbbb,854778689611649472,_EOPKG_TC-UN-f1-5-penalty3l-13_loan_v1_v5_simulated_GATv2,_EOPKG_TC-UN-f1-5-penalty3l,13,epoch_duration_sec,8,1780838979641,216.36287459998857
learn,EOPKG,EOPKGTopologyConditioned,a9ec65c003b14176b0d853a15471bbbb,854778689611649472,_EOPKG_TC-UN-f1-5-penalty3l-13_loan_v1_v5_simulated_GATv2,_EOPKG_TC-UN-f1-5-penalty3l,13,epoch_duration_sec,9,1780839233769,222.6315609999874
learn,EOPKG,EOPKGTopologyConditioned,a9ec65c003b14176b0d853a15471bbbb,854778689611649472,_EOPKG_TC-UN-f1-5-penalty3l-13_loan_v1_v5_simulated_GATv2,_EOPKG_TC-UN-f1-5-penalty3l,13,epoch_duration_sec,10,1780839481496,218.82408850002685
learn,EOPKG,EOPKGTopologyConditioned,a9ec65c003b14176b0d853a15471bbbb,854778689611649472,_EOPKG_TC-UN-f1-5-penalty3l-13_loan_v1_v5_simulated_GATv2,_EOPKG_TC-UN-f1-5-penalty3l,13,epoch_duration_sec,11,1780839729438,217.74090429997887
learn,EOPKG,EOPKGTopologyConditioned,a9ec65c003b14176b0d853a15471bbbb,854778689611649472,_EOPKG_TC-UN-f1-5-penalty3l-13_loan_v1_v5_simulated_GATv2,_EOPKG_TC-UN-f1-5-penalty3l,13,epoch_duration_sec,12,1780839978686,220.17420720000518
learn,EOPKG,EOPKGTopologyConditioned,a9ec65c003b14176b0d853a15471bbbb,854778689611649472,_EOPKG_TC-UN-f1-5-penalty3l-13_loan_v1_v5_simulated_GATv2,_EOPKG_TC-UN-f1-5-penalty3l,13,epoch_duration_sec,13,1780840232247,222.40181839998695
learn,EOPKG,EOPKGTopologyConditioned,a9ec65c003b14176b0d853a15471bbbb,854778689611649472,_EOPKG_TC-UN-f1-5-penalty3l-13_loan_v1_v5_simulated_GATv2,_EOPKG_TC-UN-f1-5-penalty3l,13,epoch_duration_sec,14,1780840478336,217.48961899999995
learn,EOPKG,EOPKGTopologyConditioned,a9ec65c003b14176b0d853a15471bbbb,854778689611649472,_EOPKG_TC-UN-f1-5-penalty3l-13_loan_v1_v5_simulated_GATv2,_EOPKG_TC-UN-f1-5-penalty3l,13,epoch_duration_sec,15,1780840723509,216.53101569999126
learn,EOPKG,EOPKGTopologyConditioned,a9ec65c003b14176b0d853a15471bbbb,854778689611649472,_EOPKG_TC-UN-f1-5-penalty3l-13_loan_v1_v5_simulated_GATv2,_EOPKG_TC-UN-f1-5-penalty3l,13,epoch_duration_sec,16,1780840970498,217.72868099997868
learn,EOPKG,EOPKGTopologyConditioned,a9ec65c003b14176b0d853a15471bbbb,854778689611649472,_EOPKG_TC-UN-f1-5-penalty3l-13_loan_v1_v5_simulated_GATv2,_EOPKG_TC-UN-f1-5-penalty3l,13,epoch_duration_sec,17,1780841216482,216.7550338000001
learn,EOPKG,EOPKGTopologyConditioned,a9ec65c003b14176b0d853a15471bbbb,854778689611649472,_EOPKG_TC-UN-f1-5-penalty3l-13_loan_v1_v5_simulated_GATv2,_EOPKG_TC-UN-f1-5-penalty3l,13,epoch_duration_sec,18,1780841464821,219.48981960001402
learn,EOPKG,EOPKGTopologyConditioned,a9ec65c003b14176b0d853a15471bbbb,854778689611649472,_EOPKG_TC-UN-f1-5-penalty3l-13_loan_v1_v5_simulated_GATv2,_EOPKG_TC-UN-f1-5-penalty3l,13,epoch_duration_sec,19,1780841712240,218.11143329998595
learn,EOPKG,EOPKGTopologyConditioned,a9ec65c003b14176b0d853a15471bbbb,854778689611649472,_EOPKG_TC-UN-f1-5-penalty3l-13_loan_v1_v5_simulated_GATv2,_EOPKG_TC-UN-f1-5-penalty3l,13,epoch_duration_sec,20,1780841957123,216.22338990002754
learn,EOPKG,EOPKGTopologyConditioned,a9ec65c003b14176b0d853a15471bbbb,854778689611649472,_EOPKG_TC-UN-f1-5-penalty3l-13_loan_v1_v5_simulated_GATv2,_EOPKG_TC-UN-f1-5-penalty3l,13,epoch_duration_sec,21,1780842203395,217.40148670002236
learn,EOPKG,EOPKGTopologyConditioned,a9ec65c003b14176b0d853a15471bbbb,854778689611649472,_EOPKG_TC-UN-f1-5-penalty3l-13_loan_v1_v5_simulated_GATv2,_EOPKG_TC-UN-f1-5-penalty3l,13,epoch_duration_sec,22,1780842448849,216.26853219998884
learn,EOPKG,EOPKGTopologyConditioned,a9ec65c003b14176b0d853a15471bbbb,854778689611649472,_EOPKG_TC-UN-f1-5-penalty3l-13_loan_v1_v5_simulated_GATv2,_EOPKG_TC-UN-f1-5-penalty3l,13,epoch_duration_sec,23,1780842697001,219.02439119998598
learn,EOPKG,EOPKGTopologyConditioned,a9ec65c003b14176b0d853a15471bbbb,854778689611649472,_EOPKG_TC-UN-f1-5-penalty3l-13_loan_v1_v5_simulated_GATv2,_EOPKG_TC-UN-f1-5-penalty3l,13,epoch_duration_sec,24,1780842944552,217.81556519999867
learn,EOPKG,EOPKGTopologyConditioned,a9ec65c003b14176b0d853a15471bbbb,854778689611649472,_EOPKG_TC-UN-f1-5-penalty3l-13_loan_v1_v5_simulated_GATv2,_EOPKG_TC-UN-f1-5-penalty3l,13,epoch_duration_sec,25,1780843193264,219.75394910000614
learn,EOPKG,EOPKGTopologyConditioned,a9ec65c003b14176b0d853a15471bbbb,854778689611649472,_EOPKG_TC-UN-f1-5-penalty3l-13_loan_v1_v5_simulated_GATv2,_EOPKG_TC-UN-f1-5-penalty3l,13,epoch_duration_sec,26,1780843443191,220.27151150000282
learn,EOPKG,EOPKGTopologyConditioned,a9ec65c003b14176b0d853a15471bbbb,854778689611649472,_EOPKG_TC-UN-f1-5-penalty3l-13_loan_v1_v5_simulated_GATv2,_EOPKG_TC-UN-f1-5-penalty3l,13,epoch_duration_sec,27,1780843690877,218.8697146999766
learn,EOPKG,EOPKGTopologyConditioned,a9ec65c003b14176b0d853a15471bbbb,854778689611649472,_EOPKG_TC-UN-f1-5-penalty3l-13_loan_v1_v5_simulated_GATv2,_EOPKG_TC-UN-f1-5-penalty3l,13,epoch_duration_sec,28,1780843937365,217.5621238000167
learn,EOPKG,EOPKGTopologyConditioned,a9ec65c003b14176b0d853a15471bbbb,854778689611649472,_EOPKG_TC-UN-f1-5-penalty3l-13_loan_v1_v5_simulated_GATv2,_EOPKG_TC-UN-f1-5-penalty3l,13,epoch_duration_sec,29,1780844183643,217.51197330001742
learn,EOPKG,EOPKGTopologyConditioned,a9ec65c003b14176b0d853a15471bbbb,854778689611649472,_EOPKG_TC-UN-f1-5-penalty3l-13_loan_v1_v5_simulated_GATv2,_EOPKG_TC-UN-f1-5-penalty3l,13,epoch_duration_sec,30,1780844428853,216.65755820000777
learn,EOPKG,EOPKGTopologyConditioned,a9ec65c003b14176b0d853a15471bbbb,854778689611649472,_EOPKG_TC-UN-f1-5-penalty3l-13_loan_v1_v5_simulated_GATv2,_EOPKG_TC-UN-f1-5-penalty3l,13,epoch_duration_sec,31,1780844677101,219.301801900001
learn,EOPKG,EOPKGTopologyConditioned,a9ec65c003b14176b0d853a15471bbbb,854778689611649472,_EOPKG_TC-UN-f1-5-penalty3l-13_loan_v1_v5_simulated_GATv2,_EOPKG_TC-UN-f1-5-penalty3l,13,epoch_duration_sec,32,1780844925687,219.78329580000718
learn,EOPKG,EOPKGTopologyConditioned,a9ec65c003b14176b0d853a15471bbbb,854778689611649472,_EOPKG_TC-UN-f1-5-penalty3l-13_loan_v1_v5_simulated_GATv2,_EOPKG_TC-UN-f1-5-penalty3l,13,epoch_duration_sec,33,1780845177282,222.78250719999778
learn,EOPKG,EOPKGTopologyConditioned,a9ec65c003b14176b0d853a15471bbbb,854778689611649472,_EOPKG_TC-UN-f1-5-penalty3l-13_loan_v1_v5_simulated_GATv2,_EOPKG_TC-UN-f1-5-penalty3l,13,epoch_duration_sec,34,1780845423082,215.464269100019
learn,EOPKG,EOPKGTopologyConditioned,a9ec65c003b14176b0d853a15471bbbb,854778689611649472,_EOPKG_TC-UN-f1-5-penalty3l-13_loan_v1_v5_simulated_GATv2,_EOPKG_TC-UN-f1-5-penalty3l,13,epoch_duration_sec,35,1780845668605,216.74347850002232
learn,EOPKG,EOPKGTopologyConditioned,a9ec65c003b14176b0d853a15471bbbb,854778689611649472,_EOPKG_TC-UN-f1-5-penalty3l-13_loan_v1_v5_simulated_GATv2,_EOPKG_TC-UN-f1-5-penalty3l,13,epoch_duration_sec,36,1780845914408,216.81471400000737
learn,EOPKG,EOPKGTopologyConditioned,a9ec65c003b14176b0d853a15471bbbb,854778689611649472,_EOPKG_TC-UN-f1-5-penalty3l-13_loan_v1_v5_simulated_GATv2,_EOPKG_TC-UN-f1-5-penalty3l,13,epoch_duration_sec,37,1780846160829,217.82794560000184
learn,EOPKG,EOPKGTopologyConditioned,a9ec65c003b14176b0d853a15471bbbb,854778689611649472,_EOPKG_TC-UN-f1-5-penalty3l-13_loan_v1_v5_simulated_GATv2,_EOPKG_TC-UN-f1-5-penalty3l,13,epoch_duration_sec,38,1780846409055,219.59337210000376
learn,EOPKG,EOPKGTopologyConditioned,a9ec65c003b14176b0d853a15471bbbb,854778689611649472,_EOPKG_TC-UN-f1-5-penalty3l-13_loan_v1_v5_simulated_GATv2,_EOPKG_TC-UN-f1-5-penalty3l,13,epoch_duration_sec,39,1780846655917,216.61143180000363
learn,EOPKG,EOPKGTopologyConditioned,b8f6130db97f4f28b27d4528497aa1f3,854778689611649472,_EOPKG_TC-UN-f1-5-penalty3l-55_loan_v1_v5_simulated_GATv2,_EOPKG_TC-UN-f1-5-penalty3l,55,epoch_duration_sec,1,1780851194025,244.03275290000602
learn,EOPKG,EOPKGTopologyConditioned,b8f6130db97f4f28b27d4528497aa1f3,854778689611649472,_EOPKG_TC-UN-f1-5-penalty3l-55_loan_v1_v5_simulated_GATv2,_EOPKG_TC-UN-f1-5-penalty3l,55,epoch_duration_sec,2,1780851441369,218.46915970000555
learn,EOPKG,EOPKGTopologyConditioned,b8f6130db97f4f28b27d4528497aa1f3,854778689611649472,_EOPKG_TC-UN-f1-5-penalty3l-55_loan_v1_v5_simulated_GATv2,_EOPKG_TC-UN-f1-5-penalty3l,55,epoch_duration_sec,3,1780851691788,221.3421679000021
learn,EOPKG,EOPKGTopologyConditioned,b8f6130db97f4f28b27d4528497aa1f3,854778689611649472,_EOPKG_TC-UN-f1-5-penalty3l-55_loan_v1_v5_simulated_GATv2,_EOPKG_TC-UN-f1-5-penalty3l,55,epoch_duration_sec,4,1780851939075,218.21098730000085
learn,EOPKG,EOPKGTopologyConditioned,b8f6130db97f4f28b27d4528497aa1f3,854778689611649472,_EOPKG_TC-UN-f1-5-penalty3l-55_loan_v1_v5_simulated_GATv2,_EOPKG_TC-UN-f1-5-penalty3l,55,epoch_duration_sec,5,1780852190431,221.58316199999535
learn,EOPKG,EOPKGTopologyConditioned,b8f6130db97f4f28b27d4528497aa1f3,854778689611649472,_EOPKG_TC-UN-f1-5-penalty3l-55_loan_v1_v5_simulated_GATv2,_EOPKG_TC-UN-f1-5-penalty3l,55,epoch_duration_sec,6,1780852448751,229.49536410000292
learn,EOPKG,EOPKGTopologyConditioned,b8f6130db97f4f28b27d4528497aa1f3,854778689611649472,_EOPKG_TC-UN-f1-5-penalty3l-55_loan_v1_v5_simulated_GATv2,_EOPKG_TC-UN-f1-5-penalty3l,55,epoch_duration_sec,7,1780852694486,216.7928954999952
learn,EOPKG,EOPKGTopologyConditioned,b8f6130db97f4f28b27d4528497aa1f3,854778689611649472,_EOPKG_TC-UN-f1-5-penalty3l-55_loan_v1_v5_simulated_GATv2,_EOPKG_TC-UN-f1-5-penalty3l,55,epoch_duration_sec,8,1780852943937,220.14410189999035
learn,EOPKG,EOPKGTopologyConditioned,b8f6130db97f4f28b27d4528497aa1f3,854778689611649472,_EOPKG_TC-UN-f1-5-penalty3l-55_loan_v1_v5_simulated_GATv2,_EOPKG_TC-UN-f1-5-penalty3l,55,epoch_duration_sec,9,1780853199105,226.25911099999212
learn,EOPKG,EOPKGTopologyConditioned,b8f6130db97f4f28b27d4528497aa1f3,854778689611649472,_EOPKG_TC-UN-f1-5-penalty3l-55_loan_v1_v5_simulated_GATv2,_EOPKG_TC-UN-f1-5-penalty3l,55,epoch_duration_sec,10,1780853448335,218.76505389998783
learn,EOPKG,EOPKGTopologyConditioned,b8f6130db97f4f28b27d4528497aa1f3,854778689611649472,_EOPKG_TC-UN-f1-5-penalty3l-55_loan_v1_v5_simulated_GATv2,_EOPKG_TC-UN-f1-5-penalty3l,55,epoch_duration_sec,11,1780853700066,222.97230059999856
learn,EOPKG,EOPKGTopologyConditioned,b8f6130db97f4f28b27d4528497aa1f3,854778689611649472,_EOPKG_TC-UN-f1-5-penalty3l-55_loan_v1_v5_simulated_GATv2,_EOPKG_TC-UN-f1-5-penalty3l,55,epoch_duration_sec,12,1780853949731,220.0617030999856
learn,EOPKG,EOPKGTopologyConditioned,b8f6130db97f4f28b27d4528497aa1f3,854778689611649472,_EOPKG_TC-UN-f1-5-penalty3l-55_loan_v1_v5_simulated_GATv2,_EOPKG_TC-UN-f1-5-penalty3l,55,epoch_duration_sec,13,1780854197657,218.9571486999921
learn,EOPKG,EOPKGTopologyConditioned,b8f6130db97f4f28b27d4528497aa1f3,854778689611649472,_EOPKG_TC-UN-f1-5-penalty3l-55_loan_v1_v5_simulated_GATv2,_EOPKG_TC-UN-f1-5-penalty3l,55,epoch_duration_sec,14,1780854497638,258.06850779999513
learn,EOPKG,EOPKGTopologyConditioned,b8f6130db97f4f28b27d4528497aa1f3,854778689611649472,_EOPKG_TC-UN-f1-5-penalty3l-55_loan_v1_v5_simulated_GATv2,_EOPKG_TC-UN-f1-5-penalty3l,55,epoch_duration_sec,15,1780854769323,240.77861259999918
learn,EOPKG,EOPKGTopologyConditioned,b8f6130db97f4f28b27d4528497aa1f3,854778689611649472,_EOPKG_TC-UN-f1-5-penalty3l-55_loan_v1_v5_simulated_GATv2,_EOPKG_TC-UN-f1-5-penalty3l,55,epoch_duration_sec,16,1780855012741,212.786817300017
learn,EOPKG,EOPKGTopologyConditioned,b8f6130db97f4f28b27d4528497aa1f3,854778689611649472,_EOPKG_TC-UN-f1-5-penalty3l-55_loan_v1_v5_simulated_GATv2,_EOPKG_TC-UN-f1-5-penalty3l,55,epoch_duration_sec,17,1780855257095,213.18565879997914
learn,EOPKG,EOPKGTopologyConditioned,b8f6130db97f4f28b27d4528497aa1f3,854778689611649472,_EOPKG_TC-UN-f1-5-penalty3l-55_loan_v1_v5_simulated_GATv2,_EOPKG_TC-UN-f1-5-penalty3l,55,epoch_duration_sec,18,1780855498774,213.01081100001466
learn,EOPKG,EOPKGTopologyConditioned,b8f6130db97f4f28b27d4528497aa1f3,854778689611649472,_EOPKG_TC-UN-f1-5-penalty3l-55_loan_v1_v5_simulated_GATv2,_EOPKG_TC-UN-f1-5-penalty3l,55,epoch_duration_sec,19,1780855735005,207.62336749999668
learn,EOPKG,EOPKGTopologyConditioned,b8f6130db97f4f28b27d4528497aa1f3,854778689611649472,_EOPKG_TC-UN-f1-5-penalty3l-55_loan_v1_v5_simulated_GATv2,_EOPKG_TC-UN-f1-5-penalty3l,55,epoch_duration_sec,20,1780855983408,217.99552570001106
learn,EOPKG,EOPKGTopologyConditioned,b8f6130db97f4f28b27d4528497aa1f3,854778689611649472,_EOPKG_TC-UN-f1-5-penalty3l-55_loan_v1_v5_simulated_GATv2,_EOPKG_TC-UN-f1-5-penalty3l,55,epoch_duration_sec,21,1780856225876,211.3050605999888
learn,EOPKG,EOPKGTopologyConditioned,b8f6130db97f4f28b27d4528497aa1f3,854778689611649472,_EOPKG_TC-UN-f1-5-penalty3l-55_loan_v1_v5_simulated_GATv2,_EOPKG_TC-UN-f1-5-penalty3l,55,epoch_duration_sec,22,1780856461056,205.57412659999682
learn,EOPKG,EOPKGTopologyConditioned,b8f6130db97f4f28b27d4528497aa1f3,854778689611649472,_EOPKG_TC-UN-f1-5-penalty3l-55_loan_v1_v5_simulated_GATv2,_EOPKG_TC-UN-f1-5-penalty3l,55,epoch_duration_sec,23,1780856693870,204.05744330000016
learn,EOPKG,EOPKGTopologyConditioned,b8f6130db97f4f28b27d4528497aa1f3,854778689611649472,_EOPKG_TC-UN-f1-5-penalty3l-55_loan_v1_v5_simulated_GATv2,_EOPKG_TC-UN-f1-5-penalty3l,55,epoch_duration_sec,24,1780856926908,204.4711083000002
learn,EOPKG,EOPKGTopologyConditioned,b8f6130db97f4f28b27d4528497aa1f3,854778689611649472,_EOPKG_TC-UN-f1-5-penalty3l-55_loan_v1_v5_simulated_GATv2,_EOPKG_TC-UN-f1-5-penalty3l,55,epoch_duration_sec,25,1780857190626,232.88143050001236
learn,EOPKG,EOPKGTopologyConditioned,b8f6130db97f4f28b27d4528497aa1f3,854778689611649472,_EOPKG_TC-UN-f1-5-penalty3l-55_loan_v1_v5_simulated_GATv2,_EOPKG_TC-UN-f1-5-penalty3l,55,epoch_duration_sec,26,1780857439693,219.35395489999792
learn,EOPKG,EOPKGTopologyConditioned,b8f6130db97f4f28b27d4528497aa1f3,854778689611649472,_EOPKG_TC-UN-f1-5-penalty3l-55_loan_v1_v5_simulated_GATv2,_EOPKG_TC-UN-f1-5-penalty3l,55,epoch_duration_sec,27,1780857694935,222.51583140000002
learn,EOPKG,EOPKGTopologyConditioned,b8f6130db97f4f28b27d4528497aa1f3,854778689611649472,_EOPKG_TC-UN-f1-5-penalty3l-55_loan_v1_v5_simulated_GATv2,_EOPKG_TC-UN-f1-5-penalty3l,55,epoch_duration_sec,28,1780857940663,217.0440149999922
learn,EOPKG,EOPKGTopologyConditioned,b8f6130db97f4f28b27d4528497aa1f3,854778689611649472,_EOPKG_TC-UN-f1-5-penalty3l-55_loan_v1_v5_simulated_GATv2,_EOPKG_TC-UN-f1-5-penalty3l,55,epoch_duration_sec,29,1780858185380,216.53046770000947
learn,EOPKG,EOPKGTopologyConditioned,b8f6130db97f4f28b27d4528497aa1f3,854778689611649472,_EOPKG_TC-UN-f1-5-penalty3l-55_loan_v1_v5_simulated_GATv2,_EOPKG_TC-UN-f1-5-penalty3l,55,epoch_duration_sec,30,1780858436826,223.06954959998257
learn,EOPKG,EOPKGTopologyConditioned,b8f6130db97f4f28b27d4528497aa1f3,854778689611649472,_EOPKG_TC-UN-f1-5-penalty3l-55_loan_v1_v5_simulated_GATv2,_EOPKG_TC-UN-f1-5-penalty3l,55,epoch_duration_sec,31,1780858691274,226.14650519998395
learn,EOPKG,EOPKGTopologyConditioned,b8f6130db97f4f28b27d4528497aa1f3,854778689611649472,_EOPKG_TC-UN-f1-5-penalty3l-55_loan_v1_v5_simulated_GATv2,_EOPKG_TC-UN-f1-5-penalty3l,55,epoch_duration_sec,32,1780858940425,220.92795489999116
learn,EOPKG,EOPKGTopologyConditioned,b8f6130db97f4f28b27d4528497aa1f3,854778689611649472,_EOPKG_TC-UN-f1-5-penalty3l-55_loan_v1_v5_simulated_GATv2,_EOPKG_TC-UN-f1-5-penalty3l,55,epoch_duration_sec,33,1780859189454,220.82971869999892
learn,EOPKG,EOPKGTopologyConditioned,b8f6130db97f4f28b27d4528497aa1f3,854778689611649472,_EOPKG_TC-UN-f1-5-penalty3l-55_loan_v1_v5_simulated_GATv2,_EOPKG_TC-UN-f1-5-penalty3l,55,epoch_duration_sec,34,1780859435089,216.39487699998426
learn,EOPKG,EOPKGTopologyConditioned,b8f6130db97f4f28b27d4528497aa1f3,854778689611649472,_EOPKG_TC-UN-f1-5-penalty3l-55_loan_v1_v5_simulated_GATv2,_EOPKG_TC-UN-f1-5-penalty3l,55,epoch_duration_sec,35,1780859682351,218.4708559999999
learn,EOPKG,EOPKGTopologyConditioned,b8f6130db97f4f28b27d4528497aa1f3,854778689611649472,_EOPKG_TC-UN-f1-5-penalty3l-55_loan_v1_v5_simulated_GATv2,_EOPKG_TC-UN-f1-5-penalty3l,55,epoch_duration_sec,36,1780859929470,216.14292060001753
learn,EOPKG,EOPKGTopologyConditioned,b8f6130db97f4f28b27d4528497aa1f3,854778689611649472,_EOPKG_TC-UN-f1-5-penalty3l-55_loan_v1_v5_simulated_GATv2,_EOPKG_TC-UN-f1-5-penalty3l,55,epoch_duration_sec,37,1780860213373,222.35648429999128
learn,EOPKG,EOPKGTopologyConditioned,b8f6130db97f4f28b27d4528497aa1f3,854778689611649472,_EOPKG_TC-UN-f1-5-penalty3l-55_loan_v1_v5_simulated_GATv2,_EOPKG_TC-UN-f1-5-penalty3l,55,epoch_duration_sec,38,1780860660243,405.1726054000028
learn,EOPKG,EOPKGTopologyConditioned,b8f6130db97f4f28b27d4528497aa1f3,854778689611649472,_EOPKG_TC-UN-f1-5-penalty3l-55_loan_v1_v5_simulated_GATv2,_EOPKG_TC-UN-f1-5-penalty3l,55,epoch_duration_sec,39,1780861045948,324.21338619999005
learn,EOPKG,EOPKGTopologyConditioned,b8f6130db97f4f28b27d4528497aa1f3,854778689611649472,_EOPKG_TC-UN-f1-5-penalty3l-55_loan_v1_v5_simulated_GATv2,_EOPKG_TC-UN-f1-5-penalty3l,55,epoch_duration_sec,40,1780861554236,446.16568800000823
learn,EOPKG,EOPKGTopologyConditioned,b8f6130db97f4f28b27d4528497aa1f3,854778689611649472,_EOPKG_TC-UN-f1-5-penalty3l-55_loan_v1_v5_simulated_GATv2,_EOPKG_TC-UN-f1-5-penalty3l,55,epoch_duration_sec,41,1780861980070,362.950270500005
learn,EOPKG,EOPKGTopologyConditioned,b8f6130db97f4f28b27d4528497aa1f3,854778689611649472,_EOPKG_TC-UN-f1-5-penalty3l-55_loan_v1_v5_simulated_GATv2,_EOPKG_TC-UN-f1-5-penalty3l,55,epoch_duration_sec,42,1780862483338,439.82955900000525
learn,EOPKG,EOPKGTopologyConditioned,b8f6130db97f4f28b27d4528497aa1f3,854778689611649472,_EOPKG_TC-UN-f1-5-penalty3l-55_loan_v1_v5_simulated_GATv2,_EOPKG_TC-UN-f1-5-penalty3l,55,epoch_duration_sec,43,1780862930868,409.0645260999736
learn,EOPKG,EOPKGTopologyConditioned,c9399e3109674246bfa4894487904d27,854778689611649472,_EOPKG_TC-UN-f1-5-penalty3l-99_loan_v1_v5_simulated_GATv2,_EOPKG_TC-UN-f1-5-penalty3l,99,epoch_duration_sec,1,1781381325865,214.77110960000027
learn,EOPKG,EOPKGTopologyConditioned,c9399e3109674246bfa4894487904d27,854778689611649472,_EOPKG_TC-UN-f1-5-penalty3l-99_loan_v1_v5_simulated_GATv2,_EOPKG_TC-UN-f1-5-penalty3l,99,epoch_duration_sec,2,1781381571120,214.54288930000075
learn,EOPKG,EOPKGTopologyConditioned,c9399e3109674246bfa4894487904d27,854778689611649472,_EOPKG_TC-UN-f1-5-penalty3l-99_loan_v1_v5_simulated_GATv2,_EOPKG_TC-UN-f1-5-penalty3l,99,epoch_duration_sec,3,1781381827027,225.9692610000002
learn,EOPKG,EOPKGTopologyConditioned,c9399e3109674246bfa4894487904d27,854778689611649472,_EOPKG_TC-UN-f1-5-penalty3l-99_loan_v1_v5_simulated_GATv2,_EOPKG_TC-UN-f1-5-penalty3l,99,epoch_duration_sec,4,1781382082167,225.06551330000002
learn,EOPKG,EOPKGTopologyConditioned,c9399e3109674246bfa4894487904d27,854778689611649472,_EOPKG_TC-UN-f1-5-penalty3l-99_loan_v1_v5_simulated_GATv2,_EOPKG_TC-UN-f1-5-penalty3l,99,epoch_duration_sec,5,1781382341156,228.78046929999982
learn,EOPKG,EOPKGTopologyConditioned,c9399e3109674246bfa4894487904d27,854778689611649472,_EOPKG_TC-UN-f1-5-penalty3l-99_loan_v1_v5_simulated_GATv2,_EOPKG_TC-UN-f1-5-penalty3l,99,epoch_duration_sec,6,1781382597707,226.0395546999971
learn,EOPKG,EOPKGTopologyConditioned,c9399e3109674246bfa4894487904d27,854778689611649472,_EOPKG_TC-UN-f1-5-penalty3l-99_loan_v1_v5_simulated_GATv2,_EOPKG_TC-UN-f1-5-penalty3l,99,epoch_duration_sec,7,1781382858129,230.32098860000042
learn,EOPKG,EOPKGTopologyConditioned,c9399e3109674246bfa4894487904d27,854778689611649472,_EOPKG_TC-UN-f1-5-penalty3l-99_loan_v1_v5_simulated_GATv2,_EOPKG_TC-UN-f1-5-penalty3l,99,epoch_duration_sec,8,1781383114324,226.2221331999972
learn,EOPKG,EOPKGTopologyConditioned,c9399e3109674246bfa4894487904d27,854778689611649472,_EOPKG_TC-UN-f1-5-penalty3l-99_loan_v1_v5_simulated_GATv2,_EOPKG_TC-UN-f1-5-penalty3l,99,epoch_duration_sec,9,1781383370927,226.4531201000027
learn,EOPKG,EOPKGTopologyConditioned,c9399e3109674246bfa4894487904d27,854778689611649472,_EOPKG_TC-UN-f1-5-penalty3l-99_loan_v1_v5_simulated_GATv2,_EOPKG_TC-UN-f1-5-penalty3l,99,epoch_duration_sec,10,1781383628695,226.82999050000217
learn,EOPKG,EOPKGTopologyConditioned,c9399e3109674246bfa4894487904d27,854778689611649472,_EOPKG_TC-UN-f1-5-penalty3l-99_loan_v1_v5_simulated_GATv2,_EOPKG_TC-UN-f1-5-penalty3l,99,epoch_duration_sec,11,1781383884942,226.16167439999845
learn,EOPKG,EOPKGTopologyConditioned,c9399e3109674246bfa4894487904d27,854778689611649472,_EOPKG_TC-UN-f1-5-penalty3l-99_loan_v1_v5_simulated_GATv2,_EOPKG_TC-UN-f1-5-penalty3l,99,epoch_duration_sec,12,1781384143896,228.86581819999992
learn,EOPKG,EOPKGTopologyConditioned,c9399e3109674246bfa4894487904d27,854778689611649472,_EOPKG_TC-UN-f1-5-penalty3l-99_loan_v1_v5_simulated_GATv2,_EOPKG_TC-UN-f1-5-penalty3l,99,epoch_duration_sec,13,1781384399529,225.15929020000112
learn,EOPKG,EOPKGTopologyConditioned,c9399e3109674246bfa4894487904d27,854778689611649472,_EOPKG_TC-UN-f1-5-penalty3l-99_loan_v1_v5_simulated_GATv2,_EOPKG_TC-UN-f1-5-penalty3l,99,epoch_duration_sec,14,1781384654833,225.2369828999981
learn,EOPKG,EOPKGTopologyConditioned,c9399e3109674246bfa4894487904d27,854778689611649472,_EOPKG_TC-UN-f1-5-penalty3l-99_loan_v1_v5_simulated_GATv2,_EOPKG_TC-UN-f1-5-penalty3l,99,epoch_duration_sec,15,1781384910489,225.66899120000016
learn,EOPKG,EOPKGTopologyConditioned,c9399e3109674246bfa4894487904d27,854778689611649472,_EOPKG_TC-UN-f1-5-penalty3l-99_loan_v1_v5_simulated_GATv2,_EOPKG_TC-UN-f1-5-penalty3l,99,epoch_duration_sec,16,1781385165322,224.87597670000105
learn,EOPKG,EOPKGTopologyConditioned,c9399e3109674246bfa4894487904d27,854778689611649472,_EOPKG_TC-UN-f1-5-penalty3l-99_loan_v1_v5_simulated_GATv2,_EOPKG_TC-UN-f1-5-penalty3l,99,epoch_duration_sec,17,1781385419938,224.650288300003
learn,EOPKG,EOPKGTopologyConditioned,c9399e3109674246bfa4894487904d27,854778689611649472,_EOPKG_TC-UN-f1-5-penalty3l-99_loan_v1_v5_simulated_GATv2,_EOPKG_TC-UN-f1-5-penalty3l,99,epoch_duration_sec,18,1781385674890,224.9861721999987
learn,EOPKG,EOPKGTopologyConditioned,c9399e3109674246bfa4894487904d27,854778689611649472,_EOPKG_TC-UN-f1-5-penalty3l-99_loan_v1_v5_simulated_GATv2,_EOPKG_TC-UN-f1-5-penalty3l,99,epoch_duration_sec,19,1781385936489,231.48462799999834
learn,EOPKG,EOPKGTopologyConditioned,c9399e3109674246bfa4894487904d27,854778689611649472,_EOPKG_TC-UN-f1-5-penalty3l-99_loan_v1_v5_simulated_GATv2,_EOPKG_TC-UN-f1-5-penalty3l,99,epoch_duration_sec,20,1781386193171,225.6101791000001
learn,EOPKG,EOPKGTopologyConditioned,c9399e3109674246bfa4894487904d27,854778689611649472,_EOPKG_TC-UN-f1-5-penalty3l-99_loan_v1_v5_simulated_GATv2,_EOPKG_TC-UN-f1-5-penalty3l,99,epoch_duration_sec,21,1781386447382,224.23749619999944
learn,EOPKG,EOPKGTopologyConditioned,c9399e3109674246bfa4894487904d27,854778689611649472,_EOPKG_TC-UN-f1-5-penalty3l-99_loan_v1_v5_simulated_GATv2,_EOPKG_TC-UN-f1-5-penalty3l,99,epoch_duration_sec,22,1781386702465,224.79656719999912
learn,EOPKG,EOPKGTopologyConditioned,c9399e3109674246bfa4894487904d27,854778689611649472,_EOPKG_TC-UN-f1-5-penalty3l-99_loan_v1_v5_simulated_GATv2,_EOPKG_TC-UN-f1-5-penalty3l,99,epoch_duration_sec,23,1781386958331,225.67781480000122
learn,EOPKG,EOPKGTopologyConditioned,c9399e3109674246bfa4894487904d27,854778689611649472,_EOPKG_TC-UN-f1-5-penalty3l-99_loan_v1_v5_simulated_GATv2,_EOPKG_TC-UN-f1-5-penalty3l,99,epoch_duration_sec,24,1781387214522,226.0854044000007
learn,EOPKG,EOPKGTopologyConditioned,c9399e3109674246bfa4894487904d27,854778689611649472,_EOPKG_TC-UN-f1-5-penalty3l-99_loan_v1_v5_simulated_GATv2,_EOPKG_TC-UN-f1-5-penalty3l,99,epoch_duration_sec,25,1781387471024,226.66036140000142
learn,EOPKG,EOPKGTopologyConditioned,c9399e3109674246bfa4894487904d27,854778689611649472,_EOPKG_TC-UN-f1-5-penalty3l-99_loan_v1_v5_simulated_GATv2,_EOPKG_TC-UN-f1-5-penalty3l,99,epoch_duration_sec,26,1781387727148,225.91832799999975
learn,EOPKG,EOPKGTopologyConditioned,c9399e3109674246bfa4894487904d27,854778689611649472,_EOPKG_TC-UN-f1-5-penalty3l-99_loan_v1_v5_simulated_GATv2,_EOPKG_TC-UN-f1-5-penalty3l,99,epoch_duration_sec,27,1781387984747,227.38716589999967
learn,EOPKG,EOPKGTopologyConditioned,c9399e3109674246bfa4894487904d27,854778689611649472,_EOPKG_TC-UN-f1-5-penalty3l-99_loan_v1_v5_simulated_GATv2,_EOPKG_TC-UN-f1-5-penalty3l,99,epoch_duration_sec,28,1781388243144,228.1519137000032
learn,EOPKG,EOPKGTopologyConditioned,c9399e3109674246bfa4894487904d27,854778689611649472,_EOPKG_TC-UN-f1-5-penalty3l-99_loan_v1_v5_simulated_GATv2,_EOPKG_TC-UN-f1-5-penalty3l,99,epoch_duration_sec,29,1781388498609,225.24939000000086
learn,EOPKG,EOPKGTopologyConditioned,c9399e3109674246bfa4894487904d27,854778689611649472,_EOPKG_TC-UN-f1-5-penalty3l-99_loan_v1_v5_simulated_GATv2,_EOPKG_TC-UN-f1-5-penalty3l,99,epoch_duration_sec,30,1781388753935,225.25996830000076
learn,EOPKG,EOPKGTopologyConditioned,c9399e3109674246bfa4894487904d27,854778689611649472,_EOPKG_TC-UN-f1-5-penalty3l-99_loan_v1_v5_simulated_GATv2,_EOPKG_TC-UN-f1-5-penalty3l,99,epoch_duration_sec,31,1781389009697,225.70089799999914
learn,EOPKG,EOPKGTopologyConditioned,c9399e3109674246bfa4894487904d27,854778689611649472,_EOPKG_TC-UN-f1-5-penalty3l-99_loan_v1_v5_simulated_GATv2,_EOPKG_TC-UN-f1-5-penalty3l,99,epoch_duration_sec,32,1781389265028,225.39029179999852
learn,EOPKG,EOPKGTopologyConditioned,c9399e3109674246bfa4894487904d27,854778689611649472,_EOPKG_TC-UN-f1-5-penalty3l-99_loan_v1_v5_simulated_GATv2,_EOPKG_TC-UN-f1-5-penalty3l,99,epoch_duration_sec,33,1781389522298,227.05479259999993
learn,EOPKG,EOPKGTopologyConditioned,c9399e3109674246bfa4894487904d27,854778689611649472,_EOPKG_TC-UN-f1-5-penalty3l-99_loan_v1_v5_simulated_GATv2,_EOPKG_TC-UN-f1-5-penalty3l,99,epoch_duration_sec,34,1781389777691,225.40037429999938
learn,EOPKG,EOPKGTopologyConditioned,c9399e3109674246bfa4894487904d27,854778689611649472,_EOPKG_TC-UN-f1-5-penalty3l-99_loan_v1_v5_simulated_GATv2,_EOPKG_TC-UN-f1-5-penalty3l,99,epoch_duration_sec,35,1781390037258,228.72354260000066
learn,EOPKG,EOPKGTopologyConditioned,c9399e3109674246bfa4894487904d27,854778689611649472,_EOPKG_TC-UN-f1-5-penalty3l-99_loan_v1_v5_simulated_GATv2,_EOPKG_TC-UN-f1-5-penalty3l,99,epoch_duration_sec,36,1781390294589,227.05377389999921
learn,EOPKG,EOPKGTopologyConditioned,c9399e3109674246bfa4894487904d27,854778689611649472,_EOPKG_TC-UN-f1-5-penalty3l-99_loan_v1_v5_simulated_GATv2,_EOPKG_TC-UN-f1-5-penalty3l,99,epoch_duration_sec,37,1781390550724,226.03938270000071
learn,EOPKG,EOPKGTopologyConditioned,c9399e3109674246bfa4894487904d27,854778689611649472,_EOPKG_TC-UN-f1-5-penalty3l-99_loan_v1_v5_simulated_GATv2,_EOPKG_TC-UN-f1-5-penalty3l,99,epoch_duration_sec,38,1781390807574,226.812929300002
learn,EOPKG,EOPKGTopologyConditioned,c9399e3109674246bfa4894487904d27,854778689611649472,_EOPKG_TC-UN-f1-5-penalty3l-99_loan_v1_v5_simulated_GATv2,_EOPKG_TC-UN-f1-5-penalty3l,99,epoch_duration_sec,39,1781391065204,225.32418079999843
learn,EOPKG,EOPKGTopologyConditioned,ebdfb988ea654392a4a4fc270f9e7c71,854778689611649472,_EOPKG_TC-UN-f1-5-penalty3l-67_loan_v1_v5_simulated_GATv2,_EOPKG_TC-UN-f1-5-penalty3l,67,epoch_duration_sec,1,1780673188776,366.8253255000018
learn,EOPKG,EOPKGTopologyConditioned,ebdfb988ea654392a4a4fc270f9e7c71,854778689611649472,_EOPKG_TC-UN-f1-5-penalty3l-67_loan_v1_v5_simulated_GATv2,_EOPKG_TC-UN-f1-5-penalty3l,67,epoch_duration_sec,2,1780673679378,452.37495050000143
learn,EOPKG,EOPKGTopologyConditioned,ebdfb988ea654392a4a4fc270f9e7c71,854778689611649472,_EOPKG_TC-UN-f1-5-penalty3l-67_loan_v1_v5_simulated_GATv2,_EOPKG_TC-UN-f1-5-penalty3l,67,epoch_duration_sec,3,1780674044785,326.19279489999826
learn,EOPKG,EOPKGTopologyConditioned,ebdfb988ea654392a4a4fc270f9e7c71,854778689611649472,_EOPKG_TC-UN-f1-5-penalty3l-67_loan_v1_v5_simulated_GATv2,_EOPKG_TC-UN-f1-5-penalty3l,67,epoch_duration_sec,4,1780674313340,236.3172250000025
learn,EOPKG,EOPKGTopologyConditioned,ebdfb988ea654392a4a4fc270f9e7c71,854778689611649472,_EOPKG_TC-UN-f1-5-penalty3l-67_loan_v1_v5_simulated_GATv2,_EOPKG_TC-UN-f1-5-penalty3l,67,epoch_duration_sec,5,1780674569091,222.5753932000007
learn,EOPKG,EOPKGTopologyConditioned,ebdfb988ea654392a4a4fc270f9e7c71,854778689611649472,_EOPKG_TC-UN-f1-5-penalty3l-67_loan_v1_v5_simulated_GATv2,_EOPKG_TC-UN-f1-5-penalty3l,67,epoch_duration_sec,6,1780674865711,257.6291319999982
learn,EOPKG,EOPKGTopologyConditioned,ebdfb988ea654392a4a4fc270f9e7c71,854778689611649472,_EOPKG_TC-UN-f1-5-penalty3l-67_loan_v1_v5_simulated_GATv2,_EOPKG_TC-UN-f1-5-penalty3l,67,epoch_duration_sec,7,1780675280657,366.28300070000114
learn,EOPKG,EOPKGTopologyConditioned,ebdfb988ea654392a4a4fc270f9e7c71,854778689611649472,_EOPKG_TC-UN-f1-5-penalty3l-67_loan_v1_v5_simulated_GATv2,_EOPKG_TC-UN-f1-5-penalty3l,67,epoch_duration_sec,8,1780675661990,345.69017410000015
learn,EOPKG,EOPKGTopologyConditioned,ebdfb988ea654392a4a4fc270f9e7c71,854778689611649472,_EOPKG_TC-UN-f1-5-penalty3l-67_loan_v1_v5_simulated_GATv2,_EOPKG_TC-UN-f1-5-penalty3l,67,epoch_duration_sec,9,1780676002910,302.867424
learn,EOPKG,EOPKGTopologyConditioned,ebdfb988ea654392a4a4fc270f9e7c71,854778689611649472,_EOPKG_TC-UN-f1-5-penalty3l-67_loan_v1_v5_simulated_GATv2,_EOPKG_TC-UN-f1-5-penalty3l,67,epoch_duration_sec,10,1780676270069,234.1930164999976
learn,EOPKG,EOPKGTopologyConditioned,ebdfb988ea654392a4a4fc270f9e7c71,854778689611649472,_EOPKG_TC-UN-f1-5-penalty3l-67_loan_v1_v5_simulated_GATv2,_EOPKG_TC-UN-f1-5-penalty3l,67,epoch_duration_sec,11,1780676530279,228.01252899999963
learn,EOPKG,EOPKGTopologyConditioned,ebdfb988ea654392a4a4fc270f9e7c71,854778689611649472,_EOPKG_TC-UN-f1-5-penalty3l-67_loan_v1_v5_simulated_GATv2,_EOPKG_TC-UN-f1-5-penalty3l,67,epoch_duration_sec,12,1780676791514,228.40149999999994
learn,EOPKG,EOPKGTopologyConditioned,ebdfb988ea654392a4a4fc270f9e7c71,854778689611649472,_EOPKG_TC-UN-f1-5-penalty3l-67_loan_v1_v5_simulated_GATv2,_EOPKG_TC-UN-f1-5-penalty3l,67,epoch_duration_sec,13,1780677074398,245.3878794000011
learn,EOPKG,EOPKGTopologyConditioned,ebdfb988ea654392a4a4fc270f9e7c71,854778689611649472,_EOPKG_TC-UN-f1-5-penalty3l-67_loan_v1_v5_simulated_GATv2,_EOPKG_TC-UN-f1-5-penalty3l,67,epoch_duration_sec,14,1780677399269,289.8667821000017
learn,EOPKG,EOPKGTopologyConditioned,ebdfb988ea654392a4a4fc270f9e7c71,854778689611649472,_EOPKG_TC-UN-f1-5-penalty3l-67_loan_v1_v5_simulated_GATv2,_EOPKG_TC-UN-f1-5-penalty3l,67,epoch_duration_sec,15,1780677789398,346.41102930000125
learn,EOPKG,EOPKGTopologyConditioned,ebdfb988ea654392a4a4fc270f9e7c71,854778689611649472,_EOPKG_TC-UN-f1-5-penalty3l-67_loan_v1_v5_simulated_GATv2,_EOPKG_TC-UN-f1-5-penalty3l,67,epoch_duration_sec,16,1780678097486,271.82627290000164
learn,EOPKG,EOPKGTopologyConditioned,ebdfb988ea654392a4a4fc270f9e7c71,854778689611649472,_EOPKG_TC-UN-f1-5-penalty3l-67_loan_v1_v5_simulated_GATv2,_EOPKG_TC-UN-f1-5-penalty3l,67,epoch_duration_sec,17,1780678368513,238.51520199999868
learn,EOPKG,EOPKGTopologyConditioned,ebdfb988ea654392a4a4fc270f9e7c71,854778689611649472,_EOPKG_TC-UN-f1-5-penalty3l-67_loan_v1_v5_simulated_GATv2,_EOPKG_TC-UN-f1-5-penalty3l,67,epoch_duration_sec,18,1780678679250,270.7820178000002
learn,EOPKG,EOPKGTopologyConditioned,ebdfb988ea654392a4a4fc270f9e7c71,854778689611649472,_EOPKG_TC-UN-f1-5-penalty3l-67_loan_v1_v5_simulated_GATv2,_EOPKG_TC-UN-f1-5-penalty3l,67,epoch_duration_sec,19,1780679116336,386.8123325999986
learn,EOPKG,EOPKGTopologyConditioned,ebdfb988ea654392a4a4fc270f9e7c71,854778689611649472,_EOPKG_TC-UN-f1-5-penalty3l-67_loan_v1_v5_simulated_GATv2,_EOPKG_TC-UN-f1-5-penalty3l,67,epoch_duration_sec,20,1780679468857,314.56523169999855
learn,EOPKG,EOPKGTopologyConditioned,ebdfb988ea654392a4a4fc270f9e7c71,854778689611649472,_EOPKG_TC-UN-f1-5-penalty3l-67_loan_v1_v5_simulated_GATv2,_EOPKG_TC-UN-f1-5-penalty3l,67,epoch_duration_sec,21,1780679766384,262.6511791000012
learn,EOPKG,EOPKGTopologyConditioned,ebdfb988ea654392a4a4fc270f9e7c71,854778689611649472,_EOPKG_TC-UN-f1-5-penalty3l-67_loan_v1_v5_simulated_GATv2,_EOPKG_TC-UN-f1-5-penalty3l,67,epoch_duration_sec,22,1780680031902,229.05203039999833
learn,EOPKG,EOPKGTopologyConditioned,ebdfb988ea654392a4a4fc270f9e7c71,854778689611649472,_EOPKG_TC-UN-f1-5-penalty3l-67_loan_v1_v5_simulated_GATv2,_EOPKG_TC-UN-f1-5-penalty3l,67,epoch_duration_sec,23,1780680295436,231.2916107000019
learn,EOPKG,EOPKGTopologyConditioned,ebdfb988ea654392a4a4fc270f9e7c71,854778689611649472,_EOPKG_TC-UN-f1-5-penalty3l-67_loan_v1_v5_simulated_GATv2,_EOPKG_TC-UN-f1-5-penalty3l,67,epoch_duration_sec,24,1780680549775,222.03724090000105
learn,EOPKG,EOPKGTopologyConditioned,ebdfb988ea654392a4a4fc270f9e7c71,854778689611649472,_EOPKG_TC-UN-f1-5-penalty3l-67_loan_v1_v5_simulated_GATv2,_EOPKG_TC-UN-f1-5-penalty3l,67,epoch_duration_sec,25,1780680803945,222.55601319999914
learn,EOPKG,EOPKGTopologyConditioned,ebdfb988ea654392a4a4fc270f9e7c71,854778689611649472,_EOPKG_TC-UN-f1-5-penalty3l-67_loan_v1_v5_simulated_GATv2,_EOPKG_TC-UN-f1-5-penalty3l,67,epoch_duration_sec,26,1780681064383,225.0093240999995
learn,EOPKG,EOPKGTopologyConditioned,ebdfb988ea654392a4a4fc270f9e7c71,854778689611649472,_EOPKG_TC-UN-f1-5-penalty3l-67_loan_v1_v5_simulated_GATv2,_EOPKG_TC-UN-f1-5-penalty3l,67,epoch_duration_sec,27,1780681399932,288.45106080000187
learn,EOPKG,EOPKGTopologyConditioned,ebdfb988ea654392a4a4fc270f9e7c71,854778689611649472,_EOPKG_TC-UN-f1-5-penalty3l-67_loan_v1_v5_simulated_GATv2,_EOPKG_TC-UN-f1-5-penalty3l,67,epoch_duration_sec,28,1780681749470,305.64345980000144
learn,EOPKG,EOPKGTopologyConditioned,ebdfb988ea654392a4a4fc270f9e7c71,854778689611649472,_EOPKG_TC-UN-f1-5-penalty3l-67_loan_v1_v5_simulated_GATv2,_EOPKG_TC-UN-f1-5-penalty3l,67,epoch_duration_sec,29,1780682272322,465.7558486000016
learn,EOPKG,EOPKGTopologyConditioned,ebdfb988ea654392a4a4fc270f9e7c71,854778689611649472,_EOPKG_TC-UN-f1-5-penalty3l-67_loan_v1_v5_simulated_GATv2,_EOPKG_TC-UN-f1-5-penalty3l,67,epoch_duration_sec,30,1780682674811,366.3332429000002
learn,EOPKG,EOPKGTopologyConditioned,ebdfb988ea654392a4a4fc270f9e7c71,854778689611649472,_EOPKG_TC-UN-f1-5-penalty3l-67_loan_v1_v5_simulated_GATv2,_EOPKG_TC-UN-f1-5-penalty3l,67,epoch_duration_sec,31,1780682948824,242.38257320000048
learn,EOPKG,EOPKGTopologyConditioned,ebdfb988ea654392a4a4fc270f9e7c71,854778689611649472,_EOPKG_TC-UN-f1-5-penalty3l-67_loan_v1_v5_simulated_GATv2,_EOPKG_TC-UN-f1-5-penalty3l,67,epoch_duration_sec,32,1780683277965,268.1753905000005
learn,EOPKG,EOPKGTopologyConditioned,ebdfb988ea654392a4a4fc270f9e7c71,854778689611649472,_EOPKG_TC-UN-f1-5-penalty3l-67_loan_v1_v5_simulated_GATv2,_EOPKG_TC-UN-f1-5-penalty3l,67,epoch_duration_sec,33,1780683607803,287.09565219999786
learn,EOPKG,EOPKGTopologyConditioned,ebdfb988ea654392a4a4fc270f9e7c71,854778689611649472,_EOPKG_TC-UN-f1-5-penalty3l-67_loan_v1_v5_simulated_GATv2,_EOPKG_TC-UN-f1-5-penalty3l,67,epoch_duration_sec,34,1780683918407,272.06849879999936
learn,EOPKG,EOPKGTopologyConditioned,ebdfb988ea654392a4a4fc270f9e7c71,854778689611649472,_EOPKG_TC-UN-f1-5-penalty3l-67_loan_v1_v5_simulated_GATv2,_EOPKG_TC-UN-f1-5-penalty3l,67,epoch_duration_sec,35,1780684236546,274.8527655999969
learn,EOPKG,EOPKGTopologyConditioned,ebdfb988ea654392a4a4fc270f9e7c71,854778689611649472,_EOPKG_TC-UN-f1-5-penalty3l-67_loan_v1_v5_simulated_GATv2,_EOPKG_TC-UN-f1-5-penalty3l,67,epoch_duration_sec,36,1780684552716,278.1827985000018
learn,EOPKG,EOPKGTopologyConditioned,ebdfb988ea654392a4a4fc270f9e7c71,854778689611649472,_EOPKG_TC-UN-f1-5-penalty3l-67_loan_v1_v5_simulated_GATv2,_EOPKG_TC-UN-f1-5-penalty3l,67,epoch_duration_sec,37,1780684819337,233.78679329999795
learn,EOPKG,EOPKGTopologyConditioned,ebdfb988ea654392a4a4fc270f9e7c71,854778689611649472,_EOPKG_TC-UN-f1-5-penalty3l-67_loan_v1_v5_simulated_GATv2,_EOPKG_TC-UN-f1-5-penalty3l,67,epoch_duration_sec,38,1780685079302,226.9780212000005
learn,EOPKG,EOPKGTopologyConditioned,ebdfb988ea654392a4a4fc270f9e7c71,854778689611649472,_EOPKG_TC-UN-f1-5-penalty3l-67_loan_v1_v5_simulated_GATv2,_EOPKG_TC-UN-f1-5-penalty3l,67,epoch_duration_sec,39,1780685333578,222.30132299999968
learn,EOPKG,EOPKGTopologyConditioned,ebdfb988ea654392a4a4fc270f9e7c71,854778689611649472,_EOPKG_TC-UN-f1-5-penalty3l-67_loan_v1_v5_simulated_GATv2,_EOPKG_TC-UN-f1-5-penalty3l,67,epoch_duration_sec,40,1780685589985,221.82368779999888
learn,EOPKG,EOPKGTopologyConditioned,ebdfb988ea654392a4a4fc270f9e7c71,854778689611649472,_EOPKG_TC-UN-f1-5-penalty3l-67_loan_v1_v5_simulated_GATv2,_EOPKG_TC-UN-f1-5-penalty3l,67,epoch_duration_sec,41,1780685841903,220.01206380000076
learn,EOPKG,EOPKGTopologyConditioned,ebdfb988ea654392a4a4fc270f9e7c71,854778689611649472,_EOPKG_TC-UN-f1-5-penalty3l-67_loan_v1_v5_simulated_GATv2,_EOPKG_TC-UN-f1-5-penalty3l,67,epoch_duration_sec,42,1780686116443,230.52168190000157
learn,EOPKG-WI,EOPKGTopologyConditionedWI,65fb28926d0d45709ad89ec7cf9aef59,854778689611649472,_EOPKG_WI-UN-f1-5-32_loan_v1_v5_simulated_GATv2,_EOPKG_WI-UN-f1-5,32,epoch_duration_sec,1,1781533435261,244.94041929999366
learn,EOPKG-WI,EOPKGTopologyConditionedWI,65fb28926d0d45709ad89ec7cf9aef59,854778689611649472,_EOPKG_WI-UN-f1-5-32_loan_v1_v5_simulated_GATv2,_EOPKG_WI-UN-f1-5,32,epoch_duration_sec,2,1781533790718,286.95521949999966
learn,EOPKG-WI,EOPKGTopologyConditionedWI,65fb28926d0d45709ad89ec7cf9aef59,854778689611649472,_EOPKG_WI-UN-f1-5-32_loan_v1_v5_simulated_GATv2,_EOPKG_WI-UN-f1-5,32,epoch_duration_sec,3,1781534130658,294.325647700025
learn,EOPKG-WI,EOPKGTopologyConditionedWI,65fb28926d0d45709ad89ec7cf9aef59,854778689611649472,_EOPKG_WI-UN-f1-5-32_loan_v1_v5_simulated_GATv2,_EOPKG_WI-UN-f1-5,32,epoch_duration_sec,4,1781534517103,349.9724019000132
learn,EOPKG-WI,EOPKGTopologyConditionedWI,65fb28926d0d45709ad89ec7cf9aef59,854778689611649472,_EOPKG_WI-UN-f1-5-32_loan_v1_v5_simulated_GATv2,_EOPKG_WI-UN-f1-5,32,epoch_duration_sec,5,1781534714116,167.96694109999225
learn,EOPKG-WI,EOPKGTopologyConditionedWI,65fb28926d0d45709ad89ec7cf9aef59,854778689611649472,_EOPKG_WI-UN-f1-5-32_loan_v1_v5_simulated_GATv2,_EOPKG_WI-UN-f1-5,32,epoch_duration_sec,6,1781534869143,127.00561970000854
learn,EOPKG-WI,EOPKGTopologyConditionedWI,65fb28926d0d45709ad89ec7cf9aef59,854778689611649472,_EOPKG_WI-UN-f1-5-32_loan_v1_v5_simulated_GATv2,_EOPKG_WI-UN-f1-5,32,epoch_duration_sec,7,1781535222011,247.95839049998904
learn,EOPKG-WI,EOPKGTopologyConditionedWI,65fb28926d0d45709ad89ec7cf9aef59,854778689611649472,_EOPKG_WI-UN-f1-5-32_loan_v1_v5_simulated_GATv2,_EOPKG_WI-UN-f1-5,32,epoch_duration_sec,8,1781535524645,262.26234889999614
learn,EOPKG-WI,EOPKGTopologyConditionedWI,65fb28926d0d45709ad89ec7cf9aef59,854778689611649472,_EOPKG_WI-UN-f1-5-32_loan_v1_v5_simulated_GATv2,_EOPKG_WI-UN-f1-5,32,epoch_duration_sec,9,1781535788147,241.34152139999787
learn,EOPKG-WI,EOPKGTopologyConditionedWI,65fb28926d0d45709ad89ec7cf9aef59,854778689611649472,_EOPKG_WI-UN-f1-5-32_loan_v1_v5_simulated_GATv2,_EOPKG_WI-UN-f1-5,32,epoch_duration_sec,10,1781535937034,120.65337030001683
learn,EOPKG-WI,EOPKGTopologyConditionedWI,65fb28926d0d45709ad89ec7cf9aef59,854778689611649472,_EOPKG_WI-UN-f1-5-32_loan_v1_v5_simulated_GATv2,_EOPKG_WI-UN-f1-5,32,epoch_duration_sec,11,1781536214521,249.4518509999907
learn,EOPKG-WI,EOPKGTopologyConditionedWI,65fb28926d0d45709ad89ec7cf9aef59,854778689611649472,_EOPKG_WI-UN-f1-5-32_loan_v1_v5_simulated_GATv2,_EOPKG_WI-UN-f1-5,32,epoch_duration_sec,12,1781536463119,209.96576259998255
learn,EOPKG-WI,EOPKGTopologyConditionedWI,65fb28926d0d45709ad89ec7cf9aef59,854778689611649472,_EOPKG_WI-UN-f1-5-32_loan_v1_v5_simulated_GATv2,_EOPKG_WI-UN-f1-5,32,epoch_duration_sec,13,1781536646566,152.96768569998676
learn,EOPKG-WI,EOPKGTopologyConditionedWI,65fb28926d0d45709ad89ec7cf9aef59,854778689611649472,_EOPKG_WI-UN-f1-5-32_loan_v1_v5_simulated_GATv2,_EOPKG_WI-UN-f1-5,32,epoch_duration_sec,14,1781536820104,141.7420407999889
learn,EOPKG-WI,EOPKGTopologyConditionedWI,65fb28926d0d45709ad89ec7cf9aef59,854778689611649472,_EOPKG_WI-UN-f1-5-32_loan_v1_v5_simulated_GATv2,_EOPKG_WI-UN-f1-5,32,epoch_duration_sec,15,1781536966699,127.68330160001642
learn,EOPKG-WI,EOPKGTopologyConditionedWI,65fb28926d0d45709ad89ec7cf9aef59,854778689611649472,_EOPKG_WI-UN-f1-5-32_loan_v1_v5_simulated_GATv2,_EOPKG_WI-UN-f1-5,32,epoch_duration_sec,16,1781537104933,116.48084360000212
learn,EOPKG-WI,EOPKGTopologyConditionedWI,65fb28926d0d45709ad89ec7cf9aef59,854778689611649472,_EOPKG_WI-UN-f1-5-32_loan_v1_v5_simulated_GATv2,_EOPKG_WI-UN-f1-5,32,epoch_duration_sec,17,1781537440032,293.43845590000274
learn,EOPKG-WI,EOPKGTopologyConditionedWI,65fb28926d0d45709ad89ec7cf9aef59,854778689611649472,_EOPKG_WI-UN-f1-5-32_loan_v1_v5_simulated_GATv2,_EOPKG_WI-UN-f1-5,32,epoch_duration_sec,18,1781537654537,167.44295929998043
learn,EOPKG-WI,EOPKGTopologyConditionedWI,65fb28926d0d45709ad89ec7cf9aef59,854778689611649472,_EOPKG_WI-UN-f1-5-32_loan_v1_v5_simulated_GATv2,_EOPKG_WI-UN-f1-5,32,epoch_duration_sec,19,1781537832902,156.0841669999936
learn,EOPKG-WI,EOPKGTopologyConditionedWI,65fb28926d0d45709ad89ec7cf9aef59,854778689611649472,_EOPKG_WI-UN-f1-5-32_loan_v1_v5_simulated_GATv2,_EOPKG_WI-UN-f1-5,32,epoch_duration_sec,20,1781537968181,114.60420159998466
learn,EOPKG-WI,EOPKGTopologyConditionedWI,65fb28926d0d45709ad89ec7cf9aef59,854778689611649472,_EOPKG_WI-UN-f1-5-32_loan_v1_v5_simulated_GATv2,_EOPKG_WI-UN-f1-5,32,epoch_duration_sec,21,1781538165098,168.51732389998506
learn,EOPKG-WI,EOPKGTopologyConditionedWI,65fb28926d0d45709ad89ec7cf9aef59,854778689611649472,_EOPKG_WI-UN-f1-5-32_loan_v1_v5_simulated_GATv2,_EOPKG_WI-UN-f1-5,32,epoch_duration_sec,22,1781538322281,132.51779250000254
learn,EOPKG-WI,EOPKGTopologyConditionedWI,65fb28926d0d45709ad89ec7cf9aef59,854778689611649472,_EOPKG_WI-UN-f1-5-32_loan_v1_v5_simulated_GATv2,_EOPKG_WI-UN-f1-5,32,epoch_duration_sec,23,1781538437558,97.37695069998153
learn,EOPKG-WI,EOPKGTopologyConditionedWI,65fb28926d0d45709ad89ec7cf9aef59,854778689611649472,_EOPKG_WI-UN-f1-5-32_loan_v1_v5_simulated_GATv2,_EOPKG_WI-UN-f1-5,32,epoch_duration_sec,24,1781538562489,106.58259070001077
learn,EOPKG-WI,EOPKGTopologyConditionedWI,65fb28926d0d45709ad89ec7cf9aef59,854778689611649472,_EOPKG_WI-UN-f1-5-32_loan_v1_v5_simulated_GATv2,_EOPKG_WI-UN-f1-5,32,epoch_duration_sec,25,1781538672017,91.85113550000824
learn,EOPKG-WI,EOPKGTopologyConditionedWI,65fb28926d0d45709ad89ec7cf9aef59,854778689611649472,_EOPKG_WI-UN-f1-5-32_loan_v1_v5_simulated_GATv2,_EOPKG_WI-UN-f1-5,32,epoch_duration_sec,26,1781538795025,102.669550599996
learn,EOPKG-WI,EOPKGTopologyConditionedWI,65fb28926d0d45709ad89ec7cf9aef59,854778689611649472,_EOPKG_WI-UN-f1-5-32_loan_v1_v5_simulated_GATv2,_EOPKG_WI-UN-f1-5,32,epoch_duration_sec,27,1781538935091,119.94698559999233
learn,EOPKG-WI,EOPKGTopologyConditionedWI,65fb28926d0d45709ad89ec7cf9aef59,854778689611649472,_EOPKG_WI-UN-f1-5-32_loan_v1_v5_simulated_GATv2,_EOPKG_WI-UN-f1-5,32,epoch_duration_sec,28,1781539094706,137.94230939997942
learn,EOPKG-WI,EOPKGTopologyConditionedWI,65fb28926d0d45709ad89ec7cf9aef59,854778689611649472,_EOPKG_WI-UN-f1-5-32_loan_v1_v5_simulated_GATv2,_EOPKG_WI-UN-f1-5,32,epoch_duration_sec,29,1781539268220,144.7901176000014
learn,EOPKG-WI,EOPKGTopologyConditionedWI,65fb28926d0d45709ad89ec7cf9aef59,854778689611649472,_EOPKG_WI-UN-f1-5-32_loan_v1_v5_simulated_GATv2,_EOPKG_WI-UN-f1-5,32,epoch_duration_sec,30,1781539418396,131.8788860999921
learn,EOPKG-WI,EOPKGTopologyConditionedWI,65fb28926d0d45709ad89ec7cf9aef59,854778689611649472,_EOPKG_WI-UN-f1-5-32_loan_v1_v5_simulated_GATv2,_EOPKG_WI-UN-f1-5,32,epoch_duration_sec,31,1781539545884,109.4136048000073
learn,EOPKG-WI,EOPKGTopologyConditionedWI,65fb28926d0d45709ad89ec7cf9aef59,854778689611649472,_EOPKG_WI-UN-f1-5-32_loan_v1_v5_simulated_GATv2,_EOPKG_WI-UN-f1-5,32,epoch_duration_sec,32,1781539666707,100.74950780000654
learn,EOPKG-WI,EOPKGTopologyConditionedWI,65fb28926d0d45709ad89ec7cf9aef59,854778689611649472,_EOPKG_WI-UN-f1-5-32_loan_v1_v5_simulated_GATv2,_EOPKG_WI-UN-f1-5,32,epoch_duration_sec,33,1781539836645,107.53268240002217
learn,EOPKG-WI,EOPKGTopologyConditionedWI,65fb28926d0d45709ad89ec7cf9aef59,854778689611649472,_EOPKG_WI-UN-f1-5-32_loan_v1_v5_simulated_GATv2,_EOPKG_WI-UN-f1-5,32,epoch_duration_sec,34,1781540063219,183.3847620000015
learn,EOPKG-WI,EOPKGTopologyConditionedWI,65fb28926d0d45709ad89ec7cf9aef59,854778689611649472,_EOPKG_WI-UN-f1-5-32_loan_v1_v5_simulated_GATv2,_EOPKG_WI-UN-f1-5,32,epoch_duration_sec,35,1781540247879,165.09832410002127
learn,EOPKG-WI,EOPKGTopologyConditionedWI,65fb28926d0d45709ad89ec7cf9aef59,854778689611649472,_EOPKG_WI-UN-f1-5-32_loan_v1_v5_simulated_GATv2,_EOPKG_WI-UN-f1-5,32,epoch_duration_sec,36,1781540370335,101.72260389997973
learn,EOPKG-WI,EOPKGTopologyConditionedWI,65fb28926d0d45709ad89ec7cf9aef59,854778689611649472,_EOPKG_WI-UN-f1-5-32_loan_v1_v5_simulated_GATv2,_EOPKG_WI-UN-f1-5,32,epoch_duration_sec,37,1781540547555,139.05773339999723
learn,EOPKG-WI,EOPKGTopologyConditionedWI,65fb28926d0d45709ad89ec7cf9aef59,854778689611649472,_EOPKG_WI-UN-f1-5-32_loan_v1_v5_simulated_GATv2,_EOPKG_WI-UN-f1-5,32,epoch_duration_sec,38,1781540789717,221.9525281000242
learn,EOPKG-WI,EOPKGTopologyConditionedWI,65fb28926d0d45709ad89ec7cf9aef59,854778689611649472,_EOPKG_WI-UN-f1-5-32_loan_v1_v5_simulated_GATv2,_EOPKG_WI-UN-f1-5,32,epoch_duration_sec,39,1781540903621,95.98954400001094
learn,EOPKG-WI,EOPKGTopologyConditionedWI,65fb28926d0d45709ad89ec7cf9aef59,854778689611649472,_EOPKG_WI-UN-f1-5-32_loan_v1_v5_simulated_GATv2,_EOPKG_WI-UN-f1-5,32,epoch_duration_sec,40,1781541019543,98.14972230000421
learn,EOPKG-WI,EOPKGTopologyConditionedWI,65fb28926d0d45709ad89ec7cf9aef59,854778689611649472,_EOPKG_WI-UN-f1-5-32_loan_v1_v5_simulated_GATv2,_EOPKG_WI-UN-f1-5,32,epoch_duration_sec,41,1781541128400,90.38931520000915
learn,EOPKG-WI,EOPKGTopologyConditionedWI,65fb28926d0d45709ad89ec7cf9aef59,854778689611649472,_EOPKG_WI-UN-f1-5-32_loan_v1_v5_simulated_GATv2,_EOPKG_WI-UN-f1-5,32,epoch_duration_sec,42,1781541251872,99.77462689997628
learn,EOPKG-WI,EOPKGTopologyConditionedWI,65fb28926d0d45709ad89ec7cf9aef59,854778689611649472,_EOPKG_WI-UN-f1-5-32_loan_v1_v5_simulated_GATv2,_EOPKG_WI-UN-f1-5,32,epoch_duration_sec,43,1781541361399,91.91677169999457
learn,EOPKG-WI,EOPKGTopologyConditionedWI,65fb28926d0d45709ad89ec7cf9aef59,854778689611649472,_EOPKG_WI-UN-f1-5-32_loan_v1_v5_simulated_GATv2,_EOPKG_WI-UN-f1-5,32,epoch_duration_sec,44,1781541471765,92.14628829999128
learn,EOPKG-WI,EOPKGTopologyConditionedWI,65fb28926d0d45709ad89ec7cf9aef59,854778689611649472,_EOPKG_WI-UN-f1-5-32_loan_v1_v5_simulated_GATv2,_EOPKG_WI-UN-f1-5,32,epoch_duration_sec,45,1781541582416,93.44510099999025
learn,EOPKG-WI,EOPKGTopologyConditionedWI,65fb28926d0d45709ad89ec7cf9aef59,854778689611649472,_EOPKG_WI-UN-f1-5-32_loan_v1_v5_simulated_GATv2,_EOPKG_WI-UN-f1-5,32,epoch_duration_sec,46,1781541695082,95.56433779999497
learn,EOPKG-WI,EOPKGTopologyConditionedWI,65fb28926d0d45709ad89ec7cf9aef59,854778689611649472,_EOPKG_WI-UN-f1-5-32_loan_v1_v5_simulated_GATv2,_EOPKG_WI-UN-f1-5,32,epoch_duration_sec,47,1781541802966,90.97394630001509
learn,EOPKG-WI,EOPKGTopologyConditionedWI,65fb28926d0d45709ad89ec7cf9aef59,854778689611649472,_EOPKG_WI-UN-f1-5-32_loan_v1_v5_simulated_GATv2,_EOPKG_WI-UN-f1-5,32,epoch_duration_sec,48,1781541912810,88.12813199998345
learn,EOPKG-WI,EOPKGTopologyConditionedWI,65fb28926d0d45709ad89ec7cf9aef59,854778689611649472,_EOPKG_WI-UN-f1-5-32_loan_v1_v5_simulated_GATv2,_EOPKG_WI-UN-f1-5,32,epoch_duration_sec,49,1781542017061,87.16305239999201
learn,EOPKG-WI,EOPKGTopologyConditionedWI,65fb28926d0d45709ad89ec7cf9aef59,854778689611649472,_EOPKG_WI-UN-f1-5-32_loan_v1_v5_simulated_GATv2,_EOPKG_WI-UN-f1-5,32,epoch_duration_sec,50,1781542122468,88.11973210002179
learn,EOPKG-WI,EOPKGTopologyConditionedWI,88e10c5c5b45467e935548e0decdf824,854778689611649472,_EOPKG_WI-UN-f1-5-78_loan_v1_v5_simulated_GATv2,_EOPKG_WI-UN-f1-5,78,epoch_duration_sec,1,1781092108772,256.17278790000273
learn,EOPKG-WI,EOPKGTopologyConditionedWI,88e10c5c5b45467e935548e0decdf824,854778689611649472,_EOPKG_WI-UN-f1-5-78_loan_v1_v5_simulated_GATv2,_EOPKG_WI-UN-f1-5,78,epoch_duration_sec,2,1781092228587,101.07570779999514
learn,EOPKG-WI,EOPKGTopologyConditionedWI,88e10c5c5b45467e935548e0decdf824,854778689611649472,_EOPKG_WI-UN-f1-5-78_loan_v1_v5_simulated_GATv2,_EOPKG_WI-UN-f1-5,78,epoch_duration_sec,3,1781092340789,93.91590900000301
learn,EOPKG-WI,EOPKGTopologyConditionedWI,88e10c5c5b45467e935548e0decdf824,854778689611649472,_EOPKG_WI-UN-f1-5-78_loan_v1_v5_simulated_GATv2,_EOPKG_WI-UN-f1-5,78,epoch_duration_sec,4,1781092462917,101.5348548999973
learn,EOPKG-WI,EOPKGTopologyConditionedWI,88e10c5c5b45467e935548e0decdf824,854778689611649472,_EOPKG_WI-UN-f1-5-78_loan_v1_v5_simulated_GATv2,_EOPKG_WI-UN-f1-5,78,epoch_duration_sec,5,1781092586891,104.07141849999607
learn,EOPKG-WI,EOPKGTopologyConditionedWI,88e10c5c5b45467e935548e0decdf824,854778689611649472,_EOPKG_WI-UN-f1-5-78_loan_v1_v5_simulated_GATv2,_EOPKG_WI-UN-f1-5,78,epoch_duration_sec,6,1781092696884,92.86395479999919
learn,EOPKG-WI,EOPKGTopologyConditionedWI,88e10c5c5b45467e935548e0decdf824,854778689611649472,_EOPKG_WI-UN-f1-5-78_loan_v1_v5_simulated_GATv2,_EOPKG_WI-UN-f1-5,78,epoch_duration_sec,7,1781092812440,95.95538529999612
learn,EOPKG-WI,EOPKGTopologyConditionedWI,88e10c5c5b45467e935548e0decdf824,854778689611649472,_EOPKG_WI-UN-f1-5-78_loan_v1_v5_simulated_GATv2,_EOPKG_WI-UN-f1-5,78,epoch_duration_sec,8,1781092933088,102.00613030000386
learn,EOPKG-WI,EOPKGTopologyConditionedWI,88e10c5c5b45467e935548e0decdf824,854778689611649472,_EOPKG_WI-UN-f1-5-78_loan_v1_v5_simulated_GATv2,_EOPKG_WI-UN-f1-5,78,epoch_duration_sec,9,1781093051617,99.9141512999995
learn,EOPKG-WI,EOPKGTopologyConditionedWI,88e10c5c5b45467e935548e0decdf824,854778689611649472,_EOPKG_WI-UN-f1-5-78_loan_v1_v5_simulated_GATv2,_EOPKG_WI-UN-f1-5,78,epoch_duration_sec,10,1781093168567,98.09162470000592
learn,EOPKG-WI,EOPKGTopologyConditionedWI,88e10c5c5b45467e935548e0decdf824,854778689611649472,_EOPKG_WI-UN-f1-5-78_loan_v1_v5_simulated_GATv2,_EOPKG_WI-UN-f1-5,78,epoch_duration_sec,11,1781093274291,89.28268679999746
learn,EOPKG-WI,EOPKGTopologyConditionedWI,88e10c5c5b45467e935548e0decdf824,854778689611649472,_EOPKG_WI-UN-f1-5-78_loan_v1_v5_simulated_GATv2,_EOPKG_WI-UN-f1-5,78,epoch_duration_sec,12,1781093376754,86.03488710000238
learn,EOPKG-WI,EOPKGTopologyConditionedWI,88e10c5c5b45467e935548e0decdf824,854778689611649472,_EOPKG_WI-UN-f1-5-78_loan_v1_v5_simulated_GATv2,_EOPKG_WI-UN-f1-5,78,epoch_duration_sec,13,1781093478954,85.63898890000564
learn,EOPKG-WI,EOPKGTopologyConditionedWI,88e10c5c5b45467e935548e0decdf824,854778689611649472,_EOPKG_WI-UN-f1-5-78_loan_v1_v5_simulated_GATv2,_EOPKG_WI-UN-f1-5,78,epoch_duration_sec,14,1781093591512,95.17311309999786
learn,EOPKG-WI,EOPKGTopologyConditionedWI,88e10c5c5b45467e935548e0decdf824,854778689611649472,_EOPKG_WI-UN-f1-5-78_loan_v1_v5_simulated_GATv2,_EOPKG_WI-UN-f1-5,78,epoch_duration_sec,15,1781093699579,91.67870129999937
learn,EOPKG-WI,EOPKGTopologyConditionedWI,88e10c5c5b45467e935548e0decdf824,854778689611649472,_EOPKG_WI-UN-f1-5-78_loan_v1_v5_simulated_GATv2,_EOPKG_WI-UN-f1-5,78,epoch_duration_sec,16,1781093818283,98.04332400000567
learn,EOPKG-WI,EOPKGTopologyConditionedWI,88e10c5c5b45467e935548e0decdf824,854778689611649472,_EOPKG_WI-UN-f1-5-78_loan_v1_v5_simulated_GATv2,_EOPKG_WI-UN-f1-5,78,epoch_duration_sec,17,1781093947341,108.63567650000186
learn,EOPKG-WI,EOPKGTopologyConditionedWI,88e10c5c5b45467e935548e0decdf824,854778689611649472,_EOPKG_WI-UN-f1-5-78_loan_v1_v5_simulated_GATv2,_EOPKG_WI-UN-f1-5,78,epoch_duration_sec,18,1781094057335,92.81641799999488
learn,EOPKG-WI,EOPKGTopologyConditionedWI,88e10c5c5b45467e935548e0decdf824,854778689611649472,_EOPKG_WI-UN-f1-5-78_loan_v1_v5_simulated_GATv2,_EOPKG_WI-UN-f1-5,78,epoch_duration_sec,19,1781094202951,123.35433109999576
learn,EOPKG-WI,EOPKGTopologyConditionedWI,88e10c5c5b45467e935548e0decdf824,854778689611649472,_EOPKG_WI-UN-f1-5-78_loan_v1_v5_simulated_GATv2,_EOPKG_WI-UN-f1-5,78,epoch_duration_sec,20,1781094381555,153.1330827999991
learn,EOPKG-WI,EOPKGTopologyConditionedWI,88e10c5c5b45467e935548e0decdf824,854778689611649472,_EOPKG_WI-UN-f1-5-78_loan_v1_v5_simulated_GATv2,_EOPKG_WI-UN-f1-5,78,epoch_duration_sec,21,1781094575496,161.59423079999397
learn,EOPKG-WI,EOPKGTopologyConditionedWI,88e10c5c5b45467e935548e0decdf824,854778689611649472,_EOPKG_WI-UN-f1-5-78_loan_v1_v5_simulated_GATv2,_EOPKG_WI-UN-f1-5,78,epoch_duration_sec,22,1781094727383,133.6059064000001
learn,EOPKG-WI,EOPKGTopologyConditionedWI,88e10c5c5b45467e935548e0decdf824,854778689611649472,_EOPKG_WI-UN-f1-5-78_loan_v1_v5_simulated_GATv2,_EOPKG_WI-UN-f1-5,78,epoch_duration_sec,23,1781094841323,96.03134419999697
learn,EOPKG-WI,EOPKGTopologyConditionedWI,88e10c5c5b45467e935548e0decdf824,854778689611649472,_EOPKG_WI-UN-f1-5-78_loan_v1_v5_simulated_GATv2,_EOPKG_WI-UN-f1-5,78,epoch_duration_sec,24,1781094970044,104.39293159999943
learn,EOPKG-WI,EOPKGTopologyConditionedWI,88e10c5c5b45467e935548e0decdf824,854778689611649472,_EOPKG_WI-UN-f1-5-78_loan_v1_v5_simulated_GATv2,_EOPKG_WI-UN-f1-5,78,epoch_duration_sec,25,1781095081851,94.64851690000069
learn,EOPKG-WI,EOPKGTopologyConditionedWI,88e10c5c5b45467e935548e0decdf824,854778689611649472,_EOPKG_WI-UN-f1-5-78_loan_v1_v5_simulated_GATv2,_EOPKG_WI-UN-f1-5,78,epoch_duration_sec,26,1781095213208,114.81575630000589
learn,EOPKG-WI,EOPKGTopologyConditionedWI,88e10c5c5b45467e935548e0decdf824,854778689611649472,_EOPKG_WI-UN-f1-5-78_loan_v1_v5_simulated_GATv2,_EOPKG_WI-UN-f1-5,78,epoch_duration_sec,27,1781095321527,90.62784639999882
learn,EOPKG-WI,EOPKGTopologyConditionedWI,88e10c5c5b45467e935548e0decdf824,854778689611649472,_EOPKG_WI-UN-f1-5-78_loan_v1_v5_simulated_GATv2,_EOPKG_WI-UN-f1-5,78,epoch_duration_sec,28,1781095423377,85.54612899999483
learn,EOPKG-WI,EOPKGTopologyConditionedWI,88e10c5c5b45467e935548e0decdf824,854778689611649472,_EOPKG_WI-UN-f1-5-78_loan_v1_v5_simulated_GATv2,_EOPKG_WI-UN-f1-5,78,epoch_duration_sec,29,1781095527009,87.5442922000002
learn,EOPKG-WI,EOPKGTopologyConditionedWI,88e10c5c5b45467e935548e0decdf824,854778689611649472,_EOPKG_WI-UN-f1-5-78_loan_v1_v5_simulated_GATv2,_EOPKG_WI-UN-f1-5,78,epoch_duration_sec,30,1781095627280,84.28771310000593
learn,EOPKG-WI,EOPKGTopologyConditionedWI,88e10c5c5b45467e935548e0decdf824,854778689611649472,_EOPKG_WI-UN-f1-5-78_loan_v1_v5_simulated_GATv2,_EOPKG_WI-UN-f1-5,78,epoch_duration_sec,31,1781095727044,83.74018089999299
learn,EOPKG-WI,EOPKGTopologyConditionedWI,88e10c5c5b45467e935548e0decdf824,854778689611649472,_EOPKG_WI-UN-f1-5-78_loan_v1_v5_simulated_GATv2,_EOPKG_WI-UN-f1-5,78,epoch_duration_sec,32,1781095826203,83.3149745999981
learn,EOPKG-WI,EOPKGTopologyConditionedWI,88e10c5c5b45467e935548e0decdf824,854778689611649472,_EOPKG_WI-UN-f1-5-78_loan_v1_v5_simulated_GATv2,_EOPKG_WI-UN-f1-5,78,epoch_duration_sec,33,1781095924200,82.3533138999992
learn,EOPKG-WI,EOPKGTopologyConditionedWI,88e10c5c5b45467e935548e0decdf824,854778689611649472,_EOPKG_WI-UN-f1-5-78_loan_v1_v5_simulated_GATv2,_EOPKG_WI-UN-f1-5,78,epoch_duration_sec,34,1781096022734,82.7409673000002
learn,EOPKG-WI,EOPKGTopologyConditionedWI,88e10c5c5b45467e935548e0decdf824,854778689611649472,_EOPKG_WI-UN-f1-5-78_loan_v1_v5_simulated_GATv2,_EOPKG_WI-UN-f1-5,78,epoch_duration_sec,35,1781096122066,83.27600859999802
learn,EOPKG-WI,EOPKGTopologyConditionedWI,88e10c5c5b45467e935548e0decdf824,854778689611649472,_EOPKG_WI-UN-f1-5-78_loan_v1_v5_simulated_GATv2,_EOPKG_WI-UN-f1-5,78,epoch_duration_sec,36,1781096220921,83.2697249000048
learn,EOPKG-WI,EOPKGTopologyConditionedWI,88e10c5c5b45467e935548e0decdf824,854778689611649472,_EOPKG_WI-UN-f1-5-78_loan_v1_v5_simulated_GATv2,_EOPKG_WI-UN-f1-5,78,epoch_duration_sec,37,1781096319051,82.28924559999723
learn,EOPKG-WI,EOPKGTopologyConditionedWI,88e10c5c5b45467e935548e0decdf824,854778689611649472,_EOPKG_WI-UN-f1-5-78_loan_v1_v5_simulated_GATv2,_EOPKG_WI-UN-f1-5,78,epoch_duration_sec,38,1781096417923,82.80210200000147
learn,EOPKG-WI,EOPKGTopologyConditionedWI,88e10c5c5b45467e935548e0decdf824,854778689611649472,_EOPKG_WI-UN-f1-5-78_loan_v1_v5_simulated_GATv2,_EOPKG_WI-UN-f1-5,78,epoch_duration_sec,39,1781096516911,83.22800849999476
learn,EOPKG-WI,EOPKGTopologyConditionedWI,88e10c5c5b45467e935548e0decdf824,854778689611649472,_EOPKG_WI-UN-f1-5-78_loan_v1_v5_simulated_GATv2,_EOPKG_WI-UN-f1-5,78,epoch_duration_sec,40,1781096615533,82.68189360000542
learn,EOPKG-WI,EOPKGTopologyConditionedWI,88e10c5c5b45467e935548e0decdf824,854778689611649472,_EOPKG_WI-UN-f1-5-78_loan_v1_v5_simulated_GATv2,_EOPKG_WI-UN-f1-5,78,epoch_duration_sec,41,1781096714781,83.37823850000132
learn,EOPKG-WI,EOPKGTopologyConditionedWI,88e10c5c5b45467e935548e0decdf824,854778689611649472,_EOPKG_WI-UN-f1-5-78_loan_v1_v5_simulated_GATv2,_EOPKG_WI-UN-f1-5,78,epoch_duration_sec,42,1781096813548,83.02022790000046
learn,EOPKG-WI,EOPKGTopologyConditionedWI,88e10c5c5b45467e935548e0decdf824,854778689611649472,_EOPKG_WI-UN-f1-5-78_loan_v1_v5_simulated_GATv2,_EOPKG_WI-UN-f1-5,78,epoch_duration_sec,43,1781096912743,83.20573890000378
learn,EOPKG-WI,EOPKGTopologyConditionedWI,88e10c5c5b45467e935548e0decdf824,854778689611649472,_EOPKG_WI-UN-f1-5-78_loan_v1_v5_simulated_GATv2,_EOPKG_WI-UN-f1-5,78,epoch_duration_sec,44,1781097011855,83.26679390000209
learn,EOPKG-WI,EOPKGTopologyConditionedWI,88e10c5c5b45467e935548e0decdf824,854778689611649472,_EOPKG_WI-UN-f1-5-78_loan_v1_v5_simulated_GATv2,_EOPKG_WI-UN-f1-5,78,epoch_duration_sec,45,1781097110966,83.1500589999996
learn,EOPKG-WI,EOPKGTopologyConditionedWI,88e10c5c5b45467e935548e0decdf824,854778689611649472,_EOPKG_WI-UN-f1-5-78_loan_v1_v5_simulated_GATv2,_EOPKG_WI-UN-f1-5,78,epoch_duration_sec,46,1781097212037,84.84781079999811
learn,EOPKG-WI,EOPKGTopologyConditionedWI,88e10c5c5b45467e935548e0decdf824,854778689611649472,_EOPKG_WI-UN-f1-5-78_loan_v1_v5_simulated_GATv2,_EOPKG_WI-UN-f1-5,78,epoch_duration_sec,47,1781097311561,83.56983699999546
learn,EOPKG-WI,EOPKGTopologyConditionedWI,88e10c5c5b45467e935548e0decdf824,854778689611649472,_EOPKG_WI-UN-f1-5-78_loan_v1_v5_simulated_GATv2,_EOPKG_WI-UN-f1-5,78,epoch_duration_sec,48,1781097411615,84.21122770000511
learn,EOPKG-WI,EOPKGTopologyConditionedWI,88e10c5c5b45467e935548e0decdf824,854778689611649472,_EOPKG_WI-UN-f1-5-78_loan_v1_v5_simulated_GATv2,_EOPKG_WI-UN-f1-5,78,epoch_duration_sec,49,1781097510860,83.35526939999545
learn,EOPKG-WI,EOPKGTopologyConditionedWI,88e10c5c5b45467e935548e0decdf824,854778689611649472,_EOPKG_WI-UN-f1-5-78_loan_v1_v5_simulated_GATv2,_EOPKG_WI-UN-f1-5,78,epoch_duration_sec,50,1781097610542,83.3947885000016
learn,EOPKG-WI,EOPKGTopologyConditionedWI,8b07202c23874e298ad9b3445b49872d,854778689611649472,_EOPKG_WI-UN-f1-5-42_loan_v1_v5_simulated_GATv2,_EOPKG_WI-UN-f1-5,42,epoch_duration_sec,1,1781630554217,133.03205239999807
learn,EOPKG-WI,EOPKGTopologyConditionedWI,8b07202c23874e298ad9b3445b49872d,854778689611649472,_EOPKG_WI-UN-f1-5-42_loan_v1_v5_simulated_GATv2,_EOPKG_WI-UN-f1-5,42,epoch_duration_sec,2,1781630664671,93.12933230004273
learn,EOPKG-WI,EOPKGTopologyConditionedWI,8b07202c23874e298ad9b3445b49872d,854778689611649472,_EOPKG_WI-UN-f1-5-42_loan_v1_v5_simulated_GATv2,_EOPKG_WI-UN-f1-5,42,epoch_duration_sec,3,1781630773945,91.3110030000098
learn,EOPKG-WI,EOPKGTopologyConditionedWI,8b07202c23874e298ad9b3445b49872d,854778689611649472,_EOPKG_WI-UN-f1-5-42_loan_v1_v5_simulated_GATv2,_EOPKG_WI-UN-f1-5,42,epoch_duration_sec,4,1781630910301,116.91235480003525
learn,EOPKG-WI,EOPKGTopologyConditionedWI,8b07202c23874e298ad9b3445b49872d,854778689611649472,_EOPKG_WI-UN-f1-5-42_loan_v1_v5_simulated_GATv2,_EOPKG_WI-UN-f1-5,42,epoch_duration_sec,5,1781631026327,96.57397879997734
learn,EOPKG-WI,EOPKGTopologyConditionedWI,8b07202c23874e298ad9b3445b49872d,854778689611649472,_EOPKG_WI-UN-f1-5-42_loan_v1_v5_simulated_GATv2,_EOPKG_WI-UN-f1-5,42,epoch_duration_sec,6,1781631191705,144.28263249999145
learn,EOPKG-WI,EOPKGTopologyConditionedWI,8b07202c23874e298ad9b3445b49872d,854778689611649472,_EOPKG_WI-UN-f1-5-42_loan_v1_v5_simulated_GATv2,_EOPKG_WI-UN-f1-5,42,epoch_duration_sec,7,1781631329340,113.62181330000749
learn,EOPKG-WI,EOPKGTopologyConditionedWI,8b07202c23874e298ad9b3445b49872d,854778689611649472,_EOPKG_WI-UN-f1-5-42_loan_v1_v5_simulated_GATv2,_EOPKG_WI-UN-f1-5,42,epoch_duration_sec,8,1781631471933,114.97429519996513
learn,EOPKG-WI,EOPKGTopologyConditionedWI,8b07202c23874e298ad9b3445b49872d,854778689611649472,_EOPKG_WI-UN-f1-5-42_loan_v1_v5_simulated_GATv2,_EOPKG_WI-UN-f1-5,42,epoch_duration_sec,9,1781631616446,122.54330759996083
learn,EOPKG-WI,EOPKGTopologyConditionedWI,8b07202c23874e298ad9b3445b49872d,854778689611649472,_EOPKG_WI-UN-f1-5-42_loan_v1_v5_simulated_GATv2,_EOPKG_WI-UN-f1-5,42,epoch_duration_sec,10,1781631756849,117.91007949999766
learn,EOPKG-WI,EOPKGTopologyConditionedWI,8b07202c23874e298ad9b3445b49872d,854778689611649472,_EOPKG_WI-UN-f1-5-42_loan_v1_v5_simulated_GATv2,_EOPKG_WI-UN-f1-5,42,epoch_duration_sec,11,1781631900335,121.40634819999104
learn,EOPKG-WI,EOPKGTopologyConditionedWI,8b07202c23874e298ad9b3445b49872d,854778689611649472,_EOPKG_WI-UN-f1-5-42_loan_v1_v5_simulated_GATv2,_EOPKG_WI-UN-f1-5,42,epoch_duration_sec,12,1781632038137,114.48707999999169
learn,EOPKG-WI,EOPKGTopologyConditionedWI,8b07202c23874e298ad9b3445b49872d,854778689611649472,_EOPKG_WI-UN-f1-5-42_loan_v1_v5_simulated_GATv2,_EOPKG_WI-UN-f1-5,42,epoch_duration_sec,13,1781632183283,122.56200989999343
learn,EOPKG-WI,EOPKGTopologyConditionedWI,8b07202c23874e298ad9b3445b49872d,854778689611649472,_EOPKG_WI-UN-f1-5-42_loan_v1_v5_simulated_GATv2,_EOPKG_WI-UN-f1-5,42,epoch_duration_sec,14,1781632331841,126.36073570000008
learn,EOPKG-WI,EOPKGTopologyConditionedWI,8b07202c23874e298ad9b3445b49872d,854778689611649472,_EOPKG_WI-UN-f1-5-42_loan_v1_v5_simulated_GATv2,_EOPKG_WI-UN-f1-5,42,epoch_duration_sec,15,1781632464452,111.03833230002783
learn,EOPKG-WI,EOPKGTopologyConditionedWI,8b07202c23874e298ad9b3445b49872d,854778689611649472,_EOPKG_WI-UN-f1-5-42_loan_v1_v5_simulated_GATv2,_EOPKG_WI-UN-f1-5,42,epoch_duration_sec,16,1781632611284,120.72313260001829
learn,EOPKG-WI,EOPKGTopologyConditionedWI,8b07202c23874e298ad9b3445b49872d,854778689611649472,_EOPKG_WI-UN-f1-5-42_loan_v1_v5_simulated_GATv2,_EOPKG_WI-UN-f1-5,42,epoch_duration_sec,17,1781632790348,154.22946610004874
learn,EOPKG-WI,EOPKGTopologyConditionedWI,8b07202c23874e298ad9b3445b49872d,854778689611649472,_EOPKG_WI-UN-f1-5-42_loan_v1_v5_simulated_GATv2,_EOPKG_WI-UN-f1-5,42,epoch_duration_sec,18,1781632948049,130.10573330003535
learn,EOPKG-WI,EOPKGTopologyConditionedWI,8b07202c23874e298ad9b3445b49872d,854778689611649472,_EOPKG_WI-UN-f1-5-42_loan_v1_v5_simulated_GATv2,_EOPKG_WI-UN-f1-5,42,epoch_duration_sec,19,1781633101037,129.2125300000189
learn,EOPKG-WI,EOPKGTopologyConditionedWI,8b07202c23874e298ad9b3445b49872d,854778689611649472,_EOPKG_WI-UN-f1-5-42_loan_v1_v5_simulated_GATv2,_EOPKG_WI-UN-f1-5,42,epoch_duration_sec,20,1781633236583,115.63578820001567
learn,EOPKG-WI,EOPKGTopologyConditionedWI,8b07202c23874e298ad9b3445b49872d,854778689611649472,_EOPKG_WI-UN-f1-5-42_loan_v1_v5_simulated_GATv2,_EOPKG_WI-UN-f1-5,42,epoch_duration_sec,21,1781633351890,97.26859250001144
learn,EOPKG-WI,EOPKGTopologyConditionedWI,8b07202c23874e298ad9b3445b49872d,854778689611649472,_EOPKG_WI-UN-f1-5-42_loan_v1_v5_simulated_GATv2,_EOPKG_WI-UN-f1-5,42,epoch_duration_sec,22,1781633464946,94.94571790000191
learn,EOPKG-WI,EOPKGTopologyConditionedWI,8b07202c23874e298ad9b3445b49872d,854778689611649472,_EOPKG_WI-UN-f1-5-42_loan_v1_v5_simulated_GATv2,_EOPKG_WI-UN-f1-5,42,epoch_duration_sec,23,1781633578505,95.5918366999831
learn,EOPKG-WI,EOPKGTopologyConditionedWI,8b07202c23874e298ad9b3445b49872d,854778689611649472,_EOPKG_WI-UN-f1-5-42_loan_v1_v5_simulated_GATv2,_EOPKG_WI-UN-f1-5,42,epoch_duration_sec,24,1781633691933,96.12589609995484
learn,EOPKG-WI,EOPKGTopologyConditionedWI,8b07202c23874e298ad9b3445b49872d,854778689611649472,_EOPKG_WI-UN-f1-5-42_loan_v1_v5_simulated_GATv2,_EOPKG_WI-UN-f1-5,42,epoch_duration_sec,25,1781633810827,99.03429100004723
learn,EOPKG-WI,EOPKGTopologyConditionedWI,8b07202c23874e298ad9b3445b49872d,854778689611649472,_EOPKG_WI-UN-f1-5-42_loan_v1_v5_simulated_GATv2,_EOPKG_WI-UN-f1-5,42,epoch_duration_sec,26,1781633950938,98.12951359996805
learn,EOPKG-WI,EOPKGTopologyConditionedWI,8b07202c23874e298ad9b3445b49872d,854778689611649472,_EOPKG_WI-UN-f1-5-42_loan_v1_v5_simulated_GATv2,_EOPKG_WI-UN-f1-5,42,epoch_duration_sec,27,1781634253622,251.6102710000123
learn,EOPKG-WI,EOPKGTopologyConditionedWI,8b07202c23874e298ad9b3445b49872d,854778689611649472,_EOPKG_WI-UN-f1-5-42_loan_v1_v5_simulated_GATv2,_EOPKG_WI-UN-f1-5,42,epoch_duration_sec,28,1781634389464,118.0901003999752
learn,EOPKG-WI,EOPKGTopologyConditionedWI,8b07202c23874e298ad9b3445b49872d,854778689611649472,_EOPKG_WI-UN-f1-5-42_loan_v1_v5_simulated_GATv2,_EOPKG_WI-UN-f1-5,42,epoch_duration_sec,29,1781634499401,92.26994049997302
learn,EOPKG-WI,EOPKGTopologyConditionedWI,8b07202c23874e298ad9b3445b49872d,854778689611649472,_EOPKG_WI-UN-f1-5-42_loan_v1_v5_simulated_GATv2,_EOPKG_WI-UN-f1-5,42,epoch_duration_sec,30,1781634611788,94.88329700002214
learn,EOPKG-WI,EOPKGTopologyConditionedWI,8b07202c23874e298ad9b3445b49872d,854778689611649472,_EOPKG_WI-UN-f1-5-42_loan_v1_v5_simulated_GATv2,_EOPKG_WI-UN-f1-5,42,epoch_duration_sec,31,1781634720054,90.61821600003168
learn,EOPKG-WI,EOPKGTopologyConditionedWI,8b07202c23874e298ad9b3445b49872d,854778689611649472,_EOPKG_WI-UN-f1-5-42_loan_v1_v5_simulated_GATv2,_EOPKG_WI-UN-f1-5,42,epoch_duration_sec,32,1781634855056,114.68270750000374
learn,EOPKG-WI,EOPKGTopologyConditionedWI,8b07202c23874e298ad9b3445b49872d,854778689611649472,_EOPKG_WI-UN-f1-5-42_loan_v1_v5_simulated_GATv2,_EOPKG_WI-UN-f1-5,42,epoch_duration_sec,33,1781635061254,173.91623860003892
learn,EOPKG-WI,EOPKGTopologyConditionedWI,8b07202c23874e298ad9b3445b49872d,854778689611649472,_EOPKG_WI-UN-f1-5-42_loan_v1_v5_simulated_GATv2,_EOPKG_WI-UN-f1-5,42,epoch_duration_sec,34,1781635266044,174.5525657000253
learn,EOPKG-WI,EOPKGTopologyConditionedWI,8b07202c23874e298ad9b3445b49872d,854778689611649472,_EOPKG_WI-UN-f1-5-42_loan_v1_v5_simulated_GATv2,_EOPKG_WI-UN-f1-5,42,epoch_duration_sec,35,1781635474094,176.04097609996097
learn,EOPKG-WI,EOPKGTopologyConditionedWI,8b07202c23874e298ad9b3445b49872d,854778689611649472,_EOPKG_WI-UN-f1-5-42_loan_v1_v5_simulated_GATv2,_EOPKG_WI-UN-f1-5,42,epoch_duration_sec,36,1781635666192,161.47846950002713
learn,EOPKG-WI,EOPKGTopologyConditionedWI,8b07202c23874e298ad9b3445b49872d,854778689611649472,_EOPKG_WI-UN-f1-5-42_loan_v1_v5_simulated_GATv2,_EOPKG_WI-UN-f1-5,42,epoch_duration_sec,37,1781635866268,168.74846449994948
learn,EOPKG-WI,EOPKGTopologyConditionedWI,8b07202c23874e298ad9b3445b49872d,854778689611649472,_EOPKG_WI-UN-f1-5-42_loan_v1_v5_simulated_GATv2,_EOPKG_WI-UN-f1-5,42,epoch_duration_sec,38,1781636057512,160.97378929995466
learn,EOPKG-WI,EOPKGTopologyConditionedWI,8b07202c23874e298ad9b3445b49872d,854778689611649472,_EOPKG_WI-UN-f1-5-42_loan_v1_v5_simulated_GATv2,_EOPKG_WI-UN-f1-5,42,epoch_duration_sec,39,1781636266084,168.976983200002
learn,EOPKG-WI,EOPKGTopologyConditionedWI,8b07202c23874e298ad9b3445b49872d,854778689611649472,_EOPKG_WI-UN-f1-5-42_loan_v1_v5_simulated_GATv2,_EOPKG_WI-UN-f1-5,42,epoch_duration_sec,40,1781636467899,172.7187711999868
learn,EOPKG-WI,EOPKGTopologyConditionedWI,8b07202c23874e298ad9b3445b49872d,854778689611649472,_EOPKG_WI-UN-f1-5-42_loan_v1_v5_simulated_GATv2,_EOPKG_WI-UN-f1-5,42,epoch_duration_sec,41,1781636666384,167.45170659996802
learn,EOPKG-WI,EOPKGTopologyConditionedWI,8b07202c23874e298ad9b3445b49872d,854778689611649472,_EOPKG_WI-UN-f1-5-42_loan_v1_v5_simulated_GATv2,_EOPKG_WI-UN-f1-5,42,epoch_duration_sec,42,1781636856945,168.6980166999856
learn,EOPKG-WI,EOPKGTopologyConditionedWI,8b07202c23874e298ad9b3445b49872d,854778689611649472,_EOPKG_WI-UN-f1-5-42_loan_v1_v5_simulated_GATv2,_EOPKG_WI-UN-f1-5,42,epoch_duration_sec,43,1781636999851,121.46583399997326
learn,EOPKG-WI,EOPKGTopologyConditionedWI,8b07202c23874e298ad9b3445b49872d,854778689611649472,_EOPKG_WI-UN-f1-5-42_loan_v1_v5_simulated_GATv2,_EOPKG_WI-UN-f1-5,42,epoch_duration_sec,44,1781637124199,100.17922170000384
learn,EOPKG-WI,EOPKGTopologyConditionedWI,8b07202c23874e298ad9b3445b49872d,854778689611649472,_EOPKG_WI-UN-f1-5-42_loan_v1_v5_simulated_GATv2,_EOPKG_WI-UN-f1-5,42,epoch_duration_sec,45,1781637252230,101.60953920002794
learn,EOPKG-WI,EOPKGTopologyConditionedWI,8b07202c23874e298ad9b3445b49872d,854778689611649472,_EOPKG_WI-UN-f1-5-42_loan_v1_v5_simulated_GATv2,_EOPKG_WI-UN-f1-5,42,epoch_duration_sec,46,1781637388325,116.2801767999772
learn,EOPKG-WI,EOPKGTopologyConditionedWI,8b07202c23874e298ad9b3445b49872d,854778689611649472,_EOPKG_WI-UN-f1-5-42_loan_v1_v5_simulated_GATv2,_EOPKG_WI-UN-f1-5,42,epoch_duration_sec,47,1781637509012,101.39933789998759
learn,EOPKG-WI,EOPKGTopologyConditionedWI,8b07202c23874e298ad9b3445b49872d,854778689611649472,_EOPKG_WI-UN-f1-5-42_loan_v1_v5_simulated_GATv2,_EOPKG_WI-UN-f1-5,42,epoch_duration_sec,48,1781637637934,109.41880970000057
learn,EOPKG-WI,EOPKGTopologyConditionedWI,8b07202c23874e298ad9b3445b49872d,854778689611649472,_EOPKG_WI-UN-f1-5-42_loan_v1_v5_simulated_GATv2,_EOPKG_WI-UN-f1-5,42,epoch_duration_sec,49,1781637758710,101.42932469997322
learn,EOPKG-WI,EOPKGTopologyConditionedWI,8b07202c23874e298ad9b3445b49872d,854778689611649472,_EOPKG_WI-UN-f1-5-42_loan_v1_v5_simulated_GATv2,_EOPKG_WI-UN-f1-5,42,epoch_duration_sec,50,1781637880903,101.49542880000081
learn,EOPKG-WI,EOPKGTopologyConditionedWI,8d2a911a18bb4d61a536433690b744f0,854778689611649472,_EOPKG_WI-UN-f1-5-13_loan_v1_v5_simulated_GATv2,_EOPKG_WI-UN-f1-5,13,epoch_duration_sec,1,1781078416978,121.50633240000025
learn,EOPKG-WI,EOPKGTopologyConditionedWI,8d2a911a18bb4d61a536433690b744f0,854778689611649472,_EOPKG_WI-UN-f1-5-13_loan_v1_v5_simulated_GATv2,_EOPKG_WI-UN-f1-5,13,epoch_duration_sec,2,1781078537252,100.1590628000049
learn,EOPKG-WI,EOPKGTopologyConditionedWI,8d2a911a18bb4d61a536433690b744f0,854778689611649472,_EOPKG_WI-UN-f1-5-13_loan_v1_v5_simulated_GATv2,_EOPKG_WI-UN-f1-5,13,epoch_duration_sec,3,1781078655248,100.52016600000206
learn,EOPKG-WI,EOPKGTopologyConditionedWI,8d2a911a18bb4d61a536433690b744f0,854778689611649472,_EOPKG_WI-UN-f1-5-13_loan_v1_v5_simulated_GATv2,_EOPKG_WI-UN-f1-5,13,epoch_duration_sec,4,1781078774927,101.59132790000149
learn,EOPKG-WI,EOPKGTopologyConditionedWI,8d2a911a18bb4d61a536433690b744f0,854778689611649472,_EOPKG_WI-UN-f1-5-13_loan_v1_v5_simulated_GATv2,_EOPKG_WI-UN-f1-5,13,epoch_duration_sec,5,1781078905914,111.4789202000029
learn,EOPKG-WI,EOPKGTopologyConditionedWI,8d2a911a18bb4d61a536433690b744f0,854778689611649472,_EOPKG_WI-UN-f1-5-13_loan_v1_v5_simulated_GATv2,_EOPKG_WI-UN-f1-5,13,epoch_duration_sec,6,1781079016890,91.98377880000044
learn,EOPKG-WI,EOPKGTopologyConditionedWI,8d2a911a18bb4d61a536433690b744f0,854778689611649472,_EOPKG_WI-UN-f1-5-13_loan_v1_v5_simulated_GATv2,_EOPKG_WI-UN-f1-5,13,epoch_duration_sec,7,1781079127648,93.87917329999618
learn,EOPKG-WI,EOPKGTopologyConditionedWI,8d2a911a18bb4d61a536433690b744f0,854778689611649472,_EOPKG_WI-UN-f1-5-13_loan_v1_v5_simulated_GATv2,_EOPKG_WI-UN-f1-5,13,epoch_duration_sec,8,1781079237048,91.0029183000006
learn,EOPKG-WI,EOPKGTopologyConditionedWI,8d2a911a18bb4d61a536433690b744f0,854778689611649472,_EOPKG_WI-UN-f1-5-13_loan_v1_v5_simulated_GATv2,_EOPKG_WI-UN-f1-5,13,epoch_duration_sec,9,1781079355482,94.85249309999926
learn,EOPKG-WI,EOPKGTopologyConditionedWI,8d2a911a18bb4d61a536433690b744f0,854778689611649472,_EOPKG_WI-UN-f1-5-13_loan_v1_v5_simulated_GATv2,_EOPKG_WI-UN-f1-5,13,epoch_duration_sec,10,1781079463123,90.79345149999426
learn,EOPKG-WI,EOPKGTopologyConditionedWI,8d2a911a18bb4d61a536433690b744f0,854778689611649472,_EOPKG_WI-UN-f1-5-13_loan_v1_v5_simulated_GATv2,_EOPKG_WI-UN-f1-5,13,epoch_duration_sec,11,1781079568069,88.15557070000068
learn,EOPKG-WI,EOPKGTopologyConditionedWI,8d2a911a18bb4d61a536433690b744f0,854778689611649472,_EOPKG_WI-UN-f1-5-13_loan_v1_v5_simulated_GATv2,_EOPKG_WI-UN-f1-5,13,epoch_duration_sec,12,1781079672424,88.37321040000097
learn,EOPKG-WI,EOPKGTopologyConditionedWI,8d2a911a18bb4d61a536433690b744f0,854778689611649472,_EOPKG_WI-UN-f1-5-13_loan_v1_v5_simulated_GATv2,_EOPKG_WI-UN-f1-5,13,epoch_duration_sec,13,1781079772196,83.4647055999958
learn,EOPKG-WI,EOPKGTopologyConditionedWI,8d2a911a18bb4d61a536433690b744f0,854778689611649472,_EOPKG_WI-UN-f1-5-13_loan_v1_v5_simulated_GATv2,_EOPKG_WI-UN-f1-5,13,epoch_duration_sec,14,1781079908113,112.34173559999908
learn,EOPKG-WI,EOPKGTopologyConditionedWI,8d2a911a18bb4d61a536433690b744f0,854778689611649472,_EOPKG_WI-UN-f1-5-13_loan_v1_v5_simulated_GATv2,_EOPKG_WI-UN-f1-5,13,epoch_duration_sec,15,1781080063068,132.79283020000003
learn,EOPKG-WI,EOPKGTopologyConditionedWI,8d2a911a18bb4d61a536433690b744f0,854778689611649472,_EOPKG_WI-UN-f1-5-13_loan_v1_v5_simulated_GATv2,_EOPKG_WI-UN-f1-5,13,epoch_duration_sec,16,1781080229404,142.21001400000387
learn,EOPKG-WI,EOPKGTopologyConditionedWI,8d2a911a18bb4d61a536433690b744f0,854778689611649472,_EOPKG_WI-UN-f1-5-13_loan_v1_v5_simulated_GATv2,_EOPKG_WI-UN-f1-5,13,epoch_duration_sec,17,1781080377111,127.8347883000024
learn,EOPKG-WI,EOPKGTopologyConditionedWI,8d2a911a18bb4d61a536433690b744f0,854778689611649472,_EOPKG_WI-UN-f1-5-13_loan_v1_v5_simulated_GATv2,_EOPKG_WI-UN-f1-5,13,epoch_duration_sec,18,1781080519655,119.3357743000015
learn,EOPKG-WI,EOPKGTopologyConditionedWI,8d2a911a18bb4d61a536433690b744f0,854778689611649472,_EOPKG_WI-UN-f1-5-13_loan_v1_v5_simulated_GATv2,_EOPKG_WI-UN-f1-5,13,epoch_duration_sec,19,1781080667705,124.29364609999902
learn,EOPKG-WI,EOPKGTopologyConditionedWI,8d2a911a18bb4d61a536433690b744f0,854778689611649472,_EOPKG_WI-UN-f1-5-13_loan_v1_v5_simulated_GATv2,_EOPKG_WI-UN-f1-5,13,epoch_duration_sec,20,1781080796155,108.0600368000014
learn,EOPKG-WI,EOPKGTopologyConditionedWI,8d2a911a18bb4d61a536433690b744f0,854778689611649472,_EOPKG_WI-UN-f1-5-13_loan_v1_v5_simulated_GATv2,_EOPKG_WI-UN-f1-5,13,epoch_duration_sec,21,1781080936230,105.46090959999856
learn,EOPKG-WI,EOPKGTopologyConditionedWI,8d2a911a18bb4d61a536433690b744f0,854778689611649472,_EOPKG_WI-UN-f1-5-13_loan_v1_v5_simulated_GATv2,_EOPKG_WI-UN-f1-5,13,epoch_duration_sec,22,1781081064097,108.96427419999964
learn,EOPKG-WI,EOPKGTopologyConditionedWI,8d2a911a18bb4d61a536433690b744f0,854778689611649472,_EOPKG_WI-UN-f1-5-13_loan_v1_v5_simulated_GATv2,_EOPKG_WI-UN-f1-5,13,epoch_duration_sec,23,1781081205503,119.63399610000488
learn,EOPKG-WI,EOPKGTopologyConditionedWI,8d2a911a18bb4d61a536433690b744f0,854778689611649472,_EOPKG_WI-UN-f1-5-13_loan_v1_v5_simulated_GATv2,_EOPKG_WI-UN-f1-5,13,epoch_duration_sec,24,1781081351347,126.66252499999973
learn,EOPKG-WI,EOPKGTopologyConditionedWI,8d2a911a18bb4d61a536433690b744f0,854778689611649472,_EOPKG_WI-UN-f1-5-13_loan_v1_v5_simulated_GATv2,_EOPKG_WI-UN-f1-5,13,epoch_duration_sec,25,1781081488624,114.52324290000251
learn,EOPKG-WI,EOPKGTopologyConditionedWI,8d2a911a18bb4d61a536433690b744f0,854778689611649472,_EOPKG_WI-UN-f1-5-13_loan_v1_v5_simulated_GATv2,_EOPKG_WI-UN-f1-5,13,epoch_duration_sec,26,1781081600914,93.35629399999743
learn,EOPKG-WI,EOPKGTopologyConditionedWI,8d2a911a18bb4d61a536433690b744f0,854778689611649472,_EOPKG_WI-UN-f1-5-13_loan_v1_v5_simulated_GATv2,_EOPKG_WI-UN-f1-5,13,epoch_duration_sec,27,1781081742039,123.73103860000265
learn,EOPKG-WI,EOPKGTopologyConditionedWI,8d2a911a18bb4d61a536433690b744f0,854778689611649472,_EOPKG_WI-UN-f1-5-13_loan_v1_v5_simulated_GATv2,_EOPKG_WI-UN-f1-5,13,epoch_duration_sec,28,1781081854345,94.75545340000099
learn,EOPKG-WI,EOPKGTopologyConditionedWI,8d2a911a18bb4d61a536433690b744f0,854778689611649472,_EOPKG_WI-UN-f1-5-13_loan_v1_v5_simulated_GATv2,_EOPKG_WI-UN-f1-5,13,epoch_duration_sec,29,1781081968605,97.08126289999927
learn,EOPKG-WI,EOPKGTopologyConditionedWI,8d2a911a18bb4d61a536433690b744f0,854778689611649472,_EOPKG_WI-UN-f1-5-13_loan_v1_v5_simulated_GATv2,_EOPKG_WI-UN-f1-5,13,epoch_duration_sec,30,1781082079609,94.09431490000134
learn,EOPKG-WI,EOPKGTopologyConditionedWI,8d2a911a18bb4d61a536433690b744f0,854778689611649472,_EOPKG_WI-UN-f1-5-13_loan_v1_v5_simulated_GATv2,_EOPKG_WI-UN-f1-5,13,epoch_duration_sec,31,1781082184781,88.29029789999913
learn,EOPKG-WI,EOPKGTopologyConditionedWI,8d2a911a18bb4d61a536433690b744f0,854778689611649472,_EOPKG_WI-UN-f1-5-13_loan_v1_v5_simulated_GATv2,_EOPKG_WI-UN-f1-5,13,epoch_duration_sec,32,1781082291452,89.62633559999813
learn,EOPKG-WI,EOPKGTopologyConditionedWI,8d2a911a18bb4d61a536433690b744f0,854778689611649472,_EOPKG_WI-UN-f1-5-13_loan_v1_v5_simulated_GATv2,_EOPKG_WI-UN-f1-5,13,epoch_duration_sec,33,1781082393423,85.98241949999647
learn,EOPKG-WI,EOPKGTopologyConditionedWI,8d2a911a18bb4d61a536433690b744f0,854778689611649472,_EOPKG_WI-UN-f1-5-13_loan_v1_v5_simulated_GATv2,_EOPKG_WI-UN-f1-5,13,epoch_duration_sec,34,1781082493845,84.51499440000043
learn,EOPKG-WI,EOPKGTopologyConditionedWI,8d2a911a18bb4d61a536433690b744f0,854778689611649472,_EOPKG_WI-UN-f1-5-13_loan_v1_v5_simulated_GATv2,_EOPKG_WI-UN-f1-5,13,epoch_duration_sec,35,1781082593851,83.93244000000414
learn,EOPKG-WI,EOPKGTopologyConditionedWI,8d2a911a18bb4d61a536433690b744f0,854778689611649472,_EOPKG_WI-UN-f1-5-13_loan_v1_v5_simulated_GATv2,_EOPKG_WI-UN-f1-5,13,epoch_duration_sec,36,1781082693415,83.54754989999492
learn,EOPKG-WI,EOPKGTopologyConditionedWI,8d2a911a18bb4d61a536433690b744f0,854778689611649472,_EOPKG_WI-UN-f1-5-13_loan_v1_v5_simulated_GATv2,_EOPKG_WI-UN-f1-5,13,epoch_duration_sec,37,1781082795521,85.4410205000022
learn,EOPKG-WI,EOPKGTopologyConditionedWI,8d2a911a18bb4d61a536433690b744f0,854778689611649472,_EOPKG_WI-UN-f1-5-13_loan_v1_v5_simulated_GATv2,_EOPKG_WI-UN-f1-5,13,epoch_duration_sec,38,1781082897655,86.07746130000305
learn,EOPKG-WI,EOPKGTopologyConditionedWI,8d2a911a18bb4d61a536433690b744f0,854778689611649472,_EOPKG_WI-UN-f1-5-13_loan_v1_v5_simulated_GATv2,_EOPKG_WI-UN-f1-5,13,epoch_duration_sec,39,1781082998603,84.90840009999374
learn,EOPKG-WI,EOPKGTopologyConditionedWI,8d2a911a18bb4d61a536433690b744f0,854778689611649472,_EOPKG_WI-UN-f1-5-13_loan_v1_v5_simulated_GATv2,_EOPKG_WI-UN-f1-5,13,epoch_duration_sec,40,1781083097268,83.19479370000045
learn,EOPKG-WI,EOPKGTopologyConditionedWI,8d2a911a18bb4d61a536433690b744f0,854778689611649472,_EOPKG_WI-UN-f1-5-13_loan_v1_v5_simulated_GATv2,_EOPKG_WI-UN-f1-5,13,epoch_duration_sec,41,1781083192334,79.77807179999945
learn,EOPKG-WI,EOPKGTopologyConditionedWI,8d2a911a18bb4d61a536433690b744f0,854778689611649472,_EOPKG_WI-UN-f1-5-13_loan_v1_v5_simulated_GATv2,_EOPKG_WI-UN-f1-5,13,epoch_duration_sec,42,1781083291336,82.90960219999397
learn,EOPKG-WI,EOPKGTopologyConditionedWI,8d2a911a18bb4d61a536433690b744f0,854778689611649472,_EOPKG_WI-UN-f1-5-13_loan_v1_v5_simulated_GATv2,_EOPKG_WI-UN-f1-5,13,epoch_duration_sec,43,1781083388298,81.67248439999821
learn,EOPKG-WI,EOPKGTopologyConditionedWI,8d2a911a18bb4d61a536433690b744f0,854778689611649472,_EOPKG_WI-UN-f1-5-13_loan_v1_v5_simulated_GATv2,_EOPKG_WI-UN-f1-5,13,epoch_duration_sec,44,1781083490683,80.73200440000073
learn,EOPKG-WI,EOPKGTopologyConditionedWI,8d2a911a18bb4d61a536433690b744f0,854778689611649472,_EOPKG_WI-UN-f1-5-13_loan_v1_v5_simulated_GATv2,_EOPKG_WI-UN-f1-5,13,epoch_duration_sec,45,1781083606386,98.5458598999976
learn,EOPKG-WI,EOPKGTopologyConditionedWI,8d2a911a18bb4d61a536433690b744f0,854778689611649472,_EOPKG_WI-UN-f1-5-13_loan_v1_v5_simulated_GATv2,_EOPKG_WI-UN-f1-5,13,epoch_duration_sec,46,1781083712622,89.30227690000174
learn,EOPKG-WI,EOPKGTopologyConditionedWI,8d2a911a18bb4d61a536433690b744f0,854778689611649472,_EOPKG_WI-UN-f1-5-13_loan_v1_v5_simulated_GATv2,_EOPKG_WI-UN-f1-5,13,epoch_duration_sec,47,1781083842509,112.27840629999992
learn,EOPKG-WI,EOPKGTopologyConditionedWI,8d2a911a18bb4d61a536433690b744f0,854778689611649472,_EOPKG_WI-UN-f1-5-13_loan_v1_v5_simulated_GATv2,_EOPKG_WI-UN-f1-5,13,epoch_duration_sec,48,1781083962697,101.99342239999532
learn,EOPKG-WI,EOPKGTopologyConditionedWI,8d2a911a18bb4d61a536433690b744f0,854778689611649472,_EOPKG_WI-UN-f1-5-13_loan_v1_v5_simulated_GATv2,_EOPKG_WI-UN-f1-5,13,epoch_duration_sec,49,1781084085550,105.52688620000117
learn,EOPKG-WI,EOPKGTopologyConditionedWI,8d2a911a18bb4d61a536433690b744f0,854778689611649472,_EOPKG_WI-UN-f1-5-13_loan_v1_v5_simulated_GATv2,_EOPKG_WI-UN-f1-5,13,epoch_duration_sec,50,1781084208099,101.22503850000066
learn,EOPKG-WI,EOPKGTopologyConditionedWI,a6f92d038fdd4015af0c2ca3d4d657de,854778689611649472,_EOPKG_WI-UN-f1-5-99_loan_v1_v5_simulated_GATv2,_EOPKG_WI-UN-f1-5,99,epoch_duration_sec,1,1781524553345,132.72229880001396
learn,EOPKG-WI,EOPKGTopologyConditionedWI,a6f92d038fdd4015af0c2ca3d4d657de,854778689611649472,_EOPKG_WI-UN-f1-5-99_loan_v1_v5_simulated_GATv2,_EOPKG_WI-UN-f1-5,99,epoch_duration_sec,2,1781524683850,110.27273329999298
learn,EOPKG-WI,EOPKGTopologyConditionedWI,a6f92d038fdd4015af0c2ca3d4d657de,854778689611649472,_EOPKG_WI-UN-f1-5-99_loan_v1_v5_simulated_GATv2,_EOPKG_WI-UN-f1-5,99,epoch_duration_sec,3,1781524814682,111.52366020000773
learn,EOPKG-WI,EOPKGTopologyConditionedWI,a6f92d038fdd4015af0c2ca3d4d657de,854778689611649472,_EOPKG_WI-UN-f1-5-99_loan_v1_v5_simulated_GATv2,_EOPKG_WI-UN-f1-5,99,epoch_duration_sec,4,1781524958802,121.89612930000294
learn,EOPKG-WI,EOPKGTopologyConditionedWI,a6f92d038fdd4015af0c2ca3d4d657de,854778689611649472,_EOPKG_WI-UN-f1-5-99_loan_v1_v5_simulated_GATv2,_EOPKG_WI-UN-f1-5,99,epoch_duration_sec,5,1781525096807,117.12076469999738
learn,EOPKG-WI,EOPKGTopologyConditionedWI,a6f92d038fdd4015af0c2ca3d4d657de,854778689611649472,_EOPKG_WI-UN-f1-5-99_loan_v1_v5_simulated_GATv2,_EOPKG_WI-UN-f1-5,99,epoch_duration_sec,6,1781525227875,110.06645920002484
learn,EOPKG-WI,EOPKGTopologyConditionedWI,a6f92d038fdd4015af0c2ca3d4d657de,854778689611649472,_EOPKG_WI-UN-f1-5-99_loan_v1_v5_simulated_GATv2,_EOPKG_WI-UN-f1-5,99,epoch_duration_sec,7,1781525422779,150.54043649998493
learn,EOPKG-WI,EOPKGTopologyConditionedWI,a6f92d038fdd4015af0c2ca3d4d657de,854778689611649472,_EOPKG_WI-UN-f1-5-99_loan_v1_v5_simulated_GATv2,_EOPKG_WI-UN-f1-5,99,epoch_duration_sec,8,1781525835194,353.81411169999046
learn,EOPKG-WI,EOPKGTopologyConditionedWI,a6f92d038fdd4015af0c2ca3d4d657de,854778689611649472,_EOPKG_WI-UN-f1-5-99_loan_v1_v5_simulated_GATv2,_EOPKG_WI-UN-f1-5,99,epoch_duration_sec,9,1781526109419,238.82174579999992
learn,EOPKG-WI,EOPKGTopologyConditionedWI,a6f92d038fdd4015af0c2ca3d4d657de,854778689611649472,_EOPKG_WI-UN-f1-5-99_loan_v1_v5_simulated_GATv2,_EOPKG_WI-UN-f1-5,99,epoch_duration_sec,10,1781526355426,189.57587299999432
learn,EOPKG-WI,EOPKGTopologyConditionedWI,a6f92d038fdd4015af0c2ca3d4d657de,854778689611649472,_EOPKG_WI-UN-f1-5-99_loan_v1_v5_simulated_GATv2,_EOPKG_WI-UN-f1-5,99,epoch_duration_sec,11,1781526682393,287.27264980002656
learn,EOPKG-WI,EOPKGTopologyConditionedWI,a6f92d038fdd4015af0c2ca3d4d657de,854778689611649472,_EOPKG_WI-UN-f1-5-99_loan_v1_v5_simulated_GATv2,_EOPKG_WI-UN-f1-5,99,epoch_duration_sec,12,1781526950294,225.1062359000207
learn,EOPKG-WI,EOPKGTopologyConditionedWI,a6f92d038fdd4015af0c2ca3d4d657de,854778689611649472,_EOPKG_WI-UN-f1-5-99_loan_v1_v5_simulated_GATv2,_EOPKG_WI-UN-f1-5,99,epoch_duration_sec,13,1781527261168,287.47087889999966
learn,EOPKG-WI,EOPKGTopologyConditionedWI,a6f92d038fdd4015af0c2ca3d4d657de,854778689611649472,_EOPKG_WI-UN-f1-5-99_loan_v1_v5_simulated_GATv2,_EOPKG_WI-UN-f1-5,99,epoch_duration_sec,14,1781527451474,164.62505790000432
learn,EOPKG-WI,EOPKGTopologyConditionedWI,a6f92d038fdd4015af0c2ca3d4d657de,854778689611649472,_EOPKG_WI-UN-f1-5-99_loan_v1_v5_simulated_GATv2,_EOPKG_WI-UN-f1-5,99,epoch_duration_sec,15,1781527606425,132.28763780000736
learn,EOPKG-WI,EOPKGTopologyConditionedWI,a6f92d038fdd4015af0c2ca3d4d657de,854778689611649472,_EOPKG_WI-UN-f1-5-99_loan_v1_v5_simulated_GATv2,_EOPKG_WI-UN-f1-5,99,epoch_duration_sec,16,1781527753545,128.18196990000433
learn,EOPKG-WI,EOPKGTopologyConditionedWI,a6f92d038fdd4015af0c2ca3d4d657de,854778689611649472,_EOPKG_WI-UN-f1-5-99_loan_v1_v5_simulated_GATv2,_EOPKG_WI-UN-f1-5,99,epoch_duration_sec,17,1781527874665,101.59170440002345
learn,EOPKG-WI,EOPKGTopologyConditionedWI,a6f92d038fdd4015af0c2ca3d4d657de,854778689611649472,_EOPKG_WI-UN-f1-5-99_loan_v1_v5_simulated_GATv2,_EOPKG_WI-UN-f1-5,99,epoch_duration_sec,18,1781528000631,105.80655529999058
learn,EOPKG-WI,EOPKGTopologyConditionedWI,a6f92d038fdd4015af0c2ca3d4d657de,854778689611649472,_EOPKG_WI-UN-f1-5-99_loan_v1_v5_simulated_GATv2,_EOPKG_WI-UN-f1-5,99,epoch_duration_sec,19,1781528123923,102.66007109999191
learn,EOPKG-WI,EOPKGTopologyConditionedWI,a6f92d038fdd4015af0c2ca3d4d657de,854778689611649472,_EOPKG_WI-UN-f1-5-99_loan_v1_v5_simulated_GATv2,_EOPKG_WI-UN-f1-5,99,epoch_duration_sec,20,1781528244428,101.2051133000059
learn,EOPKG-WI,EOPKGTopologyConditionedWI,a6f92d038fdd4015af0c2ca3d4d657de,854778689611649472,_EOPKG_WI-UN-f1-5-99_loan_v1_v5_simulated_GATv2,_EOPKG_WI-UN-f1-5,99,epoch_duration_sec,21,1781528357664,95.61495439999271
learn,EOPKG-WI,EOPKGTopologyConditionedWI,a6f92d038fdd4015af0c2ca3d4d657de,854778689611649472,_EOPKG_WI-UN-f1-5-99_loan_v1_v5_simulated_GATv2,_EOPKG_WI-UN-f1-5,99,epoch_duration_sec,22,1781528509083,124.20693930002744
learn,EOPKG-WI,EOPKGTopologyConditionedWI,a6f92d038fdd4015af0c2ca3d4d657de,854778689611649472,_EOPKG_WI-UN-f1-5-99_loan_v1_v5_simulated_GATv2,_EOPKG_WI-UN-f1-5,99,epoch_duration_sec,23,1781528823026,280.68437599999015
learn,EOPKG-WI,EOPKGTopologyConditionedWI,a6f92d038fdd4015af0c2ca3d4d657de,854778689611649472,_EOPKG_WI-UN-f1-5-99_loan_v1_v5_simulated_GATv2,_EOPKG_WI-UN-f1-5,99,epoch_duration_sec,24,1781529000059,150.18070130000706
learn,EOPKG-WI,EOPKGTopologyConditionedWI,a6f92d038fdd4015af0c2ca3d4d657de,854778689611649472,_EOPKG_WI-UN-f1-5-99_loan_v1_v5_simulated_GATv2,_EOPKG_WI-UN-f1-5,99,epoch_duration_sec,25,1781529180208,153.41752440002165
learn,EOPKG-WI,EOPKGTopologyConditionedWI,a6f92d038fdd4015af0c2ca3d4d657de,854778689611649472,_EOPKG_WI-UN-f1-5-99_loan_v1_v5_simulated_GATv2,_EOPKG_WI-UN-f1-5,99,epoch_duration_sec,26,1781529356127,150.42742920000455
learn,EOPKG-WI,EOPKGTopologyConditionedWI,a6f92d038fdd4015af0c2ca3d4d657de,854778689611649472,_EOPKG_WI-UN-f1-5-99_loan_v1_v5_simulated_GATv2,_EOPKG_WI-UN-f1-5,99,epoch_duration_sec,27,1781529502609,128.59401689999504
learn,EOPKG-WI,EOPKGTopologyConditionedWI,a6f92d038fdd4015af0c2ca3d4d657de,854778689611649472,_EOPKG_WI-UN-f1-5-99_loan_v1_v5_simulated_GATv2,_EOPKG_WI-UN-f1-5,99,epoch_duration_sec,28,1781529616476,94.8252018999774
learn,EOPKG-WI,EOPKGTopologyConditionedWI,a6f92d038fdd4015af0c2ca3d4d657de,854778689611649472,_EOPKG_WI-UN-f1-5-99_loan_v1_v5_simulated_GATv2,_EOPKG_WI-UN-f1-5,99,epoch_duration_sec,29,1781529733430,95.30764559999807
learn,EOPKG-WI,EOPKGTopologyConditionedWI,a6f92d038fdd4015af0c2ca3d4d657de,854778689611649472,_EOPKG_WI-UN-f1-5-99_loan_v1_v5_simulated_GATv2,_EOPKG_WI-UN-f1-5,99,epoch_duration_sec,30,1781529856550,104.07015799998771
learn,EOPKG-WI,EOPKGTopologyConditionedWI,a6f92d038fdd4015af0c2ca3d4d657de,854778689611649472,_EOPKG_WI-UN-f1-5-99_loan_v1_v5_simulated_GATv2,_EOPKG_WI-UN-f1-5,99,epoch_duration_sec,31,1781529978201,101.69728730001952
learn,EOPKG-WI,EOPKGTopologyConditionedWI,a6f92d038fdd4015af0c2ca3d4d657de,854778689611649472,_EOPKG_WI-UN-f1-5-99_loan_v1_v5_simulated_GATv2,_EOPKG_WI-UN-f1-5,99,epoch_duration_sec,32,1781530093715,96.32933579999371
learn,EOPKG-WI,EOPKGTopologyConditionedWI,a6f92d038fdd4015af0c2ca3d4d657de,854778689611649472,_EOPKG_WI-UN-f1-5-99_loan_v1_v5_simulated_GATv2,_EOPKG_WI-UN-f1-5,99,epoch_duration_sec,33,1781530257383,132.2951396999997
learn,EOPKG-WI,EOPKGTopologyConditionedWI,a6f92d038fdd4015af0c2ca3d4d657de,854778689611649472,_EOPKG_WI-UN-f1-5-99_loan_v1_v5_simulated_GATv2,_EOPKG_WI-UN-f1-5,99,epoch_duration_sec,34,1781530481593,186.3093966000015
learn,EOPKG-WI,EOPKGTopologyConditionedWI,a6f92d038fdd4015af0c2ca3d4d657de,854778689611649472,_EOPKG_WI-UN-f1-5-99_loan_v1_v5_simulated_GATv2,_EOPKG_WI-UN-f1-5,99,epoch_duration_sec,35,1781530793777,238.83249079997768
learn,EOPKG-WI,EOPKGTopologyConditionedWI,a6f92d038fdd4015af0c2ca3d4d657de,854778689611649472,_EOPKG_WI-UN-f1-5-99_loan_v1_v5_simulated_GATv2,_EOPKG_WI-UN-f1-5,99,epoch_duration_sec,36,1781531056773,239.8972727000073
learn,EOPKG-WI,EOPKGTopologyConditionedWI,a6f92d038fdd4015af0c2ca3d4d657de,854778689611649472,_EOPKG_WI-UN-f1-5-99_loan_v1_v5_simulated_GATv2,_EOPKG_WI-UN-f1-5,99,epoch_duration_sec,37,1781531166537,92.12297689999104
learn,EOPKG-WI,EOPKGTopologyConditionedWI,a6f92d038fdd4015af0c2ca3d4d657de,854778689611649472,_EOPKG_WI-UN-f1-5-99_loan_v1_v5_simulated_GATv2,_EOPKG_WI-UN-f1-5,99,epoch_duration_sec,38,1781531279093,93.68857129997923
learn,EOPKG-WI,EOPKGTopologyConditionedWI,a6f92d038fdd4015af0c2ca3d4d657de,854778689611649472,_EOPKG_WI-UN-f1-5-99_loan_v1_v5_simulated_GATv2,_EOPKG_WI-UN-f1-5,99,epoch_duration_sec,39,1781531392191,94.93844040000113
learn,EOPKG-WI,EOPKGTopologyConditionedWI,a6f92d038fdd4015af0c2ca3d4d657de,854778689611649472,_EOPKG_WI-UN-f1-5-99_loan_v1_v5_simulated_GATv2,_EOPKG_WI-UN-f1-5,99,epoch_duration_sec,40,1781531502914,92.74708709999686
learn,EOPKG-WI,EOPKGTopologyConditionedWI,a6f92d038fdd4015af0c2ca3d4d657de,854778689611649472,_EOPKG_WI-UN-f1-5-99_loan_v1_v5_simulated_GATv2,_EOPKG_WI-UN-f1-5,99,epoch_duration_sec,41,1781531611718,91.06787309999345
learn,EOPKG-WI,EOPKGTopologyConditionedWI,a6f92d038fdd4015af0c2ca3d4d657de,854778689611649472,_EOPKG_WI-UN-f1-5-99_loan_v1_v5_simulated_GATv2,_EOPKG_WI-UN-f1-5,99,epoch_duration_sec,42,1781531719535,90.80738969999948
learn,EOPKG-WI,EOPKGTopologyConditionedWI,a6f92d038fdd4015af0c2ca3d4d657de,854778689611649472,_EOPKG_WI-UN-f1-5-99_loan_v1_v5_simulated_GATv2,_EOPKG_WI-UN-f1-5,99,epoch_duration_sec,43,1781531829603,91.40286830000696
learn,EOPKG-WI,EOPKGTopologyConditionedWI,a6f92d038fdd4015af0c2ca3d4d657de,854778689611649472,_EOPKG_WI-UN-f1-5-99_loan_v1_v5_simulated_GATv2,_EOPKG_WI-UN-f1-5,99,epoch_duration_sec,44,1781531937289,90.62696250001318
learn,EOPKG-WI,EOPKGTopologyConditionedWI,a6f92d038fdd4015af0c2ca3d4d657de,854778689611649472,_EOPKG_WI-UN-f1-5-99_loan_v1_v5_simulated_GATv2,_EOPKG_WI-UN-f1-5,99,epoch_duration_sec,45,1781532045339,90.74012509998283
learn,EOPKG-WI,EOPKGTopologyConditionedWI,a6f92d038fdd4015af0c2ca3d4d657de,854778689611649472,_EOPKG_WI-UN-f1-5-99_loan_v1_v5_simulated_GATv2,_EOPKG_WI-UN-f1-5,99,epoch_duration_sec,46,1781532153753,90.56749129999662
learn,EOPKG-WI,EOPKGTopologyConditionedWI,a6f92d038fdd4015af0c2ca3d4d657de,854778689611649472,_EOPKG_WI-UN-f1-5-99_loan_v1_v5_simulated_GATv2,_EOPKG_WI-UN-f1-5,99,epoch_duration_sec,47,1781532266362,91.0368196000054
learn,EOPKG-WI,EOPKGTopologyConditionedWI,a6f92d038fdd4015af0c2ca3d4d657de,854778689611649472,_EOPKG_WI-UN-f1-5-99_loan_v1_v5_simulated_GATv2,_EOPKG_WI-UN-f1-5,99,epoch_duration_sec,48,1781532376154,91.95963440000196
learn,EOPKG-WI,EOPKGTopologyConditionedWI,a6f92d038fdd4015af0c2ca3d4d657de,854778689611649472,_EOPKG_WI-UN-f1-5-99_loan_v1_v5_simulated_GATv2,_EOPKG_WI-UN-f1-5,99,epoch_duration_sec,49,1781532485565,91.35980020000716
learn,EOPKG-WI,EOPKGTopologyConditionedWI,a6f92d038fdd4015af0c2ca3d4d657de,854778689611649472,_EOPKG_WI-UN-f1-5-99_loan_v1_v5_simulated_GATv2,_EOPKG_WI-UN-f1-5,99,epoch_duration_sec,50,1781532594855,92.25467560000834
learn,EOPKG-WI,EOPKGTopologyConditionedWI,d0cd559af6bc4bcd986fb11b0ed56877,854778689611649472,_EOPKG_WI-UN-f1-5-55_loan_v1_v5_simulated_GATv2,_EOPKG_WI-UN-f1-5,55,epoch_duration_sec,1,1781084794486,135.20299030000024
learn,EOPKG-WI,EOPKGTopologyConditionedWI,d0cd559af6bc4bcd986fb11b0ed56877,854778689611649472,_EOPKG_WI-UN-f1-5-55_loan_v1_v5_simulated_GATv2,_EOPKG_WI-UN-f1-5,55,epoch_duration_sec,2,1781084922666,110.11652640000102
learn,EOPKG-WI,EOPKGTopologyConditionedWI,d0cd559af6bc4bcd986fb11b0ed56877,854778689611649472,_EOPKG_WI-UN-f1-5-55_loan_v1_v5_simulated_GATv2,_EOPKG_WI-UN-f1-5,55,epoch_duration_sec,3,1781085036733,95.41033279999829
learn,EOPKG-WI,EOPKGTopologyConditionedWI,d0cd559af6bc4bcd986fb11b0ed56877,854778689611649472,_EOPKG_WI-UN-f1-5-55_loan_v1_v5_simulated_GATv2,_EOPKG_WI-UN-f1-5,55,epoch_duration_sec,4,1781085148942,92.81433970000217
learn,EOPKG-WI,EOPKGTopologyConditionedWI,d0cd559af6bc4bcd986fb11b0ed56877,854778689611649472,_EOPKG_WI-UN-f1-5-55_loan_v1_v5_simulated_GATv2,_EOPKG_WI-UN-f1-5,55,epoch_duration_sec,5,1781085268540,100.69372490000387
learn,EOPKG-WI,EOPKGTopologyConditionedWI,d0cd559af6bc4bcd986fb11b0ed56877,854778689611649472,_EOPKG_WI-UN-f1-5-55_loan_v1_v5_simulated_GATv2,_EOPKG_WI-UN-f1-5,55,epoch_duration_sec,6,1781085392656,106.81360859999404
learn,EOPKG-WI,EOPKGTopologyConditionedWI,d0cd559af6bc4bcd986fb11b0ed56877,854778689611649472,_EOPKG_WI-UN-f1-5-55_loan_v1_v5_simulated_GATv2,_EOPKG_WI-UN-f1-5,55,epoch_duration_sec,7,1781085496353,86.35523570000078
learn,EOPKG-WI,EOPKGTopologyConditionedWI,d0cd559af6bc4bcd986fb11b0ed56877,854778689611649472,_EOPKG_WI-UN-f1-5-55_loan_v1_v5_simulated_GATv2,_EOPKG_WI-UN-f1-5,55,epoch_duration_sec,8,1781085613278,97.01374210000358
learn,EOPKG-WI,EOPKGTopologyConditionedWI,d0cd559af6bc4bcd986fb11b0ed56877,854778689611649472,_EOPKG_WI-UN-f1-5-55_loan_v1_v5_simulated_GATv2,_EOPKG_WI-UN-f1-5,55,epoch_duration_sec,9,1781085743333,107.2853466000015
learn,EOPKG-WI,EOPKGTopologyConditionedWI,d0cd559af6bc4bcd986fb11b0ed56877,854778689611649472,_EOPKG_WI-UN-f1-5-55_loan_v1_v5_simulated_GATv2,_EOPKG_WI-UN-f1-5,55,epoch_duration_sec,10,1781085865307,102.80471519999992
learn,EOPKG-WI,EOPKGTopologyConditionedWI,d0cd559af6bc4bcd986fb11b0ed56877,854778689611649472,_EOPKG_WI-UN-f1-5-55_loan_v1_v5_simulated_GATv2,_EOPKG_WI-UN-f1-5,55,epoch_duration_sec,11,1781085994248,107.82004049999523
learn,EOPKG-WI,EOPKGTopologyConditionedWI,d0cd559af6bc4bcd986fb11b0ed56877,854778689611649472,_EOPKG_WI-UN-f1-5-55_loan_v1_v5_simulated_GATv2,_EOPKG_WI-UN-f1-5,55,epoch_duration_sec,12,1781086119487,104.87169519999588
learn,EOPKG-WI,EOPKGTopologyConditionedWI,d0cd559af6bc4bcd986fb11b0ed56877,854778689611649472,_EOPKG_WI-UN-f1-5-55_loan_v1_v5_simulated_GATv2,_EOPKG_WI-UN-f1-5,55,epoch_duration_sec,13,1781086261168,120.25995929999772
learn,EOPKG-WI,EOPKGTopologyConditionedWI,d0cd559af6bc4bcd986fb11b0ed56877,854778689611649472,_EOPKG_WI-UN-f1-5-55_loan_v1_v5_simulated_GATv2,_EOPKG_WI-UN-f1-5,55,epoch_duration_sec,14,1781086397028,115.00675979999505
learn,EOPKG-WI,EOPKGTopologyConditionedWI,d0cd559af6bc4bcd986fb11b0ed56877,854778689611649472,_EOPKG_WI-UN-f1-5-55_loan_v1_v5_simulated_GATv2,_EOPKG_WI-UN-f1-5,55,epoch_duration_sec,15,1781086517603,100.45696839999437
learn,EOPKG-WI,EOPKGTopologyConditionedWI,d0cd559af6bc4bcd986fb11b0ed56877,854778689611649472,_EOPKG_WI-UN-f1-5-55_loan_v1_v5_simulated_GATv2,_EOPKG_WI-UN-f1-5,55,epoch_duration_sec,16,1781086652622,117.01858709999942
learn,EOPKG-WI,EOPKGTopologyConditionedWI,d0cd559af6bc4bcd986fb11b0ed56877,854778689611649472,_EOPKG_WI-UN-f1-5-55_loan_v1_v5_simulated_GATv2,_EOPKG_WI-UN-f1-5,55,epoch_duration_sec,17,1781086789643,109.39544610000303
learn,EOPKG-WI,EOPKGTopologyConditionedWI,d0cd559af6bc4bcd986fb11b0ed56877,854778689611649472,_EOPKG_WI-UN-f1-5-55_loan_v1_v5_simulated_GATv2,_EOPKG_WI-UN-f1-5,55,epoch_duration_sec,18,1781086933023,126.31422290000046
learn,EOPKG-WI,EOPKGTopologyConditionedWI,d0cd559af6bc4bcd986fb11b0ed56877,854778689611649472,_EOPKG_WI-UN-f1-5-55_loan_v1_v5_simulated_GATv2,_EOPKG_WI-UN-f1-5,55,epoch_duration_sec,19,1781087060208,108.10779780000303
learn,EOPKG-WI,EOPKGTopologyConditionedWI,d0cd559af6bc4bcd986fb11b0ed56877,854778689611649472,_EOPKG_WI-UN-f1-5-55_loan_v1_v5_simulated_GATv2,_EOPKG_WI-UN-f1-5,55,epoch_duration_sec,20,1781087188151,107.45549100000062
learn,EOPKG-WI,EOPKGTopologyConditionedWI,d0cd559af6bc4bcd986fb11b0ed56877,854778689611649472,_EOPKG_WI-UN-f1-5-55_loan_v1_v5_simulated_GATv2,_EOPKG_WI-UN-f1-5,55,epoch_duration_sec,21,1781087329109,111.97431620000134
learn,EOPKG-WI,EOPKGTopologyConditionedWI,d0cd559af6bc4bcd986fb11b0ed56877,854778689611649472,_EOPKG_WI-UN-f1-5-55_loan_v1_v5_simulated_GATv2,_EOPKG_WI-UN-f1-5,55,epoch_duration_sec,22,1781087491662,136.58945780000067
learn,EOPKG-WI,EOPKGTopologyConditionedWI,d0cd559af6bc4bcd986fb11b0ed56877,854778689611649472,_EOPKG_WI-UN-f1-5-55_loan_v1_v5_simulated_GATv2,_EOPKG_WI-UN-f1-5,55,epoch_duration_sec,23,1781087729862,192.74049979999836
learn,EOPKG-WI,EOPKGTopologyConditionedWI,d0cd559af6bc4bcd986fb11b0ed56877,854778689611649472,_EOPKG_WI-UN-f1-5-55_loan_v1_v5_simulated_GATv2,_EOPKG_WI-UN-f1-5,55,epoch_duration_sec,24,1781087894430,134.7658733999997
learn,EOPKG-WI,EOPKGTopologyConditionedWI,d0cd559af6bc4bcd986fb11b0ed56877,854778689611649472,_EOPKG_WI-UN-f1-5-55_loan_v1_v5_simulated_GATv2,_EOPKG_WI-UN-f1-5,55,epoch_duration_sec,25,1781088086590,165.94682070000272
learn,EOPKG-WI,EOPKGTopologyConditionedWI,d0cd559af6bc4bcd986fb11b0ed56877,854778689611649472,_EOPKG_WI-UN-f1-5-55_loan_v1_v5_simulated_GATv2,_EOPKG_WI-UN-f1-5,55,epoch_duration_sec,26,1781088216418,109.46608990000095
learn,EOPKG-WI,EOPKGTopologyConditionedWI,d0cd559af6bc4bcd986fb11b0ed56877,854778689611649472,_EOPKG_WI-UN-f1-5-55_loan_v1_v5_simulated_GATv2,_EOPKG_WI-UN-f1-5,55,epoch_duration_sec,27,1781088338974,104.8227501999936
learn,EOPKG-WI,EOPKGTopologyConditionedWI,d0cd559af6bc4bcd986fb11b0ed56877,854778689611649472,_EOPKG_WI-UN-f1-5-55_loan_v1_v5_simulated_GATv2,_EOPKG_WI-UN-f1-5,55,epoch_duration_sec,28,1781088460766,99.44606939999358
learn,EOPKG-WI,EOPKGTopologyConditionedWI,d0cd559af6bc4bcd986fb11b0ed56877,854778689611649472,_EOPKG_WI-UN-f1-5-55_loan_v1_v5_simulated_GATv2,_EOPKG_WI-UN-f1-5,55,epoch_duration_sec,29,1781088578613,99.12355070000194
learn,EOPKG-WI,EOPKGTopologyConditionedWI,d0cd559af6bc4bcd986fb11b0ed56877,854778689611649472,_EOPKG_WI-UN-f1-5-55_loan_v1_v5_simulated_GATv2,_EOPKG_WI-UN-f1-5,55,epoch_duration_sec,30,1781088702810,105.64508360000036
learn,EOPKG-WI,EOPKGTopologyConditionedWI,d0cd559af6bc4bcd986fb11b0ed56877,854778689611649472,_EOPKG_WI-UN-f1-5-55_loan_v1_v5_simulated_GATv2,_EOPKG_WI-UN-f1-5,55,epoch_duration_sec,31,1781088873816,146.75190270000166
learn,EOPKG-WI,EOPKGTopologyConditionedWI,d0cd559af6bc4bcd986fb11b0ed56877,854778689611649472,_EOPKG_WI-UN-f1-5-55_loan_v1_v5_simulated_GATv2,_EOPKG_WI-UN-f1-5,55,epoch_duration_sec,32,1781089051398,154.12220389999857
learn,EOPKG-WI,EOPKGTopologyConditionedWI,d0cd559af6bc4bcd986fb11b0ed56877,854778689611649472,_EOPKG_WI-UN-f1-5-55_loan_v1_v5_simulated_GATv2,_EOPKG_WI-UN-f1-5,55,epoch_duration_sec,33,1781089197348,128.7995790999994
learn,EOPKG-WI,EOPKGTopologyConditionedWI,d0cd559af6bc4bcd986fb11b0ed56877,854778689611649472,_EOPKG_WI-UN-f1-5-55_loan_v1_v5_simulated_GATv2,_EOPKG_WI-UN-f1-5,55,epoch_duration_sec,34,1781089311748,96.21247950000543
learn,EOPKG-WI,EOPKGTopologyConditionedWI,d0cd559af6bc4bcd986fb11b0ed56877,854778689611649472,_EOPKG_WI-UN-f1-5-55_loan_v1_v5_simulated_GATv2,_EOPKG_WI-UN-f1-5,55,epoch_duration_sec,35,1781089435340,106.23498280000058
learn,EOPKG-WI,EOPKGTopologyConditionedWI,d0cd559af6bc4bcd986fb11b0ed56877,854778689611649472,_EOPKG_WI-UN-f1-5-55_loan_v1_v5_simulated_GATv2,_EOPKG_WI-UN-f1-5,55,epoch_duration_sec,36,1781089552302,95.51790800000163
learn,EOPKG-WI,EOPKGTopologyConditionedWI,d0cd559af6bc4bcd986fb11b0ed56877,854778689611649472,_EOPKG_WI-UN-f1-5-55_loan_v1_v5_simulated_GATv2,_EOPKG_WI-UN-f1-5,55,epoch_duration_sec,37,1781089702291,131.61255710000114
learn,EOPKG-WI,EOPKGTopologyConditionedWI,d0cd559af6bc4bcd986fb11b0ed56877,854778689611649472,_EOPKG_WI-UN-f1-5-55_loan_v1_v5_simulated_GATv2,_EOPKG_WI-UN-f1-5,55,epoch_duration_sec,38,1781089813257,92.58141009999963
learn,EOPKG-WI,EOPKGTopologyConditionedWI,d0cd559af6bc4bcd986fb11b0ed56877,854778689611649472,_EOPKG_WI-UN-f1-5-55_loan_v1_v5_simulated_GATv2,_EOPKG_WI-UN-f1-5,55,epoch_duration_sec,39,1781089922552,90.26374200000282
learn,EOPKG-WI,EOPKGTopologyConditionedWI,d0cd559af6bc4bcd986fb11b0ed56877,854778689611649472,_EOPKG_WI-UN-f1-5-55_loan_v1_v5_simulated_GATv2,_EOPKG_WI-UN-f1-5,55,epoch_duration_sec,40,1781090079110,129.66328950000025
learn,EOPKG-WI,EOPKGTopologyConditionedWI,d0cd559af6bc4bcd986fb11b0ed56877,854778689611649472,_EOPKG_WI-UN-f1-5-55_loan_v1_v5_simulated_GATv2,_EOPKG_WI-UN-f1-5,55,epoch_duration_sec,41,1781090240983,135.4566932000016
learn,EOPKG-WI,EOPKGTopologyConditionedWI,d0cd559af6bc4bcd986fb11b0ed56877,854778689611649472,_EOPKG_WI-UN-f1-5-55_loan_v1_v5_simulated_GATv2,_EOPKG_WI-UN-f1-5,55,epoch_duration_sec,42,1781090406657,143.60169920000044
learn,EOPKG-WI,EOPKGTopologyConditionedWI,d0cd559af6bc4bcd986fb11b0ed56877,854778689611649472,_EOPKG_WI-UN-f1-5-55_loan_v1_v5_simulated_GATv2,_EOPKG_WI-UN-f1-5,55,epoch_duration_sec,43,1781090543727,117.3592650999999
learn,EOPKG-WI,EOPKGTopologyConditionedWI,d0cd559af6bc4bcd986fb11b0ed56877,854778689611649472,_EOPKG_WI-UN-f1-5-55_loan_v1_v5_simulated_GATv2,_EOPKG_WI-UN-f1-5,55,epoch_duration_sec,44,1781090656349,95.04718500000308
learn,EOPKG-WI,EOPKGTopologyConditionedWI,d0cd559af6bc4bcd986fb11b0ed56877,854778689611649472,_EOPKG_WI-UN-f1-5-55_loan_v1_v5_simulated_GATv2,_EOPKG_WI-UN-f1-5,55,epoch_duration_sec,45,1781090764299,90.88521980000223
learn,EOPKG-WI,EOPKGTopologyConditionedWI,d0cd559af6bc4bcd986fb11b0ed56877,854778689611649472,_EOPKG_WI-UN-f1-5-55_loan_v1_v5_simulated_GATv2,_EOPKG_WI-UN-f1-5,55,epoch_duration_sec,46,1781090875523,93.05542369999603
learn,EOPKG-WI,EOPKGTopologyConditionedWI,d0cd559af6bc4bcd986fb11b0ed56877,854778689611649472,_EOPKG_WI-UN-f1-5-55_loan_v1_v5_simulated_GATv2,_EOPKG_WI-UN-f1-5,55,epoch_duration_sec,47,1781090978981,87.19683559999976
learn,EOPKG-WI,EOPKGTopologyConditionedWI,d0cd559af6bc4bcd986fb11b0ed56877,854778689611649472,_EOPKG_WI-UN-f1-5-55_loan_v1_v5_simulated_GATv2,_EOPKG_WI-UN-f1-5,55,epoch_duration_sec,48,1781091079714,84.36652129999857
learn,EOPKG-WI,EOPKGTopologyConditionedWI,d0cd559af6bc4bcd986fb11b0ed56877,854778689611649472,_EOPKG_WI-UN-f1-5-55_loan_v1_v5_simulated_GATv2,_EOPKG_WI-UN-f1-5,55,epoch_duration_sec,49,1781091181126,85.15416169999662
learn,EOPKG-WI,EOPKGTopologyConditionedWI,d0cd559af6bc4bcd986fb11b0ed56877,854778689611649472,_EOPKG_WI-UN-f1-5-55_loan_v1_v5_simulated_GATv2,_EOPKG_WI-UN-f1-5,55,epoch_duration_sec,50,1781091286177,88.78417039999476
learn,EOPKG-WI,EOPKGTopologyConditionedWI,d3b7c7404a1b432b8dd330d96271b528,854778689611649472,_EOPKG_WI-UN-f1-5-67_loan_v1_v5_simulated_GATv2,_EOPKG_WI-UN-f1-5,67,epoch_duration_sec,1,1781608096780,168.10507949997555
learn,EOPKG-WI,EOPKGTopologyConditionedWI,d3b7c7404a1b432b8dd330d96271b528,854778689611649472,_EOPKG_WI-UN-f1-5-67_loan_v1_v5_simulated_GATv2,_EOPKG_WI-UN-f1-5,67,epoch_duration_sec,2,1781608222721,106.47652090000338
learn,EOPKG-WI,EOPKGTopologyConditionedWI,d3b7c7404a1b432b8dd330d96271b528,854778689611649472,_EOPKG_WI-UN-f1-5-67_loan_v1_v5_simulated_GATv2,_EOPKG_WI-UN-f1-5,67,epoch_duration_sec,3,1781608343937,100.45495449998998
learn,EOPKG-WI,EOPKGTopologyConditionedWI,d3b7c7404a1b432b8dd330d96271b528,854778689611649472,_EOPKG_WI-UN-f1-5-67_loan_v1_v5_simulated_GATv2,_EOPKG_WI-UN-f1-5,67,epoch_duration_sec,4,1781608465224,102.28250880000996
learn,EOPKG-WI,EOPKGTopologyConditionedWI,d3b7c7404a1b432b8dd330d96271b528,854778689611649472,_EOPKG_WI-UN-f1-5-67_loan_v1_v5_simulated_GATv2,_EOPKG_WI-UN-f1-5,67,epoch_duration_sec,5,1781608607150,123.00633559998823
learn,EOPKG-WI,EOPKGTopologyConditionedWI,d3b7c7404a1b432b8dd330d96271b528,854778689611649472,_EOPKG_WI-UN-f1-5-67_loan_v1_v5_simulated_GATv2,_EOPKG_WI-UN-f1-5,67,epoch_duration_sec,6,1781608737194,108.53349920001347
learn,EOPKG-WI,EOPKGTopologyConditionedWI,d3b7c7404a1b432b8dd330d96271b528,854778689611649472,_EOPKG_WI-UN-f1-5-67_loan_v1_v5_simulated_GATv2,_EOPKG_WI-UN-f1-5,67,epoch_duration_sec,7,1781608855724,99.84894870000426
learn,EOPKG-WI,EOPKGTopologyConditionedWI,d3b7c7404a1b432b8dd330d96271b528,854778689611649472,_EOPKG_WI-UN-f1-5-67_loan_v1_v5_simulated_GATv2,_EOPKG_WI-UN-f1-5,67,epoch_duration_sec,8,1781608975673,100.54384699999355
learn,EOPKG-WI,EOPKGTopologyConditionedWI,d3b7c7404a1b432b8dd330d96271b528,854778689611649472,_EOPKG_WI-UN-f1-5-67_loan_v1_v5_simulated_GATv2,_EOPKG_WI-UN-f1-5,67,epoch_duration_sec,9,1781609092082,97.26472370000556
learn,EOPKG-WI,EOPKGTopologyConditionedWI,d3b7c7404a1b432b8dd330d96271b528,854778689611649472,_EOPKG_WI-UN-f1-5-67_loan_v1_v5_simulated_GATv2,_EOPKG_WI-UN-f1-5,67,epoch_duration_sec,10,1781609211977,100.95101129999966
learn,EOPKG-WI,EOPKGTopologyConditionedWI,d3b7c7404a1b432b8dd330d96271b528,854778689611649472,_EOPKG_WI-UN-f1-5-67_loan_v1_v5_simulated_GATv2,_EOPKG_WI-UN-f1-5,67,epoch_duration_sec,11,1781609331752,99.46464380001999
learn,EOPKG-WI,EOPKGTopologyConditionedWI,d3b7c7404a1b432b8dd330d96271b528,854778689611649472,_EOPKG_WI-UN-f1-5-67_loan_v1_v5_simulated_GATv2,_EOPKG_WI-UN-f1-5,67,epoch_duration_sec,12,1781609455275,100.85431460000109
learn,EOPKG-WI,EOPKGTopologyConditionedWI,d3b7c7404a1b432b8dd330d96271b528,854778689611649472,_EOPKG_WI-UN-f1-5-67_loan_v1_v5_simulated_GATv2,_EOPKG_WI-UN-f1-5,67,epoch_duration_sec,13,1781609599666,123.98577479997766
learn,EOPKG-WI,EOPKGTopologyConditionedWI,d3b7c7404a1b432b8dd330d96271b528,854778689611649472,_EOPKG_WI-UN-f1-5-67_loan_v1_v5_simulated_GATv2,_EOPKG_WI-UN-f1-5,67,epoch_duration_sec,14,1781609736742,116.6650383999804
learn,EOPKG-WI,EOPKGTopologyConditionedWI,d3b7c7404a1b432b8dd330d96271b528,854778689611649472,_EOPKG_WI-UN-f1-5-67_loan_v1_v5_simulated_GATv2,_EOPKG_WI-UN-f1-5,67,epoch_duration_sec,15,1781609857601,101.37810370000079
learn,EOPKG-WI,EOPKGTopologyConditionedWI,d3b7c7404a1b432b8dd330d96271b528,854778689611649472,_EOPKG_WI-UN-f1-5-67_loan_v1_v5_simulated_GATv2,_EOPKG_WI-UN-f1-5,67,epoch_duration_sec,16,1781609987499,109.66912539998884
learn,EOPKG-WI,EOPKGTopologyConditionedWI,d3b7c7404a1b432b8dd330d96271b528,854778689611649472,_EOPKG_WI-UN-f1-5-67_loan_v1_v5_simulated_GATv2,_EOPKG_WI-UN-f1-5,67,epoch_duration_sec,17,1781610116684,109.99721750000026
learn,EOPKG-WI,EOPKGTopologyConditionedWI,d3b7c7404a1b432b8dd330d96271b528,854778689611649472,_EOPKG_WI-UN-f1-5-67_loan_v1_v5_simulated_GATv2,_EOPKG_WI-UN-f1-5,67,epoch_duration_sec,18,1781610229428,95.84580290000304
learn,EOPKG-WI,EOPKGTopologyConditionedWI,d3b7c7404a1b432b8dd330d96271b528,854778689611649472,_EOPKG_WI-UN-f1-5-67_loan_v1_v5_simulated_GATv2,_EOPKG_WI-UN-f1-5,67,epoch_duration_sec,19,1781610334348,87.93976529999054
learn,EOPKG-WI,EOPKGTopologyConditionedWI,d3b7c7404a1b432b8dd330d96271b528,854778689611649472,_EOPKG_WI-UN-f1-5-67_loan_v1_v5_simulated_GATv2,_EOPKG_WI-UN-f1-5,67,epoch_duration_sec,20,1781610445942,93.85459100001026
learn,EOPKG-WI,EOPKGTopologyConditionedWI,d3b7c7404a1b432b8dd330d96271b528,854778689611649472,_EOPKG_WI-UN-f1-5-67_loan_v1_v5_simulated_GATv2,_EOPKG_WI-UN-f1-5,67,epoch_duration_sec,21,1781610557824,94.68240260001039
learn,EOPKG-WI,EOPKGTopologyConditionedWI,d3b7c7404a1b432b8dd330d96271b528,854778689611649472,_EOPKG_WI-UN-f1-5-67_loan_v1_v5_simulated_GATv2,_EOPKG_WI-UN-f1-5,67,epoch_duration_sec,22,1781610670421,95.12389710001298
learn,EOPKG-WI,EOPKGTopologyConditionedWI,d3b7c7404a1b432b8dd330d96271b528,854778689611649472,_EOPKG_WI-UN-f1-5-67_loan_v1_v5_simulated_GATv2,_EOPKG_WI-UN-f1-5,67,epoch_duration_sec,23,1781610776145,88.591720299999
learn,EOPKG-WI,EOPKGTopologyConditionedWI,d3b7c7404a1b432b8dd330d96271b528,854778689611649472,_EOPKG_WI-UN-f1-5-67_loan_v1_v5_simulated_GATv2,_EOPKG_WI-UN-f1-5,67,epoch_duration_sec,24,1781610882621,89.34546760001103
learn,EOPKG-WI,EOPKGTopologyConditionedWI,d3b7c7404a1b432b8dd330d96271b528,854778689611649472,_EOPKG_WI-UN-f1-5-67_loan_v1_v5_simulated_GATv2,_EOPKG_WI-UN-f1-5,67,epoch_duration_sec,25,1781610987875,88.10700729998644
learn,EOPKG-WI,EOPKGTopologyConditionedWI,d3b7c7404a1b432b8dd330d96271b528,854778689611649472,_EOPKG_WI-UN-f1-5-67_loan_v1_v5_simulated_GATv2,_EOPKG_WI-UN-f1-5,67,epoch_duration_sec,26,1781611096619,91.74912340001902
learn,EOPKG-WI,EOPKGTopologyConditionedWI,d3b7c7404a1b432b8dd330d96271b528,854778689611649472,_EOPKG_WI-UN-f1-5-67_loan_v1_v5_simulated_GATv2,_EOPKG_WI-UN-f1-5,67,epoch_duration_sec,27,1781611204700,88.21117240001331
learn,EOPKG-WI,EOPKGTopologyConditionedWI,d3b7c7404a1b432b8dd330d96271b528,854778689611649472,_EOPKG_WI-UN-f1-5-67_loan_v1_v5_simulated_GATv2,_EOPKG_WI-UN-f1-5,67,epoch_duration_sec,28,1781611309410,87.84307560001616
learn,EOPKG-WI,EOPKGTopologyConditionedWI,d3b7c7404a1b432b8dd330d96271b528,854778689611649472,_EOPKG_WI-UN-f1-5-67_loan_v1_v5_simulated_GATv2,_EOPKG_WI-UN-f1-5,67,epoch_duration_sec,29,1781611415120,87.91544660000363
learn,EOPKG-WI,EOPKGTopologyConditionedWI,d3b7c7404a1b432b8dd330d96271b528,854778689611649472,_EOPKG_WI-UN-f1-5-67_loan_v1_v5_simulated_GATv2,_EOPKG_WI-UN-f1-5,67,epoch_duration_sec,30,1781611520643,88.3475682999997
learn,EOPKG-WI,EOPKGTopologyConditionedWI,d3b7c7404a1b432b8dd330d96271b528,854778689611649472,_EOPKG_WI-UN-f1-5-67_loan_v1_v5_simulated_GATv2,_EOPKG_WI-UN-f1-5,67,epoch_duration_sec,31,1781611627135,89.6312190000026
learn,EOPKG-WI,EOPKGTopologyConditionedWI,d3b7c7404a1b432b8dd330d96271b528,854778689611649472,_EOPKG_WI-UN-f1-5-67_loan_v1_v5_simulated_GATv2,_EOPKG_WI-UN-f1-5,67,epoch_duration_sec,32,1781611732353,87.55133139999816
learn,EOPKG-WI,EOPKGTopologyConditionedWI,d3b7c7404a1b432b8dd330d96271b528,854778689611649472,_EOPKG_WI-UN-f1-5-67_loan_v1_v5_simulated_GATv2,_EOPKG_WI-UN-f1-5,67,epoch_duration_sec,33,1781611837598,88.30520200001774
learn,EOPKG-WI,EOPKGTopologyConditionedWI,d3b7c7404a1b432b8dd330d96271b528,854778689611649472,_EOPKG_WI-UN-f1-5-67_loan_v1_v5_simulated_GATv2,_EOPKG_WI-UN-f1-5,67,epoch_duration_sec,34,1781611942928,88.23582400000305
learn,EOPKG-WI,EOPKGTopologyConditionedWI,d3b7c7404a1b432b8dd330d96271b528,854778689611649472,_EOPKG_WI-UN-f1-5-67_loan_v1_v5_simulated_GATv2,_EOPKG_WI-UN-f1-5,67,epoch_duration_sec,35,1781612048092,87.78612430000794
learn,EOPKG-WI,EOPKGTopologyConditionedWI,d3b7c7404a1b432b8dd330d96271b528,854778689611649472,_EOPKG_WI-UN-f1-5-67_loan_v1_v5_simulated_GATv2,_EOPKG_WI-UN-f1-5,67,epoch_duration_sec,36,1781612153020,87.8998190999846
learn,EOPKG-WI,EOPKGTopologyConditionedWI,d3b7c7404a1b432b8dd330d96271b528,854778689611649472,_EOPKG_WI-UN-f1-5-67_loan_v1_v5_simulated_GATv2,_EOPKG_WI-UN-f1-5,67,epoch_duration_sec,37,1781612258164,88.14917940000305
learn,EOPKG-WI,EOPKGTopologyConditionedWI,d3b7c7404a1b432b8dd330d96271b528,854778689611649472,_EOPKG_WI-UN-f1-5-67_loan_v1_v5_simulated_GATv2,_EOPKG_WI-UN-f1-5,67,epoch_duration_sec,38,1781612379103,103.9428665000014
learn,EOPKG-WI,EOPKGTopologyConditionedWI,d3b7c7404a1b432b8dd330d96271b528,854778689611649472,_EOPKG_WI-UN-f1-5-67_loan_v1_v5_simulated_GATv2,_EOPKG_WI-UN-f1-5,67,epoch_duration_sec,39,1781612484474,88.5718496000045
learn,EOPKG-WI,EOPKGTopologyConditionedWI,d3b7c7404a1b432b8dd330d96271b528,854778689611649472,_EOPKG_WI-UN-f1-5-67_loan_v1_v5_simulated_GATv2,_EOPKG_WI-UN-f1-5,67,epoch_duration_sec,40,1781612588943,87.5263949999935
learn,EOPKG-WI,EOPKGTopologyConditionedWI,d3b7c7404a1b432b8dd330d96271b528,854778689611649472,_EOPKG_WI-UN-f1-5-67_loan_v1_v5_simulated_GATv2,_EOPKG_WI-UN-f1-5,67,epoch_duration_sec,41,1781612692692,86.92340180001338
learn,EOPKG-WI,EOPKGTopologyConditionedWI,d3b7c7404a1b432b8dd330d96271b528,854778689611649472,_EOPKG_WI-UN-f1-5-67_loan_v1_v5_simulated_GATv2,_EOPKG_WI-UN-f1-5,67,epoch_duration_sec,42,1781612797357,87.84102040002472
learn,EOPKG-WI,EOPKGTopologyConditionedWI,d3b7c7404a1b432b8dd330d96271b528,854778689611649472,_EOPKG_WI-UN-f1-5-67_loan_v1_v5_simulated_GATv2,_EOPKG_WI-UN-f1-5,67,epoch_duration_sec,43,1781612901796,87.40007380000316
learn,EOPKG-WI,EOPKGTopologyConditionedWI,d3b7c7404a1b432b8dd330d96271b528,854778689611649472,_EOPKG_WI-UN-f1-5-67_loan_v1_v5_simulated_GATv2,_EOPKG_WI-UN-f1-5,67,epoch_duration_sec,44,1781613006497,87.54702660001931
learn,EOPKG-WI,EOPKGTopologyConditionedWI,d3b7c7404a1b432b8dd330d96271b528,854778689611649472,_EOPKG_WI-UN-f1-5-67_loan_v1_v5_simulated_GATv2,_EOPKG_WI-UN-f1-5,67,epoch_duration_sec,45,1781613111604,88.41695670000627
learn,EOPKG-WI,EOPKGTopologyConditionedWI,d3b7c7404a1b432b8dd330d96271b528,854778689611649472,_EOPKG_WI-UN-f1-5-67_loan_v1_v5_simulated_GATv2,_EOPKG_WI-UN-f1-5,67,epoch_duration_sec,46,1781613215540,86.90078199998243
learn,EOPKG-WI,EOPKGTopologyConditionedWI,d3b7c7404a1b432b8dd330d96271b528,854778689611649472,_EOPKG_WI-UN-f1-5-67_loan_v1_v5_simulated_GATv2,_EOPKG_WI-UN-f1-5,67,epoch_duration_sec,47,1781613320051,87.54857060001814
learn,EOPKG-WI,EOPKGTopologyConditionedWI,d3b7c7404a1b432b8dd330d96271b528,854778689611649472,_EOPKG_WI-UN-f1-5-67_loan_v1_v5_simulated_GATv2,_EOPKG_WI-UN-f1-5,67,epoch_duration_sec,48,1781613424534,87.6756793000095
learn,EOPKG-WI,EOPKGTopologyConditionedWI,d3b7c7404a1b432b8dd330d96271b528,854778689611649472,_EOPKG_WI-UN-f1-5-67_loan_v1_v5_simulated_GATv2,_EOPKG_WI-UN-f1-5,67,epoch_duration_sec,49,1781613531067,88.91784290000214
learn,EOPKG-WI,EOPKGTopologyConditionedWI,d3b7c7404a1b432b8dd330d96271b528,854778689611649472,_EOPKG_WI-UN-f1-5-67_loan_v1_v5_simulated_GATv2,_EOPKG_WI-UN-f1-5,67,epoch_duration_sec,50,1781613636570,88.25088179999148
learn,GATv2,BaselineGATv2,0827dcd6f1a34d1a8330115b73a5f288,854778689611649472,_Base-UN-f1-13_loan_v1_v5_simulated_GATv2,_Base-UN-f1,13,epoch_duration_sec,1,1780914639930,144.13025829999242
learn,GATv2,BaselineGATv2,0827dcd6f1a34d1a8330115b73a5f288,854778689611649472,_Base-UN-f1-13_loan_v1_v5_simulated_GATv2,_Base-UN-f1,13,epoch_duration_sec,2,1780914756246,100.18877949999296
learn,GATv2,BaselineGATv2,0827dcd6f1a34d1a8330115b73a5f288,854778689611649472,_Base-UN-f1-13_loan_v1_v5_simulated_GATv2,_Base-UN-f1,13,epoch_duration_sec,3,1780914860660,88.89233030000469
learn,GATv2,BaselineGATv2,0827dcd6f1a34d1a8330115b73a5f288,854778689611649472,_Base-UN-f1-13_loan_v1_v5_simulated_GATv2,_Base-UN-f1,13,epoch_duration_sec,4,1780914972916,94.33927409999887
learn,GATv2,BaselineGATv2,0827dcd6f1a34d1a8330115b73a5f288,854778689611649472,_Base-UN-f1-13_loan_v1_v5_simulated_GATv2,_Base-UN-f1,13,epoch_duration_sec,5,1780915065759,78.26020329998573
learn,GATv2,BaselineGATv2,0827dcd6f1a34d1a8330115b73a5f288,854778689611649472,_Base-UN-f1-13_loan_v1_v5_simulated_GATv2,_Base-UN-f1,13,epoch_duration_sec,6,1780915204964,115.01570990000619
learn,GATv2,BaselineGATv2,0827dcd6f1a34d1a8330115b73a5f288,854778689611649472,_Base-UN-f1-13_loan_v1_v5_simulated_GATv2,_Base-UN-f1,13,epoch_duration_sec,7,1780915433784,200.45482839999022
learn,GATv2,BaselineGATv2,0827dcd6f1a34d1a8330115b73a5f288,854778689611649472,_Base-UN-f1-13_loan_v1_v5_simulated_GATv2,_Base-UN-f1,13,epoch_duration_sec,8,1780915577698,125.20203539999784
learn,GATv2,BaselineGATv2,0827dcd6f1a34d1a8330115b73a5f288,854778689611649472,_Base-UN-f1-13_loan_v1_v5_simulated_GATv2,_Base-UN-f1,13,epoch_duration_sec,9,1780915734176,97.71984889998566
learn,GATv2,BaselineGATv2,0827dcd6f1a34d1a8330115b73a5f288,854778689611649472,_Base-UN-f1-13_loan_v1_v5_simulated_GATv2,_Base-UN-f1,13,epoch_duration_sec,10,1780915882542,120.30983360001119
learn,GATv2,BaselineGATv2,0827dcd6f1a34d1a8330115b73a5f288,854778689611649472,_Base-UN-f1-13_loan_v1_v5_simulated_GATv2,_Base-UN-f1,13,epoch_duration_sec,11,1780916017317,112.14066810000804
learn,GATv2,BaselineGATv2,0827dcd6f1a34d1a8330115b73a5f288,854778689611649472,_Base-UN-f1-13_loan_v1_v5_simulated_GATv2,_Base-UN-f1,13,epoch_duration_sec,12,1780916126040,92.34310230001574
learn,GATv2,BaselineGATv2,0827dcd6f1a34d1a8330115b73a5f288,854778689611649472,_Base-UN-f1-13_loan_v1_v5_simulated_GATv2,_Base-UN-f1,13,epoch_duration_sec,13,1780916360896,204.44824789999984
learn,GATv2,BaselineGATv2,0827dcd6f1a34d1a8330115b73a5f288,854778689611649472,_Base-UN-f1-13_loan_v1_v5_simulated_GATv2,_Base-UN-f1,13,epoch_duration_sec,14,1780916544412,155.65896910001175
learn,GATv2,BaselineGATv2,0827dcd6f1a34d1a8330115b73a5f288,854778689611649472,_Base-UN-f1-13_loan_v1_v5_simulated_GATv2,_Base-UN-f1,13,epoch_duration_sec,15,1780916712610,142.10960080000223
learn,GATv2,BaselineGATv2,0827dcd6f1a34d1a8330115b73a5f288,854778689611649472,_Base-UN-f1-13_loan_v1_v5_simulated_GATv2,_Base-UN-f1,13,epoch_duration_sec,16,1780916884900,136.8098077000177
learn,GATv2,BaselineGATv2,0827dcd6f1a34d1a8330115b73a5f288,854778689611649472,_Base-UN-f1-13_loan_v1_v5_simulated_GATv2,_Base-UN-f1,13,epoch_duration_sec,17,1780917049147,132.00638929998968
learn,GATv2,BaselineGATv2,0827dcd6f1a34d1a8330115b73a5f288,854778689611649472,_Base-UN-f1-13_loan_v1_v5_simulated_GATv2,_Base-UN-f1,13,epoch_duration_sec,18,1780917144161,79.90306519999285
learn,GATv2,BaselineGATv2,0827dcd6f1a34d1a8330115b73a5f288,854778689611649472,_Base-UN-f1-13_loan_v1_v5_simulated_GATv2,_Base-UN-f1,13,epoch_duration_sec,19,1780917272203,106.53200409997953
learn,GATv2,BaselineGATv2,0827dcd6f1a34d1a8330115b73a5f288,854778689611649472,_Base-UN-f1-13_loan_v1_v5_simulated_GATv2,_Base-UN-f1,13,epoch_duration_sec,20,1780917423310,126.50868980001542
learn,GATv2,BaselineGATv2,0827dcd6f1a34d1a8330115b73a5f288,854778689611649472,_Base-UN-f1-13_loan_v1_v5_simulated_GATv2,_Base-UN-f1,13,epoch_duration_sec,21,1780917671368,225.92104720001225
learn,GATv2,BaselineGATv2,0827dcd6f1a34d1a8330115b73a5f288,854778689611649472,_Base-UN-f1-13_loan_v1_v5_simulated_GATv2,_Base-UN-f1,13,epoch_duration_sec,22,1780917812729,118.84659279999323
learn,GATv2,BaselineGATv2,0827dcd6f1a34d1a8330115b73a5f288,854778689611649472,_Base-UN-f1-13_loan_v1_v5_simulated_GATv2,_Base-UN-f1,13,epoch_duration_sec,23,1780917934803,105.75272220000625
learn,GATv2,BaselineGATv2,0827dcd6f1a34d1a8330115b73a5f288,854778689611649472,_Base-UN-f1-13_loan_v1_v5_simulated_GATv2,_Base-UN-f1,13,epoch_duration_sec,24,1780918057955,100.83219670000835
learn,GATv2,BaselineGATv2,0827dcd6f1a34d1a8330115b73a5f288,854778689611649472,_Base-UN-f1-13_loan_v1_v5_simulated_GATv2,_Base-UN-f1,13,epoch_duration_sec,25,1780918201307,123.69383340000059
learn,GATv2,BaselineGATv2,0827dcd6f1a34d1a8330115b73a5f288,854778689611649472,_Base-UN-f1-13_loan_v1_v5_simulated_GATv2,_Base-UN-f1,13,epoch_duration_sec,26,1780918353949,132.48902130001807
learn,GATv2,BaselineGATv2,0827dcd6f1a34d1a8330115b73a5f288,854778689611649472,_Base-UN-f1-13_loan_v1_v5_simulated_GATv2,_Base-UN-f1,13,epoch_duration_sec,27,1780918517869,141.2191887999943
learn,GATv2,BaselineGATv2,0827dcd6f1a34d1a8330115b73a5f288,854778689611649472,_Base-UN-f1-13_loan_v1_v5_simulated_GATv2,_Base-UN-f1,13,epoch_duration_sec,28,1780918677317,133.53985520001152
learn,GATv2,BaselineGATv2,0827dcd6f1a34d1a8330115b73a5f288,854778689611649472,_Base-UN-f1-13_loan_v1_v5_simulated_GATv2,_Base-UN-f1,13,epoch_duration_sec,29,1780918801745,111.7236450999917
learn,GATv2,BaselineGATv2,0827dcd6f1a34d1a8330115b73a5f288,854778689611649472,_Base-UN-f1-13_loan_v1_v5_simulated_GATv2,_Base-UN-f1,13,epoch_duration_sec,30,1780918950187,115.8786566000199
learn,GATv2,BaselineGATv2,0827dcd6f1a34d1a8330115b73a5f288,854778689611649472,_Base-UN-f1-13_loan_v1_v5_simulated_GATv2,_Base-UN-f1,13,epoch_duration_sec,31,1780919088083,120.14698439999484
learn,GATv2,BaselineGATv2,0827dcd6f1a34d1a8330115b73a5f288,854778689611649472,_Base-UN-f1-13_loan_v1_v5_simulated_GATv2,_Base-UN-f1,13,epoch_duration_sec,32,1780919222147,110.09821620001458
learn,GATv2,BaselineGATv2,0827dcd6f1a34d1a8330115b73a5f288,854778689611649472,_Base-UN-f1-13_loan_v1_v5_simulated_GATv2,_Base-UN-f1,13,epoch_duration_sec,33,1780919352258,115.5547094999929
learn,GATv2,BaselineGATv2,0827dcd6f1a34d1a8330115b73a5f288,854778689611649472,_Base-UN-f1-13_loan_v1_v5_simulated_GATv2,_Base-UN-f1,13,epoch_duration_sec,34,1780919456908,90.27714150000247
learn,GATv2,BaselineGATv2,0827dcd6f1a34d1a8330115b73a5f288,854778689611649472,_Base-UN-f1-13_loan_v1_v5_simulated_GATv2,_Base-UN-f1,13,epoch_duration_sec,35,1780919555240,84.96243260000483
learn,GATv2,BaselineGATv2,0827dcd6f1a34d1a8330115b73a5f288,854778689611649472,_Base-UN-f1-13_loan_v1_v5_simulated_GATv2,_Base-UN-f1,13,epoch_duration_sec,36,1780919637969,69.65047449999838
learn,GATv2,BaselineGATv2,0827dcd6f1a34d1a8330115b73a5f288,854778689611649472,_Base-UN-f1-13_loan_v1_v5_simulated_GATv2,_Base-UN-f1,13,epoch_duration_sec,37,1780919748432,95.57824719999917
learn,GATv2,BaselineGATv2,0827dcd6f1a34d1a8330115b73a5f288,854778689611649472,_Base-UN-f1-13_loan_v1_v5_simulated_GATv2,_Base-UN-f1,13,epoch_duration_sec,38,1780919841536,78.32040029999916
learn,GATv2,BaselineGATv2,0827dcd6f1a34d1a8330115b73a5f288,854778689611649472,_Base-UN-f1-13_loan_v1_v5_simulated_GATv2,_Base-UN-f1,13,epoch_duration_sec,39,1780919939272,82.25609320000513
learn,GATv2,BaselineGATv2,0827dcd6f1a34d1a8330115b73a5f288,854778689611649472,_Base-UN-f1-13_loan_v1_v5_simulated_GATv2,_Base-UN-f1,13,epoch_duration_sec,40,1780920034646,83.00211600001785
learn,GATv2,BaselineGATv2,0827dcd6f1a34d1a8330115b73a5f288,854778689611649472,_Base-UN-f1-13_loan_v1_v5_simulated_GATv2,_Base-UN-f1,13,epoch_duration_sec,41,1780920114654,67.05365159999928
learn,GATv2,BaselineGATv2,0827dcd6f1a34d1a8330115b73a5f288,854778689611649472,_Base-UN-f1-13_loan_v1_v5_simulated_GATv2,_Base-UN-f1,13,epoch_duration_sec,42,1780920192796,66.12797890001093
learn,GATv2,BaselineGATv2,0827dcd6f1a34d1a8330115b73a5f288,854778689611649472,_Base-UN-f1-13_loan_v1_v5_simulated_GATv2,_Base-UN-f1,13,epoch_duration_sec,43,1780920270346,65.41690799998469
learn,GATv2,BaselineGATv2,0827dcd6f1a34d1a8330115b73a5f288,854778689611649472,_Base-UN-f1-13_loan_v1_v5_simulated_GATv2,_Base-UN-f1,13,epoch_duration_sec,44,1780920350291,67.69095119999838
learn,GATv2,BaselineGATv2,0827dcd6f1a34d1a8330115b73a5f288,854778689611649472,_Base-UN-f1-13_loan_v1_v5_simulated_GATv2,_Base-UN-f1,13,epoch_duration_sec,45,1780920429832,66.97172899998259
learn,GATv2,BaselineGATv2,0827dcd6f1a34d1a8330115b73a5f288,854778689611649472,_Base-UN-f1-13_loan_v1_v5_simulated_GATv2,_Base-UN-f1,13,epoch_duration_sec,46,1780920510109,67.92208329998539
learn,GATv2,BaselineGATv2,0827dcd6f1a34d1a8330115b73a5f288,854778689611649472,_Base-UN-f1-13_loan_v1_v5_simulated_GATv2,_Base-UN-f1,13,epoch_duration_sec,47,1780920590289,67.76593699998921
learn,GATv2,BaselineGATv2,0827dcd6f1a34d1a8330115b73a5f288,854778689611649472,_Base-UN-f1-13_loan_v1_v5_simulated_GATv2,_Base-UN-f1,13,epoch_duration_sec,48,1780920672735,70.04684450000059
learn,GATv2,BaselineGATv2,0827dcd6f1a34d1a8330115b73a5f288,854778689611649472,_Base-UN-f1-13_loan_v1_v5_simulated_GATv2,_Base-UN-f1,13,epoch_duration_sec,49,1780920754349,68.7667859000212
learn,GATv2,BaselineGATv2,0827dcd6f1a34d1a8330115b73a5f288,854778689611649472,_Base-UN-f1-13_loan_v1_v5_simulated_GATv2,_Base-UN-f1,13,epoch_duration_sec,50,1780920833404,67.06696359999478
learn,GATv2,BaselineGATv2,19d9078ee52942b08295cf257ee764d0,854778689611649472,_Base-UN-f1-55_loan_v1_v5_simulated_GATv2,_Base-UN-f1,55,epoch_duration_sec,1,1780926727620,155.18660339998314
learn,GATv2,BaselineGATv2,19d9078ee52942b08295cf257ee764d0,854778689611649472,_Base-UN-f1-55_loan_v1_v5_simulated_GATv2,_Base-UN-f1,55,epoch_duration_sec,2,1780926817760,75.12766260001808
learn,GATv2,BaselineGATv2,19d9078ee52942b08295cf257ee764d0,854778689611649472,_Base-UN-f1-55_loan_v1_v5_simulated_GATv2,_Base-UN-f1,55,epoch_duration_sec,3,1780926931500,98.7505577999982
learn,GATv2,BaselineGATv2,19d9078ee52942b08295cf257ee764d0,854778689611649472,_Base-UN-f1-55_loan_v1_v5_simulated_GATv2,_Base-UN-f1,55,epoch_duration_sec,4,1780927048700,85.19038010001532
learn,GATv2,BaselineGATv2,19d9078ee52942b08295cf257ee764d0,854778689611649472,_Base-UN-f1-55_loan_v1_v5_simulated_GATv2,_Base-UN-f1,55,epoch_duration_sec,5,1780927223324,146.65849800000433
learn,GATv2,BaselineGATv2,19d9078ee52942b08295cf257ee764d0,854778689611649472,_Base-UN-f1-55_loan_v1_v5_simulated_GATv2,_Base-UN-f1,55,epoch_duration_sec,6,1780927477214,231.22066890000133
learn,GATv2,BaselineGATv2,19d9078ee52942b08295cf257ee764d0,854778689611649472,_Base-UN-f1-55_loan_v1_v5_simulated_GATv2,_Base-UN-f1,55,epoch_duration_sec,7,1780927607032,114.62241250000079
learn,GATv2,BaselineGATv2,19d9078ee52942b08295cf257ee764d0,854778689611649472,_Base-UN-f1-55_loan_v1_v5_simulated_GATv2,_Base-UN-f1,55,epoch_duration_sec,8,1780927702078,79.36879929999122
learn,GATv2,BaselineGATv2,19d9078ee52942b08295cf257ee764d0,854778689611649472,_Base-UN-f1-55_loan_v1_v5_simulated_GATv2,_Base-UN-f1,55,epoch_duration_sec,9,1780927800210,84.36160269999527
learn,GATv2,BaselineGATv2,19d9078ee52942b08295cf257ee764d0,854778689611649472,_Base-UN-f1-55_loan_v1_v5_simulated_GATv2,_Base-UN-f1,55,epoch_duration_sec,10,1780927901902,86.85915599999134
learn,GATv2,BaselineGATv2,19d9078ee52942b08295cf257ee764d0,854778689611649472,_Base-UN-f1-55_loan_v1_v5_simulated_GATv2,_Base-UN-f1,55,epoch_duration_sec,11,1780927995760,78.90319240000099
learn,GATv2,BaselineGATv2,19d9078ee52942b08295cf257ee764d0,854778689611649472,_Base-UN-f1-55_loan_v1_v5_simulated_GATv2,_Base-UN-f1,55,epoch_duration_sec,12,1780928081853,72.2211690999975
learn,GATv2,BaselineGATv2,19d9078ee52942b08295cf257ee764d0,854778689611649472,_Base-UN-f1-55_loan_v1_v5_simulated_GATv2,_Base-UN-f1,55,epoch_duration_sec,13,1780928171646,73.88269079994643
learn,GATv2,BaselineGATv2,19d9078ee52942b08295cf257ee764d0,854778689611649472,_Base-UN-f1-55_loan_v1_v5_simulated_GATv2,_Base-UN-f1,55,epoch_duration_sec,14,1780928265670,78.4426246000221
learn,GATv2,BaselineGATv2,19d9078ee52942b08295cf257ee764d0,854778689611649472,_Base-UN-f1-55_loan_v1_v5_simulated_GATv2,_Base-UN-f1,55,epoch_duration_sec,15,1780928358659,78.6926973000518
learn,GATv2,BaselineGATv2,19d9078ee52942b08295cf257ee764d0,854778689611649472,_Base-UN-f1-55_loan_v1_v5_simulated_GATv2,_Base-UN-f1,55,epoch_duration_sec,16,1780928452684,78.54162789997645
learn,GATv2,BaselineGATv2,19d9078ee52942b08295cf257ee764d0,854778689611649472,_Base-UN-f1-55_loan_v1_v5_simulated_GATv2,_Base-UN-f1,55,epoch_duration_sec,17,1780928555225,85.64745079999557
learn,GATv2,BaselineGATv2,19d9078ee52942b08295cf257ee764d0,854778689611649472,_Base-UN-f1-55_loan_v1_v5_simulated_GATv2,_Base-UN-f1,55,epoch_duration_sec,18,1780928647688,76.55977880000137
learn,GATv2,BaselineGATv2,19d9078ee52942b08295cf257ee764d0,854778689611649472,_Base-UN-f1-55_loan_v1_v5_simulated_GATv2,_Base-UN-f1,55,epoch_duration_sec,19,1780928739065,77.24789489997784
learn,GATv2,BaselineGATv2,19d9078ee52942b08295cf257ee764d0,854778689611649472,_Base-UN-f1-55_loan_v1_v5_simulated_GATv2,_Base-UN-f1,55,epoch_duration_sec,20,1780928826357,73.05695619998733
learn,GATv2,BaselineGATv2,19d9078ee52942b08295cf257ee764d0,854778689611649472,_Base-UN-f1-55_loan_v1_v5_simulated_GATv2,_Base-UN-f1,55,epoch_duration_sec,21,1780928908040,68.88867959997151
learn,GATv2,BaselineGATv2,19d9078ee52942b08295cf257ee764d0,854778689611649472,_Base-UN-f1-55_loan_v1_v5_simulated_GATv2,_Base-UN-f1,55,epoch_duration_sec,22,1780928988449,67.48403980000876
learn,GATv2,BaselineGATv2,19d9078ee52942b08295cf257ee764d0,854778689611649472,_Base-UN-f1-55_loan_v1_v5_simulated_GATv2,_Base-UN-f1,55,epoch_duration_sec,23,1780929075261,74.15451319998829
learn,GATv2,BaselineGATv2,19d9078ee52942b08295cf257ee764d0,854778689611649472,_Base-UN-f1-55_loan_v1_v5_simulated_GATv2,_Base-UN-f1,55,epoch_duration_sec,24,1780929157324,67.8828142999555
learn,GATv2,BaselineGATv2,19d9078ee52942b08295cf257ee764d0,854778689611649472,_Base-UN-f1-55_loan_v1_v5_simulated_GATv2,_Base-UN-f1,55,epoch_duration_sec,25,1780929236109,66.0040981999482
learn,GATv2,BaselineGATv2,19d9078ee52942b08295cf257ee764d0,854778689611649472,_Base-UN-f1-55_loan_v1_v5_simulated_GATv2,_Base-UN-f1,55,epoch_duration_sec,26,1780929317034,67.97050280001713
learn,GATv2,BaselineGATv2,19d9078ee52942b08295cf257ee764d0,854778689611649472,_Base-UN-f1-55_loan_v1_v5_simulated_GATv2,_Base-UN-f1,55,epoch_duration_sec,27,1780929394807,65.1570029000286
learn,GATv2,BaselineGATv2,19d9078ee52942b08295cf257ee764d0,854778689611649472,_Base-UN-f1-55_loan_v1_v5_simulated_GATv2,_Base-UN-f1,55,epoch_duration_sec,28,1780929474080,65.22630280000158
learn,GATv2,BaselineGATv2,19d9078ee52942b08295cf257ee764d0,854778689611649472,_Base-UN-f1-55_loan_v1_v5_simulated_GATv2,_Base-UN-f1,55,epoch_duration_sec,29,1780929554403,67.26996520004468
learn,GATv2,BaselineGATv2,19d9078ee52942b08295cf257ee764d0,854778689611649472,_Base-UN-f1-55_loan_v1_v5_simulated_GATv2,_Base-UN-f1,55,epoch_duration_sec,30,1780929640237,69.1282439000206
learn,GATv2,BaselineGATv2,19d9078ee52942b08295cf257ee764d0,854778689611649472,_Base-UN-f1-55_loan_v1_v5_simulated_GATv2,_Base-UN-f1,55,epoch_duration_sec,31,1780929722893,68.06599879998248
learn,GATv2,BaselineGATv2,19d9078ee52942b08295cf257ee764d0,854778689611649472,_Base-UN-f1-55_loan_v1_v5_simulated_GATv2,_Base-UN-f1,55,epoch_duration_sec,32,1780929840396,103.85816349997185
learn,GATv2,BaselineGATv2,19d9078ee52942b08295cf257ee764d0,854778689611649472,_Base-UN-f1-55_loan_v1_v5_simulated_GATv2,_Base-UN-f1,55,epoch_duration_sec,33,1780929947791,88.95327379996888
learn,GATv2,BaselineGATv2,19d9078ee52942b08295cf257ee764d0,854778689611649472,_Base-UN-f1-55_loan_v1_v5_simulated_GATv2,_Base-UN-f1,55,epoch_duration_sec,34,1780930047354,83.84461780003039
learn,GATv2,BaselineGATv2,19d9078ee52942b08295cf257ee764d0,854778689611649472,_Base-UN-f1-55_loan_v1_v5_simulated_GATv2,_Base-UN-f1,55,epoch_duration_sec,35,1780930207318,134.04217349999817
learn,GATv2,BaselineGATv2,19d9078ee52942b08295cf257ee764d0,854778689611649472,_Base-UN-f1-55_loan_v1_v5_simulated_GATv2,_Base-UN-f1,55,epoch_duration_sec,36,1780930366240,134.27411649998976
learn,GATv2,BaselineGATv2,19d9078ee52942b08295cf257ee764d0,854778689611649472,_Base-UN-f1-55_loan_v1_v5_simulated_GATv2,_Base-UN-f1,55,epoch_duration_sec,37,1780930521486,131.40312620002078
learn,GATv2,BaselineGATv2,19d9078ee52942b08295cf257ee764d0,854778689611649472,_Base-UN-f1-55_loan_v1_v5_simulated_GATv2,_Base-UN-f1,55,epoch_duration_sec,38,1780930692285,144.66077499999665
learn,GATv2,BaselineGATv2,19d9078ee52942b08295cf257ee764d0,854778689611649472,_Base-UN-f1-55_loan_v1_v5_simulated_GATv2,_Base-UN-f1,55,epoch_duration_sec,39,1780930871337,151.5394725999795
learn,GATv2,BaselineGATv2,19d9078ee52942b08295cf257ee764d0,854778689611649472,_Base-UN-f1-55_loan_v1_v5_simulated_GATv2,_Base-UN-f1,55,epoch_duration_sec,40,1780931038401,140.16648580000037
learn,GATv2,BaselineGATv2,19d9078ee52942b08295cf257ee764d0,854778689611649472,_Base-UN-f1-55_loan_v1_v5_simulated_GATv2,_Base-UN-f1,55,epoch_duration_sec,41,1780931206900,143.69646940001985
learn,GATv2,BaselineGATv2,19d9078ee52942b08295cf257ee764d0,854778689611649472,_Base-UN-f1-55_loan_v1_v5_simulated_GATv2,_Base-UN-f1,55,epoch_duration_sec,42,1780931370855,140.490708599973
learn,GATv2,BaselineGATv2,43bb080720cd41c0919a926a04029b92,854778689611649472,_Base-UN-f1-32_loan_v1_v5_simulated_GATv2,_Base-UN-f1,32,epoch_duration_sec,1,1781376173010,119.02130450000004
learn,GATv2,BaselineGATv2,43bb080720cd41c0919a926a04029b92,854778689611649472,_Base-UN-f1-32_loan_v1_v5_simulated_GATv2,_Base-UN-f1,32,epoch_duration_sec,2,1781376242750,59.19437409999955
learn,GATv2,BaselineGATv2,43bb080720cd41c0919a926a04029b92,854778689611649472,_Base-UN-f1-32_loan_v1_v5_simulated_GATv2,_Base-UN-f1,32,epoch_duration_sec,3,1781376313140,58.36046600000009
learn,GATv2,BaselineGATv2,43bb080720cd41c0919a926a04029b92,854778689611649472,_Base-UN-f1-32_loan_v1_v5_simulated_GATv2,_Base-UN-f1,32,epoch_duration_sec,4,1781376383140,58.9447678000015
learn,GATv2,BaselineGATv2,43bb080720cd41c0919a926a04029b92,854778689611649472,_Base-UN-f1-32_loan_v1_v5_simulated_GATv2,_Base-UN-f1,32,epoch_duration_sec,5,1781376452039,57.943740999999136
learn,GATv2,BaselineGATv2,43bb080720cd41c0919a926a04029b92,854778689611649472,_Base-UN-f1-32_loan_v1_v5_simulated_GATv2,_Base-UN-f1,32,epoch_duration_sec,6,1781376522719,59.62399590000132
learn,GATv2,BaselineGATv2,43bb080720cd41c0919a926a04029b92,854778689611649472,_Base-UN-f1-32_loan_v1_v5_simulated_GATv2,_Base-UN-f1,32,epoch_duration_sec,7,1781376592151,58.373849300000074
learn,GATv2,BaselineGATv2,43bb080720cd41c0919a926a04029b92,854778689611649472,_Base-UN-f1-32_loan_v1_v5_simulated_GATv2,_Base-UN-f1,32,epoch_duration_sec,8,1781376662429,59.26454460000059
learn,GATv2,BaselineGATv2,43bb080720cd41c0919a926a04029b92,854778689611649472,_Base-UN-f1-32_loan_v1_v5_simulated_GATv2,_Base-UN-f1,32,epoch_duration_sec,9,1781376732016,58.52132850000089
learn,GATv2,BaselineGATv2,43bb080720cd41c0919a926a04029b92,854778689611649472,_Base-UN-f1-32_loan_v1_v5_simulated_GATv2,_Base-UN-f1,32,epoch_duration_sec,10,1781376801707,58.649221199999374
learn,GATv2,BaselineGATv2,43bb080720cd41c0919a926a04029b92,854778689611649472,_Base-UN-f1-32_loan_v1_v5_simulated_GATv2,_Base-UN-f1,32,epoch_duration_sec,11,1781376873257,60.23578439999983
learn,GATv2,BaselineGATv2,43bb080720cd41c0919a926a04029b92,854778689611649472,_Base-UN-f1-32_loan_v1_v5_simulated_GATv2,_Base-UN-f1,32,epoch_duration_sec,12,1781376942897,58.675247999999556
learn,GATv2,BaselineGATv2,43bb080720cd41c0919a926a04029b92,854778689611649472,_Base-UN-f1-32_loan_v1_v5_simulated_GATv2,_Base-UN-f1,32,epoch_duration_sec,13,1781377012656,58.642296399999395
learn,GATv2,BaselineGATv2,43bb080720cd41c0919a926a04029b92,854778689611649472,_Base-UN-f1-32_loan_v1_v5_simulated_GATv2,_Base-UN-f1,32,epoch_duration_sec,14,1781377081622,58.037816200001544
learn,GATv2,BaselineGATv2,43bb080720cd41c0919a926a04029b92,854778689611649472,_Base-UN-f1-32_loan_v1_v5_simulated_GATv2,_Base-UN-f1,32,epoch_duration_sec,15,1781377150467,57.86337960000128
learn,GATv2,BaselineGATv2,43bb080720cd41c0919a926a04029b92,854778689611649472,_Base-UN-f1-32_loan_v1_v5_simulated_GATv2,_Base-UN-f1,32,epoch_duration_sec,16,1781377220313,58.87722429999849
learn,GATv2,BaselineGATv2,43bb080720cd41c0919a926a04029b92,854778689611649472,_Base-UN-f1-32_loan_v1_v5_simulated_GATv2,_Base-UN-f1,32,epoch_duration_sec,17,1781377290073,58.69543109999904
learn,GATv2,BaselineGATv2,43bb080720cd41c0919a926a04029b92,854778689611649472,_Base-UN-f1-32_loan_v1_v5_simulated_GATv2,_Base-UN-f1,32,epoch_duration_sec,18,1781377359112,57.92958869999893
learn,GATv2,BaselineGATv2,43bb080720cd41c0919a926a04029b92,854778689611649472,_Base-UN-f1-32_loan_v1_v5_simulated_GATv2,_Base-UN-f1,32,epoch_duration_sec,19,1781377428913,58.693363399999726
learn,GATv2,BaselineGATv2,43bb080720cd41c0919a926a04029b92,854778689611649472,_Base-UN-f1-32_loan_v1_v5_simulated_GATv2,_Base-UN-f1,32,epoch_duration_sec,20,1781377498503,58.53987490000145
learn,GATv2,BaselineGATv2,43bb080720cd41c0919a926a04029b92,854778689611649472,_Base-UN-f1-32_loan_v1_v5_simulated_GATv2,_Base-UN-f1,32,epoch_duration_sec,21,1781377567146,57.68048629999976
learn,GATv2,BaselineGATv2,43bb080720cd41c0919a926a04029b92,854778689611649472,_Base-UN-f1-32_loan_v1_v5_simulated_GATv2,_Base-UN-f1,32,epoch_duration_sec,22,1781377636089,58.13198530000045
learn,GATv2,BaselineGATv2,43bb080720cd41c0919a926a04029b92,854778689611649472,_Base-UN-f1-32_loan_v1_v5_simulated_GATv2,_Base-UN-f1,32,epoch_duration_sec,23,1781377705014,58.16229680000106
learn,GATv2,BaselineGATv2,43bb080720cd41c0919a926a04029b92,854778689611649472,_Base-UN-f1-32_loan_v1_v5_simulated_GATv2,_Base-UN-f1,32,epoch_duration_sec,24,1781377784607,57.05349289999867
learn,GATv2,BaselineGATv2,43bb080720cd41c0919a926a04029b92,854778689611649472,_Base-UN-f1-32_loan_v1_v5_simulated_GATv2,_Base-UN-f1,32,epoch_duration_sec,25,1781377869177,73.39160989999982
learn,GATv2,BaselineGATv2,43bb080720cd41c0919a926a04029b92,854778689611649472,_Base-UN-f1-32_loan_v1_v5_simulated_GATv2,_Base-UN-f1,32,epoch_duration_sec,26,1781377942720,61.943494199998895
learn,GATv2,BaselineGATv2,43bb080720cd41c0919a926a04029b92,854778689611649472,_Base-UN-f1-32_loan_v1_v5_simulated_GATv2,_Base-UN-f1,32,epoch_duration_sec,27,1781378015218,60.298226999999315
learn,GATv2,BaselineGATv2,43bb080720cd41c0919a926a04029b92,854778689611649472,_Base-UN-f1-32_loan_v1_v5_simulated_GATv2,_Base-UN-f1,32,epoch_duration_sec,28,1781378087585,60.750137499999255
learn,GATv2,BaselineGATv2,43bb080720cd41c0919a926a04029b92,854778689611649472,_Base-UN-f1-32_loan_v1_v5_simulated_GATv2,_Base-UN-f1,32,epoch_duration_sec,29,1781378159025,59.90495580000061
learn,GATv2,BaselineGATv2,43bb080720cd41c0919a926a04029b92,854778689611649472,_Base-UN-f1-32_loan_v1_v5_simulated_GATv2,_Base-UN-f1,32,epoch_duration_sec,30,1781378238379,62.638698300001124
learn,GATv2,BaselineGATv2,43bb080720cd41c0919a926a04029b92,854778689611649472,_Base-UN-f1-32_loan_v1_v5_simulated_GATv2,_Base-UN-f1,32,epoch_duration_sec,31,1781378319684,70.02283119999993
learn,GATv2,BaselineGATv2,43bb080720cd41c0919a926a04029b92,854778689611649472,_Base-UN-f1-32_loan_v1_v5_simulated_GATv2,_Base-UN-f1,32,epoch_duration_sec,32,1781378399533,67.71526280000035
learn,GATv2,BaselineGATv2,43bb080720cd41c0919a926a04029b92,854778689611649472,_Base-UN-f1-32_loan_v1_v5_simulated_GATv2,_Base-UN-f1,32,epoch_duration_sec,33,1781378469766,59.27930600000036
learn,GATv2,BaselineGATv2,43bb080720cd41c0919a926a04029b92,854778689611649472,_Base-UN-f1-32_loan_v1_v5_simulated_GATv2,_Base-UN-f1,32,epoch_duration_sec,34,1781378538578,57.86583450000035
learn,GATv2,BaselineGATv2,43bb080720cd41c0919a926a04029b92,854778689611649472,_Base-UN-f1-32_loan_v1_v5_simulated_GATv2,_Base-UN-f1,32,epoch_duration_sec,35,1781378607920,57.99635979999948
learn,GATv2,BaselineGATv2,43bb080720cd41c0919a926a04029b92,854778689611649472,_Base-UN-f1-32_loan_v1_v5_simulated_GATv2,_Base-UN-f1,32,epoch_duration_sec,36,1781378679364,60.598147900000185
learn,GATv2,BaselineGATv2,43bb080720cd41c0919a926a04029b92,854778689611649472,_Base-UN-f1-32_loan_v1_v5_simulated_GATv2,_Base-UN-f1,32,epoch_duration_sec,37,1781378747828,57.722882400001254
learn,GATv2,BaselineGATv2,43bb080720cd41c0919a926a04029b92,854778689611649472,_Base-UN-f1-32_loan_v1_v5_simulated_GATv2,_Base-UN-f1,32,epoch_duration_sec,38,1781378815927,57.069551200000205
learn,GATv2,BaselineGATv2,43bb080720cd41c0919a926a04029b92,854778689611649472,_Base-UN-f1-32_loan_v1_v5_simulated_GATv2,_Base-UN-f1,32,epoch_duration_sec,39,1781378884660,57.942434100001265
learn,GATv2,BaselineGATv2,43bb080720cd41c0919a926a04029b92,854778689611649472,_Base-UN-f1-32_loan_v1_v5_simulated_GATv2,_Base-UN-f1,32,epoch_duration_sec,40,1781378953129,57.680719100000715
learn,GATv2,BaselineGATv2,43bb080720cd41c0919a926a04029b92,854778689611649472,_Base-UN-f1-32_loan_v1_v5_simulated_GATv2,_Base-UN-f1,32,epoch_duration_sec,41,1781379021609,57.572537699999884
learn,GATv2,BaselineGATv2,43bb080720cd41c0919a926a04029b92,854778689611649472,_Base-UN-f1-32_loan_v1_v5_simulated_GATv2,_Base-UN-f1,32,epoch_duration_sec,42,1781379090421,57.90866920000008
learn,GATv2,BaselineGATv2,43bb080720cd41c0919a926a04029b92,854778689611649472,_Base-UN-f1-32_loan_v1_v5_simulated_GATv2,_Base-UN-f1,32,epoch_duration_sec,43,1781379159075,57.76367449999998
learn,GATv2,BaselineGATv2,43bb080720cd41c0919a926a04029b92,854778689611649472,_Base-UN-f1-32_loan_v1_v5_simulated_GATv2,_Base-UN-f1,32,epoch_duration_sec,44,1781379227323,57.42591969999921
learn,GATv2,BaselineGATv2,43bb080720cd41c0919a926a04029b92,854778689611649472,_Base-UN-f1-32_loan_v1_v5_simulated_GATv2,_Base-UN-f1,32,epoch_duration_sec,45,1781379295517,57.34551360000114
learn,GATv2,BaselineGATv2,43bb080720cd41c0919a926a04029b92,854778689611649472,_Base-UN-f1-32_loan_v1_v5_simulated_GATv2,_Base-UN-f1,32,epoch_duration_sec,46,1781379364205,57.8501150000011
learn,GATv2,BaselineGATv2,43bb080720cd41c0919a926a04029b92,854778689611649472,_Base-UN-f1-32_loan_v1_v5_simulated_GATv2,_Base-UN-f1,32,epoch_duration_sec,47,1781379432752,57.678803299999345
learn,GATv2,BaselineGATv2,43bb080720cd41c0919a926a04029b92,854778689611649472,_Base-UN-f1-32_loan_v1_v5_simulated_GATv2,_Base-UN-f1,32,epoch_duration_sec,48,1781379502080,58.14434790000087
learn,GATv2,BaselineGATv2,43bb080720cd41c0919a926a04029b92,854778689611649472,_Base-UN-f1-32_loan_v1_v5_simulated_GATv2,_Base-UN-f1,32,epoch_duration_sec,49,1781379570790,57.718771099998776
learn,GATv2,BaselineGATv2,43bb080720cd41c0919a926a04029b92,854778689611649472,_Base-UN-f1-32_loan_v1_v5_simulated_GATv2,_Base-UN-f1,32,epoch_duration_sec,50,1781379639611,57.931659600000785
learn,GATv2,BaselineGATv2,4de188c1615448e39860458609d7ba5b,854778689611649472,_Base-UN-f1-67_loan_v1_v5_simulated_GATv2,_Base-UN-f1,67,epoch_duration_sec,1,1780907284497,138.86008429998765
learn,GATv2,BaselineGATv2,4de188c1615448e39860458609d7ba5b,854778689611649472,_Base-UN-f1-67_loan_v1_v5_simulated_GATv2,_Base-UN-f1,67,epoch_duration_sec,2,1780907394592,96.40013080000062
learn,GATv2,BaselineGATv2,4de188c1615448e39860458609d7ba5b,854778689611649472,_Base-UN-f1-67_loan_v1_v5_simulated_GATv2,_Base-UN-f1,67,epoch_duration_sec,3,1780907484548,75.49526580001111
learn,GATv2,BaselineGATv2,4de188c1615448e39860458609d7ba5b,854778689611649472,_Base-UN-f1-67_loan_v1_v5_simulated_GATv2,_Base-UN-f1,67,epoch_duration_sec,4,1780907616886,116.52874119998887
learn,GATv2,BaselineGATv2,4de188c1615448e39860458609d7ba5b,854778689611649472,_Base-UN-f1-67_loan_v1_v5_simulated_GATv2,_Base-UN-f1,67,epoch_duration_sec,5,1780907709013,75.5726726000139
learn,GATv2,BaselineGATv2,4de188c1615448e39860458609d7ba5b,854778689611649472,_Base-UN-f1-67_loan_v1_v5_simulated_GATv2,_Base-UN-f1,67,epoch_duration_sec,6,1780907814542,85.40977870000643
learn,GATv2,BaselineGATv2,4de188c1615448e39860458609d7ba5b,854778689611649472,_Base-UN-f1-67_loan_v1_v5_simulated_GATv2,_Base-UN-f1,67,epoch_duration_sec,7,1780907923390,91.45541719999164
learn,GATv2,BaselineGATv2,4de188c1615448e39860458609d7ba5b,854778689611649472,_Base-UN-f1-67_loan_v1_v5_simulated_GATv2,_Base-UN-f1,67,epoch_duration_sec,8,1780908037468,96.96933659998467
learn,GATv2,BaselineGATv2,4de188c1615448e39860458609d7ba5b,854778689611649472,_Base-UN-f1-67_loan_v1_v5_simulated_GATv2,_Base-UN-f1,67,epoch_duration_sec,9,1780908152588,96.59785589997773
learn,GATv2,BaselineGATv2,4de188c1615448e39860458609d7ba5b,854778689611649472,_Base-UN-f1-67_loan_v1_v5_simulated_GATv2,_Base-UN-f1,67,epoch_duration_sec,10,1780908271051,90.91521269999794
learn,GATv2,BaselineGATv2,4de188c1615448e39860458609d7ba5b,854778689611649472,_Base-UN-f1-67_loan_v1_v5_simulated_GATv2,_Base-UN-f1,67,epoch_duration_sec,11,1780908388790,96.77535779998288
learn,GATv2,BaselineGATv2,4de188c1615448e39860458609d7ba5b,854778689611649472,_Base-UN-f1-67_loan_v1_v5_simulated_GATv2,_Base-UN-f1,67,epoch_duration_sec,12,1780908484191,81.00214570001117
learn,GATv2,BaselineGATv2,4de188c1615448e39860458609d7ba5b,854778689611649472,_Base-UN-f1-67_loan_v1_v5_simulated_GATv2,_Base-UN-f1,67,epoch_duration_sec,13,1780908580128,81.17893599998206
learn,GATv2,BaselineGATv2,4de188c1615448e39860458609d7ba5b,854778689611649472,_Base-UN-f1-67_loan_v1_v5_simulated_GATv2,_Base-UN-f1,67,epoch_duration_sec,14,1780908675683,80.27773909998359
learn,GATv2,BaselineGATv2,4de188c1615448e39860458609d7ba5b,854778689611649472,_Base-UN-f1-67_loan_v1_v5_simulated_GATv2,_Base-UN-f1,67,epoch_duration_sec,15,1780908767751,77.11863390001236
learn,GATv2,BaselineGATv2,4de188c1615448e39860458609d7ba5b,854778689611649472,_Base-UN-f1-67_loan_v1_v5_simulated_GATv2,_Base-UN-f1,67,epoch_duration_sec,16,1780908877295,91.88544820001698
learn,GATv2,BaselineGATv2,4de188c1615448e39860458609d7ba5b,854778689611649472,_Base-UN-f1-67_loan_v1_v5_simulated_GATv2,_Base-UN-f1,67,epoch_duration_sec,17,1780909102064,205.43616449998808
learn,GATv2,BaselineGATv2,4de188c1615448e39860458609d7ba5b,854778689611649472,_Base-UN-f1-67_loan_v1_v5_simulated_GATv2,_Base-UN-f1,67,epoch_duration_sec,18,1780909377270,238.72303650001413
learn,GATv2,BaselineGATv2,4de188c1615448e39860458609d7ba5b,854778689611649472,_Base-UN-f1-67_loan_v1_v5_simulated_GATv2,_Base-UN-f1,67,epoch_duration_sec,19,1780909562353,148.43741549999686
learn,GATv2,BaselineGATv2,4de188c1615448e39860458609d7ba5b,854778689611649472,_Base-UN-f1-67_loan_v1_v5_simulated_GATv2,_Base-UN-f1,67,epoch_duration_sec,20,1780909665547,83.50399759999709
learn,GATv2,BaselineGATv2,4de188c1615448e39860458609d7ba5b,854778689611649472,_Base-UN-f1-67_loan_v1_v5_simulated_GATv2,_Base-UN-f1,67,epoch_duration_sec,21,1780909762032,80.20284710000851
learn,GATv2,BaselineGATv2,4de188c1615448e39860458609d7ba5b,854778689611649472,_Base-UN-f1-67_loan_v1_v5_simulated_GATv2,_Base-UN-f1,67,epoch_duration_sec,22,1780909849643,74.29060510001727
learn,GATv2,BaselineGATv2,4de188c1615448e39860458609d7ba5b,854778689611649472,_Base-UN-f1-67_loan_v1_v5_simulated_GATv2,_Base-UN-f1,67,epoch_duration_sec,23,1780909968465,87.43674439997994
learn,GATv2,BaselineGATv2,4de188c1615448e39860458609d7ba5b,854778689611649472,_Base-UN-f1-67_loan_v1_v5_simulated_GATv2,_Base-UN-f1,67,epoch_duration_sec,24,1780910221225,193.01305829998455
learn,GATv2,BaselineGATv2,4de188c1615448e39860458609d7ba5b,854778689611649472,_Base-UN-f1-67_loan_v1_v5_simulated_GATv2,_Base-UN-f1,67,epoch_duration_sec,25,1780910460046,168.25954949998413
learn,GATv2,BaselineGATv2,4de188c1615448e39860458609d7ba5b,854778689611649472,_Base-UN-f1-67_loan_v1_v5_simulated_GATv2,_Base-UN-f1,67,epoch_duration_sec,26,1780910622056,144.2855106999923
learn,GATv2,BaselineGATv2,4de188c1615448e39860458609d7ba5b,854778689611649472,_Base-UN-f1-67_loan_v1_v5_simulated_GATv2,_Base-UN-f1,67,epoch_duration_sec,27,1780910718197,78.84964550001314
learn,GATv2,BaselineGATv2,4de188c1615448e39860458609d7ba5b,854778689611649472,_Base-UN-f1-67_loan_v1_v5_simulated_GATv2,_Base-UN-f1,67,epoch_duration_sec,28,1780910814194,81.1738209000032
learn,GATv2,BaselineGATv2,4de188c1615448e39860458609d7ba5b,854778689611649472,_Base-UN-f1-67_loan_v1_v5_simulated_GATv2,_Base-UN-f1,67,epoch_duration_sec,29,1780910923771,94.33592020001379
learn,GATv2,BaselineGATv2,4de188c1615448e39860458609d7ba5b,854778689611649472,_Base-UN-f1-67_loan_v1_v5_simulated_GATv2,_Base-UN-f1,67,epoch_duration_sec,30,1780911017041,76.88790770000196
learn,GATv2,BaselineGATv2,4de188c1615448e39860458609d7ba5b,854778689611649472,_Base-UN-f1-67_loan_v1_v5_simulated_GATv2,_Base-UN-f1,67,epoch_duration_sec,31,1780911108244,76.62783350000973
learn,GATv2,BaselineGATv2,4de188c1615448e39860458609d7ba5b,854778689611649472,_Base-UN-f1-67_loan_v1_v5_simulated_GATv2,_Base-UN-f1,67,epoch_duration_sec,32,1780911197446,74.61374299999443
learn,GATv2,BaselineGATv2,4de188c1615448e39860458609d7ba5b,854778689611649472,_Base-UN-f1-67_loan_v1_v5_simulated_GATv2,_Base-UN-f1,67,epoch_duration_sec,33,1780911288541,74.4266365999938
learn,GATv2,BaselineGATv2,4de188c1615448e39860458609d7ba5b,854778689611649472,_Base-UN-f1-67_loan_v1_v5_simulated_GATv2,_Base-UN-f1,67,epoch_duration_sec,34,1780911380267,74.7828347000177
learn,GATv2,BaselineGATv2,4de188c1615448e39860458609d7ba5b,854778689611649472,_Base-UN-f1-67_loan_v1_v5_simulated_GATv2,_Base-UN-f1,67,epoch_duration_sec,35,1780911471231,75.80317389999982
learn,GATv2,BaselineGATv2,4de188c1615448e39860458609d7ba5b,854778689611649472,_Base-UN-f1-67_loan_v1_v5_simulated_GATv2,_Base-UN-f1,67,epoch_duration_sec,36,1780911599060,98.70649770001182
learn,GATv2,BaselineGATv2,4de188c1615448e39860458609d7ba5b,854778689611649472,_Base-UN-f1-67_loan_v1_v5_simulated_GATv2,_Base-UN-f1,67,epoch_duration_sec,37,1780911775802,156.71707610000158
learn,GATv2,BaselineGATv2,4de188c1615448e39860458609d7ba5b,854778689611649472,_Base-UN-f1-67_loan_v1_v5_simulated_GATv2,_Base-UN-f1,67,epoch_duration_sec,38,1780911872874,82.5117823999899
learn,GATv2,BaselineGATv2,4de188c1615448e39860458609d7ba5b,854778689611649472,_Base-UN-f1-67_loan_v1_v5_simulated_GATv2,_Base-UN-f1,67,epoch_duration_sec,39,1780911956647,69.96797379999771
learn,GATv2,BaselineGATv2,4de188c1615448e39860458609d7ba5b,854778689611649472,_Base-UN-f1-67_loan_v1_v5_simulated_GATv2,_Base-UN-f1,67,epoch_duration_sec,40,1780912040194,69.98646309998003
learn,GATv2,BaselineGATv2,4de188c1615448e39860458609d7ba5b,854778689611649472,_Base-UN-f1-67_loan_v1_v5_simulated_GATv2,_Base-UN-f1,67,epoch_duration_sec,41,1780912160794,86.81891259999247
learn,GATv2,BaselineGATv2,4de188c1615448e39860458609d7ba5b,854778689611649472,_Base-UN-f1-67_loan_v1_v5_simulated_GATv2,_Base-UN-f1,67,epoch_duration_sec,42,1780912286151,110.2884452000144
learn,GATv2,BaselineGATv2,4de188c1615448e39860458609d7ba5b,854778689611649472,_Base-UN-f1-67_loan_v1_v5_simulated_GATv2,_Base-UN-f1,67,epoch_duration_sec,43,1780912385337,81.90912999998545
learn,GATv2,BaselineGATv2,4de188c1615448e39860458609d7ba5b,854778689611649472,_Base-UN-f1-67_loan_v1_v5_simulated_GATv2,_Base-UN-f1,67,epoch_duration_sec,44,1780912469893,71.06218170002103
learn,GATv2,BaselineGATv2,4de188c1615448e39860458609d7ba5b,854778689611649472,_Base-UN-f1-67_loan_v1_v5_simulated_GATv2,_Base-UN-f1,67,epoch_duration_sec,45,1780912643255,113.12044880000758
learn,GATv2,BaselineGATv2,4de188c1615448e39860458609d7ba5b,854778689611649472,_Base-UN-f1-67_loan_v1_v5_simulated_GATv2,_Base-UN-f1,67,epoch_duration_sec,46,1780912815991,149.31533189999755
learn,GATv2,BaselineGATv2,4de188c1615448e39860458609d7ba5b,854778689611649472,_Base-UN-f1-67_loan_v1_v5_simulated_GATv2,_Base-UN-f1,67,epoch_duration_sec,47,1780913055005,212.79118209998705
learn,GATv2,BaselineGATv2,4de188c1615448e39860458609d7ba5b,854778689611649472,_Base-UN-f1-67_loan_v1_v5_simulated_GATv2,_Base-UN-f1,67,epoch_duration_sec,48,1780913202382,115.37552060000598
learn,GATv2,BaselineGATv2,4de188c1615448e39860458609d7ba5b,854778689611649472,_Base-UN-f1-67_loan_v1_v5_simulated_GATv2,_Base-UN-f1,67,epoch_duration_sec,49,1780913437872,199.57543050000095
learn,GATv2,BaselineGATv2,4de188c1615448e39860458609d7ba5b,854778689611649472,_Base-UN-f1-67_loan_v1_v5_simulated_GATv2,_Base-UN-f1,67,epoch_duration_sec,50,1780913620034,149.5068467000092
learn,GATv2,BaselineGATv2,52f73713e211451695967c00ca8a57d0,854778689611649472,_Base-UN-f1-99_loan_v1_v5_simulated_GATv2,_Base-UN-f1,99,epoch_duration_sec,1,1781340354233,134.3470757000032
learn,GATv2,BaselineGATv2,52f73713e211451695967c00ca8a57d0,854778689611649472,_Base-UN-f1-99_loan_v1_v5_simulated_GATv2,_Base-UN-f1,99,epoch_duration_sec,2,1781340437629,70.01060029998189
learn,GATv2,BaselineGATv2,52f73713e211451695967c00ca8a57d0,854778689611649472,_Base-UN-f1-99_loan_v1_v5_simulated_GATv2,_Base-UN-f1,99,epoch_duration_sec,3,1781340519113,69.20546710002236
learn,GATv2,BaselineGATv2,52f73713e211451695967c00ca8a57d0,854778689611649472,_Base-UN-f1-99_loan_v1_v5_simulated_GATv2,_Base-UN-f1,99,epoch_duration_sec,4,1781340598516,67.08888220001245
learn,GATv2,BaselineGATv2,52f73713e211451695967c00ca8a57d0,854778689611649472,_Base-UN-f1-99_loan_v1_v5_simulated_GATv2,_Base-UN-f1,99,epoch_duration_sec,5,1781340678019,67.36092150001787
learn,GATv2,BaselineGATv2,52f73713e211451695967c00ca8a57d0,854778689611649472,_Base-UN-f1-99_loan_v1_v5_simulated_GATv2,_Base-UN-f1,99,epoch_duration_sec,6,1781340757440,67.0935081000207
learn,GATv2,BaselineGATv2,52f73713e211451695967c00ca8a57d0,854778689611649472,_Base-UN-f1-99_loan_v1_v5_simulated_GATv2,_Base-UN-f1,99,epoch_duration_sec,7,1781340838528,68.68265700002667
learn,GATv2,BaselineGATv2,52f73713e211451695967c00ca8a57d0,854778689611649472,_Base-UN-f1-99_loan_v1_v5_simulated_GATv2,_Base-UN-f1,99,epoch_duration_sec,8,1781340918790,67.85339579998981
learn,GATv2,BaselineGATv2,52f73713e211451695967c00ca8a57d0,854778689611649472,_Base-UN-f1-99_loan_v1_v5_simulated_GATv2,_Base-UN-f1,99,epoch_duration_sec,9,1781340998814,67.7615529000177
learn,GATv2,BaselineGATv2,52f73713e211451695967c00ca8a57d0,854778689611649472,_Base-UN-f1-99_loan_v1_v5_simulated_GATv2,_Base-UN-f1,99,epoch_duration_sec,10,1781341078637,67.20423519995529
learn,GATv2,BaselineGATv2,52f73713e211451695967c00ca8a57d0,854778689611649472,_Base-UN-f1-99_loan_v1_v5_simulated_GATv2,_Base-UN-f1,99,epoch_duration_sec,11,1781341158893,68.14196039998205
learn,GATv2,BaselineGATv2,52f73713e211451695967c00ca8a57d0,854778689611649472,_Base-UN-f1-99_loan_v1_v5_simulated_GATv2,_Base-UN-f1,99,epoch_duration_sec,12,1781341238909,67.81488769996213
learn,GATv2,BaselineGATv2,52f73713e211451695967c00ca8a57d0,854778689611649472,_Base-UN-f1-99_loan_v1_v5_simulated_GATv2,_Base-UN-f1,99,epoch_duration_sec,13,1781341318473,67.44323330000043
learn,GATv2,BaselineGATv2,52f73713e211451695967c00ca8a57d0,854778689611649472,_Base-UN-f1-99_loan_v1_v5_simulated_GATv2,_Base-UN-f1,99,epoch_duration_sec,14,1781341399230,67.54997410002397
learn,GATv2,BaselineGATv2,52f73713e211451695967c00ca8a57d0,854778689611649472,_Base-UN-f1-99_loan_v1_v5_simulated_GATv2,_Base-UN-f1,99,epoch_duration_sec,15,1781341480164,68.91407009999966
learn,GATv2,BaselineGATv2,52f73713e211451695967c00ca8a57d0,854778689611649472,_Base-UN-f1-99_loan_v1_v5_simulated_GATv2,_Base-UN-f1,99,epoch_duration_sec,16,1781341559697,67.3834054999752
learn,GATv2,BaselineGATv2,52f73713e211451695967c00ca8a57d0,854778689611649472,_Base-UN-f1-99_loan_v1_v5_simulated_GATv2,_Base-UN-f1,99,epoch_duration_sec,17,1781341639091,67.20664309995482
learn,GATv2,BaselineGATv2,52f73713e211451695967c00ca8a57d0,854778689611649472,_Base-UN-f1-99_loan_v1_v5_simulated_GATv2,_Base-UN-f1,99,epoch_duration_sec,18,1781341728731,75.70414679998066
learn,GATv2,BaselineGATv2,52f73713e211451695967c00ca8a57d0,854778689611649472,_Base-UN-f1-99_loan_v1_v5_simulated_GATv2,_Base-UN-f1,99,epoch_duration_sec,19,1781341827442,84.70608089998132
learn,GATv2,BaselineGATv2,52f73713e211451695967c00ca8a57d0,854778689611649472,_Base-UN-f1-99_loan_v1_v5_simulated_GATv2,_Base-UN-f1,99,epoch_duration_sec,20,1781341943789,101.29263139999239
learn,GATv2,BaselineGATv2,52f73713e211451695967c00ca8a57d0,854778689611649472,_Base-UN-f1-99_loan_v1_v5_simulated_GATv2,_Base-UN-f1,99,epoch_duration_sec,21,1781342038369,79.42854370002169
learn,GATv2,BaselineGATv2,52f73713e211451695967c00ca8a57d0,854778689611649472,_Base-UN-f1-99_loan_v1_v5_simulated_GATv2,_Base-UN-f1,99,epoch_duration_sec,22,1781342139432,84.12393770000199
learn,GATv2,BaselineGATv2,52f73713e211451695967c00ca8a57d0,854778689611649472,_Base-UN-f1-99_loan_v1_v5_simulated_GATv2,_Base-UN-f1,99,epoch_duration_sec,23,1781342240572,88.41044689994305
learn,GATv2,BaselineGATv2,52f73713e211451695967c00ca8a57d0,854778689611649472,_Base-UN-f1-99_loan_v1_v5_simulated_GATv2,_Base-UN-f1,99,epoch_duration_sec,24,1781342331787,76.45540330000222
learn,GATv2,BaselineGATv2,52f73713e211451695967c00ca8a57d0,854778689611649472,_Base-UN-f1-99_loan_v1_v5_simulated_GATv2,_Base-UN-f1,99,epoch_duration_sec,25,1781342435846,88.74514050001744
learn,GATv2,BaselineGATv2,52f73713e211451695967c00ca8a57d0,854778689611649472,_Base-UN-f1-99_loan_v1_v5_simulated_GATv2,_Base-UN-f1,99,epoch_duration_sec,26,1781342531982,84.02516899997136
learn,GATv2,BaselineGATv2,52f73713e211451695967c00ca8a57d0,854778689611649472,_Base-UN-f1-99_loan_v1_v5_simulated_GATv2,_Base-UN-f1,99,epoch_duration_sec,27,1781342613647,69.46154139999999
learn,GATv2,BaselineGATv2,52f73713e211451695967c00ca8a57d0,854778689611649472,_Base-UN-f1-99_loan_v1_v5_simulated_GATv2,_Base-UN-f1,99,epoch_duration_sec,28,1781342693655,67.47711840004195
learn,GATv2,BaselineGATv2,52f73713e211451695967c00ca8a57d0,854778689611649472,_Base-UN-f1-99_loan_v1_v5_simulated_GATv2,_Base-UN-f1,99,epoch_duration_sec,29,1781342776576,69.01051480002934
learn,GATv2,BaselineGATv2,52f73713e211451695967c00ca8a57d0,854778689611649472,_Base-UN-f1-99_loan_v1_v5_simulated_GATv2,_Base-UN-f1,99,epoch_duration_sec,30,1781342864774,75.72565959999338
learn,GATv2,BaselineGATv2,52f73713e211451695967c00ca8a57d0,854778689611649472,_Base-UN-f1-99_loan_v1_v5_simulated_GATv2,_Base-UN-f1,99,epoch_duration_sec,31,1781342949645,68.97281940001994
learn,GATv2,BaselineGATv2,52f73713e211451695967c00ca8a57d0,854778689611649472,_Base-UN-f1-99_loan_v1_v5_simulated_GATv2,_Base-UN-f1,99,epoch_duration_sec,32,1781343037383,75.06190069997683
learn,GATv2,BaselineGATv2,52f73713e211451695967c00ca8a57d0,854778689611649472,_Base-UN-f1-99_loan_v1_v5_simulated_GATv2,_Base-UN-f1,99,epoch_duration_sec,33,1781343117924,67.86026809999021
learn,GATv2,BaselineGATv2,52f73713e211451695967c00ca8a57d0,854778689611649472,_Base-UN-f1-99_loan_v1_v5_simulated_GATv2,_Base-UN-f1,99,epoch_duration_sec,34,1781343199243,68.83296650002012
learn,GATv2,BaselineGATv2,52f73713e211451695967c00ca8a57d0,854778689611649472,_Base-UN-f1-99_loan_v1_v5_simulated_GATv2,_Base-UN-f1,99,epoch_duration_sec,35,1781343279757,68.11634720000438
learn,GATv2,BaselineGATv2,52f73713e211451695967c00ca8a57d0,854778689611649472,_Base-UN-f1-99_loan_v1_v5_simulated_GATv2,_Base-UN-f1,99,epoch_duration_sec,36,1781343361165,69.24656959995627
learn,GATv2,BaselineGATv2,52f73713e211451695967c00ca8a57d0,854778689611649472,_Base-UN-f1-99_loan_v1_v5_simulated_GATv2,_Base-UN-f1,99,epoch_duration_sec,37,1781343441214,67.04734579997603
learn,GATv2,BaselineGATv2,52f73713e211451695967c00ca8a57d0,854778689611649472,_Base-UN-f1-99_loan_v1_v5_simulated_GATv2,_Base-UN-f1,99,epoch_duration_sec,38,1781343521560,68.08082010003272
learn,GATv2,BaselineGATv2,52f73713e211451695967c00ca8a57d0,854778689611649472,_Base-UN-f1-99_loan_v1_v5_simulated_GATv2,_Base-UN-f1,99,epoch_duration_sec,39,1781343601594,67.73241090000374
learn,GATv2,BaselineGATv2,52f73713e211451695967c00ca8a57d0,854778689611649472,_Base-UN-f1-99_loan_v1_v5_simulated_GATv2,_Base-UN-f1,99,epoch_duration_sec,40,1781343680845,67.1229962000507
learn,GATv2,BaselineGATv2,52f73713e211451695967c00ca8a57d0,854778689611649472,_Base-UN-f1-99_loan_v1_v5_simulated_GATv2,_Base-UN-f1,99,epoch_duration_sec,41,1781343760537,67.5230978000327
learn,GATv2,BaselineGATv2,52f73713e211451695967c00ca8a57d0,854778689611649472,_Base-UN-f1-99_loan_v1_v5_simulated_GATv2,_Base-UN-f1,99,epoch_duration_sec,42,1781343841694,68.79094560001977
learn,GATv2,BaselineGATv2,52f73713e211451695967c00ca8a57d0,854778689611649472,_Base-UN-f1-99_loan_v1_v5_simulated_GATv2,_Base-UN-f1,99,epoch_duration_sec,43,1781343921923,68.00746599998092
learn,GATv2,BaselineGATv2,52f73713e211451695967c00ca8a57d0,854778689611649472,_Base-UN-f1-99_loan_v1_v5_simulated_GATv2,_Base-UN-f1,99,epoch_duration_sec,44,1781344002224,67.93334510002751
learn,GATv2,BaselineGATv2,52f73713e211451695967c00ca8a57d0,854778689611649472,_Base-UN-f1-99_loan_v1_v5_simulated_GATv2,_Base-UN-f1,99,epoch_duration_sec,45,1781344087229,70.88372169999639
learn,GATv2,BaselineGATv2,52f73713e211451695967c00ca8a57d0,854778689611649472,_Base-UN-f1-99_loan_v1_v5_simulated_GATv2,_Base-UN-f1,99,epoch_duration_sec,46,1781344167434,67.94560889998684
learn,GATv2,BaselineGATv2,52f73713e211451695967c00ca8a57d0,854778689611649472,_Base-UN-f1-99_loan_v1_v5_simulated_GATv2,_Base-UN-f1,99,epoch_duration_sec,47,1781344247653,68.1551177999936
learn,GATv2,BaselineGATv2,52f73713e211451695967c00ca8a57d0,854778689611649472,_Base-UN-f1-99_loan_v1_v5_simulated_GATv2,_Base-UN-f1,99,epoch_duration_sec,48,1781344327211,67.33457639999688
learn,GATv2,BaselineGATv2,52f73713e211451695967c00ca8a57d0,854778689611649472,_Base-UN-f1-99_loan_v1_v5_simulated_GATv2,_Base-UN-f1,99,epoch_duration_sec,49,1781344407879,68.50220819999231
learn,GATv2,BaselineGATv2,52f73713e211451695967c00ca8a57d0,854778689611649472,_Base-UN-f1-99_loan_v1_v5_simulated_GATv2,_Base-UN-f1,99,epoch_duration_sec,50,1781344488318,68.15360959997633
learn,GATv2,BaselineGATv2,6ede1f8547d64f9ca43d7c45efbd429f,854778689611649472,_Base-UN-f1-78_loan_v1_v5_simulated_GATv2,_Base-UN-f1,78,epoch_duration_sec,1,1780932518084,371.88232700002845
learn,GATv2,BaselineGATv2,6ede1f8547d64f9ca43d7c45efbd429f,854778689611649472,_Base-UN-f1-78_loan_v1_v5_simulated_GATv2,_Base-UN-f1,78,epoch_duration_sec,2,1780932685553,141.1382767999894
learn,GATv2,BaselineGATv2,6ede1f8547d64f9ca43d7c45efbd429f,854778689611649472,_Base-UN-f1-78_loan_v1_v5_simulated_GATv2,_Base-UN-f1,78,epoch_duration_sec,3,1780932858343,146.95316700002877
learn,GATv2,BaselineGATv2,6ede1f8547d64f9ca43d7c45efbd429f,854778689611649472,_Base-UN-f1-78_loan_v1_v5_simulated_GATv2,_Base-UN-f1,78,epoch_duration_sec,4,1780933030693,145.0421825000085
learn,GATv2,BaselineGATv2,6ede1f8547d64f9ca43d7c45efbd429f,854778689611649472,_Base-UN-f1-78_loan_v1_v5_simulated_GATv2,_Base-UN-f1,78,epoch_duration_sec,5,1780933195035,139.8292863999959
learn,GATv2,BaselineGATv2,6ede1f8547d64f9ca43d7c45efbd429f,854778689611649472,_Base-UN-f1-78_loan_v1_v5_simulated_GATv2,_Base-UN-f1,78,epoch_duration_sec,6,1780933358576,140.25421550002648
learn,GATv2,BaselineGATv2,6ede1f8547d64f9ca43d7c45efbd429f,854778689611649472,_Base-UN-f1-78_loan_v1_v5_simulated_GATv2,_Base-UN-f1,78,epoch_duration_sec,7,1780933516245,133.93914719996974
learn,GATv2,BaselineGATv2,6ede1f8547d64f9ca43d7c45efbd429f,854778689611649472,_Base-UN-f1-78_loan_v1_v5_simulated_GATv2,_Base-UN-f1,78,epoch_duration_sec,8,1780933673848,131.9044127999805
learn,GATv2,BaselineGATv2,6ede1f8547d64f9ca43d7c45efbd429f,854778689611649472,_Base-UN-f1-78_loan_v1_v5_simulated_GATv2,_Base-UN-f1,78,epoch_duration_sec,9,1780933843551,145.2152250999934
learn,GATv2,BaselineGATv2,6ede1f8547d64f9ca43d7c45efbd429f,854778689611649472,_Base-UN-f1-78_loan_v1_v5_simulated_GATv2,_Base-UN-f1,78,epoch_duration_sec,10,1780933999941,134.08899209997617
learn,GATv2,BaselineGATv2,6ede1f8547d64f9ca43d7c45efbd429f,854778689611649472,_Base-UN-f1-78_loan_v1_v5_simulated_GATv2,_Base-UN-f1,78,epoch_duration_sec,11,1780934168513,143.13762470002985
learn,GATv2,BaselineGATv2,6ede1f8547d64f9ca43d7c45efbd429f,854778689611649472,_Base-UN-f1-78_loan_v1_v5_simulated_GATv2,_Base-UN-f1,78,epoch_duration_sec,12,1780934353353,159.6417139999685
learn,GATv2,BaselineGATv2,6ede1f8547d64f9ca43d7c45efbd429f,854778689611649472,_Base-UN-f1-78_loan_v1_v5_simulated_GATv2,_Base-UN-f1,78,epoch_duration_sec,13,1780934617647,245.3580264999764
learn,GATv2,BaselineGATv2,6ede1f8547d64f9ca43d7c45efbd429f,854778689611649472,_Base-UN-f1-78_loan_v1_v5_simulated_GATv2,_Base-UN-f1,78,epoch_duration_sec,14,1780934720613,86.69991440000013
learn,GATv2,BaselineGATv2,6ede1f8547d64f9ca43d7c45efbd429f,854778689611649472,_Base-UN-f1-78_loan_v1_v5_simulated_GATv2,_Base-UN-f1,78,epoch_duration_sec,15,1780934831849,94.9327872999711
learn,GATv2,BaselineGATv2,6ede1f8547d64f9ca43d7c45efbd429f,854778689611649472,_Base-UN-f1-78_loan_v1_v5_simulated_GATv2,_Base-UN-f1,78,epoch_duration_sec,16,1780934945345,85.41926210001111
learn,GATv2,BaselineGATv2,6ede1f8547d64f9ca43d7c45efbd429f,854778689611649472,_Base-UN-f1-78_loan_v1_v5_simulated_GATv2,_Base-UN-f1,78,epoch_duration_sec,17,1780935103840,137.202925300051
learn,GATv2,BaselineGATv2,6ede1f8547d64f9ca43d7c45efbd429f,854778689611649472,_Base-UN-f1-78_loan_v1_v5_simulated_GATv2,_Base-UN-f1,78,epoch_duration_sec,18,1780935196476,81.69893090002006
learn,GATv2,BaselineGATv2,6ede1f8547d64f9ca43d7c45efbd429f,854778689611649472,_Base-UN-f1-78_loan_v1_v5_simulated_GATv2,_Base-UN-f1,78,epoch_duration_sec,19,1780935271394,61.79727149999235
learn,GATv2,BaselineGATv2,6ede1f8547d64f9ca43d7c45efbd429f,854778689611649472,_Base-UN-f1-78_loan_v1_v5_simulated_GATv2,_Base-UN-f1,78,epoch_duration_sec,20,1780935351252,67.04900420003105
learn,GATv2,BaselineGATv2,6ede1f8547d64f9ca43d7c45efbd429f,854778689611649472,_Base-UN-f1-78_loan_v1_v5_simulated_GATv2,_Base-UN-f1,78,epoch_duration_sec,21,1780935429828,66.76272229995811
learn,GATv2,BaselineGATv2,6ede1f8547d64f9ca43d7c45efbd429f,854778689611649472,_Base-UN-f1-78_loan_v1_v5_simulated_GATv2,_Base-UN-f1,78,epoch_duration_sec,22,1780935510173,65.3137524999911
learn,GATv2,BaselineGATv2,6ede1f8547d64f9ca43d7c45efbd429f,854778689611649472,_Base-UN-f1-78_loan_v1_v5_simulated_GATv2,_Base-UN-f1,78,epoch_duration_sec,23,1780935602443,78.75941360002616
learn,GATv2,BaselineGATv2,6ede1f8547d64f9ca43d7c45efbd429f,854778689611649472,_Base-UN-f1-78_loan_v1_v5_simulated_GATv2,_Base-UN-f1,78,epoch_duration_sec,24,1780935679002,63.37015109998174
learn,GATv2,BaselineGATv2,6ede1f8547d64f9ca43d7c45efbd429f,854778689611649472,_Base-UN-f1-78_loan_v1_v5_simulated_GATv2,_Base-UN-f1,78,epoch_duration_sec,25,1780935753628,60.822172500018496
learn,GATv2,BaselineGATv2,6ede1f8547d64f9ca43d7c45efbd429f,854778689611649472,_Base-UN-f1-78_loan_v1_v5_simulated_GATv2,_Base-UN-f1,78,epoch_duration_sec,26,1780935833331,67.8327764000278
learn,GATv2,BaselineGATv2,6ede1f8547d64f9ca43d7c45efbd429f,854778689611649472,_Base-UN-f1-78_loan_v1_v5_simulated_GATv2,_Base-UN-f1,78,epoch_duration_sec,27,1780935905741,61.48740499996347
learn,GATv2,BaselineGATv2,6ede1f8547d64f9ca43d7c45efbd429f,854778689611649472,_Base-UN-f1-78_loan_v1_v5_simulated_GATv2,_Base-UN-f1,78,epoch_duration_sec,28,1780935976616,59.358501599985175
learn,GATv2,BaselineGATv2,6ede1f8547d64f9ca43d7c45efbd429f,854778689611649472,_Base-UN-f1-78_loan_v1_v5_simulated_GATv2,_Base-UN-f1,78,epoch_duration_sec,29,1780936053149,64.0822591999895
learn,GATv2,BaselineGATv2,6ede1f8547d64f9ca43d7c45efbd429f,854778689611649472,_Base-UN-f1-78_loan_v1_v5_simulated_GATv2,_Base-UN-f1,78,epoch_duration_sec,30,1780936132172,65.74928609997733
learn,GATv2,BaselineGATv2,6ede1f8547d64f9ca43d7c45efbd429f,854778689611649472,_Base-UN-f1-78_loan_v1_v5_simulated_GATv2,_Base-UN-f1,78,epoch_duration_sec,31,1780936229167,80.9942154000164
learn,GATv2,BaselineGATv2,6ede1f8547d64f9ca43d7c45efbd429f,854778689611649472,_Base-UN-f1-78_loan_v1_v5_simulated_GATv2,_Base-UN-f1,78,epoch_duration_sec,32,1780936312226,70.53535150003154
learn,GATv2,BaselineGATv2,6ede1f8547d64f9ca43d7c45efbd429f,854778689611649472,_Base-UN-f1-78_loan_v1_v5_simulated_GATv2,_Base-UN-f1,78,epoch_duration_sec,33,1780936388195,64.30053820001194
learn,GATv2,BaselineGATv2,6ede1f8547d64f9ca43d7c45efbd429f,854778689611649472,_Base-UN-f1-78_loan_v1_v5_simulated_GATv2,_Base-UN-f1,78,epoch_duration_sec,34,1780936476130,73.47533530002693
learn,GATv2,BaselineGATv2,6ede1f8547d64f9ca43d7c45efbd429f,854778689611649472,_Base-UN-f1-78_loan_v1_v5_simulated_GATv2,_Base-UN-f1,78,epoch_duration_sec,35,1780936571054,79.80904690001626
learn,GATv2,BaselineGATv2,6ede1f8547d64f9ca43d7c45efbd429f,854778689611649472,_Base-UN-f1-78_loan_v1_v5_simulated_GATv2,_Base-UN-f1,78,epoch_duration_sec,36,1780936715238,118.27101940003922
learn,GATv2,BaselineGATv2,6ede1f8547d64f9ca43d7c45efbd429f,854778689611649472,_Base-UN-f1-78_loan_v1_v5_simulated_GATv2,_Base-UN-f1,78,epoch_duration_sec,37,1780936854563,124.20368999999482
learn,GATv2,BaselineGATv2,6ede1f8547d64f9ca43d7c45efbd429f,854778689611649472,_Base-UN-f1-78_loan_v1_v5_simulated_GATv2,_Base-UN-f1,78,epoch_duration_sec,38,1780936944392,74.43086129997391
learn,GATv2,BaselineGATv2,6ede1f8547d64f9ca43d7c45efbd429f,854778689611649472,_Base-UN-f1-78_loan_v1_v5_simulated_GATv2,_Base-UN-f1,78,epoch_duration_sec,39,1780937025332,68.35966409998946
learn,GATv2,BaselineGATv2,6ede1f8547d64f9ca43d7c45efbd429f,854778689611649472,_Base-UN-f1-78_loan_v1_v5_simulated_GATv2,_Base-UN-f1,78,epoch_duration_sec,40,1780937101764,65.00809499999741
learn,GATv2,BaselineGATv2,bbb9ea80d692474a87731fdf952ebe1b,854778689611649472,_Base-UN-f1-42_loan_v1_v5_simulated_GATv2,_Base-UN-f1,42,epoch_duration_sec,1,1780610364065,115.53809000001638
learn,GATv2,BaselineGATv2,bbb9ea80d692474a87731fdf952ebe1b,854778689611649472,_Base-UN-f1-42_loan_v1_v5_simulated_GATv2,_Base-UN-f1,42,epoch_duration_sec,2,1780610438158,62.524832900002366
learn,GATv2,BaselineGATv2,bbb9ea80d692474a87731fdf952ebe1b,854778689611649472,_Base-UN-f1-42_loan_v1_v5_simulated_GATv2,_Base-UN-f1,42,epoch_duration_sec,3,1780610510990,59.794665800000075
learn,GATv2,BaselineGATv2,bbb9ea80d692474a87731fdf952ebe1b,854778689611649472,_Base-UN-f1-42_loan_v1_v5_simulated_GATv2,_Base-UN-f1,42,epoch_duration_sec,4,1780610583900,61.3608592999808
learn,GATv2,BaselineGATv2,bbb9ea80d692474a87731fdf952ebe1b,854778689611649472,_Base-UN-f1-42_loan_v1_v5_simulated_GATv2,_Base-UN-f1,42,epoch_duration_sec,5,1780610654907,59.72130519998609
learn,GATv2,BaselineGATv2,bbb9ea80d692474a87731fdf952ebe1b,854778689611649472,_Base-UN-f1-42_loan_v1_v5_simulated_GATv2,_Base-UN-f1,42,epoch_duration_sec,6,1780610725695,59.72735569998622
learn,GATv2,BaselineGATv2,bbb9ea80d692474a87731fdf952ebe1b,854778689611649472,_Base-UN-f1-42_loan_v1_v5_simulated_GATv2,_Base-UN-f1,42,epoch_duration_sec,7,1780610796280,59.0014688000083
learn,GATv2,BaselineGATv2,bbb9ea80d692474a87731fdf952ebe1b,854778689611649472,_Base-UN-f1-42_loan_v1_v5_simulated_GATv2,_Base-UN-f1,42,epoch_duration_sec,8,1780610867642,59.843518200010294
learn,GATv2,BaselineGATv2,bbb9ea80d692474a87731fdf952ebe1b,854778689611649472,_Base-UN-f1-42_loan_v1_v5_simulated_GATv2,_Base-UN-f1,42,epoch_duration_sec,9,1780610939127,60.29612640000414
learn,GATv2,BaselineGATv2,bbb9ea80d692474a87731fdf952ebe1b,854778689611649472,_Base-UN-f1-42_loan_v1_v5_simulated_GATv2,_Base-UN-f1,42,epoch_duration_sec,10,1780611010864,60.09507000001031
learn,GATv2,BaselineGATv2,bbb9ea80d692474a87731fdf952ebe1b,854778689611649472,_Base-UN-f1-42_loan_v1_v5_simulated_GATv2,_Base-UN-f1,42,epoch_duration_sec,11,1780611082315,59.72614099999191
learn,GATv2,BaselineGATv2,bbb9ea80d692474a87731fdf952ebe1b,854778689611649472,_Base-UN-f1-42_loan_v1_v5_simulated_GATv2,_Base-UN-f1,42,epoch_duration_sec,12,1780611156114,62.304211800015764
learn,GATv2,BaselineGATv2,bbb9ea80d692474a87731fdf952ebe1b,854778689611649472,_Base-UN-f1-42_loan_v1_v5_simulated_GATv2,_Base-UN-f1,42,epoch_duration_sec,13,1780611227134,59.7440435999888
learn,GATv2,BaselineGATv2,bbb9ea80d692474a87731fdf952ebe1b,854778689611649472,_Base-UN-f1-42_loan_v1_v5_simulated_GATv2,_Base-UN-f1,42,epoch_duration_sec,14,1780611298130,59.85165130000678
learn,GATv2,BaselineGATv2,bbb9ea80d692474a87731fdf952ebe1b,854778689611649472,_Base-UN-f1-42_loan_v1_v5_simulated_GATv2,_Base-UN-f1,42,epoch_duration_sec,15,1780611370515,60.92729570000665
learn,GATv2,BaselineGATv2,bbb9ea80d692474a87731fdf952ebe1b,854778689611649472,_Base-UN-f1-42_loan_v1_v5_simulated_GATv2,_Base-UN-f1,42,epoch_duration_sec,16,1780611440860,58.78369500002009
learn,GATv2,BaselineGATv2,bbb9ea80d692474a87731fdf952ebe1b,854778689611649472,_Base-UN-f1-42_loan_v1_v5_simulated_GATv2,_Base-UN-f1,42,epoch_duration_sec,17,1780611511167,59.07234419998713
learn,GATv2,BaselineGATv2,bbb9ea80d692474a87731fdf952ebe1b,854778689611649472,_Base-UN-f1-42_loan_v1_v5_simulated_GATv2,_Base-UN-f1,42,epoch_duration_sec,18,1780611582516,59.87813280001865
learn,GATv2,BaselineGATv2,bbb9ea80d692474a87731fdf952ebe1b,854778689611649472,_Base-UN-f1-42_loan_v1_v5_simulated_GATv2,_Base-UN-f1,42,epoch_duration_sec,19,1780611654502,60.4203788000159
learn,GATv2,BaselineGATv2,bbb9ea80d692474a87731fdf952ebe1b,854778689611649472,_Base-UN-f1-42_loan_v1_v5_simulated_GATv2,_Base-UN-f1,42,epoch_duration_sec,20,1780611726677,60.20876439998392
learn,GATv2,BaselineGATv2,bbb9ea80d692474a87731fdf952ebe1b,854778689611649472,_Base-UN-f1-42_loan_v1_v5_simulated_GATv2,_Base-UN-f1,42,epoch_duration_sec,21,1780611797506,59.425284299999475
learn,GATv2,BaselineGATv2,bbb9ea80d692474a87731fdf952ebe1b,854778689611649472,_Base-UN-f1-42_loan_v1_v5_simulated_GATv2,_Base-UN-f1,42,epoch_duration_sec,22,1780611868815,60.00218369998038
learn,GATv2,BaselineGATv2,bbb9ea80d692474a87731fdf952ebe1b,854778689611649472,_Base-UN-f1-42_loan_v1_v5_simulated_GATv2,_Base-UN-f1,42,epoch_duration_sec,23,1780611940405,60.08691310000722
learn,GATv2,BaselineGATv2,bbb9ea80d692474a87731fdf952ebe1b,854778689611649472,_Base-UN-f1-42_loan_v1_v5_simulated_GATv2,_Base-UN-f1,42,epoch_duration_sec,24,1780612011524,59.67162089998601
learn,GATv2,BaselineGATv2,bbb9ea80d692474a87731fdf952ebe1b,854778689611649472,_Base-UN-f1-42_loan_v1_v5_simulated_GATv2,_Base-UN-f1,42,epoch_duration_sec,25,1780612081615,58.79278080002405
learn,GATv2,BaselineGATv2,bbb9ea80d692474a87731fdf952ebe1b,854778689611649472,_Base-UN-f1-42_loan_v1_v5_simulated_GATv2,_Base-UN-f1,42,epoch_duration_sec,26,1780612154335,60.629335199977504
learn,GATv2,BaselineGATv2,bbb9ea80d692474a87731fdf952ebe1b,854778689611649472,_Base-UN-f1-42_loan_v1_v5_simulated_GATv2,_Base-UN-f1,42,epoch_duration_sec,27,1780612227447,61.406497299991315
learn,GATv2,BaselineGATv2,bbb9ea80d692474a87731fdf952ebe1b,854778689611649472,_Base-UN-f1-42_loan_v1_v5_simulated_GATv2,_Base-UN-f1,42,epoch_duration_sec,28,1780612299848,60.678794799983734
learn,GATv2,BaselineGATv2,bbb9ea80d692474a87731fdf952ebe1b,854778689611649472,_Base-UN-f1-42_loan_v1_v5_simulated_GATv2,_Base-UN-f1,42,epoch_duration_sec,29,1780612371903,60.48575870000059
learn,GATv2,BaselineGATv2,bbb9ea80d692474a87731fdf952ebe1b,854778689611649472,_Base-UN-f1-42_loan_v1_v5_simulated_GATv2,_Base-UN-f1,42,epoch_duration_sec,30,1780612443559,60.024679499998456
learn,GATv2,BaselineGATv2,bbb9ea80d692474a87731fdf952ebe1b,854778689611649472,_Base-UN-f1-42_loan_v1_v5_simulated_GATv2,_Base-UN-f1,42,epoch_duration_sec,31,1780612515468,60.74515329999849
learn,GATv2,BaselineGATv2,bbb9ea80d692474a87731fdf952ebe1b,854778689611649472,_Base-UN-f1-42_loan_v1_v5_simulated_GATv2,_Base-UN-f1,42,epoch_duration_sec,32,1780612589302,61.72129339998355
learn,GATv2,BaselineGATv2,bbb9ea80d692474a87731fdf952ebe1b,854778689611649472,_Base-UN-f1-42_loan_v1_v5_simulated_GATv2,_Base-UN-f1,42,epoch_duration_sec,33,1780612660721,59.988997699983884
learn,GATv2,BaselineGATv2,bbb9ea80d692474a87731fdf952ebe1b,854778689611649472,_Base-UN-f1-42_loan_v1_v5_simulated_GATv2,_Base-UN-f1,42,epoch_duration_sec,34,1780612732941,59.72057119998499
learn,GATv2,BaselineGATv2,bbb9ea80d692474a87731fdf952ebe1b,854778689611649472,_Base-UN-f1-42_loan_v1_v5_simulated_GATv2,_Base-UN-f1,42,epoch_duration_sec,35,1780612809304,64.00122909998754
learn,GATv2,BaselineGATv2,bbb9ea80d692474a87731fdf952ebe1b,854778689611649472,_Base-UN-f1-42_loan_v1_v5_simulated_GATv2,_Base-UN-f1,42,epoch_duration_sec,36,1780612883553,61.896221799979685
learn,GATv2,BaselineGATv2,bbb9ea80d692474a87731fdf952ebe1b,854778689611649472,_Base-UN-f1-42_loan_v1_v5_simulated_GATv2,_Base-UN-f1,42,epoch_duration_sec,37,1780612954907,60.02658520001569
learn,GATv2,BaselineGATv2,bbb9ea80d692474a87731fdf952ebe1b,854778689611649472,_Base-UN-f1-42_loan_v1_v5_simulated_GATv2,_Base-UN-f1,42,epoch_duration_sec,38,1780613026842,60.60486079999828
learn,GATv2,BaselineGATv2,bbb9ea80d692474a87731fdf952ebe1b,854778689611649472,_Base-UN-f1-42_loan_v1_v5_simulated_GATv2,_Base-UN-f1,42,epoch_duration_sec,39,1780613098687,60.32581840001512
learn,GATv2,BaselineGATv2,bbb9ea80d692474a87731fdf952ebe1b,854778689611649472,_Base-UN-f1-42_loan_v1_v5_simulated_GATv2,_Base-UN-f1,42,epoch_duration_sec,40,1780613170221,59.794002300011925
learn,GATv2,BaselineGATv2,bbb9ea80d692474a87731fdf952ebe1b,854778689611649472,_Base-UN-f1-42_loan_v1_v5_simulated_GATv2,_Base-UN-f1,42,epoch_duration_sec,41,1780613242935,60.88645729998825
learn,GATv2,BaselineGATv2,bbb9ea80d692474a87731fdf952ebe1b,854778689611649472,_Base-UN-f1-42_loan_v1_v5_simulated_GATv2,_Base-UN-f1,42,epoch_duration_sec,42,1780613322774,67.93666959999246
learn,GATv2,BaselineGATv2,bbb9ea80d692474a87731fdf952ebe1b,854778689611649472,_Base-UN-f1-42_loan_v1_v5_simulated_GATv2,_Base-UN-f1,42,epoch_duration_sec,43,1780613397342,62.966586700000335
learn,GATv2,BaselineGATv2,bbb9ea80d692474a87731fdf952ebe1b,854778689611649472,_Base-UN-f1-42_loan_v1_v5_simulated_GATv2,_Base-UN-f1,42,epoch_duration_sec,44,1780613468343,59.41500519998954
learn,GATv2,BaselineGATv2,bbb9ea80d692474a87731fdf952ebe1b,854778689611649472,_Base-UN-f1-42_loan_v1_v5_simulated_GATv2,_Base-UN-f1,42,epoch_duration_sec,45,1780613539535,60.06807370000752
learn,GATv2,BaselineGATv2,bbb9ea80d692474a87731fdf952ebe1b,854778689611649472,_Base-UN-f1-42_loan_v1_v5_simulated_GATv2,_Base-UN-f1,42,epoch_duration_sec,46,1780613610476,59.78615850000642
learn,GATv2,BaselineGATv2,bbb9ea80d692474a87731fdf952ebe1b,854778689611649472,_Base-UN-f1-42_loan_v1_v5_simulated_GATv2,_Base-UN-f1,42,epoch_duration_sec,47,1780613682097,59.99634349998087
learn,GATv2,BaselineGATv2,bbb9ea80d692474a87731fdf952ebe1b,854778689611649472,_Base-UN-f1-42_loan_v1_v5_simulated_GATv2,_Base-UN-f1,42,epoch_duration_sec,48,1780613753750,60.00050499997451
learn,GATv2,BaselineGATv2,bbb9ea80d692474a87731fdf952ebe1b,854778689611649472,_Base-UN-f1-42_loan_v1_v5_simulated_GATv2,_Base-UN-f1,42,epoch_duration_sec,49,1780613824969,60.06884380002157
learn,GATv2,BaselineGATv2,bbb9ea80d692474a87731fdf952ebe1b,854778689611649472,_Base-UN-f1-42_loan_v1_v5_simulated_GATv2,_Base-UN-f1,42,epoch_duration_sec,50,1780613896391,60.02269760001218
learn,GATv2+Mask,BaselineGATv2Mask,477ddf290447423086388425acd95d46,854778689611649472,_Base-MN-f1-13_loan_v1_v5_simulated_GATv2,_Base-MN-f1,13,epoch_duration_sec,1,1781278474360,168.03220670000883
learn,GATv2+Mask,BaselineGATv2Mask,477ddf290447423086388425acd95d46,854778689611649472,_Base-MN-f1-13_loan_v1_v5_simulated_GATv2,_Base-MN-f1,13,epoch_duration_sec,2,1781278556983,69.82538829999976
learn,GATv2+Mask,BaselineGATv2Mask,477ddf290447423086388425acd95d46,854778689611649472,_Base-MN-f1-13_loan_v1_v5_simulated_GATv2,_Base-MN-f1,13,epoch_duration_sec,3,1781278638770,69.22271020000335
learn,GATv2+Mask,BaselineGATv2Mask,477ddf290447423086388425acd95d46,854778689611649472,_Base-MN-f1-13_loan_v1_v5_simulated_GATv2,_Base-MN-f1,13,epoch_duration_sec,4,1781278721272,70.01714779998292
learn,GATv2+Mask,BaselineGATv2Mask,477ddf290447423086388425acd95d46,854778689611649472,_Base-MN-f1-13_loan_v1_v5_simulated_GATv2,_Base-MN-f1,13,epoch_duration_sec,5,1781278803675,69.99237009999342
learn,GATv2+Mask,BaselineGATv2Mask,477ddf290447423086388425acd95d46,854778689611649472,_Base-MN-f1-13_loan_v1_v5_simulated_GATv2,_Base-MN-f1,13,epoch_duration_sec,6,1781278886074,70.02724550000858
learn,GATv2+Mask,BaselineGATv2Mask,477ddf290447423086388425acd95d46,854778689611649472,_Base-MN-f1-13_loan_v1_v5_simulated_GATv2,_Base-MN-f1,13,epoch_duration_sec,7,1781278971636,69.49608939999598
learn,GATv2+Mask,BaselineGATv2Mask,477ddf290447423086388425acd95d46,854778689611649472,_Base-MN-f1-13_loan_v1_v5_simulated_GATv2,_Base-MN-f1,13,epoch_duration_sec,8,1781279054324,70.02131780001218
learn,GATv2+Mask,BaselineGATv2Mask,477ddf290447423086388425acd95d46,854778689611649472,_Base-MN-f1-13_loan_v1_v5_simulated_GATv2,_Base-MN-f1,13,epoch_duration_sec,9,1781279136705,69.997100699984
learn,GATv2+Mask,BaselineGATv2Mask,477ddf290447423086388425acd95d46,854778689611649472,_Base-MN-f1-13_loan_v1_v5_simulated_GATv2,_Base-MN-f1,13,epoch_duration_sec,10,1781279219586,70.33951630000956
learn,GATv2+Mask,BaselineGATv2Mask,477ddf290447423086388425acd95d46,854778689611649472,_Base-MN-f1-13_loan_v1_v5_simulated_GATv2,_Base-MN-f1,13,epoch_duration_sec,11,1781279302188,70.18252770000254
learn,GATv2+Mask,BaselineGATv2Mask,477ddf290447423086388425acd95d46,854778689611649472,_Base-MN-f1-13_loan_v1_v5_simulated_GATv2,_Base-MN-f1,13,epoch_duration_sec,12,1781279385337,70.73460249998607
learn,GATv2+Mask,BaselineGATv2Mask,477ddf290447423086388425acd95d46,854778689611649472,_Base-MN-f1-13_loan_v1_v5_simulated_GATv2,_Base-MN-f1,13,epoch_duration_sec,13,1781279469182,70.5685014000046
learn,GATv2+Mask,BaselineGATv2Mask,477ddf290447423086388425acd95d46,854778689611649472,_Base-MN-f1-13_loan_v1_v5_simulated_GATv2,_Base-MN-f1,13,epoch_duration_sec,14,1781279551440,69.88539139999193
learn,GATv2+Mask,BaselineGATv2Mask,477ddf290447423086388425acd95d46,854778689611649472,_Base-MN-f1-13_loan_v1_v5_simulated_GATv2,_Base-MN-f1,13,epoch_duration_sec,15,1781279633259,69.41287050000392
learn,GATv2+Mask,BaselineGATv2Mask,477ddf290447423086388425acd95d46,854778689611649472,_Base-MN-f1-13_loan_v1_v5_simulated_GATv2,_Base-MN-f1,13,epoch_duration_sec,16,1781279716105,70.24433319998207
learn,GATv2+Mask,BaselineGATv2Mask,477ddf290447423086388425acd95d46,854778689611649472,_Base-MN-f1-13_loan_v1_v5_simulated_GATv2,_Base-MN-f1,13,epoch_duration_sec,17,1781279799554,70.90914429997792
learn,GATv2+Mask,BaselineGATv2Mask,477ddf290447423086388425acd95d46,854778689611649472,_Base-MN-f1-13_loan_v1_v5_simulated_GATv2,_Base-MN-f1,13,epoch_duration_sec,18,1781279881821,69.91706410000916
learn,GATv2+Mask,BaselineGATv2Mask,477ddf290447423086388425acd95d46,854778689611649472,_Base-MN-f1-13_loan_v1_v5_simulated_GATv2,_Base-MN-f1,13,epoch_duration_sec,19,1781279964973,70.80557610001415
learn,GATv2+Mask,BaselineGATv2Mask,477ddf290447423086388425acd95d46,854778689611649472,_Base-MN-f1-13_loan_v1_v5_simulated_GATv2,_Base-MN-f1,13,epoch_duration_sec,20,1781280047215,69.93893370000296
learn,GATv2+Mask,BaselineGATv2Mask,477ddf290447423086388425acd95d46,854778689611649472,_Base-MN-f1-13_loan_v1_v5_simulated_GATv2,_Base-MN-f1,13,epoch_duration_sec,21,1781280129783,70.04625730001135
learn,GATv2+Mask,BaselineGATv2Mask,477ddf290447423086388425acd95d46,854778689611649472,_Base-MN-f1-13_loan_v1_v5_simulated_GATv2,_Base-MN-f1,13,epoch_duration_sec,22,1781280212067,69.98840950001613
learn,GATv2+Mask,BaselineGATv2Mask,477ddf290447423086388425acd95d46,854778689611649472,_Base-MN-f1-13_loan_v1_v5_simulated_GATv2,_Base-MN-f1,13,epoch_duration_sec,23,1781280295295,70.64990180000314
learn,GATv2+Mask,BaselineGATv2Mask,48e638d369504463b16fb3f11d14da88,854778689611649472,_Base-MN-f1-78_loan_v1_v5_simulated_GATv2,_Base-MN-f1,78,epoch_duration_sec,1,1781284753955,142.5414653000189
learn,GATv2+Mask,BaselineGATv2Mask,48e638d369504463b16fb3f11d14da88,854778689611649472,_Base-MN-f1-78_loan_v1_v5_simulated_GATv2,_Base-MN-f1,78,epoch_duration_sec,2,1781284839916,73.35424410001724
learn,GATv2+Mask,BaselineGATv2Mask,48e638d369504463b16fb3f11d14da88,854778689611649472,_Base-MN-f1-78_loan_v1_v5_simulated_GATv2,_Base-MN-f1,78,epoch_duration_sec,3,1781284930339,77.80676720000338
learn,GATv2+Mask,BaselineGATv2Mask,48e638d369504463b16fb3f11d14da88,854778689611649472,_Base-MN-f1-78_loan_v1_v5_simulated_GATv2,_Base-MN-f1,78,epoch_duration_sec,4,1781285012817,69.91317929999786
learn,GATv2+Mask,BaselineGATv2Mask,48e638d369504463b16fb3f11d14da88,854778689611649472,_Base-MN-f1-78_loan_v1_v5_simulated_GATv2,_Base-MN-f1,78,epoch_duration_sec,5,1781285094766,69.2728282000171
learn,GATv2+Mask,BaselineGATv2Mask,48e638d369504463b16fb3f11d14da88,854778689611649472,_Base-MN-f1-78_loan_v1_v5_simulated_GATv2,_Base-MN-f1,78,epoch_duration_sec,6,1781285178445,71.07545709999977
learn,GATv2+Mask,BaselineGATv2Mask,48e638d369504463b16fb3f11d14da88,854778689611649472,_Base-MN-f1-78_loan_v1_v5_simulated_GATv2,_Base-MN-f1,78,epoch_duration_sec,7,1781285260422,69.44264800002566
learn,GATv2+Mask,BaselineGATv2Mask,48e638d369504463b16fb3f11d14da88,854778689611649472,_Base-MN-f1-78_loan_v1_v5_simulated_GATv2,_Base-MN-f1,78,epoch_duration_sec,8,1781285342858,69.90347910000128
learn,GATv2+Mask,BaselineGATv2Mask,48e638d369504463b16fb3f11d14da88,854778689611649472,_Base-MN-f1-78_loan_v1_v5_simulated_GATv2,_Base-MN-f1,78,epoch_duration_sec,9,1781285425937,70.59126119999564
learn,GATv2+Mask,BaselineGATv2Mask,48e638d369504463b16fb3f11d14da88,854778689611649472,_Base-MN-f1-78_loan_v1_v5_simulated_GATv2,_Base-MN-f1,78,epoch_duration_sec,10,1781285508212,69.2176455000008
learn,GATv2+Mask,BaselineGATv2Mask,48e638d369504463b16fb3f11d14da88,854778689611649472,_Base-MN-f1-78_loan_v1_v5_simulated_GATv2,_Base-MN-f1,78,epoch_duration_sec,11,1781285589953,69.09594850000576
learn,GATv2+Mask,BaselineGATv2Mask,48e638d369504463b16fb3f11d14da88,854778689611649472,_Base-MN-f1-78_loan_v1_v5_simulated_GATv2,_Base-MN-f1,78,epoch_duration_sec,12,1781285754890,134.43674819997977
learn,GATv2+Mask,BaselineGATv2Mask,48e638d369504463b16fb3f11d14da88,854778689611649472,_Base-MN-f1-78_loan_v1_v5_simulated_GATv2,_Base-MN-f1,78,epoch_duration_sec,13,1781285869588,98.86741849998361
learn,GATv2+Mask,BaselineGATv2Mask,48e638d369504463b16fb3f11d14da88,854778689611649472,_Base-MN-f1-78_loan_v1_v5_simulated_GATv2,_Base-MN-f1,78,epoch_duration_sec,14,1781285980409,96.2583966999955
learn,GATv2+Mask,BaselineGATv2Mask,48e638d369504463b16fb3f11d14da88,854778689611649472,_Base-MN-f1-78_loan_v1_v5_simulated_GATv2,_Base-MN-f1,78,epoch_duration_sec,15,1781286084543,91.56567320000613
learn,GATv2+Mask,BaselineGATv2Mask,48e638d369504463b16fb3f11d14da88,854778689611649472,_Base-MN-f1-78_loan_v1_v5_simulated_GATv2,_Base-MN-f1,78,epoch_duration_sec,16,1781286166449,69.43979939998826
learn,GATv2+Mask,BaselineGATv2Mask,48e638d369504463b16fb3f11d14da88,854778689611649472,_Base-MN-f1-78_loan_v1_v5_simulated_GATv2,_Base-MN-f1,78,epoch_duration_sec,17,1781286249777,70.70600480001303
learn,GATv2+Mask,BaselineGATv2Mask,48e638d369504463b16fb3f11d14da88,854778689611649472,_Base-MN-f1-78_loan_v1_v5_simulated_GATv2,_Base-MN-f1,78,epoch_duration_sec,18,1781286333027,70.45655909998459
learn,GATv2+Mask,BaselineGATv2Mask,48e638d369504463b16fb3f11d14da88,854778689611649472,_Base-MN-f1-78_loan_v1_v5_simulated_GATv2,_Base-MN-f1,78,epoch_duration_sec,19,1781286416092,70.6127004000009
learn,GATv2+Mask,BaselineGATv2Mask,48e638d369504463b16fb3f11d14da88,854778689611649472,_Base-MN-f1-78_loan_v1_v5_simulated_GATv2,_Base-MN-f1,78,epoch_duration_sec,20,1781286499446,70.81100570000126
learn,GATv2+Mask,BaselineGATv2Mask,48e638d369504463b16fb3f11d14da88,854778689611649472,_Base-MN-f1-78_loan_v1_v5_simulated_GATv2,_Base-MN-f1,78,epoch_duration_sec,21,1781286581323,69.58392140001524
learn,GATv2+Mask,BaselineGATv2Mask,48e638d369504463b16fb3f11d14da88,854778689611649472,_Base-MN-f1-78_loan_v1_v5_simulated_GATv2,_Base-MN-f1,78,epoch_duration_sec,22,1781286663519,69.90348290000111
learn,GATv2+Mask,BaselineGATv2Mask,48e638d369504463b16fb3f11d14da88,854778689611649472,_Base-MN-f1-78_loan_v1_v5_simulated_GATv2,_Base-MN-f1,78,epoch_duration_sec,23,1781286747093,71.15107019999414
learn,GATv2+Mask,BaselineGATv2Mask,b69e5641721747a5bc0357cd3e450a67,854778689611649472,_Base-MN-f1-32_loan_v1_v5_simulated_GATv2,_Base-MN-f1,32,epoch_duration_sec,1,1781372513221,124.1400865000005
learn,GATv2+Mask,BaselineGATv2Mask,b69e5641721747a5bc0357cd3e450a67,854778689611649472,_Base-MN-f1-32_loan_v1_v5_simulated_GATv2,_Base-MN-f1,32,epoch_duration_sec,2,1781372584061,59.9387557
learn,GATv2+Mask,BaselineGATv2Mask,b69e5641721747a5bc0357cd3e450a67,854778689611649472,_Base-MN-f1-32_loan_v1_v5_simulated_GATv2,_Base-MN-f1,32,epoch_duration_sec,3,1781372654254,59.03494800000044
learn,GATv2+Mask,BaselineGATv2Mask,b69e5641721747a5bc0357cd3e450a67,854778689611649472,_Base-MN-f1-32_loan_v1_v5_simulated_GATv2,_Base-MN-f1,32,epoch_duration_sec,4,1781372725502,60.316761200000656
learn,GATv2+Mask,BaselineGATv2Mask,b69e5641721747a5bc0357cd3e450a67,854778689611649472,_Base-MN-f1-32_loan_v1_v5_simulated_GATv2,_Base-MN-f1,32,epoch_duration_sec,5,1781372794003,57.46112059999996
learn,GATv2+Mask,BaselineGATv2Mask,b69e5641721747a5bc0357cd3e450a67,854778689611649472,_Base-MN-f1-32_loan_v1_v5_simulated_GATv2,_Base-MN-f1,32,epoch_duration_sec,6,1781372863004,58.07113879999997
learn,GATv2+Mask,BaselineGATv2Mask,b69e5641721747a5bc0357cd3e450a67,854778689611649472,_Base-MN-f1-32_loan_v1_v5_simulated_GATv2,_Base-MN-f1,32,epoch_duration_sec,7,1781372933408,57.850244199999906
learn,GATv2+Mask,BaselineGATv2Mask,b69e5641721747a5bc0357cd3e450a67,854778689611649472,_Base-MN-f1-32_loan_v1_v5_simulated_GATv2,_Base-MN-f1,32,epoch_duration_sec,8,1781373001685,57.28573150000011
learn,GATv2+Mask,BaselineGATv2Mask,b69e5641721747a5bc0357cd3e450a67,854778689611649472,_Base-MN-f1-32_loan_v1_v5_simulated_GATv2,_Base-MN-f1,32,epoch_duration_sec,9,1781373069674,56.83110829999987
learn,GATv2+Mask,BaselineGATv2Mask,b69e5641721747a5bc0357cd3e450a67,854778689611649472,_Base-MN-f1-32_loan_v1_v5_simulated_GATv2,_Base-MN-f1,32,epoch_duration_sec,10,1781373139542,58.893601199999466
learn,GATv2+Mask,BaselineGATv2Mask,b69e5641721747a5bc0357cd3e450a67,854778689611649472,_Base-MN-f1-32_loan_v1_v5_simulated_GATv2,_Base-MN-f1,32,epoch_duration_sec,11,1781373210430,58.56440810000004
learn,GATv2+Mask,BaselineGATv2Mask,b69e5641721747a5bc0357cd3e450a67,854778689611649472,_Base-MN-f1-32_loan_v1_v5_simulated_GATv2,_Base-MN-f1,32,epoch_duration_sec,12,1781373279982,58.51929250000012
learn,GATv2+Mask,BaselineGATv2Mask,b69e5641721747a5bc0357cd3e450a67,854778689611649472,_Base-MN-f1-32_loan_v1_v5_simulated_GATv2,_Base-MN-f1,32,epoch_duration_sec,13,1781373349492,58.683598300000085
learn,GATv2+Mask,BaselineGATv2Mask,b69e5641721747a5bc0357cd3e450a67,854778689611649472,_Base-MN-f1-32_loan_v1_v5_simulated_GATv2,_Base-MN-f1,32,epoch_duration_sec,14,1781373419399,59.03649000000041
learn,GATv2+Mask,BaselineGATv2Mask,b69e5641721747a5bc0357cd3e450a67,854778689611649472,_Base-MN-f1-32_loan_v1_v5_simulated_GATv2,_Base-MN-f1,32,epoch_duration_sec,15,1781373491258,60.8823311999995
learn,GATv2+Mask,BaselineGATv2Mask,b69e5641721747a5bc0357cd3e450a67,854778689611649472,_Base-MN-f1-32_loan_v1_v5_simulated_GATv2,_Base-MN-f1,32,epoch_duration_sec,16,1781373560810,58.63796160000038
learn,GATv2+Mask,BaselineGATv2Mask,b69e5641721747a5bc0357cd3e450a67,854778689611649472,_Base-MN-f1-32_loan_v1_v5_simulated_GATv2,_Base-MN-f1,32,epoch_duration_sec,17,1781373648023,64.61726819999876
learn,GATv2+Mask,BaselineGATv2Mask,b69e5641721747a5bc0357cd3e450a67,854778689611649472,_Base-MN-f1-32_loan_v1_v5_simulated_GATv2,_Base-MN-f1,32,epoch_duration_sec,18,1781373750480,86.4183565000003
learn,GATv2+Mask,BaselineGATv2Mask,b69e5641721747a5bc0357cd3e450a67,854778689611649472,_Base-MN-f1-32_loan_v1_v5_simulated_GATv2,_Base-MN-f1,32,epoch_duration_sec,19,1781373847667,82.64727510000012
learn,GATv2+Mask,BaselineGATv2Mask,b69e5641721747a5bc0357cd3e450a67,854778689611649472,_Base-MN-f1-32_loan_v1_v5_simulated_GATv2,_Base-MN-f1,32,epoch_duration_sec,20,1781373930443,71.18133820000003
learn,GATv2+Mask,BaselineGATv2Mask,b69e5641721747a5bc0357cd3e450a67,854778689611649472,_Base-MN-f1-32_loan_v1_v5_simulated_GATv2,_Base-MN-f1,32,epoch_duration_sec,21,1781374013667,70.16227510000135
learn,GATv2+Mask,BaselineGATv2Mask,b69e5641721747a5bc0357cd3e450a67,854778689611649472,_Base-MN-f1-32_loan_v1_v5_simulated_GATv2,_Base-MN-f1,32,epoch_duration_sec,22,1781374096964,70.40553759999966
learn,GATv2+Mask,BaselineGATv2Mask,de7d038476b74690a441bf00a9b6f2fc,854778689611649472,_Base-MN-f1-42_loan_v1_v5_simulated_GATv2,_Base-MN-f1,42,epoch_duration_sec,1,1781275713214,130.4764606000099
learn,GATv2+Mask,BaselineGATv2Mask,de7d038476b74690a441bf00a9b6f2fc,854778689611649472,_Base-MN-f1-42_loan_v1_v5_simulated_GATv2,_Base-MN-f1,42,epoch_duration_sec,2,1781275797247,69.2348697000125
learn,GATv2+Mask,BaselineGATv2Mask,de7d038476b74690a441bf00a9b6f2fc,854778689611649472,_Base-MN-f1-42_loan_v1_v5_simulated_GATv2,_Base-MN-f1,42,epoch_duration_sec,3,1781275878683,69.08600470001693
learn,GATv2+Mask,BaselineGATv2Mask,de7d038476b74690a441bf00a9b6f2fc,854778689611649472,_Base-MN-f1-42_loan_v1_v5_simulated_GATv2,_Base-MN-f1,42,epoch_duration_sec,4,1781275959794,68.91224170001806
learn,GATv2+Mask,BaselineGATv2Mask,de7d038476b74690a441bf00a9b6f2fc,854778689611649472,_Base-MN-f1-42_loan_v1_v5_simulated_GATv2,_Base-MN-f1,42,epoch_duration_sec,5,1781276042001,69.82272519997787
learn,GATv2+Mask,BaselineGATv2Mask,de7d038476b74690a441bf00a9b6f2fc,854778689611649472,_Base-MN-f1-42_loan_v1_v5_simulated_GATv2,_Base-MN-f1,42,epoch_duration_sec,6,1781276124465,70.11766619997798
learn,GATv2+Mask,BaselineGATv2Mask,de7d038476b74690a441bf00a9b6f2fc,854778689611649472,_Base-MN-f1-42_loan_v1_v5_simulated_GATv2,_Base-MN-f1,42,epoch_duration_sec,7,1781276206168,69.46444770001108
learn,GATv2+Mask,BaselineGATv2Mask,de7d038476b74690a441bf00a9b6f2fc,854778689611649472,_Base-MN-f1-42_loan_v1_v5_simulated_GATv2,_Base-MN-f1,42,epoch_duration_sec,8,1781276288081,69.04914750001626
learn,GATv2+Mask,BaselineGATv2Mask,de7d038476b74690a441bf00a9b6f2fc,854778689611649472,_Base-MN-f1-42_loan_v1_v5_simulated_GATv2,_Base-MN-f1,42,epoch_duration_sec,9,1781276427158,116.17510950000724
learn,GATv2+Mask,BaselineGATv2Mask,de7d038476b74690a441bf00a9b6f2fc,854778689611649472,_Base-MN-f1-42_loan_v1_v5_simulated_GATv2,_Base-MN-f1,42,epoch_duration_sec,10,1781276551512,107.02988899999764
learn,GATv2+Mask,BaselineGATv2Mask,de7d038476b74690a441bf00a9b6f2fc,854778689611649472,_Base-MN-f1-42_loan_v1_v5_simulated_GATv2,_Base-MN-f1,42,epoch_duration_sec,11,1781276682068,110.79651630000444
learn,GATv2+Mask,BaselineGATv2Mask,de7d038476b74690a441bf00a9b6f2fc,854778689611649472,_Base-MN-f1-42_loan_v1_v5_simulated_GATv2,_Base-MN-f1,42,epoch_duration_sec,12,1781276776499,80.26914899999974
learn,GATv2+Mask,BaselineGATv2Mask,de7d038476b74690a441bf00a9b6f2fc,854778689611649472,_Base-MN-f1-42_loan_v1_v5_simulated_GATv2,_Base-MN-f1,42,epoch_duration_sec,13,1781276861508,72.59646900001098
learn,GATv2+Mask,BaselineGATv2Mask,de7d038476b74690a441bf00a9b6f2fc,854778689611649472,_Base-MN-f1-42_loan_v1_v5_simulated_GATv2,_Base-MN-f1,42,epoch_duration_sec,14,1781276944748,70.13789729998098
learn,GATv2+Mask,BaselineGATv2Mask,de7d038476b74690a441bf00a9b6f2fc,854778689611649472,_Base-MN-f1-42_loan_v1_v5_simulated_GATv2,_Base-MN-f1,42,epoch_duration_sec,15,1781277026982,69.80373089999193
learn,GATv2+Mask,BaselineGATv2Mask,de7d038476b74690a441bf00a9b6f2fc,854778689611649472,_Base-MN-f1-42_loan_v1_v5_simulated_GATv2,_Base-MN-f1,42,epoch_duration_sec,16,1781277108924,69.69052549998742
learn,GATv2+Mask,BaselineGATv2Mask,de7d038476b74690a441bf00a9b6f2fc,854778689611649472,_Base-MN-f1-42_loan_v1_v5_simulated_GATv2,_Base-MN-f1,42,epoch_duration_sec,17,1781277191343,69.60026669999934
learn,GATv2+Mask,BaselineGATv2Mask,de7d038476b74690a441bf00a9b6f2fc,854778689611649472,_Base-MN-f1-42_loan_v1_v5_simulated_GATv2,_Base-MN-f1,42,epoch_duration_sec,18,1781277273423,69.63412979998975
learn,GATv2+Mask,BaselineGATv2Mask,de7d038476b74690a441bf00a9b6f2fc,854778689611649472,_Base-MN-f1-42_loan_v1_v5_simulated_GATv2,_Base-MN-f1,42,epoch_duration_sec,19,1781277356811,70.47488460000022
learn,GATv2+Mask,BaselineGATv2Mask,de7d038476b74690a441bf00a9b6f2fc,854778689611649472,_Base-MN-f1-42_loan_v1_v5_simulated_GATv2,_Base-MN-f1,42,epoch_duration_sec,20,1781277439812,70.63104269999894
learn,GATv2+Mask,BaselineGATv2Mask,de7d038476b74690a441bf00a9b6f2fc,854778689611649472,_Base-MN-f1-42_loan_v1_v5_simulated_GATv2,_Base-MN-f1,42,epoch_duration_sec,21,1781277522058,69.88024120000773
learn,GATv2+Mask,BaselineGATv2Mask,de7d038476b74690a441bf00a9b6f2fc,854778689611649472,_Base-MN-f1-42_loan_v1_v5_simulated_GATv2,_Base-MN-f1,42,epoch_duration_sec,22,1781277661678,115.28625840001041
learn,GATv2+Mask,BaselineGATv2Mask,de7d038476b74690a441bf00a9b6f2fc,854778689611649472,_Base-MN-f1-42_loan_v1_v5_simulated_GATv2,_Base-MN-f1,42,epoch_duration_sec,23,1781277826414,147.21809060001397
learn,GATv2+Mask,BaselineGATv2Mask,efb7334ec4e74b2d9dcb5c2eeed6beb3,854778689611649472,_Base-MN-f1-55_loan_v1_v5_simulated_GATv2,_Base-MN-f1,55,epoch_duration_sec,1,1781281330742,132.37931690001278
learn,GATv2+Mask,BaselineGATv2Mask,efb7334ec4e74b2d9dcb5c2eeed6beb3,854778689611649472,_Base-MN-f1-55_loan_v1_v5_simulated_GATv2,_Base-MN-f1,55,epoch_duration_sec,2,1781281414838,71.38487940002233
learn,GATv2+Mask,BaselineGATv2Mask,efb7334ec4e74b2d9dcb5c2eeed6beb3,854778689611649472,_Base-MN-f1-55_loan_v1_v5_simulated_GATv2,_Base-MN-f1,55,epoch_duration_sec,3,1781281502477,70.17390799999703
learn,GATv2+Mask,BaselineGATv2Mask,efb7334ec4e74b2d9dcb5c2eeed6beb3,854778689611649472,_Base-MN-f1-55_loan_v1_v5_simulated_GATv2,_Base-MN-f1,55,epoch_duration_sec,4,1781281588734,73.82456400000956
learn,GATv2+Mask,BaselineGATv2Mask,efb7334ec4e74b2d9dcb5c2eeed6beb3,854778689611649472,_Base-MN-f1-55_loan_v1_v5_simulated_GATv2,_Base-MN-f1,55,epoch_duration_sec,5,1781281671428,70.28342049999628
learn,GATv2+Mask,BaselineGATv2Mask,efb7334ec4e74b2d9dcb5c2eeed6beb3,854778689611649472,_Base-MN-f1-55_loan_v1_v5_simulated_GATv2,_Base-MN-f1,55,epoch_duration_sec,6,1781281754737,70.4143665000156
learn,GATv2+Mask,BaselineGATv2Mask,efb7334ec4e74b2d9dcb5c2eeed6beb3,854778689611649472,_Base-MN-f1-55_loan_v1_v5_simulated_GATv2,_Base-MN-f1,55,epoch_duration_sec,7,1781281837179,69.88454579998506
learn,GATv2+Mask,BaselineGATv2Mask,efb7334ec4e74b2d9dcb5c2eeed6beb3,854778689611649472,_Base-MN-f1-55_loan_v1_v5_simulated_GATv2,_Base-MN-f1,55,epoch_duration_sec,8,1781281920387,70.75096689999918
learn,GATv2+Mask,BaselineGATv2Mask,efb7334ec4e74b2d9dcb5c2eeed6beb3,854778689611649472,_Base-MN-f1-55_loan_v1_v5_simulated_GATv2,_Base-MN-f1,55,epoch_duration_sec,9,1781282004342,71.39582780000637
learn,GATv2+Mask,BaselineGATv2Mask,efb7334ec4e74b2d9dcb5c2eeed6beb3,854778689611649472,_Base-MN-f1-55_loan_v1_v5_simulated_GATv2,_Base-MN-f1,55,epoch_duration_sec,10,1781282087793,70.7145889000094
learn,GATv2+Mask,BaselineGATv2Mask,efb7334ec4e74b2d9dcb5c2eeed6beb3,854778689611649472,_Base-MN-f1-55_loan_v1_v5_simulated_GATv2,_Base-MN-f1,55,epoch_duration_sec,11,1781282172841,72.40395890001673
learn,GATv2+Mask,BaselineGATv2Mask,efb7334ec4e74b2d9dcb5c2eeed6beb3,854778689611649472,_Base-MN-f1-55_loan_v1_v5_simulated_GATv2,_Base-MN-f1,55,epoch_duration_sec,12,1781282254820,69.47448810000787
learn,GATv2+Mask,BaselineGATv2Mask,efb7334ec4e74b2d9dcb5c2eeed6beb3,854778689611649472,_Base-MN-f1-55_loan_v1_v5_simulated_GATv2,_Base-MN-f1,55,epoch_duration_sec,13,1781282340142,72.91343109999434
learn,GATv2+Mask,BaselineGATv2Mask,efb7334ec4e74b2d9dcb5c2eeed6beb3,854778689611649472,_Base-MN-f1-55_loan_v1_v5_simulated_GATv2,_Base-MN-f1,55,epoch_duration_sec,14,1781282460246,101.30304860000615
learn,GATv2+Mask,BaselineGATv2Mask,efb7334ec4e74b2d9dcb5c2eeed6beb3,854778689611649472,_Base-MN-f1-55_loan_v1_v5_simulated_GATv2,_Base-MN-f1,55,epoch_duration_sec,15,1781282570201,96.58385269998689
learn,GATv2+Mask,BaselineGATv2Mask,efb7334ec4e74b2d9dcb5c2eeed6beb3,854778689611649472,_Base-MN-f1-55_loan_v1_v5_simulated_GATv2,_Base-MN-f1,55,epoch_duration_sec,16,1781282676682,93.9160414999933
learn,GATv2+Mask,BaselineGATv2Mask,efb7334ec4e74b2d9dcb5c2eeed6beb3,854778689611649472,_Base-MN-f1-55_loan_v1_v5_simulated_GATv2,_Base-MN-f1,55,epoch_duration_sec,17,1781282760380,71.14737360001891
learn,GATv2+Mask,BaselineGATv2Mask,efb7334ec4e74b2d9dcb5c2eeed6beb3,854778689611649472,_Base-MN-f1-55_loan_v1_v5_simulated_GATv2,_Base-MN-f1,55,epoch_duration_sec,18,1781282845375,72.69965059999959
learn,GATv2+Mask,BaselineGATv2Mask,efb7334ec4e74b2d9dcb5c2eeed6beb3,854778689611649472,_Base-MN-f1-55_loan_v1_v5_simulated_GATv2,_Base-MN-f1,55,epoch_duration_sec,19,1781282931050,73.26289949999773
learn,GATv2+Mask,BaselineGATv2Mask,efb7334ec4e74b2d9dcb5c2eeed6beb3,854778689611649472,_Base-MN-f1-55_loan_v1_v5_simulated_GATv2,_Base-MN-f1,55,epoch_duration_sec,20,1781283015370,71.11777640000219
learn,GATv2+Mask,BaselineGATv2Mask,efb7334ec4e74b2d9dcb5c2eeed6beb3,854778689611649472,_Base-MN-f1-55_loan_v1_v5_simulated_GATv2,_Base-MN-f1,55,epoch_duration_sec,21,1781283098625,70.73444629998994
learn,GATv2+Mask,BaselineGATv2Mask,efb7334ec4e74b2d9dcb5c2eeed6beb3,854778689611649472,_Base-MN-f1-55_loan_v1_v5_simulated_GATv2,_Base-MN-f1,55,epoch_duration_sec,22,1781283181322,70.31874200000311
learn,GATv2+Mask,BaselineGATv2Mask,efb7334ec4e74b2d9dcb5c2eeed6beb3,854778689611649472,_Base-MN-f1-55_loan_v1_v5_simulated_GATv2,_Base-MN-f1,55,epoch_duration_sec,23,1781283289068,92.73885980001069
learn,GATv2+Mask,BaselineGATv2Mask,efb7334ec4e74b2d9dcb5c2eeed6beb3,854778689611649472,_Base-MN-f1-55_loan_v1_v5_simulated_GATv2,_Base-MN-f1,55,epoch_duration_sec,24,1781283417178,113.53966050001327
learn,GATv2+Mask,BaselineGATv2Mask,efb7334ec4e74b2d9dcb5c2eeed6beb3,854778689611649472,_Base-MN-f1-55_loan_v1_v5_simulated_GATv2,_Base-MN-f1,55,epoch_duration_sec,25,1781283527145,93.73370710000745
learn,GATv2+Mask,BaselineGATv2Mask,f22f95e6487c4d62ae00ec6a81ddfbb2,854778689611649472,_Base-MN-f1-99_loan_v1_v5_simulated_GATv2,_Base-MN-f1,99,epoch_duration_sec,1,1781336758236,170.31404309999198
learn,GATv2+Mask,BaselineGATv2Mask,f22f95e6487c4d62ae00ec6a81ddfbb2,854778689611649472,_Base-MN-f1-99_loan_v1_v5_simulated_GATv2,_Base-MN-f1,99,epoch_duration_sec,2,1781336847329,76.62849450000795
learn,GATv2+Mask,BaselineGATv2Mask,f22f95e6487c4d62ae00ec6a81ddfbb2,854778689611649472,_Base-MN-f1-99_loan_v1_v5_simulated_GATv2,_Base-MN-f1,99,epoch_duration_sec,3,1781336942567,81.139127500006
learn,GATv2+Mask,BaselineGATv2Mask,f22f95e6487c4d62ae00ec6a81ddfbb2,854778689611649472,_Base-MN-f1-99_loan_v1_v5_simulated_GATv2,_Base-MN-f1,99,epoch_duration_sec,4,1781337024606,68.6364833000116
learn,GATv2+Mask,BaselineGATv2Mask,f22f95e6487c4d62ae00ec6a81ddfbb2,854778689611649472,_Base-MN-f1-99_loan_v1_v5_simulated_GATv2,_Base-MN-f1,99,epoch_duration_sec,5,1781337115026,76.41275010001846
learn,GATv2+Mask,BaselineGATv2Mask,f22f95e6487c4d62ae00ec6a81ddfbb2,854778689611649472,_Base-MN-f1-99_loan_v1_v5_simulated_GATv2,_Base-MN-f1,99,epoch_duration_sec,6,1781337209628,79.87201439996716
learn,GATv2+Mask,BaselineGATv2Mask,f22f95e6487c4d62ae00ec6a81ddfbb2,854778689611649472,_Base-MN-f1-99_loan_v1_v5_simulated_GATv2,_Base-MN-f1,99,epoch_duration_sec,7,1781337308293,85.8270341999596
learn,GATv2+Mask,BaselineGATv2Mask,f22f95e6487c4d62ae00ec6a81ddfbb2,854778689611649472,_Base-MN-f1-99_loan_v1_v5_simulated_GATv2,_Base-MN-f1,99,epoch_duration_sec,8,1781337392035,71.43297879997408
learn,GATv2+Mask,BaselineGATv2Mask,f22f95e6487c4d62ae00ec6a81ddfbb2,854778689611649472,_Base-MN-f1-99_loan_v1_v5_simulated_GATv2,_Base-MN-f1,99,epoch_duration_sec,9,1781337477040,71.21252160001313
learn,GATv2+Mask,BaselineGATv2Mask,f22f95e6487c4d62ae00ec6a81ddfbb2,854778689611649472,_Base-MN-f1-99_loan_v1_v5_simulated_GATv2,_Base-MN-f1,99,epoch_duration_sec,10,1781337564782,75.1809769999818
learn,GATv2+Mask,BaselineGATv2Mask,f22f95e6487c4d62ae00ec6a81ddfbb2,854778689611649472,_Base-MN-f1-99_loan_v1_v5_simulated_GATv2,_Base-MN-f1,99,epoch_duration_sec,11,1781337663039,85.77460110001266
learn,GATv2+Mask,BaselineGATv2Mask,f22f95e6487c4d62ae00ec6a81ddfbb2,854778689611649472,_Base-MN-f1-99_loan_v1_v5_simulated_GATv2,_Base-MN-f1,99,epoch_duration_sec,12,1781337743530,68.22701689996757
learn,GATv2+Mask,BaselineGATv2Mask,f22f95e6487c4d62ae00ec6a81ddfbb2,854778689611649472,_Base-MN-f1-99_loan_v1_v5_simulated_GATv2,_Base-MN-f1,99,epoch_duration_sec,13,1781337825974,69.9103308999911
learn,GATv2+Mask,BaselineGATv2Mask,f22f95e6487c4d62ae00ec6a81ddfbb2,854778689611649472,_Base-MN-f1-99_loan_v1_v5_simulated_GATv2,_Base-MN-f1,99,epoch_duration_sec,14,1781337919279,77.1497706999653
learn,GATv2+Mask,BaselineGATv2Mask,f22f95e6487c4d62ae00ec6a81ddfbb2,854778689611649472,_Base-MN-f1-99_loan_v1_v5_simulated_GATv2,_Base-MN-f1,99,epoch_duration_sec,15,1781338013365,80.01526650000596
learn,GATv2+Mask,BaselineGATv2Mask,f22f95e6487c4d62ae00ec6a81ddfbb2,854778689611649472,_Base-MN-f1-99_loan_v1_v5_simulated_GATv2,_Base-MN-f1,99,epoch_duration_sec,16,1781338104467,76.86744149995502
learn,GATv2+Mask,BaselineGATv2Mask,f22f95e6487c4d62ae00ec6a81ddfbb2,854778689611649472,_Base-MN-f1-99_loan_v1_v5_simulated_GATv2,_Base-MN-f1,99,epoch_duration_sec,17,1781338198895,81.07195829995908
learn,GATv2+Mask,BaselineGATv2Mask,f22f95e6487c4d62ae00ec6a81ddfbb2,854778689611649472,_Base-MN-f1-99_loan_v1_v5_simulated_GATv2,_Base-MN-f1,99,epoch_duration_sec,18,1781338304798,90.02031100000022
learn,GATv2+Mask,BaselineGATv2Mask,f22f95e6487c4d62ae00ec6a81ddfbb2,854778689611649472,_Base-MN-f1-99_loan_v1_v5_simulated_GATv2,_Base-MN-f1,99,epoch_duration_sec,19,1781338389240,72.06305970001267
learn,GATv2+Mask,BaselineGATv2Mask,f22f95e6487c4d62ae00ec6a81ddfbb2,854778689611649472,_Base-MN-f1-99_loan_v1_v5_simulated_GATv2,_Base-MN-f1,99,epoch_duration_sec,20,1781338488423,86.44858890003525
learn,GATv2+Mask,BaselineGATv2Mask,f22f95e6487c4d62ae00ec6a81ddfbb2,854778689611649472,_Base-MN-f1-99_loan_v1_v5_simulated_GATv2,_Base-MN-f1,99,epoch_duration_sec,21,1781338574003,72.93850609997753
learn,GATv2+Mask,BaselineGATv2Mask,f22f95e6487c4d62ae00ec6a81ddfbb2,854778689611649472,_Base-MN-f1-99_loan_v1_v5_simulated_GATv2,_Base-MN-f1,99,epoch_duration_sec,22,1781338659309,70.98632500000531
learn,GATv2+Mask,BaselineGATv2Mask,f22f95e6487c4d62ae00ec6a81ddfbb2,854778689611649472,_Base-MN-f1-99_loan_v1_v5_simulated_GATv2,_Base-MN-f1,99,epoch_duration_sec,23,1781338761619,87.33634360000724
learn,GATv2+Mask,BaselineGATv2Mask,f22f95e6487c4d62ae00ec6a81ddfbb2,854778689611649472,_Base-MN-f1-99_loan_v1_v5_simulated_GATv2,_Base-MN-f1,99,epoch_duration_sec,24,1781338852097,77.99804070004029
learn,GATv2+Mask,BaselineGATv2Mask,fd61176a11094a29bec34a4accb6a2e7,854778689611649472,_Base-MN-f1-67_loan_v1_v5_simulated_GATv2,_Base-MN-f1,67,epoch_duration_sec,1,1781265898432,132.37333319999743
learn,GATv2+Mask,BaselineGATv2Mask,fd61176a11094a29bec34a4accb6a2e7,854778689611649472,_Base-MN-f1-67_loan_v1_v5_simulated_GATv2,_Base-MN-f1,67,epoch_duration_sec,2,1781265989197,71.6847543999902
learn,GATv2+Mask,BaselineGATv2Mask,fd61176a11094a29bec34a4accb6a2e7,854778689611649472,_Base-MN-f1-67_loan_v1_v5_simulated_GATv2,_Base-MN-f1,67,epoch_duration_sec,3,1781266093148,89.59122530001332
learn,GATv2+Mask,BaselineGATv2Mask,fd61176a11094a29bec34a4accb6a2e7,854778689611649472,_Base-MN-f1-67_loan_v1_v5_simulated_GATv2,_Base-MN-f1,67,epoch_duration_sec,4,1781266196739,90.76175750000402
learn,GATv2+Mask,BaselineGATv2Mask,fd61176a11094a29bec34a4accb6a2e7,854778689611649472,_Base-MN-f1-67_loan_v1_v5_simulated_GATv2,_Base-MN-f1,67,epoch_duration_sec,5,1781266302467,93.63450450001983
learn,GATv2+Mask,BaselineGATv2Mask,fd61176a11094a29bec34a4accb6a2e7,854778689611649472,_Base-MN-f1-67_loan_v1_v5_simulated_GATv2,_Base-MN-f1,67,epoch_duration_sec,6,1781266382038,67.30508059999556
learn,GATv2+Mask,BaselineGATv2Mask,fd61176a11094a29bec34a4accb6a2e7,854778689611649472,_Base-MN-f1-67_loan_v1_v5_simulated_GATv2,_Base-MN-f1,67,epoch_duration_sec,7,1781266464411,70.53650720001315
learn,GATv2+Mask,BaselineGATv2Mask,fd61176a11094a29bec34a4accb6a2e7,854778689611649472,_Base-MN-f1-67_loan_v1_v5_simulated_GATv2,_Base-MN-f1,67,epoch_duration_sec,8,1781266563191,79.44647250001435
learn,GATv2+Mask,BaselineGATv2Mask,fd61176a11094a29bec34a4accb6a2e7,854778689611649472,_Base-MN-f1-67_loan_v1_v5_simulated_GATv2,_Base-MN-f1,67,epoch_duration_sec,9,1781266664784,88.90801329998067
learn,GATv2+Mask,BaselineGATv2Mask,fd61176a11094a29bec34a4accb6a2e7,854778689611649472,_Base-MN-f1-67_loan_v1_v5_simulated_GATv2,_Base-MN-f1,67,epoch_duration_sec,10,1781266771352,91.0665487999795
learn,GATv2+Mask,BaselineGATv2Mask,fd61176a11094a29bec34a4accb6a2e7,854778689611649472,_Base-MN-f1-67_loan_v1_v5_simulated_GATv2,_Base-MN-f1,67,epoch_duration_sec,11,1781266875827,91.81344699999318
learn,GATv2+Mask,BaselineGATv2Mask,fd61176a11094a29bec34a4accb6a2e7,854778689611649472,_Base-MN-f1-67_loan_v1_v5_simulated_GATv2,_Base-MN-f1,67,epoch_duration_sec,12,1781266954861,67.17833609998343
learn,GATv2+Mask,BaselineGATv2Mask,fd61176a11094a29bec34a4accb6a2e7,854778689611649472,_Base-MN-f1-67_loan_v1_v5_simulated_GATv2,_Base-MN-f1,67,epoch_duration_sec,13,1781267034210,67.37476049998077
learn,GATv2+Mask,BaselineGATv2Mask,fd61176a11094a29bec34a4accb6a2e7,854778689611649472,_Base-MN-f1-67_loan_v1_v5_simulated_GATv2,_Base-MN-f1,67,epoch_duration_sec,14,1781267117369,70.56094379999558
learn,GATv2+Mask,BaselineGATv2Mask,fd61176a11094a29bec34a4accb6a2e7,854778689611649472,_Base-MN-f1-67_loan_v1_v5_simulated_GATv2,_Base-MN-f1,67,epoch_duration_sec,15,1781267197973,68.69956710000406
learn,GATv2+Mask,BaselineGATv2Mask,fd61176a11094a29bec34a4accb6a2e7,854778689611649472,_Base-MN-f1-67_loan_v1_v5_simulated_GATv2,_Base-MN-f1,67,epoch_duration_sec,16,1781267277802,67.97175749999587
learn,GATv2+Mask,BaselineGATv2Mask,fd61176a11094a29bec34a4accb6a2e7,854778689611649472,_Base-MN-f1-67_loan_v1_v5_simulated_GATv2,_Base-MN-f1,67,epoch_duration_sec,17,1781267359297,69.66758499998832
learn,GATv2+Mask,BaselineGATv2Mask,fd61176a11094a29bec34a4accb6a2e7,854778689611649472,_Base-MN-f1-67_loan_v1_v5_simulated_GATv2,_Base-MN-f1,67,epoch_duration_sec,18,1781267437887,66.8484789999784
learn,GATv2+Mask,BaselineGATv2Mask,fd61176a11094a29bec34a4accb6a2e7,854778689611649472,_Base-MN-f1-67_loan_v1_v5_simulated_GATv2,_Base-MN-f1,67,epoch_duration_sec,19,1781267521385,67.10835750002298
learn,GATv2+Mask,BaselineGATv2Mask,fd61176a11094a29bec34a4accb6a2e7,854778689611649472,_Base-MN-f1-67_loan_v1_v5_simulated_GATv2,_Base-MN-f1,67,epoch_duration_sec,20,1781267603680,70.02206310001202
learn,GATv2+Mask,BaselineGATv2Mask,fd61176a11094a29bec34a4accb6a2e7,854778689611649472,_Base-MN-f1-67_loan_v1_v5_simulated_GATv2,_Base-MN-f1,67,epoch_duration_sec,21,1781267683171,67.56753089997801
learn,GATv2+Mask,BaselineGATv2Mask,fd61176a11094a29bec34a4accb6a2e7,854778689611649472,_Base-MN-f1-67_loan_v1_v5_simulated_GATv2,_Base-MN-f1,67,epoch_duration_sec,22,1781267763587,68.38266730000032
learn,GATv2+Mask,BaselineGATv2Mask,fd61176a11094a29bec34a4accb6a2e7,854778689611649472,_Base-MN-f1-67_loan_v1_v5_simulated_GATv2,_Base-MN-f1,67,epoch_duration_sec,23,1781267843232,67.62745379999978
learn,LSTM,LSTM_Baseline,28783e1f90934a3c9261e69c322f731a,854778689611649472,_LSTM-UN-f1-5-99_loan_v1_v5_simulated_LSTM,_LSTM-UN-f1-5,99,epoch_duration_sec,1,1781461907270,167.1415321999957
learn,LSTM,LSTM_Baseline,28783e1f90934a3c9261e69c322f731a,854778689611649472,_LSTM-UN-f1-5-99_loan_v1_v5_simulated_LSTM,_LSTM-UN-f1-5,99,epoch_duration_sec,2,1781462059468,139.3564900999918
learn,LSTM,LSTM_Baseline,28783e1f90934a3c9261e69c322f731a,854778689611649472,_LSTM-UN-f1-5-99_loan_v1_v5_simulated_LSTM,_LSTM-UN-f1-5,99,epoch_duration_sec,3,1781462201339,128.8366803999961
learn,LSTM,LSTM_Baseline,28783e1f90934a3c9261e69c322f731a,854778689611649472,_LSTM-UN-f1-5-99_loan_v1_v5_simulated_LSTM,_LSTM-UN-f1-5,99,epoch_duration_sec,4,1781462346531,132.06500249999226
learn,LSTM,LSTM_Baseline,28783e1f90934a3c9261e69c322f731a,854778689611649472,_LSTM-UN-f1-5-99_loan_v1_v5_simulated_LSTM,_LSTM-UN-f1-5,99,epoch_duration_sec,5,1781462489417,129.3723258999962
learn,LSTM,LSTM_Baseline,28783e1f90934a3c9261e69c322f731a,854778689611649472,_LSTM-UN-f1-5-99_loan_v1_v5_simulated_LSTM,_LSTM-UN-f1-5,99,epoch_duration_sec,6,1781462633885,131.33691080000426
learn,LSTM,LSTM_Baseline,28783e1f90934a3c9261e69c322f731a,854778689611649472,_LSTM-UN-f1-5-99_loan_v1_v5_simulated_LSTM,_LSTM-UN-f1-5,99,epoch_duration_sec,7,1781462783636,135.42627070000162
learn,LSTM,LSTM_Baseline,28783e1f90934a3c9261e69c322f731a,854778689611649472,_LSTM-UN-f1-5-99_loan_v1_v5_simulated_LSTM,_LSTM-UN-f1-5,99,epoch_duration_sec,8,1781462935661,138.35817749999114
learn,LSTM,LSTM_Baseline,28783e1f90934a3c9261e69c322f731a,854778689611649472,_LSTM-UN-f1-5-99_loan_v1_v5_simulated_LSTM,_LSTM-UN-f1-5,99,epoch_duration_sec,9,1781463079555,130.79747790000692
learn,LSTM,LSTM_Baseline,28783e1f90934a3c9261e69c322f731a,854778689611649472,_LSTM-UN-f1-5-99_loan_v1_v5_simulated_LSTM,_LSTM-UN-f1-5,99,epoch_duration_sec,10,1781463230439,137.73275009999634
learn,LSTM,LSTM_Baseline,28783e1f90934a3c9261e69c322f731a,854778689611649472,_LSTM-UN-f1-5-99_loan_v1_v5_simulated_LSTM,_LSTM-UN-f1-5,99,epoch_duration_sec,11,1781463371017,127.59983420000935
learn,LSTM,LSTM_Baseline,28783e1f90934a3c9261e69c322f731a,854778689611649472,_LSTM-UN-f1-5-99_loan_v1_v5_simulated_LSTM,_LSTM-UN-f1-5,99,epoch_duration_sec,12,1781463521255,134.87550860000192
learn,LSTM,LSTM_Baseline,28783e1f90934a3c9261e69c322f731a,854778689611649472,_LSTM-UN-f1-5-99_loan_v1_v5_simulated_LSTM,_LSTM-UN-f1-5,99,epoch_duration_sec,13,1781463670675,136.40849329999764
learn,LSTM,LSTM_Baseline,28783e1f90934a3c9261e69c322f731a,854778689611649472,_LSTM-UN-f1-5-99_loan_v1_v5_simulated_LSTM,_LSTM-UN-f1-5,99,epoch_duration_sec,14,1781463813553,127.79896060000465
learn,LSTM,LSTM_Baseline,28783e1f90934a3c9261e69c322f731a,854778689611649472,_LSTM-UN-f1-5-99_loan_v1_v5_simulated_LSTM,_LSTM-UN-f1-5,99,epoch_duration_sec,15,1781463954646,128.0169612999889
learn,LSTM,LSTM_Baseline,28783e1f90934a3c9261e69c322f731a,854778689611649472,_LSTM-UN-f1-5-99_loan_v1_v5_simulated_LSTM,_LSTM-UN-f1-5,99,epoch_duration_sec,16,1781464102755,131.08671170000162
learn,LSTM,LSTM_Baseline,28783e1f90934a3c9261e69c322f731a,854778689611649472,_LSTM-UN-f1-5-99_loan_v1_v5_simulated_LSTM,_LSTM-UN-f1-5,99,epoch_duration_sec,17,1781464242956,126.97606250000536
learn,LSTM,LSTM_Baseline,28783e1f90934a3c9261e69c322f731a,854778689611649472,_LSTM-UN-f1-5-99_loan_v1_v5_simulated_LSTM,_LSTM-UN-f1-5,99,epoch_duration_sec,18,1781464383740,127.79858909999894
learn,LSTM,LSTM_Baseline,28783e1f90934a3c9261e69c322f731a,854778689611649472,_LSTM-UN-f1-5-99_loan_v1_v5_simulated_LSTM,_LSTM-UN-f1-5,99,epoch_duration_sec,19,1781464524872,128.06783420000284
learn,LSTM,LSTM_Baseline,28783e1f90934a3c9261e69c322f731a,854778689611649472,_LSTM-UN-f1-5-99_loan_v1_v5_simulated_LSTM,_LSTM-UN-f1-5,99,epoch_duration_sec,20,1781464666226,128.25687479999033
learn,LSTM,LSTM_Baseline,28783e1f90934a3c9261e69c322f731a,854778689611649472,_LSTM-UN-f1-5-99_loan_v1_v5_simulated_LSTM,_LSTM-UN-f1-5,99,epoch_duration_sec,21,1781464810174,128.2508363000088
learn,LSTM,LSTM_Baseline,28783e1f90934a3c9261e69c322f731a,854778689611649472,_LSTM-UN-f1-5-99_loan_v1_v5_simulated_LSTM,_LSTM-UN-f1-5,99,epoch_duration_sec,22,1781464950487,127.36577910000051
learn,LSTM,LSTM_Baseline,28783e1f90934a3c9261e69c322f731a,854778689611649472,_LSTM-UN-f1-5-99_loan_v1_v5_simulated_LSTM,_LSTM-UN-f1-5,99,epoch_duration_sec,23,1781465091046,127.52964910000446
learn,LSTM,LSTM_Baseline,28783e1f90934a3c9261e69c322f731a,854778689611649472,_LSTM-UN-f1-5-99_loan_v1_v5_simulated_LSTM,_LSTM-UN-f1-5,99,epoch_duration_sec,24,1781465232311,128.15929100000358
learn,LSTM,LSTM_Baseline,28783e1f90934a3c9261e69c322f731a,854778689611649472,_LSTM-UN-f1-5-99_loan_v1_v5_simulated_LSTM,_LSTM-UN-f1-5,99,epoch_duration_sec,25,1781465385718,140.19580020000285
learn,LSTM,LSTM_Baseline,28783e1f90934a3c9261e69c322f731a,854778689611649472,_LSTM-UN-f1-5-99_loan_v1_v5_simulated_LSTM,_LSTM-UN-f1-5,99,epoch_duration_sec,26,1781465527141,128.45266029999766
learn,LSTM,LSTM_Baseline,28783e1f90934a3c9261e69c322f731a,854778689611649472,_LSTM-UN-f1-5-99_loan_v1_v5_simulated_LSTM,_LSTM-UN-f1-5,99,epoch_duration_sec,27,1781465667666,127.57484030000342
learn,LSTM,LSTM_Baseline,28783e1f90934a3c9261e69c322f731a,854778689611649472,_LSTM-UN-f1-5-99_loan_v1_v5_simulated_LSTM,_LSTM-UN-f1-5,99,epoch_duration_sec,28,1781465808672,127.83797360000608
learn,LSTM,LSTM_Baseline,28783e1f90934a3c9261e69c322f731a,854778689611649472,_LSTM-UN-f1-5-99_loan_v1_v5_simulated_LSTM,_LSTM-UN-f1-5,99,epoch_duration_sec,29,1781465948777,127.26205040000787
learn,LSTM,LSTM_Baseline,28783e1f90934a3c9261e69c322f731a,854778689611649472,_LSTM-UN-f1-5-99_loan_v1_v5_simulated_LSTM,_LSTM-UN-f1-5,99,epoch_duration_sec,30,1781466089504,127.34820620001119
learn,LSTM,LSTM_Baseline,28783e1f90934a3c9261e69c322f731a,854778689611649472,_LSTM-UN-f1-5-99_loan_v1_v5_simulated_LSTM,_LSTM-UN-f1-5,99,epoch_duration_sec,31,1781466230475,127.85728549999476
learn,LSTM,LSTM_Baseline,28783e1f90934a3c9261e69c322f731a,854778689611649472,_LSTM-UN-f1-5-99_loan_v1_v5_simulated_LSTM,_LSTM-UN-f1-5,99,epoch_duration_sec,32,1781466373004,129.3713252000016
learn,LSTM,LSTM_Baseline,28783e1f90934a3c9261e69c322f731a,854778689611649472,_LSTM-UN-f1-5-99_loan_v1_v5_simulated_LSTM,_LSTM-UN-f1-5,99,epoch_duration_sec,33,1781466515869,129.83055550001154
learn,LSTM,LSTM_Baseline,91bf625c79f04aeeb993f58ff30e43bb,854778689611649472,_LSTM-UN-f1-5-67_loan_v1_v5_simulated_LSTM,_LSTM-UN-f1-5,67,epoch_duration_sec,1,1780945834804,263.0415732000256
learn,LSTM,LSTM_Baseline,91bf625c79f04aeeb993f58ff30e43bb,854778689611649472,_LSTM-UN-f1-5-67_loan_v1_v5_simulated_LSTM,_LSTM-UN-f1-5,67,epoch_duration_sec,2,1780946109459,257.79917420004494
learn,LSTM,LSTM_Baseline,91bf625c79f04aeeb993f58ff30e43bb,854778689611649472,_LSTM-UN-f1-5-67_loan_v1_v5_simulated_LSTM,_LSTM-UN-f1-5,67,epoch_duration_sec,3,1780946281120,155.75893759995233
learn,LSTM,LSTM_Baseline,91bf625c79f04aeeb993f58ff30e43bb,854778689611649472,_LSTM-UN-f1-5-67_loan_v1_v5_simulated_LSTM,_LSTM-UN-f1-5,67,epoch_duration_sec,4,1780946495614,200.90216170001077
learn,LSTM,LSTM_Baseline,91bf625c79f04aeeb993f58ff30e43bb,854778689611649472,_LSTM-UN-f1-5-67_loan_v1_v5_simulated_LSTM,_LSTM-UN-f1-5,67,epoch_duration_sec,5,1780946663816,154.20645540003898
learn,LSTM,LSTM_Baseline,91bf625c79f04aeeb993f58ff30e43bb,854778689611649472,_LSTM-UN-f1-5-67_loan_v1_v5_simulated_LSTM,_LSTM-UN-f1-5,67,epoch_duration_sec,6,1780946869637,190.3674153999891
learn,LSTM,LSTM_Baseline,91bf625c79f04aeeb993f58ff30e43bb,854778689611649472,_LSTM-UN-f1-5-67_loan_v1_v5_simulated_LSTM,_LSTM-UN-f1-5,67,epoch_duration_sec,7,1780947072196,186.07498960004887
learn,LSTM,LSTM_Baseline,91bf625c79f04aeeb993f58ff30e43bb,854778689611649472,_LSTM-UN-f1-5-67_loan_v1_v5_simulated_LSTM,_LSTM-UN-f1-5,67,epoch_duration_sec,8,1780947246408,159.42377649998525
learn,LSTM,LSTM_Baseline,91bf625c79f04aeeb993f58ff30e43bb,854778689611649472,_LSTM-UN-f1-5-67_loan_v1_v5_simulated_LSTM,_LSTM-UN-f1-5,67,epoch_duration_sec,9,1780947430337,165.4708408000297
learn,LSTM,LSTM_Baseline,91bf625c79f04aeeb993f58ff30e43bb,854778689611649472,_LSTM-UN-f1-5-67_loan_v1_v5_simulated_LSTM,_LSTM-UN-f1-5,67,epoch_duration_sec,10,1780947625685,179.57195339997998
learn,LSTM,LSTM_Baseline,91bf625c79f04aeeb993f58ff30e43bb,854778689611649472,_LSTM-UN-f1-5-67_loan_v1_v5_simulated_LSTM,_LSTM-UN-f1-5,67,epoch_duration_sec,11,1780947806096,165.57761109998683
learn,LSTM,LSTM_Baseline,91bf625c79f04aeeb993f58ff30e43bb,854778689611649472,_LSTM-UN-f1-5-67_loan_v1_v5_simulated_LSTM,_LSTM-UN-f1-5,67,epoch_duration_sec,12,1780947978650,157.76202309998916
learn,LSTM,LSTM_Baseline,91bf625c79f04aeeb993f58ff30e43bb,854778689611649472,_LSTM-UN-f1-5-67_loan_v1_v5_simulated_LSTM,_LSTM-UN-f1-5,67,epoch_duration_sec,13,1780948160817,165.5981658999808
learn,LSTM,LSTM_Baseline,91bf625c79f04aeeb993f58ff30e43bb,854778689611649472,_LSTM-UN-f1-5-67_loan_v1_v5_simulated_LSTM,_LSTM-UN-f1-5,67,epoch_duration_sec,14,1780948350076,172.35976660001324
learn,LSTM,LSTM_Baseline,91bf625c79f04aeeb993f58ff30e43bb,854778689611649472,_LSTM-UN-f1-5-67_loan_v1_v5_simulated_LSTM,_LSTM-UN-f1-5,67,epoch_duration_sec,15,1780948584208,215.53858120000223
learn,LSTM,LSTM_Baseline,91bf625c79f04aeeb993f58ff30e43bb,854778689611649472,_LSTM-UN-f1-5-67_loan_v1_v5_simulated_LSTM,_LSTM-UN-f1-5,67,epoch_duration_sec,16,1780948772904,174.22630150004989
learn,LSTM,LSTM_Baseline,91bf625c79f04aeeb993f58ff30e43bb,854778689611649472,_LSTM-UN-f1-5-67_loan_v1_v5_simulated_LSTM,_LSTM-UN-f1-5,67,epoch_duration_sec,17,1780948963535,172.3254952999996
learn,LSTM,LSTM_Baseline,91bf625c79f04aeeb993f58ff30e43bb,854778689611649472,_LSTM-UN-f1-5-67_loan_v1_v5_simulated_LSTM,_LSTM-UN-f1-5,67,epoch_duration_sec,18,1780949147248,168.06828309997218
learn,LSTM,LSTM_Baseline,91bf625c79f04aeeb993f58ff30e43bb,854778689611649472,_LSTM-UN-f1-5-67_loan_v1_v5_simulated_LSTM,_LSTM-UN-f1-5,67,epoch_duration_sec,19,1780949356148,188.0160149000003
learn,LSTM,LSTM_Baseline,91bf625c79f04aeeb993f58ff30e43bb,854778689611649472,_LSTM-UN-f1-5-67_loan_v1_v5_simulated_LSTM,_LSTM-UN-f1-5,67,epoch_duration_sec,20,1780949648403,272.6621893000556
learn,LSTM,LSTM_Baseline,91bf625c79f04aeeb993f58ff30e43bb,854778689611649472,_LSTM-UN-f1-5-67_loan_v1_v5_simulated_LSTM,_LSTM-UN-f1-5,67,epoch_duration_sec,21,1780949875380,211.4205441000522
learn,LSTM,LSTM_Baseline,91bf625c79f04aeeb993f58ff30e43bb,854778689611649472,_LSTM-UN-f1-5-67_loan_v1_v5_simulated_LSTM,_LSTM-UN-f1-5,67,epoch_duration_sec,22,1780950036194,146.02502160001313
learn,LSTM,LSTM_Baseline,91bf625c79f04aeeb993f58ff30e43bb,854778689611649472,_LSTM-UN-f1-5-67_loan_v1_v5_simulated_LSTM,_LSTM-UN-f1-5,67,epoch_duration_sec,23,1780950192581,142.5993071999983
learn,LSTM,LSTM_Baseline,91bf625c79f04aeeb993f58ff30e43bb,854778689611649472,_LSTM-UN-f1-5-67_loan_v1_v5_simulated_LSTM,_LSTM-UN-f1-5,67,epoch_duration_sec,24,1780950345904,140.57902220002143
learn,LSTM,LSTM_Baseline,91bf625c79f04aeeb993f58ff30e43bb,854778689611649472,_LSTM-UN-f1-5-67_loan_v1_v5_simulated_LSTM,_LSTM-UN-f1-5,67,epoch_duration_sec,25,1780950498587,139.43016029999126
learn,LSTM,LSTM_Baseline,91bf625c79f04aeeb993f58ff30e43bb,854778689611649472,_LSTM-UN-f1-5-67_loan_v1_v5_simulated_LSTM,_LSTM-UN-f1-5,67,epoch_duration_sec,26,1780950674995,161.10992880002595
learn,LSTM,LSTM_Baseline,91bf625c79f04aeeb993f58ff30e43bb,854778689611649472,_LSTM-UN-f1-5-67_loan_v1_v5_simulated_LSTM,_LSTM-UN-f1-5,67,epoch_duration_sec,27,1780950849050,159.6197004999849
learn,LSTM,LSTM_Baseline,91bf625c79f04aeeb993f58ff30e43bb,854778689611649472,_LSTM-UN-f1-5-67_loan_v1_v5_simulated_LSTM,_LSTM-UN-f1-5,67,epoch_duration_sec,28,1780950998214,135.9915367999929
learn,LSTM,LSTM_Baseline,91bf625c79f04aeeb993f58ff30e43bb,854778689611649472,_LSTM-UN-f1-5-67_loan_v1_v5_simulated_LSTM,_LSTM-UN-f1-5,67,epoch_duration_sec,29,1780951149449,138.188593400002
learn,LSTM,LSTM_Baseline,91bf625c79f04aeeb993f58ff30e43bb,854778689611649472,_LSTM-UN-f1-5-67_loan_v1_v5_simulated_LSTM,_LSTM-UN-f1-5,67,epoch_duration_sec,30,1780951299331,137.25449269998353
learn,LSTM,LSTM_Baseline,91bf625c79f04aeeb993f58ff30e43bb,854778689611649472,_LSTM-UN-f1-5-67_loan_v1_v5_simulated_LSTM,_LSTM-UN-f1-5,67,epoch_duration_sec,31,1780951449580,137.6074457000359
learn,LSTM,LSTM_Baseline,91bf625c79f04aeeb993f58ff30e43bb,854778689611649472,_LSTM-UN-f1-5-67_loan_v1_v5_simulated_LSTM,_LSTM-UN-f1-5,67,epoch_duration_sec,32,1780951600220,137.97351409995463
learn,LSTM,LSTM_Baseline,91bf625c79f04aeeb993f58ff30e43bb,854778689611649472,_LSTM-UN-f1-5-67_loan_v1_v5_simulated_LSTM,_LSTM-UN-f1-5,67,epoch_duration_sec,33,1780951750838,138.08883790002437
learn,LSTM,LSTM_Baseline,91bf625c79f04aeeb993f58ff30e43bb,854778689611649472,_LSTM-UN-f1-5-67_loan_v1_v5_simulated_LSTM,_LSTM-UN-f1-5,67,epoch_duration_sec,34,1780951902107,138.67049609997775
learn,LSTM,LSTM_Baseline,97a69231f63141a7bb7f6780b16c17fe,854778689611649472,_LSTM-UN-f1-5-13_loan_v1_v5_simulated_LSTM,_LSTM-UN-f1-5,13,epoch_duration_sec,1,1780979372832,201.71768539998448
learn,LSTM,LSTM_Baseline,97a69231f63141a7bb7f6780b16c17fe,854778689611649472,_LSTM-UN-f1-5-13_loan_v1_v5_simulated_LSTM,_LSTM-UN-f1-5,13,epoch_duration_sec,2,1780979541486,148.31534540001303
learn,LSTM,LSTM_Baseline,97a69231f63141a7bb7f6780b16c17fe,854778689611649472,_LSTM-UN-f1-5-13_loan_v1_v5_simulated_LSTM,_LSTM-UN-f1-5,13,epoch_duration_sec,3,1780979795463,236.38517789996695
learn,LSTM,LSTM_Baseline,97a69231f63141a7bb7f6780b16c17fe,854778689611649472,_LSTM-UN-f1-5-13_loan_v1_v5_simulated_LSTM,_LSTM-UN-f1-5,13,epoch_duration_sec,4,1780979998478,187.62204410001868
learn,LSTM,LSTM_Baseline,97a69231f63141a7bb7f6780b16c17fe,854778689611649472,_LSTM-UN-f1-5-13_loan_v1_v5_simulated_LSTM,_LSTM-UN-f1-5,13,epoch_duration_sec,5,1780980165190,152.68341580004198
learn,LSTM,LSTM_Baseline,97a69231f63141a7bb7f6780b16c17fe,854778689611649472,_LSTM-UN-f1-5-13_loan_v1_v5_simulated_LSTM,_LSTM-UN-f1-5,13,epoch_duration_sec,6,1780980332206,153.39354749995982
learn,LSTM,LSTM_Baseline,97a69231f63141a7bb7f6780b16c17fe,854778689611649472,_LSTM-UN-f1-5-13_loan_v1_v5_simulated_LSTM,_LSTM-UN-f1-5,13,epoch_duration_sec,7,1780980506298,157.19483920000494
learn,LSTM,LSTM_Baseline,97a69231f63141a7bb7f6780b16c17fe,854778689611649472,_LSTM-UN-f1-5-13_loan_v1_v5_simulated_LSTM,_LSTM-UN-f1-5,13,epoch_duration_sec,8,1780980661231,142.26519439998083
learn,LSTM,LSTM_Baseline,97a69231f63141a7bb7f6780b16c17fe,854778689611649472,_LSTM-UN-f1-5-13_loan_v1_v5_simulated_LSTM,_LSTM-UN-f1-5,13,epoch_duration_sec,9,1780980814676,140.633135400014
learn,LSTM,LSTM_Baseline,97a69231f63141a7bb7f6780b16c17fe,854778689611649472,_LSTM-UN-f1-5-13_loan_v1_v5_simulated_LSTM,_LSTM-UN-f1-5,13,epoch_duration_sec,10,1780980965888,138.73660169995856
learn,LSTM,LSTM_Baseline,97a69231f63141a7bb7f6780b16c17fe,854778689611649472,_LSTM-UN-f1-5-13_loan_v1_v5_simulated_LSTM,_LSTM-UN-f1-5,13,epoch_duration_sec,11,1780981117165,138.51494939997792
learn,LSTM,LSTM_Baseline,97a69231f63141a7bb7f6780b16c17fe,854778689611649472,_LSTM-UN-f1-5-13_loan_v1_v5_simulated_LSTM,_LSTM-UN-f1-5,13,epoch_duration_sec,12,1780981268634,138.9181143999449
learn,LSTM,LSTM_Baseline,97a69231f63141a7bb7f6780b16c17fe,854778689611649472,_LSTM-UN-f1-5-13_loan_v1_v5_simulated_LSTM,_LSTM-UN-f1-5,13,epoch_duration_sec,13,1780981419067,137.73249750002287
learn,LSTM,LSTM_Baseline,97a69231f63141a7bb7f6780b16c17fe,854778689611649472,_LSTM-UN-f1-5-13_loan_v1_v5_simulated_LSTM,_LSTM-UN-f1-5,13,epoch_duration_sec,14,1780981593901,158.43911119998666
learn,LSTM,LSTM_Baseline,97a69231f63141a7bb7f6780b16c17fe,854778689611649472,_LSTM-UN-f1-5-13_loan_v1_v5_simulated_LSTM,_LSTM-UN-f1-5,13,epoch_duration_sec,15,1780981774392,166.50470200000564
learn,LSTM,LSTM_Baseline,97a69231f63141a7bb7f6780b16c17fe,854778689611649472,_LSTM-UN-f1-5-13_loan_v1_v5_simulated_LSTM,_LSTM-UN-f1-5,13,epoch_duration_sec,16,1780981949816,161.71385859994916
learn,LSTM,LSTM_Baseline,97a69231f63141a7bb7f6780b16c17fe,854778689611649472,_LSTM-UN-f1-5-13_loan_v1_v5_simulated_LSTM,_LSTM-UN-f1-5,13,epoch_duration_sec,17,1780982119013,155.15300910000224
learn,LSTM,LSTM_Baseline,97a69231f63141a7bb7f6780b16c17fe,854778689611649472,_LSTM-UN-f1-5-13_loan_v1_v5_simulated_LSTM,_LSTM-UN-f1-5,13,epoch_duration_sec,18,1780982274822,139.82160289998865
learn,LSTM,LSTM_Baseline,97a69231f63141a7bb7f6780b16c17fe,854778689611649472,_LSTM-UN-f1-5-13_loan_v1_v5_simulated_LSTM,_LSTM-UN-f1-5,13,epoch_duration_sec,19,1780982428317,140.50510299997404
learn,LSTM,LSTM_Baseline,97a69231f63141a7bb7f6780b16c17fe,854778689611649472,_LSTM-UN-f1-5-13_loan_v1_v5_simulated_LSTM,_LSTM-UN-f1-5,13,epoch_duration_sec,20,1780982579783,138.45561280002585
learn,LSTM,LSTM_Baseline,97a69231f63141a7bb7f6780b16c17fe,854778689611649472,_LSTM-UN-f1-5-13_loan_v1_v5_simulated_LSTM,_LSTM-UN-f1-5,13,epoch_duration_sec,21,1780982753930,158.5662823000457
learn,LSTM,LSTM_Baseline,97a69231f63141a7bb7f6780b16c17fe,854778689611649472,_LSTM-UN-f1-5-13_loan_v1_v5_simulated_LSTM,_LSTM-UN-f1-5,13,epoch_duration_sec,22,1780982915684,148.59677829995053
learn,LSTM,LSTM_Baseline,97a69231f63141a7bb7f6780b16c17fe,854778689611649472,_LSTM-UN-f1-5-13_loan_v1_v5_simulated_LSTM,_LSTM-UN-f1-5,13,epoch_duration_sec,23,1780983067810,139.31320720002986
learn,LSTM,LSTM_Baseline,97a69231f63141a7bb7f6780b16c17fe,854778689611649472,_LSTM-UN-f1-5-13_loan_v1_v5_simulated_LSTM,_LSTM-UN-f1-5,13,epoch_duration_sec,24,1780983246064,164.52935619995696
learn,LSTM,LSTM_Baseline,97a69231f63141a7bb7f6780b16c17fe,854778689611649472,_LSTM-UN-f1-5-13_loan_v1_v5_simulated_LSTM,_LSTM-UN-f1-5,13,epoch_duration_sec,25,1780983398937,139.95284059998812
learn,LSTM,LSTM_Baseline,97a69231f63141a7bb7f6780b16c17fe,854778689611649472,_LSTM-UN-f1-5-13_loan_v1_v5_simulated_LSTM,_LSTM-UN-f1-5,13,epoch_duration_sec,26,1780983553844,140.41715819999808
learn,LSTM,LSTM_Baseline,97a69231f63141a7bb7f6780b16c17fe,854778689611649472,_LSTM-UN-f1-5-13_loan_v1_v5_simulated_LSTM,_LSTM-UN-f1-5,13,epoch_duration_sec,27,1780983754370,183.8304061999661
learn,LSTM,LSTM_Baseline,97a69231f63141a7bb7f6780b16c17fe,854778689611649472,_LSTM-UN-f1-5-13_loan_v1_v5_simulated_LSTM,_LSTM-UN-f1-5,13,epoch_duration_sec,28,1780983942041,170.44087530003162
learn,LSTM,LSTM_Baseline,97a69231f63141a7bb7f6780b16c17fe,854778689611649472,_LSTM-UN-f1-5-13_loan_v1_v5_simulated_LSTM,_LSTM-UN-f1-5,13,epoch_duration_sec,29,1780984146587,188.52563210000517
learn,LSTM,LSTM_Baseline,97a69231f63141a7bb7f6780b16c17fe,854778689611649472,_LSTM-UN-f1-5-13_loan_v1_v5_simulated_LSTM,_LSTM-UN-f1-5,13,epoch_duration_sec,30,1780984318954,157.78712559997803
learn,LSTM,LSTM_Baseline,97a69231f63141a7bb7f6780b16c17fe,854778689611649472,_LSTM-UN-f1-5-13_loan_v1_v5_simulated_LSTM,_LSTM-UN-f1-5,13,epoch_duration_sec,31,1780984541359,207.55579579999903
learn,LSTM,LSTM_Baseline,97a69231f63141a7bb7f6780b16c17fe,854778689611649472,_LSTM-UN-f1-5-13_loan_v1_v5_simulated_LSTM,_LSTM-UN-f1-5,13,epoch_duration_sec,32,1780984729972,168.04744870000286
learn,LSTM,LSTM_Baseline,97a69231f63141a7bb7f6780b16c17fe,854778689611649472,_LSTM-UN-f1-5-13_loan_v1_v5_simulated_LSTM,_LSTM-UN-f1-5,13,epoch_duration_sec,33,1780984944018,194.45684739999706
learn,LSTM,LSTM_Baseline,97a69231f63141a7bb7f6780b16c17fe,854778689611649472,_LSTM-UN-f1-5-13_loan_v1_v5_simulated_LSTM,_LSTM-UN-f1-5,13,epoch_duration_sec,34,1780985131180,172.44033620000118
learn,LSTM,LSTM_Baseline,ad4f63e79ee3447ca17d3036caa46702,854778689611649472,_LSTM-UN-f1-5-32_loan_v1_v5_simulated_LSTM,_LSTM-UN-f1-5,32,epoch_duration_sec,1,1781512113165,147.16914469999028
learn,LSTM,LSTM_Baseline,ad4f63e79ee3447ca17d3036caa46702,854778689611649472,_LSTM-UN-f1-5-32_loan_v1_v5_simulated_LSTM,_LSTM-UN-f1-5,32,epoch_duration_sec,2,1781512243083,117.87583239999367
learn,LSTM,LSTM_Baseline,ad4f63e79ee3447ca17d3036caa46702,854778689611649472,_LSTM-UN-f1-5-32_loan_v1_v5_simulated_LSTM,_LSTM-UN-f1-5,32,epoch_duration_sec,3,1781512372234,117.16807469999185
learn,LSTM,LSTM_Baseline,ad4f63e79ee3447ca17d3036caa46702,854778689611649472,_LSTM-UN-f1-5-32_loan_v1_v5_simulated_LSTM,_LSTM-UN-f1-5,32,epoch_duration_sec,4,1781512503086,118.61647849998553
learn,LSTM,LSTM_Baseline,ad4f63e79ee3447ca17d3036caa46702,854778689611649472,_LSTM-UN-f1-5-32_loan_v1_v5_simulated_LSTM,_LSTM-UN-f1-5,32,epoch_duration_sec,5,1781512640689,124.5902082999819
learn,LSTM,LSTM_Baseline,ad4f63e79ee3447ca17d3036caa46702,854778689611649472,_LSTM-UN-f1-5-32_loan_v1_v5_simulated_LSTM,_LSTM-UN-f1-5,32,epoch_duration_sec,6,1781512780244,126.76818499999354
learn,LSTM,LSTM_Baseline,ad4f63e79ee3447ca17d3036caa46702,854778689611649472,_LSTM-UN-f1-5-32_loan_v1_v5_simulated_LSTM,_LSTM-UN-f1-5,32,epoch_duration_sec,7,1781512918958,125.87441940000281
learn,LSTM,LSTM_Baseline,ad4f63e79ee3447ca17d3036caa46702,854778689611649472,_LSTM-UN-f1-5-32_loan_v1_v5_simulated_LSTM,_LSTM-UN-f1-5,32,epoch_duration_sec,8,1781513060987,129.12923160000355
learn,LSTM,LSTM_Baseline,ad4f63e79ee3447ca17d3036caa46702,854778689611649472,_LSTM-UN-f1-5-32_loan_v1_v5_simulated_LSTM,_LSTM-UN-f1-5,32,epoch_duration_sec,9,1781513200155,126.2778324999963
learn,LSTM,LSTM_Baseline,ad4f63e79ee3447ca17d3036caa46702,854778689611649472,_LSTM-UN-f1-5-32_loan_v1_v5_simulated_LSTM,_LSTM-UN-f1-5,32,epoch_duration_sec,10,1781513341548,128.34615909997956
learn,LSTM,LSTM_Baseline,ad4f63e79ee3447ca17d3036caa46702,854778689611649472,_LSTM-UN-f1-5-32_loan_v1_v5_simulated_LSTM,_LSTM-UN-f1-5,32,epoch_duration_sec,11,1781513481312,126.82475889998022
learn,LSTM,LSTM_Baseline,ad4f63e79ee3447ca17d3036caa46702,854778689611649472,_LSTM-UN-f1-5-32_loan_v1_v5_simulated_LSTM,_LSTM-UN-f1-5,32,epoch_duration_sec,12,1781513623804,128.24095159998978
learn,LSTM,LSTM_Baseline,ad4f63e79ee3447ca17d3036caa46702,854778689611649472,_LSTM-UN-f1-5-32_loan_v1_v5_simulated_LSTM,_LSTM-UN-f1-5,32,epoch_duration_sec,13,1781513790241,153.43347079999512
learn,LSTM,LSTM_Baseline,ad4f63e79ee3447ca17d3036caa46702,854778689611649472,_LSTM-UN-f1-5-32_loan_v1_v5_simulated_LSTM,_LSTM-UN-f1-5,32,epoch_duration_sec,14,1781513931580,127.76990360001219
learn,LSTM,LSTM_Baseline,ad4f63e79ee3447ca17d3036caa46702,854778689611649472,_LSTM-UN-f1-5-32_loan_v1_v5_simulated_LSTM,_LSTM-UN-f1-5,32,epoch_duration_sec,15,1781514074070,126.96345769998152
learn,LSTM,LSTM_Baseline,ad4f63e79ee3447ca17d3036caa46702,854778689611649472,_LSTM-UN-f1-5-32_loan_v1_v5_simulated_LSTM,_LSTM-UN-f1-5,32,epoch_duration_sec,16,1781514213324,126.36877450000611
learn,LSTM,LSTM_Baseline,ad4f63e79ee3447ca17d3036caa46702,854778689611649472,_LSTM-UN-f1-5-32_loan_v1_v5_simulated_LSTM,_LSTM-UN-f1-5,32,epoch_duration_sec,17,1781514353793,127.56212740001502
learn,LSTM,LSTM_Baseline,ad4f63e79ee3447ca17d3036caa46702,854778689611649472,_LSTM-UN-f1-5-32_loan_v1_v5_simulated_LSTM,_LSTM-UN-f1-5,32,epoch_duration_sec,18,1781514493962,127.27160409998032
learn,LSTM,LSTM_Baseline,ad4f63e79ee3447ca17d3036caa46702,854778689611649472,_LSTM-UN-f1-5-32_loan_v1_v5_simulated_LSTM,_LSTM-UN-f1-5,32,epoch_duration_sec,19,1781514633337,126.61438519999501
learn,LSTM,LSTM_Baseline,ad4f63e79ee3447ca17d3036caa46702,854778689611649472,_LSTM-UN-f1-5-32_loan_v1_v5_simulated_LSTM,_LSTM-UN-f1-5,32,epoch_duration_sec,20,1781514772013,125.82971089999774
learn,LSTM,LSTM_Baseline,ad4f63e79ee3447ca17d3036caa46702,854778689611649472,_LSTM-UN-f1-5-32_loan_v1_v5_simulated_LSTM,_LSTM-UN-f1-5,32,epoch_duration_sec,21,1781514913779,126.95835939998506
learn,LSTM,LSTM_Baseline,ad4f63e79ee3447ca17d3036caa46702,854778689611649472,_LSTM-UN-f1-5-32_loan_v1_v5_simulated_LSTM,_LSTM-UN-f1-5,32,epoch_duration_sec,22,1781515054117,127.453488500003
learn,LSTM,LSTM_Baseline,ad4f63e79ee3447ca17d3036caa46702,854778689611649472,_LSTM-UN-f1-5-32_loan_v1_v5_simulated_LSTM,_LSTM-UN-f1-5,32,epoch_duration_sec,23,1781515197092,130.13010100001702
learn,LSTM,LSTM_Baseline,ad4f63e79ee3447ca17d3036caa46702,854778689611649472,_LSTM-UN-f1-5-32_loan_v1_v5_simulated_LSTM,_LSTM-UN-f1-5,32,epoch_duration_sec,24,1781515509534,258.327512399992
learn,LSTM,LSTM_Baseline,ad4f63e79ee3447ca17d3036caa46702,854778689611649472,_LSTM-UN-f1-5-32_loan_v1_v5_simulated_LSTM,_LSTM-UN-f1-5,32,epoch_duration_sec,25,1781515946454,419.7134131999919
learn,LSTM,LSTM_Baseline,ad4f63e79ee3447ca17d3036caa46702,854778689611649472,_LSTM-UN-f1-5-32_loan_v1_v5_simulated_LSTM,_LSTM-UN-f1-5,32,epoch_duration_sec,26,1781516337454,350.49966840000707
learn,LSTM,LSTM_Baseline,ad4f63e79ee3447ca17d3036caa46702,854778689611649472,_LSTM-UN-f1-5-32_loan_v1_v5_simulated_LSTM,_LSTM-UN-f1-5,32,epoch_duration_sec,27,1781516597915,244.09983740001917
learn,LSTM,LSTM_Baseline,ad4f63e79ee3447ca17d3036caa46702,854778689611649472,_LSTM-UN-f1-5-32_loan_v1_v5_simulated_LSTM,_LSTM-UN-f1-5,32,epoch_duration_sec,28,1781516842139,223.86691539999447
learn,LSTM,LSTM_Baseline,ad4f63e79ee3447ca17d3036caa46702,854778689611649472,_LSTM-UN-f1-5-32_loan_v1_v5_simulated_LSTM,_LSTM-UN-f1-5,32,epoch_duration_sec,29,1781517137989,274.9973843000189
learn,LSTM,LSTM_Baseline,ad4f63e79ee3447ca17d3036caa46702,854778689611649472,_LSTM-UN-f1-5-32_loan_v1_v5_simulated_LSTM,_LSTM-UN-f1-5,32,epoch_duration_sec,30,1781517421716,261.9796242000011
learn,LSTM,LSTM_Baseline,ad4f63e79ee3447ca17d3036caa46702,854778689611649472,_LSTM-UN-f1-5-32_loan_v1_v5_simulated_LSTM,_LSTM-UN-f1-5,32,epoch_duration_sec,31,1781517703268,259.17459249999956
learn,LSTM,LSTM_Baseline,ad4f63e79ee3447ca17d3036caa46702,854778689611649472,_LSTM-UN-f1-5-32_loan_v1_v5_simulated_LSTM,_LSTM-UN-f1-5,32,epoch_duration_sec,32,1781518022058,292.30077850000816
learn,LSTM,LSTM_Baseline,ad4f63e79ee3447ca17d3036caa46702,854778689611649472,_LSTM-UN-f1-5-32_loan_v1_v5_simulated_LSTM,_LSTM-UN-f1-5,32,epoch_duration_sec,33,1781518340507,294.3108215999964
learn,LSTM,LSTM_Baseline,ad4f63e79ee3447ca17d3036caa46702,854778689611649472,_LSTM-UN-f1-5-32_loan_v1_v5_simulated_LSTM,_LSTM-UN-f1-5,32,epoch_duration_sec,34,1781518646792,283.9348228999879
learn,LSTM,LSTM_Baseline,ad4f63e79ee3447ca17d3036caa46702,854778689611649472,_LSTM-UN-f1-5-32_loan_v1_v5_simulated_LSTM,_LSTM-UN-f1-5,32,epoch_duration_sec,35,1781518943157,274.65928809999605
learn,LSTM,LSTM_Baseline,ad4f63e79ee3447ca17d3036caa46702,854778689611649472,_LSTM-UN-f1-5-32_loan_v1_v5_simulated_LSTM,_LSTM-UN-f1-5,32,epoch_duration_sec,36,1781519231707,265.4722019000037
learn,LSTM,LSTM_Baseline,ad4f63e79ee3447ca17d3036caa46702,854778689611649472,_LSTM-UN-f1-5-32_loan_v1_v5_simulated_LSTM,_LSTM-UN-f1-5,32,epoch_duration_sec,37,1781519529394,273.83716090000235
learn,LSTM,LSTM_Baseline,ad4f63e79ee3447ca17d3036caa46702,854778689611649472,_LSTM-UN-f1-5-32_loan_v1_v5_simulated_LSTM,_LSTM-UN-f1-5,32,epoch_duration_sec,38,1781519831687,280.10256959998515
learn,LSTM,LSTM_Baseline,ad4f63e79ee3447ca17d3036caa46702,854778689611649472,_LSTM-UN-f1-5-32_loan_v1_v5_simulated_LSTM,_LSTM-UN-f1-5,32,epoch_duration_sec,39,1781520155000,300.6770889000036
learn,LSTM,LSTM_Baseline,cbbdeac775de461c865ab13391a906dd,854778689611649472,_LSTM-UN-f1-5-78_loan_v1_v5_simulated_LSTM,_LSTM-UN-f1-5,78,epoch_duration_sec,1,1780995115596,251.79345189995365
learn,LSTM,LSTM_Baseline,cbbdeac775de461c865ab13391a906dd,854778689611649472,_LSTM-UN-f1-5-78_loan_v1_v5_simulated_LSTM,_LSTM-UN-f1-5,78,epoch_duration_sec,2,1780995333662,196.75942159997066
learn,LSTM,LSTM_Baseline,cbbdeac775de461c865ab13391a906dd,854778689611649472,_LSTM-UN-f1-5-78_loan_v1_v5_simulated_LSTM,_LSTM-UN-f1-5,78,epoch_duration_sec,3,1780995581558,230.58987460000208
learn,LSTM,LSTM_Baseline,cbbdeac775de461c865ab13391a906dd,854778689611649472,_LSTM-UN-f1-5-78_loan_v1_v5_simulated_LSTM,_LSTM-UN-f1-5,78,epoch_duration_sec,4,1780995779862,180.5077547999681
learn,LSTM,LSTM_Baseline,cbbdeac775de461c865ab13391a906dd,854778689611649472,_LSTM-UN-f1-5-78_loan_v1_v5_simulated_LSTM,_LSTM-UN-f1-5,78,epoch_duration_sec,5,1780995957946,162.73813750001136
learn,LSTM,LSTM_Baseline,cbbdeac775de461c865ab13391a906dd,854778689611649472,_LSTM-UN-f1-5-78_loan_v1_v5_simulated_LSTM,_LSTM-UN-f1-5,78,epoch_duration_sec,6,1780996159322,183.52661349996924
learn,LSTM,LSTM_Baseline,cbbdeac775de461c865ab13391a906dd,854778689611649472,_LSTM-UN-f1-5-78_loan_v1_v5_simulated_LSTM,_LSTM-UN-f1-5,78,epoch_duration_sec,7,1780996404321,229.2015958999982
learn,LSTM,LSTM_Baseline,cbbdeac775de461c865ab13391a906dd,854778689611649472,_LSTM-UN-f1-5-78_loan_v1_v5_simulated_LSTM,_LSTM-UN-f1-5,78,epoch_duration_sec,8,1780996582990,161.29456830001436
learn,LSTM,LSTM_Baseline,cbbdeac775de461c865ab13391a906dd,854778689611649472,_LSTM-UN-f1-5-78_loan_v1_v5_simulated_LSTM,_LSTM-UN-f1-5,78,epoch_duration_sec,9,1780996775660,177.29613630002132
learn,LSTM,LSTM_Baseline,cbbdeac775de461c865ab13391a906dd,854778689611649472,_LSTM-UN-f1-5-78_loan_v1_v5_simulated_LSTM,_LSTM-UN-f1-5,78,epoch_duration_sec,10,1780996948311,157.76175089995377
learn,LSTM,LSTM_Baseline,cbbdeac775de461c865ab13391a906dd,854778689611649472,_LSTM-UN-f1-5-78_loan_v1_v5_simulated_LSTM,_LSTM-UN-f1-5,78,epoch_duration_sec,11,1780997121394,157.96349799999734
learn,LSTM,LSTM_Baseline,cbbdeac775de461c865ab13391a906dd,854778689611649472,_LSTM-UN-f1-5-78_loan_v1_v5_simulated_LSTM,_LSTM-UN-f1-5,78,epoch_duration_sec,12,1780997292170,156.40758020000067
learn,LSTM,LSTM_Baseline,cbbdeac775de461c865ab13391a906dd,854778689611649472,_LSTM-UN-f1-5-78_loan_v1_v5_simulated_LSTM,_LSTM-UN-f1-5,78,epoch_duration_sec,13,1780997455695,149.10020310000982
learn,LSTM,LSTM_Baseline,cbbdeac775de461c865ab13391a906dd,854778689611649472,_LSTM-UN-f1-5-78_loan_v1_v5_simulated_LSTM,_LSTM-UN-f1-5,78,epoch_duration_sec,14,1780997615880,146.3517201000359
learn,LSTM,LSTM_Baseline,cbbdeac775de461c865ab13391a906dd,854778689611649472,_LSTM-UN-f1-5-78_loan_v1_v5_simulated_LSTM,_LSTM-UN-f1-5,78,epoch_duration_sec,15,1780997772261,141.92920069996035
learn,LSTM,LSTM_Baseline,cbbdeac775de461c865ab13391a906dd,854778689611649472,_LSTM-UN-f1-5-78_loan_v1_v5_simulated_LSTM,_LSTM-UN-f1-5,78,epoch_duration_sec,16,1780997930156,144.18492059997516
learn,LSTM,LSTM_Baseline,cbbdeac775de461c865ab13391a906dd,854778689611649472,_LSTM-UN-f1-5-78_loan_v1_v5_simulated_LSTM,_LSTM-UN-f1-5,78,epoch_duration_sec,17,1780998094937,150.69453119998798
learn,LSTM,LSTM_Baseline,cbbdeac775de461c865ab13391a906dd,854778689611649472,_LSTM-UN-f1-5-78_loan_v1_v5_simulated_LSTM,_LSTM-UN-f1-5,78,epoch_duration_sec,18,1780998249679,141.51586129999487
learn,LSTM,LSTM_Baseline,cbbdeac775de461c865ab13391a906dd,854778689611649472,_LSTM-UN-f1-5-78_loan_v1_v5_simulated_LSTM,_LSTM-UN-f1-5,78,epoch_duration_sec,19,1780998428208,162.85553800000343
learn,LSTM,LSTM_Baseline,cbbdeac775de461c865ab13391a906dd,854778689611649472,_LSTM-UN-f1-5-78_loan_v1_v5_simulated_LSTM,_LSTM-UN-f1-5,78,epoch_duration_sec,20,1780998607101,162.65932399994927
learn,LSTM,LSTM_Baseline,cbbdeac775de461c865ab13391a906dd,854778689611649472,_LSTM-UN-f1-5-78_loan_v1_v5_simulated_LSTM,_LSTM-UN-f1-5,78,epoch_duration_sec,21,1780998790381,166.52152700000443
learn,LSTM,LSTM_Baseline,cbbdeac775de461c865ab13391a906dd,854778689611649472,_LSTM-UN-f1-5-78_loan_v1_v5_simulated_LSTM,_LSTM-UN-f1-5,78,epoch_duration_sec,22,1780998979283,173.9210925999796
learn,LSTM,LSTM_Baseline,cbbdeac775de461c865ab13391a906dd,854778689611649472,_LSTM-UN-f1-5-78_loan_v1_v5_simulated_LSTM,_LSTM-UN-f1-5,78,epoch_duration_sec,23,1780999160065,164.67770739999833
learn,LSTM,LSTM_Baseline,cbbdeac775de461c865ab13391a906dd,854778689611649472,_LSTM-UN-f1-5-78_loan_v1_v5_simulated_LSTM,_LSTM-UN-f1-5,78,epoch_duration_sec,24,1780999350585,175.3201500000432
learn,LSTM,LSTM_Baseline,cbbdeac775de461c865ab13391a906dd,854778689611649472,_LSTM-UN-f1-5-78_loan_v1_v5_simulated_LSTM,_LSTM-UN-f1-5,78,epoch_duration_sec,25,1780999547998,182.1120893000043
learn,LSTM,LSTM_Baseline,cbbdeac775de461c865ab13391a906dd,854778689611649472,_LSTM-UN-f1-5-78_loan_v1_v5_simulated_LSTM,_LSTM-UN-f1-5,78,epoch_duration_sec,26,1780999722193,157.73454179998953
learn,LSTM,LSTM_Baseline,cbbdeac775de461c865ab13391a906dd,854778689611649472,_LSTM-UN-f1-5-78_loan_v1_v5_simulated_LSTM,_LSTM-UN-f1-5,78,epoch_duration_sec,27,1780999906768,169.27170079998905
learn,LSTM,LSTM_Baseline,cbbdeac775de461c865ab13391a906dd,854778689611649472,_LSTM-UN-f1-5-78_loan_v1_v5_simulated_LSTM,_LSTM-UN-f1-5,78,epoch_duration_sec,28,1781000104704,183.0431578999851
learn,LSTM,LSTM_Baseline,cbbdeac775de461c865ab13391a906dd,854778689611649472,_LSTM-UN-f1-5-78_loan_v1_v5_simulated_LSTM,_LSTM-UN-f1-5,78,epoch_duration_sec,29,1781000269616,150.21426150004845
learn,LSTM,LSTM_Baseline,cbbdeac775de461c865ab13391a906dd,854778689611649472,_LSTM-UN-f1-5-78_loan_v1_v5_simulated_LSTM,_LSTM-UN-f1-5,78,epoch_duration_sec,30,1781000441195,156.78548359998967
learn,LSTM,LSTM_Baseline,cbbdeac775de461c865ab13391a906dd,854778689611649472,_LSTM-UN-f1-5-78_loan_v1_v5_simulated_LSTM,_LSTM-UN-f1-5,78,epoch_duration_sec,31,1781000608069,152.19374439999228
learn,LSTM,LSTM_Baseline,cbbdeac775de461c865ab13391a906dd,854778689611649472,_LSTM-UN-f1-5-78_loan_v1_v5_simulated_LSTM,_LSTM-UN-f1-5,78,epoch_duration_sec,32,1781000879209,250.57197270001052
learn,LSTM,LSTM_Baseline,cbbdeac775de461c865ab13391a906dd,854778689611649472,_LSTM-UN-f1-5-78_loan_v1_v5_simulated_LSTM,_LSTM-UN-f1-5,78,epoch_duration_sec,33,1781001101721,208.0937799999956
learn,LSTM,LSTM_Baseline,cbbdeac775de461c865ab13391a906dd,854778689611649472,_LSTM-UN-f1-5-78_loan_v1_v5_simulated_LSTM,_LSTM-UN-f1-5,78,epoch_duration_sec,34,1781001266857,150.93694419995882
learn,LSTM,LSTM_Baseline,de92aac60c8343dc8e495144fb1f50fb,854778689611649472,_LSTM-UN-f1-5-55_loan_v1_v5_simulated_LSTM,_LSTM-UN-f1-5,55,epoch_duration_sec,1,1780985989154,249.4218773000175
learn,LSTM,LSTM_Baseline,de92aac60c8343dc8e495144fb1f50fb,854778689611649472,_LSTM-UN-f1-5-55_loan_v1_v5_simulated_LSTM,_LSTM-UN-f1-5,55,epoch_duration_sec,2,1780986182021,178.20490700000664
learn,LSTM,LSTM_Baseline,de92aac60c8343dc8e495144fb1f50fb,854778689611649472,_LSTM-UN-f1-5-55_loan_v1_v5_simulated_LSTM,_LSTM-UN-f1-5,55,epoch_duration_sec,3,1780986349130,153.38933790003648
learn,LSTM,LSTM_Baseline,de92aac60c8343dc8e495144fb1f50fb,854778689611649472,_LSTM-UN-f1-5-55_loan_v1_v5_simulated_LSTM,_LSTM-UN-f1-5,55,epoch_duration_sec,4,1780986526215,161.6632748999982
learn,LSTM,LSTM_Baseline,de92aac60c8343dc8e495144fb1f50fb,854778689611649472,_LSTM-UN-f1-5-55_loan_v1_v5_simulated_LSTM,_LSTM-UN-f1-5,55,epoch_duration_sec,5,1780986700960,158.48523789999308
learn,LSTM,LSTM_Baseline,de92aac60c8343dc8e495144fb1f50fb,854778689611649472,_LSTM-UN-f1-5-55_loan_v1_v5_simulated_LSTM,_LSTM-UN-f1-5,55,epoch_duration_sec,6,1780986890747,173.7946606000187
learn,LSTM,LSTM_Baseline,de92aac60c8343dc8e495144fb1f50fb,854778689611649472,_LSTM-UN-f1-5-55_loan_v1_v5_simulated_LSTM,_LSTM-UN-f1-5,55,epoch_duration_sec,7,1780987096349,191.7332450999529
learn,LSTM,LSTM_Baseline,de92aac60c8343dc8e495144fb1f50fb,854778689611649472,_LSTM-UN-f1-5-55_loan_v1_v5_simulated_LSTM,_LSTM-UN-f1-5,55,epoch_duration_sec,8,1780987258398,144.3889729999937
learn,LSTM,LSTM_Baseline,de92aac60c8343dc8e495144fb1f50fb,854778689611649472,_LSTM-UN-f1-5-55_loan_v1_v5_simulated_LSTM,_LSTM-UN-f1-5,55,epoch_duration_sec,9,1780987468628,193.9248258000007
learn,LSTM,LSTM_Baseline,de92aac60c8343dc8e495144fb1f50fb,854778689611649472,_LSTM-UN-f1-5-55_loan_v1_v5_simulated_LSTM,_LSTM-UN-f1-5,55,epoch_duration_sec,10,1780987645807,160.69007489999058
learn,LSTM,LSTM_Baseline,de92aac60c8343dc8e495144fb1f50fb,854778689611649472,_LSTM-UN-f1-5-55_loan_v1_v5_simulated_LSTM,_LSTM-UN-f1-5,55,epoch_duration_sec,11,1780987831188,168.59131310001248
learn,LSTM,LSTM_Baseline,de92aac60c8343dc8e495144fb1f50fb,854778689611649472,_LSTM-UN-f1-5-55_loan_v1_v5_simulated_LSTM,_LSTM-UN-f1-5,55,epoch_duration_sec,12,1780988013085,167.17918829998234
learn,LSTM,LSTM_Baseline,de92aac60c8343dc8e495144fb1f50fb,854778689611649472,_LSTM-UN-f1-5-55_loan_v1_v5_simulated_LSTM,_LSTM-UN-f1-5,55,epoch_duration_sec,13,1780988206545,172.71250889997464
learn,LSTM,LSTM_Baseline,de92aac60c8343dc8e495144fb1f50fb,854778689611649472,_LSTM-UN-f1-5-55_loan_v1_v5_simulated_LSTM,_LSTM-UN-f1-5,55,epoch_duration_sec,14,1780988401640,177.82537119998597
learn,LSTM,LSTM_Baseline,de92aac60c8343dc8e495144fb1f50fb,854778689611649472,_LSTM-UN-f1-5-55_loan_v1_v5_simulated_LSTM,_LSTM-UN-f1-5,55,epoch_duration_sec,15,1780988548891,134.11317550000967
learn,LSTM,LSTM_Baseline,de92aac60c8343dc8e495144fb1f50fb,854778689611649472,_LSTM-UN-f1-5-55_loan_v1_v5_simulated_LSTM,_LSTM-UN-f1-5,55,epoch_duration_sec,16,1780988739990,170.46075699996436
learn,LSTM,LSTM_Baseline,de92aac60c8343dc8e495144fb1f50fb,854778689611649472,_LSTM-UN-f1-5-55_loan_v1_v5_simulated_LSTM,_LSTM-UN-f1-5,55,epoch_duration_sec,17,1780988916663,162.57519679999677
learn,LSTM,LSTM_Baseline,de92aac60c8343dc8e495144fb1f50fb,854778689611649472,_LSTM-UN-f1-5-55_loan_v1_v5_simulated_LSTM,_LSTM-UN-f1-5,55,epoch_duration_sec,18,1780989089266,159.34560029994464
learn,LSTM,LSTM_Baseline,de92aac60c8343dc8e495144fb1f50fb,854778689611649472,_LSTM-UN-f1-5-55_loan_v1_v5_simulated_LSTM,_LSTM-UN-f1-5,55,epoch_duration_sec,19,1780989241498,139.00872860004893
learn,LSTM,LSTM_Baseline,de92aac60c8343dc8e495144fb1f50fb,854778689611649472,_LSTM-UN-f1-5-55_loan_v1_v5_simulated_LSTM,_LSTM-UN-f1-5,55,epoch_duration_sec,20,1780989389444,133.9002032999997
learn,LSTM,LSTM_Baseline,de92aac60c8343dc8e495144fb1f50fb,854778689611649472,_LSTM-UN-f1-5-55_loan_v1_v5_simulated_LSTM,_LSTM-UN-f1-5,55,epoch_duration_sec,21,1780989540681,138.12896129995352
learn,LSTM,LSTM_Baseline,de92aac60c8343dc8e495144fb1f50fb,854778689611649472,_LSTM-UN-f1-5-55_loan_v1_v5_simulated_LSTM,_LSTM-UN-f1-5,55,epoch_duration_sec,22,1780989699097,145.01599019998685
learn,LSTM,LSTM_Baseline,de92aac60c8343dc8e495144fb1f50fb,854778689611649472,_LSTM-UN-f1-5-55_loan_v1_v5_simulated_LSTM,_LSTM-UN-f1-5,55,epoch_duration_sec,23,1780989866106,146.46861679997528
learn,LSTM,LSTM_Baseline,de92aac60c8343dc8e495144fb1f50fb,854778689611649472,_LSTM-UN-f1-5-55_loan_v1_v5_simulated_LSTM,_LSTM-UN-f1-5,55,epoch_duration_sec,24,1780990025253,145.6562446000171
learn,LSTM,LSTM_Baseline,de92aac60c8343dc8e495144fb1f50fb,854778689611649472,_LSTM-UN-f1-5-55_loan_v1_v5_simulated_LSTM,_LSTM-UN-f1-5,55,epoch_duration_sec,25,1780990178211,139.96472529997118
learn,LSTM,LSTM_Baseline,de92aac60c8343dc8e495144fb1f50fb,854778689611649472,_LSTM-UN-f1-5-55_loan_v1_v5_simulated_LSTM,_LSTM-UN-f1-5,55,epoch_duration_sec,26,1780990334152,141.2594593000249
learn,LSTM,LSTM_Baseline,de92aac60c8343dc8e495144fb1f50fb,854778689611649472,_LSTM-UN-f1-5-55_loan_v1_v5_simulated_LSTM,_LSTM-UN-f1-5,55,epoch_duration_sec,27,1780990493309,145.6788111999631
learn,LSTM,LSTM_Baseline,de92aac60c8343dc8e495144fb1f50fb,854778689611649472,_LSTM-UN-f1-5-55_loan_v1_v5_simulated_LSTM,_LSTM-UN-f1-5,55,epoch_duration_sec,28,1780990644603,136.4505777999875
learn,LSTM,LSTM_Baseline,de92aac60c8343dc8e495144fb1f50fb,854778689611649472,_LSTM-UN-f1-5-55_loan_v1_v5_simulated_LSTM,_LSTM-UN-f1-5,55,epoch_duration_sec,29,1780990807331,146.40528850001283
learn,LSTM,LSTM_Baseline,de92aac60c8343dc8e495144fb1f50fb,854778689611649472,_LSTM-UN-f1-5-55_loan_v1_v5_simulated_LSTM,_LSTM-UN-f1-5,55,epoch_duration_sec,30,1780990966168,145.33262589998776
learn,LSTM,LSTM_Baseline,de92aac60c8343dc8e495144fb1f50fb,854778689611649472,_LSTM-UN-f1-5-55_loan_v1_v5_simulated_LSTM,_LSTM-UN-f1-5,55,epoch_duration_sec,31,1780991125873,146.35676039999817
learn,LSTM,LSTM_Baseline,de92aac60c8343dc8e495144fb1f50fb,854778689611649472,_LSTM-UN-f1-5-55_loan_v1_v5_simulated_LSTM,_LSTM-UN-f1-5,55,epoch_duration_sec,32,1780991291171,150.21138779999455
learn,LSTM,LSTM_Baseline,de92aac60c8343dc8e495144fb1f50fb,854778689611649472,_LSTM-UN-f1-5-55_loan_v1_v5_simulated_LSTM,_LSTM-UN-f1-5,55,epoch_duration_sec,33,1780991442241,137.98710420000134
learn,LSTM,LSTM_Baseline,de92aac60c8343dc8e495144fb1f50fb,854778689611649472,_LSTM-UN-f1-5-55_loan_v1_v5_simulated_LSTM,_LSTM-UN-f1-5,55,epoch_duration_sec,34,1780991588405,133.09375110000838
learn,LSTM,LSTM_Baseline,de92aac60c8343dc8e495144fb1f50fb,854778689611649472,_LSTM-UN-f1-5-55_loan_v1_v5_simulated_LSTM,_LSTM-UN-f1-5,55,epoch_duration_sec,35,1780991737394,136.0526560000144
learn,LSTM,LSTM_Baseline,e76233f053ef480991b58d327df48a9c,854778689611649472,_LSTM-UN-f1-5-42_loan_v1_v5_simulated_LSTM,_LSTM-UN-f1-5,42,epoch_duration_sec,1,1780742551496,194.5527788999898
learn,LSTM,LSTM_Baseline,e76233f053ef480991b58d327df48a9c,854778689611649472,_LSTM-UN-f1-5-42_loan_v1_v5_simulated_LSTM,_LSTM-UN-f1-5,42,epoch_duration_sec,2,1780742695289,130.36689150000166
learn,LSTM,LSTM_Baseline,e76233f053ef480991b58d327df48a9c,854778689611649472,_LSTM-UN-f1-5-42_loan_v1_v5_simulated_LSTM,_LSTM-UN-f1-5,42,epoch_duration_sec,3,1780742842493,133.85178579999774
learn,LSTM,LSTM_Baseline,e76233f053ef480991b58d327df48a9c,854778689611649472,_LSTM-UN-f1-5-42_loan_v1_v5_simulated_LSTM,_LSTM-UN-f1-5,42,epoch_duration_sec,4,1780742987715,131.8232302999968
learn,LSTM,LSTM_Baseline,e76233f053ef480991b58d327df48a9c,854778689611649472,_LSTM-UN-f1-5-42_loan_v1_v5_simulated_LSTM,_LSTM-UN-f1-5,42,epoch_duration_sec,5,1780743156777,154.70980709999276
learn,LSTM,LSTM_Baseline,e76233f053ef480991b58d327df48a9c,854778689611649472,_LSTM-UN-f1-5-42_loan_v1_v5_simulated_LSTM,_LSTM-UN-f1-5,42,epoch_duration_sec,6,1780743353802,182.49658839999756
learn,LSTM,LSTM_Baseline,e76233f053ef480991b58d327df48a9c,854778689611649472,_LSTM-UN-f1-5-42_loan_v1_v5_simulated_LSTM,_LSTM-UN-f1-5,42,epoch_duration_sec,7,1780743552134,182.37635890000092
learn,LSTM,LSTM_Baseline,e76233f053ef480991b58d327df48a9c,854778689611649472,_LSTM-UN-f1-5-42_loan_v1_v5_simulated_LSTM,_LSTM-UN-f1-5,42,epoch_duration_sec,8,1780743732843,165.52489780000178
learn,LSTM,LSTM_Baseline,e76233f053ef480991b58d327df48a9c,854778689611649472,_LSTM-UN-f1-5-42_loan_v1_v5_simulated_LSTM,_LSTM-UN-f1-5,42,epoch_duration_sec,9,1780743897031,149.24098400000366
learn,LSTM,LSTM_Baseline,e76233f053ef480991b58d327df48a9c,854778689611649472,_LSTM-UN-f1-5-42_loan_v1_v5_simulated_LSTM,_LSTM-UN-f1-5,42,epoch_duration_sec,10,1780744059244,148.41751769999973
learn,LSTM,LSTM_Baseline,e76233f053ef480991b58d327df48a9c,854778689611649472,_LSTM-UN-f1-5-42_loan_v1_v5_simulated_LSTM,_LSTM-UN-f1-5,42,epoch_duration_sec,11,1780744210203,136.92372979999345
learn,LSTM,LSTM_Baseline,e76233f053ef480991b58d327df48a9c,854778689611649472,_LSTM-UN-f1-5-42_loan_v1_v5_simulated_LSTM,_LSTM-UN-f1-5,42,epoch_duration_sec,12,1780744363327,138.87642020000203
learn,LSTM,LSTM_Baseline,e76233f053ef480991b58d327df48a9c,854778689611649472,_LSTM-UN-f1-5-42_loan_v1_v5_simulated_LSTM,_LSTM-UN-f1-5,42,epoch_duration_sec,13,1780744547459,164.86886159999995
learn,LSTM,LSTM_Baseline,e76233f053ef480991b58d327df48a9c,854778689611649472,_LSTM-UN-f1-5-42_loan_v1_v5_simulated_LSTM,_LSTM-UN-f1-5,42,epoch_duration_sec,14,1780744742939,179.03332700001192
learn,LSTM,LSTM_Baseline,e76233f053ef480991b58d327df48a9c,854778689611649472,_LSTM-UN-f1-5-42_loan_v1_v5_simulated_LSTM,_LSTM-UN-f1-5,42,epoch_duration_sec,15,1780744938570,173.68863840000995
learn,LSTM,LSTM_Baseline,e76233f053ef480991b58d327df48a9c,854778689611649472,_LSTM-UN-f1-5-42_loan_v1_v5_simulated_LSTM,_LSTM-UN-f1-5,42,epoch_duration_sec,16,1780745135826,179.4495561000076
learn,LSTM,LSTM_Baseline,e76233f053ef480991b58d327df48a9c,854778689611649472,_LSTM-UN-f1-5-42_loan_v1_v5_simulated_LSTM,_LSTM-UN-f1-5,42,epoch_duration_sec,17,1780745370875,213.87891869999294
learn,LSTM,LSTM_Baseline,e76233f053ef480991b58d327df48a9c,854778689611649472,_LSTM-UN-f1-5-42_loan_v1_v5_simulated_LSTM,_LSTM-UN-f1-5,42,epoch_duration_sec,18,1780745580867,193.98774799999956
learn,LSTM,LSTM_Baseline,e76233f053ef480991b58d327df48a9c,854778689611649472,_LSTM-UN-f1-5-42_loan_v1_v5_simulated_LSTM,_LSTM-UN-f1-5,42,epoch_duration_sec,19,1780745748920,153.5056942999945
learn,LSTM,LSTM_Baseline,e76233f053ef480991b58d327df48a9c,854778689611649472,_LSTM-UN-f1-5-42_loan_v1_v5_simulated_LSTM,_LSTM-UN-f1-5,42,epoch_duration_sec,20,1780745900121,137.4873649999936
learn,LSTM,LSTM_Baseline,e76233f053ef480991b58d327df48a9c,854778689611649472,_LSTM-UN-f1-5-42_loan_v1_v5_simulated_LSTM,_LSTM-UN-f1-5,42,epoch_duration_sec,21,1780746081551,163.49392619999708
learn,LSTM,LSTM_Baseline,e76233f053ef480991b58d327df48a9c,854778689611649472,_LSTM-UN-f1-5-42_loan_v1_v5_simulated_LSTM,_LSTM-UN-f1-5,42,epoch_duration_sec,22,1780746275263,179.033674899998
learn,LSTM,LSTM_Baseline,e76233f053ef480991b58d327df48a9c,854778689611649472,_LSTM-UN-f1-5-42_loan_v1_v5_simulated_LSTM,_LSTM-UN-f1-5,42,epoch_duration_sec,23,1780746445031,155.1738769999938
learn,LSTM,LSTM_Baseline,e76233f053ef480991b58d327df48a9c,854778689611649472,_LSTM-UN-f1-5-42_loan_v1_v5_simulated_LSTM,_LSTM-UN-f1-5,42,epoch_duration_sec,24,1780746639328,178.1478891000006
learn,LSTM,LSTM_Baseline,e76233f053ef480991b58d327df48a9c,854778689611649472,_LSTM-UN-f1-5-42_loan_v1_v5_simulated_LSTM,_LSTM-UN-f1-5,42,epoch_duration_sec,25,1780746860530,200.6582950000011
learn,LSTM,LSTM_Baseline,e76233f053ef480991b58d327df48a9c,854778689611649472,_LSTM-UN-f1-5-42_loan_v1_v5_simulated_LSTM,_LSTM-UN-f1-5,42,epoch_duration_sec,26,1780747097406,219.28248689998873
learn,LSTM,LSTM_Baseline,e76233f053ef480991b58d327df48a9c,854778689611649472,_LSTM-UN-f1-5-42_loan_v1_v5_simulated_LSTM,_LSTM-UN-f1-5,42,epoch_duration_sec,27,1780747263963,151.88346620000084
learn,LSTM,LSTM_Baseline,e76233f053ef480991b58d327df48a9c,854778689611649472,_LSTM-UN-f1-5-42_loan_v1_v5_simulated_LSTM,_LSTM-UN-f1-5,42,epoch_duration_sec,28,1780747428551,150.7394473000022
learn,LSTM,LSTM_Baseline,e76233f053ef480991b58d327df48a9c,854778689611649472,_LSTM-UN-f1-5-42_loan_v1_v5_simulated_LSTM,_LSTM-UN-f1-5,42,epoch_duration_sec,29,1780747587718,145.30574749999505
learn,LSTM,LSTM_Baseline,e76233f053ef480991b58d327df48a9c,854778689611649472,_LSTM-UN-f1-5-42_loan_v1_v5_simulated_LSTM,_LSTM-UN-f1-5,42,epoch_duration_sec,30,1780747739817,137.92381960000785
learn,LSTM,LSTM_Baseline,e76233f053ef480991b58d327df48a9c,854778689611649472,_LSTM-UN-f1-5-42_loan_v1_v5_simulated_LSTM,_LSTM-UN-f1-5,42,epoch_duration_sec,31,1780747892414,138.61362569998892
learn,LSTM,LSTM_Baseline,e76233f053ef480991b58d327df48a9c,854778689611649472,_LSTM-UN-f1-5-42_loan_v1_v5_simulated_LSTM,_LSTM-UN-f1-5,42,epoch_duration_sec,32,1780748044750,138.89914979999594
learn,LSTM,LSTM_Baseline,e76233f053ef480991b58d327df48a9c,854778689611649472,_LSTM-UN-f1-5-42_loan_v1_v5_simulated_LSTM,_LSTM-UN-f1-5,42,epoch_duration_sec,33,1780748196897,136.45087970000168
learn,LSTM,LSTM_Baseline,e76233f053ef480991b58d327df48a9c,854778689611649472,_LSTM-UN-f1-5-42_loan_v1_v5_simulated_LSTM,_LSTM-UN-f1-5,42,epoch_duration_sec,34,1780748352276,141.94199089999893
learn,LSTM,LSTM_Baseline,e76233f053ef480991b58d327df48a9c,854778689611649472,_LSTM-UN-f1-5-42_loan_v1_v5_simulated_LSTM,_LSTM-UN-f1-5,42,epoch_duration_sec,35,1780748505771,139.7996770000027
learn,LSTM,LSTM_Baseline,e76233f053ef480991b58d327df48a9c,854778689611649472,_LSTM-UN-f1-5-42_loan_v1_v5_simulated_LSTM,_LSTM-UN-f1-5,42,epoch_duration_sec,36,1780748656880,137.427314200002
