metric,paper_model,mean,std,n,aggregation_scope,run_ids
best_epoch,GATv2,32.429,9.537,7,fallback_last_no_best_step,0827dcd6f1a34d1a8330115b73a5f288;19d9078ee52942b08295cf257ee764d0;43bb080720cd41c0919a926a04029b92;4de188c1615448e39860458609d7ba5b;52f73713e211451695967c00ca8a57d0;6ede1f8547d64f9ca43d7c45efbd429f;bbb9ea80d692474a87731fdf952ebe1b
best_epoch,GATv2+Mask,3.286,0.951,7,fallback_last_no_best_step,477ddf290447423086388425acd95d46;48e638d369504463b16fb3f11d14da88;b69e5641721747a5bc0357cd3e450a67;de7d038476b74690a441bf00a9b6f2fc;efb7334ec4e74b2d9dcb5c2eeed6beb3;f22f95e6487c4d62ae00ec6a81ddfbb2;fd61176a11094a29bec34a4accb6a2e7
best_epoch,LSTM,15.000,2.000,7,fallback_last_no_best_step,28783e1f90934a3c9261e69c322f731a;91bf625c79f04aeeb993f58ff30e43bb;97a69231f63141a7bb7f6780b16c17fe;ad4f63e79ee3447ca17d3036caa46702;cbbdeac775de461c865ab13391a906dd;de92aac60c8343dc8e495144fb1f50fb;e76233f053ef480991b58d327df48a9c
best_epoch,EOPKG-WI,45.286,6.317,7,best_epoch;fallback_last_no_best_step,65fb28926d0d45709ad89ec7cf9aef59;88e10c5c5b45467e935548e0decdf824;8b07202c23874e298ad9b3445b49872d;8d2a911a18bb4d61a536433690b744f0;a6f92d038fdd4015af0c2ca3d4d657de;d0cd559af6bc4bcd986fb11b0ed56877;d3b7c7404a1b432b8dd330d96271b528
best_epoch,EOPKG,19.857,4.337,7,fallback_last_no_best_step,43c4e96d97544cea9eae53251dac57de;5e56c5c7531d4675b4c740f509ff678f;5fcc89889b1d45c489329f5e3df9a5a2;a9ec65c003b14176b0d853a15471bbbb;b8f6130db97f4f28b27d4528497aa1f3;c9399e3109674246bfa4894487904d27;ebdfb988ea654392a4a4fc270f9e7c71
best_val_loss,GATv2,0.399,0.008,7,fallback_last_no_best_step,0827dcd6f1a34d1a8330115b73a5f288;19d9078ee52942b08295cf257ee764d0;43bb080720cd41c0919a926a04029b92;4de188c1615448e39860458609d7ba5b;52f73713e211451695967c00ca8a57d0;6ede1f8547d64f9ca43d7c45efbd429f;bbb9ea80d692474a87731fdf952ebe1b
best_val_loss,GATv2+Mask,0.341,0.002,7,fallback_last_no_best_step,477ddf290447423086388425acd95d46;48e638d369504463b16fb3f11d14da88;b69e5641721747a5bc0357cd3e450a67;de7d038476b74690a441bf00a9b6f2fc;efb7334ec4e74b2d9dcb5c2eeed6beb3;f22f95e6487c4d62ae00ec6a81ddfbb2;fd61176a11094a29bec34a4accb6a2e7
best_val_loss,LSTM,0.348,0.003,7,fallback_last_no_best_step,28783e1f90934a3c9261e69c322f731a;91bf625c79f04aeeb993f58ff30e43bb;97a69231f63141a7bb7f6780b16c17fe;ad4f63e79ee3447ca17d3036caa46702;cbbdeac775de461c865ab13391a906dd;de92aac60c8343dc8e495144fb1f50fb;e76233f053ef480991b58d327df48a9c
best_val_loss,EOPKG-WI,0.195,0.005,7,best_epoch;fallback_last_no_best_step,65fb28926d0d45709ad89ec7cf9aef59;88e10c5c5b45467e935548e0decdf824;8b07202c23874e298ad9b3445b49872d;8d2a911a18bb4d61a536433690b744f0;a6f92d038fdd4015af0c2ca3d4d657de;d0cd559af6bc4bcd986fb11b0ed56877;d3b7c7404a1b432b8dd330d96271b528
best_val_loss,EOPKG,0.138,0.000,7,fallback_last_no_best_step,43c4e96d97544cea9eae53251dac57de;5e56c5c7531d4675b4c740f509ff678f;5fcc89889b1d45c489329f5e3df9a5a2;a9ec65c003b14176b0d853a15471bbbb;b8f6130db97f4f28b27d4528497aa1f3;c9399e3109674246bfa4894487904d27;ebdfb988ea654392a4a4fc270f9e7c71
candidate_invalid_probability_mass,GATv2,,,0,,
candidate_invalid_probability_mass,GATv2+Mask,,,0,,
candidate_invalid_probability_mass,LSTM,,,0,,
candidate_invalid_probability_mass,EOPKG-WI,0.032,0.003,7,best_epoch;fallback_last_no_best_step,65fb28926d0d45709ad89ec7cf9aef59;88e10c5c5b45467e935548e0decdf824;8b07202c23874e298ad9b3445b49872d;8d2a911a18bb4d61a536433690b744f0;a6f92d038fdd4015af0c2ca3d4d657de;d0cd559af6bc4bcd986fb11b0ed56877;d3b7c7404a1b432b8dd330d96271b528
candidate_invalid_probability_mass,EOPKG,0.000,0.000,7,fallback_last_no_best_step,43c4e96d97544cea9eae53251dac57de;5e56c5c7531d4675b4c740f509ff678f;5fcc89889b1d45c489329f5e3df9a5a2;a9ec65c003b14176b0d853a15471bbbb;b8f6130db97f4f28b27d4528497aa1f3;c9399e3109674246bfa4894487904d27;ebdfb988ea654392a4a4fc270f9e7c71
candidate_missing_target_rate,GATv2,,,0,,
candidate_missing_target_rate,GATv2+Mask,,,0,,
candidate_missing_target_rate,LSTM,,,0,,
candidate_missing_target_rate,EOPKG-WI,0.000,0.000,7,best_epoch;fallback_last_no_best_step,65fb28926d0d45709ad89ec7cf9aef59;88e10c5c5b45467e935548e0decdf824;8b07202c23874e298ad9b3445b49872d;8d2a911a18bb4d61a536433690b744f0;a6f92d038fdd4015af0c2ca3d4d657de;d0cd559af6bc4bcd986fb11b0ed56877;d3b7c7404a1b432b8dd330d96271b528
candidate_missing_target_rate,EOPKG,0.000,0.000,7,fallback_last_no_best_step,43c4e96d97544cea9eae53251dac57de;5e56c5c7531d4675b4c740f509ff678f;5fcc89889b1d45c489329f5e3df9a5a2;a9ec65c003b14176b0d853a15471bbbb;b8f6130db97f4f28b27d4528497aa1f3;c9399e3109674246bfa4894487904d27;ebdfb988ea654392a4a4fc270f9e7c71
candidate_oos_rate,GATv2,,,0,,
candidate_oos_rate,GATv2+Mask,,,0,,
candidate_oos_rate,LSTM,,,0,,
candidate_oos_rate,EOPKG-WI,0.007,0.008,7,best_epoch;fallback_last_no_best_step,65fb28926d0d45709ad89ec7cf9aef59;88e10c5c5b45467e935548e0decdf824;8b07202c23874e298ad9b3445b49872d;8d2a911a18bb4d61a536433690b744f0;a6f92d038fdd4015af0c2ca3d4d657de;d0cd559af6bc4bcd986fb11b0ed56877;d3b7c7404a1b432b8dd330d96271b528
candidate_oos_rate,EOPKG,0.000,0.000,7,fallback_last_no_best_step,43c4e96d97544cea9eae53251dac57de;5e56c5c7531d4675b4c740f509ff678f;5fcc89889b1d45c489329f5e3df9a5a2;a9ec65c003b14176b0d853a15471bbbb;b8f6130db97f4f28b27d4528497aa1f3;c9399e3109674246bfa4894487904d27;ebdfb988ea654392a4a4fc270f9e7c71
candidate_target_in_candidate_set_rate,GATv2,,,0,,
candidate_target_in_candidate_set_rate,GATv2+Mask,,,0,,
candidate_target_in_candidate_set_rate,LSTM,,,0,,
candidate_target_in_candidate_set_rate,EOPKG-WI,1.000,0.000,7,best_epoch;fallback_last_no_best_step,65fb28926d0d45709ad89ec7cf9aef59;88e10c5c5b45467e935548e0decdf824;8b07202c23874e298ad9b3445b49872d;8d2a911a18bb4d61a536433690b744f0;a6f92d038fdd4015af0c2ca3d4d657de;d0cd559af6bc4bcd986fb11b0ed56877;d3b7c7404a1b432b8dd330d96271b528
candidate_target_in_candidate_set_rate,EOPKG,1.000,0.000,7,fallback_last_no_best_step,43c4e96d97544cea9eae53251dac57de;5e56c5c7531d4675b4c740f509ff678f;5fcc89889b1d45c489329f5e3df9a5a2;a9ec65c003b14176b0d853a15471bbbb;b8f6130db97f4f28b27d4528497aa1f3;c9399e3109674246bfa4894487904d27;ebdfb988ea654392a4a4fc270f9e7c71
candidate_valid_invalid_logit_margin,GATv2,,,0,,
candidate_valid_invalid_logit_margin,GATv2+Mask,,,0,,
candidate_valid_invalid_logit_margin,LSTM,,,0,,
candidate_valid_invalid_logit_margin,EOPKG-WI,5.806,0.158,7,best_epoch;fallback_last_no_best_step,65fb28926d0d45709ad89ec7cf9aef59;88e10c5c5b45467e935548e0decdf824;8b07202c23874e298ad9b3445b49872d;8d2a911a18bb4d61a536433690b744f0;a6f92d038fdd4015af0c2ca3d4d657de;d0cd559af6bc4bcd986fb11b0ed56877;d3b7c7404a1b432b8dd330d96271b528
candidate_valid_invalid_logit_margin,EOPKG,12.672,0.765,7,fallback_last_no_best_step,43c4e96d97544cea9eae53251dac57de;5e56c5c7531d4675b4c740f509ff678f;5fcc89889b1d45c489329f5e3df9a5a2;a9ec65c003b14176b0d853a15471bbbb;b8f6130db97f4f28b27d4528497aa1f3;c9399e3109674246bfa4894487904d27;ebdfb988ea654392a4a4fc270f9e7c71
candidate_valid_probability_mass,GATv2,,,0,,
candidate_valid_probability_mass,GATv2+Mask,,,0,,
candidate_valid_probability_mass,LSTM,,,0,,
candidate_valid_probability_mass,EOPKG-WI,0.968,0.003,7,best_epoch;fallback_last_no_best_step,65fb28926d0d45709ad89ec7cf9aef59;88e10c5c5b45467e935548e0decdf824;8b07202c23874e298ad9b3445b49872d;8d2a911a18bb4d61a536433690b744f0;a6f92d038fdd4015af0c2ca3d4d657de;d0cd559af6bc4bcd986fb11b0ed56877;d3b7c7404a1b432b8dd330d96271b528
candidate_valid_probability_mass,EOPKG,1.000,0.000,7,fallback_last_no_best_step,43c4e96d97544cea9eae53251dac57de;5e56c5c7531d4675b4c740f509ff678f;5fcc89889b1d45c489329f5e3df9a5a2;a9ec65c003b14176b0d853a15471bbbb;b8f6130db97f4f28b27d4528497aa1f3;c9399e3109674246bfa4894487904d27;ebdfb988ea654392a4a4fc270f9e7c71
early_stopping_epoch,GATv2,44.000,5.292,3,fallback_last_no_best_step,19d9078ee52942b08295cf257ee764d0;52f73713e211451695967c00ca8a57d0;6ede1f8547d64f9ca43d7c45efbd429f
early_stopping_epoch,GATv2+Mask,23.286,0.951,7,fallback_last_no_best_step,477ddf290447423086388425acd95d46;48e638d369504463b16fb3f11d14da88;b69e5641721747a5bc0357cd3e450a67;de7d038476b74690a441bf00a9b6f2fc;efb7334ec4e74b2d9dcb5c2eeed6beb3;f22f95e6487c4d62ae00ec6a81ddfbb2;fd61176a11094a29bec34a4accb6a2e7
early_stopping_epoch,LSTM,35.000,2.000,7,fallback_last_no_best_step,28783e1f90934a3c9261e69c322f731a;91bf625c79f04aeeb993f58ff30e43bb;97a69231f63141a7bb7f6780b16c17fe;ad4f63e79ee3447ca17d3036caa46702;cbbdeac775de461c865ab13391a906dd;de92aac60c8343dc8e495144fb1f50fb;e76233f053ef480991b58d327df48a9c
early_stopping_epoch,EOPKG-WI,,,0,,
early_stopping_epoch,EOPKG,39.857,4.337,7,fallback_last_no_best_step,43c4e96d97544cea9eae53251dac57de;5e56c5c7531d4675b4c740f509ff678f;5fcc89889b1d45c489329f5e3df9a5a2;a9ec65c003b14176b0d853a15471bbbb;b8f6130db97f4f28b27d4528497aa1f3;c9399e3109674246bfa4894487904d27;ebdfb988ea654392a4a4fc270f9e7c71
epoch_duration_sec,GATv2,76.046,19.414,7,best_epoch,0827dcd6f1a34d1a8330115b73a5f288;19d9078ee52942b08295cf257ee764d0;43bb080720cd41c0919a926a04029b92;4de188c1615448e39860458609d7ba5b;52f73713e211451695967c00ca8a57d0;6ede1f8547d64f9ca43d7c45efbd429f;bbb9ea80d692474a87731fdf952ebe1b
epoch_duration_sec,GATv2+Mask,72.081,9.301,7,best_epoch,477ddf290447423086388425acd95d46;48e638d369504463b16fb3f11d14da88;b69e5641721747a5bc0357cd3e450a67;de7d038476b74690a441bf00a9b6f2fc;efb7334ec4e74b2d9dcb5c2eeed6beb3;f22f95e6487c4d62ae00ec6a81ddfbb2;fd61176a11094a29bec34a4accb6a2e7
epoch_duration_sec,LSTM,150.534,20.140,7,best_epoch,28783e1f90934a3c9261e69c322f731a;91bf625c79f04aeeb993f58ff30e43bb;97a69231f63141a7bb7f6780b16c17fe;ad4f63e79ee3447ca17d3036caa46702;cbbdeac775de461c865ab13391a906dd;de92aac60c8343dc8e495144fb1f50fb;e76233f053ef480991b58d327df48a9c
epoch_duration_sec,EOPKG-WI,90.905,6.832,7,best_epoch,65fb28926d0d45709ad89ec7cf9aef59;88e10c5c5b45467e935548e0decdf824;8b07202c23874e298ad9b3445b49872d;8d2a911a18bb4d61a536433690b744f0;a6f92d038fdd4015af0c2ca3d4d657de;d0cd559af6bc4bcd986fb11b0ed56877;d3b7c7404a1b432b8dd330d96271b528
epoch_duration_sec,EOPKG,258.752,80.149,7,best_epoch,43c4e96d97544cea9eae53251dac57de;5e56c5c7531d4675b4c740f509ff678f;5fcc89889b1d45c489329f5e3df9a5a2;a9ec65c003b14176b0d853a15471bbbb;b8f6130db97f4f28b27d4528497aa1f3;c9399e3109674246bfa4894487904d27;ebdfb988ea654392a4a4fc270f9e7c71
fixed_label_strict_test_accuracy,GATv2,0.891,0.017,7,fallback_last_no_best_step,0827dcd6f1a34d1a8330115b73a5f288;19d9078ee52942b08295cf257ee764d0;43bb080720cd41c0919a926a04029b92;4de188c1615448e39860458609d7ba5b;52f73713e211451695967c00ca8a57d0;6ede1f8547d64f9ca43d7c45efbd429f;bbb9ea80d692474a87731fdf952ebe1b
fixed_label_strict_test_accuracy,GATv2+Mask,0.888,0.020,7,fallback_last_no_best_step,477ddf290447423086388425acd95d46;48e638d369504463b16fb3f11d14da88;b69e5641721747a5bc0357cd3e450a67;de7d038476b74690a441bf00a9b6f2fc;efb7334ec4e74b2d9dcb5c2eeed6beb3;f22f95e6487c4d62ae00ec6a81ddfbb2;fd61176a11094a29bec34a4accb6a2e7
fixed_label_strict_test_accuracy,LSTM,0.897,0.017,7,fallback_last_no_best_step,28783e1f90934a3c9261e69c322f731a;91bf625c79f04aeeb993f58ff30e43bb;97a69231f63141a7bb7f6780b16c17fe;ad4f63e79ee3447ca17d3036caa46702;cbbdeac775de461c865ab13391a906dd;de92aac60c8343dc8e495144fb1f50fb;e76233f053ef480991b58d327df48a9c
fixed_label_strict_test_accuracy,EOPKG-WI,0.914,0.008,7,best_epoch;fallback_last_no_best_step,65fb28926d0d45709ad89ec7cf9aef59;88e10c5c5b45467e935548e0decdf824;8b07202c23874e298ad9b3445b49872d;8d2a911a18bb4d61a536433690b744f0;a6f92d038fdd4015af0c2ca3d4d657de;d0cd559af6bc4bcd986fb11b0ed56877;d3b7c7404a1b432b8dd330d96271b528
fixed_label_strict_test_accuracy,EOPKG,0.926,0.001,7,fallback_last_no_best_step,43c4e96d97544cea9eae53251dac57de;5e56c5c7531d4675b4c740f509ff678f;5fcc89889b1d45c489329f5e3df9a5a2;a9ec65c003b14176b0d853a15471bbbb;b8f6130db97f4f28b27d4528497aa1f3;c9399e3109674246bfa4894487904d27;ebdfb988ea654392a4a4fc270f9e7c71
fixed_label_strict_test_macro_f1,GATv2,0.729,0.014,7,fallback_last_no_best_step,0827dcd6f1a34d1a8330115b73a5f288;19d9078ee52942b08295cf257ee764d0;43bb080720cd41c0919a926a04029b92;4de188c1615448e39860458609d7ba5b;52f73713e211451695967c00ca8a57d0;6ede1f8547d64f9ca43d7c45efbd429f;bbb9ea80d692474a87731fdf952ebe1b
fixed_label_strict_test_macro_f1,GATv2+Mask,0.749,0.015,7,fallback_last_no_best_step,477ddf290447423086388425acd95d46;48e638d369504463b16fb3f11d14da88;b69e5641721747a5bc0357cd3e450a67;de7d038476b74690a441bf00a9b6f2fc;efb7334ec4e74b2d9dcb5c2eeed6beb3;f22f95e6487c4d62ae00ec6a81ddfbb2;fd61176a11094a29bec34a4accb6a2e7
fixed_label_strict_test_macro_f1,LSTM,0.750,0.011,7,fallback_last_no_best_step,28783e1f90934a3c9261e69c322f731a;91bf625c79f04aeeb993f58ff30e43bb;97a69231f63141a7bb7f6780b16c17fe;ad4f63e79ee3447ca17d3036caa46702;cbbdeac775de461c865ab13391a906dd;de92aac60c8343dc8e495144fb1f50fb;e76233f053ef480991b58d327df48a9c
fixed_label_strict_test_macro_f1,EOPKG-WI,0.736,0.018,7,best_epoch;fallback_last_no_best_step,65fb28926d0d45709ad89ec7cf9aef59;88e10c5c5b45467e935548e0decdf824;8b07202c23874e298ad9b3445b49872d;8d2a911a18bb4d61a536433690b744f0;a6f92d038fdd4015af0c2ca3d4d657de;d0cd559af6bc4bcd986fb11b0ed56877;d3b7c7404a1b432b8dd330d96271b528
fixed_label_strict_test_macro_f1,EOPKG,0.775,0.004,7,fallback_last_no_best_step,43c4e96d97544cea9eae53251dac57de;5e56c5c7531d4675b4c740f509ff678f;5fcc89889b1d45c489329f5e3df9a5a2;a9ec65c003b14176b0d853a15471bbbb;b8f6130db97f4f28b27d4528497aa1f3;c9399e3109674246bfa4894487904d27;ebdfb988ea654392a4a4fc270f9e7c71
fixed_label_strict_test_weighted_f1,GATv2,0.878,0.019,7,fallback_last_no_best_step,0827dcd6f1a34d1a8330115b73a5f288;19d9078ee52942b08295cf257ee764d0;43bb080720cd41c0919a926a04029b92;4de188c1615448e39860458609d7ba5b;52f73713e211451695967c00ca8a57d0;6ede1f8547d64f9ca43d7c45efbd429f;bbb9ea80d692474a87731fdf952ebe1b
fixed_label_strict_test_weighted_f1,GATv2+Mask,0.882,0.022,7,fallback_last_no_best_step,477ddf290447423086388425acd95d46;48e638d369504463b16fb3f11d14da88;b69e5641721747a5bc0357cd3e450a67;de7d038476b74690a441bf00a9b6f2fc;efb7334ec4e74b2d9dcb5c2eeed6beb3;f22f95e6487c4d62ae00ec6a81ddfbb2;fd61176a11094a29bec34a4accb6a2e7
fixed_label_strict_test_weighted_f1,LSTM,0.889,0.014,7,fallback_last_no_best_step,28783e1f90934a3c9261e69c322f731a;91bf625c79f04aeeb993f58ff30e43bb;97a69231f63141a7bb7f6780b16c17fe;ad4f63e79ee3447ca17d3036caa46702;cbbdeac775de461c865ab13391a906dd;de92aac60c8343dc8e495144fb1f50fb;e76233f053ef480991b58d327df48a9c
fixed_label_strict_test_weighted_f1,EOPKG-WI,0.895,0.009,7,best_epoch;fallback_last_no_best_step,65fb28926d0d45709ad89ec7cf9aef59;88e10c5c5b45467e935548e0decdf824;8b07202c23874e298ad9b3445b49872d;8d2a911a18bb4d61a536433690b744f0;a6f92d038fdd4015af0c2ca3d4d657de;d0cd559af6bc4bcd986fb11b0ed56877;d3b7c7404a1b432b8dd330d96271b528
fixed_label_strict_test_weighted_f1,EOPKG,0.916,0.002,7,fallback_last_no_best_step,43c4e96d97544cea9eae53251dac57de;5e56c5c7531d4675b4c740f509ff678f;5fcc89889b1d45c489329f5e3df9a5a2;a9ec65c003b14176b0d853a15471bbbb;b8f6130db97f4f28b27d4528497aa1f3;c9399e3109674246bfa4894487904d27;ebdfb988ea654392a4a4fc270f9e7c71
fixed_label_test_accuracy,GATv2,0.981,0.003,7,fallback_last_no_best_step,0827dcd6f1a34d1a8330115b73a5f288;19d9078ee52942b08295cf257ee764d0;43bb080720cd41c0919a926a04029b92;4de188c1615448e39860458609d7ba5b;52f73713e211451695967c00ca8a57d0;6ede1f8547d64f9ca43d7c45efbd429f;bbb9ea80d692474a87731fdf952ebe1b
fixed_label_test_accuracy,GATv2+Mask,1.000,0.000,7,fallback_last_no_best_step,477ddf290447423086388425acd95d46;48e638d369504463b16fb3f11d14da88;b69e5641721747a5bc0357cd3e450a67;de7d038476b74690a441bf00a9b6f2fc;efb7334ec4e74b2d9dcb5c2eeed6beb3;f22f95e6487c4d62ae00ec6a81ddfbb2;fd61176a11094a29bec34a4accb6a2e7
fixed_label_test_accuracy,LSTM,1.000,0.000,7,fallback_last_no_best_step,28783e1f90934a3c9261e69c322f731a;91bf625c79f04aeeb993f58ff30e43bb;97a69231f63141a7bb7f6780b16c17fe;ad4f63e79ee3447ca17d3036caa46702;cbbdeac775de461c865ab13391a906dd;de92aac60c8343dc8e495144fb1f50fb;e76233f053ef480991b58d327df48a9c
fixed_label_test_accuracy,EOPKG-WI,0.993,0.008,7,best_epoch;fallback_last_no_best_step,65fb28926d0d45709ad89ec7cf9aef59;88e10c5c5b45467e935548e0decdf824;8b07202c23874e298ad9b3445b49872d;8d2a911a18bb4d61a536433690b744f0;a6f92d038fdd4015af0c2ca3d4d657de;d0cd559af6bc4bcd986fb11b0ed56877;d3b7c7404a1b432b8dd330d96271b528
fixed_label_test_accuracy,EOPKG,1.000,0.000,7,fallback_last_no_best_step,43c4e96d97544cea9eae53251dac57de;5e56c5c7531d4675b4c740f509ff678f;5fcc89889b1d45c489329f5e3df9a5a2;a9ec65c003b14176b0d853a15471bbbb;b8f6130db97f4f28b27d4528497aa1f3;c9399e3109674246bfa4894487904d27;ebdfb988ea654392a4a4fc270f9e7c71
fixed_label_test_ece,GATv2,0.028,0.006,7,fallback_last_no_best_step,0827dcd6f1a34d1a8330115b73a5f288;19d9078ee52942b08295cf257ee764d0;43bb080720cd41c0919a926a04029b92;4de188c1615448e39860458609d7ba5b;52f73713e211451695967c00ca8a57d0;6ede1f8547d64f9ca43d7c45efbd429f;bbb9ea80d692474a87731fdf952ebe1b
fixed_label_test_ece,GATv2+Mask,0.032,0.010,7,fallback_last_no_best_step,477ddf290447423086388425acd95d46;48e638d369504463b16fb3f11d14da88;b69e5641721747a5bc0357cd3e450a67;de7d038476b74690a441bf00a9b6f2fc;efb7334ec4e74b2d9dcb5c2eeed6beb3;f22f95e6487c4d62ae00ec6a81ddfbb2;fd61176a11094a29bec34a4accb6a2e7
fixed_label_test_ece,LSTM,0.030,0.007,7,fallback_last_no_best_step,28783e1f90934a3c9261e69c322f731a;91bf625c79f04aeeb993f58ff30e43bb;97a69231f63141a7bb7f6780b16c17fe;ad4f63e79ee3447ca17d3036caa46702;cbbdeac775de461c865ab13391a906dd;de92aac60c8343dc8e495144fb1f50fb;e76233f053ef480991b58d327df48a9c
fixed_label_test_ece,EOPKG-WI,0.015,0.004,7,best_epoch;fallback_last_no_best_step,65fb28926d0d45709ad89ec7cf9aef59;88e10c5c5b45467e935548e0decdf824;8b07202c23874e298ad9b3445b49872d;8d2a911a18bb4d61a536433690b744f0;a6f92d038fdd4015af0c2ca3d4d657de;d0cd559af6bc4bcd986fb11b0ed56877;d3b7c7404a1b432b8dd330d96271b528
fixed_label_test_ece,EOPKG,0.011,0.001,7,fallback_last_no_best_step,43c4e96d97544cea9eae53251dac57de;5e56c5c7531d4675b4c740f509ff678f;5fcc89889b1d45c489329f5e3df9a5a2;a9ec65c003b14176b0d853a15471bbbb;b8f6130db97f4f28b27d4528497aa1f3;c9399e3109674246bfa4894487904d27;ebdfb988ea654392a4a4fc270f9e7c71
fixed_label_test_macro_f1,GATv2,0.938,0.009,7,fallback_last_no_best_step,0827dcd6f1a34d1a8330115b73a5f288;19d9078ee52942b08295cf257ee764d0;43bb080720cd41c0919a926a04029b92;4de188c1615448e39860458609d7ba5b;52f73713e211451695967c00ca8a57d0;6ede1f8547d64f9ca43d7c45efbd429f;bbb9ea80d692474a87731fdf952ebe1b
fixed_label_test_macro_f1,GATv2+Mask,1.000,0.000,7,fallback_last_no_best_step,477ddf290447423086388425acd95d46;48e638d369504463b16fb3f11d14da88;b69e5641721747a5bc0357cd3e450a67;de7d038476b74690a441bf00a9b6f2fc;efb7334ec4e74b2d9dcb5c2eeed6beb3;f22f95e6487c4d62ae00ec6a81ddfbb2;fd61176a11094a29bec34a4accb6a2e7
fixed_label_test_macro_f1,LSTM,1.000,0.000,7,fallback_last_no_best_step,28783e1f90934a3c9261e69c322f731a;91bf625c79f04aeeb993f58ff30e43bb;97a69231f63141a7bb7f6780b16c17fe;ad4f63e79ee3447ca17d3036caa46702;cbbdeac775de461c865ab13391a906dd;de92aac60c8343dc8e495144fb1f50fb;e76233f053ef480991b58d327df48a9c
fixed_label_test_macro_f1,EOPKG-WI,0.982,0.025,7,best_epoch;fallback_last_no_best_step,65fb28926d0d45709ad89ec7cf9aef59;88e10c5c5b45467e935548e0decdf824;8b07202c23874e298ad9b3445b49872d;8d2a911a18bb4d61a536433690b744f0;a6f92d038fdd4015af0c2ca3d4d657de;d0cd559af6bc4bcd986fb11b0ed56877;d3b7c7404a1b432b8dd330d96271b528
fixed_label_test_macro_f1,EOPKG,1.000,0.000,7,fallback_last_no_best_step,43c4e96d97544cea9eae53251dac57de;5e56c5c7531d4675b4c740f509ff678f;5fcc89889b1d45c489329f5e3df9a5a2;a9ec65c003b14176b0d853a15471bbbb;b8f6130db97f4f28b27d4528497aa1f3;c9399e3109674246bfa4894487904d27;ebdfb988ea654392a4a4fc270f9e7c71
fixed_label_test_set_nll,GATv2,0.230,0.008,7,fallback_last_no_best_step,0827dcd6f1a34d1a8330115b73a5f288;19d9078ee52942b08295cf257ee764d0;43bb080720cd41c0919a926a04029b92;4de188c1615448e39860458609d7ba5b;52f73713e211451695967c00ca8a57d0;6ede1f8547d64f9ca43d7c45efbd429f;bbb9ea80d692474a87731fdf952ebe1b
fixed_label_test_set_nll,GATv2+Mask,0.201,0.006,7,fallback_last_no_best_step,477ddf290447423086388425acd95d46;48e638d369504463b16fb3f11d14da88;b69e5641721747a5bc0357cd3e450a67;de7d038476b74690a441bf00a9b6f2fc;efb7334ec4e74b2d9dcb5c2eeed6beb3;f22f95e6487c4d62ae00ec6a81ddfbb2;fd61176a11094a29bec34a4accb6a2e7
fixed_label_test_set_nll,LSTM,0.194,0.005,7,fallback_last_no_best_step,28783e1f90934a3c9261e69c322f731a;91bf625c79f04aeeb993f58ff30e43bb;97a69231f63141a7bb7f6780b16c17fe;ad4f63e79ee3447ca17d3036caa46702;cbbdeac775de461c865ab13391a906dd;de92aac60c8343dc8e495144fb1f50fb;e76233f053ef480991b58d327df48a9c
fixed_label_test_set_nll,EOPKG-WI,0.200,0.006,7,best_epoch;fallback_last_no_best_step,65fb28926d0d45709ad89ec7cf9aef59;88e10c5c5b45467e935548e0decdf824;8b07202c23874e298ad9b3445b49872d;8d2a911a18bb4d61a536433690b744f0;a6f92d038fdd4015af0c2ca3d4d657de;d0cd559af6bc4bcd986fb11b0ed56877;d3b7c7404a1b432b8dd330d96271b528
fixed_label_test_set_nll,EOPKG,0.145,0.001,7,fallback_last_no_best_step,43c4e96d97544cea9eae53251dac57de;5e56c5c7531d4675b4c740f509ff678f;5fcc89889b1d45c489329f5e3df9a5a2;a9ec65c003b14176b0d853a15471bbbb;b8f6130db97f4f28b27d4528497aa1f3;c9399e3109674246bfa4894487904d27;ebdfb988ea654392a4a4fc270f9e7c71
fixed_label_test_weighted_f1,GATv2,0.980,0.003,7,fallback_last_no_best_step,0827dcd6f1a34d1a8330115b73a5f288;19d9078ee52942b08295cf257ee764d0;43bb080720cd41c0919a926a04029b92;4de188c1615448e39860458609d7ba5b;52f73713e211451695967c00ca8a57d0;6ede1f8547d64f9ca43d7c45efbd429f;bbb9ea80d692474a87731fdf952ebe1b
fixed_label_test_weighted_f1,GATv2+Mask,1.000,0.000,7,fallback_last_no_best_step,477ddf290447423086388425acd95d46;48e638d369504463b16fb3f11d14da88;b69e5641721747a5bc0357cd3e450a67;de7d038476b74690a441bf00a9b6f2fc;efb7334ec4e74b2d9dcb5c2eeed6beb3;f22f95e6487c4d62ae00ec6a81ddfbb2;fd61176a11094a29bec34a4accb6a2e7
fixed_label_test_weighted_f1,LSTM,1.000,0.000,7,fallback_last_no_best_step,28783e1f90934a3c9261e69c322f731a;91bf625c79f04aeeb993f58ff30e43bb;97a69231f63141a7bb7f6780b16c17fe;ad4f63e79ee3447ca17d3036caa46702;cbbdeac775de461c865ab13391a906dd;de92aac60c8343dc8e495144fb1f50fb;e76233f053ef480991b58d327df48a9c
fixed_label_test_weighted_f1,EOPKG-WI,0.992,0.009,7,best_epoch;fallback_last_no_best_step,65fb28926d0d45709ad89ec7cf9aef59;88e10c5c5b45467e935548e0decdf824;8b07202c23874e298ad9b3445b49872d;8d2a911a18bb4d61a536433690b744f0;a6f92d038fdd4015af0c2ca3d4d657de;d0cd559af6bc4bcd986fb11b0ed56877;d3b7c7404a1b432b8dd330d96271b528
fixed_label_test_weighted_f1,EOPKG,1.000,0.000,7,fallback_last_no_best_step,43c4e96d97544cea9eae53251dac57de;5e56c5c7531d4675b4c740f509ff678f;5fcc89889b1d45c489329f5e3df9a5a2;a9ec65c003b14176b0d853a15471bbbb;b8f6130db97f4f28b27d4528497aa1f3;c9399e3109674246bfa4894487904d27;ebdfb988ea654392a4a4fc270f9e7c71
inference_candidate_class_score_mean_abs,GATv2,,,0,,
inference_candidate_class_score_mean_abs,GATv2+Mask,,,0,,
inference_candidate_class_score_mean_abs,LSTM,,,0,,
inference_candidate_class_score_mean_abs,EOPKG-WI,90323.902,0.024,7,fallback_last_no_best_step,65fb28926d0d45709ad89ec7cf9aef59;88e10c5c5b45467e935548e0decdf824;8b07202c23874e298ad9b3445b49872d;8d2a911a18bb4d61a536433690b744f0;a6f92d038fdd4015af0c2ca3d4d657de;d0cd559af6bc4bcd986fb11b0ed56877;d3b7c7404a1b432b8dd330d96271b528
inference_candidate_class_score_mean_abs,EOPKG,90329.263,0.360,7,fallback_last_no_best_step,43c4e96d97544cea9eae53251dac57de;5e56c5c7531d4675b4c740f509ff678f;5fcc89889b1d45c489329f5e3df9a5a2;a9ec65c003b14176b0d853a15471bbbb;b8f6130db97f4f28b27d4528497aa1f3;c9399e3109674246bfa4894487904d27;ebdfb988ea654392a4a4fc270f9e7c71
inference_candidate_dynamic_count,GATv2,,,0,,
inference_candidate_dynamic_count,GATv2+Mask,,,0,,
inference_candidate_dynamic_count,LSTM,,,0,,
inference_candidate_dynamic_count,EOPKG-WI,40.935,0.000,7,fallback_last_no_best_step,65fb28926d0d45709ad89ec7cf9aef59;88e10c5c5b45467e935548e0decdf824;8b07202c23874e298ad9b3445b49872d;8d2a911a18bb4d61a536433690b744f0;a6f92d038fdd4015af0c2ca3d4d657de;d0cd559af6bc4bcd986fb11b0ed56877;d3b7c7404a1b432b8dd330d96271b528
inference_candidate_dynamic_count,EOPKG,40.935,0.000,7,fallback_last_no_best_step,43c4e96d97544cea9eae53251dac57de;5e56c5c7531d4675b4c740f509ff678f;5fcc89889b1d45c489329f5e3df9a5a2;a9ec65c003b14176b0d853a15471bbbb;b8f6130db97f4f28b27d4528497aa1f3;c9399e3109674246bfa4894487904d27;ebdfb988ea654392a4a4fc270f9e7c71
inference_candidate_invalid_probability_mass,GATv2,,,0,,
inference_candidate_invalid_probability_mass,GATv2+Mask,,,0,,
inference_candidate_invalid_probability_mass,LSTM,,,0,,
inference_candidate_invalid_probability_mass,EOPKG-WI,0.032,0.003,7,fallback_last_no_best_step,65fb28926d0d45709ad89ec7cf9aef59;88e10c5c5b45467e935548e0decdf824;8b07202c23874e298ad9b3445b49872d;8d2a911a18bb4d61a536433690b744f0;a6f92d038fdd4015af0c2ca3d4d657de;d0cd559af6bc4bcd986fb11b0ed56877;d3b7c7404a1b432b8dd330d96271b528
inference_candidate_invalid_probability_mass,EOPKG,0.000,0.000,7,fallback_last_no_best_step,43c4e96d97544cea9eae53251dac57de;5e56c5c7531d4675b4c740f509ff678f;5fcc89889b1d45c489329f5e3df9a5a2;a9ec65c003b14176b0d853a15471bbbb;b8f6130db97f4f28b27d4528497aa1f3;c9399e3109674246bfa4894487904d27;ebdfb988ea654392a4a4fc270f9e7c71
inference_candidate_node_score_mean_abs,GATv2,,,0,,
inference_candidate_node_score_mean_abs,GATv2+Mask,,,0,,
inference_candidate_node_score_mean_abs,LSTM,,,0,,
inference_candidate_node_score_mean_abs,EOPKG-WI,1.452,0.026,7,fallback_last_no_best_step,65fb28926d0d45709ad89ec7cf9aef59;88e10c5c5b45467e935548e0decdf824;8b07202c23874e298ad9b3445b49872d;8d2a911a18bb4d61a536433690b744f0;a6f92d038fdd4015af0c2ca3d4d657de;d0cd559af6bc4bcd986fb11b0ed56877;d3b7c7404a1b432b8dd330d96271b528
inference_candidate_node_score_mean_abs,EOPKG,7.340,0.395,7,fallback_last_no_best_step,43c4e96d97544cea9eae53251dac57de;5e56c5c7531d4675b4c740f509ff678f;5fcc89889b1d45c489329f5e3df9a5a2;a9ec65c003b14176b0d853a15471bbbb;b8f6130db97f4f28b27d4528497aa1f3;c9399e3109674246bfa4894487904d27;ebdfb988ea654392a4a4fc270f9e7c71
inference_candidate_oos_rate,GATv2,,,0,,
inference_candidate_oos_rate,GATv2+Mask,,,0,,
inference_candidate_oos_rate,LSTM,,,0,,
inference_candidate_oos_rate,EOPKG-WI,0.007,0.008,7,fallback_last_no_best_step,65fb28926d0d45709ad89ec7cf9aef59;88e10c5c5b45467e935548e0decdf824;8b07202c23874e298ad9b3445b49872d;8d2a911a18bb4d61a536433690b744f0;a6f92d038fdd4015af0c2ca3d4d657de;d0cd559af6bc4bcd986fb11b0ed56877;d3b7c7404a1b432b8dd330d96271b528
inference_candidate_oos_rate,EOPKG,0.000,0.000,7,fallback_last_no_best_step,43c4e96d97544cea9eae53251dac57de;5e56c5c7531d4675b4c740f509ff678f;5fcc89889b1d45c489329f5e3df9a5a2;a9ec65c003b14176b0d853a15471bbbb;b8f6130db97f4f28b27d4528497aa1f3;c9399e3109674246bfa4894487904d27;ebdfb988ea654392a4a4fc270f9e7c71
inference_candidate_pred_score,GATv2,,,0,,
inference_candidate_pred_score,GATv2+Mask,,,0,,
inference_candidate_pred_score,LSTM,,,0,,
inference_candidate_pred_score,EOPKG-WI,8.583,0.086,7,fallback_last_no_best_step,65fb28926d0d45709ad89ec7cf9aef59;88e10c5c5b45467e935548e0decdf824;8b07202c23874e298ad9b3445b49872d;8d2a911a18bb4d61a536433690b744f0;a6f92d038fdd4015af0c2ca3d4d657de;d0cd559af6bc4bcd986fb11b0ed56877;d3b7c7404a1b432b8dd330d96271b528
inference_candidate_pred_score,EOPKG,6.717,0.222,7,fallback_last_no_best_step,43c4e96d97544cea9eae53251dac57de;5e56c5c7531d4675b4c740f509ff678f;5fcc89889b1d45c489329f5e3df9a5a2;a9ec65c003b14176b0d853a15471bbbb;b8f6130db97f4f28b27d4528497aa1f3;c9399e3109674246bfa4894487904d27;ebdfb988ea654392a4a4fc270f9e7c71
inference_candidate_prediction_entropy,GATv2,,,0,,
inference_candidate_prediction_entropy,GATv2+Mask,,,0,,
inference_candidate_prediction_entropy,LSTM,,,0,,
inference_candidate_prediction_entropy,EOPKG-WI,0.236,0.009,7,fallback_last_no_best_step,65fb28926d0d45709ad89ec7cf9aef59;88e10c5c5b45467e935548e0decdf824;8b07202c23874e298ad9b3445b49872d;8d2a911a18bb4d61a536433690b744f0;a6f92d038fdd4015af0c2ca3d4d657de;d0cd559af6bc4bcd986fb11b0ed56877;d3b7c7404a1b432b8dd330d96271b528
inference_candidate_prediction_entropy,EOPKG,0.136,0.003,7,fallback_last_no_best_step,43c4e96d97544cea9eae53251dac57de;5e56c5c7531d4675b4c740f509ff678f;5fcc89889b1d45c489329f5e3df9a5a2;a9ec65c003b14176b0d853a15471bbbb;b8f6130db97f4f28b27d4528497aa1f3;c9399e3109674246bfa4894487904d27;ebdfb988ea654392a4a4fc270f9e7c71
inference_candidate_score_gap,GATv2,,,0,,
inference_candidate_score_gap,GATv2+Mask,,,0,,
inference_candidate_score_gap,LSTM,,,0,,
inference_candidate_score_gap,EOPKG-WI,0.066,0.003,7,fallback_last_no_best_step,65fb28926d0d45709ad89ec7cf9aef59;88e10c5c5b45467e935548e0decdf824;8b07202c23874e298ad9b3445b49872d;8d2a911a18bb4d61a536433690b744f0;a6f92d038fdd4015af0c2ca3d4d657de;d0cd559af6bc4bcd986fb11b0ed56877;d3b7c7404a1b432b8dd330d96271b528
inference_candidate_score_gap,EOPKG,0.059,0.004,7,fallback_last_no_best_step,43c4e96d97544cea9eae53251dac57de;5e56c5c7531d4675b4c740f509ff678f;5fcc89889b1d45c489329f5e3df9a5a2;a9ec65c003b14176b0d853a15471bbbb;b8f6130db97f4f28b27d4528497aa1f3;c9399e3109674246bfa4894487904d27;ebdfb988ea654392a4a4fc270f9e7c71
inference_candidate_seen_score_mean,GATv2,,,0,,
inference_candidate_seen_score_mean,GATv2+Mask,,,0,,
inference_candidate_seen_score_mean,LSTM,,,0,,
inference_candidate_seen_score_mean,EOPKG-WI,-0.458,0.059,7,fallback_last_no_best_step,65fb28926d0d45709ad89ec7cf9aef59;88e10c5c5b45467e935548e0decdf824;8b07202c23874e298ad9b3445b49872d;8d2a911a18bb4d61a536433690b744f0;a6f92d038fdd4015af0c2ca3d4d657de;d0cd559af6bc4bcd986fb11b0ed56877;d3b7c7404a1b432b8dd330d96271b528
inference_candidate_seen_score_mean,EOPKG,-6.954,0.404,7,fallback_last_no_best_step,43c4e96d97544cea9eae53251dac57de;5e56c5c7531d4675b4c740f509ff678f;5fcc89889b1d45c489329f5e3df9a5a2;a9ec65c003b14176b0d853a15471bbbb;b8f6130db97f4f28b27d4528497aa1f3;c9399e3109674246bfa4894487904d27;ebdfb988ea654392a4a4fc270f9e7c71
inference_candidate_seen_unseen_score_gap,GATv2,,,0,,
inference_candidate_seen_unseen_score_gap,GATv2+Mask,,,0,,
inference_candidate_seen_unseen_score_gap,LSTM,,,0,,
inference_candidate_seen_unseen_score_gap,EOPKG-WI,0.000,0.000,7,fallback_last_no_best_step,65fb28926d0d45709ad89ec7cf9aef59;88e10c5c5b45467e935548e0decdf824;8b07202c23874e298ad9b3445b49872d;8d2a911a18bb4d61a536433690b744f0;a6f92d038fdd4015af0c2ca3d4d657de;d0cd559af6bc4bcd986fb11b0ed56877;d3b7c7404a1b432b8dd330d96271b528
inference_candidate_seen_unseen_score_gap,EOPKG,0.000,0.000,7,fallback_last_no_best_step,43c4e96d97544cea9eae53251dac57de;5e56c5c7531d4675b4c740f509ff678f;5fcc89889b1d45c489329f5e3df9a5a2;a9ec65c003b14176b0d853a15471bbbb;b8f6130db97f4f28b27d4528497aa1f3;c9399e3109674246bfa4894487904d27;ebdfb988ea654392a4a4fc270f9e7c71
inference_candidate_target_score,GATv2,,,0,,
inference_candidate_target_score,GATv2+Mask,,,0,,
inference_candidate_target_score,LSTM,,,0,,
inference_candidate_target_score,EOPKG-WI,8.517,0.086,7,fallback_last_no_best_step,65fb28926d0d45709ad89ec7cf9aef59;88e10c5c5b45467e935548e0decdf824;8b07202c23874e298ad9b3445b49872d;8d2a911a18bb4d61a536433690b744f0;a6f92d038fdd4015af0c2ca3d4d657de;d0cd559af6bc4bcd986fb11b0ed56877;d3b7c7404a1b432b8dd330d96271b528
inference_candidate_target_score,EOPKG,6.658,0.222,7,fallback_last_no_best_step,43c4e96d97544cea9eae53251dac57de;5e56c5c7531d4675b4c740f509ff678f;5fcc89889b1d45c489329f5e3df9a5a2;a9ec65c003b14176b0d853a15471bbbb;b8f6130db97f4f28b27d4528497aa1f3;c9399e3109674246bfa4894487904d27;ebdfb988ea654392a4a4fc270f9e7c71
inference_candidate_temperature,GATv2,,,0,,
inference_candidate_temperature,GATv2+Mask,,,0,,
inference_candidate_temperature,LSTM,,,0,,
inference_candidate_temperature,EOPKG-WI,0.100,0.000,7,fallback_last_no_best_step,65fb28926d0d45709ad89ec7cf9aef59;88e10c5c5b45467e935548e0decdf824;8b07202c23874e298ad9b3445b49872d;8d2a911a18bb4d61a536433690b744f0;a6f92d038fdd4015af0c2ca3d4d657de;d0cd559af6bc4bcd986fb11b0ed56877;d3b7c7404a1b432b8dd330d96271b528
inference_candidate_temperature,EOPKG,0.100,0.000,7,fallback_last_no_best_step,43c4e96d97544cea9eae53251dac57de;5e56c5c7531d4675b4c740f509ff678f;5fcc89889b1d45c489329f5e3df9a5a2;a9ec65c003b14176b0d853a15471bbbb;b8f6130db97f4f28b27d4528497aa1f3;c9399e3109674246bfa4894487904d27;ebdfb988ea654392a4a4fc270f9e7c71
inference_candidate_unseen_candidate_rate,GATv2,,,0,,
inference_candidate_unseen_candidate_rate,GATv2+Mask,,,0,,
inference_candidate_unseen_candidate_rate,LSTM,,,0,,
inference_candidate_unseen_candidate_rate,EOPKG-WI,0.000,0.000,7,fallback_last_no_best_step,65fb28926d0d45709ad89ec7cf9aef59;88e10c5c5b45467e935548e0decdf824;8b07202c23874e298ad9b3445b49872d;8d2a911a18bb4d61a536433690b744f0;a6f92d038fdd4015af0c2ca3d4d657de;d0cd559af6bc4bcd986fb11b0ed56877;d3b7c7404a1b432b8dd330d96271b528
inference_candidate_unseen_candidate_rate,EOPKG,0.000,0.000,7,fallback_last_no_best_step,43c4e96d97544cea9eae53251dac57de;5e56c5c7531d4675b4c740f509ff678f;5fcc89889b1d45c489329f5e3df9a5a2;a9ec65c003b14176b0d853a15471bbbb;b8f6130db97f4f28b27d4528497aa1f3;c9399e3109674246bfa4894487904d27;ebdfb988ea654392a4a4fc270f9e7c71
inference_candidate_unseen_score_mean,GATv2,,,0,,
inference_candidate_unseen_score_mean,GATv2+Mask,,,0,,
inference_candidate_unseen_score_mean,LSTM,,,0,,
inference_candidate_unseen_score_mean,EOPKG-WI,0.000,0.000,7,fallback_last_no_best_step,65fb28926d0d45709ad89ec7cf9aef59;88e10c5c5b45467e935548e0decdf824;8b07202c23874e298ad9b3445b49872d;8d2a911a18bb4d61a536433690b744f0;a6f92d038fdd4015af0c2ca3d4d657de;d0cd559af6bc4bcd986fb11b0ed56877;d3b7c7404a1b432b8dd330d96271b528
inference_candidate_unseen_score_mean,EOPKG,0.000,0.000,7,fallback_last_no_best_step,43c4e96d97544cea9eae53251dac57de;5e56c5c7531d4675b4c740f509ff678f;5fcc89889b1d45c489329f5e3df9a5a2;a9ec65c003b14176b0d853a15471bbbb;b8f6130db97f4f28b27d4528497aa1f3;c9399e3109674246bfa4894487904d27;ebdfb988ea654392a4a4fc270f9e7c71
inference_candidate_valid_invalid_logit_margin,GATv2,,,0,,
inference_candidate_valid_invalid_logit_margin,GATv2+Mask,,,0,,
inference_candidate_valid_invalid_logit_margin,LSTM,,,0,,
inference_candidate_valid_invalid_logit_margin,EOPKG-WI,5.806,0.158,7,fallback_last_no_best_step,65fb28926d0d45709ad89ec7cf9aef59;88e10c5c5b45467e935548e0decdf824;8b07202c23874e298ad9b3445b49872d;8d2a911a18bb4d61a536433690b744f0;a6f92d038fdd4015af0c2ca3d4d657de;d0cd559af6bc4bcd986fb11b0ed56877;d3b7c7404a1b432b8dd330d96271b528
inference_candidate_valid_invalid_logit_margin,EOPKG,12.672,0.765,7,fallback_last_no_best_step,43c4e96d97544cea9eae53251dac57de;5e56c5c7531d4675b4c740f509ff678f;5fcc89889b1d45c489329f5e3df9a5a2;a9ec65c003b14176b0d853a15471bbbb;b8f6130db97f4f28b27d4528497aa1f3;c9399e3109674246bfa4894487904d27;ebdfb988ea654392a4a4fc270f9e7c71
inference_candidate_valid_probability_mass,GATv2,,,0,,
inference_candidate_valid_probability_mass,GATv2+Mask,,,0,,
inference_candidate_valid_probability_mass,LSTM,,,0,,
inference_candidate_valid_probability_mass,EOPKG-WI,0.968,0.003,7,fallback_last_no_best_step,65fb28926d0d45709ad89ec7cf9aef59;88e10c5c5b45467e935548e0decdf824;8b07202c23874e298ad9b3445b49872d;8d2a911a18bb4d61a536433690b744f0;a6f92d038fdd4015af0c2ca3d4d657de;d0cd559af6bc4bcd986fb11b0ed56877;d3b7c7404a1b432b8dd330d96271b528
inference_candidate_valid_probability_mass,EOPKG,1.000,0.000,7,fallback_last_no_best_step,43c4e96d97544cea9eae53251dac57de;5e56c5c7531d4675b4c740f509ff678f;5fcc89889b1d45c489329f5e3df9a5a2;a9ec65c003b14176b0d853a15471bbbb;b8f6130db97f4f28b27d4528497aa1f3;c9399e3109674246bfa4894487904d27;ebdfb988ea654392a4a4fc270f9e7c71
inference_duplicate_candidate_count_max,GATv2,,,0,,
inference_duplicate_candidate_count_max,GATv2+Mask,,,0,,
inference_duplicate_candidate_count_max,LSTM,,,0,,
inference_duplicate_candidate_count_max,EOPKG-WI,1.000,0.000,7,fallback_last_no_best_step,65fb28926d0d45709ad89ec7cf9aef59;88e10c5c5b45467e935548e0decdf824;8b07202c23874e298ad9b3445b49872d;8d2a911a18bb4d61a536433690b744f0;a6f92d038fdd4015af0c2ca3d4d657de;d0cd559af6bc4bcd986fb11b0ed56877;d3b7c7404a1b432b8dd330d96271b528
inference_duplicate_candidate_count_max,EOPKG,1.000,0.000,7,fallback_last_no_best_step,43c4e96d97544cea9eae53251dac57de;5e56c5c7531d4675b4c740f509ff678f;5fcc89889b1d45c489329f5e3df9a5a2;a9ec65c003b14176b0d853a15471bbbb;b8f6130db97f4f28b27d4528497aa1f3;c9399e3109674246bfa4894487904d27;ebdfb988ea654392a4a4fc270f9e7c71
inference_impulse_activation_max_abs,GATv2,,,0,,
inference_impulse_activation_max_abs,GATv2+Mask,,,0,,
inference_impulse_activation_max_abs,LSTM,,,0,,
inference_impulse_activation_max_abs,EOPKG-WI,0.000,0.000,7,fallback_last_no_best_step,65fb28926d0d45709ad89ec7cf9aef59;88e10c5c5b45467e935548e0decdf824;8b07202c23874e298ad9b3445b49872d;8d2a911a18bb4d61a536433690b744f0;a6f92d038fdd4015af0c2ca3d4d657de;d0cd559af6bc4bcd986fb11b0ed56877;d3b7c7404a1b432b8dd330d96271b528
inference_impulse_activation_max_abs,EOPKG,5.614,0.763,7,fallback_last_no_best_step,43c4e96d97544cea9eae53251dac57de;5e56c5c7531d4675b4c740f509ff678f;5fcc89889b1d45c489329f5e3df9a5a2;a9ec65c003b14176b0d853a15471bbbb;b8f6130db97f4f28b27d4528497aa1f3;c9399e3109674246bfa4894487904d27;ebdfb988ea654392a4a4fc270f9e7c71
inference_impulse_activation_mean_abs,GATv2,,,0,,
inference_impulse_activation_mean_abs,GATv2+Mask,,,0,,
inference_impulse_activation_mean_abs,LSTM,,,0,,
inference_impulse_activation_mean_abs,EOPKG-WI,0.000,0.000,7,fallback_last_no_best_step,65fb28926d0d45709ad89ec7cf9aef59;88e10c5c5b45467e935548e0decdf824;8b07202c23874e298ad9b3445b49872d;8d2a911a18bb4d61a536433690b744f0;a6f92d038fdd4015af0c2ca3d4d657de;d0cd559af6bc4bcd986fb11b0ed56877;d3b7c7404a1b432b8dd330d96271b528
inference_impulse_activation_mean_abs,EOPKG,1.095,0.023,7,fallback_last_no_best_step,43c4e96d97544cea9eae53251dac57de;5e56c5c7531d4675b4c740f509ff678f;5fcc89889b1d45c489329f5e3df9a5a2;a9ec65c003b14176b0d853a15471bbbb;b8f6130db97f4f28b27d4528497aa1f3;c9399e3109674246bfa4894487904d27;ebdfb988ea654392a4a4fc270f9e7c71
inference_impulse_gnn_oversmoothing_ratio,GATv2,,,0,,
inference_impulse_gnn_oversmoothing_ratio,GATv2+Mask,,,0,,
inference_impulse_gnn_oversmoothing_ratio,LSTM,,,0,,
inference_impulse_gnn_oversmoothing_ratio,EOPKG-WI,0.000,0.000,7,fallback_last_no_best_step,65fb28926d0d45709ad89ec7cf9aef59;88e10c5c5b45467e935548e0decdf824;8b07202c23874e298ad9b3445b49872d;8d2a911a18bb4d61a536433690b744f0;a6f92d038fdd4015af0c2ca3d4d657de;d0cd559af6bc4bcd986fb11b0ed56877;d3b7c7404a1b432b8dd330d96271b528
inference_impulse_gnn_oversmoothing_ratio,EOPKG,0.855,0.027,7,fallback_last_no_best_step,43c4e96d97544cea9eae53251dac57de;5e56c5c7531d4675b4c740f509ff678f;5fcc89889b1d45c489329f5e3df9a5a2;a9ec65c003b14176b0d853a15471bbbb;b8f6130db97f4f28b27d4528497aa1f3;c9399e3109674246bfa4894487904d27;ebdfb988ea654392a4a4fc270f9e7c71
inference_impulse_to_base_node_ratio,GATv2,,,0,,
inference_impulse_to_base_node_ratio,GATv2+Mask,,,0,,
inference_impulse_to_base_node_ratio,LSTM,,,0,,
inference_impulse_to_base_node_ratio,EOPKG-WI,0.000,0.000,7,fallback_last_no_best_step,65fb28926d0d45709ad89ec7cf9aef59;88e10c5c5b45467e935548e0decdf824;8b07202c23874e298ad9b3445b49872d;8d2a911a18bb4d61a536433690b744f0;a6f92d038fdd4015af0c2ca3d4d657de;d0cd559af6bc4bcd986fb11b0ed56877;d3b7c7404a1b432b8dd330d96271b528
inference_impulse_to_base_node_ratio,EOPKG,1.622,0.036,7,fallback_last_no_best_step,43c4e96d97544cea9eae53251dac57de;5e56c5c7531d4675b4c740f509ff678f;5fcc89889b1d45c489329f5e3df9a5a2;a9ec65c003b14176b0d853a15471bbbb;b8f6130db97f4f28b27d4528497aa1f3;c9399e3109674246bfa4894487904d27;ebdfb988ea654392a4a4fc270f9e7c71
legacy_test_accuracy,GATv2,0.891,0.017,7,fallback_last_no_best_step,0827dcd6f1a34d1a8330115b73a5f288;19d9078ee52942b08295cf257ee764d0;43bb080720cd41c0919a926a04029b92;4de188c1615448e39860458609d7ba5b;52f73713e211451695967c00ca8a57d0;6ede1f8547d64f9ca43d7c45efbd429f;bbb9ea80d692474a87731fdf952ebe1b
legacy_test_accuracy,GATv2+Mask,0.888,0.020,7,fallback_last_no_best_step,477ddf290447423086388425acd95d46;48e638d369504463b16fb3f11d14da88;b69e5641721747a5bc0357cd3e450a67;de7d038476b74690a441bf00a9b6f2fc;efb7334ec4e74b2d9dcb5c2eeed6beb3;f22f95e6487c4d62ae00ec6a81ddfbb2;fd61176a11094a29bec34a4accb6a2e7
legacy_test_accuracy,LSTM,0.897,0.017,7,fallback_last_no_best_step,28783e1f90934a3c9261e69c322f731a;91bf625c79f04aeeb993f58ff30e43bb;97a69231f63141a7bb7f6780b16c17fe;ad4f63e79ee3447ca17d3036caa46702;cbbdeac775de461c865ab13391a906dd;de92aac60c8343dc8e495144fb1f50fb;e76233f053ef480991b58d327df48a9c
legacy_test_accuracy,EOPKG-WI,0.914,0.008,7,best_epoch;fallback_last_no_best_step,65fb28926d0d45709ad89ec7cf9aef59;88e10c5c5b45467e935548e0decdf824;8b07202c23874e298ad9b3445b49872d;8d2a911a18bb4d61a536433690b744f0;a6f92d038fdd4015af0c2ca3d4d657de;d0cd559af6bc4bcd986fb11b0ed56877;d3b7c7404a1b432b8dd330d96271b528
legacy_test_accuracy,EOPKG,0.926,0.001,7,fallback_last_no_best_step,43c4e96d97544cea9eae53251dac57de;5e56c5c7531d4675b4c740f509ff678f;5fcc89889b1d45c489329f5e3df9a5a2;a9ec65c003b14176b0d853a15471bbbb;b8f6130db97f4f28b27d4528497aa1f3;c9399e3109674246bfa4894487904d27;ebdfb988ea654392a4a4fc270f9e7c71
legacy_test_macro_f1,GATv2,0.729,0.014,7,fallback_last_no_best_step,0827dcd6f1a34d1a8330115b73a5f288;19d9078ee52942b08295cf257ee764d0;43bb080720cd41c0919a926a04029b92;4de188c1615448e39860458609d7ba5b;52f73713e211451695967c00ca8a57d0;6ede1f8547d64f9ca43d7c45efbd429f;bbb9ea80d692474a87731fdf952ebe1b
legacy_test_macro_f1,GATv2+Mask,0.749,0.015,7,fallback_last_no_best_step,477ddf290447423086388425acd95d46;48e638d369504463b16fb3f11d14da88;b69e5641721747a5bc0357cd3e450a67;de7d038476b74690a441bf00a9b6f2fc;efb7334ec4e74b2d9dcb5c2eeed6beb3;f22f95e6487c4d62ae00ec6a81ddfbb2;fd61176a11094a29bec34a4accb6a2e7
legacy_test_macro_f1,LSTM,0.750,0.011,7,fallback_last_no_best_step,28783e1f90934a3c9261e69c322f731a;91bf625c79f04aeeb993f58ff30e43bb;97a69231f63141a7bb7f6780b16c17fe;ad4f63e79ee3447ca17d3036caa46702;cbbdeac775de461c865ab13391a906dd;de92aac60c8343dc8e495144fb1f50fb;e76233f053ef480991b58d327df48a9c
legacy_test_macro_f1,EOPKG-WI,0.736,0.018,7,best_epoch;fallback_last_no_best_step,65fb28926d0d45709ad89ec7cf9aef59;88e10c5c5b45467e935548e0decdf824;8b07202c23874e298ad9b3445b49872d;8d2a911a18bb4d61a536433690b744f0;a6f92d038fdd4015af0c2ca3d4d657de;d0cd559af6bc4bcd986fb11b0ed56877;d3b7c7404a1b432b8dd330d96271b528
legacy_test_macro_f1,EOPKG,0.775,0.004,7,fallback_last_no_best_step,43c4e96d97544cea9eae53251dac57de;5e56c5c7531d4675b4c740f509ff678f;5fcc89889b1d45c489329f5e3df9a5a2;a9ec65c003b14176b0d853a15471bbbb;b8f6130db97f4f28b27d4528497aa1f3;c9399e3109674246bfa4894487904d27;ebdfb988ea654392a4a4fc270f9e7c71
legacy_test_weighted_f1,GATv2,0.878,0.019,7,fallback_last_no_best_step,0827dcd6f1a34d1a8330115b73a5f288;19d9078ee52942b08295cf257ee764d0;43bb080720cd41c0919a926a04029b92;4de188c1615448e39860458609d7ba5b;52f73713e211451695967c00ca8a57d0;6ede1f8547d64f9ca43d7c45efbd429f;bbb9ea80d692474a87731fdf952ebe1b
legacy_test_weighted_f1,GATv2+Mask,0.882,0.022,7,fallback_last_no_best_step,477ddf290447423086388425acd95d46;48e638d369504463b16fb3f11d14da88;b69e5641721747a5bc0357cd3e450a67;de7d038476b74690a441bf00a9b6f2fc;efb7334ec4e74b2d9dcb5c2eeed6beb3;f22f95e6487c4d62ae00ec6a81ddfbb2;fd61176a11094a29bec34a4accb6a2e7
legacy_test_weighted_f1,LSTM,0.889,0.014,7,fallback_last_no_best_step,28783e1f90934a3c9261e69c322f731a;91bf625c79f04aeeb993f58ff30e43bb;97a69231f63141a7bb7f6780b16c17fe;ad4f63e79ee3447ca17d3036caa46702;cbbdeac775de461c865ab13391a906dd;de92aac60c8343dc8e495144fb1f50fb;e76233f053ef480991b58d327df48a9c
legacy_test_weighted_f1,EOPKG-WI,0.895,0.009,7,best_epoch;fallback_last_no_best_step,65fb28926d0d45709ad89ec7cf9aef59;88e10c5c5b45467e935548e0decdf824;8b07202c23874e298ad9b3445b49872d;8d2a911a18bb4d61a536433690b744f0;a6f92d038fdd4015af0c2ca3d4d657de;d0cd559af6bc4bcd986fb11b0ed56877;d3b7c7404a1b432b8dd330d96271b528
legacy_test_weighted_f1,EOPKG,0.916,0.002,7,fallback_last_no_best_step,43c4e96d97544cea9eae53251dac57de;5e56c5c7531d4675b4c740f509ff678f;5fcc89889b1d45c489329f5e3df9a5a2;a9ec65c003b14176b0d853a15471bbbb;b8f6130db97f4f28b27d4528497aa1f3;c9399e3109674246bfa4894487904d27;ebdfb988ea654392a4a4fc270f9e7c71
strict_test_accuracy,GATv2,0.891,0.017,7,fallback_last_no_best_step,0827dcd6f1a34d1a8330115b73a5f288;19d9078ee52942b08295cf257ee764d0;43bb080720cd41c0919a926a04029b92;4de188c1615448e39860458609d7ba5b;52f73713e211451695967c00ca8a57d0;6ede1f8547d64f9ca43d7c45efbd429f;bbb9ea80d692474a87731fdf952ebe1b
strict_test_accuracy,GATv2+Mask,0.888,0.020,7,fallback_last_no_best_step,477ddf290447423086388425acd95d46;48e638d369504463b16fb3f11d14da88;b69e5641721747a5bc0357cd3e450a67;de7d038476b74690a441bf00a9b6f2fc;efb7334ec4e74b2d9dcb5c2eeed6beb3;f22f95e6487c4d62ae00ec6a81ddfbb2;fd61176a11094a29bec34a4accb6a2e7
strict_test_accuracy,LSTM,0.897,0.017,7,fallback_last_no_best_step,28783e1f90934a3c9261e69c322f731a;91bf625c79f04aeeb993f58ff30e43bb;97a69231f63141a7bb7f6780b16c17fe;ad4f63e79ee3447ca17d3036caa46702;cbbdeac775de461c865ab13391a906dd;de92aac60c8343dc8e495144fb1f50fb;e76233f053ef480991b58d327df48a9c
strict_test_accuracy,EOPKG-WI,0.914,0.008,7,best_epoch;fallback_last_no_best_step,65fb28926d0d45709ad89ec7cf9aef59;88e10c5c5b45467e935548e0decdf824;8b07202c23874e298ad9b3445b49872d;8d2a911a18bb4d61a536433690b744f0;a6f92d038fdd4015af0c2ca3d4d657de;d0cd559af6bc4bcd986fb11b0ed56877;d3b7c7404a1b432b8dd330d96271b528
strict_test_accuracy,EOPKG,0.926,0.001,7,fallback_last_no_best_step,43c4e96d97544cea9eae53251dac57de;5e56c5c7531d4675b4c740f509ff678f;5fcc89889b1d45c489329f5e3df9a5a2;a9ec65c003b14176b0d853a15471bbbb;b8f6130db97f4f28b27d4528497aa1f3;c9399e3109674246bfa4894487904d27;ebdfb988ea654392a4a4fc270f9e7c71
strict_test_accuracy_len_11_20,GATv2,0.874,0.012,7,fallback_last_no_best_step,0827dcd6f1a34d1a8330115b73a5f288;19d9078ee52942b08295cf257ee764d0;43bb080720cd41c0919a926a04029b92;4de188c1615448e39860458609d7ba5b;52f73713e211451695967c00ca8a57d0;6ede1f8547d64f9ca43d7c45efbd429f;bbb9ea80d692474a87731fdf952ebe1b
strict_test_accuracy_len_11_20,GATv2+Mask,0.920,0.001,7,fallback_last_no_best_step,477ddf290447423086388425acd95d46;48e638d369504463b16fb3f11d14da88;b69e5641721747a5bc0357cd3e450a67;de7d038476b74690a441bf00a9b6f2fc;efb7334ec4e74b2d9dcb5c2eeed6beb3;f22f95e6487c4d62ae00ec6a81ddfbb2;fd61176a11094a29bec34a4accb6a2e7
strict_test_accuracy_len_11_20,LSTM,0.925,0.004,7,fallback_last_no_best_step,28783e1f90934a3c9261e69c322f731a;91bf625c79f04aeeb993f58ff30e43bb;97a69231f63141a7bb7f6780b16c17fe;ad4f63e79ee3447ca17d3036caa46702;cbbdeac775de461c865ab13391a906dd;de92aac60c8343dc8e495144fb1f50fb;e76233f053ef480991b58d327df48a9c
strict_test_accuracy_len_11_20,EOPKG-WI,0.934,0.001,7,best_epoch;fallback_last_no_best_step,65fb28926d0d45709ad89ec7cf9aef59;88e10c5c5b45467e935548e0decdf824;8b07202c23874e298ad9b3445b49872d;8d2a911a18bb4d61a536433690b744f0;a6f92d038fdd4015af0c2ca3d4d657de;d0cd559af6bc4bcd986fb11b0ed56877;d3b7c7404a1b432b8dd330d96271b528
strict_test_accuracy_len_11_20,EOPKG,0.935,0.002,7,fallback_last_no_best_step,43c4e96d97544cea9eae53251dac57de;5e56c5c7531d4675b4c740f509ff678f;5fcc89889b1d45c489329f5e3df9a5a2;a9ec65c003b14176b0d853a15471bbbb;b8f6130db97f4f28b27d4528497aa1f3;c9399e3109674246bfa4894487904d27;ebdfb988ea654392a4a4fc270f9e7c71
strict_test_accuracy_len_1_5,GATv2,0.851,0.006,7,fallback_last_no_best_step,0827dcd6f1a34d1a8330115b73a5f288;19d9078ee52942b08295cf257ee764d0;43bb080720cd41c0919a926a04029b92;4de188c1615448e39860458609d7ba5b;52f73713e211451695967c00ca8a57d0;6ede1f8547d64f9ca43d7c45efbd429f;bbb9ea80d692474a87731fdf952ebe1b
strict_test_accuracy_len_1_5,GATv2+Mask,0.811,0.061,7,fallback_last_no_best_step,477ddf290447423086388425acd95d46;48e638d369504463b16fb3f11d14da88;b69e5641721747a5bc0357cd3e450a67;de7d038476b74690a441bf00a9b6f2fc;efb7334ec4e74b2d9dcb5c2eeed6beb3;f22f95e6487c4d62ae00ec6a81ddfbb2;fd61176a11094a29bec34a4accb6a2e7
strict_test_accuracy_len_1_5,LSTM,0.821,0.035,7,fallback_last_no_best_step,28783e1f90934a3c9261e69c322f731a;91bf625c79f04aeeb993f58ff30e43bb;97a69231f63141a7bb7f6780b16c17fe;ad4f63e79ee3447ca17d3036caa46702;cbbdeac775de461c865ab13391a906dd;de92aac60c8343dc8e495144fb1f50fb;e76233f053ef480991b58d327df48a9c
strict_test_accuracy_len_1_5,EOPKG-WI,0.807,0.037,7,best_epoch;fallback_last_no_best_step,65fb28926d0d45709ad89ec7cf9aef59;88e10c5c5b45467e935548e0decdf824;8b07202c23874e298ad9b3445b49872d;8d2a911a18bb4d61a536433690b744f0;a6f92d038fdd4015af0c2ca3d4d657de;d0cd559af6bc4bcd986fb11b0ed56877;d3b7c7404a1b432b8dd330d96271b528
strict_test_accuracy_len_1_5,EOPKG,0.866,0.003,7,fallback_last_no_best_step,43c4e96d97544cea9eae53251dac57de;5e56c5c7531d4675b4c740f509ff678f;5fcc89889b1d45c489329f5e3df9a5a2;a9ec65c003b14176b0d853a15471bbbb;b8f6130db97f4f28b27d4528497aa1f3;c9399e3109674246bfa4894487904d27;ebdfb988ea654392a4a4fc270f9e7c71
strict_test_accuracy_len_21_plus,GATv2,0.970,0.008,7,fallback_last_no_best_step,0827dcd6f1a34d1a8330115b73a5f288;19d9078ee52942b08295cf257ee764d0;43bb080720cd41c0919a926a04029b92;4de188c1615448e39860458609d7ba5b;52f73713e211451695967c00ca8a57d0;6ede1f8547d64f9ca43d7c45efbd429f;bbb9ea80d692474a87731fdf952ebe1b
strict_test_accuracy_len_21_plus,GATv2+Mask,0.955,0.022,7,fallback_last_no_best_step,477ddf290447423086388425acd95d46;48e638d369504463b16fb3f11d14da88;b69e5641721747a5bc0357cd3e450a67;de7d038476b74690a441bf00a9b6f2fc;efb7334ec4e74b2d9dcb5c2eeed6beb3;f22f95e6487c4d62ae00ec6a81ddfbb2;fd61176a11094a29bec34a4accb6a2e7
strict_test_accuracy_len_21_plus,LSTM,0.950,0.030,7,fallback_last_no_best_step,28783e1f90934a3c9261e69c322f731a;91bf625c79f04aeeb993f58ff30e43bb;97a69231f63141a7bb7f6780b16c17fe;ad4f63e79ee3447ca17d3036caa46702;cbbdeac775de461c865ab13391a906dd;de92aac60c8343dc8e495144fb1f50fb;e76233f053ef480991b58d327df48a9c
strict_test_accuracy_len_21_plus,EOPKG-WI,0.976,0.002,7,best_epoch;fallback_last_no_best_step,65fb28926d0d45709ad89ec7cf9aef59;88e10c5c5b45467e935548e0decdf824;8b07202c23874e298ad9b3445b49872d;8d2a911a18bb4d61a536433690b744f0;a6f92d038fdd4015af0c2ca3d4d657de;d0cd559af6bc4bcd986fb11b0ed56877;d3b7c7404a1b432b8dd330d96271b528
strict_test_accuracy_len_21_plus,EOPKG,0.983,0.001,7,fallback_last_no_best_step,43c4e96d97544cea9eae53251dac57de;5e56c5c7531d4675b4c740f509ff678f;5fcc89889b1d45c489329f5e3df9a5a2;a9ec65c003b14176b0d853a15471bbbb;b8f6130db97f4f28b27d4528497aa1f3;c9399e3109674246bfa4894487904d27;ebdfb988ea654392a4a4fc270f9e7c71
strict_test_accuracy_len_6_10,GATv2,0.812,0.074,7,fallback_last_no_best_step,0827dcd6f1a34d1a8330115b73a5f288;19d9078ee52942b08295cf257ee764d0;43bb080720cd41c0919a926a04029b92;4de188c1615448e39860458609d7ba5b;52f73713e211451695967c00ca8a57d0;6ede1f8547d64f9ca43d7c45efbd429f;bbb9ea80d692474a87731fdf952ebe1b
strict_test_accuracy_len_6_10,GATv2+Mask,0.782,0.060,7,fallback_last_no_best_step,477ddf290447423086388425acd95d46;48e638d369504463b16fb3f11d14da88;b69e5641721747a5bc0357cd3e450a67;de7d038476b74690a441bf00a9b6f2fc;efb7334ec4e74b2d9dcb5c2eeed6beb3;f22f95e6487c4d62ae00ec6a81ddfbb2;fd61176a11094a29bec34a4accb6a2e7
strict_test_accuracy_len_6_10,LSTM,0.824,0.072,7,fallback_last_no_best_step,28783e1f90934a3c9261e69c322f731a;91bf625c79f04aeeb993f58ff30e43bb;97a69231f63141a7bb7f6780b16c17fe;ad4f63e79ee3447ca17d3036caa46702;cbbdeac775de461c865ab13391a906dd;de92aac60c8343dc8e495144fb1f50fb;e76233f053ef480991b58d327df48a9c
strict_test_accuracy_len_6_10,EOPKG-WI,0.870,0.007,7,best_epoch;fallback_last_no_best_step,65fb28926d0d45709ad89ec7cf9aef59;88e10c5c5b45467e935548e0decdf824;8b07202c23874e298ad9b3445b49872d;8d2a911a18bb4d61a536433690b744f0;a6f92d038fdd4015af0c2ca3d4d657de;d0cd559af6bc4bcd986fb11b0ed56877;d3b7c7404a1b432b8dd330d96271b528
strict_test_accuracy_len_6_10,EOPKG,0.863,0.006,7,fallback_last_no_best_step,43c4e96d97544cea9eae53251dac57de;5e56c5c7531d4675b4c740f509ff678f;5fcc89889b1d45c489329f5e3df9a5a2;a9ec65c003b14176b0d853a15471bbbb;b8f6130db97f4f28b27d4528497aa1f3;c9399e3109674246bfa4894487904d27;ebdfb988ea654392a4a4fc270f9e7c71
strict_test_accuracy_mask_card_1,GATv2,0.970,0.011,7,fallback_last_no_best_step,0827dcd6f1a34d1a8330115b73a5f288;19d9078ee52942b08295cf257ee764d0;43bb080720cd41c0919a926a04029b92;4de188c1615448e39860458609d7ba5b;52f73713e211451695967c00ca8a57d0;6ede1f8547d64f9ca43d7c45efbd429f;bbb9ea80d692474a87731fdf952ebe1b
strict_test_accuracy_mask_card_1,GATv2+Mask,1.000,0.000,7,fallback_last_no_best_step,477ddf290447423086388425acd95d46;48e638d369504463b16fb3f11d14da88;b69e5641721747a5bc0357cd3e450a67;de7d038476b74690a441bf00a9b6f2fc;efb7334ec4e74b2d9dcb5c2eeed6beb3;f22f95e6487c4d62ae00ec6a81ddfbb2;fd61176a11094a29bec34a4accb6a2e7
strict_test_accuracy_mask_card_1,LSTM,1.000,0.000,7,fallback_last_no_best_step,28783e1f90934a3c9261e69c322f731a;91bf625c79f04aeeb993f58ff30e43bb;97a69231f63141a7bb7f6780b16c17fe;ad4f63e79ee3447ca17d3036caa46702;cbbdeac775de461c865ab13391a906dd;de92aac60c8343dc8e495144fb1f50fb;e76233f053ef480991b58d327df48a9c
strict_test_accuracy_mask_card_1,EOPKG-WI,1.000,0.000,7,best_epoch;fallback_last_no_best_step,65fb28926d0d45709ad89ec7cf9aef59;88e10c5c5b45467e935548e0decdf824;8b07202c23874e298ad9b3445b49872d;8d2a911a18bb4d61a536433690b744f0;a6f92d038fdd4015af0c2ca3d4d657de;d0cd559af6bc4bcd986fb11b0ed56877;d3b7c7404a1b432b8dd330d96271b528
strict_test_accuracy_mask_card_1,EOPKG,1.000,0.000,7,fallback_last_no_best_step,43c4e96d97544cea9eae53251dac57de;5e56c5c7531d4675b4c740f509ff678f;5fcc89889b1d45c489329f5e3df9a5a2;a9ec65c003b14176b0d853a15471bbbb;b8f6130db97f4f28b27d4528497aa1f3;c9399e3109674246bfa4894487904d27;ebdfb988ea654392a4a4fc270f9e7c71
strict_test_accuracy_mask_card_2,GATv2,0.843,0.034,7,fallback_last_no_best_step,0827dcd6f1a34d1a8330115b73a5f288;19d9078ee52942b08295cf257ee764d0;43bb080720cd41c0919a926a04029b92;4de188c1615448e39860458609d7ba5b;52f73713e211451695967c00ca8a57d0;6ede1f8547d64f9ca43d7c45efbd429f;bbb9ea80d692474a87731fdf952ebe1b
strict_test_accuracy_mask_card_2,GATv2+Mask,0.810,0.046,7,fallback_last_no_best_step,477ddf290447423086388425acd95d46;48e638d369504463b16fb3f11d14da88;b69e5641721747a5bc0357cd3e450a67;de7d038476b74690a441bf00a9b6f2fc;efb7334ec4e74b2d9dcb5c2eeed6beb3;f22f95e6487c4d62ae00ec6a81ddfbb2;fd61176a11094a29bec34a4accb6a2e7
strict_test_accuracy_mask_card_2,LSTM,0.833,0.031,7,fallback_last_no_best_step,28783e1f90934a3c9261e69c322f731a;91bf625c79f04aeeb993f58ff30e43bb;97a69231f63141a7bb7f6780b16c17fe;ad4f63e79ee3447ca17d3036caa46702;cbbdeac775de461c865ab13391a906dd;de92aac60c8343dc8e495144fb1f50fb;e76233f053ef480991b58d327df48a9c
strict_test_accuracy_mask_card_2,EOPKG-WI,0.954,0.009,7,best_epoch;fallback_last_no_best_step,65fb28926d0d45709ad89ec7cf9aef59;88e10c5c5b45467e935548e0decdf824;8b07202c23874e298ad9b3445b49872d;8d2a911a18bb4d61a536433690b744f0;a6f92d038fdd4015af0c2ca3d4d657de;d0cd559af6bc4bcd986fb11b0ed56877;d3b7c7404a1b432b8dd330d96271b528
strict_test_accuracy_mask_card_2,EOPKG,0.949,0.003,7,fallback_last_no_best_step,43c4e96d97544cea9eae53251dac57de;5e56c5c7531d4675b4c740f509ff678f;5fcc89889b1d45c489329f5e3df9a5a2;a9ec65c003b14176b0d853a15471bbbb;b8f6130db97f4f28b27d4528497aa1f3;c9399e3109674246bfa4894487904d27;ebdfb988ea654392a4a4fc270f9e7c71
strict_test_accuracy_mask_card_3_plus,GATv2,0.786,0.009,7,fallback_last_no_best_step,0827dcd6f1a34d1a8330115b73a5f288;19d9078ee52942b08295cf257ee764d0;43bb080720cd41c0919a926a04029b92;4de188c1615448e39860458609d7ba5b;52f73713e211451695967c00ca8a57d0;6ede1f8547d64f9ca43d7c45efbd429f;bbb9ea80d692474a87731fdf952ebe1b
strict_test_accuracy_mask_card_3_plus,GATv2+Mask,0.765,0.046,7,fallback_last_no_best_step,477ddf290447423086388425acd95d46;48e638d369504463b16fb3f11d14da88;b69e5641721747a5bc0357cd3e450a67;de7d038476b74690a441bf00a9b6f2fc;efb7334ec4e74b2d9dcb5c2eeed6beb3;f22f95e6487c4d62ae00ec6a81ddfbb2;fd61176a11094a29bec34a4accb6a2e7
strict_test_accuracy_mask_card_3_plus,LSTM,0.763,0.067,7,fallback_last_no_best_step,28783e1f90934a3c9261e69c322f731a;91bf625c79f04aeeb993f58ff30e43bb;97a69231f63141a7bb7f6780b16c17fe;ad4f63e79ee3447ca17d3036caa46702;cbbdeac775de461c865ab13391a906dd;de92aac60c8343dc8e495144fb1f50fb;e76233f053ef480991b58d327df48a9c
strict_test_accuracy_mask_card_3_plus,EOPKG-WI,0.895,0.009,7,best_epoch;fallback_last_no_best_step,65fb28926d0d45709ad89ec7cf9aef59;88e10c5c5b45467e935548e0decdf824;8b07202c23874e298ad9b3445b49872d;8d2a911a18bb4d61a536433690b744f0;a6f92d038fdd4015af0c2ca3d4d657de;d0cd559af6bc4bcd986fb11b0ed56877;d3b7c7404a1b432b8dd330d96271b528
strict_test_accuracy_mask_card_3_plus,EOPKG,0.910,0.002,7,fallback_last_no_best_step,43c4e96d97544cea9eae53251dac57de;5e56c5c7531d4675b4c740f509ff678f;5fcc89889b1d45c489329f5e3df9a5a2;a9ec65c003b14176b0d853a15471bbbb;b8f6130db97f4f28b27d4528497aa1f3;c9399e3109674246bfa4894487904d27;ebdfb988ea654392a4a4fc270f9e7c71
strict_test_accuracy_v1,GATv2,0.883,0.012,7,fallback_last_no_best_step,0827dcd6f1a34d1a8330115b73a5f288;19d9078ee52942b08295cf257ee764d0;43bb080720cd41c0919a926a04029b92;4de188c1615448e39860458609d7ba5b;52f73713e211451695967c00ca8a57d0;6ede1f8547d64f9ca43d7c45efbd429f;bbb9ea80d692474a87731fdf952ebe1b
strict_test_accuracy_v1,GATv2+Mask,0.888,0.018,7,fallback_last_no_best_step,477ddf290447423086388425acd95d46;48e638d369504463b16fb3f11d14da88;b69e5641721747a5bc0357cd3e450a67;de7d038476b74690a441bf00a9b6f2fc;efb7334ec4e74b2d9dcb5c2eeed6beb3;f22f95e6487c4d62ae00ec6a81ddfbb2;fd61176a11094a29bec34a4accb6a2e7
strict_test_accuracy_v1,LSTM,0.894,0.015,7,fallback_last_no_best_step,28783e1f90934a3c9261e69c322f731a;91bf625c79f04aeeb993f58ff30e43bb;97a69231f63141a7bb7f6780b16c17fe;ad4f63e79ee3447ca17d3036caa46702;cbbdeac775de461c865ab13391a906dd;de92aac60c8343dc8e495144fb1f50fb;e76233f053ef480991b58d327df48a9c
strict_test_accuracy_v1,EOPKG-WI,0.915,0.008,7,best_epoch;fallback_last_no_best_step,65fb28926d0d45709ad89ec7cf9aef59;88e10c5c5b45467e935548e0decdf824;8b07202c23874e298ad9b3445b49872d;8d2a911a18bb4d61a536433690b744f0;a6f92d038fdd4015af0c2ca3d4d657de;d0cd559af6bc4bcd986fb11b0ed56877;d3b7c7404a1b432b8dd330d96271b528
strict_test_accuracy_v1,EOPKG,0.927,0.002,7,fallback_last_no_best_step,43c4e96d97544cea9eae53251dac57de;5e56c5c7531d4675b4c740f509ff678f;5fcc89889b1d45c489329f5e3df9a5a2;a9ec65c003b14176b0d853a15471bbbb;b8f6130db97f4f28b27d4528497aa1f3;c9399e3109674246bfa4894487904d27;ebdfb988ea654392a4a4fc270f9e7c71
strict_test_accuracy_v2,GATv2,0.899,0.028,7,fallback_last_no_best_step,0827dcd6f1a34d1a8330115b73a5f288;19d9078ee52942b08295cf257ee764d0;43bb080720cd41c0919a926a04029b92;4de188c1615448e39860458609d7ba5b;52f73713e211451695967c00ca8a57d0;6ede1f8547d64f9ca43d7c45efbd429f;bbb9ea80d692474a87731fdf952ebe1b
strict_test_accuracy_v2,GATv2+Mask,0.889,0.022,7,fallback_last_no_best_step,477ddf290447423086388425acd95d46;48e638d369504463b16fb3f11d14da88;b69e5641721747a5bc0357cd3e450a67;de7d038476b74690a441bf00a9b6f2fc;efb7334ec4e74b2d9dcb5c2eeed6beb3;f22f95e6487c4d62ae00ec6a81ddfbb2;fd61176a11094a29bec34a4accb6a2e7
strict_test_accuracy_v2,LSTM,0.900,0.021,7,fallback_last_no_best_step,28783e1f90934a3c9261e69c322f731a;91bf625c79f04aeeb993f58ff30e43bb;97a69231f63141a7bb7f6780b16c17fe;ad4f63e79ee3447ca17d3036caa46702;cbbdeac775de461c865ab13391a906dd;de92aac60c8343dc8e495144fb1f50fb;e76233f053ef480991b58d327df48a9c
strict_test_accuracy_v2,EOPKG-WI,0.913,0.009,7,best_epoch;fallback_last_no_best_step,65fb28926d0d45709ad89ec7cf9aef59;88e10c5c5b45467e935548e0decdf824;8b07202c23874e298ad9b3445b49872d;8d2a911a18bb4d61a536433690b744f0;a6f92d038fdd4015af0c2ca3d4d657de;d0cd559af6bc4bcd986fb11b0ed56877;d3b7c7404a1b432b8dd330d96271b528
strict_test_accuracy_v2,EOPKG,0.925,0.001,7,fallback_last_no_best_step,43c4e96d97544cea9eae53251dac57de;5e56c5c7531d4675b4c740f509ff678f;5fcc89889b1d45c489329f5e3df9a5a2;a9ec65c003b14176b0d853a15471bbbb;b8f6130db97f4f28b27d4528497aa1f3;c9399e3109674246bfa4894487904d27;ebdfb988ea654392a4a4fc270f9e7c71
strict_test_f1_len_11_20,GATv2,0.712,0.019,7,fallback_last_no_best_step,0827dcd6f1a34d1a8330115b73a5f288;19d9078ee52942b08295cf257ee764d0;43bb080720cd41c0919a926a04029b92;4de188c1615448e39860458609d7ba5b;52f73713e211451695967c00ca8a57d0;6ede1f8547d64f9ca43d7c45efbd429f;bbb9ea80d692474a87731fdf952ebe1b
strict_test_f1_len_11_20,GATv2+Mask,0.775,0.017,7,fallback_last_no_best_step,477ddf290447423086388425acd95d46;48e638d369504463b16fb3f11d14da88;b69e5641721747a5bc0357cd3e450a67;de7d038476b74690a441bf00a9b6f2fc;efb7334ec4e74b2d9dcb5c2eeed6beb3;f22f95e6487c4d62ae00ec6a81ddfbb2;fd61176a11094a29bec34a4accb6a2e7
strict_test_f1_len_11_20,LSTM,0.754,0.013,7,fallback_last_no_best_step,28783e1f90934a3c9261e69c322f731a;91bf625c79f04aeeb993f58ff30e43bb;97a69231f63141a7bb7f6780b16c17fe;ad4f63e79ee3447ca17d3036caa46702;cbbdeac775de461c865ab13391a906dd;de92aac60c8343dc8e495144fb1f50fb;e76233f053ef480991b58d327df48a9c
strict_test_f1_len_11_20,EOPKG-WI,0.743,0.010,7,best_epoch;fallback_last_no_best_step,65fb28926d0d45709ad89ec7cf9aef59;88e10c5c5b45467e935548e0decdf824;8b07202c23874e298ad9b3445b49872d;8d2a911a18bb4d61a536433690b744f0;a6f92d038fdd4015af0c2ca3d4d657de;d0cd559af6bc4bcd986fb11b0ed56877;d3b7c7404a1b432b8dd330d96271b528
strict_test_f1_len_11_20,EOPKG,0.781,0.008,7,fallback_last_no_best_step,43c4e96d97544cea9eae53251dac57de;5e56c5c7531d4675b4c740f509ff678f;5fcc89889b1d45c489329f5e3df9a5a2;a9ec65c003b14176b0d853a15471bbbb;b8f6130db97f4f28b27d4528497aa1f3;c9399e3109674246bfa4894487904d27;ebdfb988ea654392a4a4fc270f9e7c71
strict_test_f1_len_1_5,GATv2,0.778,0.007,7,fallback_last_no_best_step,0827dcd6f1a34d1a8330115b73a5f288;19d9078ee52942b08295cf257ee764d0;43bb080720cd41c0919a926a04029b92;4de188c1615448e39860458609d7ba5b;52f73713e211451695967c00ca8a57d0;6ede1f8547d64f9ca43d7c45efbd429f;bbb9ea80d692474a87731fdf952ebe1b
strict_test_f1_len_1_5,GATv2+Mask,0.761,0.036,7,fallback_last_no_best_step,477ddf290447423086388425acd95d46;48e638d369504463b16fb3f11d14da88;b69e5641721747a5bc0357cd3e450a67;de7d038476b74690a441bf00a9b6f2fc;efb7334ec4e74b2d9dcb5c2eeed6beb3;f22f95e6487c4d62ae00ec6a81ddfbb2;fd61176a11094a29bec34a4accb6a2e7
strict_test_f1_len_1_5,LSTM,0.775,0.014,7,fallback_last_no_best_step,28783e1f90934a3c9261e69c322f731a;91bf625c79f04aeeb993f58ff30e43bb;97a69231f63141a7bb7f6780b16c17fe;ad4f63e79ee3447ca17d3036caa46702;cbbdeac775de461c865ab13391a906dd;de92aac60c8343dc8e495144fb1f50fb;e76233f053ef480991b58d327df48a9c
strict_test_f1_len_1_5,EOPKG-WI,0.718,0.075,7,best_epoch;fallback_last_no_best_step,65fb28926d0d45709ad89ec7cf9aef59;88e10c5c5b45467e935548e0decdf824;8b07202c23874e298ad9b3445b49872d;8d2a911a18bb4d61a536433690b744f0;a6f92d038fdd4015af0c2ca3d4d657de;d0cd559af6bc4bcd986fb11b0ed56877;d3b7c7404a1b432b8dd330d96271b528
strict_test_f1_len_1_5,EOPKG,0.784,0.002,7,fallback_last_no_best_step,43c4e96d97544cea9eae53251dac57de;5e56c5c7531d4675b4c740f509ff678f;5fcc89889b1d45c489329f5e3df9a5a2;a9ec65c003b14176b0d853a15471bbbb;b8f6130db97f4f28b27d4528497aa1f3;c9399e3109674246bfa4894487904d27;ebdfb988ea654392a4a4fc270f9e7c71
strict_test_f1_len_21_plus,GATv2,0.781,0.031,7,fallback_last_no_best_step,0827dcd6f1a34d1a8330115b73a5f288;19d9078ee52942b08295cf257ee764d0;43bb080720cd41c0919a926a04029b92;4de188c1615448e39860458609d7ba5b;52f73713e211451695967c00ca8a57d0;6ede1f8547d64f9ca43d7c45efbd429f;bbb9ea80d692474a87731fdf952ebe1b
strict_test_f1_len_21_plus,GATv2+Mask,0.768,0.035,7,fallback_last_no_best_step,477ddf290447423086388425acd95d46;48e638d369504463b16fb3f11d14da88;b69e5641721747a5bc0357cd3e450a67;de7d038476b74690a441bf00a9b6f2fc;efb7334ec4e74b2d9dcb5c2eeed6beb3;f22f95e6487c4d62ae00ec6a81ddfbb2;fd61176a11094a29bec34a4accb6a2e7
strict_test_f1_len_21_plus,LSTM,0.794,0.017,7,fallback_last_no_best_step,28783e1f90934a3c9261e69c322f731a;91bf625c79f04aeeb993f58ff30e43bb;97a69231f63141a7bb7f6780b16c17fe;ad4f63e79ee3447ca17d3036caa46702;cbbdeac775de461c865ab13391a906dd;de92aac60c8343dc8e495144fb1f50fb;e76233f053ef480991b58d327df48a9c
strict_test_f1_len_21_plus,EOPKG-WI,0.816,0.016,7,best_epoch;fallback_last_no_best_step,65fb28926d0d45709ad89ec7cf9aef59;88e10c5c5b45467e935548e0decdf824;8b07202c23874e298ad9b3445b49872d;8d2a911a18bb4d61a536433690b744f0;a6f92d038fdd4015af0c2ca3d4d657de;d0cd559af6bc4bcd986fb11b0ed56877;d3b7c7404a1b432b8dd330d96271b528
strict_test_f1_len_21_plus,EOPKG,0.933,0.007,7,fallback_last_no_best_step,43c4e96d97544cea9eae53251dac57de;5e56c5c7531d4675b4c740f509ff678f;5fcc89889b1d45c489329f5e3df9a5a2;a9ec65c003b14176b0d853a15471bbbb;b8f6130db97f4f28b27d4528497aa1f3;c9399e3109674246bfa4894487904d27;ebdfb988ea654392a4a4fc270f9e7c71
strict_test_f1_len_6_10,GATv2,0.659,0.029,7,fallback_last_no_best_step,0827dcd6f1a34d1a8330115b73a5f288;19d9078ee52942b08295cf257ee764d0;43bb080720cd41c0919a926a04029b92;4de188c1615448e39860458609d7ba5b;52f73713e211451695967c00ca8a57d0;6ede1f8547d64f9ca43d7c45efbd429f;bbb9ea80d692474a87731fdf952ebe1b
strict_test_f1_len_6_10,GATv2+Mask,0.704,0.032,7,fallback_last_no_best_step,477ddf290447423086388425acd95d46;48e638d369504463b16fb3f11d14da88;b69e5641721747a5bc0357cd3e450a67;de7d038476b74690a441bf00a9b6f2fc;efb7334ec4e74b2d9dcb5c2eeed6beb3;f22f95e6487c4d62ae00ec6a81ddfbb2;fd61176a11094a29bec34a4accb6a2e7
strict_test_f1_len_6_10,LSTM,0.646,0.058,7,fallback_last_no_best_step,28783e1f90934a3c9261e69c322f731a;91bf625c79f04aeeb993f58ff30e43bb;97a69231f63141a7bb7f6780b16c17fe;ad4f63e79ee3447ca17d3036caa46702;cbbdeac775de461c865ab13391a906dd;de92aac60c8343dc8e495144fb1f50fb;e76233f053ef480991b58d327df48a9c
strict_test_f1_len_6_10,EOPKG-WI,0.676,0.046,7,best_epoch;fallback_last_no_best_step,65fb28926d0d45709ad89ec7cf9aef59;88e10c5c5b45467e935548e0decdf824;8b07202c23874e298ad9b3445b49872d;8d2a911a18bb4d61a536433690b744f0;a6f92d038fdd4015af0c2ca3d4d657de;d0cd559af6bc4bcd986fb11b0ed56877;d3b7c7404a1b432b8dd330d96271b528
strict_test_f1_len_6_10,EOPKG,0.633,0.009,7,fallback_last_no_best_step,43c4e96d97544cea9eae53251dac57de;5e56c5c7531d4675b4c740f509ff678f;5fcc89889b1d45c489329f5e3df9a5a2;a9ec65c003b14176b0d853a15471bbbb;b8f6130db97f4f28b27d4528497aa1f3;c9399e3109674246bfa4894487904d27;ebdfb988ea654392a4a4fc270f9e7c71
strict_test_f1_mask_card_1,GATv2,0.958,0.035,7,fallback_last_no_best_step,0827dcd6f1a34d1a8330115b73a5f288;19d9078ee52942b08295cf257ee764d0;43bb080720cd41c0919a926a04029b92;4de188c1615448e39860458609d7ba5b;52f73713e211451695967c00ca8a57d0;6ede1f8547d64f9ca43d7c45efbd429f;bbb9ea80d692474a87731fdf952ebe1b
strict_test_f1_mask_card_1,GATv2+Mask,1.000,0.000,7,fallback_last_no_best_step,477ddf290447423086388425acd95d46;48e638d369504463b16fb3f11d14da88;b69e5641721747a5bc0357cd3e450a67;de7d038476b74690a441bf00a9b6f2fc;efb7334ec4e74b2d9dcb5c2eeed6beb3;f22f95e6487c4d62ae00ec6a81ddfbb2;fd61176a11094a29bec34a4accb6a2e7
strict_test_f1_mask_card_1,LSTM,1.000,0.000,7,fallback_last_no_best_step,28783e1f90934a3c9261e69c322f731a;91bf625c79f04aeeb993f58ff30e43bb;97a69231f63141a7bb7f6780b16c17fe;ad4f63e79ee3447ca17d3036caa46702;cbbdeac775de461c865ab13391a906dd;de92aac60c8343dc8e495144fb1f50fb;e76233f053ef480991b58d327df48a9c
strict_test_f1_mask_card_1,EOPKG-WI,1.000,0.000,7,best_epoch;fallback_last_no_best_step,65fb28926d0d45709ad89ec7cf9aef59;88e10c5c5b45467e935548e0decdf824;8b07202c23874e298ad9b3445b49872d;8d2a911a18bb4d61a536433690b744f0;a6f92d038fdd4015af0c2ca3d4d657de;d0cd559af6bc4bcd986fb11b0ed56877;d3b7c7404a1b432b8dd330d96271b528
strict_test_f1_mask_card_1,EOPKG,1.000,0.000,7,fallback_last_no_best_step,43c4e96d97544cea9eae53251dac57de;5e56c5c7531d4675b4c740f509ff678f;5fcc89889b1d45c489329f5e3df9a5a2;a9ec65c003b14176b0d853a15471bbbb;b8f6130db97f4f28b27d4528497aa1f3;c9399e3109674246bfa4894487904d27;ebdfb988ea654392a4a4fc270f9e7c71
strict_test_f1_mask_card_2,GATv2,0.696,0.013,7,fallback_last_no_best_step,0827dcd6f1a34d1a8330115b73a5f288;19d9078ee52942b08295cf257ee764d0;43bb080720cd41c0919a926a04029b92;4de188c1615448e39860458609d7ba5b;52f73713e211451695967c00ca8a57d0;6ede1f8547d64f9ca43d7c45efbd429f;bbb9ea80d692474a87731fdf952ebe1b
strict_test_f1_mask_card_2,GATv2+Mask,0.714,0.028,7,fallback_last_no_best_step,477ddf290447423086388425acd95d46;48e638d369504463b16fb3f11d14da88;b69e5641721747a5bc0357cd3e450a67;de7d038476b74690a441bf00a9b6f2fc;efb7334ec4e74b2d9dcb5c2eeed6beb3;f22f95e6487c4d62ae00ec6a81ddfbb2;fd61176a11094a29bec34a4accb6a2e7
strict_test_f1_mask_card_2,LSTM,0.699,0.014,7,fallback_last_no_best_step,28783e1f90934a3c9261e69c322f731a;91bf625c79f04aeeb993f58ff30e43bb;97a69231f63141a7bb7f6780b16c17fe;ad4f63e79ee3447ca17d3036caa46702;cbbdeac775de461c865ab13391a906dd;de92aac60c8343dc8e495144fb1f50fb;e76233f053ef480991b58d327df48a9c
strict_test_f1_mask_card_2,EOPKG-WI,0.797,0.032,7,best_epoch;fallback_last_no_best_step,65fb28926d0d45709ad89ec7cf9aef59;88e10c5c5b45467e935548e0decdf824;8b07202c23874e298ad9b3445b49872d;8d2a911a18bb4d61a536433690b744f0;a6f92d038fdd4015af0c2ca3d4d657de;d0cd559af6bc4bcd986fb11b0ed56877;d3b7c7404a1b432b8dd330d96271b528
strict_test_f1_mask_card_2,EOPKG,0.724,0.016,7,fallback_last_no_best_step,43c4e96d97544cea9eae53251dac57de;5e56c5c7531d4675b4c740f509ff678f;5fcc89889b1d45c489329f5e3df9a5a2;a9ec65c003b14176b0d853a15471bbbb;b8f6130db97f4f28b27d4528497aa1f3;c9399e3109674246bfa4894487904d27;ebdfb988ea654392a4a4fc270f9e7c71
strict_test_f1_mask_card_3_plus,GATv2,0.604,0.006,7,fallback_last_no_best_step,0827dcd6f1a34d1a8330115b73a5f288;19d9078ee52942b08295cf257ee764d0;43bb080720cd41c0919a926a04029b92;4de188c1615448e39860458609d7ba5b;52f73713e211451695967c00ca8a57d0;6ede1f8547d64f9ca43d7c45efbd429f;bbb9ea80d692474a87731fdf952ebe1b
strict_test_f1_mask_card_3_plus,GATv2+Mask,0.624,0.013,7,fallback_last_no_best_step,477ddf290447423086388425acd95d46;48e638d369504463b16fb3f11d14da88;b69e5641721747a5bc0357cd3e450a67;de7d038476b74690a441bf00a9b6f2fc;efb7334ec4e74b2d9dcb5c2eeed6beb3;f22f95e6487c4d62ae00ec6a81ddfbb2;fd61176a11094a29bec34a4accb6a2e7
strict_test_f1_mask_card_3_plus,LSTM,0.617,0.031,7,fallback_last_no_best_step,28783e1f90934a3c9261e69c322f731a;91bf625c79f04aeeb993f58ff30e43bb;97a69231f63141a7bb7f6780b16c17fe;ad4f63e79ee3447ca17d3036caa46702;cbbdeac775de461c865ab13391a906dd;de92aac60c8343dc8e495144fb1f50fb;e76233f053ef480991b58d327df48a9c
strict_test_f1_mask_card_3_plus,EOPKG-WI,0.731,0.012,7,best_epoch;fallback_last_no_best_step,65fb28926d0d45709ad89ec7cf9aef59;88e10c5c5b45467e935548e0decdf824;8b07202c23874e298ad9b3445b49872d;8d2a911a18bb4d61a536433690b744f0;a6f92d038fdd4015af0c2ca3d4d657de;d0cd559af6bc4bcd986fb11b0ed56877;d3b7c7404a1b432b8dd330d96271b528
strict_test_f1_mask_card_3_plus,EOPKG,0.774,0.004,7,fallback_last_no_best_step,43c4e96d97544cea9eae53251dac57de;5e56c5c7531d4675b4c740f509ff678f;5fcc89889b1d45c489329f5e3df9a5a2;a9ec65c003b14176b0d853a15471bbbb;b8f6130db97f4f28b27d4528497aa1f3;c9399e3109674246bfa4894487904d27;ebdfb988ea654392a4a4fc270f9e7c71
strict_test_f1_v1,GATv2,0.679,0.006,7,fallback_last_no_best_step,0827dcd6f1a34d1a8330115b73a5f288;19d9078ee52942b08295cf257ee764d0;43bb080720cd41c0919a926a04029b92;4de188c1615448e39860458609d7ba5b;52f73713e211451695967c00ca8a57d0;6ede1f8547d64f9ca43d7c45efbd429f;bbb9ea80d692474a87731fdf952ebe1b
strict_test_f1_v1,GATv2+Mask,0.751,0.016,7,fallback_last_no_best_step,477ddf290447423086388425acd95d46;48e638d369504463b16fb3f11d14da88;b69e5641721747a5bc0357cd3e450a67;de7d038476b74690a441bf00a9b6f2fc;efb7334ec4e74b2d9dcb5c2eeed6beb3;f22f95e6487c4d62ae00ec6a81ddfbb2;fd61176a11094a29bec34a4accb6a2e7
strict_test_f1_v1,LSTM,0.738,0.016,7,fallback_last_no_best_step,28783e1f90934a3c9261e69c322f731a;91bf625c79f04aeeb993f58ff30e43bb;97a69231f63141a7bb7f6780b16c17fe;ad4f63e79ee3447ca17d3036caa46702;cbbdeac775de461c865ab13391a906dd;de92aac60c8343dc8e495144fb1f50fb;e76233f053ef480991b58d327df48a9c
strict_test_f1_v1,EOPKG-WI,0.744,0.018,7,best_epoch;fallback_last_no_best_step,65fb28926d0d45709ad89ec7cf9aef59;88e10c5c5b45467e935548e0decdf824;8b07202c23874e298ad9b3445b49872d;8d2a911a18bb4d61a536433690b744f0;a6f92d038fdd4015af0c2ca3d4d657de;d0cd559af6bc4bcd986fb11b0ed56877;d3b7c7404a1b432b8dd330d96271b528
strict_test_f1_v1,EOPKG,0.782,0.005,7,fallback_last_no_best_step,43c4e96d97544cea9eae53251dac57de;5e56c5c7531d4675b4c740f509ff678f;5fcc89889b1d45c489329f5e3df9a5a2;a9ec65c003b14176b0d853a15471bbbb;b8f6130db97f4f28b27d4528497aa1f3;c9399e3109674246bfa4894487904d27;ebdfb988ea654392a4a4fc270f9e7c71
strict_test_f1_v2,GATv2,0.726,0.030,7,fallback_last_no_best_step,0827dcd6f1a34d1a8330115b73a5f288;19d9078ee52942b08295cf257ee764d0;43bb080720cd41c0919a926a04029b92;4de188c1615448e39860458609d7ba5b;52f73713e211451695967c00ca8a57d0;6ede1f8547d64f9ca43d7c45efbd429f;bbb9ea80d692474a87731fdf952ebe1b
strict_test_f1_v2,GATv2+Mask,0.733,0.017,7,fallback_last_no_best_step,477ddf290447423086388425acd95d46;48e638d369504463b16fb3f11d14da88;b69e5641721747a5bc0357cd3e450a67;de7d038476b74690a441bf00a9b6f2fc;efb7334ec4e74b2d9dcb5c2eeed6beb3;f22f95e6487c4d62ae00ec6a81ddfbb2;fd61176a11094a29bec34a4accb6a2e7
strict_test_f1_v2,LSTM,0.734,0.012,7,fallback_last_no_best_step,28783e1f90934a3c9261e69c322f731a;91bf625c79f04aeeb993f58ff30e43bb;97a69231f63141a7bb7f6780b16c17fe;ad4f63e79ee3447ca17d3036caa46702;cbbdeac775de461c865ab13391a906dd;de92aac60c8343dc8e495144fb1f50fb;e76233f053ef480991b58d327df48a9c
strict_test_f1_v2,EOPKG-WI,0.735,0.013,7,best_epoch;fallback_last_no_best_step,65fb28926d0d45709ad89ec7cf9aef59;88e10c5c5b45467e935548e0decdf824;8b07202c23874e298ad9b3445b49872d;8d2a911a18bb4d61a536433690b744f0;a6f92d038fdd4015af0c2ca3d4d657de;d0cd559af6bc4bcd986fb11b0ed56877;d3b7c7404a1b432b8dd330d96271b528
strict_test_f1_v2,EOPKG,0.774,0.005,7,fallback_last_no_best_step,43c4e96d97544cea9eae53251dac57de;5e56c5c7531d4675b4c740f509ff678f;5fcc89889b1d45c489329f5e3df9a5a2;a9ec65c003b14176b0d853a15471bbbb;b8f6130db97f4f28b27d4528497aa1f3;c9399e3109674246bfa4894487904d27;ebdfb988ea654392a4a4fc270f9e7c71
strict_test_macro_f1,GATv2,0.729,0.014,7,fallback_last_no_best_step,0827dcd6f1a34d1a8330115b73a5f288;19d9078ee52942b08295cf257ee764d0;43bb080720cd41c0919a926a04029b92;4de188c1615448e39860458609d7ba5b;52f73713e211451695967c00ca8a57d0;6ede1f8547d64f9ca43d7c45efbd429f;bbb9ea80d692474a87731fdf952ebe1b
strict_test_macro_f1,GATv2+Mask,0.749,0.015,7,fallback_last_no_best_step,477ddf290447423086388425acd95d46;48e638d369504463b16fb3f11d14da88;b69e5641721747a5bc0357cd3e450a67;de7d038476b74690a441bf00a9b6f2fc;efb7334ec4e74b2d9dcb5c2eeed6beb3;f22f95e6487c4d62ae00ec6a81ddfbb2;fd61176a11094a29bec34a4accb6a2e7
strict_test_macro_f1,LSTM,0.750,0.011,7,fallback_last_no_best_step,28783e1f90934a3c9261e69c322f731a;91bf625c79f04aeeb993f58ff30e43bb;97a69231f63141a7bb7f6780b16c17fe;ad4f63e79ee3447ca17d3036caa46702;cbbdeac775de461c865ab13391a906dd;de92aac60c8343dc8e495144fb1f50fb;e76233f053ef480991b58d327df48a9c
strict_test_macro_f1,EOPKG-WI,0.736,0.018,7,best_epoch;fallback_last_no_best_step,65fb28926d0d45709ad89ec7cf9aef59;88e10c5c5b45467e935548e0decdf824;8b07202c23874e298ad9b3445b49872d;8d2a911a18bb4d61a536433690b744f0;a6f92d038fdd4015af0c2ca3d4d657de;d0cd559af6bc4bcd986fb11b0ed56877;d3b7c7404a1b432b8dd330d96271b528
strict_test_macro_f1,EOPKG,0.775,0.004,7,fallback_last_no_best_step,43c4e96d97544cea9eae53251dac57de;5e56c5c7531d4675b4c740f509ff678f;5fcc89889b1d45c489329f5e3df9a5a2;a9ec65c003b14176b0d853a15471bbbb;b8f6130db97f4f28b27d4528497aa1f3;c9399e3109674246bfa4894487904d27;ebdfb988ea654392a4a4fc270f9e7c71
strict_test_oos_len_11_20,GATv2,0.056,0.008,7,fallback_last_no_best_step,0827dcd6f1a34d1a8330115b73a5f288;19d9078ee52942b08295cf257ee764d0;43bb080720cd41c0919a926a04029b92;4de188c1615448e39860458609d7ba5b;52f73713e211451695967c00ca8a57d0;6ede1f8547d64f9ca43d7c45efbd429f;bbb9ea80d692474a87731fdf952ebe1b
strict_test_oos_len_11_20,GATv2+Mask,0.000,0.000,7,fallback_last_no_best_step,477ddf290447423086388425acd95d46;48e638d369504463b16fb3f11d14da88;b69e5641721747a5bc0357cd3e450a67;de7d038476b74690a441bf00a9b6f2fc;efb7334ec4e74b2d9dcb5c2eeed6beb3;f22f95e6487c4d62ae00ec6a81ddfbb2;fd61176a11094a29bec34a4accb6a2e7
strict_test_oos_len_11_20,LSTM,0.000,0.000,7,fallback_last_no_best_step,28783e1f90934a3c9261e69c322f731a;91bf625c79f04aeeb993f58ff30e43bb;97a69231f63141a7bb7f6780b16c17fe;ad4f63e79ee3447ca17d3036caa46702;cbbdeac775de461c865ab13391a906dd;de92aac60c8343dc8e495144fb1f50fb;e76233f053ef480991b58d327df48a9c
strict_test_oos_len_11_20,EOPKG-WI,0.000,0.001,7,best_epoch;fallback_last_no_best_step,65fb28926d0d45709ad89ec7cf9aef59;88e10c5c5b45467e935548e0decdf824;8b07202c23874e298ad9b3445b49872d;8d2a911a18bb4d61a536433690b744f0;a6f92d038fdd4015af0c2ca3d4d657de;d0cd559af6bc4bcd986fb11b0ed56877;d3b7c7404a1b432b8dd330d96271b528
strict_test_oos_len_11_20,EOPKG,0.000,0.000,7,fallback_last_no_best_step,43c4e96d97544cea9eae53251dac57de;5e56c5c7531d4675b4c740f509ff678f;5fcc89889b1d45c489329f5e3df9a5a2;a9ec65c003b14176b0d853a15471bbbb;b8f6130db97f4f28b27d4528497aa1f3;c9399e3109674246bfa4894487904d27;ebdfb988ea654392a4a4fc270f9e7c71
strict_test_oos_len_1_5,GATv2,0.002,0.003,7,fallback_last_no_best_step,0827dcd6f1a34d1a8330115b73a5f288;19d9078ee52942b08295cf257ee764d0;43bb080720cd41c0919a926a04029b92;4de188c1615448e39860458609d7ba5b;52f73713e211451695967c00ca8a57d0;6ede1f8547d64f9ca43d7c45efbd429f;bbb9ea80d692474a87731fdf952ebe1b
strict_test_oos_len_1_5,GATv2+Mask,0.000,0.000,7,fallback_last_no_best_step,477ddf290447423086388425acd95d46;48e638d369504463b16fb3f11d14da88;b69e5641721747a5bc0357cd3e450a67;de7d038476b74690a441bf00a9b6f2fc;efb7334ec4e74b2d9dcb5c2eeed6beb3;f22f95e6487c4d62ae00ec6a81ddfbb2;fd61176a11094a29bec34a4accb6a2e7
strict_test_oos_len_1_5,LSTM,0.000,0.000,7,fallback_last_no_best_step,28783e1f90934a3c9261e69c322f731a;91bf625c79f04aeeb993f58ff30e43bb;97a69231f63141a7bb7f6780b16c17fe;ad4f63e79ee3447ca17d3036caa46702;cbbdeac775de461c865ab13391a906dd;de92aac60c8343dc8e495144fb1f50fb;e76233f053ef480991b58d327df48a9c
strict_test_oos_len_1_5,EOPKG-WI,0.035,0.040,7,best_epoch;fallback_last_no_best_step,65fb28926d0d45709ad89ec7cf9aef59;88e10c5c5b45467e935548e0decdf824;8b07202c23874e298ad9b3445b49872d;8d2a911a18bb4d61a536433690b744f0;a6f92d038fdd4015af0c2ca3d4d657de;d0cd559af6bc4bcd986fb11b0ed56877;d3b7c7404a1b432b8dd330d96271b528
strict_test_oos_len_1_5,EOPKG,0.000,0.000,7,fallback_last_no_best_step,43c4e96d97544cea9eae53251dac57de;5e56c5c7531d4675b4c740f509ff678f;5fcc89889b1d45c489329f5e3df9a5a2;a9ec65c003b14176b0d853a15471bbbb;b8f6130db97f4f28b27d4528497aa1f3;c9399e3109674246bfa4894487904d27;ebdfb988ea654392a4a4fc270f9e7c71
strict_test_oos_len_21_plus,GATv2,0.001,0.002,7,fallback_last_no_best_step,0827dcd6f1a34d1a8330115b73a5f288;19d9078ee52942b08295cf257ee764d0;43bb080720cd41c0919a926a04029b92;4de188c1615448e39860458609d7ba5b;52f73713e211451695967c00ca8a57d0;6ede1f8547d64f9ca43d7c45efbd429f;bbb9ea80d692474a87731fdf952ebe1b
strict_test_oos_len_21_plus,GATv2+Mask,0.000,0.000,7,fallback_last_no_best_step,477ddf290447423086388425acd95d46;48e638d369504463b16fb3f11d14da88;b69e5641721747a5bc0357cd3e450a67;de7d038476b74690a441bf00a9b6f2fc;efb7334ec4e74b2d9dcb5c2eeed6beb3;f22f95e6487c4d62ae00ec6a81ddfbb2;fd61176a11094a29bec34a4accb6a2e7
strict_test_oos_len_21_plus,LSTM,0.000,0.000,7,fallback_last_no_best_step,28783e1f90934a3c9261e69c322f731a;91bf625c79f04aeeb993f58ff30e43bb;97a69231f63141a7bb7f6780b16c17fe;ad4f63e79ee3447ca17d3036caa46702;cbbdeac775de461c865ab13391a906dd;de92aac60c8343dc8e495144fb1f50fb;e76233f053ef480991b58d327df48a9c
strict_test_oos_len_21_plus,EOPKG-WI,0.001,0.001,7,best_epoch;fallback_last_no_best_step,65fb28926d0d45709ad89ec7cf9aef59;88e10c5c5b45467e935548e0decdf824;8b07202c23874e298ad9b3445b49872d;8d2a911a18bb4d61a536433690b744f0;a6f92d038fdd4015af0c2ca3d4d657de;d0cd559af6bc4bcd986fb11b0ed56877;d3b7c7404a1b432b8dd330d96271b528
strict_test_oos_len_21_plus,EOPKG,0.000,0.000,7,fallback_last_no_best_step,43c4e96d97544cea9eae53251dac57de;5e56c5c7531d4675b4c740f509ff678f;5fcc89889b1d45c489329f5e3df9a5a2;a9ec65c003b14176b0d853a15471bbbb;b8f6130db97f4f28b27d4528497aa1f3;c9399e3109674246bfa4894487904d27;ebdfb988ea654392a4a4fc270f9e7c71
strict_test_oos_len_6_10,GATv2,0.001,0.000,7,fallback_last_no_best_step,0827dcd6f1a34d1a8330115b73a5f288;19d9078ee52942b08295cf257ee764d0;43bb080720cd41c0919a926a04029b92;4de188c1615448e39860458609d7ba5b;52f73713e211451695967c00ca8a57d0;6ede1f8547d64f9ca43d7c45efbd429f;bbb9ea80d692474a87731fdf952ebe1b
strict_test_oos_len_6_10,GATv2+Mask,0.000,0.000,7,fallback_last_no_best_step,477ddf290447423086388425acd95d46;48e638d369504463b16fb3f11d14da88;b69e5641721747a5bc0357cd3e450a67;de7d038476b74690a441bf00a9b6f2fc;efb7334ec4e74b2d9dcb5c2eeed6beb3;f22f95e6487c4d62ae00ec6a81ddfbb2;fd61176a11094a29bec34a4accb6a2e7
strict_test_oos_len_6_10,LSTM,0.000,0.000,7,fallback_last_no_best_step,28783e1f90934a3c9261e69c322f731a;91bf625c79f04aeeb993f58ff30e43bb;97a69231f63141a7bb7f6780b16c17fe;ad4f63e79ee3447ca17d3036caa46702;cbbdeac775de461c865ab13391a906dd;de92aac60c8343dc8e495144fb1f50fb;e76233f053ef480991b58d327df48a9c
strict_test_oos_len_6_10,EOPKG-WI,0.001,0.001,7,best_epoch;fallback_last_no_best_step,65fb28926d0d45709ad89ec7cf9aef59;88e10c5c5b45467e935548e0decdf824;8b07202c23874e298ad9b3445b49872d;8d2a911a18bb4d61a536433690b744f0;a6f92d038fdd4015af0c2ca3d4d657de;d0cd559af6bc4bcd986fb11b0ed56877;d3b7c7404a1b432b8dd330d96271b528
strict_test_oos_len_6_10,EOPKG,0.000,0.000,7,fallback_last_no_best_step,43c4e96d97544cea9eae53251dac57de;5e56c5c7531d4675b4c740f509ff678f;5fcc89889b1d45c489329f5e3df9a5a2;a9ec65c003b14176b0d853a15471bbbb;b8f6130db97f4f28b27d4528497aa1f3;c9399e3109674246bfa4894487904d27;ebdfb988ea654392a4a4fc270f9e7c71
strict_test_oos_mask_card_1,GATv2,0.030,0.011,7,fallback_last_no_best_step,0827dcd6f1a34d1a8330115b73a5f288;19d9078ee52942b08295cf257ee764d0;43bb080720cd41c0919a926a04029b92;4de188c1615448e39860458609d7ba5b;52f73713e211451695967c00ca8a57d0;6ede1f8547d64f9ca43d7c45efbd429f;bbb9ea80d692474a87731fdf952ebe1b
strict_test_oos_mask_card_1,GATv2+Mask,0.000,0.000,7,fallback_last_no_best_step,477ddf290447423086388425acd95d46;48e638d369504463b16fb3f11d14da88;b69e5641721747a5bc0357cd3e450a67;de7d038476b74690a441bf00a9b6f2fc;efb7334ec4e74b2d9dcb5c2eeed6beb3;f22f95e6487c4d62ae00ec6a81ddfbb2;fd61176a11094a29bec34a4accb6a2e7
strict_test_oos_mask_card_1,LSTM,0.000,0.000,7,fallback_last_no_best_step,28783e1f90934a3c9261e69c322f731a;91bf625c79f04aeeb993f58ff30e43bb;97a69231f63141a7bb7f6780b16c17fe;ad4f63e79ee3447ca17d3036caa46702;cbbdeac775de461c865ab13391a906dd;de92aac60c8343dc8e495144fb1f50fb;e76233f053ef480991b58d327df48a9c
strict_test_oos_mask_card_1,EOPKG-WI,0.000,0.000,7,best_epoch;fallback_last_no_best_step,65fb28926d0d45709ad89ec7cf9aef59;88e10c5c5b45467e935548e0decdf824;8b07202c23874e298ad9b3445b49872d;8d2a911a18bb4d61a536433690b744f0;a6f92d038fdd4015af0c2ca3d4d657de;d0cd559af6bc4bcd986fb11b0ed56877;d3b7c7404a1b432b8dd330d96271b528
strict_test_oos_mask_card_1,EOPKG,0.000,0.000,7,fallback_last_no_best_step,43c4e96d97544cea9eae53251dac57de;5e56c5c7531d4675b4c740f509ff678f;5fcc89889b1d45c489329f5e3df9a5a2;a9ec65c003b14176b0d853a15471bbbb;b8f6130db97f4f28b27d4528497aa1f3;c9399e3109674246bfa4894487904d27;ebdfb988ea654392a4a4fc270f9e7c71
strict_test_oos_mask_card_2,GATv2,0.001,0.000,7,fallback_last_no_best_step,0827dcd6f1a34d1a8330115b73a5f288;19d9078ee52942b08295cf257ee764d0;43bb080720cd41c0919a926a04029b92;4de188c1615448e39860458609d7ba5b;52f73713e211451695967c00ca8a57d0;6ede1f8547d64f9ca43d7c45efbd429f;bbb9ea80d692474a87731fdf952ebe1b
strict_test_oos_mask_card_2,GATv2+Mask,0.000,0.000,7,fallback_last_no_best_step,477ddf290447423086388425acd95d46;48e638d369504463b16fb3f11d14da88;b69e5641721747a5bc0357cd3e450a67;de7d038476b74690a441bf00a9b6f2fc;efb7334ec4e74b2d9dcb5c2eeed6beb3;f22f95e6487c4d62ae00ec6a81ddfbb2;fd61176a11094a29bec34a4accb6a2e7
strict_test_oos_mask_card_2,LSTM,0.000,0.000,7,fallback_last_no_best_step,28783e1f90934a3c9261e69c322f731a;91bf625c79f04aeeb993f58ff30e43bb;97a69231f63141a7bb7f6780b16c17fe;ad4f63e79ee3447ca17d3036caa46702;cbbdeac775de461c865ab13391a906dd;de92aac60c8343dc8e495144fb1f50fb;e76233f053ef480991b58d327df48a9c
strict_test_oos_mask_card_2,EOPKG-WI,0.005,0.008,7,best_epoch;fallback_last_no_best_step,65fb28926d0d45709ad89ec7cf9aef59;88e10c5c5b45467e935548e0decdf824;8b07202c23874e298ad9b3445b49872d;8d2a911a18bb4d61a536433690b744f0;a6f92d038fdd4015af0c2ca3d4d657de;d0cd559af6bc4bcd986fb11b0ed56877;d3b7c7404a1b432b8dd330d96271b528
strict_test_oos_mask_card_2,EOPKG,0.000,0.000,7,fallback_last_no_best_step,43c4e96d97544cea9eae53251dac57de;5e56c5c7531d4675b4c740f509ff678f;5fcc89889b1d45c489329f5e3df9a5a2;a9ec65c003b14176b0d853a15471bbbb;b8f6130db97f4f28b27d4528497aa1f3;c9399e3109674246bfa4894487904d27;ebdfb988ea654392a4a4fc270f9e7c71
strict_test_oos_mask_card_3_plus,GATv2,0.031,0.015,7,fallback_last_no_best_step,0827dcd6f1a34d1a8330115b73a5f288;19d9078ee52942b08295cf257ee764d0;43bb080720cd41c0919a926a04029b92;4de188c1615448e39860458609d7ba5b;52f73713e211451695967c00ca8a57d0;6ede1f8547d64f9ca43d7c45efbd429f;bbb9ea80d692474a87731fdf952ebe1b
strict_test_oos_mask_card_3_plus,GATv2+Mask,0.000,0.000,7,fallback_last_no_best_step,477ddf290447423086388425acd95d46;48e638d369504463b16fb3f11d14da88;b69e5641721747a5bc0357cd3e450a67;de7d038476b74690a441bf00a9b6f2fc;efb7334ec4e74b2d9dcb5c2eeed6beb3;f22f95e6487c4d62ae00ec6a81ddfbb2;fd61176a11094a29bec34a4accb6a2e7
strict_test_oos_mask_card_3_plus,LSTM,0.000,0.001,7,fallback_last_no_best_step,28783e1f90934a3c9261e69c322f731a;91bf625c79f04aeeb993f58ff30e43bb;97a69231f63141a7bb7f6780b16c17fe;ad4f63e79ee3447ca17d3036caa46702;cbbdeac775de461c865ab13391a906dd;de92aac60c8343dc8e495144fb1f50fb;e76233f053ef480991b58d327df48a9c
strict_test_oos_mask_card_3_plus,EOPKG-WI,0.008,0.009,7,best_epoch;fallback_last_no_best_step,65fb28926d0d45709ad89ec7cf9aef59;88e10c5c5b45467e935548e0decdf824;8b07202c23874e298ad9b3445b49872d;8d2a911a18bb4d61a536433690b744f0;a6f92d038fdd4015af0c2ca3d4d657de;d0cd559af6bc4bcd986fb11b0ed56877;d3b7c7404a1b432b8dd330d96271b528
strict_test_oos_mask_card_3_plus,EOPKG,0.000,0.000,7,fallback_last_no_best_step,43c4e96d97544cea9eae53251dac57de;5e56c5c7531d4675b4c740f509ff678f;5fcc89889b1d45c489329f5e3df9a5a2;a9ec65c003b14176b0d853a15471bbbb;b8f6130db97f4f28b27d4528497aa1f3;c9399e3109674246bfa4894487904d27;ebdfb988ea654392a4a4fc270f9e7c71
strict_test_oos_v1,GATv2,0.029,0.012,7,fallback_last_no_best_step,0827dcd6f1a34d1a8330115b73a5f288;19d9078ee52942b08295cf257ee764d0;43bb080720cd41c0919a926a04029b92;4de188c1615448e39860458609d7ba5b;52f73713e211451695967c00ca8a57d0;6ede1f8547d64f9ca43d7c45efbd429f;bbb9ea80d692474a87731fdf952ebe1b
strict_test_oos_v1,GATv2+Mask,0.000,0.000,7,fallback_last_no_best_step,477ddf290447423086388425acd95d46;48e638d369504463b16fb3f11d14da88;b69e5641721747a5bc0357cd3e450a67;de7d038476b74690a441bf00a9b6f2fc;efb7334ec4e74b2d9dcb5c2eeed6beb3;f22f95e6487c4d62ae00ec6a81ddfbb2;fd61176a11094a29bec34a4accb6a2e7
strict_test_oos_v1,LSTM,0.000,0.000,7,fallback_last_no_best_step,28783e1f90934a3c9261e69c322f731a;91bf625c79f04aeeb993f58ff30e43bb;97a69231f63141a7bb7f6780b16c17fe;ad4f63e79ee3447ca17d3036caa46702;cbbdeac775de461c865ab13391a906dd;de92aac60c8343dc8e495144fb1f50fb;e76233f053ef480991b58d327df48a9c
strict_test_oos_v1,EOPKG-WI,0.005,0.009,7,best_epoch;fallback_last_no_best_step,65fb28926d0d45709ad89ec7cf9aef59;88e10c5c5b45467e935548e0decdf824;8b07202c23874e298ad9b3445b49872d;8d2a911a18bb4d61a536433690b744f0;a6f92d038fdd4015af0c2ca3d4d657de;d0cd559af6bc4bcd986fb11b0ed56877;d3b7c7404a1b432b8dd330d96271b528
strict_test_oos_v1,EOPKG,0.000,0.000,7,fallback_last_no_best_step,43c4e96d97544cea9eae53251dac57de;5e56c5c7531d4675b4c740f509ff678f;5fcc89889b1d45c489329f5e3df9a5a2;a9ec65c003b14176b0d853a15471bbbb;b8f6130db97f4f28b27d4528497aa1f3;c9399e3109674246bfa4894487904d27;ebdfb988ea654392a4a4fc270f9e7c71
strict_test_oos_v2,GATv2,0.007,0.019,7,fallback_last_no_best_step,0827dcd6f1a34d1a8330115b73a5f288;19d9078ee52942b08295cf257ee764d0;43bb080720cd41c0919a926a04029b92;4de188c1615448e39860458609d7ba5b;52f73713e211451695967c00ca8a57d0;6ede1f8547d64f9ca43d7c45efbd429f;bbb9ea80d692474a87731fdf952ebe1b
strict_test_oos_v2,GATv2+Mask,0.000,0.000,7,fallback_last_no_best_step,477ddf290447423086388425acd95d46;48e638d369504463b16fb3f11d14da88;b69e5641721747a5bc0357cd3e450a67;de7d038476b74690a441bf00a9b6f2fc;efb7334ec4e74b2d9dcb5c2eeed6beb3;f22f95e6487c4d62ae00ec6a81ddfbb2;fd61176a11094a29bec34a4accb6a2e7
strict_test_oos_v2,LSTM,0.000,0.000,7,fallback_last_no_best_step,28783e1f90934a3c9261e69c322f731a;91bf625c79f04aeeb993f58ff30e43bb;97a69231f63141a7bb7f6780b16c17fe;ad4f63e79ee3447ca17d3036caa46702;cbbdeac775de461c865ab13391a906dd;de92aac60c8343dc8e495144fb1f50fb;e76233f053ef480991b58d327df48a9c
strict_test_oos_v2,EOPKG-WI,0.009,0.009,7,best_epoch;fallback_last_no_best_step,65fb28926d0d45709ad89ec7cf9aef59;88e10c5c5b45467e935548e0decdf824;8b07202c23874e298ad9b3445b49872d;8d2a911a18bb4d61a536433690b744f0;a6f92d038fdd4015af0c2ca3d4d657de;d0cd559af6bc4bcd986fb11b0ed56877;d3b7c7404a1b432b8dd330d96271b528
strict_test_oos_v2,EOPKG,0.000,0.000,7,fallback_last_no_best_step,43c4e96d97544cea9eae53251dac57de;5e56c5c7531d4675b4c740f509ff678f;5fcc89889b1d45c489329f5e3df9a5a2;a9ec65c003b14176b0d853a15471bbbb;b8f6130db97f4f28b27d4528497aa1f3;c9399e3109674246bfa4894487904d27;ebdfb988ea654392a4a4fc270f9e7c71
strict_test_precision_macro,GATv2,0.726,0.014,7,fallback_last_no_best_step,0827dcd6f1a34d1a8330115b73a5f288;19d9078ee52942b08295cf257ee764d0;43bb080720cd41c0919a926a04029b92;4de188c1615448e39860458609d7ba5b;52f73713e211451695967c00ca8a57d0;6ede1f8547d64f9ca43d7c45efbd429f;bbb9ea80d692474a87731fdf952ebe1b
strict_test_precision_macro,GATv2+Mask,0.764,0.008,7,fallback_last_no_best_step,477ddf290447423086388425acd95d46;48e638d369504463b16fb3f11d14da88;b69e5641721747a5bc0357cd3e450a67;de7d038476b74690a441bf00a9b6f2fc;efb7334ec4e74b2d9dcb5c2eeed6beb3;f22f95e6487c4d62ae00ec6a81ddfbb2;fd61176a11094a29bec34a4accb6a2e7
strict_test_precision_macro,LSTM,0.757,0.011,7,fallback_last_no_best_step,28783e1f90934a3c9261e69c322f731a;91bf625c79f04aeeb993f58ff30e43bb;97a69231f63141a7bb7f6780b16c17fe;ad4f63e79ee3447ca17d3036caa46702;cbbdeac775de461c865ab13391a906dd;de92aac60c8343dc8e495144fb1f50fb;e76233f053ef480991b58d327df48a9c
strict_test_precision_macro,EOPKG-WI,0.731,0.014,7,best_epoch;fallback_last_no_best_step,65fb28926d0d45709ad89ec7cf9aef59;88e10c5c5b45467e935548e0decdf824;8b07202c23874e298ad9b3445b49872d;8d2a911a18bb4d61a536433690b744f0;a6f92d038fdd4015af0c2ca3d4d657de;d0cd559af6bc4bcd986fb11b0ed56877;d3b7c7404a1b432b8dd330d96271b528
strict_test_precision_macro,EOPKG,0.820,0.017,7,fallback_last_no_best_step,43c4e96d97544cea9eae53251dac57de;5e56c5c7531d4675b4c740f509ff678f;5fcc89889b1d45c489329f5e3df9a5a2;a9ec65c003b14176b0d853a15471bbbb;b8f6130db97f4f28b27d4528497aa1f3;c9399e3109674246bfa4894487904d27;ebdfb988ea654392a4a4fc270f9e7c71
strict_test_recall_macro,GATv2,0.765,0.008,7,fallback_last_no_best_step,0827dcd6f1a34d1a8330115b73a5f288;19d9078ee52942b08295cf257ee764d0;43bb080720cd41c0919a926a04029b92;4de188c1615448e39860458609d7ba5b;52f73713e211451695967c00ca8a57d0;6ede1f8547d64f9ca43d7c45efbd429f;bbb9ea80d692474a87731fdf952ebe1b
strict_test_recall_macro,GATv2+Mask,0.786,0.003,7,fallback_last_no_best_step,477ddf290447423086388425acd95d46;48e638d369504463b16fb3f11d14da88;b69e5641721747a5bc0357cd3e450a67;de7d038476b74690a441bf00a9b6f2fc;efb7334ec4e74b2d9dcb5c2eeed6beb3;f22f95e6487c4d62ae00ec6a81ddfbb2;fd61176a11094a29bec34a4accb6a2e7
strict_test_recall_macro,LSTM,0.787,0.006,7,fallback_last_no_best_step,28783e1f90934a3c9261e69c322f731a;91bf625c79f04aeeb993f58ff30e43bb;97a69231f63141a7bb7f6780b16c17fe;ad4f63e79ee3447ca17d3036caa46702;cbbdeac775de461c865ab13391a906dd;de92aac60c8343dc8e495144fb1f50fb;e76233f053ef480991b58d327df48a9c
strict_test_recall_macro,EOPKG-WI,0.761,0.018,7,best_epoch;fallback_last_no_best_step,65fb28926d0d45709ad89ec7cf9aef59;88e10c5c5b45467e935548e0decdf824;8b07202c23874e298ad9b3445b49872d;8d2a911a18bb4d61a536433690b744f0;a6f92d038fdd4015af0c2ca3d4d657de;d0cd559af6bc4bcd986fb11b0ed56877;d3b7c7404a1b432b8dd330d96271b528
strict_test_recall_macro,EOPKG,0.781,0.003,7,fallback_last_no_best_step,43c4e96d97544cea9eae53251dac57de;5e56c5c7531d4675b4c740f509ff678f;5fcc89889b1d45c489329f5e3df9a5a2;a9ec65c003b14176b0d853a15471bbbb;b8f6130db97f4f28b27d4528497aa1f3;c9399e3109674246bfa4894487904d27;ebdfb988ea654392a4a4fc270f9e7c71
strict_test_weighted_f1,GATv2,0.878,0.019,7,fallback_last_no_best_step,0827dcd6f1a34d1a8330115b73a5f288;19d9078ee52942b08295cf257ee764d0;43bb080720cd41c0919a926a04029b92;4de188c1615448e39860458609d7ba5b;52f73713e211451695967c00ca8a57d0;6ede1f8547d64f9ca43d7c45efbd429f;bbb9ea80d692474a87731fdf952ebe1b
strict_test_weighted_f1,GATv2+Mask,0.882,0.022,7,fallback_last_no_best_step,477ddf290447423086388425acd95d46;48e638d369504463b16fb3f11d14da88;b69e5641721747a5bc0357cd3e450a67;de7d038476b74690a441bf00a9b6f2fc;efb7334ec4e74b2d9dcb5c2eeed6beb3;f22f95e6487c4d62ae00ec6a81ddfbb2;fd61176a11094a29bec34a4accb6a2e7
strict_test_weighted_f1,LSTM,0.889,0.014,7,fallback_last_no_best_step,28783e1f90934a3c9261e69c322f731a;91bf625c79f04aeeb993f58ff30e43bb;97a69231f63141a7bb7f6780b16c17fe;ad4f63e79ee3447ca17d3036caa46702;cbbdeac775de461c865ab13391a906dd;de92aac60c8343dc8e495144fb1f50fb;e76233f053ef480991b58d327df48a9c
strict_test_weighted_f1,EOPKG-WI,0.895,0.009,7,best_epoch;fallback_last_no_best_step,65fb28926d0d45709ad89ec7cf9aef59;88e10c5c5b45467e935548e0decdf824;8b07202c23874e298ad9b3445b49872d;8d2a911a18bb4d61a536433690b744f0;a6f92d038fdd4015af0c2ca3d4d657de;d0cd559af6bc4bcd986fb11b0ed56877;d3b7c7404a1b432b8dd330d96271b528
strict_test_weighted_f1,EOPKG,0.916,0.002,7,fallback_last_no_best_step,43c4e96d97544cea9eae53251dac57de;5e56c5c7531d4675b4c740f509ff678f;5fcc89889b1d45c489329f5e3df9a5a2;a9ec65c003b14176b0d853a15471bbbb;b8f6130db97f4f28b27d4528497aa1f3;c9399e3109674246bfa4894487904d27;ebdfb988ea654392a4a4fc270f9e7c71
strict_train_macro_f1,GATv2,0.707,0.010,7,best_epoch,0827dcd6f1a34d1a8330115b73a5f288;19d9078ee52942b08295cf257ee764d0;43bb080720cd41c0919a926a04029b92;4de188c1615448e39860458609d7ba5b;52f73713e211451695967c00ca8a57d0;6ede1f8547d64f9ca43d7c45efbd429f;bbb9ea80d692474a87731fdf952ebe1b
strict_train_macro_f1,GATv2+Mask,0.764,0.003,7,best_epoch,477ddf290447423086388425acd95d46;48e638d369504463b16fb3f11d14da88;b69e5641721747a5bc0357cd3e450a67;de7d038476b74690a441bf00a9b6f2fc;efb7334ec4e74b2d9dcb5c2eeed6beb3;f22f95e6487c4d62ae00ec6a81ddfbb2;fd61176a11094a29bec34a4accb6a2e7
strict_train_macro_f1,LSTM,0.768,0.004,7,best_epoch,28783e1f90934a3c9261e69c322f731a;91bf625c79f04aeeb993f58ff30e43bb;97a69231f63141a7bb7f6780b16c17fe;ad4f63e79ee3447ca17d3036caa46702;cbbdeac775de461c865ab13391a906dd;de92aac60c8343dc8e495144fb1f50fb;e76233f053ef480991b58d327df48a9c
strict_train_macro_f1,EOPKG-WI,0.605,0.011,7,best_epoch,65fb28926d0d45709ad89ec7cf9aef59;88e10c5c5b45467e935548e0decdf824;8b07202c23874e298ad9b3445b49872d;8d2a911a18bb4d61a536433690b744f0;a6f92d038fdd4015af0c2ca3d4d657de;d0cd559af6bc4bcd986fb11b0ed56877;d3b7c7404a1b432b8dd330d96271b528
strict_train_macro_f1,EOPKG,0.790,0.004,7,best_epoch,43c4e96d97544cea9eae53251dac57de;5e56c5c7531d4675b4c740f509ff678f;5fcc89889b1d45c489329f5e3df9a5a2;a9ec65c003b14176b0d853a15471bbbb;b8f6130db97f4f28b27d4528497aa1f3;c9399e3109674246bfa4894487904d27;ebdfb988ea654392a4a4fc270f9e7c71
strict_val_macro_f1,GATv2,0.735,0.011,7,best_epoch,0827dcd6f1a34d1a8330115b73a5f288;19d9078ee52942b08295cf257ee764d0;43bb080720cd41c0919a926a04029b92;4de188c1615448e39860458609d7ba5b;52f73713e211451695967c00ca8a57d0;6ede1f8547d64f9ca43d7c45efbd429f;bbb9ea80d692474a87731fdf952ebe1b
strict_val_macro_f1,GATv2+Mask,0.749,0.012,7,best_epoch,477ddf290447423086388425acd95d46;48e638d369504463b16fb3f11d14da88;b69e5641721747a5bc0357cd3e450a67;de7d038476b74690a441bf00a9b6f2fc;efb7334ec4e74b2d9dcb5c2eeed6beb3;f22f95e6487c4d62ae00ec6a81ddfbb2;fd61176a11094a29bec34a4accb6a2e7
strict_val_macro_f1,LSTM,0.752,0.008,7,best_epoch,28783e1f90934a3c9261e69c322f731a;91bf625c79f04aeeb993f58ff30e43bb;97a69231f63141a7bb7f6780b16c17fe;ad4f63e79ee3447ca17d3036caa46702;cbbdeac775de461c865ab13391a906dd;de92aac60c8343dc8e495144fb1f50fb;e76233f053ef480991b58d327df48a9c
strict_val_macro_f1,EOPKG-WI,0.734,0.017,7,best_epoch,65fb28926d0d45709ad89ec7cf9aef59;88e10c5c5b45467e935548e0decdf824;8b07202c23874e298ad9b3445b49872d;8d2a911a18bb4d61a536433690b744f0;a6f92d038fdd4015af0c2ca3d4d657de;d0cd559af6bc4bcd986fb11b0ed56877;d3b7c7404a1b432b8dd330d96271b528
strict_val_macro_f1,EOPKG,0.783,0.004,7,best_epoch,43c4e96d97544cea9eae53251dac57de;5e56c5c7531d4675b4c740f509ff678f;5fcc89889b1d45c489329f5e3df9a5a2;a9ec65c003b14176b0d853a15471bbbb;b8f6130db97f4f28b27d4528497aa1f3;c9399e3109674246bfa4894487904d27;ebdfb988ea654392a4a4fc270f9e7c71
strict_val_weighted_f1,GATv2,0.882,0.017,7,best_epoch,0827dcd6f1a34d1a8330115b73a5f288;19d9078ee52942b08295cf257ee764d0;43bb080720cd41c0919a926a04029b92;4de188c1615448e39860458609d7ba5b;52f73713e211451695967c00ca8a57d0;6ede1f8547d64f9ca43d7c45efbd429f;bbb9ea80d692474a87731fdf952ebe1b
strict_val_weighted_f1,GATv2+Mask,0.882,0.020,7,best_epoch,477ddf290447423086388425acd95d46;48e638d369504463b16fb3f11d14da88;b69e5641721747a5bc0357cd3e450a67;de7d038476b74690a441bf00a9b6f2fc;efb7334ec4e74b2d9dcb5c2eeed6beb3;f22f95e6487c4d62ae00ec6a81ddfbb2;fd61176a11094a29bec34a4accb6a2e7
strict_val_weighted_f1,LSTM,0.893,0.013,7,best_epoch,28783e1f90934a3c9261e69c322f731a;91bf625c79f04aeeb993f58ff30e43bb;97a69231f63141a7bb7f6780b16c17fe;ad4f63e79ee3447ca17d3036caa46702;cbbdeac775de461c865ab13391a906dd;de92aac60c8343dc8e495144fb1f50fb;e76233f053ef480991b58d327df48a9c
strict_val_weighted_f1,EOPKG-WI,0.893,0.007,7,best_epoch,65fb28926d0d45709ad89ec7cf9aef59;88e10c5c5b45467e935548e0decdf824;8b07202c23874e298ad9b3445b49872d;8d2a911a18bb4d61a536433690b744f0;a6f92d038fdd4015af0c2ca3d4d657de;d0cd559af6bc4bcd986fb11b0ed56877;d3b7c7404a1b432b8dd330d96271b528
strict_val_weighted_f1,EOPKG,0.922,0.001,7,best_epoch,43c4e96d97544cea9eae53251dac57de;5e56c5c7531d4675b4c740f509ff678f;5fcc89889b1d45c489329f5e3df9a5a2;a9ec65c003b14176b0d853a15471bbbb;b8f6130db97f4f28b27d4528497aa1f3;c9399e3109674246bfa4894487904d27;ebdfb988ea654392a4a4fc270f9e7c71
test_accuracy,GATv2,0.981,0.003,7,fallback_last_no_best_step,0827dcd6f1a34d1a8330115b73a5f288;19d9078ee52942b08295cf257ee764d0;43bb080720cd41c0919a926a04029b92;4de188c1615448e39860458609d7ba5b;52f73713e211451695967c00ca8a57d0;6ede1f8547d64f9ca43d7c45efbd429f;bbb9ea80d692474a87731fdf952ebe1b
test_accuracy,GATv2+Mask,1.000,0.000,7,fallback_last_no_best_step,477ddf290447423086388425acd95d46;48e638d369504463b16fb3f11d14da88;b69e5641721747a5bc0357cd3e450a67;de7d038476b74690a441bf00a9b6f2fc;efb7334ec4e74b2d9dcb5c2eeed6beb3;f22f95e6487c4d62ae00ec6a81ddfbb2;fd61176a11094a29bec34a4accb6a2e7
test_accuracy,LSTM,1.000,0.000,7,fallback_last_no_best_step,28783e1f90934a3c9261e69c322f731a;91bf625c79f04aeeb993f58ff30e43bb;97a69231f63141a7bb7f6780b16c17fe;ad4f63e79ee3447ca17d3036caa46702;cbbdeac775de461c865ab13391a906dd;de92aac60c8343dc8e495144fb1f50fb;e76233f053ef480991b58d327df48a9c
test_accuracy,EOPKG-WI,0.993,0.008,7,best_epoch;fallback_last_no_best_step,65fb28926d0d45709ad89ec7cf9aef59;88e10c5c5b45467e935548e0decdf824;8b07202c23874e298ad9b3445b49872d;8d2a911a18bb4d61a536433690b744f0;a6f92d038fdd4015af0c2ca3d4d657de;d0cd559af6bc4bcd986fb11b0ed56877;d3b7c7404a1b432b8dd330d96271b528
test_accuracy,EOPKG,1.000,0.000,7,fallback_last_no_best_step,43c4e96d97544cea9eae53251dac57de;5e56c5c7531d4675b4c740f509ff678f;5fcc89889b1d45c489329f5e3df9a5a2;a9ec65c003b14176b0d853a15471bbbb;b8f6130db97f4f28b27d4528497aa1f3;c9399e3109674246bfa4894487904d27;ebdfb988ea654392a4a4fc270f9e7c71
test_accuracy_deterministic,GATv2,0.970,0.011,7,fallback_last_no_best_step,0827dcd6f1a34d1a8330115b73a5f288;19d9078ee52942b08295cf257ee764d0;43bb080720cd41c0919a926a04029b92;4de188c1615448e39860458609d7ba5b;52f73713e211451695967c00ca8a57d0;6ede1f8547d64f9ca43d7c45efbd429f;bbb9ea80d692474a87731fdf952ebe1b
test_accuracy_deterministic,GATv2+Mask,1.000,0.000,7,fallback_last_no_best_step,477ddf290447423086388425acd95d46;48e638d369504463b16fb3f11d14da88;b69e5641721747a5bc0357cd3e450a67;de7d038476b74690a441bf00a9b6f2fc;efb7334ec4e74b2d9dcb5c2eeed6beb3;f22f95e6487c4d62ae00ec6a81ddfbb2;fd61176a11094a29bec34a4accb6a2e7
test_accuracy_deterministic,LSTM,1.000,0.000,7,fallback_last_no_best_step,28783e1f90934a3c9261e69c322f731a;91bf625c79f04aeeb993f58ff30e43bb;97a69231f63141a7bb7f6780b16c17fe;ad4f63e79ee3447ca17d3036caa46702;cbbdeac775de461c865ab13391a906dd;de92aac60c8343dc8e495144fb1f50fb;e76233f053ef480991b58d327df48a9c
test_accuracy_deterministic,EOPKG-WI,1.000,0.000,7,best_epoch;fallback_last_no_best_step,65fb28926d0d45709ad89ec7cf9aef59;88e10c5c5b45467e935548e0decdf824;8b07202c23874e298ad9b3445b49872d;8d2a911a18bb4d61a536433690b744f0;a6f92d038fdd4015af0c2ca3d4d657de;d0cd559af6bc4bcd986fb11b0ed56877;d3b7c7404a1b432b8dd330d96271b528
test_accuracy_deterministic,EOPKG,1.000,0.000,7,fallback_last_no_best_step,43c4e96d97544cea9eae53251dac57de;5e56c5c7531d4675b4c740f509ff678f;5fcc89889b1d45c489329f5e3df9a5a2;a9ec65c003b14176b0d853a15471bbbb;b8f6130db97f4f28b27d4528497aa1f3;c9399e3109674246bfa4894487904d27;ebdfb988ea654392a4a4fc270f9e7c71
test_accuracy_len_11_20,GATv2,0.944,0.008,7,fallback_last_no_best_step,0827dcd6f1a34d1a8330115b73a5f288;19d9078ee52942b08295cf257ee764d0;43bb080720cd41c0919a926a04029b92;4de188c1615448e39860458609d7ba5b;52f73713e211451695967c00ca8a57d0;6ede1f8547d64f9ca43d7c45efbd429f;bbb9ea80d692474a87731fdf952ebe1b
test_accuracy_len_11_20,GATv2+Mask,1.000,0.000,7,fallback_last_no_best_step,477ddf290447423086388425acd95d46;48e638d369504463b16fb3f11d14da88;b69e5641721747a5bc0357cd3e450a67;de7d038476b74690a441bf00a9b6f2fc;efb7334ec4e74b2d9dcb5c2eeed6beb3;f22f95e6487c4d62ae00ec6a81ddfbb2;fd61176a11094a29bec34a4accb6a2e7
test_accuracy_len_11_20,LSTM,1.000,0.000,7,fallback_last_no_best_step,28783e1f90934a3c9261e69c322f731a;91bf625c79f04aeeb993f58ff30e43bb;97a69231f63141a7bb7f6780b16c17fe;ad4f63e79ee3447ca17d3036caa46702;cbbdeac775de461c865ab13391a906dd;de92aac60c8343dc8e495144fb1f50fb;e76233f053ef480991b58d327df48a9c
test_accuracy_len_11_20,EOPKG-WI,1.000,0.001,7,best_epoch;fallback_last_no_best_step,65fb28926d0d45709ad89ec7cf9aef59;88e10c5c5b45467e935548e0decdf824;8b07202c23874e298ad9b3445b49872d;8d2a911a18bb4d61a536433690b744f0;a6f92d038fdd4015af0c2ca3d4d657de;d0cd559af6bc4bcd986fb11b0ed56877;d3b7c7404a1b432b8dd330d96271b528
test_accuracy_len_11_20,EOPKG,1.000,0.000,7,fallback_last_no_best_step,43c4e96d97544cea9eae53251dac57de;5e56c5c7531d4675b4c740f509ff678f;5fcc89889b1d45c489329f5e3df9a5a2;a9ec65c003b14176b0d853a15471bbbb;b8f6130db97f4f28b27d4528497aa1f3;c9399e3109674246bfa4894487904d27;ebdfb988ea654392a4a4fc270f9e7c71
test_accuracy_len_1_5,GATv2,0.998,0.003,7,fallback_last_no_best_step,0827dcd6f1a34d1a8330115b73a5f288;19d9078ee52942b08295cf257ee764d0;43bb080720cd41c0919a926a04029b92;4de188c1615448e39860458609d7ba5b;52f73713e211451695967c00ca8a57d0;6ede1f8547d64f9ca43d7c45efbd429f;bbb9ea80d692474a87731fdf952ebe1b
test_accuracy_len_1_5,GATv2+Mask,1.000,0.000,7,fallback_last_no_best_step,477ddf290447423086388425acd95d46;48e638d369504463b16fb3f11d14da88;b69e5641721747a5bc0357cd3e450a67;de7d038476b74690a441bf00a9b6f2fc;efb7334ec4e74b2d9dcb5c2eeed6beb3;f22f95e6487c4d62ae00ec6a81ddfbb2;fd61176a11094a29bec34a4accb6a2e7
test_accuracy_len_1_5,LSTM,1.000,0.000,7,fallback_last_no_best_step,28783e1f90934a3c9261e69c322f731a;91bf625c79f04aeeb993f58ff30e43bb;97a69231f63141a7bb7f6780b16c17fe;ad4f63e79ee3447ca17d3036caa46702;cbbdeac775de461c865ab13391a906dd;de92aac60c8343dc8e495144fb1f50fb;e76233f053ef480991b58d327df48a9c
test_accuracy_len_1_5,EOPKG-WI,0.965,0.040,7,best_epoch;fallback_last_no_best_step,65fb28926d0d45709ad89ec7cf9aef59;88e10c5c5b45467e935548e0decdf824;8b07202c23874e298ad9b3445b49872d;8d2a911a18bb4d61a536433690b744f0;a6f92d038fdd4015af0c2ca3d4d657de;d0cd559af6bc4bcd986fb11b0ed56877;d3b7c7404a1b432b8dd330d96271b528
test_accuracy_len_1_5,EOPKG,1.000,0.000,7,fallback_last_no_best_step,43c4e96d97544cea9eae53251dac57de;5e56c5c7531d4675b4c740f509ff678f;5fcc89889b1d45c489329f5e3df9a5a2;a9ec65c003b14176b0d853a15471bbbb;b8f6130db97f4f28b27d4528497aa1f3;c9399e3109674246bfa4894487904d27;ebdfb988ea654392a4a4fc270f9e7c71
test_accuracy_len_21_plus,GATv2,0.999,0.002,7,fallback_last_no_best_step,0827dcd6f1a34d1a8330115b73a5f288;19d9078ee52942b08295cf257ee764d0;43bb080720cd41c0919a926a04029b92;4de188c1615448e39860458609d7ba5b;52f73713e211451695967c00ca8a57d0;6ede1f8547d64f9ca43d7c45efbd429f;bbb9ea80d692474a87731fdf952ebe1b
test_accuracy_len_21_plus,GATv2+Mask,1.000,0.000,7,fallback_last_no_best_step,477ddf290447423086388425acd95d46;48e638d369504463b16fb3f11d14da88;b69e5641721747a5bc0357cd3e450a67;de7d038476b74690a441bf00a9b6f2fc;efb7334ec4e74b2d9dcb5c2eeed6beb3;f22f95e6487c4d62ae00ec6a81ddfbb2;fd61176a11094a29bec34a4accb6a2e7
test_accuracy_len_21_plus,LSTM,1.000,0.000,7,fallback_last_no_best_step,28783e1f90934a3c9261e69c322f731a;91bf625c79f04aeeb993f58ff30e43bb;97a69231f63141a7bb7f6780b16c17fe;ad4f63e79ee3447ca17d3036caa46702;cbbdeac775de461c865ab13391a906dd;de92aac60c8343dc8e495144fb1f50fb;e76233f053ef480991b58d327df48a9c
test_accuracy_len_21_plus,EOPKG-WI,0.999,0.001,7,best_epoch;fallback_last_no_best_step,65fb28926d0d45709ad89ec7cf9aef59;88e10c5c5b45467e935548e0decdf824;8b07202c23874e298ad9b3445b49872d;8d2a911a18bb4d61a536433690b744f0;a6f92d038fdd4015af0c2ca3d4d657de;d0cd559af6bc4bcd986fb11b0ed56877;d3b7c7404a1b432b8dd330d96271b528
test_accuracy_len_21_plus,EOPKG,1.000,0.000,7,fallback_last_no_best_step,43c4e96d97544cea9eae53251dac57de;5e56c5c7531d4675b4c740f509ff678f;5fcc89889b1d45c489329f5e3df9a5a2;a9ec65c003b14176b0d853a15471bbbb;b8f6130db97f4f28b27d4528497aa1f3;c9399e3109674246bfa4894487904d27;ebdfb988ea654392a4a4fc270f9e7c71
test_accuracy_len_6_10,GATv2,0.999,0.000,7,fallback_last_no_best_step,0827dcd6f1a34d1a8330115b73a5f288;19d9078ee52942b08295cf257ee764d0;43bb080720cd41c0919a926a04029b92;4de188c1615448e39860458609d7ba5b;52f73713e211451695967c00ca8a57d0;6ede1f8547d64f9ca43d7c45efbd429f;bbb9ea80d692474a87731fdf952ebe1b
test_accuracy_len_6_10,GATv2+Mask,1.000,0.000,7,fallback_last_no_best_step,477ddf290447423086388425acd95d46;48e638d369504463b16fb3f11d14da88;b69e5641721747a5bc0357cd3e450a67;de7d038476b74690a441bf00a9b6f2fc;efb7334ec4e74b2d9dcb5c2eeed6beb3;f22f95e6487c4d62ae00ec6a81ddfbb2;fd61176a11094a29bec34a4accb6a2e7
test_accuracy_len_6_10,LSTM,1.000,0.000,7,fallback_last_no_best_step,28783e1f90934a3c9261e69c322f731a;91bf625c79f04aeeb993f58ff30e43bb;97a69231f63141a7bb7f6780b16c17fe;ad4f63e79ee3447ca17d3036caa46702;cbbdeac775de461c865ab13391a906dd;de92aac60c8343dc8e495144fb1f50fb;e76233f053ef480991b58d327df48a9c
test_accuracy_len_6_10,EOPKG-WI,0.999,0.001,7,best_epoch;fallback_last_no_best_step,65fb28926d0d45709ad89ec7cf9aef59;88e10c5c5b45467e935548e0decdf824;8b07202c23874e298ad9b3445b49872d;8d2a911a18bb4d61a536433690b744f0;a6f92d038fdd4015af0c2ca3d4d657de;d0cd559af6bc4bcd986fb11b0ed56877;d3b7c7404a1b432b8dd330d96271b528
test_accuracy_len_6_10,EOPKG,1.000,0.000,7,fallback_last_no_best_step,43c4e96d97544cea9eae53251dac57de;5e56c5c7531d4675b4c740f509ff678f;5fcc89889b1d45c489329f5e3df9a5a2;a9ec65c003b14176b0d853a15471bbbb;b8f6130db97f4f28b27d4528497aa1f3;c9399e3109674246bfa4894487904d27;ebdfb988ea654392a4a4fc270f9e7c71
test_accuracy_mask_card_1,GATv2,0.970,0.011,7,fallback_last_no_best_step,0827dcd6f1a34d1a8330115b73a5f288;19d9078ee52942b08295cf257ee764d0;43bb080720cd41c0919a926a04029b92;4de188c1615448e39860458609d7ba5b;52f73713e211451695967c00ca8a57d0;6ede1f8547d64f9ca43d7c45efbd429f;bbb9ea80d692474a87731fdf952ebe1b
test_accuracy_mask_card_1,GATv2+Mask,1.000,0.000,7,fallback_last_no_best_step,477ddf290447423086388425acd95d46;48e638d369504463b16fb3f11d14da88;b69e5641721747a5bc0357cd3e450a67;de7d038476b74690a441bf00a9b6f2fc;efb7334ec4e74b2d9dcb5c2eeed6beb3;f22f95e6487c4d62ae00ec6a81ddfbb2;fd61176a11094a29bec34a4accb6a2e7
test_accuracy_mask_card_1,LSTM,1.000,0.000,7,fallback_last_no_best_step,28783e1f90934a3c9261e69c322f731a;91bf625c79f04aeeb993f58ff30e43bb;97a69231f63141a7bb7f6780b16c17fe;ad4f63e79ee3447ca17d3036caa46702;cbbdeac775de461c865ab13391a906dd;de92aac60c8343dc8e495144fb1f50fb;e76233f053ef480991b58d327df48a9c
test_accuracy_mask_card_1,EOPKG-WI,1.000,0.000,7,best_epoch;fallback_last_no_best_step,65fb28926d0d45709ad89ec7cf9aef59;88e10c5c5b45467e935548e0decdf824;8b07202c23874e298ad9b3445b49872d;8d2a911a18bb4d61a536433690b744f0;a6f92d038fdd4015af0c2ca3d4d657de;d0cd559af6bc4bcd986fb11b0ed56877;d3b7c7404a1b432b8dd330d96271b528
test_accuracy_mask_card_1,EOPKG,1.000,0.000,7,fallback_last_no_best_step,43c4e96d97544cea9eae53251dac57de;5e56c5c7531d4675b4c740f509ff678f;5fcc89889b1d45c489329f5e3df9a5a2;a9ec65c003b14176b0d853a15471bbbb;b8f6130db97f4f28b27d4528497aa1f3;c9399e3109674246bfa4894487904d27;ebdfb988ea654392a4a4fc270f9e7c71
test_accuracy_mask_card_2,GATv2,0.999,0.000,7,fallback_last_no_best_step,0827dcd6f1a34d1a8330115b73a5f288;19d9078ee52942b08295cf257ee764d0;43bb080720cd41c0919a926a04029b92;4de188c1615448e39860458609d7ba5b;52f73713e211451695967c00ca8a57d0;6ede1f8547d64f9ca43d7c45efbd429f;bbb9ea80d692474a87731fdf952ebe1b
test_accuracy_mask_card_2,GATv2+Mask,1.000,0.000,7,fallback_last_no_best_step,477ddf290447423086388425acd95d46;48e638d369504463b16fb3f11d14da88;b69e5641721747a5bc0357cd3e450a67;de7d038476b74690a441bf00a9b6f2fc;efb7334ec4e74b2d9dcb5c2eeed6beb3;f22f95e6487c4d62ae00ec6a81ddfbb2;fd61176a11094a29bec34a4accb6a2e7
test_accuracy_mask_card_2,LSTM,1.000,0.000,7,fallback_last_no_best_step,28783e1f90934a3c9261e69c322f731a;91bf625c79f04aeeb993f58ff30e43bb;97a69231f63141a7bb7f6780b16c17fe;ad4f63e79ee3447ca17d3036caa46702;cbbdeac775de461c865ab13391a906dd;de92aac60c8343dc8e495144fb1f50fb;e76233f053ef480991b58d327df48a9c
test_accuracy_mask_card_2,EOPKG-WI,0.995,0.008,7,best_epoch;fallback_last_no_best_step,65fb28926d0d45709ad89ec7cf9aef59;88e10c5c5b45467e935548e0decdf824;8b07202c23874e298ad9b3445b49872d;8d2a911a18bb4d61a536433690b744f0;a6f92d038fdd4015af0c2ca3d4d657de;d0cd559af6bc4bcd986fb11b0ed56877;d3b7c7404a1b432b8dd330d96271b528
test_accuracy_mask_card_2,EOPKG,1.000,0.000,7,fallback_last_no_best_step,43c4e96d97544cea9eae53251dac57de;5e56c5c7531d4675b4c740f509ff678f;5fcc89889b1d45c489329f5e3df9a5a2;a9ec65c003b14176b0d853a15471bbbb;b8f6130db97f4f28b27d4528497aa1f3;c9399e3109674246bfa4894487904d27;ebdfb988ea654392a4a4fc270f9e7c71
test_accuracy_mask_card_3_plus,GATv2,0.969,0.015,7,fallback_last_no_best_step,0827dcd6f1a34d1a8330115b73a5f288;19d9078ee52942b08295cf257ee764d0;43bb080720cd41c0919a926a04029b92;4de188c1615448e39860458609d7ba5b;52f73713e211451695967c00ca8a57d0;6ede1f8547d64f9ca43d7c45efbd429f;bbb9ea80d692474a87731fdf952ebe1b
test_accuracy_mask_card_3_plus,GATv2+Mask,1.000,0.000,7,fallback_last_no_best_step,477ddf290447423086388425acd95d46;48e638d369504463b16fb3f11d14da88;b69e5641721747a5bc0357cd3e450a67;de7d038476b74690a441bf00a9b6f2fc;efb7334ec4e74b2d9dcb5c2eeed6beb3;f22f95e6487c4d62ae00ec6a81ddfbb2;fd61176a11094a29bec34a4accb6a2e7
test_accuracy_mask_card_3_plus,LSTM,1.000,0.001,7,fallback_last_no_best_step,28783e1f90934a3c9261e69c322f731a;91bf625c79f04aeeb993f58ff30e43bb;97a69231f63141a7bb7f6780b16c17fe;ad4f63e79ee3447ca17d3036caa46702;cbbdeac775de461c865ab13391a906dd;de92aac60c8343dc8e495144fb1f50fb;e76233f053ef480991b58d327df48a9c
test_accuracy_mask_card_3_plus,EOPKG-WI,0.992,0.009,7,best_epoch;fallback_last_no_best_step,65fb28926d0d45709ad89ec7cf9aef59;88e10c5c5b45467e935548e0decdf824;8b07202c23874e298ad9b3445b49872d;8d2a911a18bb4d61a536433690b744f0;a6f92d038fdd4015af0c2ca3d4d657de;d0cd559af6bc4bcd986fb11b0ed56877;d3b7c7404a1b432b8dd330d96271b528
test_accuracy_mask_card_3_plus,EOPKG,1.000,0.000,7,fallback_last_no_best_step,43c4e96d97544cea9eae53251dac57de;5e56c5c7531d4675b4c740f509ff678f;5fcc89889b1d45c489329f5e3df9a5a2;a9ec65c003b14176b0d853a15471bbbb;b8f6130db97f4f28b27d4528497aa1f3;c9399e3109674246bfa4894487904d27;ebdfb988ea654392a4a4fc270f9e7c71
test_accuracy_v1,GATv2,0.971,0.012,7,fallback_last_no_best_step,0827dcd6f1a34d1a8330115b73a5f288;19d9078ee52942b08295cf257ee764d0;43bb080720cd41c0919a926a04029b92;4de188c1615448e39860458609d7ba5b;52f73713e211451695967c00ca8a57d0;6ede1f8547d64f9ca43d7c45efbd429f;bbb9ea80d692474a87731fdf952ebe1b
test_accuracy_v1,GATv2+Mask,1.000,0.000,7,fallback_last_no_best_step,477ddf290447423086388425acd95d46;48e638d369504463b16fb3f11d14da88;b69e5641721747a5bc0357cd3e450a67;de7d038476b74690a441bf00a9b6f2fc;efb7334ec4e74b2d9dcb5c2eeed6beb3;f22f95e6487c4d62ae00ec6a81ddfbb2;fd61176a11094a29bec34a4accb6a2e7
test_accuracy_v1,LSTM,1.000,0.000,7,fallback_last_no_best_step,28783e1f90934a3c9261e69c322f731a;91bf625c79f04aeeb993f58ff30e43bb;97a69231f63141a7bb7f6780b16c17fe;ad4f63e79ee3447ca17d3036caa46702;cbbdeac775de461c865ab13391a906dd;de92aac60c8343dc8e495144fb1f50fb;e76233f053ef480991b58d327df48a9c
test_accuracy_v1,EOPKG-WI,0.995,0.009,7,best_epoch;fallback_last_no_best_step,65fb28926d0d45709ad89ec7cf9aef59;88e10c5c5b45467e935548e0decdf824;8b07202c23874e298ad9b3445b49872d;8d2a911a18bb4d61a536433690b744f0;a6f92d038fdd4015af0c2ca3d4d657de;d0cd559af6bc4bcd986fb11b0ed56877;d3b7c7404a1b432b8dd330d96271b528
test_accuracy_v1,EOPKG,1.000,0.000,7,fallback_last_no_best_step,43c4e96d97544cea9eae53251dac57de;5e56c5c7531d4675b4c740f509ff678f;5fcc89889b1d45c489329f5e3df9a5a2;a9ec65c003b14176b0d853a15471bbbb;b8f6130db97f4f28b27d4528497aa1f3;c9399e3109674246bfa4894487904d27;ebdfb988ea654392a4a4fc270f9e7c71
test_accuracy_v2,GATv2,0.993,0.019,7,fallback_last_no_best_step,0827dcd6f1a34d1a8330115b73a5f288;19d9078ee52942b08295cf257ee764d0;43bb080720cd41c0919a926a04029b92;4de188c1615448e39860458609d7ba5b;52f73713e211451695967c00ca8a57d0;6ede1f8547d64f9ca43d7c45efbd429f;bbb9ea80d692474a87731fdf952ebe1b
test_accuracy_v2,GATv2+Mask,1.000,0.000,7,fallback_last_no_best_step,477ddf290447423086388425acd95d46;48e638d369504463b16fb3f11d14da88;b69e5641721747a5bc0357cd3e450a67;de7d038476b74690a441bf00a9b6f2fc;efb7334ec4e74b2d9dcb5c2eeed6beb3;f22f95e6487c4d62ae00ec6a81ddfbb2;fd61176a11094a29bec34a4accb6a2e7
test_accuracy_v2,LSTM,1.000,0.000,7,fallback_last_no_best_step,28783e1f90934a3c9261e69c322f731a;91bf625c79f04aeeb993f58ff30e43bb;97a69231f63141a7bb7f6780b16c17fe;ad4f63e79ee3447ca17d3036caa46702;cbbdeac775de461c865ab13391a906dd;de92aac60c8343dc8e495144fb1f50fb;e76233f053ef480991b58d327df48a9c
test_accuracy_v2,EOPKG-WI,0.991,0.009,7,best_epoch;fallback_last_no_best_step,65fb28926d0d45709ad89ec7cf9aef59;88e10c5c5b45467e935548e0decdf824;8b07202c23874e298ad9b3445b49872d;8d2a911a18bb4d61a536433690b744f0;a6f92d038fdd4015af0c2ca3d4d657de;d0cd559af6bc4bcd986fb11b0ed56877;d3b7c7404a1b432b8dd330d96271b528
test_accuracy_v2,EOPKG,1.000,0.000,7,fallback_last_no_best_step,43c4e96d97544cea9eae53251dac57de;5e56c5c7531d4675b4c740f509ff678f;5fcc89889b1d45c489329f5e3df9a5a2;a9ec65c003b14176b0d853a15471bbbb;b8f6130db97f4f28b27d4528497aa1f3;c9399e3109674246bfa4894487904d27;ebdfb988ea654392a4a4fc270f9e7c71
test_ambiguous_prefix_rate,GATv2,0.551,0.000,7,fallback_last_no_best_step,0827dcd6f1a34d1a8330115b73a5f288;19d9078ee52942b08295cf257ee764d0;43bb080720cd41c0919a926a04029b92;4de188c1615448e39860458609d7ba5b;52f73713e211451695967c00ca8a57d0;6ede1f8547d64f9ca43d7c45efbd429f;bbb9ea80d692474a87731fdf952ebe1b
test_ambiguous_prefix_rate,GATv2+Mask,0.551,0.000,7,fallback_last_no_best_step,477ddf290447423086388425acd95d46;48e638d369504463b16fb3f11d14da88;b69e5641721747a5bc0357cd3e450a67;de7d038476b74690a441bf00a9b6f2fc;efb7334ec4e74b2d9dcb5c2eeed6beb3;f22f95e6487c4d62ae00ec6a81ddfbb2;fd61176a11094a29bec34a4accb6a2e7
test_ambiguous_prefix_rate,LSTM,0.551,0.000,7,fallback_last_no_best_step,28783e1f90934a3c9261e69c322f731a;91bf625c79f04aeeb993f58ff30e43bb;97a69231f63141a7bb7f6780b16c17fe;ad4f63e79ee3447ca17d3036caa46702;cbbdeac775de461c865ab13391a906dd;de92aac60c8343dc8e495144fb1f50fb;e76233f053ef480991b58d327df48a9c
test_ambiguous_prefix_rate,EOPKG-WI,0.860,0.000,7,best_epoch;fallback_last_no_best_step,65fb28926d0d45709ad89ec7cf9aef59;88e10c5c5b45467e935548e0decdf824;8b07202c23874e298ad9b3445b49872d;8d2a911a18bb4d61a536433690b744f0;a6f92d038fdd4015af0c2ca3d4d657de;d0cd559af6bc4bcd986fb11b0ed56877;d3b7c7404a1b432b8dd330d96271b528
test_ambiguous_prefix_rate,EOPKG,0.860,0.000,7,fallback_last_no_best_step,43c4e96d97544cea9eae53251dac57de;5e56c5c7531d4675b4c740f509ff678f;5fcc89889b1d45c489329f5e3df9a5a2;a9ec65c003b14176b0d853a15471bbbb;b8f6130db97f4f28b27d4528497aa1f3;c9399e3109674246bfa4894487904d27;ebdfb988ea654392a4a4fc270f9e7c71
test_ece,GATv2,0.028,0.006,7,fallback_last_no_best_step,0827dcd6f1a34d1a8330115b73a5f288;19d9078ee52942b08295cf257ee764d0;43bb080720cd41c0919a926a04029b92;4de188c1615448e39860458609d7ba5b;52f73713e211451695967c00ca8a57d0;6ede1f8547d64f9ca43d7c45efbd429f;bbb9ea80d692474a87731fdf952ebe1b
test_ece,GATv2+Mask,0.032,0.010,7,fallback_last_no_best_step,477ddf290447423086388425acd95d46;48e638d369504463b16fb3f11d14da88;b69e5641721747a5bc0357cd3e450a67;de7d038476b74690a441bf00a9b6f2fc;efb7334ec4e74b2d9dcb5c2eeed6beb3;f22f95e6487c4d62ae00ec6a81ddfbb2;fd61176a11094a29bec34a4accb6a2e7
test_ece,LSTM,0.030,0.007,7,fallback_last_no_best_step,28783e1f90934a3c9261e69c322f731a;91bf625c79f04aeeb993f58ff30e43bb;97a69231f63141a7bb7f6780b16c17fe;ad4f63e79ee3447ca17d3036caa46702;cbbdeac775de461c865ab13391a906dd;de92aac60c8343dc8e495144fb1f50fb;e76233f053ef480991b58d327df48a9c
test_ece,EOPKG-WI,0.015,0.004,7,best_epoch;fallback_last_no_best_step,65fb28926d0d45709ad89ec7cf9aef59;88e10c5c5b45467e935548e0decdf824;8b07202c23874e298ad9b3445b49872d;8d2a911a18bb4d61a536433690b744f0;a6f92d038fdd4015af0c2ca3d4d657de;d0cd559af6bc4bcd986fb11b0ed56877;d3b7c7404a1b432b8dd330d96271b528
test_ece,EOPKG,0.011,0.001,7,fallback_last_no_best_step,43c4e96d97544cea9eae53251dac57de;5e56c5c7531d4675b4c740f509ff678f;5fcc89889b1d45c489329f5e3df9a5a2;a9ec65c003b14176b0d853a15471bbbb;b8f6130db97f4f28b27d4528497aa1f3;c9399e3109674246bfa4894487904d27;ebdfb988ea654392a4a4fc270f9e7c71
test_f1_len_11_20,GATv2,0.880,0.014,7,fallback_last_no_best_step,0827dcd6f1a34d1a8330115b73a5f288;19d9078ee52942b08295cf257ee764d0;43bb080720cd41c0919a926a04029b92;4de188c1615448e39860458609d7ba5b;52f73713e211451695967c00ca8a57d0;6ede1f8547d64f9ca43d7c45efbd429f;bbb9ea80d692474a87731fdf952ebe1b
test_f1_len_11_20,GATv2+Mask,1.000,0.000,7,fallback_last_no_best_step,477ddf290447423086388425acd95d46;48e638d369504463b16fb3f11d14da88;b69e5641721747a5bc0357cd3e450a67;de7d038476b74690a441bf00a9b6f2fc;efb7334ec4e74b2d9dcb5c2eeed6beb3;f22f95e6487c4d62ae00ec6a81ddfbb2;fd61176a11094a29bec34a4accb6a2e7
test_f1_len_11_20,LSTM,1.000,0.000,7,fallback_last_no_best_step,28783e1f90934a3c9261e69c322f731a;91bf625c79f04aeeb993f58ff30e43bb;97a69231f63141a7bb7f6780b16c17fe;ad4f63e79ee3447ca17d3036caa46702;cbbdeac775de461c865ab13391a906dd;de92aac60c8343dc8e495144fb1f50fb;e76233f053ef480991b58d327df48a9c
test_f1_len_11_20,EOPKG-WI,0.990,0.027,7,best_epoch;fallback_last_no_best_step,65fb28926d0d45709ad89ec7cf9aef59;88e10c5c5b45467e935548e0decdf824;8b07202c23874e298ad9b3445b49872d;8d2a911a18bb4d61a536433690b744f0;a6f92d038fdd4015af0c2ca3d4d657de;d0cd559af6bc4bcd986fb11b0ed56877;d3b7c7404a1b432b8dd330d96271b528
test_f1_len_11_20,EOPKG,1.000,0.000,7,fallback_last_no_best_step,43c4e96d97544cea9eae53251dac57de;5e56c5c7531d4675b4c740f509ff678f;5fcc89889b1d45c489329f5e3df9a5a2;a9ec65c003b14176b0d853a15471bbbb;b8f6130db97f4f28b27d4528497aa1f3;c9399e3109674246bfa4894487904d27;ebdfb988ea654392a4a4fc270f9e7c71
test_f1_len_1_5,GATv2,0.998,0.004,7,fallback_last_no_best_step,0827dcd6f1a34d1a8330115b73a5f288;19d9078ee52942b08295cf257ee764d0;43bb080720cd41c0919a926a04029b92;4de188c1615448e39860458609d7ba5b;52f73713e211451695967c00ca8a57d0;6ede1f8547d64f9ca43d7c45efbd429f;bbb9ea80d692474a87731fdf952ebe1b
test_f1_len_1_5,GATv2+Mask,1.000,0.000,7,fallback_last_no_best_step,477ddf290447423086388425acd95d46;48e638d369504463b16fb3f11d14da88;b69e5641721747a5bc0357cd3e450a67;de7d038476b74690a441bf00a9b6f2fc;efb7334ec4e74b2d9dcb5c2eeed6beb3;f22f95e6487c4d62ae00ec6a81ddfbb2;fd61176a11094a29bec34a4accb6a2e7
test_f1_len_1_5,LSTM,1.000,0.000,7,fallback_last_no_best_step,28783e1f90934a3c9261e69c322f731a;91bf625c79f04aeeb993f58ff30e43bb;97a69231f63141a7bb7f6780b16c17fe;ad4f63e79ee3447ca17d3036caa46702;cbbdeac775de461c865ab13391a906dd;de92aac60c8343dc8e495144fb1f50fb;e76233f053ef480991b58d327df48a9c
test_f1_len_1_5,EOPKG-WI,0.938,0.087,7,best_epoch;fallback_last_no_best_step,65fb28926d0d45709ad89ec7cf9aef59;88e10c5c5b45467e935548e0decdf824;8b07202c23874e298ad9b3445b49872d;8d2a911a18bb4d61a536433690b744f0;a6f92d038fdd4015af0c2ca3d4d657de;d0cd559af6bc4bcd986fb11b0ed56877;d3b7c7404a1b432b8dd330d96271b528
test_f1_len_1_5,EOPKG,1.000,0.000,7,fallback_last_no_best_step,43c4e96d97544cea9eae53251dac57de;5e56c5c7531d4675b4c740f509ff678f;5fcc89889b1d45c489329f5e3df9a5a2;a9ec65c003b14176b0d853a15471bbbb;b8f6130db97f4f28b27d4528497aa1f3;c9399e3109674246bfa4894487904d27;ebdfb988ea654392a4a4fc270f9e7c71
test_f1_len_21_plus,GATv2,0.995,0.014,7,fallback_last_no_best_step,0827dcd6f1a34d1a8330115b73a5f288;19d9078ee52942b08295cf257ee764d0;43bb080720cd41c0919a926a04029b92;4de188c1615448e39860458609d7ba5b;52f73713e211451695967c00ca8a57d0;6ede1f8547d64f9ca43d7c45efbd429f;bbb9ea80d692474a87731fdf952ebe1b
test_f1_len_21_plus,GATv2+Mask,1.000,0.000,7,fallback_last_no_best_step,477ddf290447423086388425acd95d46;48e638d369504463b16fb3f11d14da88;b69e5641721747a5bc0357cd3e450a67;de7d038476b74690a441bf00a9b6f2fc;efb7334ec4e74b2d9dcb5c2eeed6beb3;f22f95e6487c4d62ae00ec6a81ddfbb2;fd61176a11094a29bec34a4accb6a2e7
test_f1_len_21_plus,LSTM,1.000,0.000,7,fallback_last_no_best_step,28783e1f90934a3c9261e69c322f731a;91bf625c79f04aeeb993f58ff30e43bb;97a69231f63141a7bb7f6780b16c17fe;ad4f63e79ee3447ca17d3036caa46702;cbbdeac775de461c865ab13391a906dd;de92aac60c8343dc8e495144fb1f50fb;e76233f053ef480991b58d327df48a9c
test_f1_len_21_plus,EOPKG-WI,0.990,0.012,7,best_epoch;fallback_last_no_best_step,65fb28926d0d45709ad89ec7cf9aef59;88e10c5c5b45467e935548e0decdf824;8b07202c23874e298ad9b3445b49872d;8d2a911a18bb4d61a536433690b744f0;a6f92d038fdd4015af0c2ca3d4d657de;d0cd559af6bc4bcd986fb11b0ed56877;d3b7c7404a1b432b8dd330d96271b528
test_f1_len_21_plus,EOPKG,1.000,0.000,7,fallback_last_no_best_step,43c4e96d97544cea9eae53251dac57de;5e56c5c7531d4675b4c740f509ff678f;5fcc89889b1d45c489329f5e3df9a5a2;a9ec65c003b14176b0d853a15471bbbb;b8f6130db97f4f28b27d4528497aa1f3;c9399e3109674246bfa4894487904d27;ebdfb988ea654392a4a4fc270f9e7c71
test_f1_len_6_10,GATv2,0.962,0.003,7,fallback_last_no_best_step,0827dcd6f1a34d1a8330115b73a5f288;19d9078ee52942b08295cf257ee764d0;43bb080720cd41c0919a926a04029b92;4de188c1615448e39860458609d7ba5b;52f73713e211451695967c00ca8a57d0;6ede1f8547d64f9ca43d7c45efbd429f;bbb9ea80d692474a87731fdf952ebe1b
test_f1_len_6_10,GATv2+Mask,1.000,0.000,7,fallback_last_no_best_step,477ddf290447423086388425acd95d46;48e638d369504463b16fb3f11d14da88;b69e5641721747a5bc0357cd3e450a67;de7d038476b74690a441bf00a9b6f2fc;efb7334ec4e74b2d9dcb5c2eeed6beb3;f22f95e6487c4d62ae00ec6a81ddfbb2;fd61176a11094a29bec34a4accb6a2e7
test_f1_len_6_10,LSTM,0.979,0.041,7,fallback_last_no_best_step,28783e1f90934a3c9261e69c322f731a;91bf625c79f04aeeb993f58ff30e43bb;97a69231f63141a7bb7f6780b16c17fe;ad4f63e79ee3447ca17d3036caa46702;cbbdeac775de461c865ab13391a906dd;de92aac60c8343dc8e495144fb1f50fb;e76233f053ef480991b58d327df48a9c
test_f1_len_6_10,EOPKG-WI,0.974,0.040,7,best_epoch;fallback_last_no_best_step,65fb28926d0d45709ad89ec7cf9aef59;88e10c5c5b45467e935548e0decdf824;8b07202c23874e298ad9b3445b49872d;8d2a911a18bb4d61a536433690b744f0;a6f92d038fdd4015af0c2ca3d4d657de;d0cd559af6bc4bcd986fb11b0ed56877;d3b7c7404a1b432b8dd330d96271b528
test_f1_len_6_10,EOPKG,1.000,0.000,7,fallback_last_no_best_step,43c4e96d97544cea9eae53251dac57de;5e56c5c7531d4675b4c740f509ff678f;5fcc89889b1d45c489329f5e3df9a5a2;a9ec65c003b14176b0d853a15471bbbb;b8f6130db97f4f28b27d4528497aa1f3;c9399e3109674246bfa4894487904d27;ebdfb988ea654392a4a4fc270f9e7c71
test_f1_mask_card_1,GATv2,0.958,0.035,7,fallback_last_no_best_step,0827dcd6f1a34d1a8330115b73a5f288;19d9078ee52942b08295cf257ee764d0;43bb080720cd41c0919a926a04029b92;4de188c1615448e39860458609d7ba5b;52f73713e211451695967c00ca8a57d0;6ede1f8547d64f9ca43d7c45efbd429f;bbb9ea80d692474a87731fdf952ebe1b
test_f1_mask_card_1,GATv2+Mask,1.000,0.000,7,fallback_last_no_best_step,477ddf290447423086388425acd95d46;48e638d369504463b16fb3f11d14da88;b69e5641721747a5bc0357cd3e450a67;de7d038476b74690a441bf00a9b6f2fc;efb7334ec4e74b2d9dcb5c2eeed6beb3;f22f95e6487c4d62ae00ec6a81ddfbb2;fd61176a11094a29bec34a4accb6a2e7
test_f1_mask_card_1,LSTM,1.000,0.000,7,fallback_last_no_best_step,28783e1f90934a3c9261e69c322f731a;91bf625c79f04aeeb993f58ff30e43bb;97a69231f63141a7bb7f6780b16c17fe;ad4f63e79ee3447ca17d3036caa46702;cbbdeac775de461c865ab13391a906dd;de92aac60c8343dc8e495144fb1f50fb;e76233f053ef480991b58d327df48a9c
test_f1_mask_card_1,EOPKG-WI,1.000,0.000,7,best_epoch;fallback_last_no_best_step,65fb28926d0d45709ad89ec7cf9aef59;88e10c5c5b45467e935548e0decdf824;8b07202c23874e298ad9b3445b49872d;8d2a911a18bb4d61a536433690b744f0;a6f92d038fdd4015af0c2ca3d4d657de;d0cd559af6bc4bcd986fb11b0ed56877;d3b7c7404a1b432b8dd330d96271b528
test_f1_mask_card_1,EOPKG,1.000,0.000,7,fallback_last_no_best_step,43c4e96d97544cea9eae53251dac57de;5e56c5c7531d4675b4c740f509ff678f;5fcc89889b1d45c489329f5e3df9a5a2;a9ec65c003b14176b0d853a15471bbbb;b8f6130db97f4f28b27d4528497aa1f3;c9399e3109674246bfa4894487904d27;ebdfb988ea654392a4a4fc270f9e7c71
test_f1_mask_card_2,GATv2,0.993,0.018,7,fallback_last_no_best_step,0827dcd6f1a34d1a8330115b73a5f288;19d9078ee52942b08295cf257ee764d0;43bb080720cd41c0919a926a04029b92;4de188c1615448e39860458609d7ba5b;52f73713e211451695967c00ca8a57d0;6ede1f8547d64f9ca43d7c45efbd429f;bbb9ea80d692474a87731fdf952ebe1b
test_f1_mask_card_2,GATv2+Mask,1.000,0.000,7,fallback_last_no_best_step,477ddf290447423086388425acd95d46;48e638d369504463b16fb3f11d14da88;b69e5641721747a5bc0357cd3e450a67;de7d038476b74690a441bf00a9b6f2fc;efb7334ec4e74b2d9dcb5c2eeed6beb3;f22f95e6487c4d62ae00ec6a81ddfbb2;fd61176a11094a29bec34a4accb6a2e7
test_f1_mask_card_2,LSTM,1.000,0.000,7,fallback_last_no_best_step,28783e1f90934a3c9261e69c322f731a;91bf625c79f04aeeb993f58ff30e43bb;97a69231f63141a7bb7f6780b16c17fe;ad4f63e79ee3447ca17d3036caa46702;cbbdeac775de461c865ab13391a906dd;de92aac60c8343dc8e495144fb1f50fb;e76233f053ef480991b58d327df48a9c
test_f1_mask_card_2,EOPKG-WI,0.977,0.036,7,best_epoch;fallback_last_no_best_step,65fb28926d0d45709ad89ec7cf9aef59;88e10c5c5b45467e935548e0decdf824;8b07202c23874e298ad9b3445b49872d;8d2a911a18bb4d61a536433690b744f0;a6f92d038fdd4015af0c2ca3d4d657de;d0cd559af6bc4bcd986fb11b0ed56877;d3b7c7404a1b432b8dd330d96271b528
test_f1_mask_card_2,EOPKG,1.000,0.000,7,fallback_last_no_best_step,43c4e96d97544cea9eae53251dac57de;5e56c5c7531d4675b4c740f509ff678f;5fcc89889b1d45c489329f5e3df9a5a2;a9ec65c003b14176b0d853a15471bbbb;b8f6130db97f4f28b27d4528497aa1f3;c9399e3109674246bfa4894487904d27;ebdfb988ea654392a4a4fc270f9e7c71
test_f1_mask_card_3_plus,GATv2,0.859,0.035,7,fallback_last_no_best_step,0827dcd6f1a34d1a8330115b73a5f288;19d9078ee52942b08295cf257ee764d0;43bb080720cd41c0919a926a04029b92;4de188c1615448e39860458609d7ba5b;52f73713e211451695967c00ca8a57d0;6ede1f8547d64f9ca43d7c45efbd429f;bbb9ea80d692474a87731fdf952ebe1b
test_f1_mask_card_3_plus,GATv2+Mask,1.000,0.000,7,fallback_last_no_best_step,477ddf290447423086388425acd95d46;48e638d369504463b16fb3f11d14da88;b69e5641721747a5bc0357cd3e450a67;de7d038476b74690a441bf00a9b6f2fc;efb7334ec4e74b2d9dcb5c2eeed6beb3;f22f95e6487c4d62ae00ec6a81ddfbb2;fd61176a11094a29bec34a4accb6a2e7
test_f1_mask_card_3_plus,LSTM,1.000,0.001,7,fallback_last_no_best_step,28783e1f90934a3c9261e69c322f731a;91bf625c79f04aeeb993f58ff30e43bb;97a69231f63141a7bb7f6780b16c17fe;ad4f63e79ee3447ca17d3036caa46702;cbbdeac775de461c865ab13391a906dd;de92aac60c8343dc8e495144fb1f50fb;e76233f053ef480991b58d327df48a9c
test_f1_mask_card_3_plus,EOPKG-WI,0.984,0.023,7,best_epoch;fallback_last_no_best_step,65fb28926d0d45709ad89ec7cf9aef59;88e10c5c5b45467e935548e0decdf824;8b07202c23874e298ad9b3445b49872d;8d2a911a18bb4d61a536433690b744f0;a6f92d038fdd4015af0c2ca3d4d657de;d0cd559af6bc4bcd986fb11b0ed56877;d3b7c7404a1b432b8dd330d96271b528
test_f1_mask_card_3_plus,EOPKG,1.000,0.000,7,fallback_last_no_best_step,43c4e96d97544cea9eae53251dac57de;5e56c5c7531d4675b4c740f509ff678f;5fcc89889b1d45c489329f5e3df9a5a2;a9ec65c003b14176b0d853a15471bbbb;b8f6130db97f4f28b27d4528497aa1f3;c9399e3109674246bfa4894487904d27;ebdfb988ea654392a4a4fc270f9e7c71
test_f1_v1,GATv2,0.862,0.016,7,fallback_last_no_best_step,0827dcd6f1a34d1a8330115b73a5f288;19d9078ee52942b08295cf257ee764d0;43bb080720cd41c0919a926a04029b92;4de188c1615448e39860458609d7ba5b;52f73713e211451695967c00ca8a57d0;6ede1f8547d64f9ca43d7c45efbd429f;bbb9ea80d692474a87731fdf952ebe1b
test_f1_v1,GATv2+Mask,1.000,0.000,7,fallback_last_no_best_step,477ddf290447423086388425acd95d46;48e638d369504463b16fb3f11d14da88;b69e5641721747a5bc0357cd3e450a67;de7d038476b74690a441bf00a9b6f2fc;efb7334ec4e74b2d9dcb5c2eeed6beb3;f22f95e6487c4d62ae00ec6a81ddfbb2;fd61176a11094a29bec34a4accb6a2e7
test_f1_v1,LSTM,0.983,0.024,7,fallback_last_no_best_step,28783e1f90934a3c9261e69c322f731a;91bf625c79f04aeeb993f58ff30e43bb;97a69231f63141a7bb7f6780b16c17fe;ad4f63e79ee3447ca17d3036caa46702;cbbdeac775de461c865ab13391a906dd;de92aac60c8343dc8e495144fb1f50fb;e76233f053ef480991b58d327df48a9c
test_f1_v1,EOPKG-WI,0.990,0.021,7,best_epoch;fallback_last_no_best_step,65fb28926d0d45709ad89ec7cf9aef59;88e10c5c5b45467e935548e0decdf824;8b07202c23874e298ad9b3445b49872d;8d2a911a18bb4d61a536433690b744f0;a6f92d038fdd4015af0c2ca3d4d657de;d0cd559af6bc4bcd986fb11b0ed56877;d3b7c7404a1b432b8dd330d96271b528
test_f1_v1,EOPKG,1.000,0.000,7,fallback_last_no_best_step,43c4e96d97544cea9eae53251dac57de;5e56c5c7531d4675b4c740f509ff678f;5fcc89889b1d45c489329f5e3df9a5a2;a9ec65c003b14176b0d853a15471bbbb;b8f6130db97f4f28b27d4528497aa1f3;c9399e3109674246bfa4894487904d27;ebdfb988ea654392a4a4fc270f9e7c71
test_f1_v2,GATv2,0.988,0.032,7,fallback_last_no_best_step,0827dcd6f1a34d1a8330115b73a5f288;19d9078ee52942b08295cf257ee764d0;43bb080720cd41c0919a926a04029b92;4de188c1615448e39860458609d7ba5b;52f73713e211451695967c00ca8a57d0;6ede1f8547d64f9ca43d7c45efbd429f;bbb9ea80d692474a87731fdf952ebe1b
test_f1_v2,GATv2+Mask,1.000,0.000,7,fallback_last_no_best_step,477ddf290447423086388425acd95d46;48e638d369504463b16fb3f11d14da88;b69e5641721747a5bc0357cd3e450a67;de7d038476b74690a441bf00a9b6f2fc;efb7334ec4e74b2d9dcb5c2eeed6beb3;f22f95e6487c4d62ae00ec6a81ddfbb2;fd61176a11094a29bec34a4accb6a2e7
test_f1_v2,LSTM,1.000,0.000,7,fallback_last_no_best_step,28783e1f90934a3c9261e69c322f731a;91bf625c79f04aeeb993f58ff30e43bb;97a69231f63141a7bb7f6780b16c17fe;ad4f63e79ee3447ca17d3036caa46702;cbbdeac775de461c865ab13391a906dd;de92aac60c8343dc8e495144fb1f50fb;e76233f053ef480991b58d327df48a9c
test_f1_v2,EOPKG-WI,0.982,0.024,7,best_epoch;fallback_last_no_best_step,65fb28926d0d45709ad89ec7cf9aef59;88e10c5c5b45467e935548e0decdf824;8b07202c23874e298ad9b3445b49872d;8d2a911a18bb4d61a536433690b744f0;a6f92d038fdd4015af0c2ca3d4d657de;d0cd559af6bc4bcd986fb11b0ed56877;d3b7c7404a1b432b8dd330d96271b528
test_f1_v2,EOPKG,1.000,0.000,7,fallback_last_no_best_step,43c4e96d97544cea9eae53251dac57de;5e56c5c7531d4675b4c740f509ff678f;5fcc89889b1d45c489329f5e3df9a5a2;a9ec65c003b14176b0d853a15471bbbb;b8f6130db97f4f28b27d4528497aa1f3;c9399e3109674246bfa4894487904d27;ebdfb988ea654392a4a4fc270f9e7c71
test_inference_time_ms_per_graph,GATv2,4.314,2.058,7,fallback_last_no_best_step,0827dcd6f1a34d1a8330115b73a5f288;19d9078ee52942b08295cf257ee764d0;43bb080720cd41c0919a926a04029b92;4de188c1615448e39860458609d7ba5b;52f73713e211451695967c00ca8a57d0;6ede1f8547d64f9ca43d7c45efbd429f;bbb9ea80d692474a87731fdf952ebe1b
test_inference_time_ms_per_graph,GATv2+Mask,3.890,1.007,7,fallback_last_no_best_step,477ddf290447423086388425acd95d46;48e638d369504463b16fb3f11d14da88;b69e5641721747a5bc0357cd3e450a67;de7d038476b74690a441bf00a9b6f2fc;efb7334ec4e74b2d9dcb5c2eeed6beb3;f22f95e6487c4d62ae00ec6a81ddfbb2;fd61176a11094a29bec34a4accb6a2e7
test_inference_time_ms_per_graph,LSTM,4.234,1.383,7,fallback_last_no_best_step,28783e1f90934a3c9261e69c322f731a;91bf625c79f04aeeb993f58ff30e43bb;97a69231f63141a7bb7f6780b16c17fe;ad4f63e79ee3447ca17d3036caa46702;cbbdeac775de461c865ab13391a906dd;de92aac60c8343dc8e495144fb1f50fb;e76233f053ef480991b58d327df48a9c
test_inference_time_ms_per_graph,EOPKG-WI,4.598,0.759,7,best_epoch;fallback_last_no_best_step,65fb28926d0d45709ad89ec7cf9aef59;88e10c5c5b45467e935548e0decdf824;8b07202c23874e298ad9b3445b49872d;8d2a911a18bb4d61a536433690b744f0;a6f92d038fdd4015af0c2ca3d4d657de;d0cd559af6bc4bcd986fb11b0ed56877;d3b7c7404a1b432b8dd330d96271b528
test_inference_time_ms_per_graph,EOPKG,5.728,1.063,7,fallback_last_no_best_step,43c4e96d97544cea9eae53251dac57de;5e56c5c7531d4675b4c740f509ff678f;5fcc89889b1d45c489329f5e3df9a5a2;a9ec65c003b14176b0d853a15471bbbb;b8f6130db97f4f28b27d4528497aa1f3;c9399e3109674246bfa4894487904d27;ebdfb988ea654392a4a4fc270f9e7c71
test_macro_f1,GATv2,0.938,0.009,7,fallback_last_no_best_step,0827dcd6f1a34d1a8330115b73a5f288;19d9078ee52942b08295cf257ee764d0;43bb080720cd41c0919a926a04029b92;4de188c1615448e39860458609d7ba5b;52f73713e211451695967c00ca8a57d0;6ede1f8547d64f9ca43d7c45efbd429f;bbb9ea80d692474a87731fdf952ebe1b
test_macro_f1,GATv2+Mask,1.000,0.000,7,fallback_last_no_best_step,477ddf290447423086388425acd95d46;48e638d369504463b16fb3f11d14da88;b69e5641721747a5bc0357cd3e450a67;de7d038476b74690a441bf00a9b6f2fc;efb7334ec4e74b2d9dcb5c2eeed6beb3;f22f95e6487c4d62ae00ec6a81ddfbb2;fd61176a11094a29bec34a4accb6a2e7
test_macro_f1,LSTM,1.000,0.000,7,fallback_last_no_best_step,28783e1f90934a3c9261e69c322f731a;91bf625c79f04aeeb993f58ff30e43bb;97a69231f63141a7bb7f6780b16c17fe;ad4f63e79ee3447ca17d3036caa46702;cbbdeac775de461c865ab13391a906dd;de92aac60c8343dc8e495144fb1f50fb;e76233f053ef480991b58d327df48a9c
test_macro_f1,EOPKG-WI,0.982,0.025,7,best_epoch;fallback_last_no_best_step,65fb28926d0d45709ad89ec7cf9aef59;88e10c5c5b45467e935548e0decdf824;8b07202c23874e298ad9b3445b49872d;8d2a911a18bb4d61a536433690b744f0;a6f92d038fdd4015af0c2ca3d4d657de;d0cd559af6bc4bcd986fb11b0ed56877;d3b7c7404a1b432b8dd330d96271b528
test_macro_f1,EOPKG,1.000,0.000,7,fallback_last_no_best_step,43c4e96d97544cea9eae53251dac57de;5e56c5c7531d4675b4c740f509ff678f;5fcc89889b1d45c489329f5e3df9a5a2;a9ec65c003b14176b0d853a15471bbbb;b8f6130db97f4f28b27d4528497aa1f3;c9399e3109674246bfa4894487904d27;ebdfb988ea654392a4a4fc270f9e7c71
test_mask_coverage,GATv2,1.000,0.000,7,fallback_last_no_best_step,0827dcd6f1a34d1a8330115b73a5f288;19d9078ee52942b08295cf257ee764d0;43bb080720cd41c0919a926a04029b92;4de188c1615448e39860458609d7ba5b;52f73713e211451695967c00ca8a57d0;6ede1f8547d64f9ca43d7c45efbd429f;bbb9ea80d692474a87731fdf952ebe1b
test_mask_coverage,GATv2+Mask,1.000,0.000,7,fallback_last_no_best_step,477ddf290447423086388425acd95d46;48e638d369504463b16fb3f11d14da88;b69e5641721747a5bc0357cd3e450a67;de7d038476b74690a441bf00a9b6f2fc;efb7334ec4e74b2d9dcb5c2eeed6beb3;f22f95e6487c4d62ae00ec6a81ddfbb2;fd61176a11094a29bec34a4accb6a2e7
test_mask_coverage,LSTM,1.000,0.000,7,fallback_last_no_best_step,28783e1f90934a3c9261e69c322f731a;91bf625c79f04aeeb993f58ff30e43bb;97a69231f63141a7bb7f6780b16c17fe;ad4f63e79ee3447ca17d3036caa46702;cbbdeac775de461c865ab13391a906dd;de92aac60c8343dc8e495144fb1f50fb;e76233f053ef480991b58d327df48a9c
test_mask_coverage,EOPKG-WI,1.000,0.000,7,best_epoch;fallback_last_no_best_step,65fb28926d0d45709ad89ec7cf9aef59;88e10c5c5b45467e935548e0decdf824;8b07202c23874e298ad9b3445b49872d;8d2a911a18bb4d61a536433690b744f0;a6f92d038fdd4015af0c2ca3d4d657de;d0cd559af6bc4bcd986fb11b0ed56877;d3b7c7404a1b432b8dd330d96271b528
test_mask_coverage,EOPKG,1.000,0.000,7,fallback_last_no_best_step,43c4e96d97544cea9eae53251dac57de;5e56c5c7531d4675b4c740f509ff678f;5fcc89889b1d45c489329f5e3df9a5a2;a9ec65c003b14176b0d853a15471bbbb;b8f6130db97f4f28b27d4528497aa1f3;c9399e3109674246bfa4894487904d27;ebdfb988ea654392a4a4fc270f9e7c71
test_oos,GATv2,0.019,0.003,7,fallback_last_no_best_step,0827dcd6f1a34d1a8330115b73a5f288;19d9078ee52942b08295cf257ee764d0;43bb080720cd41c0919a926a04029b92;4de188c1615448e39860458609d7ba5b;52f73713e211451695967c00ca8a57d0;6ede1f8547d64f9ca43d7c45efbd429f;bbb9ea80d692474a87731fdf952ebe1b
test_oos,GATv2+Mask,0.000,0.000,7,fallback_last_no_best_step,477ddf290447423086388425acd95d46;48e638d369504463b16fb3f11d14da88;b69e5641721747a5bc0357cd3e450a67;de7d038476b74690a441bf00a9b6f2fc;efb7334ec4e74b2d9dcb5c2eeed6beb3;f22f95e6487c4d62ae00ec6a81ddfbb2;fd61176a11094a29bec34a4accb6a2e7
test_oos,LSTM,0.000,0.000,7,fallback_last_no_best_step,28783e1f90934a3c9261e69c322f731a;91bf625c79f04aeeb993f58ff30e43bb;97a69231f63141a7bb7f6780b16c17fe;ad4f63e79ee3447ca17d3036caa46702;cbbdeac775de461c865ab13391a906dd;de92aac60c8343dc8e495144fb1f50fb;e76233f053ef480991b58d327df48a9c
test_oos,EOPKG-WI,0.007,0.008,7,best_epoch;fallback_last_no_best_step,65fb28926d0d45709ad89ec7cf9aef59;88e10c5c5b45467e935548e0decdf824;8b07202c23874e298ad9b3445b49872d;8d2a911a18bb4d61a536433690b744f0;a6f92d038fdd4015af0c2ca3d4d657de;d0cd559af6bc4bcd986fb11b0ed56877;d3b7c7404a1b432b8dd330d96271b528
test_oos,EOPKG,0.000,0.000,7,fallback_last_no_best_step,43c4e96d97544cea9eae53251dac57de;5e56c5c7531d4675b4c740f509ff678f;5fcc89889b1d45c489329f5e3df9a5a2;a9ec65c003b14176b0d853a15471bbbb;b8f6130db97f4f28b27d4528497aa1f3;c9399e3109674246bfa4894487904d27;ebdfb988ea654392a4a4fc270f9e7c71
test_oos_len_11_20,GATv2,0.056,0.008,7,fallback_last_no_best_step,0827dcd6f1a34d1a8330115b73a5f288;19d9078ee52942b08295cf257ee764d0;43bb080720cd41c0919a926a04029b92;4de188c1615448e39860458609d7ba5b;52f73713e211451695967c00ca8a57d0;6ede1f8547d64f9ca43d7c45efbd429f;bbb9ea80d692474a87731fdf952ebe1b
test_oos_len_11_20,GATv2+Mask,0.000,0.000,7,fallback_last_no_best_step,477ddf290447423086388425acd95d46;48e638d369504463b16fb3f11d14da88;b69e5641721747a5bc0357cd3e450a67;de7d038476b74690a441bf00a9b6f2fc;efb7334ec4e74b2d9dcb5c2eeed6beb3;f22f95e6487c4d62ae00ec6a81ddfbb2;fd61176a11094a29bec34a4accb6a2e7
test_oos_len_11_20,LSTM,0.000,0.000,7,fallback_last_no_best_step,28783e1f90934a3c9261e69c322f731a;91bf625c79f04aeeb993f58ff30e43bb;97a69231f63141a7bb7f6780b16c17fe;ad4f63e79ee3447ca17d3036caa46702;cbbdeac775de461c865ab13391a906dd;de92aac60c8343dc8e495144fb1f50fb;e76233f053ef480991b58d327df48a9c
test_oos_len_11_20,EOPKG-WI,0.000,0.001,7,best_epoch;fallback_last_no_best_step,65fb28926d0d45709ad89ec7cf9aef59;88e10c5c5b45467e935548e0decdf824;8b07202c23874e298ad9b3445b49872d;8d2a911a18bb4d61a536433690b744f0;a6f92d038fdd4015af0c2ca3d4d657de;d0cd559af6bc4bcd986fb11b0ed56877;d3b7c7404a1b432b8dd330d96271b528
test_oos_len_11_20,EOPKG,0.000,0.000,7,fallback_last_no_best_step,43c4e96d97544cea9eae53251dac57de;5e56c5c7531d4675b4c740f509ff678f;5fcc89889b1d45c489329f5e3df9a5a2;a9ec65c003b14176b0d853a15471bbbb;b8f6130db97f4f28b27d4528497aa1f3;c9399e3109674246bfa4894487904d27;ebdfb988ea654392a4a4fc270f9e7c71
test_oos_len_1_5,GATv2,0.002,0.003,7,fallback_last_no_best_step,0827dcd6f1a34d1a8330115b73a5f288;19d9078ee52942b08295cf257ee764d0;43bb080720cd41c0919a926a04029b92;4de188c1615448e39860458609d7ba5b;52f73713e211451695967c00ca8a57d0;6ede1f8547d64f9ca43d7c45efbd429f;bbb9ea80d692474a87731fdf952ebe1b
test_oos_len_1_5,GATv2+Mask,0.000,0.000,7,fallback_last_no_best_step,477ddf290447423086388425acd95d46;48e638d369504463b16fb3f11d14da88;b69e5641721747a5bc0357cd3e450a67;de7d038476b74690a441bf00a9b6f2fc;efb7334ec4e74b2d9dcb5c2eeed6beb3;f22f95e6487c4d62ae00ec6a81ddfbb2;fd61176a11094a29bec34a4accb6a2e7
test_oos_len_1_5,LSTM,0.000,0.000,7,fallback_last_no_best_step,28783e1f90934a3c9261e69c322f731a;91bf625c79f04aeeb993f58ff30e43bb;97a69231f63141a7bb7f6780b16c17fe;ad4f63e79ee3447ca17d3036caa46702;cbbdeac775de461c865ab13391a906dd;de92aac60c8343dc8e495144fb1f50fb;e76233f053ef480991b58d327df48a9c
test_oos_len_1_5,EOPKG-WI,0.035,0.040,7,best_epoch;fallback_last_no_best_step,65fb28926d0d45709ad89ec7cf9aef59;88e10c5c5b45467e935548e0decdf824;8b07202c23874e298ad9b3445b49872d;8d2a911a18bb4d61a536433690b744f0;a6f92d038fdd4015af0c2ca3d4d657de;d0cd559af6bc4bcd986fb11b0ed56877;d3b7c7404a1b432b8dd330d96271b528
test_oos_len_1_5,EOPKG,0.000,0.000,7,fallback_last_no_best_step,43c4e96d97544cea9eae53251dac57de;5e56c5c7531d4675b4c740f509ff678f;5fcc89889b1d45c489329f5e3df9a5a2;a9ec65c003b14176b0d853a15471bbbb;b8f6130db97f4f28b27d4528497aa1f3;c9399e3109674246bfa4894487904d27;ebdfb988ea654392a4a4fc270f9e7c71
test_oos_len_21_plus,GATv2,0.001,0.002,7,fallback_last_no_best_step,0827dcd6f1a34d1a8330115b73a5f288;19d9078ee52942b08295cf257ee764d0;43bb080720cd41c0919a926a04029b92;4de188c1615448e39860458609d7ba5b;52f73713e211451695967c00ca8a57d0;6ede1f8547d64f9ca43d7c45efbd429f;bbb9ea80d692474a87731fdf952ebe1b
test_oos_len_21_plus,GATv2+Mask,0.000,0.000,7,fallback_last_no_best_step,477ddf290447423086388425acd95d46;48e638d369504463b16fb3f11d14da88;b69e5641721747a5bc0357cd3e450a67;de7d038476b74690a441bf00a9b6f2fc;efb7334ec4e74b2d9dcb5c2eeed6beb3;f22f95e6487c4d62ae00ec6a81ddfbb2;fd61176a11094a29bec34a4accb6a2e7
test_oos_len_21_plus,LSTM,0.000,0.000,7,fallback_last_no_best_step,28783e1f90934a3c9261e69c322f731a;91bf625c79f04aeeb993f58ff30e43bb;97a69231f63141a7bb7f6780b16c17fe;ad4f63e79ee3447ca17d3036caa46702;cbbdeac775de461c865ab13391a906dd;de92aac60c8343dc8e495144fb1f50fb;e76233f053ef480991b58d327df48a9c
test_oos_len_21_plus,EOPKG-WI,0.001,0.001,7,best_epoch;fallback_last_no_best_step,65fb28926d0d45709ad89ec7cf9aef59;88e10c5c5b45467e935548e0decdf824;8b07202c23874e298ad9b3445b49872d;8d2a911a18bb4d61a536433690b744f0;a6f92d038fdd4015af0c2ca3d4d657de;d0cd559af6bc4bcd986fb11b0ed56877;d3b7c7404a1b432b8dd330d96271b528
test_oos_len_21_plus,EOPKG,0.000,0.000,7,fallback_last_no_best_step,43c4e96d97544cea9eae53251dac57de;5e56c5c7531d4675b4c740f509ff678f;5fcc89889b1d45c489329f5e3df9a5a2;a9ec65c003b14176b0d853a15471bbbb;b8f6130db97f4f28b27d4528497aa1f3;c9399e3109674246bfa4894487904d27;ebdfb988ea654392a4a4fc270f9e7c71
test_oos_len_6_10,GATv2,0.001,0.000,7,fallback_last_no_best_step,0827dcd6f1a34d1a8330115b73a5f288;19d9078ee52942b08295cf257ee764d0;43bb080720cd41c0919a926a04029b92;4de188c1615448e39860458609d7ba5b;52f73713e211451695967c00ca8a57d0;6ede1f8547d64f9ca43d7c45efbd429f;bbb9ea80d692474a87731fdf952ebe1b
test_oos_len_6_10,GATv2+Mask,0.000,0.000,7,fallback_last_no_best_step,477ddf290447423086388425acd95d46;48e638d369504463b16fb3f11d14da88;b69e5641721747a5bc0357cd3e450a67;de7d038476b74690a441bf00a9b6f2fc;efb7334ec4e74b2d9dcb5c2eeed6beb3;f22f95e6487c4d62ae00ec6a81ddfbb2;fd61176a11094a29bec34a4accb6a2e7
test_oos_len_6_10,LSTM,0.000,0.000,7,fallback_last_no_best_step,28783e1f90934a3c9261e69c322f731a;91bf625c79f04aeeb993f58ff30e43bb;97a69231f63141a7bb7f6780b16c17fe;ad4f63e79ee3447ca17d3036caa46702;cbbdeac775de461c865ab13391a906dd;de92aac60c8343dc8e495144fb1f50fb;e76233f053ef480991b58d327df48a9c
test_oos_len_6_10,EOPKG-WI,0.001,0.001,7,best_epoch;fallback_last_no_best_step,65fb28926d0d45709ad89ec7cf9aef59;88e10c5c5b45467e935548e0decdf824;8b07202c23874e298ad9b3445b49872d;8d2a911a18bb4d61a536433690b744f0;a6f92d038fdd4015af0c2ca3d4d657de;d0cd559af6bc4bcd986fb11b0ed56877;d3b7c7404a1b432b8dd330d96271b528
test_oos_len_6_10,EOPKG,0.000,0.000,7,fallback_last_no_best_step,43c4e96d97544cea9eae53251dac57de;5e56c5c7531d4675b4c740f509ff678f;5fcc89889b1d45c489329f5e3df9a5a2;a9ec65c003b14176b0d853a15471bbbb;b8f6130db97f4f28b27d4528497aa1f3;c9399e3109674246bfa4894487904d27;ebdfb988ea654392a4a4fc270f9e7c71
test_oos_mask_card_1,GATv2,0.030,0.011,7,fallback_last_no_best_step,0827dcd6f1a34d1a8330115b73a5f288;19d9078ee52942b08295cf257ee764d0;43bb080720cd41c0919a926a04029b92;4de188c1615448e39860458609d7ba5b;52f73713e211451695967c00ca8a57d0;6ede1f8547d64f9ca43d7c45efbd429f;bbb9ea80d692474a87731fdf952ebe1b
test_oos_mask_card_1,GATv2+Mask,0.000,0.000,7,fallback_last_no_best_step,477ddf290447423086388425acd95d46;48e638d369504463b16fb3f11d14da88;b69e5641721747a5bc0357cd3e450a67;de7d038476b74690a441bf00a9b6f2fc;efb7334ec4e74b2d9dcb5c2eeed6beb3;f22f95e6487c4d62ae00ec6a81ddfbb2;fd61176a11094a29bec34a4accb6a2e7
test_oos_mask_card_1,LSTM,0.000,0.000,7,fallback_last_no_best_step,28783e1f90934a3c9261e69c322f731a;91bf625c79f04aeeb993f58ff30e43bb;97a69231f63141a7bb7f6780b16c17fe;ad4f63e79ee3447ca17d3036caa46702;cbbdeac775de461c865ab13391a906dd;de92aac60c8343dc8e495144fb1f50fb;e76233f053ef480991b58d327df48a9c
test_oos_mask_card_1,EOPKG-WI,0.000,0.000,7,best_epoch;fallback_last_no_best_step,65fb28926d0d45709ad89ec7cf9aef59;88e10c5c5b45467e935548e0decdf824;8b07202c23874e298ad9b3445b49872d;8d2a911a18bb4d61a536433690b744f0;a6f92d038fdd4015af0c2ca3d4d657de;d0cd559af6bc4bcd986fb11b0ed56877;d3b7c7404a1b432b8dd330d96271b528
test_oos_mask_card_1,EOPKG,0.000,0.000,7,fallback_last_no_best_step,43c4e96d97544cea9eae53251dac57de;5e56c5c7531d4675b4c740f509ff678f;5fcc89889b1d45c489329f5e3df9a5a2;a9ec65c003b14176b0d853a15471bbbb;b8f6130db97f4f28b27d4528497aa1f3;c9399e3109674246bfa4894487904d27;ebdfb988ea654392a4a4fc270f9e7c71
test_oos_mask_card_2,GATv2,0.001,0.000,7,fallback_last_no_best_step,0827dcd6f1a34d1a8330115b73a5f288;19d9078ee52942b08295cf257ee764d0;43bb080720cd41c0919a926a04029b92;4de188c1615448e39860458609d7ba5b;52f73713e211451695967c00ca8a57d0;6ede1f8547d64f9ca43d7c45efbd429f;bbb9ea80d692474a87731fdf952ebe1b
test_oos_mask_card_2,GATv2+Mask,0.000,0.000,7,fallback_last_no_best_step,477ddf290447423086388425acd95d46;48e638d369504463b16fb3f11d14da88;b69e5641721747a5bc0357cd3e450a67;de7d038476b74690a441bf00a9b6f2fc;efb7334ec4e74b2d9dcb5c2eeed6beb3;f22f95e6487c4d62ae00ec6a81ddfbb2;fd61176a11094a29bec34a4accb6a2e7
test_oos_mask_card_2,LSTM,0.000,0.000,7,fallback_last_no_best_step,28783e1f90934a3c9261e69c322f731a;91bf625c79f04aeeb993f58ff30e43bb;97a69231f63141a7bb7f6780b16c17fe;ad4f63e79ee3447ca17d3036caa46702;cbbdeac775de461c865ab13391a906dd;de92aac60c8343dc8e495144fb1f50fb;e76233f053ef480991b58d327df48a9c
test_oos_mask_card_2,EOPKG-WI,0.005,0.008,7,best_epoch;fallback_last_no_best_step,65fb28926d0d45709ad89ec7cf9aef59;88e10c5c5b45467e935548e0decdf824;8b07202c23874e298ad9b3445b49872d;8d2a911a18bb4d61a536433690b744f0;a6f92d038fdd4015af0c2ca3d4d657de;d0cd559af6bc4bcd986fb11b0ed56877;d3b7c7404a1b432b8dd330d96271b528
test_oos_mask_card_2,EOPKG,0.000,0.000,7,fallback_last_no_best_step,43c4e96d97544cea9eae53251dac57de;5e56c5c7531d4675b4c740f509ff678f;5fcc89889b1d45c489329f5e3df9a5a2;a9ec65c003b14176b0d853a15471bbbb;b8f6130db97f4f28b27d4528497aa1f3;c9399e3109674246bfa4894487904d27;ebdfb988ea654392a4a4fc270f9e7c71
test_oos_mask_card_3_plus,GATv2,0.031,0.015,7,fallback_last_no_best_step,0827dcd6f1a34d1a8330115b73a5f288;19d9078ee52942b08295cf257ee764d0;43bb080720cd41c0919a926a04029b92;4de188c1615448e39860458609d7ba5b;52f73713e211451695967c00ca8a57d0;6ede1f8547d64f9ca43d7c45efbd429f;bbb9ea80d692474a87731fdf952ebe1b
test_oos_mask_card_3_plus,GATv2+Mask,0.000,0.000,7,fallback_last_no_best_step,477ddf290447423086388425acd95d46;48e638d369504463b16fb3f11d14da88;b69e5641721747a5bc0357cd3e450a67;de7d038476b74690a441bf00a9b6f2fc;efb7334ec4e74b2d9dcb5c2eeed6beb3;f22f95e6487c4d62ae00ec6a81ddfbb2;fd61176a11094a29bec34a4accb6a2e7
test_oos_mask_card_3_plus,LSTM,0.000,0.001,7,fallback_last_no_best_step,28783e1f90934a3c9261e69c322f731a;91bf625c79f04aeeb993f58ff30e43bb;97a69231f63141a7bb7f6780b16c17fe;ad4f63e79ee3447ca17d3036caa46702;cbbdeac775de461c865ab13391a906dd;de92aac60c8343dc8e495144fb1f50fb;e76233f053ef480991b58d327df48a9c
test_oos_mask_card_3_plus,EOPKG-WI,0.008,0.009,7,best_epoch;fallback_last_no_best_step,65fb28926d0d45709ad89ec7cf9aef59;88e10c5c5b45467e935548e0decdf824;8b07202c23874e298ad9b3445b49872d;8d2a911a18bb4d61a536433690b744f0;a6f92d038fdd4015af0c2ca3d4d657de;d0cd559af6bc4bcd986fb11b0ed56877;d3b7c7404a1b432b8dd330d96271b528
test_oos_mask_card_3_plus,EOPKG,0.000,0.000,7,fallback_last_no_best_step,43c4e96d97544cea9eae53251dac57de;5e56c5c7531d4675b4c740f509ff678f;5fcc89889b1d45c489329f5e3df9a5a2;a9ec65c003b14176b0d853a15471bbbb;b8f6130db97f4f28b27d4528497aa1f3;c9399e3109674246bfa4894487904d27;ebdfb988ea654392a4a4fc270f9e7c71
test_oos_v1,GATv2,0.029,0.012,7,fallback_last_no_best_step,0827dcd6f1a34d1a8330115b73a5f288;19d9078ee52942b08295cf257ee764d0;43bb080720cd41c0919a926a04029b92;4de188c1615448e39860458609d7ba5b;52f73713e211451695967c00ca8a57d0;6ede1f8547d64f9ca43d7c45efbd429f;bbb9ea80d692474a87731fdf952ebe1b
test_oos_v1,GATv2+Mask,0.000,0.000,7,fallback_last_no_best_step,477ddf290447423086388425acd95d46;48e638d369504463b16fb3f11d14da88;b69e5641721747a5bc0357cd3e450a67;de7d038476b74690a441bf00a9b6f2fc;efb7334ec4e74b2d9dcb5c2eeed6beb3;f22f95e6487c4d62ae00ec6a81ddfbb2;fd61176a11094a29bec34a4accb6a2e7
test_oos_v1,LSTM,0.000,0.000,7,fallback_last_no_best_step,28783e1f90934a3c9261e69c322f731a;91bf625c79f04aeeb993f58ff30e43bb;97a69231f63141a7bb7f6780b16c17fe;ad4f63e79ee3447ca17d3036caa46702;cbbdeac775de461c865ab13391a906dd;de92aac60c8343dc8e495144fb1f50fb;e76233f053ef480991b58d327df48a9c
test_oos_v1,EOPKG-WI,0.005,0.009,7,best_epoch;fallback_last_no_best_step,65fb28926d0d45709ad89ec7cf9aef59;88e10c5c5b45467e935548e0decdf824;8b07202c23874e298ad9b3445b49872d;8d2a911a18bb4d61a536433690b744f0;a6f92d038fdd4015af0c2ca3d4d657de;d0cd559af6bc4bcd986fb11b0ed56877;d3b7c7404a1b432b8dd330d96271b528
test_oos_v1,EOPKG,0.000,0.000,7,fallback_last_no_best_step,43c4e96d97544cea9eae53251dac57de;5e56c5c7531d4675b4c740f509ff678f;5fcc89889b1d45c489329f5e3df9a5a2;a9ec65c003b14176b0d853a15471bbbb;b8f6130db97f4f28b27d4528497aa1f3;c9399e3109674246bfa4894487904d27;ebdfb988ea654392a4a4fc270f9e7c71
test_oos_v2,GATv2,0.007,0.019,7,fallback_last_no_best_step,0827dcd6f1a34d1a8330115b73a5f288;19d9078ee52942b08295cf257ee764d0;43bb080720cd41c0919a926a04029b92;4de188c1615448e39860458609d7ba5b;52f73713e211451695967c00ca8a57d0;6ede1f8547d64f9ca43d7c45efbd429f;bbb9ea80d692474a87731fdf952ebe1b
test_oos_v2,GATv2+Mask,0.000,0.000,7,fallback_last_no_best_step,477ddf290447423086388425acd95d46;48e638d369504463b16fb3f11d14da88;b69e5641721747a5bc0357cd3e450a67;de7d038476b74690a441bf00a9b6f2fc;efb7334ec4e74b2d9dcb5c2eeed6beb3;f22f95e6487c4d62ae00ec6a81ddfbb2;fd61176a11094a29bec34a4accb6a2e7
test_oos_v2,LSTM,0.000,0.000,7,fallback_last_no_best_step,28783e1f90934a3c9261e69c322f731a;91bf625c79f04aeeb993f58ff30e43bb;97a69231f63141a7bb7f6780b16c17fe;ad4f63e79ee3447ca17d3036caa46702;cbbdeac775de461c865ab13391a906dd;de92aac60c8343dc8e495144fb1f50fb;e76233f053ef480991b58d327df48a9c
test_oos_v2,EOPKG-WI,0.009,0.009,7,best_epoch;fallback_last_no_best_step,65fb28926d0d45709ad89ec7cf9aef59;88e10c5c5b45467e935548e0decdf824;8b07202c23874e298ad9b3445b49872d;8d2a911a18bb4d61a536433690b744f0;a6f92d038fdd4015af0c2ca3d4d657de;d0cd559af6bc4bcd986fb11b0ed56877;d3b7c7404a1b432b8dd330d96271b528
test_oos_v2,EOPKG,0.000,0.000,7,fallback_last_no_best_step,43c4e96d97544cea9eae53251dac57de;5e56c5c7531d4675b4c740f509ff678f;5fcc89889b1d45c489329f5e3df9a5a2;a9ec65c003b14176b0d853a15471bbbb;b8f6130db97f4f28b27d4528497aa1f3;c9399e3109674246bfa4894487904d27;ebdfb988ea654392a4a4fc270f9e7c71
test_precision_macro,GATv2,0.947,0.014,7,fallback_last_no_best_step,0827dcd6f1a34d1a8330115b73a5f288;19d9078ee52942b08295cf257ee764d0;43bb080720cd41c0919a926a04029b92;4de188c1615448e39860458609d7ba5b;52f73713e211451695967c00ca8a57d0;6ede1f8547d64f9ca43d7c45efbd429f;bbb9ea80d692474a87731fdf952ebe1b
test_precision_macro,GATv2+Mask,1.000,0.000,7,fallback_last_no_best_step,477ddf290447423086388425acd95d46;48e638d369504463b16fb3f11d14da88;b69e5641721747a5bc0357cd3e450a67;de7d038476b74690a441bf00a9b6f2fc;efb7334ec4e74b2d9dcb5c2eeed6beb3;f22f95e6487c4d62ae00ec6a81ddfbb2;fd61176a11094a29bec34a4accb6a2e7
test_precision_macro,LSTM,1.000,0.000,7,fallback_last_no_best_step,28783e1f90934a3c9261e69c322f731a;91bf625c79f04aeeb993f58ff30e43bb;97a69231f63141a7bb7f6780b16c17fe;ad4f63e79ee3447ca17d3036caa46702;cbbdeac775de461c865ab13391a906dd;de92aac60c8343dc8e495144fb1f50fb;e76233f053ef480991b58d327df48a9c
test_precision_macro,EOPKG-WI,0.987,0.018,7,best_epoch;fallback_last_no_best_step,65fb28926d0d45709ad89ec7cf9aef59;88e10c5c5b45467e935548e0decdf824;8b07202c23874e298ad9b3445b49872d;8d2a911a18bb4d61a536433690b744f0;a6f92d038fdd4015af0c2ca3d4d657de;d0cd559af6bc4bcd986fb11b0ed56877;d3b7c7404a1b432b8dd330d96271b528
test_precision_macro,EOPKG,1.000,0.000,7,fallback_last_no_best_step,43c4e96d97544cea9eae53251dac57de;5e56c5c7531d4675b4c740f509ff678f;5fcc89889b1d45c489329f5e3df9a5a2;a9ec65c003b14176b0d853a15471bbbb;b8f6130db97f4f28b27d4528497aa1f3;c9399e3109674246bfa4894487904d27;ebdfb988ea654392a4a4fc270f9e7c71
test_pred_in_mask_rate,GATv2,0.981,0.003,7,fallback_last_no_best_step,0827dcd6f1a34d1a8330115b73a5f288;19d9078ee52942b08295cf257ee764d0;43bb080720cd41c0919a926a04029b92;4de188c1615448e39860458609d7ba5b;52f73713e211451695967c00ca8a57d0;6ede1f8547d64f9ca43d7c45efbd429f;bbb9ea80d692474a87731fdf952ebe1b
test_pred_in_mask_rate,GATv2+Mask,1.000,0.000,7,fallback_last_no_best_step,477ddf290447423086388425acd95d46;48e638d369504463b16fb3f11d14da88;b69e5641721747a5bc0357cd3e450a67;de7d038476b74690a441bf00a9b6f2fc;efb7334ec4e74b2d9dcb5c2eeed6beb3;f22f95e6487c4d62ae00ec6a81ddfbb2;fd61176a11094a29bec34a4accb6a2e7
test_pred_in_mask_rate,LSTM,1.000,0.000,7,fallback_last_no_best_step,28783e1f90934a3c9261e69c322f731a;91bf625c79f04aeeb993f58ff30e43bb;97a69231f63141a7bb7f6780b16c17fe;ad4f63e79ee3447ca17d3036caa46702;cbbdeac775de461c865ab13391a906dd;de92aac60c8343dc8e495144fb1f50fb;e76233f053ef480991b58d327df48a9c
test_pred_in_mask_rate,EOPKG-WI,0.993,0.008,7,best_epoch;fallback_last_no_best_step,65fb28926d0d45709ad89ec7cf9aef59;88e10c5c5b45467e935548e0decdf824;8b07202c23874e298ad9b3445b49872d;8d2a911a18bb4d61a536433690b744f0;a6f92d038fdd4015af0c2ca3d4d657de;d0cd559af6bc4bcd986fb11b0ed56877;d3b7c7404a1b432b8dd330d96271b528
test_pred_in_mask_rate,EOPKG,1.000,0.000,7,fallback_last_no_best_step,43c4e96d97544cea9eae53251dac57de;5e56c5c7531d4675b4c740f509ff678f;5fcc89889b1d45c489329f5e3df9a5a2;a9ec65c003b14176b0d853a15471bbbb;b8f6130db97f4f28b27d4528497aa1f3;c9399e3109674246bfa4894487904d27;ebdfb988ea654392a4a4fc270f9e7c71
test_pred_in_mask_rate_len_11_20,GATv2,0.944,0.008,7,fallback_last_no_best_step,0827dcd6f1a34d1a8330115b73a5f288;19d9078ee52942b08295cf257ee764d0;43bb080720cd41c0919a926a04029b92;4de188c1615448e39860458609d7ba5b;52f73713e211451695967c00ca8a57d0;6ede1f8547d64f9ca43d7c45efbd429f;bbb9ea80d692474a87731fdf952ebe1b
test_pred_in_mask_rate_len_11_20,GATv2+Mask,1.000,0.000,7,fallback_last_no_best_step,477ddf290447423086388425acd95d46;48e638d369504463b16fb3f11d14da88;b69e5641721747a5bc0357cd3e450a67;de7d038476b74690a441bf00a9b6f2fc;efb7334ec4e74b2d9dcb5c2eeed6beb3;f22f95e6487c4d62ae00ec6a81ddfbb2;fd61176a11094a29bec34a4accb6a2e7
test_pred_in_mask_rate_len_11_20,LSTM,1.000,0.000,7,fallback_last_no_best_step,28783e1f90934a3c9261e69c322f731a;91bf625c79f04aeeb993f58ff30e43bb;97a69231f63141a7bb7f6780b16c17fe;ad4f63e79ee3447ca17d3036caa46702;cbbdeac775de461c865ab13391a906dd;de92aac60c8343dc8e495144fb1f50fb;e76233f053ef480991b58d327df48a9c
test_pred_in_mask_rate_len_11_20,EOPKG-WI,1.000,0.001,7,best_epoch;fallback_last_no_best_step,65fb28926d0d45709ad89ec7cf9aef59;88e10c5c5b45467e935548e0decdf824;8b07202c23874e298ad9b3445b49872d;8d2a911a18bb4d61a536433690b744f0;a6f92d038fdd4015af0c2ca3d4d657de;d0cd559af6bc4bcd986fb11b0ed56877;d3b7c7404a1b432b8dd330d96271b528
test_pred_in_mask_rate_len_11_20,EOPKG,1.000,0.000,7,fallback_last_no_best_step,43c4e96d97544cea9eae53251dac57de;5e56c5c7531d4675b4c740f509ff678f;5fcc89889b1d45c489329f5e3df9a5a2;a9ec65c003b14176b0d853a15471bbbb;b8f6130db97f4f28b27d4528497aa1f3;c9399e3109674246bfa4894487904d27;ebdfb988ea654392a4a4fc270f9e7c71
test_pred_in_mask_rate_len_1_5,GATv2,0.998,0.003,7,fallback_last_no_best_step,0827dcd6f1a34d1a8330115b73a5f288;19d9078ee52942b08295cf257ee764d0;43bb080720cd41c0919a926a04029b92;4de188c1615448e39860458609d7ba5b;52f73713e211451695967c00ca8a57d0;6ede1f8547d64f9ca43d7c45efbd429f;bbb9ea80d692474a87731fdf952ebe1b
test_pred_in_mask_rate_len_1_5,GATv2+Mask,1.000,0.000,7,fallback_last_no_best_step,477ddf290447423086388425acd95d46;48e638d369504463b16fb3f11d14da88;b69e5641721747a5bc0357cd3e450a67;de7d038476b74690a441bf00a9b6f2fc;efb7334ec4e74b2d9dcb5c2eeed6beb3;f22f95e6487c4d62ae00ec6a81ddfbb2;fd61176a11094a29bec34a4accb6a2e7
test_pred_in_mask_rate_len_1_5,LSTM,1.000,0.000,7,fallback_last_no_best_step,28783e1f90934a3c9261e69c322f731a;91bf625c79f04aeeb993f58ff30e43bb;97a69231f63141a7bb7f6780b16c17fe;ad4f63e79ee3447ca17d3036caa46702;cbbdeac775de461c865ab13391a906dd;de92aac60c8343dc8e495144fb1f50fb;e76233f053ef480991b58d327df48a9c
test_pred_in_mask_rate_len_1_5,EOPKG-WI,0.965,0.040,7,best_epoch;fallback_last_no_best_step,65fb28926d0d45709ad89ec7cf9aef59;88e10c5c5b45467e935548e0decdf824;8b07202c23874e298ad9b3445b49872d;8d2a911a18bb4d61a536433690b744f0;a6f92d038fdd4015af0c2ca3d4d657de;d0cd559af6bc4bcd986fb11b0ed56877;d3b7c7404a1b432b8dd330d96271b528
test_pred_in_mask_rate_len_1_5,EOPKG,1.000,0.000,7,fallback_last_no_best_step,43c4e96d97544cea9eae53251dac57de;5e56c5c7531d4675b4c740f509ff678f;5fcc89889b1d45c489329f5e3df9a5a2;a9ec65c003b14176b0d853a15471bbbb;b8f6130db97f4f28b27d4528497aa1f3;c9399e3109674246bfa4894487904d27;ebdfb988ea654392a4a4fc270f9e7c71
test_pred_in_mask_rate_len_21_plus,GATv2,0.999,0.002,7,fallback_last_no_best_step,0827dcd6f1a34d1a8330115b73a5f288;19d9078ee52942b08295cf257ee764d0;43bb080720cd41c0919a926a04029b92;4de188c1615448e39860458609d7ba5b;52f73713e211451695967c00ca8a57d0;6ede1f8547d64f9ca43d7c45efbd429f;bbb9ea80d692474a87731fdf952ebe1b
test_pred_in_mask_rate_len_21_plus,GATv2+Mask,1.000,0.000,7,fallback_last_no_best_step,477ddf290447423086388425acd95d46;48e638d369504463b16fb3f11d14da88;b69e5641721747a5bc0357cd3e450a67;de7d038476b74690a441bf00a9b6f2fc;efb7334ec4e74b2d9dcb5c2eeed6beb3;f22f95e6487c4d62ae00ec6a81ddfbb2;fd61176a11094a29bec34a4accb6a2e7
test_pred_in_mask_rate_len_21_plus,LSTM,1.000,0.000,7,fallback_last_no_best_step,28783e1f90934a3c9261e69c322f731a;91bf625c79f04aeeb993f58ff30e43bb;97a69231f63141a7bb7f6780b16c17fe;ad4f63e79ee3447ca17d3036caa46702;cbbdeac775de461c865ab13391a906dd;de92aac60c8343dc8e495144fb1f50fb;e76233f053ef480991b58d327df48a9c
test_pred_in_mask_rate_len_21_plus,EOPKG-WI,0.999,0.001,7,best_epoch;fallback_last_no_best_step,65fb28926d0d45709ad89ec7cf9aef59;88e10c5c5b45467e935548e0decdf824;8b07202c23874e298ad9b3445b49872d;8d2a911a18bb4d61a536433690b744f0;a6f92d038fdd4015af0c2ca3d4d657de;d0cd559af6bc4bcd986fb11b0ed56877;d3b7c7404a1b432b8dd330d96271b528
test_pred_in_mask_rate_len_21_plus,EOPKG,1.000,0.000,7,fallback_last_no_best_step,43c4e96d97544cea9eae53251dac57de;5e56c5c7531d4675b4c740f509ff678f;5fcc89889b1d45c489329f5e3df9a5a2;a9ec65c003b14176b0d853a15471bbbb;b8f6130db97f4f28b27d4528497aa1f3;c9399e3109674246bfa4894487904d27;ebdfb988ea654392a4a4fc270f9e7c71
test_pred_in_mask_rate_len_6_10,GATv2,0.999,0.000,7,fallback_last_no_best_step,0827dcd6f1a34d1a8330115b73a5f288;19d9078ee52942b08295cf257ee764d0;43bb080720cd41c0919a926a04029b92;4de188c1615448e39860458609d7ba5b;52f73713e211451695967c00ca8a57d0;6ede1f8547d64f9ca43d7c45efbd429f;bbb9ea80d692474a87731fdf952ebe1b
test_pred_in_mask_rate_len_6_10,GATv2+Mask,1.000,0.000,7,fallback_last_no_best_step,477ddf290447423086388425acd95d46;48e638d369504463b16fb3f11d14da88;b69e5641721747a5bc0357cd3e450a67;de7d038476b74690a441bf00a9b6f2fc;efb7334ec4e74b2d9dcb5c2eeed6beb3;f22f95e6487c4d62ae00ec6a81ddfbb2;fd61176a11094a29bec34a4accb6a2e7
test_pred_in_mask_rate_len_6_10,LSTM,1.000,0.000,7,fallback_last_no_best_step,28783e1f90934a3c9261e69c322f731a;91bf625c79f04aeeb993f58ff30e43bb;97a69231f63141a7bb7f6780b16c17fe;ad4f63e79ee3447ca17d3036caa46702;cbbdeac775de461c865ab13391a906dd;de92aac60c8343dc8e495144fb1f50fb;e76233f053ef480991b58d327df48a9c
test_pred_in_mask_rate_len_6_10,EOPKG-WI,0.999,0.001,7,best_epoch;fallback_last_no_best_step,65fb28926d0d45709ad89ec7cf9aef59;88e10c5c5b45467e935548e0decdf824;8b07202c23874e298ad9b3445b49872d;8d2a911a18bb4d61a536433690b744f0;a6f92d038fdd4015af0c2ca3d4d657de;d0cd559af6bc4bcd986fb11b0ed56877;d3b7c7404a1b432b8dd330d96271b528
test_pred_in_mask_rate_len_6_10,EOPKG,1.000,0.000,7,fallback_last_no_best_step,43c4e96d97544cea9eae53251dac57de;5e56c5c7531d4675b4c740f509ff678f;5fcc89889b1d45c489329f5e3df9a5a2;a9ec65c003b14176b0d853a15471bbbb;b8f6130db97f4f28b27d4528497aa1f3;c9399e3109674246bfa4894487904d27;ebdfb988ea654392a4a4fc270f9e7c71
test_pred_in_mask_rate_mask_card_1,GATv2,0.970,0.011,7,fallback_last_no_best_step,0827dcd6f1a34d1a8330115b73a5f288;19d9078ee52942b08295cf257ee764d0;43bb080720cd41c0919a926a04029b92;4de188c1615448e39860458609d7ba5b;52f73713e211451695967c00ca8a57d0;6ede1f8547d64f9ca43d7c45efbd429f;bbb9ea80d692474a87731fdf952ebe1b
test_pred_in_mask_rate_mask_card_1,GATv2+Mask,1.000,0.000,7,fallback_last_no_best_step,477ddf290447423086388425acd95d46;48e638d369504463b16fb3f11d14da88;b69e5641721747a5bc0357cd3e450a67;de7d038476b74690a441bf00a9b6f2fc;efb7334ec4e74b2d9dcb5c2eeed6beb3;f22f95e6487c4d62ae00ec6a81ddfbb2;fd61176a11094a29bec34a4accb6a2e7
test_pred_in_mask_rate_mask_card_1,LSTM,1.000,0.000,7,fallback_last_no_best_step,28783e1f90934a3c9261e69c322f731a;91bf625c79f04aeeb993f58ff30e43bb;97a69231f63141a7bb7f6780b16c17fe;ad4f63e79ee3447ca17d3036caa46702;cbbdeac775de461c865ab13391a906dd;de92aac60c8343dc8e495144fb1f50fb;e76233f053ef480991b58d327df48a9c
test_pred_in_mask_rate_mask_card_1,EOPKG-WI,1.000,0.000,7,best_epoch;fallback_last_no_best_step,65fb28926d0d45709ad89ec7cf9aef59;88e10c5c5b45467e935548e0decdf824;8b07202c23874e298ad9b3445b49872d;8d2a911a18bb4d61a536433690b744f0;a6f92d038fdd4015af0c2ca3d4d657de;d0cd559af6bc4bcd986fb11b0ed56877;d3b7c7404a1b432b8dd330d96271b528
test_pred_in_mask_rate_mask_card_1,EOPKG,1.000,0.000,7,fallback_last_no_best_step,43c4e96d97544cea9eae53251dac57de;5e56c5c7531d4675b4c740f509ff678f;5fcc89889b1d45c489329f5e3df9a5a2;a9ec65c003b14176b0d853a15471bbbb;b8f6130db97f4f28b27d4528497aa1f3;c9399e3109674246bfa4894487904d27;ebdfb988ea654392a4a4fc270f9e7c71
test_pred_in_mask_rate_mask_card_2,GATv2,0.999,0.000,7,fallback_last_no_best_step,0827dcd6f1a34d1a8330115b73a5f288;19d9078ee52942b08295cf257ee764d0;43bb080720cd41c0919a926a04029b92;4de188c1615448e39860458609d7ba5b;52f73713e211451695967c00ca8a57d0;6ede1f8547d64f9ca43d7c45efbd429f;bbb9ea80d692474a87731fdf952ebe1b
test_pred_in_mask_rate_mask_card_2,GATv2+Mask,1.000,0.000,7,fallback_last_no_best_step,477ddf290447423086388425acd95d46;48e638d369504463b16fb3f11d14da88;b69e5641721747a5bc0357cd3e450a67;de7d038476b74690a441bf00a9b6f2fc;efb7334ec4e74b2d9dcb5c2eeed6beb3;f22f95e6487c4d62ae00ec6a81ddfbb2;fd61176a11094a29bec34a4accb6a2e7
test_pred_in_mask_rate_mask_card_2,LSTM,1.000,0.000,7,fallback_last_no_best_step,28783e1f90934a3c9261e69c322f731a;91bf625c79f04aeeb993f58ff30e43bb;97a69231f63141a7bb7f6780b16c17fe;ad4f63e79ee3447ca17d3036caa46702;cbbdeac775de461c865ab13391a906dd;de92aac60c8343dc8e495144fb1f50fb;e76233f053ef480991b58d327df48a9c
test_pred_in_mask_rate_mask_card_2,EOPKG-WI,0.995,0.008,7,best_epoch;fallback_last_no_best_step,65fb28926d0d45709ad89ec7cf9aef59;88e10c5c5b45467e935548e0decdf824;8b07202c23874e298ad9b3445b49872d;8d2a911a18bb4d61a536433690b744f0;a6f92d038fdd4015af0c2ca3d4d657de;d0cd559af6bc4bcd986fb11b0ed56877;d3b7c7404a1b432b8dd330d96271b528
test_pred_in_mask_rate_mask_card_2,EOPKG,1.000,0.000,7,fallback_last_no_best_step,43c4e96d97544cea9eae53251dac57de;5e56c5c7531d4675b4c740f509ff678f;5fcc89889b1d45c489329f5e3df9a5a2;a9ec65c003b14176b0d853a15471bbbb;b8f6130db97f4f28b27d4528497aa1f3;c9399e3109674246bfa4894487904d27;ebdfb988ea654392a4a4fc270f9e7c71
test_pred_in_mask_rate_mask_card_3_plus,GATv2,0.969,0.015,7,fallback_last_no_best_step,0827dcd6f1a34d1a8330115b73a5f288;19d9078ee52942b08295cf257ee764d0;43bb080720cd41c0919a926a04029b92;4de188c1615448e39860458609d7ba5b;52f73713e211451695967c00ca8a57d0;6ede1f8547d64f9ca43d7c45efbd429f;bbb9ea80d692474a87731fdf952ebe1b
test_pred_in_mask_rate_mask_card_3_plus,GATv2+Mask,1.000,0.000,7,fallback_last_no_best_step,477ddf290447423086388425acd95d46;48e638d369504463b16fb3f11d14da88;b69e5641721747a5bc0357cd3e450a67;de7d038476b74690a441bf00a9b6f2fc;efb7334ec4e74b2d9dcb5c2eeed6beb3;f22f95e6487c4d62ae00ec6a81ddfbb2;fd61176a11094a29bec34a4accb6a2e7
test_pred_in_mask_rate_mask_card_3_plus,LSTM,1.000,0.001,7,fallback_last_no_best_step,28783e1f90934a3c9261e69c322f731a;91bf625c79f04aeeb993f58ff30e43bb;97a69231f63141a7bb7f6780b16c17fe;ad4f63e79ee3447ca17d3036caa46702;cbbdeac775de461c865ab13391a906dd;de92aac60c8343dc8e495144fb1f50fb;e76233f053ef480991b58d327df48a9c
test_pred_in_mask_rate_mask_card_3_plus,EOPKG-WI,0.992,0.009,7,best_epoch;fallback_last_no_best_step,65fb28926d0d45709ad89ec7cf9aef59;88e10c5c5b45467e935548e0decdf824;8b07202c23874e298ad9b3445b49872d;8d2a911a18bb4d61a536433690b744f0;a6f92d038fdd4015af0c2ca3d4d657de;d0cd559af6bc4bcd986fb11b0ed56877;d3b7c7404a1b432b8dd330d96271b528
test_pred_in_mask_rate_mask_card_3_plus,EOPKG,1.000,0.000,7,fallback_last_no_best_step,43c4e96d97544cea9eae53251dac57de;5e56c5c7531d4675b4c740f509ff678f;5fcc89889b1d45c489329f5e3df9a5a2;a9ec65c003b14176b0d853a15471bbbb;b8f6130db97f4f28b27d4528497aa1f3;c9399e3109674246bfa4894487904d27;ebdfb988ea654392a4a4fc270f9e7c71
test_pred_in_mask_rate_v1,GATv2,0.971,0.012,7,fallback_last_no_best_step,0827dcd6f1a34d1a8330115b73a5f288;19d9078ee52942b08295cf257ee764d0;43bb080720cd41c0919a926a04029b92;4de188c1615448e39860458609d7ba5b;52f73713e211451695967c00ca8a57d0;6ede1f8547d64f9ca43d7c45efbd429f;bbb9ea80d692474a87731fdf952ebe1b
test_pred_in_mask_rate_v1,GATv2+Mask,1.000,0.000,7,fallback_last_no_best_step,477ddf290447423086388425acd95d46;48e638d369504463b16fb3f11d14da88;b69e5641721747a5bc0357cd3e450a67;de7d038476b74690a441bf00a9b6f2fc;efb7334ec4e74b2d9dcb5c2eeed6beb3;f22f95e6487c4d62ae00ec6a81ddfbb2;fd61176a11094a29bec34a4accb6a2e7
test_pred_in_mask_rate_v1,LSTM,1.000,0.000,7,fallback_last_no_best_step,28783e1f90934a3c9261e69c322f731a;91bf625c79f04aeeb993f58ff30e43bb;97a69231f63141a7bb7f6780b16c17fe;ad4f63e79ee3447ca17d3036caa46702;cbbdeac775de461c865ab13391a906dd;de92aac60c8343dc8e495144fb1f50fb;e76233f053ef480991b58d327df48a9c
test_pred_in_mask_rate_v1,EOPKG-WI,0.995,0.009,7,best_epoch;fallback_last_no_best_step,65fb28926d0d45709ad89ec7cf9aef59;88e10c5c5b45467e935548e0decdf824;8b07202c23874e298ad9b3445b49872d;8d2a911a18bb4d61a536433690b744f0;a6f92d038fdd4015af0c2ca3d4d657de;d0cd559af6bc4bcd986fb11b0ed56877;d3b7c7404a1b432b8dd330d96271b528
test_pred_in_mask_rate_v1,EOPKG,1.000,0.000,7,fallback_last_no_best_step,43c4e96d97544cea9eae53251dac57de;5e56c5c7531d4675b4c740f509ff678f;5fcc89889b1d45c489329f5e3df9a5a2;a9ec65c003b14176b0d853a15471bbbb;b8f6130db97f4f28b27d4528497aa1f3;c9399e3109674246bfa4894487904d27;ebdfb988ea654392a4a4fc270f9e7c71
test_pred_in_mask_rate_v2,GATv2,0.993,0.019,7,fallback_last_no_best_step,0827dcd6f1a34d1a8330115b73a5f288;19d9078ee52942b08295cf257ee764d0;43bb080720cd41c0919a926a04029b92;4de188c1615448e39860458609d7ba5b;52f73713e211451695967c00ca8a57d0;6ede1f8547d64f9ca43d7c45efbd429f;bbb9ea80d692474a87731fdf952ebe1b
test_pred_in_mask_rate_v2,GATv2+Mask,1.000,0.000,7,fallback_last_no_best_step,477ddf290447423086388425acd95d46;48e638d369504463b16fb3f11d14da88;b69e5641721747a5bc0357cd3e450a67;de7d038476b74690a441bf00a9b6f2fc;efb7334ec4e74b2d9dcb5c2eeed6beb3;f22f95e6487c4d62ae00ec6a81ddfbb2;fd61176a11094a29bec34a4accb6a2e7
test_pred_in_mask_rate_v2,LSTM,1.000,0.000,7,fallback_last_no_best_step,28783e1f90934a3c9261e69c322f731a;91bf625c79f04aeeb993f58ff30e43bb;97a69231f63141a7bb7f6780b16c17fe;ad4f63e79ee3447ca17d3036caa46702;cbbdeac775de461c865ab13391a906dd;de92aac60c8343dc8e495144fb1f50fb;e76233f053ef480991b58d327df48a9c
test_pred_in_mask_rate_v2,EOPKG-WI,0.991,0.009,7,best_epoch;fallback_last_no_best_step,65fb28926d0d45709ad89ec7cf9aef59;88e10c5c5b45467e935548e0decdf824;8b07202c23874e298ad9b3445b49872d;8d2a911a18bb4d61a536433690b744f0;a6f92d038fdd4015af0c2ca3d4d657de;d0cd559af6bc4bcd986fb11b0ed56877;d3b7c7404a1b432b8dd330d96271b528
test_pred_in_mask_rate_v2,EOPKG,1.000,0.000,7,fallback_last_no_best_step,43c4e96d97544cea9eae53251dac57de;5e56c5c7531d4675b4c740f509ff678f;5fcc89889b1d45c489329f5e3df9a5a2;a9ec65c003b14176b0d853a15471bbbb;b8f6130db97f4f28b27d4528497aa1f3;c9399e3109674246bfa4894487904d27;ebdfb988ea654392a4a4fc270f9e7c71
test_recall_macro,GATv2,0.939,0.008,7,fallback_last_no_best_step,0827dcd6f1a34d1a8330115b73a5f288;19d9078ee52942b08295cf257ee764d0;43bb080720cd41c0919a926a04029b92;4de188c1615448e39860458609d7ba5b;52f73713e211451695967c00ca8a57d0;6ede1f8547d64f9ca43d7c45efbd429f;bbb9ea80d692474a87731fdf952ebe1b
test_recall_macro,GATv2+Mask,1.000,0.000,7,fallback_last_no_best_step,477ddf290447423086388425acd95d46;48e638d369504463b16fb3f11d14da88;b69e5641721747a5bc0357cd3e450a67;de7d038476b74690a441bf00a9b6f2fc;efb7334ec4e74b2d9dcb5c2eeed6beb3;f22f95e6487c4d62ae00ec6a81ddfbb2;fd61176a11094a29bec34a4accb6a2e7
test_recall_macro,LSTM,1.000,0.000,7,fallback_last_no_best_step,28783e1f90934a3c9261e69c322f731a;91bf625c79f04aeeb993f58ff30e43bb;97a69231f63141a7bb7f6780b16c17fe;ad4f63e79ee3447ca17d3036caa46702;cbbdeac775de461c865ab13391a906dd;de92aac60c8343dc8e495144fb1f50fb;e76233f053ef480991b58d327df48a9c
test_recall_macro,EOPKG-WI,0.982,0.025,7,best_epoch;fallback_last_no_best_step,65fb28926d0d45709ad89ec7cf9aef59;88e10c5c5b45467e935548e0decdf824;8b07202c23874e298ad9b3445b49872d;8d2a911a18bb4d61a536433690b744f0;a6f92d038fdd4015af0c2ca3d4d657de;d0cd559af6bc4bcd986fb11b0ed56877;d3b7c7404a1b432b8dd330d96271b528
test_recall_macro,EOPKG,1.000,0.000,7,fallback_last_no_best_step,43c4e96d97544cea9eae53251dac57de;5e56c5c7531d4675b4c740f509ff678f;5fcc89889b1d45c489329f5e3df9a5a2;a9ec65c003b14176b0d853a15471bbbb;b8f6130db97f4f28b27d4528497aa1f3;c9399e3109674246bfa4894487904d27;ebdfb988ea654392a4a4fc270f9e7c71
test_set_hit_rate_ambiguous,GATv2,0.991,0.004,7,fallback_last_no_best_step,0827dcd6f1a34d1a8330115b73a5f288;19d9078ee52942b08295cf257ee764d0;43bb080720cd41c0919a926a04029b92;4de188c1615448e39860458609d7ba5b;52f73713e211451695967c00ca8a57d0;6ede1f8547d64f9ca43d7c45efbd429f;bbb9ea80d692474a87731fdf952ebe1b
test_set_hit_rate_ambiguous,GATv2+Mask,1.000,0.000,7,fallback_last_no_best_step,477ddf290447423086388425acd95d46;48e638d369504463b16fb3f11d14da88;b69e5641721747a5bc0357cd3e450a67;de7d038476b74690a441bf00a9b6f2fc;efb7334ec4e74b2d9dcb5c2eeed6beb3;f22f95e6487c4d62ae00ec6a81ddfbb2;fd61176a11094a29bec34a4accb6a2e7
test_set_hit_rate_ambiguous,LSTM,1.000,0.000,7,fallback_last_no_best_step,28783e1f90934a3c9261e69c322f731a;91bf625c79f04aeeb993f58ff30e43bb;97a69231f63141a7bb7f6780b16c17fe;ad4f63e79ee3447ca17d3036caa46702;cbbdeac775de461c865ab13391a906dd;de92aac60c8343dc8e495144fb1f50fb;e76233f053ef480991b58d327df48a9c
test_set_hit_rate_ambiguous,EOPKG-WI,0.992,0.009,7,best_epoch;fallback_last_no_best_step,65fb28926d0d45709ad89ec7cf9aef59;88e10c5c5b45467e935548e0decdf824;8b07202c23874e298ad9b3445b49872d;8d2a911a18bb4d61a536433690b744f0;a6f92d038fdd4015af0c2ca3d4d657de;d0cd559af6bc4bcd986fb11b0ed56877;d3b7c7404a1b432b8dd330d96271b528
test_set_hit_rate_ambiguous,EOPKG,1.000,0.000,7,fallback_last_no_best_step,43c4e96d97544cea9eae53251dac57de;5e56c5c7531d4675b4c740f509ff678f;5fcc89889b1d45c489329f5e3df9a5a2;a9ec65c003b14176b0d853a15471bbbb;b8f6130db97f4f28b27d4528497aa1f3;c9399e3109674246bfa4894487904d27;ebdfb988ea654392a4a4fc270f9e7c71
test_set_nll,GATv2,0.230,0.008,7,fallback_last_no_best_step,0827dcd6f1a34d1a8330115b73a5f288;19d9078ee52942b08295cf257ee764d0;43bb080720cd41c0919a926a04029b92;4de188c1615448e39860458609d7ba5b;52f73713e211451695967c00ca8a57d0;6ede1f8547d64f9ca43d7c45efbd429f;bbb9ea80d692474a87731fdf952ebe1b
test_set_nll,GATv2+Mask,0.201,0.006,7,fallback_last_no_best_step,477ddf290447423086388425acd95d46;48e638d369504463b16fb3f11d14da88;b69e5641721747a5bc0357cd3e450a67;de7d038476b74690a441bf00a9b6f2fc;efb7334ec4e74b2d9dcb5c2eeed6beb3;f22f95e6487c4d62ae00ec6a81ddfbb2;fd61176a11094a29bec34a4accb6a2e7
test_set_nll,LSTM,0.194,0.005,7,fallback_last_no_best_step,28783e1f90934a3c9261e69c322f731a;91bf625c79f04aeeb993f58ff30e43bb;97a69231f63141a7bb7f6780b16c17fe;ad4f63e79ee3447ca17d3036caa46702;cbbdeac775de461c865ab13391a906dd;de92aac60c8343dc8e495144fb1f50fb;e76233f053ef480991b58d327df48a9c
test_set_nll,EOPKG-WI,0.200,0.006,7,best_epoch;fallback_last_no_best_step,65fb28926d0d45709ad89ec7cf9aef59;88e10c5c5b45467e935548e0decdf824;8b07202c23874e298ad9b3445b49872d;8d2a911a18bb4d61a536433690b744f0;a6f92d038fdd4015af0c2ca3d4d657de;d0cd559af6bc4bcd986fb11b0ed56877;d3b7c7404a1b432b8dd330d96271b528
test_set_nll,EOPKG,0.145,0.001,7,fallback_last_no_best_step,43c4e96d97544cea9eae53251dac57de;5e56c5c7531d4675b4c740f509ff678f;5fcc89889b1d45c489329f5e3df9a5a2;a9ec65c003b14176b0d853a15471bbbb;b8f6130db97f4f28b27d4528497aa1f3;c9399e3109674246bfa4894487904d27;ebdfb988ea654392a4a4fc270f9e7c71
test_strict_error_but_allowed_rate,GATv2,0.090,0.015,7,fallback_last_no_best_step,0827dcd6f1a34d1a8330115b73a5f288;19d9078ee52942b08295cf257ee764d0;43bb080720cd41c0919a926a04029b92;4de188c1615448e39860458609d7ba5b;52f73713e211451695967c00ca8a57d0;6ede1f8547d64f9ca43d7c45efbd429f;bbb9ea80d692474a87731fdf952ebe1b
test_strict_error_but_allowed_rate,GATv2+Mask,0.112,0.020,7,fallback_last_no_best_step,477ddf290447423086388425acd95d46;48e638d369504463b16fb3f11d14da88;b69e5641721747a5bc0357cd3e450a67;de7d038476b74690a441bf00a9b6f2fc;efb7334ec4e74b2d9dcb5c2eeed6beb3;f22f95e6487c4d62ae00ec6a81ddfbb2;fd61176a11094a29bec34a4accb6a2e7
test_strict_error_but_allowed_rate,LSTM,0.103,0.017,7,fallback_last_no_best_step,28783e1f90934a3c9261e69c322f731a;91bf625c79f04aeeb993f58ff30e43bb;97a69231f63141a7bb7f6780b16c17fe;ad4f63e79ee3447ca17d3036caa46702;cbbdeac775de461c865ab13391a906dd;de92aac60c8343dc8e495144fb1f50fb;e76233f053ef480991b58d327df48a9c
test_strict_error_but_allowed_rate,EOPKG-WI,0.079,0.001,7,best_epoch;fallback_last_no_best_step,65fb28926d0d45709ad89ec7cf9aef59;88e10c5c5b45467e935548e0decdf824;8b07202c23874e298ad9b3445b49872d;8d2a911a18bb4d61a536433690b744f0;a6f92d038fdd4015af0c2ca3d4d657de;d0cd559af6bc4bcd986fb11b0ed56877;d3b7c7404a1b432b8dd330d96271b528
test_strict_error_but_allowed_rate,EOPKG,0.074,0.001,7,fallback_last_no_best_step,43c4e96d97544cea9eae53251dac57de;5e56c5c7531d4675b4c740f509ff678f;5fcc89889b1d45c489329f5e3df9a5a2;a9ec65c003b14176b0d853a15471bbbb;b8f6130db97f4f28b27d4528497aa1f3;c9399e3109674246bfa4894487904d27;ebdfb988ea654392a4a4fc270f9e7c71
test_strict_error_but_allowed_rate_len_11_20,GATv2,0.070,0.006,7,fallback_last_no_best_step,0827dcd6f1a34d1a8330115b73a5f288;19d9078ee52942b08295cf257ee764d0;43bb080720cd41c0919a926a04029b92;4de188c1615448e39860458609d7ba5b;52f73713e211451695967c00ca8a57d0;6ede1f8547d64f9ca43d7c45efbd429f;bbb9ea80d692474a87731fdf952ebe1b
test_strict_error_but_allowed_rate_len_11_20,GATv2+Mask,0.080,0.001,7,fallback_last_no_best_step,477ddf290447423086388425acd95d46;48e638d369504463b16fb3f11d14da88;b69e5641721747a5bc0357cd3e450a67;de7d038476b74690a441bf00a9b6f2fc;efb7334ec4e74b2d9dcb5c2eeed6beb3;f22f95e6487c4d62ae00ec6a81ddfbb2;fd61176a11094a29bec34a4accb6a2e7
test_strict_error_but_allowed_rate_len_11_20,LSTM,0.075,0.003,7,fallback_last_no_best_step,28783e1f90934a3c9261e69c322f731a;91bf625c79f04aeeb993f58ff30e43bb;97a69231f63141a7bb7f6780b16c17fe;ad4f63e79ee3447ca17d3036caa46702;cbbdeac775de461c865ab13391a906dd;de92aac60c8343dc8e495144fb1f50fb;e76233f053ef480991b58d327df48a9c
test_strict_error_but_allowed_rate_len_11_20,EOPKG-WI,0.066,0.001,7,best_epoch;fallback_last_no_best_step,65fb28926d0d45709ad89ec7cf9aef59;88e10c5c5b45467e935548e0decdf824;8b07202c23874e298ad9b3445b49872d;8d2a911a18bb4d61a536433690b744f0;a6f92d038fdd4015af0c2ca3d4d657de;d0cd559af6bc4bcd986fb11b0ed56877;d3b7c7404a1b432b8dd330d96271b528
test_strict_error_but_allowed_rate_len_11_20,EOPKG,0.065,0.002,7,fallback_last_no_best_step,43c4e96d97544cea9eae53251dac57de;5e56c5c7531d4675b4c740f509ff678f;5fcc89889b1d45c489329f5e3df9a5a2;a9ec65c003b14176b0d853a15471bbbb;b8f6130db97f4f28b27d4528497aa1f3;c9399e3109674246bfa4894487904d27;ebdfb988ea654392a4a4fc270f9e7c71
test_strict_error_but_allowed_rate_len_1_5,GATv2,0.147,0.005,7,fallback_last_no_best_step,0827dcd6f1a34d1a8330115b73a5f288;19d9078ee52942b08295cf257ee764d0;43bb080720cd41c0919a926a04029b92;4de188c1615448e39860458609d7ba5b;52f73713e211451695967c00ca8a57d0;6ede1f8547d64f9ca43d7c45efbd429f;bbb9ea80d692474a87731fdf952ebe1b
test_strict_error_but_allowed_rate_len_1_5,GATv2+Mask,0.189,0.061,7,fallback_last_no_best_step,477ddf290447423086388425acd95d46;48e638d369504463b16fb3f11d14da88;b69e5641721747a5bc0357cd3e450a67;de7d038476b74690a441bf00a9b6f2fc;efb7334ec4e74b2d9dcb5c2eeed6beb3;f22f95e6487c4d62ae00ec6a81ddfbb2;fd61176a11094a29bec34a4accb6a2e7
test_strict_error_but_allowed_rate_len_1_5,LSTM,0.179,0.035,7,fallback_last_no_best_step,28783e1f90934a3c9261e69c322f731a;91bf625c79f04aeeb993f58ff30e43bb;97a69231f63141a7bb7f6780b16c17fe;ad4f63e79ee3447ca17d3036caa46702;cbbdeac775de461c865ab13391a906dd;de92aac60c8343dc8e495144fb1f50fb;e76233f053ef480991b58d327df48a9c
test_strict_error_but_allowed_rate_len_1_5,EOPKG-WI,0.158,0.005,7,best_epoch;fallback_last_no_best_step,65fb28926d0d45709ad89ec7cf9aef59;88e10c5c5b45467e935548e0decdf824;8b07202c23874e298ad9b3445b49872d;8d2a911a18bb4d61a536433690b744f0;a6f92d038fdd4015af0c2ca3d4d657de;d0cd559af6bc4bcd986fb11b0ed56877;d3b7c7404a1b432b8dd330d96271b528
test_strict_error_but_allowed_rate_len_1_5,EOPKG,0.134,0.003,7,fallback_last_no_best_step,43c4e96d97544cea9eae53251dac57de;5e56c5c7531d4675b4c740f509ff678f;5fcc89889b1d45c489329f5e3df9a5a2;a9ec65c003b14176b0d853a15471bbbb;b8f6130db97f4f28b27d4528497aa1f3;c9399e3109674246bfa4894487904d27;ebdfb988ea654392a4a4fc270f9e7c71
test_strict_error_but_allowed_rate_len_21_plus,GATv2,0.029,0.006,7,fallback_last_no_best_step,0827dcd6f1a34d1a8330115b73a5f288;19d9078ee52942b08295cf257ee764d0;43bb080720cd41c0919a926a04029b92;4de188c1615448e39860458609d7ba5b;52f73713e211451695967c00ca8a57d0;6ede1f8547d64f9ca43d7c45efbd429f;bbb9ea80d692474a87731fdf952ebe1b
test_strict_error_but_allowed_rate_len_21_plus,GATv2+Mask,0.045,0.022,7,fallback_last_no_best_step,477ddf290447423086388425acd95d46;48e638d369504463b16fb3f11d14da88;b69e5641721747a5bc0357cd3e450a67;de7d038476b74690a441bf00a9b6f2fc;efb7334ec4e74b2d9dcb5c2eeed6beb3;f22f95e6487c4d62ae00ec6a81ddfbb2;fd61176a11094a29bec34a4accb6a2e7
test_strict_error_but_allowed_rate_len_21_plus,LSTM,0.050,0.030,7,fallback_last_no_best_step,28783e1f90934a3c9261e69c322f731a;91bf625c79f04aeeb993f58ff30e43bb;97a69231f63141a7bb7f6780b16c17fe;ad4f63e79ee3447ca17d3036caa46702;cbbdeac775de461c865ab13391a906dd;de92aac60c8343dc8e495144fb1f50fb;e76233f053ef480991b58d327df48a9c
test_strict_error_but_allowed_rate_len_21_plus,EOPKG-WI,0.023,0.002,7,best_epoch;fallback_last_no_best_step,65fb28926d0d45709ad89ec7cf9aef59;88e10c5c5b45467e935548e0decdf824;8b07202c23874e298ad9b3445b49872d;8d2a911a18bb4d61a536433690b744f0;a6f92d038fdd4015af0c2ca3d4d657de;d0cd559af6bc4bcd986fb11b0ed56877;d3b7c7404a1b432b8dd330d96271b528
test_strict_error_but_allowed_rate_len_21_plus,EOPKG,0.017,0.001,7,fallback_last_no_best_step,43c4e96d97544cea9eae53251dac57de;5e56c5c7531d4675b4c740f509ff678f;5fcc89889b1d45c489329f5e3df9a5a2;a9ec65c003b14176b0d853a15471bbbb;b8f6130db97f4f28b27d4528497aa1f3;c9399e3109674246bfa4894487904d27;ebdfb988ea654392a4a4fc270f9e7c71
test_strict_error_but_allowed_rate_len_6_10,GATv2,0.187,0.074,7,fallback_last_no_best_step,0827dcd6f1a34d1a8330115b73a5f288;19d9078ee52942b08295cf257ee764d0;43bb080720cd41c0919a926a04029b92;4de188c1615448e39860458609d7ba5b;52f73713e211451695967c00ca8a57d0;6ede1f8547d64f9ca43d7c45efbd429f;bbb9ea80d692474a87731fdf952ebe1b
test_strict_error_but_allowed_rate_len_6_10,GATv2+Mask,0.218,0.060,7,fallback_last_no_best_step,477ddf290447423086388425acd95d46;48e638d369504463b16fb3f11d14da88;b69e5641721747a5bc0357cd3e450a67;de7d038476b74690a441bf00a9b6f2fc;efb7334ec4e74b2d9dcb5c2eeed6beb3;f22f95e6487c4d62ae00ec6a81ddfbb2;fd61176a11094a29bec34a4accb6a2e7
test_strict_error_but_allowed_rate_len_6_10,LSTM,0.176,0.072,7,fallback_last_no_best_step,28783e1f90934a3c9261e69c322f731a;91bf625c79f04aeeb993f58ff30e43bb;97a69231f63141a7bb7f6780b16c17fe;ad4f63e79ee3447ca17d3036caa46702;cbbdeac775de461c865ab13391a906dd;de92aac60c8343dc8e495144fb1f50fb;e76233f053ef480991b58d327df48a9c
test_strict_error_but_allowed_rate_len_6_10,EOPKG-WI,0.128,0.007,7,best_epoch;fallback_last_no_best_step,65fb28926d0d45709ad89ec7cf9aef59;88e10c5c5b45467e935548e0decdf824;8b07202c23874e298ad9b3445b49872d;8d2a911a18bb4d61a536433690b744f0;a6f92d038fdd4015af0c2ca3d4d657de;d0cd559af6bc4bcd986fb11b0ed56877;d3b7c7404a1b432b8dd330d96271b528
test_strict_error_but_allowed_rate_len_6_10,EOPKG,0.137,0.006,7,fallback_last_no_best_step,43c4e96d97544cea9eae53251dac57de;5e56c5c7531d4675b4c740f509ff678f;5fcc89889b1d45c489329f5e3df9a5a2;a9ec65c003b14176b0d853a15471bbbb;b8f6130db97f4f28b27d4528497aa1f3;c9399e3109674246bfa4894487904d27;ebdfb988ea654392a4a4fc270f9e7c71
test_strict_error_but_allowed_rate_mask_card_1,GATv2,0.000,0.000,7,fallback_last_no_best_step,0827dcd6f1a34d1a8330115b73a5f288;19d9078ee52942b08295cf257ee764d0;43bb080720cd41c0919a926a04029b92;4de188c1615448e39860458609d7ba5b;52f73713e211451695967c00ca8a57d0;6ede1f8547d64f9ca43d7c45efbd429f;bbb9ea80d692474a87731fdf952ebe1b
test_strict_error_but_allowed_rate_mask_card_1,GATv2+Mask,0.000,0.000,7,fallback_last_no_best_step,477ddf290447423086388425acd95d46;48e638d369504463b16fb3f11d14da88;b69e5641721747a5bc0357cd3e450a67;de7d038476b74690a441bf00a9b6f2fc;efb7334ec4e74b2d9dcb5c2eeed6beb3;f22f95e6487c4d62ae00ec6a81ddfbb2;fd61176a11094a29bec34a4accb6a2e7
test_strict_error_but_allowed_rate_mask_card_1,LSTM,0.000,0.000,7,fallback_last_no_best_step,28783e1f90934a3c9261e69c322f731a;91bf625c79f04aeeb993f58ff30e43bb;97a69231f63141a7bb7f6780b16c17fe;ad4f63e79ee3447ca17d3036caa46702;cbbdeac775de461c865ab13391a906dd;de92aac60c8343dc8e495144fb1f50fb;e76233f053ef480991b58d327df48a9c
test_strict_error_but_allowed_rate_mask_card_1,EOPKG-WI,0.000,0.000,7,best_epoch;fallback_last_no_best_step,65fb28926d0d45709ad89ec7cf9aef59;88e10c5c5b45467e935548e0decdf824;8b07202c23874e298ad9b3445b49872d;8d2a911a18bb4d61a536433690b744f0;a6f92d038fdd4015af0c2ca3d4d657de;d0cd559af6bc4bcd986fb11b0ed56877;d3b7c7404a1b432b8dd330d96271b528
test_strict_error_but_allowed_rate_mask_card_1,EOPKG,0.000,0.000,7,fallback_last_no_best_step,43c4e96d97544cea9eae53251dac57de;5e56c5c7531d4675b4c740f509ff678f;5fcc89889b1d45c489329f5e3df9a5a2;a9ec65c003b14176b0d853a15471bbbb;b8f6130db97f4f28b27d4528497aa1f3;c9399e3109674246bfa4894487904d27;ebdfb988ea654392a4a4fc270f9e7c71
test_strict_error_but_allowed_rate_mask_card_2,GATv2,0.157,0.034,7,fallback_last_no_best_step,0827dcd6f1a34d1a8330115b73a5f288;19d9078ee52942b08295cf257ee764d0;43bb080720cd41c0919a926a04029b92;4de188c1615448e39860458609d7ba5b;52f73713e211451695967c00ca8a57d0;6ede1f8547d64f9ca43d7c45efbd429f;bbb9ea80d692474a87731fdf952ebe1b
test_strict_error_but_allowed_rate_mask_card_2,GATv2+Mask,0.190,0.046,7,fallback_last_no_best_step,477ddf290447423086388425acd95d46;48e638d369504463b16fb3f11d14da88;b69e5641721747a5bc0357cd3e450a67;de7d038476b74690a441bf00a9b6f2fc;efb7334ec4e74b2d9dcb5c2eeed6beb3;f22f95e6487c4d62ae00ec6a81ddfbb2;fd61176a11094a29bec34a4accb6a2e7
test_strict_error_but_allowed_rate_mask_card_2,LSTM,0.167,0.031,7,fallback_last_no_best_step,28783e1f90934a3c9261e69c322f731a;91bf625c79f04aeeb993f58ff30e43bb;97a69231f63141a7bb7f6780b16c17fe;ad4f63e79ee3447ca17d3036caa46702;cbbdeac775de461c865ab13391a906dd;de92aac60c8343dc8e495144fb1f50fb;e76233f053ef480991b58d327df48a9c
test_strict_error_but_allowed_rate_mask_card_2,EOPKG-WI,0.041,0.002,7,best_epoch;fallback_last_no_best_step,65fb28926d0d45709ad89ec7cf9aef59;88e10c5c5b45467e935548e0decdf824;8b07202c23874e298ad9b3445b49872d;8d2a911a18bb4d61a536433690b744f0;a6f92d038fdd4015af0c2ca3d4d657de;d0cd559af6bc4bcd986fb11b0ed56877;d3b7c7404a1b432b8dd330d96271b528
test_strict_error_but_allowed_rate_mask_card_2,EOPKG,0.051,0.003,7,fallback_last_no_best_step,43c4e96d97544cea9eae53251dac57de;5e56c5c7531d4675b4c740f509ff678f;5fcc89889b1d45c489329f5e3df9a5a2;a9ec65c003b14176b0d853a15471bbbb;b8f6130db97f4f28b27d4528497aa1f3;c9399e3109674246bfa4894487904d27;ebdfb988ea654392a4a4fc270f9e7c71
test_strict_error_but_allowed_rate_mask_card_3_plus,GATv2,0.183,0.022,7,fallback_last_no_best_step,0827dcd6f1a34d1a8330115b73a5f288;19d9078ee52942b08295cf257ee764d0;43bb080720cd41c0919a926a04029b92;4de188c1615448e39860458609d7ba5b;52f73713e211451695967c00ca8a57d0;6ede1f8547d64f9ca43d7c45efbd429f;bbb9ea80d692474a87731fdf952ebe1b
test_strict_error_but_allowed_rate_mask_card_3_plus,GATv2+Mask,0.235,0.046,7,fallback_last_no_best_step,477ddf290447423086388425acd95d46;48e638d369504463b16fb3f11d14da88;b69e5641721747a5bc0357cd3e450a67;de7d038476b74690a441bf00a9b6f2fc;efb7334ec4e74b2d9dcb5c2eeed6beb3;f22f95e6487c4d62ae00ec6a81ddfbb2;fd61176a11094a29bec34a4accb6a2e7
test_strict_error_but_allowed_rate_mask_card_3_plus,LSTM,0.237,0.067,7,fallback_last_no_best_step,28783e1f90934a3c9261e69c322f731a;91bf625c79f04aeeb993f58ff30e43bb;97a69231f63141a7bb7f6780b16c17fe;ad4f63e79ee3447ca17d3036caa46702;cbbdeac775de461c865ab13391a906dd;de92aac60c8343dc8e495144fb1f50fb;e76233f053ef480991b58d327df48a9c
test_strict_error_but_allowed_rate_mask_card_3_plus,EOPKG-WI,0.097,0.002,7,best_epoch;fallback_last_no_best_step,65fb28926d0d45709ad89ec7cf9aef59;88e10c5c5b45467e935548e0decdf824;8b07202c23874e298ad9b3445b49872d;8d2a911a18bb4d61a536433690b744f0;a6f92d038fdd4015af0c2ca3d4d657de;d0cd559af6bc4bcd986fb11b0ed56877;d3b7c7404a1b432b8dd330d96271b528
test_strict_error_but_allowed_rate_mask_card_3_plus,EOPKG,0.090,0.002,7,fallback_last_no_best_step,43c4e96d97544cea9eae53251dac57de;5e56c5c7531d4675b4c740f509ff678f;5fcc89889b1d45c489329f5e3df9a5a2;a9ec65c003b14176b0d853a15471bbbb;b8f6130db97f4f28b27d4528497aa1f3;c9399e3109674246bfa4894487904d27;ebdfb988ea654392a4a4fc270f9e7c71
test_strict_error_but_allowed_rate_v1,GATv2,0.088,0.018,7,fallback_last_no_best_step,0827dcd6f1a34d1a8330115b73a5f288;19d9078ee52942b08295cf257ee764d0;43bb080720cd41c0919a926a04029b92;4de188c1615448e39860458609d7ba5b;52f73713e211451695967c00ca8a57d0;6ede1f8547d64f9ca43d7c45efbd429f;bbb9ea80d692474a87731fdf952ebe1b
test_strict_error_but_allowed_rate_v1,GATv2+Mask,0.112,0.018,7,fallback_last_no_best_step,477ddf290447423086388425acd95d46;48e638d369504463b16fb3f11d14da88;b69e5641721747a5bc0357cd3e450a67;de7d038476b74690a441bf00a9b6f2fc;efb7334ec4e74b2d9dcb5c2eeed6beb3;f22f95e6487c4d62ae00ec6a81ddfbb2;fd61176a11094a29bec34a4accb6a2e7
test_strict_error_but_allowed_rate_v1,LSTM,0.105,0.016,7,fallback_last_no_best_step,28783e1f90934a3c9261e69c322f731a;91bf625c79f04aeeb993f58ff30e43bb;97a69231f63141a7bb7f6780b16c17fe;ad4f63e79ee3447ca17d3036caa46702;cbbdeac775de461c865ab13391a906dd;de92aac60c8343dc8e495144fb1f50fb;e76233f053ef480991b58d327df48a9c
test_strict_error_but_allowed_rate_v1,EOPKG-WI,0.080,0.001,7,best_epoch;fallback_last_no_best_step,65fb28926d0d45709ad89ec7cf9aef59;88e10c5c5b45467e935548e0decdf824;8b07202c23874e298ad9b3445b49872d;8d2a911a18bb4d61a536433690b744f0;a6f92d038fdd4015af0c2ca3d4d657de;d0cd559af6bc4bcd986fb11b0ed56877;d3b7c7404a1b432b8dd330d96271b528
test_strict_error_but_allowed_rate_v1,EOPKG,0.073,0.002,7,fallback_last_no_best_step,43c4e96d97544cea9eae53251dac57de;5e56c5c7531d4675b4c740f509ff678f;5fcc89889b1d45c489329f5e3df9a5a2;a9ec65c003b14176b0d853a15471bbbb;b8f6130db97f4f28b27d4528497aa1f3;c9399e3109674246bfa4894487904d27;ebdfb988ea654392a4a4fc270f9e7c71
test_strict_error_but_allowed_rate_v2,GATv2,0.093,0.013,7,fallback_last_no_best_step,0827dcd6f1a34d1a8330115b73a5f288;19d9078ee52942b08295cf257ee764d0;43bb080720cd41c0919a926a04029b92;4de188c1615448e39860458609d7ba5b;52f73713e211451695967c00ca8a57d0;6ede1f8547d64f9ca43d7c45efbd429f;bbb9ea80d692474a87731fdf952ebe1b
test_strict_error_but_allowed_rate_v2,GATv2+Mask,0.111,0.022,7,fallback_last_no_best_step,477ddf290447423086388425acd95d46;48e638d369504463b16fb3f11d14da88;b69e5641721747a5bc0357cd3e450a67;de7d038476b74690a441bf00a9b6f2fc;efb7334ec4e74b2d9dcb5c2eeed6beb3;f22f95e6487c4d62ae00ec6a81ddfbb2;fd61176a11094a29bec34a4accb6a2e7
test_strict_error_but_allowed_rate_v2,LSTM,0.100,0.021,7,fallback_last_no_best_step,28783e1f90934a3c9261e69c322f731a;91bf625c79f04aeeb993f58ff30e43bb;97a69231f63141a7bb7f6780b16c17fe;ad4f63e79ee3447ca17d3036caa46702;cbbdeac775de461c865ab13391a906dd;de92aac60c8343dc8e495144fb1f50fb;e76233f053ef480991b58d327df48a9c
test_strict_error_but_allowed_rate_v2,EOPKG-WI,0.079,0.003,7,best_epoch;fallback_last_no_best_step,65fb28926d0d45709ad89ec7cf9aef59;88e10c5c5b45467e935548e0decdf824;8b07202c23874e298ad9b3445b49872d;8d2a911a18bb4d61a536433690b744f0;a6f92d038fdd4015af0c2ca3d4d657de;d0cd559af6bc4bcd986fb11b0ed56877;d3b7c7404a1b432b8dd330d96271b528
test_strict_error_but_allowed_rate_v2,EOPKG,0.075,0.001,7,fallback_last_no_best_step,43c4e96d97544cea9eae53251dac57de;5e56c5c7531d4675b4c740f509ff678f;5fcc89889b1d45c489329f5e3df9a5a2;a9ec65c003b14176b0d853a15471bbbb;b8f6130db97f4f28b27d4528497aa1f3;c9399e3109674246bfa4894487904d27;ebdfb988ea654392a4a4fc270f9e7c71
test_target_in_mask_rate,GATv2,1.000,0.000,7,fallback_last_no_best_step,0827dcd6f1a34d1a8330115b73a5f288;19d9078ee52942b08295cf257ee764d0;43bb080720cd41c0919a926a04029b92;4de188c1615448e39860458609d7ba5b;52f73713e211451695967c00ca8a57d0;6ede1f8547d64f9ca43d7c45efbd429f;bbb9ea80d692474a87731fdf952ebe1b
test_target_in_mask_rate,GATv2+Mask,1.000,0.000,7,fallback_last_no_best_step,477ddf290447423086388425acd95d46;48e638d369504463b16fb3f11d14da88;b69e5641721747a5bc0357cd3e450a67;de7d038476b74690a441bf00a9b6f2fc;efb7334ec4e74b2d9dcb5c2eeed6beb3;f22f95e6487c4d62ae00ec6a81ddfbb2;fd61176a11094a29bec34a4accb6a2e7
test_target_in_mask_rate,LSTM,1.000,0.000,7,fallback_last_no_best_step,28783e1f90934a3c9261e69c322f731a;91bf625c79f04aeeb993f58ff30e43bb;97a69231f63141a7bb7f6780b16c17fe;ad4f63e79ee3447ca17d3036caa46702;cbbdeac775de461c865ab13391a906dd;de92aac60c8343dc8e495144fb1f50fb;e76233f053ef480991b58d327df48a9c
test_target_in_mask_rate,EOPKG-WI,1.000,0.000,7,best_epoch;fallback_last_no_best_step,65fb28926d0d45709ad89ec7cf9aef59;88e10c5c5b45467e935548e0decdf824;8b07202c23874e298ad9b3445b49872d;8d2a911a18bb4d61a536433690b744f0;a6f92d038fdd4015af0c2ca3d4d657de;d0cd559af6bc4bcd986fb11b0ed56877;d3b7c7404a1b432b8dd330d96271b528
test_target_in_mask_rate,EOPKG,1.000,0.000,7,fallback_last_no_best_step,43c4e96d97544cea9eae53251dac57de;5e56c5c7531d4675b4c740f509ff678f;5fcc89889b1d45c489329f5e3df9a5a2;a9ec65c003b14176b0d853a15471bbbb;b8f6130db97f4f28b27d4528497aa1f3;c9399e3109674246bfa4894487904d27;ebdfb988ea654392a4a4fc270f9e7c71
test_target_in_mask_rate_len_11_20,GATv2,1.000,0.000,7,fallback_last_no_best_step,0827dcd6f1a34d1a8330115b73a5f288;19d9078ee52942b08295cf257ee764d0;43bb080720cd41c0919a926a04029b92;4de188c1615448e39860458609d7ba5b;52f73713e211451695967c00ca8a57d0;6ede1f8547d64f9ca43d7c45efbd429f;bbb9ea80d692474a87731fdf952ebe1b
test_target_in_mask_rate_len_11_20,GATv2+Mask,1.000,0.000,7,fallback_last_no_best_step,477ddf290447423086388425acd95d46;48e638d369504463b16fb3f11d14da88;b69e5641721747a5bc0357cd3e450a67;de7d038476b74690a441bf00a9b6f2fc;efb7334ec4e74b2d9dcb5c2eeed6beb3;f22f95e6487c4d62ae00ec6a81ddfbb2;fd61176a11094a29bec34a4accb6a2e7
test_target_in_mask_rate_len_11_20,LSTM,1.000,0.000,7,fallback_last_no_best_step,28783e1f90934a3c9261e69c322f731a;91bf625c79f04aeeb993f58ff30e43bb;97a69231f63141a7bb7f6780b16c17fe;ad4f63e79ee3447ca17d3036caa46702;cbbdeac775de461c865ab13391a906dd;de92aac60c8343dc8e495144fb1f50fb;e76233f053ef480991b58d327df48a9c
test_target_in_mask_rate_len_11_20,EOPKG-WI,1.000,0.000,7,best_epoch;fallback_last_no_best_step,65fb28926d0d45709ad89ec7cf9aef59;88e10c5c5b45467e935548e0decdf824;8b07202c23874e298ad9b3445b49872d;8d2a911a18bb4d61a536433690b744f0;a6f92d038fdd4015af0c2ca3d4d657de;d0cd559af6bc4bcd986fb11b0ed56877;d3b7c7404a1b432b8dd330d96271b528
test_target_in_mask_rate_len_11_20,EOPKG,1.000,0.000,7,fallback_last_no_best_step,43c4e96d97544cea9eae53251dac57de;5e56c5c7531d4675b4c740f509ff678f;5fcc89889b1d45c489329f5e3df9a5a2;a9ec65c003b14176b0d853a15471bbbb;b8f6130db97f4f28b27d4528497aa1f3;c9399e3109674246bfa4894487904d27;ebdfb988ea654392a4a4fc270f9e7c71
test_target_in_mask_rate_len_1_5,GATv2,1.000,0.000,7,fallback_last_no_best_step,0827dcd6f1a34d1a8330115b73a5f288;19d9078ee52942b08295cf257ee764d0;43bb080720cd41c0919a926a04029b92;4de188c1615448e39860458609d7ba5b;52f73713e211451695967c00ca8a57d0;6ede1f8547d64f9ca43d7c45efbd429f;bbb9ea80d692474a87731fdf952ebe1b
test_target_in_mask_rate_len_1_5,GATv2+Mask,1.000,0.000,7,fallback_last_no_best_step,477ddf290447423086388425acd95d46;48e638d369504463b16fb3f11d14da88;b69e5641721747a5bc0357cd3e450a67;de7d038476b74690a441bf00a9b6f2fc;efb7334ec4e74b2d9dcb5c2eeed6beb3;f22f95e6487c4d62ae00ec6a81ddfbb2;fd61176a11094a29bec34a4accb6a2e7
test_target_in_mask_rate_len_1_5,LSTM,1.000,0.000,7,fallback_last_no_best_step,28783e1f90934a3c9261e69c322f731a;91bf625c79f04aeeb993f58ff30e43bb;97a69231f63141a7bb7f6780b16c17fe;ad4f63e79ee3447ca17d3036caa46702;cbbdeac775de461c865ab13391a906dd;de92aac60c8343dc8e495144fb1f50fb;e76233f053ef480991b58d327df48a9c
test_target_in_mask_rate_len_1_5,EOPKG-WI,1.000,0.000,7,best_epoch;fallback_last_no_best_step,65fb28926d0d45709ad89ec7cf9aef59;88e10c5c5b45467e935548e0decdf824;8b07202c23874e298ad9b3445b49872d;8d2a911a18bb4d61a536433690b744f0;a6f92d038fdd4015af0c2ca3d4d657de;d0cd559af6bc4bcd986fb11b0ed56877;d3b7c7404a1b432b8dd330d96271b528
test_target_in_mask_rate_len_1_5,EOPKG,1.000,0.000,7,fallback_last_no_best_step,43c4e96d97544cea9eae53251dac57de;5e56c5c7531d4675b4c740f509ff678f;5fcc89889b1d45c489329f5e3df9a5a2;a9ec65c003b14176b0d853a15471bbbb;b8f6130db97f4f28b27d4528497aa1f3;c9399e3109674246bfa4894487904d27;ebdfb988ea654392a4a4fc270f9e7c71
test_target_in_mask_rate_len_21_plus,GATv2,1.000,0.000,7,fallback_last_no_best_step,0827dcd6f1a34d1a8330115b73a5f288;19d9078ee52942b08295cf257ee764d0;43bb080720cd41c0919a926a04029b92;4de188c1615448e39860458609d7ba5b;52f73713e211451695967c00ca8a57d0;6ede1f8547d64f9ca43d7c45efbd429f;bbb9ea80d692474a87731fdf952ebe1b
test_target_in_mask_rate_len_21_plus,GATv2+Mask,1.000,0.000,7,fallback_last_no_best_step,477ddf290447423086388425acd95d46;48e638d369504463b16fb3f11d14da88;b69e5641721747a5bc0357cd3e450a67;de7d038476b74690a441bf00a9b6f2fc;efb7334ec4e74b2d9dcb5c2eeed6beb3;f22f95e6487c4d62ae00ec6a81ddfbb2;fd61176a11094a29bec34a4accb6a2e7
test_target_in_mask_rate_len_21_plus,LSTM,1.000,0.000,7,fallback_last_no_best_step,28783e1f90934a3c9261e69c322f731a;91bf625c79f04aeeb993f58ff30e43bb;97a69231f63141a7bb7f6780b16c17fe;ad4f63e79ee3447ca17d3036caa46702;cbbdeac775de461c865ab13391a906dd;de92aac60c8343dc8e495144fb1f50fb;e76233f053ef480991b58d327df48a9c
test_target_in_mask_rate_len_21_plus,EOPKG-WI,1.000,0.000,7,best_epoch;fallback_last_no_best_step,65fb28926d0d45709ad89ec7cf9aef59;88e10c5c5b45467e935548e0decdf824;8b07202c23874e298ad9b3445b49872d;8d2a911a18bb4d61a536433690b744f0;a6f92d038fdd4015af0c2ca3d4d657de;d0cd559af6bc4bcd986fb11b0ed56877;d3b7c7404a1b432b8dd330d96271b528
test_target_in_mask_rate_len_21_plus,EOPKG,1.000,0.000,7,fallback_last_no_best_step,43c4e96d97544cea9eae53251dac57de;5e56c5c7531d4675b4c740f509ff678f;5fcc89889b1d45c489329f5e3df9a5a2;a9ec65c003b14176b0d853a15471bbbb;b8f6130db97f4f28b27d4528497aa1f3;c9399e3109674246bfa4894487904d27;ebdfb988ea654392a4a4fc270f9e7c71
test_target_in_mask_rate_len_6_10,GATv2,1.000,0.000,7,fallback_last_no_best_step,0827dcd6f1a34d1a8330115b73a5f288;19d9078ee52942b08295cf257ee764d0;43bb080720cd41c0919a926a04029b92;4de188c1615448e39860458609d7ba5b;52f73713e211451695967c00ca8a57d0;6ede1f8547d64f9ca43d7c45efbd429f;bbb9ea80d692474a87731fdf952ebe1b
test_target_in_mask_rate_len_6_10,GATv2+Mask,1.000,0.000,7,fallback_last_no_best_step,477ddf290447423086388425acd95d46;48e638d369504463b16fb3f11d14da88;b69e5641721747a5bc0357cd3e450a67;de7d038476b74690a441bf00a9b6f2fc;efb7334ec4e74b2d9dcb5c2eeed6beb3;f22f95e6487c4d62ae00ec6a81ddfbb2;fd61176a11094a29bec34a4accb6a2e7
test_target_in_mask_rate_len_6_10,LSTM,1.000,0.000,7,fallback_last_no_best_step,28783e1f90934a3c9261e69c322f731a;91bf625c79f04aeeb993f58ff30e43bb;97a69231f63141a7bb7f6780b16c17fe;ad4f63e79ee3447ca17d3036caa46702;cbbdeac775de461c865ab13391a906dd;de92aac60c8343dc8e495144fb1f50fb;e76233f053ef480991b58d327df48a9c
test_target_in_mask_rate_len_6_10,EOPKG-WI,1.000,0.000,7,best_epoch;fallback_last_no_best_step,65fb28926d0d45709ad89ec7cf9aef59;88e10c5c5b45467e935548e0decdf824;8b07202c23874e298ad9b3445b49872d;8d2a911a18bb4d61a536433690b744f0;a6f92d038fdd4015af0c2ca3d4d657de;d0cd559af6bc4bcd986fb11b0ed56877;d3b7c7404a1b432b8dd330d96271b528
test_target_in_mask_rate_len_6_10,EOPKG,1.000,0.000,7,fallback_last_no_best_step,43c4e96d97544cea9eae53251dac57de;5e56c5c7531d4675b4c740f509ff678f;5fcc89889b1d45c489329f5e3df9a5a2;a9ec65c003b14176b0d853a15471bbbb;b8f6130db97f4f28b27d4528497aa1f3;c9399e3109674246bfa4894487904d27;ebdfb988ea654392a4a4fc270f9e7c71
test_target_in_mask_rate_mask_card_1,GATv2,1.000,0.000,7,fallback_last_no_best_step,0827dcd6f1a34d1a8330115b73a5f288;19d9078ee52942b08295cf257ee764d0;43bb080720cd41c0919a926a04029b92;4de188c1615448e39860458609d7ba5b;52f73713e211451695967c00ca8a57d0;6ede1f8547d64f9ca43d7c45efbd429f;bbb9ea80d692474a87731fdf952ebe1b
test_target_in_mask_rate_mask_card_1,GATv2+Mask,1.000,0.000,7,fallback_last_no_best_step,477ddf290447423086388425acd95d46;48e638d369504463b16fb3f11d14da88;b69e5641721747a5bc0357cd3e450a67;de7d038476b74690a441bf00a9b6f2fc;efb7334ec4e74b2d9dcb5c2eeed6beb3;f22f95e6487c4d62ae00ec6a81ddfbb2;fd61176a11094a29bec34a4accb6a2e7
test_target_in_mask_rate_mask_card_1,LSTM,1.000,0.000,7,fallback_last_no_best_step,28783e1f90934a3c9261e69c322f731a;91bf625c79f04aeeb993f58ff30e43bb;97a69231f63141a7bb7f6780b16c17fe;ad4f63e79ee3447ca17d3036caa46702;cbbdeac775de461c865ab13391a906dd;de92aac60c8343dc8e495144fb1f50fb;e76233f053ef480991b58d327df48a9c
test_target_in_mask_rate_mask_card_1,EOPKG-WI,1.000,0.000,7,best_epoch;fallback_last_no_best_step,65fb28926d0d45709ad89ec7cf9aef59;88e10c5c5b45467e935548e0decdf824;8b07202c23874e298ad9b3445b49872d;8d2a911a18bb4d61a536433690b744f0;a6f92d038fdd4015af0c2ca3d4d657de;d0cd559af6bc4bcd986fb11b0ed56877;d3b7c7404a1b432b8dd330d96271b528
test_target_in_mask_rate_mask_card_1,EOPKG,1.000,0.000,7,fallback_last_no_best_step,43c4e96d97544cea9eae53251dac57de;5e56c5c7531d4675b4c740f509ff678f;5fcc89889b1d45c489329f5e3df9a5a2;a9ec65c003b14176b0d853a15471bbbb;b8f6130db97f4f28b27d4528497aa1f3;c9399e3109674246bfa4894487904d27;ebdfb988ea654392a4a4fc270f9e7c71
test_target_in_mask_rate_mask_card_2,GATv2,1.000,0.000,7,fallback_last_no_best_step,0827dcd6f1a34d1a8330115b73a5f288;19d9078ee52942b08295cf257ee764d0;43bb080720cd41c0919a926a04029b92;4de188c1615448e39860458609d7ba5b;52f73713e211451695967c00ca8a57d0;6ede1f8547d64f9ca43d7c45efbd429f;bbb9ea80d692474a87731fdf952ebe1b
test_target_in_mask_rate_mask_card_2,GATv2+Mask,1.000,0.000,7,fallback_last_no_best_step,477ddf290447423086388425acd95d46;48e638d369504463b16fb3f11d14da88;b69e5641721747a5bc0357cd3e450a67;de7d038476b74690a441bf00a9b6f2fc;efb7334ec4e74b2d9dcb5c2eeed6beb3;f22f95e6487c4d62ae00ec6a81ddfbb2;fd61176a11094a29bec34a4accb6a2e7
test_target_in_mask_rate_mask_card_2,LSTM,1.000,0.000,7,fallback_last_no_best_step,28783e1f90934a3c9261e69c322f731a;91bf625c79f04aeeb993f58ff30e43bb;97a69231f63141a7bb7f6780b16c17fe;ad4f63e79ee3447ca17d3036caa46702;cbbdeac775de461c865ab13391a906dd;de92aac60c8343dc8e495144fb1f50fb;e76233f053ef480991b58d327df48a9c
test_target_in_mask_rate_mask_card_2,EOPKG-WI,1.000,0.000,7,best_epoch;fallback_last_no_best_step,65fb28926d0d45709ad89ec7cf9aef59;88e10c5c5b45467e935548e0decdf824;8b07202c23874e298ad9b3445b49872d;8d2a911a18bb4d61a536433690b744f0;a6f92d038fdd4015af0c2ca3d4d657de;d0cd559af6bc4bcd986fb11b0ed56877;d3b7c7404a1b432b8dd330d96271b528
test_target_in_mask_rate_mask_card_2,EOPKG,1.000,0.000,7,fallback_last_no_best_step,43c4e96d97544cea9eae53251dac57de;5e56c5c7531d4675b4c740f509ff678f;5fcc89889b1d45c489329f5e3df9a5a2;a9ec65c003b14176b0d853a15471bbbb;b8f6130db97f4f28b27d4528497aa1f3;c9399e3109674246bfa4894487904d27;ebdfb988ea654392a4a4fc270f9e7c71
test_target_in_mask_rate_mask_card_3_plus,GATv2,1.000,0.000,7,fallback_last_no_best_step,0827dcd6f1a34d1a8330115b73a5f288;19d9078ee52942b08295cf257ee764d0;43bb080720cd41c0919a926a04029b92;4de188c1615448e39860458609d7ba5b;52f73713e211451695967c00ca8a57d0;6ede1f8547d64f9ca43d7c45efbd429f;bbb9ea80d692474a87731fdf952ebe1b
test_target_in_mask_rate_mask_card_3_plus,GATv2+Mask,1.000,0.000,7,fallback_last_no_best_step,477ddf290447423086388425acd95d46;48e638d369504463b16fb3f11d14da88;b69e5641721747a5bc0357cd3e450a67;de7d038476b74690a441bf00a9b6f2fc;efb7334ec4e74b2d9dcb5c2eeed6beb3;f22f95e6487c4d62ae00ec6a81ddfbb2;fd61176a11094a29bec34a4accb6a2e7
test_target_in_mask_rate_mask_card_3_plus,LSTM,1.000,0.000,7,fallback_last_no_best_step,28783e1f90934a3c9261e69c322f731a;91bf625c79f04aeeb993f58ff30e43bb;97a69231f63141a7bb7f6780b16c17fe;ad4f63e79ee3447ca17d3036caa46702;cbbdeac775de461c865ab13391a906dd;de92aac60c8343dc8e495144fb1f50fb;e76233f053ef480991b58d327df48a9c
test_target_in_mask_rate_mask_card_3_plus,EOPKG-WI,1.000,0.000,7,best_epoch;fallback_last_no_best_step,65fb28926d0d45709ad89ec7cf9aef59;88e10c5c5b45467e935548e0decdf824;8b07202c23874e298ad9b3445b49872d;8d2a911a18bb4d61a536433690b744f0;a6f92d038fdd4015af0c2ca3d4d657de;d0cd559af6bc4bcd986fb11b0ed56877;d3b7c7404a1b432b8dd330d96271b528
test_target_in_mask_rate_mask_card_3_plus,EOPKG,1.000,0.000,7,fallback_last_no_best_step,43c4e96d97544cea9eae53251dac57de;5e56c5c7531d4675b4c740f509ff678f;5fcc89889b1d45c489329f5e3df9a5a2;a9ec65c003b14176b0d853a15471bbbb;b8f6130db97f4f28b27d4528497aa1f3;c9399e3109674246bfa4894487904d27;ebdfb988ea654392a4a4fc270f9e7c71
test_target_in_mask_rate_v1,GATv2,1.000,0.000,7,fallback_last_no_best_step,0827dcd6f1a34d1a8330115b73a5f288;19d9078ee52942b08295cf257ee764d0;43bb080720cd41c0919a926a04029b92;4de188c1615448e39860458609d7ba5b;52f73713e211451695967c00ca8a57d0;6ede1f8547d64f9ca43d7c45efbd429f;bbb9ea80d692474a87731fdf952ebe1b
test_target_in_mask_rate_v1,GATv2+Mask,1.000,0.000,7,fallback_last_no_best_step,477ddf290447423086388425acd95d46;48e638d369504463b16fb3f11d14da88;b69e5641721747a5bc0357cd3e450a67;de7d038476b74690a441bf00a9b6f2fc;efb7334ec4e74b2d9dcb5c2eeed6beb3;f22f95e6487c4d62ae00ec6a81ddfbb2;fd61176a11094a29bec34a4accb6a2e7
test_target_in_mask_rate_v1,LSTM,1.000,0.000,7,fallback_last_no_best_step,28783e1f90934a3c9261e69c322f731a;91bf625c79f04aeeb993f58ff30e43bb;97a69231f63141a7bb7f6780b16c17fe;ad4f63e79ee3447ca17d3036caa46702;cbbdeac775de461c865ab13391a906dd;de92aac60c8343dc8e495144fb1f50fb;e76233f053ef480991b58d327df48a9c
test_target_in_mask_rate_v1,EOPKG-WI,1.000,0.000,7,best_epoch;fallback_last_no_best_step,65fb28926d0d45709ad89ec7cf9aef59;88e10c5c5b45467e935548e0decdf824;8b07202c23874e298ad9b3445b49872d;8d2a911a18bb4d61a536433690b744f0;a6f92d038fdd4015af0c2ca3d4d657de;d0cd559af6bc4bcd986fb11b0ed56877;d3b7c7404a1b432b8dd330d96271b528
test_target_in_mask_rate_v1,EOPKG,1.000,0.000,7,fallback_last_no_best_step,43c4e96d97544cea9eae53251dac57de;5e56c5c7531d4675b4c740f509ff678f;5fcc89889b1d45c489329f5e3df9a5a2;a9ec65c003b14176b0d853a15471bbbb;b8f6130db97f4f28b27d4528497aa1f3;c9399e3109674246bfa4894487904d27;ebdfb988ea654392a4a4fc270f9e7c71
test_target_in_mask_rate_v2,GATv2,1.000,0.000,7,fallback_last_no_best_step,0827dcd6f1a34d1a8330115b73a5f288;19d9078ee52942b08295cf257ee764d0;43bb080720cd41c0919a926a04029b92;4de188c1615448e39860458609d7ba5b;52f73713e211451695967c00ca8a57d0;6ede1f8547d64f9ca43d7c45efbd429f;bbb9ea80d692474a87731fdf952ebe1b
test_target_in_mask_rate_v2,GATv2+Mask,1.000,0.000,7,fallback_last_no_best_step,477ddf290447423086388425acd95d46;48e638d369504463b16fb3f11d14da88;b69e5641721747a5bc0357cd3e450a67;de7d038476b74690a441bf00a9b6f2fc;efb7334ec4e74b2d9dcb5c2eeed6beb3;f22f95e6487c4d62ae00ec6a81ddfbb2;fd61176a11094a29bec34a4accb6a2e7
test_target_in_mask_rate_v2,LSTM,1.000,0.000,7,fallback_last_no_best_step,28783e1f90934a3c9261e69c322f731a;91bf625c79f04aeeb993f58ff30e43bb;97a69231f63141a7bb7f6780b16c17fe;ad4f63e79ee3447ca17d3036caa46702;cbbdeac775de461c865ab13391a906dd;de92aac60c8343dc8e495144fb1f50fb;e76233f053ef480991b58d327df48a9c
test_target_in_mask_rate_v2,EOPKG-WI,1.000,0.000,7,best_epoch;fallback_last_no_best_step,65fb28926d0d45709ad89ec7cf9aef59;88e10c5c5b45467e935548e0decdf824;8b07202c23874e298ad9b3445b49872d;8d2a911a18bb4d61a536433690b744f0;a6f92d038fdd4015af0c2ca3d4d657de;d0cd559af6bc4bcd986fb11b0ed56877;d3b7c7404a1b432b8dd330d96271b528
test_target_in_mask_rate_v2,EOPKG,1.000,0.000,7,fallback_last_no_best_step,43c4e96d97544cea9eae53251dac57de;5e56c5c7531d4675b4c740f509ff678f;5fcc89889b1d45c489329f5e3df9a5a2;a9ec65c003b14176b0d853a15471bbbb;b8f6130db97f4f28b27d4528497aa1f3;c9399e3109674246bfa4894487904d27;ebdfb988ea654392a4a4fc270f9e7c71
test_top3_accuracy,GATv2,0.994,0.001,7,fallback_last_no_best_step,0827dcd6f1a34d1a8330115b73a5f288;19d9078ee52942b08295cf257ee764d0;43bb080720cd41c0919a926a04029b92;4de188c1615448e39860458609d7ba5b;52f73713e211451695967c00ca8a57d0;6ede1f8547d64f9ca43d7c45efbd429f;bbb9ea80d692474a87731fdf952ebe1b
test_top3_accuracy,GATv2+Mask,0.995,0.001,7,fallback_last_no_best_step,477ddf290447423086388425acd95d46;48e638d369504463b16fb3f11d14da88;b69e5641721747a5bc0357cd3e450a67;de7d038476b74690a441bf00a9b6f2fc;efb7334ec4e74b2d9dcb5c2eeed6beb3;f22f95e6487c4d62ae00ec6a81ddfbb2;fd61176a11094a29bec34a4accb6a2e7
test_top3_accuracy,LSTM,0.995,0.001,7,fallback_last_no_best_step,28783e1f90934a3c9261e69c322f731a;91bf625c79f04aeeb993f58ff30e43bb;97a69231f63141a7bb7f6780b16c17fe;ad4f63e79ee3447ca17d3036caa46702;cbbdeac775de461c865ab13391a906dd;de92aac60c8343dc8e495144fb1f50fb;e76233f053ef480991b58d327df48a9c
test_top3_accuracy,EOPKG-WI,0.996,0.000,7,best_epoch;fallback_last_no_best_step,65fb28926d0d45709ad89ec7cf9aef59;88e10c5c5b45467e935548e0decdf824;8b07202c23874e298ad9b3445b49872d;8d2a911a18bb4d61a536433690b744f0;a6f92d038fdd4015af0c2ca3d4d657de;d0cd559af6bc4bcd986fb11b0ed56877;d3b7c7404a1b432b8dd330d96271b528
test_top3_accuracy,EOPKG,0.996,0.001,7,fallback_last_no_best_step,43c4e96d97544cea9eae53251dac57de;5e56c5c7531d4675b4c740f509ff678f;5fcc89889b1d45c489329f5e3df9a5a2;a9ec65c003b14176b0d853a15471bbbb;b8f6130db97f4f28b27d4528497aa1f3;c9399e3109674246bfa4894487904d27;ebdfb988ea654392a4a4fc270f9e7c71
test_weighted_f1,GATv2,0.980,0.003,7,fallback_last_no_best_step,0827dcd6f1a34d1a8330115b73a5f288;19d9078ee52942b08295cf257ee764d0;43bb080720cd41c0919a926a04029b92;4de188c1615448e39860458609d7ba5b;52f73713e211451695967c00ca8a57d0;6ede1f8547d64f9ca43d7c45efbd429f;bbb9ea80d692474a87731fdf952ebe1b
test_weighted_f1,GATv2+Mask,1.000,0.000,7,fallback_last_no_best_step,477ddf290447423086388425acd95d46;48e638d369504463b16fb3f11d14da88;b69e5641721747a5bc0357cd3e450a67;de7d038476b74690a441bf00a9b6f2fc;efb7334ec4e74b2d9dcb5c2eeed6beb3;f22f95e6487c4d62ae00ec6a81ddfbb2;fd61176a11094a29bec34a4accb6a2e7
test_weighted_f1,LSTM,1.000,0.000,7,fallback_last_no_best_step,28783e1f90934a3c9261e69c322f731a;91bf625c79f04aeeb993f58ff30e43bb;97a69231f63141a7bb7f6780b16c17fe;ad4f63e79ee3447ca17d3036caa46702;cbbdeac775de461c865ab13391a906dd;de92aac60c8343dc8e495144fb1f50fb;e76233f053ef480991b58d327df48a9c
test_weighted_f1,EOPKG-WI,0.992,0.009,7,best_epoch;fallback_last_no_best_step,65fb28926d0d45709ad89ec7cf9aef59;88e10c5c5b45467e935548e0decdf824;8b07202c23874e298ad9b3445b49872d;8d2a911a18bb4d61a536433690b744f0;a6f92d038fdd4015af0c2ca3d4d657de;d0cd559af6bc4bcd986fb11b0ed56877;d3b7c7404a1b432b8dd330d96271b528
test_weighted_f1,EOPKG,1.000,0.000,7,fallback_last_no_best_step,43c4e96d97544cea9eae53251dac57de;5e56c5c7531d4675b4c740f509ff678f;5fcc89889b1d45c489329f5e3df9a5a2;a9ec65c003b14176b0d853a15471bbbb;b8f6130db97f4f28b27d4528497aa1f3;c9399e3109674246bfa4894487904d27;ebdfb988ea654392a4a4fc270f9e7c71
train_allowed_set_mass_leakage,GATv2,0.082,0.005,7,fallback_last_no_best_step,0827dcd6f1a34d1a8330115b73a5f288;19d9078ee52942b08295cf257ee764d0;43bb080720cd41c0919a926a04029b92;4de188c1615448e39860458609d7ba5b;52f73713e211451695967c00ca8a57d0;6ede1f8547d64f9ca43d7c45efbd429f;bbb9ea80d692474a87731fdf952ebe1b
train_allowed_set_mass_leakage,GATv2+Mask,0.965,0.002,7,fallback_last_no_best_step,477ddf290447423086388425acd95d46;48e638d369504463b16fb3f11d14da88;b69e5641721747a5bc0357cd3e450a67;de7d038476b74690a441bf00a9b6f2fc;efb7334ec4e74b2d9dcb5c2eeed6beb3;f22f95e6487c4d62ae00ec6a81ddfbb2;fd61176a11094a29bec34a4accb6a2e7
train_allowed_set_mass_leakage,LSTM,0.002,0.000,7,fallback_last_no_best_step,28783e1f90934a3c9261e69c322f731a;91bf625c79f04aeeb993f58ff30e43bb;97a69231f63141a7bb7f6780b16c17fe;ad4f63e79ee3447ca17d3036caa46702;cbbdeac775de461c865ab13391a906dd;de92aac60c8343dc8e495144fb1f50fb;e76233f053ef480991b58d327df48a9c
train_allowed_set_mass_leakage,EOPKG-WI,,,0,,
train_allowed_set_mass_leakage,EOPKG,,,0,,
train_candidate_class_score_mean_abs,GATv2,,,0,,
train_candidate_class_score_mean_abs,GATv2+Mask,,,0,,
train_candidate_class_score_mean_abs,LSTM,,,0,,
train_candidate_class_score_mean_abs,EOPKG-WI,91504.443,0.017,7,fallback_last_no_best_step,65fb28926d0d45709ad89ec7cf9aef59;88e10c5c5b45467e935548e0decdf824;8b07202c23874e298ad9b3445b49872d;8d2a911a18bb4d61a536433690b744f0;a6f92d038fdd4015af0c2ca3d4d657de;d0cd559af6bc4bcd986fb11b0ed56877;d3b7c7404a1b432b8dd330d96271b528
train_candidate_class_score_mean_abs,EOPKG,91509.194,0.231,7,fallback_last_no_best_step,43c4e96d97544cea9eae53251dac57de;5e56c5c7531d4675b4c740f509ff678f;5fcc89889b1d45c489329f5e3df9a5a2;a9ec65c003b14176b0d853a15471bbbb;b8f6130db97f4f28b27d4528497aa1f3;c9399e3109674246bfa4894487904d27;ebdfb988ea654392a4a4fc270f9e7c71
train_candidate_dynamic_count,GATv2,,,0,,
train_candidate_dynamic_count,GATv2+Mask,,,0,,
train_candidate_dynamic_count,LSTM,,,0,,
train_candidate_dynamic_count,EOPKG-WI,40.882,0.000,7,fallback_last_no_best_step,65fb28926d0d45709ad89ec7cf9aef59;88e10c5c5b45467e935548e0decdf824;8b07202c23874e298ad9b3445b49872d;8d2a911a18bb4d61a536433690b744f0;a6f92d038fdd4015af0c2ca3d4d657de;d0cd559af6bc4bcd986fb11b0ed56877;d3b7c7404a1b432b8dd330d96271b528
train_candidate_dynamic_count,EOPKG,40.882,0.000,7,fallback_last_no_best_step,43c4e96d97544cea9eae53251dac57de;5e56c5c7531d4675b4c740f509ff678f;5fcc89889b1d45c489329f5e3df9a5a2;a9ec65c003b14176b0d853a15471bbbb;b8f6130db97f4f28b27d4528497aa1f3;c9399e3109674246bfa4894487904d27;ebdfb988ea654392a4a4fc270f9e7c71
train_candidate_invalid_probability_mass,GATv2,,,0,,
train_candidate_invalid_probability_mass,GATv2+Mask,,,0,,
train_candidate_invalid_probability_mass,LSTM,,,0,,
train_candidate_invalid_probability_mass,EOPKG-WI,0.261,0.004,7,fallback_last_no_best_step,65fb28926d0d45709ad89ec7cf9aef59;88e10c5c5b45467e935548e0decdf824;8b07202c23874e298ad9b3445b49872d;8d2a911a18bb4d61a536433690b744f0;a6f92d038fdd4015af0c2ca3d4d657de;d0cd559af6bc4bcd986fb11b0ed56877;d3b7c7404a1b432b8dd330d96271b528
train_candidate_invalid_probability_mass,EOPKG,0.002,0.001,7,fallback_last_no_best_step,43c4e96d97544cea9eae53251dac57de;5e56c5c7531d4675b4c740f509ff678f;5fcc89889b1d45c489329f5e3df9a5a2;a9ec65c003b14176b0d853a15471bbbb;b8f6130db97f4f28b27d4528497aa1f3;c9399e3109674246bfa4894487904d27;ebdfb988ea654392a4a4fc270f9e7c71
train_candidate_missing_target_rate,GATv2,,,0,,
train_candidate_missing_target_rate,GATv2+Mask,,,0,,
train_candidate_missing_target_rate,LSTM,,,0,,
train_candidate_missing_target_rate,EOPKG-WI,0.000,0.000,7,fallback_last_no_best_step,65fb28926d0d45709ad89ec7cf9aef59;88e10c5c5b45467e935548e0decdf824;8b07202c23874e298ad9b3445b49872d;8d2a911a18bb4d61a536433690b744f0;a6f92d038fdd4015af0c2ca3d4d657de;d0cd559af6bc4bcd986fb11b0ed56877;d3b7c7404a1b432b8dd330d96271b528
train_candidate_missing_target_rate,EOPKG,0.000,0.000,7,fallback_last_no_best_step,43c4e96d97544cea9eae53251dac57de;5e56c5c7531d4675b4c740f509ff678f;5fcc89889b1d45c489329f5e3df9a5a2;a9ec65c003b14176b0d853a15471bbbb;b8f6130db97f4f28b27d4528497aa1f3;c9399e3109674246bfa4894487904d27;ebdfb988ea654392a4a4fc270f9e7c71
train_candidate_node_score_mean_abs,GATv2,,,0,,
train_candidate_node_score_mean_abs,GATv2+Mask,,,0,,
train_candidate_node_score_mean_abs,LSTM,,,0,,
train_candidate_node_score_mean_abs,EOPKG-WI,1.293,0.019,7,fallback_last_no_best_step,65fb28926d0d45709ad89ec7cf9aef59;88e10c5c5b45467e935548e0decdf824;8b07202c23874e298ad9b3445b49872d;8d2a911a18bb4d61a536433690b744f0;a6f92d038fdd4015af0c2ca3d4d657de;d0cd559af6bc4bcd986fb11b0ed56877;d3b7c7404a1b432b8dd330d96271b528
train_candidate_node_score_mean_abs,EOPKG,6.517,0.253,7,fallback_last_no_best_step,43c4e96d97544cea9eae53251dac57de;5e56c5c7531d4675b4c740f509ff678f;5fcc89889b1d45c489329f5e3df9a5a2;a9ec65c003b14176b0d853a15471bbbb;b8f6130db97f4f28b27d4528497aa1f3;c9399e3109674246bfa4894487904d27;ebdfb988ea654392a4a4fc270f9e7c71
train_candidate_oos_rate,GATv2,,,0,,
train_candidate_oos_rate,GATv2+Mask,,,0,,
train_candidate_oos_rate,LSTM,,,0,,
train_candidate_oos_rate,EOPKG-WI,0.160,0.004,7,fallback_last_no_best_step,65fb28926d0d45709ad89ec7cf9aef59;88e10c5c5b45467e935548e0decdf824;8b07202c23874e298ad9b3445b49872d;8d2a911a18bb4d61a536433690b744f0;a6f92d038fdd4015af0c2ca3d4d657de;d0cd559af6bc4bcd986fb11b0ed56877;d3b7c7404a1b432b8dd330d96271b528
train_candidate_oos_rate,EOPKG,0.000,0.000,7,fallback_last_no_best_step,43c4e96d97544cea9eae53251dac57de;5e56c5c7531d4675b4c740f509ff678f;5fcc89889b1d45c489329f5e3df9a5a2;a9ec65c003b14176b0d853a15471bbbb;b8f6130db97f4f28b27d4528497aa1f3;c9399e3109674246bfa4894487904d27;ebdfb988ea654392a4a4fc270f9e7c71
train_candidate_pred_score,GATv2,,,0,,
train_candidate_pred_score,GATv2+Mask,,,0,,
train_candidate_pred_score,LSTM,,,0,,
train_candidate_pred_score,EOPKG-WI,6.028,0.041,7,fallback_last_no_best_step,65fb28926d0d45709ad89ec7cf9aef59;88e10c5c5b45467e935548e0decdf824;8b07202c23874e298ad9b3445b49872d;8d2a911a18bb4d61a536433690b744f0;a6f92d038fdd4015af0c2ca3d4d657de;d0cd559af6bc4bcd986fb11b0ed56877;d3b7c7404a1b432b8dd330d96271b528
train_candidate_pred_score,EOPKG,5.773,0.106,7,fallback_last_no_best_step,43c4e96d97544cea9eae53251dac57de;5e56c5c7531d4675b4c740f509ff678f;5fcc89889b1d45c489329f5e3df9a5a2;a9ec65c003b14176b0d853a15471bbbb;b8f6130db97f4f28b27d4528497aa1f3;c9399e3109674246bfa4894487904d27;ebdfb988ea654392a4a4fc270f9e7c71
train_candidate_prediction_entropy,GATv2,,,0,,
train_candidate_prediction_entropy,GATv2+Mask,,,0,,
train_candidate_prediction_entropy,LSTM,,,0,,
train_candidate_prediction_entropy,EOPKG-WI,1.041,0.007,7,fallback_last_no_best_step,65fb28926d0d45709ad89ec7cf9aef59;88e10c5c5b45467e935548e0decdf824;8b07202c23874e298ad9b3445b49872d;8d2a911a18bb4d61a536433690b744f0;a6f92d038fdd4015af0c2ca3d4d657de;d0cd559af6bc4bcd986fb11b0ed56877;d3b7c7404a1b432b8dd330d96271b528
train_candidate_prediction_entropy,EOPKG,0.159,0.007,7,fallback_last_no_best_step,43c4e96d97544cea9eae53251dac57de;5e56c5c7531d4675b4c740f509ff678f;5fcc89889b1d45c489329f5e3df9a5a2;a9ec65c003b14176b0d853a15471bbbb;b8f6130db97f4f28b27d4528497aa1f3;c9399e3109674246bfa4894487904d27;ebdfb988ea654392a4a4fc270f9e7c71
train_candidate_score_gap,GATv2,,,0,,
train_candidate_score_gap,GATv2+Mask,,,0,,
train_candidate_score_gap,LSTM,,,0,,
train_candidate_score_gap,EOPKG-WI,0.403,0.013,7,fallback_last_no_best_step,65fb28926d0d45709ad89ec7cf9aef59;88e10c5c5b45467e935548e0decdf824;8b07202c23874e298ad9b3445b49872d;8d2a911a18bb4d61a536433690b744f0;a6f92d038fdd4015af0c2ca3d4d657de;d0cd559af6bc4bcd986fb11b0ed56877;d3b7c7404a1b432b8dd330d96271b528
train_candidate_score_gap,EOPKG,0.050,0.001,7,fallback_last_no_best_step,43c4e96d97544cea9eae53251dac57de;5e56c5c7531d4675b4c740f509ff678f;5fcc89889b1d45c489329f5e3df9a5a2;a9ec65c003b14176b0d853a15471bbbb;b8f6130db97f4f28b27d4528497aa1f3;c9399e3109674246bfa4894487904d27;ebdfb988ea654392a4a4fc270f9e7c71
train_candidate_seen_score_mean,GATv2,,,0,,
train_candidate_seen_score_mean,GATv2+Mask,,,0,,
train_candidate_seen_score_mean,LSTM,,,0,,
train_candidate_seen_score_mean,EOPKG-WI,-0.344,0.047,7,fallback_last_no_best_step,65fb28926d0d45709ad89ec7cf9aef59;88e10c5c5b45467e935548e0decdf824;8b07202c23874e298ad9b3445b49872d;8d2a911a18bb4d61a536433690b744f0;a6f92d038fdd4015af0c2ca3d4d657de;d0cd559af6bc4bcd986fb11b0ed56877;d3b7c7404a1b432b8dd330d96271b528
train_candidate_seen_score_mean,EOPKG,-6.185,0.260,7,fallback_last_no_best_step,43c4e96d97544cea9eae53251dac57de;5e56c5c7531d4675b4c740f509ff678f;5fcc89889b1d45c489329f5e3df9a5a2;a9ec65c003b14176b0d853a15471bbbb;b8f6130db97f4f28b27d4528497aa1f3;c9399e3109674246bfa4894487904d27;ebdfb988ea654392a4a4fc270f9e7c71
train_candidate_seen_unseen_score_gap,GATv2,,,0,,
train_candidate_seen_unseen_score_gap,GATv2+Mask,,,0,,
train_candidate_seen_unseen_score_gap,LSTM,,,0,,
train_candidate_seen_unseen_score_gap,EOPKG-WI,0.000,0.000,7,fallback_last_no_best_step,65fb28926d0d45709ad89ec7cf9aef59;88e10c5c5b45467e935548e0decdf824;8b07202c23874e298ad9b3445b49872d;8d2a911a18bb4d61a536433690b744f0;a6f92d038fdd4015af0c2ca3d4d657de;d0cd559af6bc4bcd986fb11b0ed56877;d3b7c7404a1b432b8dd330d96271b528
train_candidate_seen_unseen_score_gap,EOPKG,0.000,0.000,7,fallback_last_no_best_step,43c4e96d97544cea9eae53251dac57de;5e56c5c7531d4675b4c740f509ff678f;5fcc89889b1d45c489329f5e3df9a5a2;a9ec65c003b14176b0d853a15471bbbb;b8f6130db97f4f28b27d4528497aa1f3;c9399e3109674246bfa4894487904d27;ebdfb988ea654392a4a4fc270f9e7c71
train_candidate_target_duplicate_count_max,GATv2,,,0,,
train_candidate_target_duplicate_count_max,GATv2+Mask,,,0,,
train_candidate_target_duplicate_count_max,LSTM,,,0,,
train_candidate_target_duplicate_count_max,EOPKG-WI,1.000,0.000,7,fallback_last_no_best_step,65fb28926d0d45709ad89ec7cf9aef59;88e10c5c5b45467e935548e0decdf824;8b07202c23874e298ad9b3445b49872d;8d2a911a18bb4d61a536433690b744f0;a6f92d038fdd4015af0c2ca3d4d657de;d0cd559af6bc4bcd986fb11b0ed56877;d3b7c7404a1b432b8dd330d96271b528
train_candidate_target_duplicate_count_max,EOPKG,1.000,0.000,7,fallback_last_no_best_step,43c4e96d97544cea9eae53251dac57de;5e56c5c7531d4675b4c740f509ff678f;5fcc89889b1d45c489329f5e3df9a5a2;a9ec65c003b14176b0d853a15471bbbb;b8f6130db97f4f28b27d4528497aa1f3;c9399e3109674246bfa4894487904d27;ebdfb988ea654392a4a4fc270f9e7c71
train_candidate_target_in_candidate_set_rate,GATv2,,,0,,
train_candidate_target_in_candidate_set_rate,GATv2+Mask,,,0,,
train_candidate_target_in_candidate_set_rate,LSTM,,,0,,
train_candidate_target_in_candidate_set_rate,EOPKG-WI,1.000,0.000,7,fallback_last_no_best_step,65fb28926d0d45709ad89ec7cf9aef59;88e10c5c5b45467e935548e0decdf824;8b07202c23874e298ad9b3445b49872d;8d2a911a18bb4d61a536433690b744f0;a6f92d038fdd4015af0c2ca3d4d657de;d0cd559af6bc4bcd986fb11b0ed56877;d3b7c7404a1b432b8dd330d96271b528
train_candidate_target_in_candidate_set_rate,EOPKG,1.000,0.000,7,fallback_last_no_best_step,43c4e96d97544cea9eae53251dac57de;5e56c5c7531d4675b4c740f509ff678f;5fcc89889b1d45c489329f5e3df9a5a2;a9ec65c003b14176b0d853a15471bbbb;b8f6130db97f4f28b27d4528497aa1f3;c9399e3109674246bfa4894487904d27;ebdfb988ea654392a4a4fc270f9e7c71
train_candidate_target_score,GATv2,,,0,,
train_candidate_target_score,GATv2+Mask,,,0,,
train_candidate_target_score,LSTM,,,0,,
train_candidate_target_score,EOPKG-WI,5.625,0.046,7,fallback_last_no_best_step,65fb28926d0d45709ad89ec7cf9aef59;88e10c5c5b45467e935548e0decdf824;8b07202c23874e298ad9b3445b49872d;8d2a911a18bb4d61a536433690b744f0;a6f92d038fdd4015af0c2ca3d4d657de;d0cd559af6bc4bcd986fb11b0ed56877;d3b7c7404a1b432b8dd330d96271b528
train_candidate_target_score,EOPKG,5.722,0.105,7,fallback_last_no_best_step,43c4e96d97544cea9eae53251dac57de;5e56c5c7531d4675b4c740f509ff678f;5fcc89889b1d45c489329f5e3df9a5a2;a9ec65c003b14176b0d853a15471bbbb;b8f6130db97f4f28b27d4528497aa1f3;c9399e3109674246bfa4894487904d27;ebdfb988ea654392a4a4fc270f9e7c71
train_candidate_target_set_entropy_mean,GATv2,,,0,,
train_candidate_target_set_entropy_mean,GATv2+Mask,,,0,,
train_candidate_target_set_entropy_mean,LSTM,,,0,,
train_candidate_target_set_entropy_mean,EOPKG-WI,0.000,0.000,7,fallback_last_no_best_step,65fb28926d0d45709ad89ec7cf9aef59;88e10c5c5b45467e935548e0decdf824;8b07202c23874e298ad9b3445b49872d;8d2a911a18bb4d61a536433690b744f0;a6f92d038fdd4015af0c2ca3d4d657de;d0cd559af6bc4bcd986fb11b0ed56877;d3b7c7404a1b432b8dd330d96271b528
train_candidate_target_set_entropy_mean,EOPKG,0.000,0.000,7,fallback_last_no_best_step,43c4e96d97544cea9eae53251dac57de;5e56c5c7531d4675b4c740f509ff678f;5fcc89889b1d45c489329f5e3df9a5a2;a9ec65c003b14176b0d853a15471bbbb;b8f6130db97f4f28b27d4528497aa1f3;c9399e3109674246bfa4894487904d27;ebdfb988ea654392a4a4fc270f9e7c71
train_candidate_target_set_logit_variance_mean,GATv2,,,0,,
train_candidate_target_set_logit_variance_mean,GATv2+Mask,,,0,,
train_candidate_target_set_logit_variance_mean,LSTM,,,0,,
train_candidate_target_set_logit_variance_mean,EOPKG-WI,0.000,0.000,7,fallback_last_no_best_step,65fb28926d0d45709ad89ec7cf9aef59;88e10c5c5b45467e935548e0decdf824;8b07202c23874e298ad9b3445b49872d;8d2a911a18bb4d61a536433690b744f0;a6f92d038fdd4015af0c2ca3d4d657de;d0cd559af6bc4bcd986fb11b0ed56877;d3b7c7404a1b432b8dd330d96271b528
train_candidate_target_set_logit_variance_mean,EOPKG,0.000,0.000,7,fallback_last_no_best_step,43c4e96d97544cea9eae53251dac57de;5e56c5c7531d4675b4c740f509ff678f;5fcc89889b1d45c489329f5e3df9a5a2;a9ec65c003b14176b0d853a15471bbbb;b8f6130db97f4f28b27d4528497aa1f3;c9399e3109674246bfa4894487904d27;ebdfb988ea654392a4a4fc270f9e7c71
train_candidate_temperature,GATv2,,,0,,
train_candidate_temperature,GATv2+Mask,,,0,,
train_candidate_temperature,LSTM,,,0,,
train_candidate_temperature,EOPKG-WI,0.100,0.000,7,fallback_last_no_best_step,65fb28926d0d45709ad89ec7cf9aef59;88e10c5c5b45467e935548e0decdf824;8b07202c23874e298ad9b3445b49872d;8d2a911a18bb4d61a536433690b744f0;a6f92d038fdd4015af0c2ca3d4d657de;d0cd559af6bc4bcd986fb11b0ed56877;d3b7c7404a1b432b8dd330d96271b528
train_candidate_temperature,EOPKG,0.100,0.000,7,fallback_last_no_best_step,43c4e96d97544cea9eae53251dac57de;5e56c5c7531d4675b4c740f509ff678f;5fcc89889b1d45c489329f5e3df9a5a2;a9ec65c003b14176b0d853a15471bbbb;b8f6130db97f4f28b27d4528497aa1f3;c9399e3109674246bfa4894487904d27;ebdfb988ea654392a4a4fc270f9e7c71
train_candidate_unseen_candidate_rate,GATv2,,,0,,
train_candidate_unseen_candidate_rate,GATv2+Mask,,,0,,
train_candidate_unseen_candidate_rate,LSTM,,,0,,
train_candidate_unseen_candidate_rate,EOPKG-WI,0.000,0.000,7,fallback_last_no_best_step,65fb28926d0d45709ad89ec7cf9aef59;88e10c5c5b45467e935548e0decdf824;8b07202c23874e298ad9b3445b49872d;8d2a911a18bb4d61a536433690b744f0;a6f92d038fdd4015af0c2ca3d4d657de;d0cd559af6bc4bcd986fb11b0ed56877;d3b7c7404a1b432b8dd330d96271b528
train_candidate_unseen_candidate_rate,EOPKG,0.000,0.000,7,fallback_last_no_best_step,43c4e96d97544cea9eae53251dac57de;5e56c5c7531d4675b4c740f509ff678f;5fcc89889b1d45c489329f5e3df9a5a2;a9ec65c003b14176b0d853a15471bbbb;b8f6130db97f4f28b27d4528497aa1f3;c9399e3109674246bfa4894487904d27;ebdfb988ea654392a4a4fc270f9e7c71
train_candidate_unseen_score_mean,GATv2,,,0,,
train_candidate_unseen_score_mean,GATv2+Mask,,,0,,
train_candidate_unseen_score_mean,LSTM,,,0,,
train_candidate_unseen_score_mean,EOPKG-WI,0.000,0.000,7,fallback_last_no_best_step,65fb28926d0d45709ad89ec7cf9aef59;88e10c5c5b45467e935548e0decdf824;8b07202c23874e298ad9b3445b49872d;8d2a911a18bb4d61a536433690b744f0;a6f92d038fdd4015af0c2ca3d4d657de;d0cd559af6bc4bcd986fb11b0ed56877;d3b7c7404a1b432b8dd330d96271b528
train_candidate_unseen_score_mean,EOPKG,0.000,0.000,7,fallback_last_no_best_step,43c4e96d97544cea9eae53251dac57de;5e56c5c7531d4675b4c740f509ff678f;5fcc89889b1d45c489329f5e3df9a5a2;a9ec65c003b14176b0d853a15471bbbb;b8f6130db97f4f28b27d4528497aa1f3;c9399e3109674246bfa4894487904d27;ebdfb988ea654392a4a4fc270f9e7c71
train_candidate_unseen_target_rate,GATv2,,,0,,
train_candidate_unseen_target_rate,GATv2+Mask,,,0,,
train_candidate_unseen_target_rate,LSTM,,,0,,
train_candidate_unseen_target_rate,EOPKG-WI,0.000,0.000,7,fallback_last_no_best_step,65fb28926d0d45709ad89ec7cf9aef59;88e10c5c5b45467e935548e0decdf824;8b07202c23874e298ad9b3445b49872d;8d2a911a18bb4d61a536433690b744f0;a6f92d038fdd4015af0c2ca3d4d657de;d0cd559af6bc4bcd986fb11b0ed56877;d3b7c7404a1b432b8dd330d96271b528
train_candidate_unseen_target_rate,EOPKG,0.000,0.000,7,fallback_last_no_best_step,43c4e96d97544cea9eae53251dac57de;5e56c5c7531d4675b4c740f509ff678f;5fcc89889b1d45c489329f5e3df9a5a2;a9ec65c003b14176b0d853a15471bbbb;b8f6130db97f4f28b27d4528497aa1f3;c9399e3109674246bfa4894487904d27;ebdfb988ea654392a4a4fc270f9e7c71
train_candidate_valid_invalid_logit_margin,GATv2,,,0,,
train_candidate_valid_invalid_logit_margin,GATv2+Mask,,,0,,
train_candidate_valid_invalid_logit_margin,LSTM,,,0,,
train_candidate_valid_invalid_logit_margin,EOPKG-WI,2.708,0.028,7,fallback_last_no_best_step,65fb28926d0d45709ad89ec7cf9aef59;88e10c5c5b45467e935548e0decdf824;8b07202c23874e298ad9b3445b49872d;8d2a911a18bb4d61a536433690b744f0;a6f92d038fdd4015af0c2ca3d4d657de;d0cd559af6bc4bcd986fb11b0ed56877;d3b7c7404a1b432b8dd330d96271b528
train_candidate_valid_invalid_logit_margin,EOPKG,10.178,0.347,7,fallback_last_no_best_step,43c4e96d97544cea9eae53251dac57de;5e56c5c7531d4675b4c740f509ff678f;5fcc89889b1d45c489329f5e3df9a5a2;a9ec65c003b14176b0d853a15471bbbb;b8f6130db97f4f28b27d4528497aa1f3;c9399e3109674246bfa4894487904d27;ebdfb988ea654392a4a4fc270f9e7c71
train_candidate_valid_probability_mass,GATv2,,,0,,
train_candidate_valid_probability_mass,GATv2+Mask,,,0,,
train_candidate_valid_probability_mass,LSTM,,,0,,
train_candidate_valid_probability_mass,EOPKG-WI,0.739,0.004,7,fallback_last_no_best_step,65fb28926d0d45709ad89ec7cf9aef59;88e10c5c5b45467e935548e0decdf824;8b07202c23874e298ad9b3445b49872d;8d2a911a18bb4d61a536433690b744f0;a6f92d038fdd4015af0c2ca3d4d657de;d0cd559af6bc4bcd986fb11b0ed56877;d3b7c7404a1b432b8dd330d96271b528
train_candidate_valid_probability_mass,EOPKG,0.998,0.001,7,fallback_last_no_best_step,43c4e96d97544cea9eae53251dac57de;5e56c5c7531d4675b4c740f509ff678f;5fcc89889b1d45c489329f5e3df9a5a2;a9ec65c003b14176b0d853a15471bbbb;b8f6130db97f4f28b27d4528497aa1f3;c9399e3109674246bfa4894487904d27;ebdfb988ea654392a4a4fc270f9e7c71
train_duplicate_candidate_count_max,GATv2,,,0,,
train_duplicate_candidate_count_max,GATv2+Mask,,,0,,
train_duplicate_candidate_count_max,LSTM,,,0,,
train_duplicate_candidate_count_max,EOPKG-WI,1.000,0.000,7,fallback_last_no_best_step,65fb28926d0d45709ad89ec7cf9aef59;88e10c5c5b45467e935548e0decdf824;8b07202c23874e298ad9b3445b49872d;8d2a911a18bb4d61a536433690b744f0;a6f92d038fdd4015af0c2ca3d4d657de;d0cd559af6bc4bcd986fb11b0ed56877;d3b7c7404a1b432b8dd330d96271b528
train_duplicate_candidate_count_max,EOPKG,1.000,0.000,7,fallback_last_no_best_step,43c4e96d97544cea9eae53251dac57de;5e56c5c7531d4675b4c740f509ff678f;5fcc89889b1d45c489329f5e3df9a5a2;a9ec65c003b14176b0d853a15471bbbb;b8f6130db97f4f28b27d4528497aa1f3;c9399e3109674246bfa4894487904d27;ebdfb988ea654392a4a4fc270f9e7c71
train_grad_norm_observed,GATv2,3.004,0.290,7,fallback_last_no_best_step,0827dcd6f1a34d1a8330115b73a5f288;19d9078ee52942b08295cf257ee764d0;43bb080720cd41c0919a926a04029b92;4de188c1615448e39860458609d7ba5b;52f73713e211451695967c00ca8a57d0;6ede1f8547d64f9ca43d7c45efbd429f;bbb9ea80d692474a87731fdf952ebe1b
train_grad_norm_observed,GATv2+Mask,0.736,0.048,7,fallback_last_no_best_step,477ddf290447423086388425acd95d46;48e638d369504463b16fb3f11d14da88;b69e5641721747a5bc0357cd3e450a67;de7d038476b74690a441bf00a9b6f2fc;efb7334ec4e74b2d9dcb5c2eeed6beb3;f22f95e6487c4d62ae00ec6a81ddfbb2;fd61176a11094a29bec34a4accb6a2e7
train_grad_norm_observed,LSTM,0.771,0.059,7,fallback_last_no_best_step,28783e1f90934a3c9261e69c322f731a;91bf625c79f04aeeb993f58ff30e43bb;97a69231f63141a7bb7f6780b16c17fe;ad4f63e79ee3447ca17d3036caa46702;cbbdeac775de461c865ab13391a906dd;de92aac60c8343dc8e495144fb1f50fb;e76233f053ef480991b58d327df48a9c
train_grad_norm_observed,EOPKG-WI,1.192,0.079,7,fallback_last_no_best_step,65fb28926d0d45709ad89ec7cf9aef59;88e10c5c5b45467e935548e0decdf824;8b07202c23874e298ad9b3445b49872d;8d2a911a18bb4d61a536433690b744f0;a6f92d038fdd4015af0c2ca3d4d657de;d0cd559af6bc4bcd986fb11b0ed56877;d3b7c7404a1b432b8dd330d96271b528
train_grad_norm_observed,EOPKG,0.174,0.013,7,fallback_last_no_best_step,43c4e96d97544cea9eae53251dac57de;5e56c5c7531d4675b4c740f509ff678f;5fcc89889b1d45c489329f5e3df9a5a2;a9ec65c003b14176b0d853a15471bbbb;b8f6130db97f4f28b27d4528497aa1f3;c9399e3109674246bfa4894487904d27;ebdfb988ea654392a4a4fc270f9e7c71
train_grad_norm_struct_xattn,GATv2,0.000,0.000,7,fallback_last_no_best_step,0827dcd6f1a34d1a8330115b73a5f288;19d9078ee52942b08295cf257ee764d0;43bb080720cd41c0919a926a04029b92;4de188c1615448e39860458609d7ba5b;52f73713e211451695967c00ca8a57d0;6ede1f8547d64f9ca43d7c45efbd429f;bbb9ea80d692474a87731fdf952ebe1b
train_grad_norm_struct_xattn,GATv2+Mask,0.000,0.000,7,fallback_last_no_best_step,477ddf290447423086388425acd95d46;48e638d369504463b16fb3f11d14da88;b69e5641721747a5bc0357cd3e450a67;de7d038476b74690a441bf00a9b6f2fc;efb7334ec4e74b2d9dcb5c2eeed6beb3;f22f95e6487c4d62ae00ec6a81ddfbb2;fd61176a11094a29bec34a4accb6a2e7
train_grad_norm_struct_xattn,LSTM,0.000,0.000,7,fallback_last_no_best_step,28783e1f90934a3c9261e69c322f731a;91bf625c79f04aeeb993f58ff30e43bb;97a69231f63141a7bb7f6780b16c17fe;ad4f63e79ee3447ca17d3036caa46702;cbbdeac775de461c865ab13391a906dd;de92aac60c8343dc8e495144fb1f50fb;e76233f053ef480991b58d327df48a9c
train_grad_norm_struct_xattn,EOPKG-WI,0.000,0.000,7,fallback_last_no_best_step,65fb28926d0d45709ad89ec7cf9aef59;88e10c5c5b45467e935548e0decdf824;8b07202c23874e298ad9b3445b49872d;8d2a911a18bb4d61a536433690b744f0;a6f92d038fdd4015af0c2ca3d4d657de;d0cd559af6bc4bcd986fb11b0ed56877;d3b7c7404a1b432b8dd330d96271b528
train_grad_norm_struct_xattn,EOPKG,0.000,0.000,7,fallback_last_no_best_step,43c4e96d97544cea9eae53251dac57de;5e56c5c7531d4675b4c740f509ff678f;5fcc89889b1d45c489329f5e3df9a5a2;a9ec65c003b14176b0d853a15471bbbb;b8f6130db97f4f28b27d4528497aa1f3;c9399e3109674246bfa4894487904d27;ebdfb988ea654392a4a4fc270f9e7c71
train_grad_norm_structural,GATv2,0.000,0.000,7,fallback_last_no_best_step,0827dcd6f1a34d1a8330115b73a5f288;19d9078ee52942b08295cf257ee764d0;43bb080720cd41c0919a926a04029b92;4de188c1615448e39860458609d7ba5b;52f73713e211451695967c00ca8a57d0;6ede1f8547d64f9ca43d7c45efbd429f;bbb9ea80d692474a87731fdf952ebe1b
train_grad_norm_structural,GATv2+Mask,0.000,0.000,7,fallback_last_no_best_step,477ddf290447423086388425acd95d46;48e638d369504463b16fb3f11d14da88;b69e5641721747a5bc0357cd3e450a67;de7d038476b74690a441bf00a9b6f2fc;efb7334ec4e74b2d9dcb5c2eeed6beb3;f22f95e6487c4d62ae00ec6a81ddfbb2;fd61176a11094a29bec34a4accb6a2e7
train_grad_norm_structural,LSTM,0.000,0.000,7,fallback_last_no_best_step,28783e1f90934a3c9261e69c322f731a;91bf625c79f04aeeb993f58ff30e43bb;97a69231f63141a7bb7f6780b16c17fe;ad4f63e79ee3447ca17d3036caa46702;cbbdeac775de461c865ab13391a906dd;de92aac60c8343dc8e495144fb1f50fb;e76233f053ef480991b58d327df48a9c
train_grad_norm_structural,EOPKG-WI,1.264,0.090,7,fallback_last_no_best_step,65fb28926d0d45709ad89ec7cf9aef59;88e10c5c5b45467e935548e0decdf824;8b07202c23874e298ad9b3445b49872d;8d2a911a18bb4d61a536433690b744f0;a6f92d038fdd4015af0c2ca3d4d657de;d0cd559af6bc4bcd986fb11b0ed56877;d3b7c7404a1b432b8dd330d96271b528
train_grad_norm_structural,EOPKG,0.101,0.013,7,fallback_last_no_best_step,43c4e96d97544cea9eae53251dac57de;5e56c5c7531d4675b4c740f509ff678f;5fcc89889b1d45c489329f5e3df9a5a2;a9ec65c003b14176b0d853a15471bbbb;b8f6130db97f4f28b27d4528497aa1f3;c9399e3109674246bfa4894487904d27;ebdfb988ea654392a4a4fc270f9e7c71
train_impulse_activation_max_abs,GATv2,,,0,,
train_impulse_activation_max_abs,GATv2+Mask,,,0,,
train_impulse_activation_max_abs,LSTM,,,0,,
train_impulse_activation_max_abs,EOPKG-WI,0.000,0.000,7,fallback_last_no_best_step,65fb28926d0d45709ad89ec7cf9aef59;88e10c5c5b45467e935548e0decdf824;8b07202c23874e298ad9b3445b49872d;8d2a911a18bb4d61a536433690b744f0;a6f92d038fdd4015af0c2ca3d4d657de;d0cd559af6bc4bcd986fb11b0ed56877;d3b7c7404a1b432b8dd330d96271b528
train_impulse_activation_max_abs,EOPKG,6.799,1.001,7,fallback_last_no_best_step,43c4e96d97544cea9eae53251dac57de;5e56c5c7531d4675b4c740f509ff678f;5fcc89889b1d45c489329f5e3df9a5a2;a9ec65c003b14176b0d853a15471bbbb;b8f6130db97f4f28b27d4528497aa1f3;c9399e3109674246bfa4894487904d27;ebdfb988ea654392a4a4fc270f9e7c71
train_impulse_activation_mean_abs,GATv2,,,0,,
train_impulse_activation_mean_abs,GATv2+Mask,,,0,,
train_impulse_activation_mean_abs,LSTM,,,0,,
train_impulse_activation_mean_abs,EOPKG-WI,0.000,0.000,7,fallback_last_no_best_step,65fb28926d0d45709ad89ec7cf9aef59;88e10c5c5b45467e935548e0decdf824;8b07202c23874e298ad9b3445b49872d;8d2a911a18bb4d61a536433690b744f0;a6f92d038fdd4015af0c2ca3d4d657de;d0cd559af6bc4bcd986fb11b0ed56877;d3b7c7404a1b432b8dd330d96271b528
train_impulse_activation_mean_abs,EOPKG,1.126,0.035,7,fallback_last_no_best_step,43c4e96d97544cea9eae53251dac57de;5e56c5c7531d4675b4c740f509ff678f;5fcc89889b1d45c489329f5e3df9a5a2;a9ec65c003b14176b0d853a15471bbbb;b8f6130db97f4f28b27d4528497aa1f3;c9399e3109674246bfa4894487904d27;ebdfb988ea654392a4a4fc270f9e7c71
train_impulse_gnn_oversmoothing_ratio,GATv2,,,0,,
train_impulse_gnn_oversmoothing_ratio,GATv2+Mask,,,0,,
train_impulse_gnn_oversmoothing_ratio,LSTM,,,0,,
train_impulse_gnn_oversmoothing_ratio,EOPKG-WI,0.000,0.000,7,fallback_last_no_best_step,65fb28926d0d45709ad89ec7cf9aef59;88e10c5c5b45467e935548e0decdf824;8b07202c23874e298ad9b3445b49872d;8d2a911a18bb4d61a536433690b744f0;a6f92d038fdd4015af0c2ca3d4d657de;d0cd559af6bc4bcd986fb11b0ed56877;d3b7c7404a1b432b8dd330d96271b528
train_impulse_gnn_oversmoothing_ratio,EOPKG,0.877,0.024,7,fallback_last_no_best_step,43c4e96d97544cea9eae53251dac57de;5e56c5c7531d4675b4c740f509ff678f;5fcc89889b1d45c489329f5e3df9a5a2;a9ec65c003b14176b0d853a15471bbbb;b8f6130db97f4f28b27d4528497aa1f3;c9399e3109674246bfa4894487904d27;ebdfb988ea654392a4a4fc270f9e7c71
train_impulse_to_base_node_ratio,GATv2,,,0,,
train_impulse_to_base_node_ratio,GATv2+Mask,,,0,,
train_impulse_to_base_node_ratio,LSTM,,,0,,
train_impulse_to_base_node_ratio,EOPKG-WI,0.000,0.000,7,fallback_last_no_best_step,65fb28926d0d45709ad89ec7cf9aef59;88e10c5c5b45467e935548e0decdf824;8b07202c23874e298ad9b3445b49872d;8d2a911a18bb4d61a536433690b744f0;a6f92d038fdd4015af0c2ca3d4d657de;d0cd559af6bc4bcd986fb11b0ed56877;d3b7c7404a1b432b8dd330d96271b528
train_impulse_to_base_node_ratio,EOPKG,1.676,0.033,7,fallback_last_no_best_step,43c4e96d97544cea9eae53251dac57de;5e56c5c7531d4675b4c740f509ff678f;5fcc89889b1d45c489329f5e3df9a5a2;a9ec65c003b14176b0d853a15471bbbb;b8f6130db97f4f28b27d4528497aa1f3;c9399e3109674246bfa4894487904d27;ebdfb988ea654392a4a4fc270f9e7c71
train_loss,GATv2,0.633,0.022,7,best_epoch,0827dcd6f1a34d1a8330115b73a5f288;19d9078ee52942b08295cf257ee764d0;43bb080720cd41c0919a926a04029b92;4de188c1615448e39860458609d7ba5b;52f73713e211451695967c00ca8a57d0;6ede1f8547d64f9ca43d7c45efbd429f;bbb9ea80d692474a87731fdf952ebe1b
train_loss,GATv2+Mask,0.359,0.007,7,best_epoch,477ddf290447423086388425acd95d46;48e638d369504463b16fb3f11d14da88;b69e5641721747a5bc0357cd3e450a67;de7d038476b74690a441bf00a9b6f2fc;efb7334ec4e74b2d9dcb5c2eeed6beb3;f22f95e6487c4d62ae00ec6a81ddfbb2;fd61176a11094a29bec34a4accb6a2e7
train_loss,LSTM,0.349,0.003,7,best_epoch,28783e1f90934a3c9261e69c322f731a;91bf625c79f04aeeb993f58ff30e43bb;97a69231f63141a7bb7f6780b16c17fe;ad4f63e79ee3447ca17d3036caa46702;cbbdeac775de461c865ab13391a906dd;de92aac60c8343dc8e495144fb1f50fb;e76233f053ef480991b58d327df48a9c
train_loss,EOPKG-WI,0.878,0.027,7,best_epoch,65fb28926d0d45709ad89ec7cf9aef59;88e10c5c5b45467e935548e0decdf824;8b07202c23874e298ad9b3445b49872d;8d2a911a18bb4d61a536433690b744f0;a6f92d038fdd4015af0c2ca3d4d657de;d0cd559af6bc4bcd986fb11b0ed56877;d3b7c7404a1b432b8dd330d96271b528
train_loss,EOPKG,0.150,0.004,7,best_epoch,43c4e96d97544cea9eae53251dac57de;5e56c5c7531d4675b4c740f509ff678f;5fcc89889b1d45c489329f5e3df9a5a2;a9ec65c003b14176b0d853a15471bbbb;b8f6130db97f4f28b27d4528497aa1f3;c9399e3109674246bfa4894487904d27;ebdfb988ea654392a4a4fc270f9e7c71
train_macro_f1,GATv2,0.707,0.010,7,best_epoch,0827dcd6f1a34d1a8330115b73a5f288;19d9078ee52942b08295cf257ee764d0;43bb080720cd41c0919a926a04029b92;4de188c1615448e39860458609d7ba5b;52f73713e211451695967c00ca8a57d0;6ede1f8547d64f9ca43d7c45efbd429f;bbb9ea80d692474a87731fdf952ebe1b
train_macro_f1,GATv2+Mask,0.764,0.003,7,best_epoch,477ddf290447423086388425acd95d46;48e638d369504463b16fb3f11d14da88;b69e5641721747a5bc0357cd3e450a67;de7d038476b74690a441bf00a9b6f2fc;efb7334ec4e74b2d9dcb5c2eeed6beb3;f22f95e6487c4d62ae00ec6a81ddfbb2;fd61176a11094a29bec34a4accb6a2e7
train_macro_f1,LSTM,0.768,0.004,7,best_epoch,28783e1f90934a3c9261e69c322f731a;91bf625c79f04aeeb993f58ff30e43bb;97a69231f63141a7bb7f6780b16c17fe;ad4f63e79ee3447ca17d3036caa46702;cbbdeac775de461c865ab13391a906dd;de92aac60c8343dc8e495144fb1f50fb;e76233f053ef480991b58d327df48a9c
train_macro_f1,EOPKG-WI,0.605,0.011,7,best_epoch,65fb28926d0d45709ad89ec7cf9aef59;88e10c5c5b45467e935548e0decdf824;8b07202c23874e298ad9b3445b49872d;8d2a911a18bb4d61a536433690b744f0;a6f92d038fdd4015af0c2ca3d4d657de;d0cd559af6bc4bcd986fb11b0ed56877;d3b7c7404a1b432b8dd330d96271b528
train_macro_f1,EOPKG,0.790,0.004,7,best_epoch,43c4e96d97544cea9eae53251dac57de;5e56c5c7531d4675b4c740f509ff678f;5fcc89889b1d45c489329f5e3df9a5a2;a9ec65c003b14176b0d853a15471bbbb;b8f6130db97f4f28b27d4528497aa1f3;c9399e3109674246bfa4894487904d27;ebdfb988ea654392a4a4fc270f9e7c71
train_topology_conditioned_allowed_set_loss,GATv2,,,0,,
train_topology_conditioned_allowed_set_loss,GATv2+Mask,,,0,,
train_topology_conditioned_allowed_set_loss,LSTM,,,0,,
train_topology_conditioned_allowed_set_loss,EOPKG-WI,0.261,0.004,7,fallback_last_no_best_step,65fb28926d0d45709ad89ec7cf9aef59;88e10c5c5b45467e935548e0decdf824;8b07202c23874e298ad9b3445b49872d;8d2a911a18bb4d61a536433690b744f0;a6f92d038fdd4015af0c2ca3d4d657de;d0cd559af6bc4bcd986fb11b0ed56877;d3b7c7404a1b432b8dd330d96271b528
train_topology_conditioned_allowed_set_loss,EOPKG,0.002,0.001,7,fallback_last_no_best_step,43c4e96d97544cea9eae53251dac57de;5e56c5c7531d4675b4c740f509ff678f;5fcc89889b1d45c489329f5e3df9a5a2;a9ec65c003b14176b0d853a15471bbbb;b8f6130db97f4f28b27d4528497aa1f3;c9399e3109674246bfa4894487904d27;ebdfb988ea654392a4a4fc270f9e7c71
train_topology_conditioned_drop_edges_skipped_candidate_id_batches,GATv2,,,0,,
train_topology_conditioned_drop_edges_skipped_candidate_id_batches,GATv2+Mask,,,0,,
train_topology_conditioned_drop_edges_skipped_candidate_id_batches,LSTM,,,0,,
train_topology_conditioned_drop_edges_skipped_candidate_id_batches,EOPKG-WI,629.000,0.000,7,fallback_last_no_best_step,65fb28926d0d45709ad89ec7cf9aef59;88e10c5c5b45467e935548e0decdf824;8b07202c23874e298ad9b3445b49872d;8d2a911a18bb4d61a536433690b744f0;a6f92d038fdd4015af0c2ca3d4d657de;d0cd559af6bc4bcd986fb11b0ed56877;d3b7c7404a1b432b8dd330d96271b528
train_topology_conditioned_drop_edges_skipped_candidate_id_batches,EOPKG,629.000,0.000,7,fallback_last_no_best_step,43c4e96d97544cea9eae53251dac57de;5e56c5c7531d4675b4c740f509ff678f;5fcc89889b1d45c489329f5e3df9a5a2;a9ec65c003b14176b0d853a15471bbbb;b8f6130db97f4f28b27d4528497aa1f3;c9399e3109674246bfa4894487904d27;ebdfb988ea654392a4a4fc270f9e7c71
train_topology_conditioned_topology_flow_penalty_loss,GATv2,,,0,,
train_topology_conditioned_topology_flow_penalty_loss,GATv2+Mask,,,0,,
train_topology_conditioned_topology_flow_penalty_loss,LSTM,,,0,,
train_topology_conditioned_topology_flow_penalty_loss,EOPKG-WI,0.261,0.004,7,fallback_last_no_best_step,65fb28926d0d45709ad89ec7cf9aef59;88e10c5c5b45467e935548e0decdf824;8b07202c23874e298ad9b3445b49872d;8d2a911a18bb4d61a536433690b744f0;a6f92d038fdd4015af0c2ca3d4d657de;d0cd559af6bc4bcd986fb11b0ed56877;d3b7c7404a1b432b8dd330d96271b528
train_topology_conditioned_topology_flow_penalty_loss,EOPKG,0.002,0.001,7,fallback_last_no_best_step,43c4e96d97544cea9eae53251dac57de;5e56c5c7531d4675b4c740f509ff678f;5fcc89889b1d45c489329f5e3df9a5a2;a9ec65c003b14176b0d853a15471bbbb;b8f6130db97f4f28b27d4528497aa1f3;c9399e3109674246bfa4894487904d27;ebdfb988ea654392a4a4fc270f9e7c71
train_topology_conditioned_wrong_version_skipped_candidate_id_batches,GATv2,,,0,,
train_topology_conditioned_wrong_version_skipped_candidate_id_batches,GATv2+Mask,,,0,,
train_topology_conditioned_wrong_version_skipped_candidate_id_batches,LSTM,,,0,,
train_topology_conditioned_wrong_version_skipped_candidate_id_batches,EOPKG-WI,629.000,0.000,7,fallback_last_no_best_step,65fb28926d0d45709ad89ec7cf9aef59;88e10c5c5b45467e935548e0decdf824;8b07202c23874e298ad9b3445b49872d;8d2a911a18bb4d61a536433690b744f0;a6f92d038fdd4015af0c2ca3d4d657de;d0cd559af6bc4bcd986fb11b0ed56877;d3b7c7404a1b432b8dd330d96271b528
train_topology_conditioned_wrong_version_skipped_candidate_id_batches,EOPKG,629.000,0.000,7,fallback_last_no_best_step,43c4e96d97544cea9eae53251dac57de;5e56c5c7531d4675b4c740f509ff678f;5fcc89889b1d45c489329f5e3df9a5a2;a9ec65c003b14176b0d853a15471bbbb;b8f6130db97f4f28b27d4528497aa1f3;c9399e3109674246bfa4894487904d27;ebdfb988ea654392a4a4fc270f9e7c71
val_loss,GATv2,0.399,0.008,7,best_epoch,0827dcd6f1a34d1a8330115b73a5f288;19d9078ee52942b08295cf257ee764d0;43bb080720cd41c0919a926a04029b92;4de188c1615448e39860458609d7ba5b;52f73713e211451695967c00ca8a57d0;6ede1f8547d64f9ca43d7c45efbd429f;bbb9ea80d692474a87731fdf952ebe1b
val_loss,GATv2+Mask,0.341,0.002,7,best_epoch,477ddf290447423086388425acd95d46;48e638d369504463b16fb3f11d14da88;b69e5641721747a5bc0357cd3e450a67;de7d038476b74690a441bf00a9b6f2fc;efb7334ec4e74b2d9dcb5c2eeed6beb3;f22f95e6487c4d62ae00ec6a81ddfbb2;fd61176a11094a29bec34a4accb6a2e7
val_loss,LSTM,0.348,0.003,7,best_epoch,28783e1f90934a3c9261e69c322f731a;91bf625c79f04aeeb993f58ff30e43bb;97a69231f63141a7bb7f6780b16c17fe;ad4f63e79ee3447ca17d3036caa46702;cbbdeac775de461c865ab13391a906dd;de92aac60c8343dc8e495144fb1f50fb;e76233f053ef480991b58d327df48a9c
val_loss,EOPKG-WI,0.195,0.005,7,best_epoch,65fb28926d0d45709ad89ec7cf9aef59;88e10c5c5b45467e935548e0decdf824;8b07202c23874e298ad9b3445b49872d;8d2a911a18bb4d61a536433690b744f0;a6f92d038fdd4015af0c2ca3d4d657de;d0cd559af6bc4bcd986fb11b0ed56877;d3b7c7404a1b432b8dd330d96271b528
val_loss,EOPKG,0.138,0.000,7,best_epoch,43c4e96d97544cea9eae53251dac57de;5e56c5c7531d4675b4c740f509ff678f;5fcc89889b1d45c489329f5e3df9a5a2;a9ec65c003b14176b0d853a15471bbbb;b8f6130db97f4f28b27d4528497aa1f3;c9399e3109674246bfa4894487904d27;ebdfb988ea654392a4a4fc270f9e7c71
val_macro_f1,GATv2,0.735,0.011,7,best_epoch,0827dcd6f1a34d1a8330115b73a5f288;19d9078ee52942b08295cf257ee764d0;43bb080720cd41c0919a926a04029b92;4de188c1615448e39860458609d7ba5b;52f73713e211451695967c00ca8a57d0;6ede1f8547d64f9ca43d7c45efbd429f;bbb9ea80d692474a87731fdf952ebe1b
val_macro_f1,GATv2+Mask,0.749,0.012,7,best_epoch,477ddf290447423086388425acd95d46;48e638d369504463b16fb3f11d14da88;b69e5641721747a5bc0357cd3e450a67;de7d038476b74690a441bf00a9b6f2fc;efb7334ec4e74b2d9dcb5c2eeed6beb3;f22f95e6487c4d62ae00ec6a81ddfbb2;fd61176a11094a29bec34a4accb6a2e7
val_macro_f1,LSTM,0.752,0.008,7,best_epoch,28783e1f90934a3c9261e69c322f731a;91bf625c79f04aeeb993f58ff30e43bb;97a69231f63141a7bb7f6780b16c17fe;ad4f63e79ee3447ca17d3036caa46702;cbbdeac775de461c865ab13391a906dd;de92aac60c8343dc8e495144fb1f50fb;e76233f053ef480991b58d327df48a9c
val_macro_f1,EOPKG-WI,0.734,0.017,7,best_epoch,65fb28926d0d45709ad89ec7cf9aef59;88e10c5c5b45467e935548e0decdf824;8b07202c23874e298ad9b3445b49872d;8d2a911a18bb4d61a536433690b744f0;a6f92d038fdd4015af0c2ca3d4d657de;d0cd559af6bc4bcd986fb11b0ed56877;d3b7c7404a1b432b8dd330d96271b528
val_macro_f1,EOPKG,0.783,0.004,7,best_epoch,43c4e96d97544cea9eae53251dac57de;5e56c5c7531d4675b4c740f509ff678f;5fcc89889b1d45c489329f5e3df9a5a2;a9ec65c003b14176b0d853a15471bbbb;b8f6130db97f4f28b27d4528497aa1f3;c9399e3109674246bfa4894487904d27;ebdfb988ea654392a4a4fc270f9e7c71
val_weighted_f1,GATv2,0.882,0.017,7,best_epoch,0827dcd6f1a34d1a8330115b73a5f288;19d9078ee52942b08295cf257ee764d0;43bb080720cd41c0919a926a04029b92;4de188c1615448e39860458609d7ba5b;52f73713e211451695967c00ca8a57d0;6ede1f8547d64f9ca43d7c45efbd429f;bbb9ea80d692474a87731fdf952ebe1b
val_weighted_f1,GATv2+Mask,0.882,0.020,7,best_epoch,477ddf290447423086388425acd95d46;48e638d369504463b16fb3f11d14da88;b69e5641721747a5bc0357cd3e450a67;de7d038476b74690a441bf00a9b6f2fc;efb7334ec4e74b2d9dcb5c2eeed6beb3;f22f95e6487c4d62ae00ec6a81ddfbb2;fd61176a11094a29bec34a4accb6a2e7
val_weighted_f1,LSTM,0.893,0.013,7,best_epoch,28783e1f90934a3c9261e69c322f731a;91bf625c79f04aeeb993f58ff30e43bb;97a69231f63141a7bb7f6780b16c17fe;ad4f63e79ee3447ca17d3036caa46702;cbbdeac775de461c865ab13391a906dd;de92aac60c8343dc8e495144fb1f50fb;e76233f053ef480991b58d327df48a9c
val_weighted_f1,EOPKG-WI,0.893,0.007,7,best_epoch,65fb28926d0d45709ad89ec7cf9aef59;88e10c5c5b45467e935548e0decdf824;8b07202c23874e298ad9b3445b49872d;8d2a911a18bb4d61a536433690b744f0;a6f92d038fdd4015af0c2ca3d4d657de;d0cd559af6bc4bcd986fb11b0ed56877;d3b7c7404a1b432b8dd330d96271b528
val_weighted_f1,EOPKG,0.922,0.001,7,best_epoch,43c4e96d97544cea9eae53251dac57de;5e56c5c7531d4675b4c740f509ff678f;5fcc89889b1d45c489329f5e3df9a5a2;a9ec65c003b14176b0d853a15471bbbb;b8f6130db97f4f28b27d4528497aa1f3;c9399e3109674246bfa4894487904d27;ebdfb988ea654392a4a4fc270f9e7c71
validation_allowed_set_mass_leakage,GATv2,0.029,0.008,7,fallback_last_no_best_step,0827dcd6f1a34d1a8330115b73a5f288;19d9078ee52942b08295cf257ee764d0;43bb080720cd41c0919a926a04029b92;4de188c1615448e39860458609d7ba5b;52f73713e211451695967c00ca8a57d0;6ede1f8547d64f9ca43d7c45efbd429f;bbb9ea80d692474a87731fdf952ebe1b
validation_allowed_set_mass_leakage,GATv2+Mask,0.965,0.002,7,fallback_last_no_best_step,477ddf290447423086388425acd95d46;48e638d369504463b16fb3f11d14da88;b69e5641721747a5bc0357cd3e450a67;de7d038476b74690a441bf00a9b6f2fc;efb7334ec4e74b2d9dcb5c2eeed6beb3;f22f95e6487c4d62ae00ec6a81ddfbb2;fd61176a11094a29bec34a4accb6a2e7
validation_allowed_set_mass_leakage,LSTM,0.001,0.000,7,fallback_last_no_best_step,28783e1f90934a3c9261e69c322f731a;91bf625c79f04aeeb993f58ff30e43bb;97a69231f63141a7bb7f6780b16c17fe;ad4f63e79ee3447ca17d3036caa46702;cbbdeac775de461c865ab13391a906dd;de92aac60c8343dc8e495144fb1f50fb;e76233f053ef480991b58d327df48a9c
validation_allowed_set_mass_leakage,EOPKG-WI,,,0,,
validation_allowed_set_mass_leakage,EOPKG,,,0,,
validation_candidate_class_score_mean_abs,GATv2,,,0,,
validation_candidate_class_score_mean_abs,GATv2+Mask,,,0,,
validation_candidate_class_score_mean_abs,LSTM,,,0,,
validation_candidate_class_score_mean_abs,EOPKG-WI,91124.849,0.026,7,fallback_last_no_best_step,65fb28926d0d45709ad89ec7cf9aef59;88e10c5c5b45467e935548e0decdf824;8b07202c23874e298ad9b3445b49872d;8d2a911a18bb4d61a536433690b744f0;a6f92d038fdd4015af0c2ca3d4d657de;d0cd559af6bc4bcd986fb11b0ed56877;d3b7c7404a1b432b8dd330d96271b528
validation_candidate_class_score_mean_abs,EOPKG,91130.385,0.265,7,fallback_last_no_best_step,43c4e96d97544cea9eae53251dac57de;5e56c5c7531d4675b4c740f509ff678f;5fcc89889b1d45c489329f5e3df9a5a2;a9ec65c003b14176b0d853a15471bbbb;b8f6130db97f4f28b27d4528497aa1f3;c9399e3109674246bfa4894487904d27;ebdfb988ea654392a4a4fc270f9e7c71
validation_candidate_dynamic_count,GATv2,,,0,,
validation_candidate_dynamic_count,GATv2+Mask,,,0,,
validation_candidate_dynamic_count,LSTM,,,0,,
validation_candidate_dynamic_count,EOPKG-WI,40.899,0.000,7,fallback_last_no_best_step,65fb28926d0d45709ad89ec7cf9aef59;88e10c5c5b45467e935548e0decdf824;8b07202c23874e298ad9b3445b49872d;8d2a911a18bb4d61a536433690b744f0;a6f92d038fdd4015af0c2ca3d4d657de;d0cd559af6bc4bcd986fb11b0ed56877;d3b7c7404a1b432b8dd330d96271b528
validation_candidate_dynamic_count,EOPKG,40.899,0.000,7,fallback_last_no_best_step,43c4e96d97544cea9eae53251dac57de;5e56c5c7531d4675b4c740f509ff678f;5fcc89889b1d45c489329f5e3df9a5a2;a9ec65c003b14176b0d853a15471bbbb;b8f6130db97f4f28b27d4528497aa1f3;c9399e3109674246bfa4894487904d27;ebdfb988ea654392a4a4fc270f9e7c71
validation_candidate_invalid_probability_mass,GATv2,,,0,,
validation_candidate_invalid_probability_mass,GATv2+Mask,,,0,,
validation_candidate_invalid_probability_mass,LSTM,,,0,,
validation_candidate_invalid_probability_mass,EOPKG-WI,0.033,0.004,7,fallback_last_no_best_step,65fb28926d0d45709ad89ec7cf9aef59;88e10c5c5b45467e935548e0decdf824;8b07202c23874e298ad9b3445b49872d;8d2a911a18bb4d61a536433690b744f0;a6f92d038fdd4015af0c2ca3d4d657de;d0cd559af6bc4bcd986fb11b0ed56877;d3b7c7404a1b432b8dd330d96271b528
validation_candidate_invalid_probability_mass,EOPKG,0.000,0.000,7,fallback_last_no_best_step,43c4e96d97544cea9eae53251dac57de;5e56c5c7531d4675b4c740f509ff678f;5fcc89889b1d45c489329f5e3df9a5a2;a9ec65c003b14176b0d853a15471bbbb;b8f6130db97f4f28b27d4528497aa1f3;c9399e3109674246bfa4894487904d27;ebdfb988ea654392a4a4fc270f9e7c71
validation_candidate_missing_target_rate,GATv2,,,0,,
validation_candidate_missing_target_rate,GATv2+Mask,,,0,,
validation_candidate_missing_target_rate,LSTM,,,0,,
validation_candidate_missing_target_rate,EOPKG-WI,0.000,0.000,7,fallback_last_no_best_step,65fb28926d0d45709ad89ec7cf9aef59;88e10c5c5b45467e935548e0decdf824;8b07202c23874e298ad9b3445b49872d;8d2a911a18bb4d61a536433690b744f0;a6f92d038fdd4015af0c2ca3d4d657de;d0cd559af6bc4bcd986fb11b0ed56877;d3b7c7404a1b432b8dd330d96271b528
validation_candidate_missing_target_rate,EOPKG,0.000,0.000,7,fallback_last_no_best_step,43c4e96d97544cea9eae53251dac57de;5e56c5c7531d4675b4c740f509ff678f;5fcc89889b1d45c489329f5e3df9a5a2;a9ec65c003b14176b0d853a15471bbbb;b8f6130db97f4f28b27d4528497aa1f3;c9399e3109674246bfa4894487904d27;ebdfb988ea654392a4a4fc270f9e7c71
validation_candidate_node_score_mean_abs,GATv2,,,0,,
validation_candidate_node_score_mean_abs,GATv2+Mask,,,0,,
validation_candidate_node_score_mean_abs,LSTM,,,0,,
validation_candidate_node_score_mean_abs,EOPKG-WI,1.456,0.030,7,fallback_last_no_best_step,65fb28926d0d45709ad89ec7cf9aef59;88e10c5c5b45467e935548e0decdf824;8b07202c23874e298ad9b3445b49872d;8d2a911a18bb4d61a536433690b744f0;a6f92d038fdd4015af0c2ca3d4d657de;d0cd559af6bc4bcd986fb11b0ed56877;d3b7c7404a1b432b8dd330d96271b528
validation_candidate_node_score_mean_abs,EOPKG,7.541,0.290,7,fallback_last_no_best_step,43c4e96d97544cea9eae53251dac57de;5e56c5c7531d4675b4c740f509ff678f;5fcc89889b1d45c489329f5e3df9a5a2;a9ec65c003b14176b0d853a15471bbbb;b8f6130db97f4f28b27d4528497aa1f3;c9399e3109674246bfa4894487904d27;ebdfb988ea654392a4a4fc270f9e7c71
validation_candidate_oos_rate,GATv2,,,0,,
validation_candidate_oos_rate,GATv2+Mask,,,0,,
validation_candidate_oos_rate,LSTM,,,0,,
validation_candidate_oos_rate,EOPKG-WI,0.008,0.011,7,fallback_last_no_best_step,65fb28926d0d45709ad89ec7cf9aef59;88e10c5c5b45467e935548e0decdf824;8b07202c23874e298ad9b3445b49872d;8d2a911a18bb4d61a536433690b744f0;a6f92d038fdd4015af0c2ca3d4d657de;d0cd559af6bc4bcd986fb11b0ed56877;d3b7c7404a1b432b8dd330d96271b528
validation_candidate_oos_rate,EOPKG,0.000,0.000,7,fallback_last_no_best_step,43c4e96d97544cea9eae53251dac57de;5e56c5c7531d4675b4c740f509ff678f;5fcc89889b1d45c489329f5e3df9a5a2;a9ec65c003b14176b0d853a15471bbbb;b8f6130db97f4f28b27d4528497aa1f3;c9399e3109674246bfa4894487904d27;ebdfb988ea654392a4a4fc270f9e7c71
validation_candidate_pred_score,GATv2,,,0,,
validation_candidate_pred_score,GATv2+Mask,,,0,,
validation_candidate_pred_score,LSTM,,,0,,
validation_candidate_pred_score,EOPKG-WI,8.597,0.076,7,fallback_last_no_best_step,65fb28926d0d45709ad89ec7cf9aef59;88e10c5c5b45467e935548e0decdf824;8b07202c23874e298ad9b3445b49872d;8d2a911a18bb4d61a536433690b744f0;a6f92d038fdd4015af0c2ca3d4d657de;d0cd559af6bc4bcd986fb11b0ed56877;d3b7c7404a1b432b8dd330d96271b528
validation_candidate_pred_score,EOPKG,7.221,0.158,7,fallback_last_no_best_step,43c4e96d97544cea9eae53251dac57de;5e56c5c7531d4675b4c740f509ff678f;5fcc89889b1d45c489329f5e3df9a5a2;a9ec65c003b14176b0d853a15471bbbb;b8f6130db97f4f28b27d4528497aa1f3;c9399e3109674246bfa4894487904d27;ebdfb988ea654392a4a4fc270f9e7c71
validation_candidate_prediction_entropy,GATv2,,,0,,
validation_candidate_prediction_entropy,GATv2+Mask,,,0,,
validation_candidate_prediction_entropy,LSTM,,,0,,
validation_candidate_prediction_entropy,EOPKG-WI,0.234,0.008,7,fallback_last_no_best_step,65fb28926d0d45709ad89ec7cf9aef59;88e10c5c5b45467e935548e0decdf824;8b07202c23874e298ad9b3445b49872d;8d2a911a18bb4d61a536433690b744f0;a6f92d038fdd4015af0c2ca3d4d657de;d0cd559af6bc4bcd986fb11b0ed56877;d3b7c7404a1b432b8dd330d96271b528
validation_candidate_prediction_entropy,EOPKG,0.125,0.005,7,fallback_last_no_best_step,43c4e96d97544cea9eae53251dac57de;5e56c5c7531d4675b4c740f509ff678f;5fcc89889b1d45c489329f5e3df9a5a2;a9ec65c003b14176b0d853a15471bbbb;b8f6130db97f4f28b27d4528497aa1f3;c9399e3109674246bfa4894487904d27;ebdfb988ea654392a4a4fc270f9e7c71
validation_candidate_score_gap,GATv2,,,0,,
validation_candidate_score_gap,GATv2+Mask,,,0,,
validation_candidate_score_gap,LSTM,,,0,,
validation_candidate_score_gap,EOPKG-WI,0.067,0.003,7,fallback_last_no_best_step,65fb28926d0d45709ad89ec7cf9aef59;88e10c5c5b45467e935548e0decdf824;8b07202c23874e298ad9b3445b49872d;8d2a911a18bb4d61a536433690b744f0;a6f92d038fdd4015af0c2ca3d4d657de;d0cd559af6bc4bcd986fb11b0ed56877;d3b7c7404a1b432b8dd330d96271b528
validation_candidate_score_gap,EOPKG,0.063,0.004,7,fallback_last_no_best_step,43c4e96d97544cea9eae53251dac57de;5e56c5c7531d4675b4c740f509ff678f;5fcc89889b1d45c489329f5e3df9a5a2;a9ec65c003b14176b0d853a15471bbbb;b8f6130db97f4f28b27d4528497aa1f3;c9399e3109674246bfa4894487904d27;ebdfb988ea654392a4a4fc270f9e7c71
validation_candidate_seen_score_mean,GATv2,,,0,,
validation_candidate_seen_score_mean,GATv2+Mask,,,0,,
validation_candidate_seen_score_mean,LSTM,,,0,,
validation_candidate_seen_score_mean,EOPKG-WI,-0.467,0.064,7,fallback_last_no_best_step,65fb28926d0d45709ad89ec7cf9aef59;88e10c5c5b45467e935548e0decdf824;8b07202c23874e298ad9b3445b49872d;8d2a911a18bb4d61a536433690b744f0;a6f92d038fdd4015af0c2ca3d4d657de;d0cd559af6bc4bcd986fb11b0ed56877;d3b7c7404a1b432b8dd330d96271b528
validation_candidate_seen_score_mean,EOPKG,-7.127,0.297,7,fallback_last_no_best_step,43c4e96d97544cea9eae53251dac57de;5e56c5c7531d4675b4c740f509ff678f;5fcc89889b1d45c489329f5e3df9a5a2;a9ec65c003b14176b0d853a15471bbbb;b8f6130db97f4f28b27d4528497aa1f3;c9399e3109674246bfa4894487904d27;ebdfb988ea654392a4a4fc270f9e7c71
validation_candidate_seen_unseen_score_gap,GATv2,,,0,,
validation_candidate_seen_unseen_score_gap,GATv2+Mask,,,0,,
validation_candidate_seen_unseen_score_gap,LSTM,,,0,,
validation_candidate_seen_unseen_score_gap,EOPKG-WI,0.000,0.000,7,fallback_last_no_best_step,65fb28926d0d45709ad89ec7cf9aef59;88e10c5c5b45467e935548e0decdf824;8b07202c23874e298ad9b3445b49872d;8d2a911a18bb4d61a536433690b744f0;a6f92d038fdd4015af0c2ca3d4d657de;d0cd559af6bc4bcd986fb11b0ed56877;d3b7c7404a1b432b8dd330d96271b528
validation_candidate_seen_unseen_score_gap,EOPKG,0.000,0.000,7,fallback_last_no_best_step,43c4e96d97544cea9eae53251dac57de;5e56c5c7531d4675b4c740f509ff678f;5fcc89889b1d45c489329f5e3df9a5a2;a9ec65c003b14176b0d853a15471bbbb;b8f6130db97f4f28b27d4528497aa1f3;c9399e3109674246bfa4894487904d27;ebdfb988ea654392a4a4fc270f9e7c71
validation_candidate_target_duplicate_count_max,GATv2,,,0,,
validation_candidate_target_duplicate_count_max,GATv2+Mask,,,0,,
validation_candidate_target_duplicate_count_max,LSTM,,,0,,
validation_candidate_target_duplicate_count_max,EOPKG-WI,1.000,0.000,7,fallback_last_no_best_step,65fb28926d0d45709ad89ec7cf9aef59;88e10c5c5b45467e935548e0decdf824;8b07202c23874e298ad9b3445b49872d;8d2a911a18bb4d61a536433690b744f0;a6f92d038fdd4015af0c2ca3d4d657de;d0cd559af6bc4bcd986fb11b0ed56877;d3b7c7404a1b432b8dd330d96271b528
validation_candidate_target_duplicate_count_max,EOPKG,1.000,0.000,7,fallback_last_no_best_step,43c4e96d97544cea9eae53251dac57de;5e56c5c7531d4675b4c740f509ff678f;5fcc89889b1d45c489329f5e3df9a5a2;a9ec65c003b14176b0d853a15471bbbb;b8f6130db97f4f28b27d4528497aa1f3;c9399e3109674246bfa4894487904d27;ebdfb988ea654392a4a4fc270f9e7c71
validation_candidate_target_in_candidate_set_rate,GATv2,,,0,,
validation_candidate_target_in_candidate_set_rate,GATv2+Mask,,,0,,
validation_candidate_target_in_candidate_set_rate,LSTM,,,0,,
validation_candidate_target_in_candidate_set_rate,EOPKG-WI,1.000,0.000,7,fallback_last_no_best_step,65fb28926d0d45709ad89ec7cf9aef59;88e10c5c5b45467e935548e0decdf824;8b07202c23874e298ad9b3445b49872d;8d2a911a18bb4d61a536433690b744f0;a6f92d038fdd4015af0c2ca3d4d657de;d0cd559af6bc4bcd986fb11b0ed56877;d3b7c7404a1b432b8dd330d96271b528
validation_candidate_target_in_candidate_set_rate,EOPKG,1.000,0.000,7,fallback_last_no_best_step,43c4e96d97544cea9eae53251dac57de;5e56c5c7531d4675b4c740f509ff678f;5fcc89889b1d45c489329f5e3df9a5a2;a9ec65c003b14176b0d853a15471bbbb;b8f6130db97f4f28b27d4528497aa1f3;c9399e3109674246bfa4894487904d27;ebdfb988ea654392a4a4fc270f9e7c71
validation_candidate_target_score,GATv2,,,0,,
validation_candidate_target_score,GATv2+Mask,,,0,,
validation_candidate_target_score,LSTM,,,0,,
validation_candidate_target_score,EOPKG-WI,8.530,0.076,7,fallback_last_no_best_step,65fb28926d0d45709ad89ec7cf9aef59;88e10c5c5b45467e935548e0decdf824;8b07202c23874e298ad9b3445b49872d;8d2a911a18bb4d61a536433690b744f0;a6f92d038fdd4015af0c2ca3d4d657de;d0cd559af6bc4bcd986fb11b0ed56877;d3b7c7404a1b432b8dd330d96271b528
validation_candidate_target_score,EOPKG,7.158,0.159,7,fallback_last_no_best_step,43c4e96d97544cea9eae53251dac57de;5e56c5c7531d4675b4c740f509ff678f;5fcc89889b1d45c489329f5e3df9a5a2;a9ec65c003b14176b0d853a15471bbbb;b8f6130db97f4f28b27d4528497aa1f3;c9399e3109674246bfa4894487904d27;ebdfb988ea654392a4a4fc270f9e7c71
validation_candidate_target_set_entropy_mean,GATv2,,,0,,
validation_candidate_target_set_entropy_mean,GATv2+Mask,,,0,,
validation_candidate_target_set_entropy_mean,LSTM,,,0,,
validation_candidate_target_set_entropy_mean,EOPKG-WI,0.000,0.000,7,fallback_last_no_best_step,65fb28926d0d45709ad89ec7cf9aef59;88e10c5c5b45467e935548e0decdf824;8b07202c23874e298ad9b3445b49872d;8d2a911a18bb4d61a536433690b744f0;a6f92d038fdd4015af0c2ca3d4d657de;d0cd559af6bc4bcd986fb11b0ed56877;d3b7c7404a1b432b8dd330d96271b528
validation_candidate_target_set_entropy_mean,EOPKG,0.000,0.000,7,fallback_last_no_best_step,43c4e96d97544cea9eae53251dac57de;5e56c5c7531d4675b4c740f509ff678f;5fcc89889b1d45c489329f5e3df9a5a2;a9ec65c003b14176b0d853a15471bbbb;b8f6130db97f4f28b27d4528497aa1f3;c9399e3109674246bfa4894487904d27;ebdfb988ea654392a4a4fc270f9e7c71
validation_candidate_target_set_logit_variance_mean,GATv2,,,0,,
validation_candidate_target_set_logit_variance_mean,GATv2+Mask,,,0,,
validation_candidate_target_set_logit_variance_mean,LSTM,,,0,,
validation_candidate_target_set_logit_variance_mean,EOPKG-WI,0.000,0.000,7,fallback_last_no_best_step,65fb28926d0d45709ad89ec7cf9aef59;88e10c5c5b45467e935548e0decdf824;8b07202c23874e298ad9b3445b49872d;8d2a911a18bb4d61a536433690b744f0;a6f92d038fdd4015af0c2ca3d4d657de;d0cd559af6bc4bcd986fb11b0ed56877;d3b7c7404a1b432b8dd330d96271b528
validation_candidate_target_set_logit_variance_mean,EOPKG,0.000,0.000,7,fallback_last_no_best_step,43c4e96d97544cea9eae53251dac57de;5e56c5c7531d4675b4c740f509ff678f;5fcc89889b1d45c489329f5e3df9a5a2;a9ec65c003b14176b0d853a15471bbbb;b8f6130db97f4f28b27d4528497aa1f3;c9399e3109674246bfa4894487904d27;ebdfb988ea654392a4a4fc270f9e7c71
validation_candidate_temperature,GATv2,,,0,,
validation_candidate_temperature,GATv2+Mask,,,0,,
validation_candidate_temperature,LSTM,,,0,,
validation_candidate_temperature,EOPKG-WI,0.100,0.000,7,fallback_last_no_best_step,65fb28926d0d45709ad89ec7cf9aef59;88e10c5c5b45467e935548e0decdf824;8b07202c23874e298ad9b3445b49872d;8d2a911a18bb4d61a536433690b744f0;a6f92d038fdd4015af0c2ca3d4d657de;d0cd559af6bc4bcd986fb11b0ed56877;d3b7c7404a1b432b8dd330d96271b528
validation_candidate_temperature,EOPKG,0.100,0.000,7,fallback_last_no_best_step,43c4e96d97544cea9eae53251dac57de;5e56c5c7531d4675b4c740f509ff678f;5fcc89889b1d45c489329f5e3df9a5a2;a9ec65c003b14176b0d853a15471bbbb;b8f6130db97f4f28b27d4528497aa1f3;c9399e3109674246bfa4894487904d27;ebdfb988ea654392a4a4fc270f9e7c71
validation_candidate_unseen_candidate_rate,GATv2,,,0,,
validation_candidate_unseen_candidate_rate,GATv2+Mask,,,0,,
validation_candidate_unseen_candidate_rate,LSTM,,,0,,
validation_candidate_unseen_candidate_rate,EOPKG-WI,0.000,0.000,7,fallback_last_no_best_step,65fb28926d0d45709ad89ec7cf9aef59;88e10c5c5b45467e935548e0decdf824;8b07202c23874e298ad9b3445b49872d;8d2a911a18bb4d61a536433690b744f0;a6f92d038fdd4015af0c2ca3d4d657de;d0cd559af6bc4bcd986fb11b0ed56877;d3b7c7404a1b432b8dd330d96271b528
validation_candidate_unseen_candidate_rate,EOPKG,0.000,0.000,7,fallback_last_no_best_step,43c4e96d97544cea9eae53251dac57de;5e56c5c7531d4675b4c740f509ff678f;5fcc89889b1d45c489329f5e3df9a5a2;a9ec65c003b14176b0d853a15471bbbb;b8f6130db97f4f28b27d4528497aa1f3;c9399e3109674246bfa4894487904d27;ebdfb988ea654392a4a4fc270f9e7c71
validation_candidate_unseen_score_mean,GATv2,,,0,,
validation_candidate_unseen_score_mean,GATv2+Mask,,,0,,
validation_candidate_unseen_score_mean,LSTM,,,0,,
validation_candidate_unseen_score_mean,EOPKG-WI,0.000,0.000,7,fallback_last_no_best_step,65fb28926d0d45709ad89ec7cf9aef59;88e10c5c5b45467e935548e0decdf824;8b07202c23874e298ad9b3445b49872d;8d2a911a18bb4d61a536433690b744f0;a6f92d038fdd4015af0c2ca3d4d657de;d0cd559af6bc4bcd986fb11b0ed56877;d3b7c7404a1b432b8dd330d96271b528
validation_candidate_unseen_score_mean,EOPKG,0.000,0.000,7,fallback_last_no_best_step,43c4e96d97544cea9eae53251dac57de;5e56c5c7531d4675b4c740f509ff678f;5fcc89889b1d45c489329f5e3df9a5a2;a9ec65c003b14176b0d853a15471bbbb;b8f6130db97f4f28b27d4528497aa1f3;c9399e3109674246bfa4894487904d27;ebdfb988ea654392a4a4fc270f9e7c71
validation_candidate_unseen_target_rate,GATv2,,,0,,
validation_candidate_unseen_target_rate,GATv2+Mask,,,0,,
validation_candidate_unseen_target_rate,LSTM,,,0,,
validation_candidate_unseen_target_rate,EOPKG-WI,0.000,0.000,7,fallback_last_no_best_step,65fb28926d0d45709ad89ec7cf9aef59;88e10c5c5b45467e935548e0decdf824;8b07202c23874e298ad9b3445b49872d;8d2a911a18bb4d61a536433690b744f0;a6f92d038fdd4015af0c2ca3d4d657de;d0cd559af6bc4bcd986fb11b0ed56877;d3b7c7404a1b432b8dd330d96271b528
validation_candidate_unseen_target_rate,EOPKG,0.000,0.000,7,fallback_last_no_best_step,43c4e96d97544cea9eae53251dac57de;5e56c5c7531d4675b4c740f509ff678f;5fcc89889b1d45c489329f5e3df9a5a2;a9ec65c003b14176b0d853a15471bbbb;b8f6130db97f4f28b27d4528497aa1f3;c9399e3109674246bfa4894487904d27;ebdfb988ea654392a4a4fc270f9e7c71
validation_candidate_valid_invalid_logit_margin,GATv2,,,0,,
validation_candidate_valid_invalid_logit_margin,GATv2+Mask,,,0,,
validation_candidate_valid_invalid_logit_margin,LSTM,,,0,,
validation_candidate_valid_invalid_logit_margin,EOPKG-WI,5.814,0.103,7,fallback_last_no_best_step,65fb28926d0d45709ad89ec7cf9aef59;88e10c5c5b45467e935548e0decdf824;8b07202c23874e298ad9b3445b49872d;8d2a911a18bb4d61a536433690b744f0;a6f92d038fdd4015af0c2ca3d4d657de;d0cd559af6bc4bcd986fb11b0ed56877;d3b7c7404a1b432b8dd330d96271b528
validation_candidate_valid_invalid_logit_margin,EOPKG,13.645,0.474,7,fallback_last_no_best_step,43c4e96d97544cea9eae53251dac57de;5e56c5c7531d4675b4c740f509ff678f;5fcc89889b1d45c489329f5e3df9a5a2;a9ec65c003b14176b0d853a15471bbbb;b8f6130db97f4f28b27d4528497aa1f3;c9399e3109674246bfa4894487904d27;ebdfb988ea654392a4a4fc270f9e7c71
validation_candidate_valid_probability_mass,GATv2,,,0,,
validation_candidate_valid_probability_mass,GATv2+Mask,,,0,,
validation_candidate_valid_probability_mass,LSTM,,,0,,
validation_candidate_valid_probability_mass,EOPKG-WI,0.967,0.004,7,fallback_last_no_best_step,65fb28926d0d45709ad89ec7cf9aef59;88e10c5c5b45467e935548e0decdf824;8b07202c23874e298ad9b3445b49872d;8d2a911a18bb4d61a536433690b744f0;a6f92d038fdd4015af0c2ca3d4d657de;d0cd559af6bc4bcd986fb11b0ed56877;d3b7c7404a1b432b8dd330d96271b528
validation_candidate_valid_probability_mass,EOPKG,1.000,0.000,7,fallback_last_no_best_step,43c4e96d97544cea9eae53251dac57de;5e56c5c7531d4675b4c740f509ff678f;5fcc89889b1d45c489329f5e3df9a5a2;a9ec65c003b14176b0d853a15471bbbb;b8f6130db97f4f28b27d4528497aa1f3;c9399e3109674246bfa4894487904d27;ebdfb988ea654392a4a4fc270f9e7c71
validation_duplicate_candidate_count_max,GATv2,,,0,,
validation_duplicate_candidate_count_max,GATv2+Mask,,,0,,
validation_duplicate_candidate_count_max,LSTM,,,0,,
validation_duplicate_candidate_count_max,EOPKG-WI,1.000,0.000,7,fallback_last_no_best_step,65fb28926d0d45709ad89ec7cf9aef59;88e10c5c5b45467e935548e0decdf824;8b07202c23874e298ad9b3445b49872d;8d2a911a18bb4d61a536433690b744f0;a6f92d038fdd4015af0c2ca3d4d657de;d0cd559af6bc4bcd986fb11b0ed56877;d3b7c7404a1b432b8dd330d96271b528
validation_duplicate_candidate_count_max,EOPKG,1.000,0.000,7,fallback_last_no_best_step,43c4e96d97544cea9eae53251dac57de;5e56c5c7531d4675b4c740f509ff678f;5fcc89889b1d45c489329f5e3df9a5a2;a9ec65c003b14176b0d853a15471bbbb;b8f6130db97f4f28b27d4528497aa1f3;c9399e3109674246bfa4894487904d27;ebdfb988ea654392a4a4fc270f9e7c71
validation_impulse_activation_max_abs,GATv2,,,0,,
validation_impulse_activation_max_abs,GATv2+Mask,,,0,,
validation_impulse_activation_max_abs,LSTM,,,0,,
validation_impulse_activation_max_abs,EOPKG-WI,0.000,0.000,7,fallback_last_no_best_step,65fb28926d0d45709ad89ec7cf9aef59;88e10c5c5b45467e935548e0decdf824;8b07202c23874e298ad9b3445b49872d;8d2a911a18bb4d61a536433690b744f0;a6f92d038fdd4015af0c2ca3d4d657de;d0cd559af6bc4bcd986fb11b0ed56877;d3b7c7404a1b432b8dd330d96271b528
validation_impulse_activation_max_abs,EOPKG,6.584,0.912,7,fallback_last_no_best_step,43c4e96d97544cea9eae53251dac57de;5e56c5c7531d4675b4c740f509ff678f;5fcc89889b1d45c489329f5e3df9a5a2;a9ec65c003b14176b0d853a15471bbbb;b8f6130db97f4f28b27d4528497aa1f3;c9399e3109674246bfa4894487904d27;ebdfb988ea654392a4a4fc270f9e7c71
validation_impulse_activation_mean_abs,GATv2,,,0,,
validation_impulse_activation_mean_abs,GATv2+Mask,,,0,,
validation_impulse_activation_mean_abs,LSTM,,,0,,
validation_impulse_activation_mean_abs,EOPKG-WI,0.000,0.000,7,fallback_last_no_best_step,65fb28926d0d45709ad89ec7cf9aef59;88e10c5c5b45467e935548e0decdf824;8b07202c23874e298ad9b3445b49872d;8d2a911a18bb4d61a536433690b744f0;a6f92d038fdd4015af0c2ca3d4d657de;d0cd559af6bc4bcd986fb11b0ed56877;d3b7c7404a1b432b8dd330d96271b528
validation_impulse_activation_mean_abs,EOPKG,1.127,0.033,7,fallback_last_no_best_step,43c4e96d97544cea9eae53251dac57de;5e56c5c7531d4675b4c740f509ff678f;5fcc89889b1d45c489329f5e3df9a5a2;a9ec65c003b14176b0d853a15471bbbb;b8f6130db97f4f28b27d4528497aa1f3;c9399e3109674246bfa4894487904d27;ebdfb988ea654392a4a4fc270f9e7c71
validation_impulse_gnn_oversmoothing_ratio,GATv2,,,0,,
validation_impulse_gnn_oversmoothing_ratio,GATv2+Mask,,,0,,
validation_impulse_gnn_oversmoothing_ratio,LSTM,,,0,,
validation_impulse_gnn_oversmoothing_ratio,EOPKG-WI,0.000,0.000,7,fallback_last_no_best_step,65fb28926d0d45709ad89ec7cf9aef59;88e10c5c5b45467e935548e0decdf824;8b07202c23874e298ad9b3445b49872d;8d2a911a18bb4d61a536433690b744f0;a6f92d038fdd4015af0c2ca3d4d657de;d0cd559af6bc4bcd986fb11b0ed56877;d3b7c7404a1b432b8dd330d96271b528
validation_impulse_gnn_oversmoothing_ratio,EOPKG,0.887,0.023,7,fallback_last_no_best_step,43c4e96d97544cea9eae53251dac57de;5e56c5c7531d4675b4c740f509ff678f;5fcc89889b1d45c489329f5e3df9a5a2;a9ec65c003b14176b0d853a15471bbbb;b8f6130db97f4f28b27d4528497aa1f3;c9399e3109674246bfa4894487904d27;ebdfb988ea654392a4a4fc270f9e7c71
validation_impulse_to_base_node_ratio,GATv2,,,0,,
validation_impulse_to_base_node_ratio,GATv2+Mask,,,0,,
validation_impulse_to_base_node_ratio,LSTM,,,0,,
validation_impulse_to_base_node_ratio,EOPKG-WI,0.000,0.000,7,fallback_last_no_best_step,65fb28926d0d45709ad89ec7cf9aef59;88e10c5c5b45467e935548e0decdf824;8b07202c23874e298ad9b3445b49872d;8d2a911a18bb4d61a536433690b744f0;a6f92d038fdd4015af0c2ca3d4d657de;d0cd559af6bc4bcd986fb11b0ed56877;d3b7c7404a1b432b8dd330d96271b528
validation_impulse_to_base_node_ratio,EOPKG,1.679,0.031,7,fallback_last_no_best_step,43c4e96d97544cea9eae53251dac57de;5e56c5c7531d4675b4c740f509ff678f;5fcc89889b1d45c489329f5e3df9a5a2;a9ec65c003b14176b0d853a15471bbbb;b8f6130db97f4f28b27d4528497aa1f3;c9399e3109674246bfa4894487904d27;ebdfb988ea654392a4a4fc270f9e7c71
