run_set,paper_model,model_type,run_id,experiment_id,run_name,preset_name,seed,metric,step,timestamp,value
learn,EOPKG,EOPKGTopologyConditioned,43c4e96d97544cea9eae53251dac57de,854778689611649472,_EOPKG_TC-UN-f1-5-penalty3l-32_loan_v1_v5_simulated_GATv2,_EOPKG_TC-UN-f1-5-penalty3l,32,train_candidate_prediction_entropy,0,1781418801056,0.6581061647787382
learn,EOPKG,EOPKGTopologyConditioned,43c4e96d97544cea9eae53251dac57de,854778689611649472,_EOPKG_TC-UN-f1-5-penalty3l-32_loan_v1_v5_simulated_GATv2,_EOPKG_TC-UN-f1-5-penalty3l,32,train_candidate_prediction_entropy,0,1781418801056,0.6581061647787382
learn,EOPKG,EOPKGTopologyConditioned,43c4e96d97544cea9eae53251dac57de,854778689611649472,_EOPKG_TC-UN-f1-5-penalty3l-32_loan_v1_v5_simulated_GATv2,_EOPKG_TC-UN-f1-5-penalty3l,32,train_candidate_prediction_entropy,0,1781419068825,0.2640312851801965
learn,EOPKG,EOPKGTopologyConditioned,43c4e96d97544cea9eae53251dac57de,854778689611649472,_EOPKG_TC-UN-f1-5-penalty3l-32_loan_v1_v5_simulated_GATv2,_EOPKG_TC-UN-f1-5-penalty3l,32,train_candidate_prediction_entropy,0,1781419068825,0.2640312851801965
learn,EOPKG,EOPKGTopologyConditioned,43c4e96d97544cea9eae53251dac57de,854778689611649472,_EOPKG_TC-UN-f1-5-penalty3l-32_loan_v1_v5_simulated_GATv2,_EOPKG_TC-UN-f1-5-penalty3l,32,train_candidate_prediction_entropy,0,1781419326553,0.23235895059446082
learn,EOPKG,EOPKGTopologyConditioned,43c4e96d97544cea9eae53251dac57de,854778689611649472,_EOPKG_TC-UN-f1-5-penalty3l-32_loan_v1_v5_simulated_GATv2,_EOPKG_TC-UN-f1-5-penalty3l,32,train_candidate_prediction_entropy,0,1781419326553,0.23235895059446082
learn,EOPKG,EOPKGTopologyConditioned,43c4e96d97544cea9eae53251dac57de,854778689611649472,_EOPKG_TC-UN-f1-5-penalty3l-32_loan_v1_v5_simulated_GATv2,_EOPKG_TC-UN-f1-5-penalty3l,32,train_candidate_prediction_entropy,0,1781419616119,0.21579560783169038
learn,EOPKG,EOPKGTopologyConditioned,43c4e96d97544cea9eae53251dac57de,854778689611649472,_EOPKG_TC-UN-f1-5-penalty3l-32_loan_v1_v5_simulated_GATv2,_EOPKG_TC-UN-f1-5-penalty3l,32,train_candidate_prediction_entropy,0,1781419616119,0.21579560783169038
learn,EOPKG,EOPKGTopologyConditioned,43c4e96d97544cea9eae53251dac57de,854778689611649472,_EOPKG_TC-UN-f1-5-penalty3l-32_loan_v1_v5_simulated_GATv2,_EOPKG_TC-UN-f1-5-penalty3l,32,train_candidate_prediction_entropy,0,1781419898167,0.2025542742971017
learn,EOPKG,EOPKGTopologyConditioned,43c4e96d97544cea9eae53251dac57de,854778689611649472,_EOPKG_TC-UN-f1-5-penalty3l-32_loan_v1_v5_simulated_GATv2,_EOPKG_TC-UN-f1-5-penalty3l,32,train_candidate_prediction_entropy,0,1781419898167,0.2025542742971017
learn,EOPKG,EOPKGTopologyConditioned,43c4e96d97544cea9eae53251dac57de,854778689611649472,_EOPKG_TC-UN-f1-5-penalty3l-32_loan_v1_v5_simulated_GATv2,_EOPKG_TC-UN-f1-5-penalty3l,32,train_candidate_prediction_entropy,0,1781420161508,0.19695111734878468
learn,EOPKG,EOPKGTopologyConditioned,43c4e96d97544cea9eae53251dac57de,854778689611649472,_EOPKG_TC-UN-f1-5-penalty3l-32_loan_v1_v5_simulated_GATv2,_EOPKG_TC-UN-f1-5-penalty3l,32,train_candidate_prediction_entropy,0,1781420161508,0.19695111734878468
learn,EOPKG,EOPKGTopologyConditioned,43c4e96d97544cea9eae53251dac57de,854778689611649472,_EOPKG_TC-UN-f1-5-penalty3l-32_loan_v1_v5_simulated_GATv2,_EOPKG_TC-UN-f1-5-penalty3l,32,train_candidate_prediction_entropy,0,1781420419657,0.18896094291502039
learn,EOPKG,EOPKGTopologyConditioned,43c4e96d97544cea9eae53251dac57de,854778689611649472,_EOPKG_TC-UN-f1-5-penalty3l-32_loan_v1_v5_simulated_GATv2,_EOPKG_TC-UN-f1-5-penalty3l,32,train_candidate_prediction_entropy,0,1781420419657,0.18896094291502039
learn,EOPKG,EOPKGTopologyConditioned,43c4e96d97544cea9eae53251dac57de,854778689611649472,_EOPKG_TC-UN-f1-5-penalty3l-32_loan_v1_v5_simulated_GATv2,_EOPKG_TC-UN-f1-5-penalty3l,32,train_candidate_prediction_entropy,0,1781420679170,0.18509098110403657
learn,EOPKG,EOPKGTopologyConditioned,43c4e96d97544cea9eae53251dac57de,854778689611649472,_EOPKG_TC-UN-f1-5-penalty3l-32_loan_v1_v5_simulated_GATv2,_EOPKG_TC-UN-f1-5-penalty3l,32,train_candidate_prediction_entropy,0,1781420679170,0.18509098110403657
learn,EOPKG,EOPKGTopologyConditioned,43c4e96d97544cea9eae53251dac57de,854778689611649472,_EOPKG_TC-UN-f1-5-penalty3l-32_loan_v1_v5_simulated_GATv2,_EOPKG_TC-UN-f1-5-penalty3l,32,train_candidate_prediction_entropy,0,1781420946344,0.1820920103589378
learn,EOPKG,EOPKGTopologyConditioned,43c4e96d97544cea9eae53251dac57de,854778689611649472,_EOPKG_TC-UN-f1-5-penalty3l-32_loan_v1_v5_simulated_GATv2,_EOPKG_TC-UN-f1-5-penalty3l,32,train_candidate_prediction_entropy,0,1781420946344,0.1820920103589378
learn,EOPKG,EOPKGTopologyConditioned,43c4e96d97544cea9eae53251dac57de,854778689611649472,_EOPKG_TC-UN-f1-5-penalty3l-32_loan_v1_v5_simulated_GATv2,_EOPKG_TC-UN-f1-5-penalty3l,32,train_candidate_prediction_entropy,0,1781421199405,0.1776623024541547
learn,EOPKG,EOPKGTopologyConditioned,43c4e96d97544cea9eae53251dac57de,854778689611649472,_EOPKG_TC-UN-f1-5-penalty3l-32_loan_v1_v5_simulated_GATv2,_EOPKG_TC-UN-f1-5-penalty3l,32,train_candidate_prediction_entropy,0,1781421199405,0.1776623024541547
learn,EOPKG,EOPKGTopologyConditioned,43c4e96d97544cea9eae53251dac57de,854778689611649472,_EOPKG_TC-UN-f1-5-penalty3l-32_loan_v1_v5_simulated_GATv2,_EOPKG_TC-UN-f1-5-penalty3l,32,train_candidate_prediction_entropy,0,1781421694398,0.1772493272664437
learn,EOPKG,EOPKGTopologyConditioned,43c4e96d97544cea9eae53251dac57de,854778689611649472,_EOPKG_TC-UN-f1-5-penalty3l-32_loan_v1_v5_simulated_GATv2,_EOPKG_TC-UN-f1-5-penalty3l,32,train_candidate_prediction_entropy,0,1781421694398,0.1772493272664437
learn,EOPKG,EOPKGTopologyConditioned,43c4e96d97544cea9eae53251dac57de,854778689611649472,_EOPKG_TC-UN-f1-5-penalty3l-32_loan_v1_v5_simulated_GATv2,_EOPKG_TC-UN-f1-5-penalty3l,32,train_candidate_prediction_entropy,0,1781422005532,0.17388301170971512
learn,EOPKG,EOPKGTopologyConditioned,43c4e96d97544cea9eae53251dac57de,854778689611649472,_EOPKG_TC-UN-f1-5-penalty3l-32_loan_v1_v5_simulated_GATv2,_EOPKG_TC-UN-f1-5-penalty3l,32,train_candidate_prediction_entropy,0,1781422005532,0.17388301170971512
learn,EOPKG,EOPKGTopologyConditioned,43c4e96d97544cea9eae53251dac57de,854778689611649472,_EOPKG_TC-UN-f1-5-penalty3l-32_loan_v1_v5_simulated_GATv2,_EOPKG_TC-UN-f1-5-penalty3l,32,train_candidate_prediction_entropy,0,1781422466243,0.1732133020290036
learn,EOPKG,EOPKGTopologyConditioned,43c4e96d97544cea9eae53251dac57de,854778689611649472,_EOPKG_TC-UN-f1-5-penalty3l-32_loan_v1_v5_simulated_GATv2,_EOPKG_TC-UN-f1-5-penalty3l,32,train_candidate_prediction_entropy,0,1781422466243,0.1732133020290036
learn,EOPKG,EOPKGTopologyConditioned,43c4e96d97544cea9eae53251dac57de,854778689611649472,_EOPKG_TC-UN-f1-5-penalty3l-32_loan_v1_v5_simulated_GATv2,_EOPKG_TC-UN-f1-5-penalty3l,32,train_candidate_prediction_entropy,0,1781422754142,0.16939834639169454
learn,EOPKG,EOPKGTopologyConditioned,43c4e96d97544cea9eae53251dac57de,854778689611649472,_EOPKG_TC-UN-f1-5-penalty3l-32_loan_v1_v5_simulated_GATv2,_EOPKG_TC-UN-f1-5-penalty3l,32,train_candidate_prediction_entropy,0,1781422754142,0.16939834639169454
learn,EOPKG,EOPKGTopologyConditioned,43c4e96d97544cea9eae53251dac57de,854778689611649472,_EOPKG_TC-UN-f1-5-penalty3l-32_loan_v1_v5_simulated_GATv2,_EOPKG_TC-UN-f1-5-penalty3l,32,train_candidate_prediction_entropy,0,1781423037730,0.16906043042581298
learn,EOPKG,EOPKGTopologyConditioned,43c4e96d97544cea9eae53251dac57de,854778689611649472,_EOPKG_TC-UN-f1-5-penalty3l-32_loan_v1_v5_simulated_GATv2,_EOPKG_TC-UN-f1-5-penalty3l,32,train_candidate_prediction_entropy,0,1781423037730,0.16906043042581298
learn,EOPKG,EOPKGTopologyConditioned,43c4e96d97544cea9eae53251dac57de,854778689611649472,_EOPKG_TC-UN-f1-5-penalty3l-32_loan_v1_v5_simulated_GATv2,_EOPKG_TC-UN-f1-5-penalty3l,32,train_candidate_prediction_entropy,0,1781423407867,0.16949640091846213
learn,EOPKG,EOPKGTopologyConditioned,43c4e96d97544cea9eae53251dac57de,854778689611649472,_EOPKG_TC-UN-f1-5-penalty3l-32_loan_v1_v5_simulated_GATv2,_EOPKG_TC-UN-f1-5-penalty3l,32,train_candidate_prediction_entropy,0,1781423407867,0.16949640091846213
learn,EOPKG,EOPKGTopologyConditioned,43c4e96d97544cea9eae53251dac57de,854778689611649472,_EOPKG_TC-UN-f1-5-penalty3l-32_loan_v1_v5_simulated_GATv2,_EOPKG_TC-UN-f1-5-penalty3l,32,train_candidate_prediction_entropy,0,1781423713452,0.16583734586692767
learn,EOPKG,EOPKGTopologyConditioned,43c4e96d97544cea9eae53251dac57de,854778689611649472,_EOPKG_TC-UN-f1-5-penalty3l-32_loan_v1_v5_simulated_GATv2,_EOPKG_TC-UN-f1-5-penalty3l,32,train_candidate_prediction_entropy,0,1781423713452,0.16583734586692767
learn,EOPKG,EOPKGTopologyConditioned,43c4e96d97544cea9eae53251dac57de,854778689611649472,_EOPKG_TC-UN-f1-5-penalty3l-32_loan_v1_v5_simulated_GATv2,_EOPKG_TC-UN-f1-5-penalty3l,32,train_candidate_prediction_entropy,0,1781423995254,0.16450722673123136
learn,EOPKG,EOPKGTopologyConditioned,43c4e96d97544cea9eae53251dac57de,854778689611649472,_EOPKG_TC-UN-f1-5-penalty3l-32_loan_v1_v5_simulated_GATv2,_EOPKG_TC-UN-f1-5-penalty3l,32,train_candidate_prediction_entropy,0,1781423995254,0.16450722673123136
learn,EOPKG,EOPKGTopologyConditioned,43c4e96d97544cea9eae53251dac57de,854778689611649472,_EOPKG_TC-UN-f1-5-penalty3l-32_loan_v1_v5_simulated_GATv2,_EOPKG_TC-UN-f1-5-penalty3l,32,train_candidate_prediction_entropy,0,1781424255829,0.16461300777659318
learn,EOPKG,EOPKGTopologyConditioned,43c4e96d97544cea9eae53251dac57de,854778689611649472,_EOPKG_TC-UN-f1-5-penalty3l-32_loan_v1_v5_simulated_GATv2,_EOPKG_TC-UN-f1-5-penalty3l,32,train_candidate_prediction_entropy,0,1781424255829,0.16461300777659318
learn,EOPKG,EOPKGTopologyConditioned,43c4e96d97544cea9eae53251dac57de,854778689611649472,_EOPKG_TC-UN-f1-5-penalty3l-32_loan_v1_v5_simulated_GATv2,_EOPKG_TC-UN-f1-5-penalty3l,32,train_candidate_prediction_entropy,0,1781424514488,0.16393847507683765
learn,EOPKG,EOPKGTopologyConditioned,43c4e96d97544cea9eae53251dac57de,854778689611649472,_EOPKG_TC-UN-f1-5-penalty3l-32_loan_v1_v5_simulated_GATv2,_EOPKG_TC-UN-f1-5-penalty3l,32,train_candidate_prediction_entropy,0,1781424514488,0.16393847507683765
learn,EOPKG,EOPKGTopologyConditioned,43c4e96d97544cea9eae53251dac57de,854778689611649472,_EOPKG_TC-UN-f1-5-penalty3l-32_loan_v1_v5_simulated_GATv2,_EOPKG_TC-UN-f1-5-penalty3l,32,train_candidate_prediction_entropy,0,1781424772652,0.16223501860029368
learn,EOPKG,EOPKGTopologyConditioned,43c4e96d97544cea9eae53251dac57de,854778689611649472,_EOPKG_TC-UN-f1-5-penalty3l-32_loan_v1_v5_simulated_GATv2,_EOPKG_TC-UN-f1-5-penalty3l,32,train_candidate_prediction_entropy,0,1781424772652,0.16223501860029368
learn,EOPKG,EOPKGTopologyConditioned,43c4e96d97544cea9eae53251dac57de,854778689611649472,_EOPKG_TC-UN-f1-5-penalty3l-32_loan_v1_v5_simulated_GATv2,_EOPKG_TC-UN-f1-5-penalty3l,32,train_candidate_prediction_entropy,0,1781425032493,0.16320262231015628
learn,EOPKG,EOPKGTopologyConditioned,43c4e96d97544cea9eae53251dac57de,854778689611649472,_EOPKG_TC-UN-f1-5-penalty3l-32_loan_v1_v5_simulated_GATv2,_EOPKG_TC-UN-f1-5-penalty3l,32,train_candidate_prediction_entropy,0,1781425032493,0.16320262231015628
learn,EOPKG,EOPKGTopologyConditioned,43c4e96d97544cea9eae53251dac57de,854778689611649472,_EOPKG_TC-UN-f1-5-penalty3l-32_loan_v1_v5_simulated_GATv2,_EOPKG_TC-UN-f1-5-penalty3l,32,train_candidate_prediction_entropy,0,1781425291349,0.16382546976966775
learn,EOPKG,EOPKGTopologyConditioned,43c4e96d97544cea9eae53251dac57de,854778689611649472,_EOPKG_TC-UN-f1-5-penalty3l-32_loan_v1_v5_simulated_GATv2,_EOPKG_TC-UN-f1-5-penalty3l,32,train_candidate_prediction_entropy,0,1781425291349,0.16382546976966775
learn,EOPKG,EOPKGTopologyConditioned,43c4e96d97544cea9eae53251dac57de,854778689611649472,_EOPKG_TC-UN-f1-5-penalty3l-32_loan_v1_v5_simulated_GATv2,_EOPKG_TC-UN-f1-5-penalty3l,32,train_candidate_prediction_entropy,0,1781425554245,0.1623834138336356
learn,EOPKG,EOPKGTopologyConditioned,43c4e96d97544cea9eae53251dac57de,854778689611649472,_EOPKG_TC-UN-f1-5-penalty3l-32_loan_v1_v5_simulated_GATv2,_EOPKG_TC-UN-f1-5-penalty3l,32,train_candidate_prediction_entropy,0,1781425554245,0.1623834138336356
learn,EOPKG,EOPKGTopologyConditioned,43c4e96d97544cea9eae53251dac57de,854778689611649472,_EOPKG_TC-UN-f1-5-penalty3l-32_loan_v1_v5_simulated_GATv2,_EOPKG_TC-UN-f1-5-penalty3l,32,train_candidate_prediction_entropy,0,1781425819420,0.16064519762684887
learn,EOPKG,EOPKGTopologyConditioned,43c4e96d97544cea9eae53251dac57de,854778689611649472,_EOPKG_TC-UN-f1-5-penalty3l-32_loan_v1_v5_simulated_GATv2,_EOPKG_TC-UN-f1-5-penalty3l,32,train_candidate_prediction_entropy,0,1781425819420,0.16064519762684887
learn,EOPKG,EOPKGTopologyConditioned,43c4e96d97544cea9eae53251dac57de,854778689611649472,_EOPKG_TC-UN-f1-5-penalty3l-32_loan_v1_v5_simulated_GATv2,_EOPKG_TC-UN-f1-5-penalty3l,32,train_candidate_prediction_entropy,0,1781426078369,0.16060486110149394
learn,EOPKG,EOPKGTopologyConditioned,43c4e96d97544cea9eae53251dac57de,854778689611649472,_EOPKG_TC-UN-f1-5-penalty3l-32_loan_v1_v5_simulated_GATv2,_EOPKG_TC-UN-f1-5-penalty3l,32,train_candidate_prediction_entropy,0,1781426078369,0.16060486110149394
learn,EOPKG,EOPKGTopologyConditioned,43c4e96d97544cea9eae53251dac57de,854778689611649472,_EOPKG_TC-UN-f1-5-penalty3l-32_loan_v1_v5_simulated_GATv2,_EOPKG_TC-UN-f1-5-penalty3l,32,train_candidate_prediction_entropy,0,1781426340975,0.16133344695801197
learn,EOPKG,EOPKGTopologyConditioned,43c4e96d97544cea9eae53251dac57de,854778689611649472,_EOPKG_TC-UN-f1-5-penalty3l-32_loan_v1_v5_simulated_GATv2,_EOPKG_TC-UN-f1-5-penalty3l,32,train_candidate_prediction_entropy,0,1781426340975,0.16133344695801197
learn,EOPKG,EOPKGTopologyConditioned,43c4e96d97544cea9eae53251dac57de,854778689611649472,_EOPKG_TC-UN-f1-5-penalty3l-32_loan_v1_v5_simulated_GATv2,_EOPKG_TC-UN-f1-5-penalty3l,32,train_candidate_prediction_entropy,0,1781426599017,0.15888374514392145
learn,EOPKG,EOPKGTopologyConditioned,43c4e96d97544cea9eae53251dac57de,854778689611649472,_EOPKG_TC-UN-f1-5-penalty3l-32_loan_v1_v5_simulated_GATv2,_EOPKG_TC-UN-f1-5-penalty3l,32,train_candidate_prediction_entropy,0,1781426599017,0.15888374514392145
learn,EOPKG,EOPKGTopologyConditioned,43c4e96d97544cea9eae53251dac57de,854778689611649472,_EOPKG_TC-UN-f1-5-penalty3l-32_loan_v1_v5_simulated_GATv2,_EOPKG_TC-UN-f1-5-penalty3l,32,train_candidate_prediction_entropy,0,1781426858622,0.15903382472374103
learn,EOPKG,EOPKGTopologyConditioned,43c4e96d97544cea9eae53251dac57de,854778689611649472,_EOPKG_TC-UN-f1-5-penalty3l-32_loan_v1_v5_simulated_GATv2,_EOPKG_TC-UN-f1-5-penalty3l,32,train_candidate_prediction_entropy,0,1781426858622,0.15903382472374103
learn,EOPKG,EOPKGTopologyConditioned,43c4e96d97544cea9eae53251dac57de,854778689611649472,_EOPKG_TC-UN-f1-5-penalty3l-32_loan_v1_v5_simulated_GATv2,_EOPKG_TC-UN-f1-5-penalty3l,32,train_candidate_prediction_entropy,0,1781427116905,0.1578419772058204
learn,EOPKG,EOPKGTopologyConditioned,43c4e96d97544cea9eae53251dac57de,854778689611649472,_EOPKG_TC-UN-f1-5-penalty3l-32_loan_v1_v5_simulated_GATv2,_EOPKG_TC-UN-f1-5-penalty3l,32,train_candidate_prediction_entropy,0,1781427116905,0.1578419772058204
learn,EOPKG,EOPKGTopologyConditioned,43c4e96d97544cea9eae53251dac57de,854778689611649472,_EOPKG_TC-UN-f1-5-penalty3l-32_loan_v1_v5_simulated_GATv2,_EOPKG_TC-UN-f1-5-penalty3l,32,train_candidate_prediction_entropy,0,1781427378034,0.1580606992393495
learn,EOPKG,EOPKGTopologyConditioned,43c4e96d97544cea9eae53251dac57de,854778689611649472,_EOPKG_TC-UN-f1-5-penalty3l-32_loan_v1_v5_simulated_GATv2,_EOPKG_TC-UN-f1-5-penalty3l,32,train_candidate_prediction_entropy,0,1781427378034,0.1580606992393495
learn,EOPKG,EOPKGTopologyConditioned,5e56c5c7531d4675b4c740f509ff678f,854778689611649472,_EOPKG_TC-UN-f1-5-penalty3l-42_loan_v1_v5_simulated_GATv2,_EOPKG_TC-UN-f1-5-penalty3l,42,train_candidate_prediction_entropy,0,1780655630814,0.7112842472255325
learn,EOPKG,EOPKGTopologyConditioned,5e56c5c7531d4675b4c740f509ff678f,854778689611649472,_EOPKG_TC-UN-f1-5-penalty3l-42_loan_v1_v5_simulated_GATv2,_EOPKG_TC-UN-f1-5-penalty3l,42,train_candidate_prediction_entropy,0,1780655630814,0.7112842472255325
learn,EOPKG,EOPKGTopologyConditioned,5e56c5c7531d4675b4c740f509ff678f,854778689611649472,_EOPKG_TC-UN-f1-5-penalty3l-42_loan_v1_v5_simulated_GATv2,_EOPKG_TC-UN-f1-5-penalty3l,42,train_candidate_prediction_entropy,0,1780655937574,0.29348899139793194
learn,EOPKG,EOPKGTopologyConditioned,5e56c5c7531d4675b4c740f509ff678f,854778689611649472,_EOPKG_TC-UN-f1-5-penalty3l-42_loan_v1_v5_simulated_GATv2,_EOPKG_TC-UN-f1-5-penalty3l,42,train_candidate_prediction_entropy,0,1780655937574,0.29348899139793194
learn,EOPKG,EOPKGTopologyConditioned,5e56c5c7531d4675b4c740f509ff678f,854778689611649472,_EOPKG_TC-UN-f1-5-penalty3l-42_loan_v1_v5_simulated_GATv2,_EOPKG_TC-UN-f1-5-penalty3l,42,train_candidate_prediction_entropy,0,1780656248613,0.25609317883872834
learn,EOPKG,EOPKGTopologyConditioned,5e56c5c7531d4675b4c740f509ff678f,854778689611649472,_EOPKG_TC-UN-f1-5-penalty3l-42_loan_v1_v5_simulated_GATv2,_EOPKG_TC-UN-f1-5-penalty3l,42,train_candidate_prediction_entropy,0,1780656248613,0.25609317883872834
learn,EOPKG,EOPKGTopologyConditioned,5e56c5c7531d4675b4c740f509ff678f,854778689611649472,_EOPKG_TC-UN-f1-5-penalty3l-42_loan_v1_v5_simulated_GATv2,_EOPKG_TC-UN-f1-5-penalty3l,42,train_candidate_prediction_entropy,0,1780656566241,0.23150836448932868
learn,EOPKG,EOPKGTopologyConditioned,5e56c5c7531d4675b4c740f509ff678f,854778689611649472,_EOPKG_TC-UN-f1-5-penalty3l-42_loan_v1_v5_simulated_GATv2,_EOPKG_TC-UN-f1-5-penalty3l,42,train_candidate_prediction_entropy,0,1780656566241,0.23150836448932868
learn,EOPKG,EOPKGTopologyConditioned,5e56c5c7531d4675b4c740f509ff678f,854778689611649472,_EOPKG_TC-UN-f1-5-penalty3l-42_loan_v1_v5_simulated_GATv2,_EOPKG_TC-UN-f1-5-penalty3l,42,train_candidate_prediction_entropy,0,1780656890773,0.21949999074678164
learn,EOPKG,EOPKGTopologyConditioned,5e56c5c7531d4675b4c740f509ff678f,854778689611649472,_EOPKG_TC-UN-f1-5-penalty3l-42_loan_v1_v5_simulated_GATv2,_EOPKG_TC-UN-f1-5-penalty3l,42,train_candidate_prediction_entropy,0,1780656890773,0.21949999074678164
learn,EOPKG,EOPKGTopologyConditioned,5e56c5c7531d4675b4c740f509ff678f,854778689611649472,_EOPKG_TC-UN-f1-5-penalty3l-42_loan_v1_v5_simulated_GATv2,_EOPKG_TC-UN-f1-5-penalty3l,42,train_candidate_prediction_entropy,0,1780657279396,0.2105950326651382
learn,EOPKG,EOPKGTopologyConditioned,5e56c5c7531d4675b4c740f509ff678f,854778689611649472,_EOPKG_TC-UN-f1-5-penalty3l-42_loan_v1_v5_simulated_GATv2,_EOPKG_TC-UN-f1-5-penalty3l,42,train_candidate_prediction_entropy,0,1780657279396,0.2105950326651382
learn,EOPKG,EOPKGTopologyConditioned,5e56c5c7531d4675b4c740f509ff678f,854778689611649472,_EOPKG_TC-UN-f1-5-penalty3l-42_loan_v1_v5_simulated_GATv2,_EOPKG_TC-UN-f1-5-penalty3l,42,train_candidate_prediction_entropy,0,1780657643018,0.20226971654662645
learn,EOPKG,EOPKGTopologyConditioned,5e56c5c7531d4675b4c740f509ff678f,854778689611649472,_EOPKG_TC-UN-f1-5-penalty3l-42_loan_v1_v5_simulated_GATv2,_EOPKG_TC-UN-f1-5-penalty3l,42,train_candidate_prediction_entropy,0,1780657643018,0.20226971654662645
learn,EOPKG,EOPKGTopologyConditioned,5e56c5c7531d4675b4c740f509ff678f,854778689611649472,_EOPKG_TC-UN-f1-5-penalty3l-42_loan_v1_v5_simulated_GATv2,_EOPKG_TC-UN-f1-5-penalty3l,42,train_candidate_prediction_entropy,0,1780657998076,0.19593403772680482
learn,EOPKG,EOPKGTopologyConditioned,5e56c5c7531d4675b4c740f509ff678f,854778689611649472,_EOPKG_TC-UN-f1-5-penalty3l-42_loan_v1_v5_simulated_GATv2,_EOPKG_TC-UN-f1-5-penalty3l,42,train_candidate_prediction_entropy,0,1780657998076,0.19593403772680482
learn,EOPKG,EOPKGTopologyConditioned,5e56c5c7531d4675b4c740f509ff678f,854778689611649472,_EOPKG_TC-UN-f1-5-penalty3l-42_loan_v1_v5_simulated_GATv2,_EOPKG_TC-UN-f1-5-penalty3l,42,train_candidate_prediction_entropy,0,1780658338112,0.19079831000920888
learn,EOPKG,EOPKGTopologyConditioned,5e56c5c7531d4675b4c740f509ff678f,854778689611649472,_EOPKG_TC-UN-f1-5-penalty3l-42_loan_v1_v5_simulated_GATv2,_EOPKG_TC-UN-f1-5-penalty3l,42,train_candidate_prediction_entropy,0,1780658338112,0.19079831000920888
learn,EOPKG,EOPKGTopologyConditioned,5e56c5c7531d4675b4c740f509ff678f,854778689611649472,_EOPKG_TC-UN-f1-5-penalty3l-42_loan_v1_v5_simulated_GATv2,_EOPKG_TC-UN-f1-5-penalty3l,42,train_candidate_prediction_entropy,0,1780658729777,0.1886609810713933
learn,EOPKG,EOPKGTopologyConditioned,5e56c5c7531d4675b4c740f509ff678f,854778689611649472,_EOPKG_TC-UN-f1-5-penalty3l-42_loan_v1_v5_simulated_GATv2,_EOPKG_TC-UN-f1-5-penalty3l,42,train_candidate_prediction_entropy,0,1780658729777,0.1886609810713933
learn,EOPKG,EOPKGTopologyConditioned,5e56c5c7531d4675b4c740f509ff678f,854778689611649472,_EOPKG_TC-UN-f1-5-penalty3l-42_loan_v1_v5_simulated_GATv2,_EOPKG_TC-UN-f1-5-penalty3l,42,train_candidate_prediction_entropy,0,1780659032140,0.1857362146028843
learn,EOPKG,EOPKGTopologyConditioned,5e56c5c7531d4675b4c740f509ff678f,854778689611649472,_EOPKG_TC-UN-f1-5-penalty3l-42_loan_v1_v5_simulated_GATv2,_EOPKG_TC-UN-f1-5-penalty3l,42,train_candidate_prediction_entropy,0,1780659032140,0.1857362146028843
learn,EOPKG,EOPKGTopologyConditioned,5e56c5c7531d4675b4c740f509ff678f,854778689611649472,_EOPKG_TC-UN-f1-5-penalty3l-42_loan_v1_v5_simulated_GATv2,_EOPKG_TC-UN-f1-5-penalty3l,42,train_candidate_prediction_entropy,0,1780659334850,0.18378618000658592
learn,EOPKG,EOPKGTopologyConditioned,5e56c5c7531d4675b4c740f509ff678f,854778689611649472,_EOPKG_TC-UN-f1-5-penalty3l-42_loan_v1_v5_simulated_GATv2,_EOPKG_TC-UN-f1-5-penalty3l,42,train_candidate_prediction_entropy,0,1780659334850,0.18378618000658592
learn,EOPKG,EOPKGTopologyConditioned,5e56c5c7531d4675b4c740f509ff678f,854778689611649472,_EOPKG_TC-UN-f1-5-penalty3l-42_loan_v1_v5_simulated_GATv2,_EOPKG_TC-UN-f1-5-penalty3l,42,train_candidate_prediction_entropy,0,1780659688399,0.18112755396265673
learn,EOPKG,EOPKGTopologyConditioned,5e56c5c7531d4675b4c740f509ff678f,854778689611649472,_EOPKG_TC-UN-f1-5-penalty3l-42_loan_v1_v5_simulated_GATv2,_EOPKG_TC-UN-f1-5-penalty3l,42,train_candidate_prediction_entropy,0,1780659688399,0.18112755396265673
learn,EOPKG,EOPKGTopologyConditioned,5e56c5c7531d4675b4c740f509ff678f,854778689611649472,_EOPKG_TC-UN-f1-5-penalty3l-42_loan_v1_v5_simulated_GATv2,_EOPKG_TC-UN-f1-5-penalty3l,42,train_candidate_prediction_entropy,0,1780659991717,0.18016352346951708
learn,EOPKG,EOPKGTopologyConditioned,5e56c5c7531d4675b4c740f509ff678f,854778689611649472,_EOPKG_TC-UN-f1-5-penalty3l-42_loan_v1_v5_simulated_GATv2,_EOPKG_TC-UN-f1-5-penalty3l,42,train_candidate_prediction_entropy,0,1780659991717,0.18016352346951708
learn,EOPKG,EOPKGTopologyConditioned,5e56c5c7531d4675b4c740f509ff678f,854778689611649472,_EOPKG_TC-UN-f1-5-penalty3l-42_loan_v1_v5_simulated_GATv2,_EOPKG_TC-UN-f1-5-penalty3l,42,train_candidate_prediction_entropy,0,1780660381190,0.1785129291406686
learn,EOPKG,EOPKGTopologyConditioned,5e56c5c7531d4675b4c740f509ff678f,854778689611649472,_EOPKG_TC-UN-f1-5-penalty3l-42_loan_v1_v5_simulated_GATv2,_EOPKG_TC-UN-f1-5-penalty3l,42,train_candidate_prediction_entropy,0,1780660381190,0.1785129291406686
learn,EOPKG,EOPKGTopologyConditioned,5e56c5c7531d4675b4c740f509ff678f,854778689611649472,_EOPKG_TC-UN-f1-5-penalty3l-42_loan_v1_v5_simulated_GATv2,_EOPKG_TC-UN-f1-5-penalty3l,42,train_candidate_prediction_entropy,0,1780660696240,0.17557439428349936
learn,EOPKG,EOPKGTopologyConditioned,5e56c5c7531d4675b4c740f509ff678f,854778689611649472,_EOPKG_TC-UN-f1-5-penalty3l-42_loan_v1_v5_simulated_GATv2,_EOPKG_TC-UN-f1-5-penalty3l,42,train_candidate_prediction_entropy,0,1780660696240,0.17557439428349936
learn,EOPKG,EOPKGTopologyConditioned,5e56c5c7531d4675b4c740f509ff678f,854778689611649472,_EOPKG_TC-UN-f1-5-penalty3l-42_loan_v1_v5_simulated_GATv2,_EOPKG_TC-UN-f1-5-penalty3l,42,train_candidate_prediction_entropy,0,1780661032094,0.17604486510418177
learn,EOPKG,EOPKGTopologyConditioned,5e56c5c7531d4675b4c740f509ff678f,854778689611649472,_EOPKG_TC-UN-f1-5-penalty3l-42_loan_v1_v5_simulated_GATv2,_EOPKG_TC-UN-f1-5-penalty3l,42,train_candidate_prediction_entropy,0,1780661032094,0.17604486510418177
learn,EOPKG,EOPKGTopologyConditioned,5e56c5c7531d4675b4c740f509ff678f,854778689611649472,_EOPKG_TC-UN-f1-5-penalty3l-42_loan_v1_v5_simulated_GATv2,_EOPKG_TC-UN-f1-5-penalty3l,42,train_candidate_prediction_entropy,0,1780661318237,0.1719693817636546
learn,EOPKG,EOPKGTopologyConditioned,5e56c5c7531d4675b4c740f509ff678f,854778689611649472,_EOPKG_TC-UN-f1-5-penalty3l-42_loan_v1_v5_simulated_GATv2,_EOPKG_TC-UN-f1-5-penalty3l,42,train_candidate_prediction_entropy,0,1780661318237,0.1719693817636546
learn,EOPKG,EOPKGTopologyConditioned,5e56c5c7531d4675b4c740f509ff678f,854778689611649472,_EOPKG_TC-UN-f1-5-penalty3l-42_loan_v1_v5_simulated_GATv2,_EOPKG_TC-UN-f1-5-penalty3l,42,train_candidate_prediction_entropy,0,1780661592094,0.1724091099726187
learn,EOPKG,EOPKGTopologyConditioned,5e56c5c7531d4675b4c740f509ff678f,854778689611649472,_EOPKG_TC-UN-f1-5-penalty3l-42_loan_v1_v5_simulated_GATv2,_EOPKG_TC-UN-f1-5-penalty3l,42,train_candidate_prediction_entropy,0,1780661592094,0.1724091099726187
learn,EOPKG,EOPKGTopologyConditioned,5e56c5c7531d4675b4c740f509ff678f,854778689611649472,_EOPKG_TC-UN-f1-5-penalty3l-42_loan_v1_v5_simulated_GATv2,_EOPKG_TC-UN-f1-5-penalty3l,42,train_candidate_prediction_entropy,0,1780661866428,0.16975184790612405
learn,EOPKG,EOPKGTopologyConditioned,5e56c5c7531d4675b4c740f509ff678f,854778689611649472,_EOPKG_TC-UN-f1-5-penalty3l-42_loan_v1_v5_simulated_GATv2,_EOPKG_TC-UN-f1-5-penalty3l,42,train_candidate_prediction_entropy,0,1780661866428,0.16975184790612405
learn,EOPKG,EOPKGTopologyConditioned,5e56c5c7531d4675b4c740f509ff678f,854778689611649472,_EOPKG_TC-UN-f1-5-penalty3l-42_loan_v1_v5_simulated_GATv2,_EOPKG_TC-UN-f1-5-penalty3l,42,train_candidate_prediction_entropy,0,1780662136028,0.17074602789620147
learn,EOPKG,EOPKGTopologyConditioned,5e56c5c7531d4675b4c740f509ff678f,854778689611649472,_EOPKG_TC-UN-f1-5-penalty3l-42_loan_v1_v5_simulated_GATv2,_EOPKG_TC-UN-f1-5-penalty3l,42,train_candidate_prediction_entropy,0,1780662136028,0.17074602789620147
learn,EOPKG,EOPKGTopologyConditioned,5e56c5c7531d4675b4c740f509ff678f,854778689611649472,_EOPKG_TC-UN-f1-5-penalty3l-42_loan_v1_v5_simulated_GATv2,_EOPKG_TC-UN-f1-5-penalty3l,42,train_candidate_prediction_entropy,0,1780662407432,0.16936414126182397
learn,EOPKG,EOPKGTopologyConditioned,5e56c5c7531d4675b4c740f509ff678f,854778689611649472,_EOPKG_TC-UN-f1-5-penalty3l-42_loan_v1_v5_simulated_GATv2,_EOPKG_TC-UN-f1-5-penalty3l,42,train_candidate_prediction_entropy,0,1780662407432,0.16936414126182397
learn,EOPKG,EOPKGTopologyConditioned,5e56c5c7531d4675b4c740f509ff678f,854778689611649472,_EOPKG_TC-UN-f1-5-penalty3l-42_loan_v1_v5_simulated_GATv2,_EOPKG_TC-UN-f1-5-penalty3l,42,train_candidate_prediction_entropy,0,1780662676420,0.16887969421800256
learn,EOPKG,EOPKGTopologyConditioned,5e56c5c7531d4675b4c740f509ff678f,854778689611649472,_EOPKG_TC-UN-f1-5-penalty3l-42_loan_v1_v5_simulated_GATv2,_EOPKG_TC-UN-f1-5-penalty3l,42,train_candidate_prediction_entropy,0,1780662676420,0.16887969421800256
learn,EOPKG,EOPKGTopologyConditioned,5e56c5c7531d4675b4c740f509ff678f,854778689611649472,_EOPKG_TC-UN-f1-5-penalty3l-42_loan_v1_v5_simulated_GATv2,_EOPKG_TC-UN-f1-5-penalty3l,42,train_candidate_prediction_entropy,0,1780662947167,0.16766751080230233
learn,EOPKG,EOPKGTopologyConditioned,5e56c5c7531d4675b4c740f509ff678f,854778689611649472,_EOPKG_TC-UN-f1-5-penalty3l-42_loan_v1_v5_simulated_GATv2,_EOPKG_TC-UN-f1-5-penalty3l,42,train_candidate_prediction_entropy,0,1780662947167,0.16766751080230233
learn,EOPKG,EOPKGTopologyConditioned,5e56c5c7531d4675b4c740f509ff678f,854778689611649472,_EOPKG_TC-UN-f1-5-penalty3l-42_loan_v1_v5_simulated_GATv2,_EOPKG_TC-UN-f1-5-penalty3l,42,train_candidate_prediction_entropy,0,1780663217810,0.1684768123993434
learn,EOPKG,EOPKGTopologyConditioned,5e56c5c7531d4675b4c740f509ff678f,854778689611649472,_EOPKG_TC-UN-f1-5-penalty3l-42_loan_v1_v5_simulated_GATv2,_EOPKG_TC-UN-f1-5-penalty3l,42,train_candidate_prediction_entropy,0,1780663217810,0.1684768123993434
learn,EOPKG,EOPKGTopologyConditioned,5e56c5c7531d4675b4c740f509ff678f,854778689611649472,_EOPKG_TC-UN-f1-5-penalty3l-42_loan_v1_v5_simulated_GATv2,_EOPKG_TC-UN-f1-5-penalty3l,42,train_candidate_prediction_entropy,0,1780663486558,0.16670861193504546
learn,EOPKG,EOPKGTopologyConditioned,5e56c5c7531d4675b4c740f509ff678f,854778689611649472,_EOPKG_TC-UN-f1-5-penalty3l-42_loan_v1_v5_simulated_GATv2,_EOPKG_TC-UN-f1-5-penalty3l,42,train_candidate_prediction_entropy,0,1780663486558,0.16670861193504546
learn,EOPKG,EOPKGTopologyConditioned,5e56c5c7531d4675b4c740f509ff678f,854778689611649472,_EOPKG_TC-UN-f1-5-penalty3l-42_loan_v1_v5_simulated_GATv2,_EOPKG_TC-UN-f1-5-penalty3l,42,train_candidate_prediction_entropy,0,1780663760280,0.16432232060284607
learn,EOPKG,EOPKGTopologyConditioned,5e56c5c7531d4675b4c740f509ff678f,854778689611649472,_EOPKG_TC-UN-f1-5-penalty3l-42_loan_v1_v5_simulated_GATv2,_EOPKG_TC-UN-f1-5-penalty3l,42,train_candidate_prediction_entropy,0,1780663760280,0.16432232060284607
learn,EOPKG,EOPKGTopologyConditioned,5e56c5c7531d4675b4c740f509ff678f,854778689611649472,_EOPKG_TC-UN-f1-5-penalty3l-42_loan_v1_v5_simulated_GATv2,_EOPKG_TC-UN-f1-5-penalty3l,42,train_candidate_prediction_entropy,0,1780664029519,0.16442064713503105
learn,EOPKG,EOPKGTopologyConditioned,5e56c5c7531d4675b4c740f509ff678f,854778689611649472,_EOPKG_TC-UN-f1-5-penalty3l-42_loan_v1_v5_simulated_GATv2,_EOPKG_TC-UN-f1-5-penalty3l,42,train_candidate_prediction_entropy,0,1780664029519,0.16442064713503105
learn,EOPKG,EOPKGTopologyConditioned,5e56c5c7531d4675b4c740f509ff678f,854778689611649472,_EOPKG_TC-UN-f1-5-penalty3l-42_loan_v1_v5_simulated_GATv2,_EOPKG_TC-UN-f1-5-penalty3l,42,train_candidate_prediction_entropy,0,1780664298365,0.1640561746821305
learn,EOPKG,EOPKGTopologyConditioned,5e56c5c7531d4675b4c740f509ff678f,854778689611649472,_EOPKG_TC-UN-f1-5-penalty3l-42_loan_v1_v5_simulated_GATv2,_EOPKG_TC-UN-f1-5-penalty3l,42,train_candidate_prediction_entropy,0,1780664298365,0.1640561746821305
learn,EOPKG,EOPKGTopologyConditioned,5e56c5c7531d4675b4c740f509ff678f,854778689611649472,_EOPKG_TC-UN-f1-5-penalty3l-42_loan_v1_v5_simulated_GATv2,_EOPKG_TC-UN-f1-5-penalty3l,42,train_candidate_prediction_entropy,0,1780664567825,0.16306180424028816
learn,EOPKG,EOPKGTopologyConditioned,5e56c5c7531d4675b4c740f509ff678f,854778689611649472,_EOPKG_TC-UN-f1-5-penalty3l-42_loan_v1_v5_simulated_GATv2,_EOPKG_TC-UN-f1-5-penalty3l,42,train_candidate_prediction_entropy,0,1780664567825,0.16306180424028816
learn,EOPKG,EOPKGTopologyConditioned,5e56c5c7531d4675b4c740f509ff678f,854778689611649472,_EOPKG_TC-UN-f1-5-penalty3l-42_loan_v1_v5_simulated_GATv2,_EOPKG_TC-UN-f1-5-penalty3l,42,train_candidate_prediction_entropy,0,1780664848244,0.16425700412266583
learn,EOPKG,EOPKGTopologyConditioned,5e56c5c7531d4675b4c740f509ff678f,854778689611649472,_EOPKG_TC-UN-f1-5-penalty3l-42_loan_v1_v5_simulated_GATv2,_EOPKG_TC-UN-f1-5-penalty3l,42,train_candidate_prediction_entropy,0,1780664848244,0.16425700412266583
learn,EOPKG,EOPKGTopologyConditioned,5e56c5c7531d4675b4c740f509ff678f,854778689611649472,_EOPKG_TC-UN-f1-5-penalty3l-42_loan_v1_v5_simulated_GATv2,_EOPKG_TC-UN-f1-5-penalty3l,42,train_candidate_prediction_entropy,0,1780665118920,0.16360752876782833
learn,EOPKG,EOPKGTopologyConditioned,5e56c5c7531d4675b4c740f509ff678f,854778689611649472,_EOPKG_TC-UN-f1-5-penalty3l-42_loan_v1_v5_simulated_GATv2,_EOPKG_TC-UN-f1-5-penalty3l,42,train_candidate_prediction_entropy,0,1780665118920,0.16360752876782833
learn,EOPKG,EOPKGTopologyConditioned,5e56c5c7531d4675b4c740f509ff678f,854778689611649472,_EOPKG_TC-UN-f1-5-penalty3l-42_loan_v1_v5_simulated_GATv2,_EOPKG_TC-UN-f1-5-penalty3l,42,train_candidate_prediction_entropy,0,1780665389528,0.1617076462801007
learn,EOPKG,EOPKGTopologyConditioned,5e56c5c7531d4675b4c740f509ff678f,854778689611649472,_EOPKG_TC-UN-f1-5-penalty3l-42_loan_v1_v5_simulated_GATv2,_EOPKG_TC-UN-f1-5-penalty3l,42,train_candidate_prediction_entropy,0,1780665389528,0.1617076462801007
learn,EOPKG,EOPKGTopologyConditioned,5e56c5c7531d4675b4c740f509ff678f,854778689611649472,_EOPKG_TC-UN-f1-5-penalty3l-42_loan_v1_v5_simulated_GATv2,_EOPKG_TC-UN-f1-5-penalty3l,42,train_candidate_prediction_entropy,0,1780665661135,0.1611756299206297
learn,EOPKG,EOPKGTopologyConditioned,5e56c5c7531d4675b4c740f509ff678f,854778689611649472,_EOPKG_TC-UN-f1-5-penalty3l-42_loan_v1_v5_simulated_GATv2,_EOPKG_TC-UN-f1-5-penalty3l,42,train_candidate_prediction_entropy,0,1780665661135,0.1611756299206297
learn,EOPKG,EOPKGTopologyConditioned,5e56c5c7531d4675b4c740f509ff678f,854778689611649472,_EOPKG_TC-UN-f1-5-penalty3l-42_loan_v1_v5_simulated_GATv2,_EOPKG_TC-UN-f1-5-penalty3l,42,train_candidate_prediction_entropy,0,1780665931681,0.1610689889017747
learn,EOPKG,EOPKGTopologyConditioned,5e56c5c7531d4675b4c740f509ff678f,854778689611649472,_EOPKG_TC-UN-f1-5-penalty3l-42_loan_v1_v5_simulated_GATv2,_EOPKG_TC-UN-f1-5-penalty3l,42,train_candidate_prediction_entropy,0,1780665931681,0.1610689889017747
learn,EOPKG,EOPKGTopologyConditioned,5e56c5c7531d4675b4c740f509ff678f,854778689611649472,_EOPKG_TC-UN-f1-5-penalty3l-42_loan_v1_v5_simulated_GATv2,_EOPKG_TC-UN-f1-5-penalty3l,42,train_candidate_prediction_entropy,0,1780666266818,0.15940388312210907
learn,EOPKG,EOPKGTopologyConditioned,5e56c5c7531d4675b4c740f509ff678f,854778689611649472,_EOPKG_TC-UN-f1-5-penalty3l-42_loan_v1_v5_simulated_GATv2,_EOPKG_TC-UN-f1-5-penalty3l,42,train_candidate_prediction_entropy,0,1780666266818,0.15940388312210907
learn,EOPKG,EOPKGTopologyConditioned,5e56c5c7531d4675b4c740f509ff678f,854778689611649472,_EOPKG_TC-UN-f1-5-penalty3l-42_loan_v1_v5_simulated_GATv2,_EOPKG_TC-UN-f1-5-penalty3l,42,train_candidate_prediction_entropy,0,1780666540201,0.16074483119105307
learn,EOPKG,EOPKGTopologyConditioned,5e56c5c7531d4675b4c740f509ff678f,854778689611649472,_EOPKG_TC-UN-f1-5-penalty3l-42_loan_v1_v5_simulated_GATv2,_EOPKG_TC-UN-f1-5-penalty3l,42,train_candidate_prediction_entropy,0,1780666540201,0.16074483119105307
learn,EOPKG,EOPKGTopologyConditioned,5e56c5c7531d4675b4c740f509ff678f,854778689611649472,_EOPKG_TC-UN-f1-5-penalty3l-42_loan_v1_v5_simulated_GATv2,_EOPKG_TC-UN-f1-5-penalty3l,42,train_candidate_prediction_entropy,0,1780666813245,0.1573519300260775
learn,EOPKG,EOPKGTopologyConditioned,5e56c5c7531d4675b4c740f509ff678f,854778689611649472,_EOPKG_TC-UN-f1-5-penalty3l-42_loan_v1_v5_simulated_GATv2,_EOPKG_TC-UN-f1-5-penalty3l,42,train_candidate_prediction_entropy,0,1780666813245,0.1573519300260775
learn,EOPKG,EOPKGTopologyConditioned,5e56c5c7531d4675b4c740f509ff678f,854778689611649472,_EOPKG_TC-UN-f1-5-penalty3l-42_loan_v1_v5_simulated_GATv2,_EOPKG_TC-UN-f1-5-penalty3l,42,train_candidate_prediction_entropy,0,1780667120629,0.1594397216762856
learn,EOPKG,EOPKGTopologyConditioned,5e56c5c7531d4675b4c740f509ff678f,854778689611649472,_EOPKG_TC-UN-f1-5-penalty3l-42_loan_v1_v5_simulated_GATv2,_EOPKG_TC-UN-f1-5-penalty3l,42,train_candidate_prediction_entropy,0,1780667120629,0.1594397216762856
learn,EOPKG,EOPKGTopologyConditioned,5e56c5c7531d4675b4c740f509ff678f,854778689611649472,_EOPKG_TC-UN-f1-5-penalty3l-42_loan_v1_v5_simulated_GATv2,_EOPKG_TC-UN-f1-5-penalty3l,42,train_candidate_prediction_entropy,0,1780670051360,0.15651604763583082
learn,EOPKG,EOPKGTopologyConditioned,5e56c5c7531d4675b4c740f509ff678f,854778689611649472,_EOPKG_TC-UN-f1-5-penalty3l-42_loan_v1_v5_simulated_GATv2,_EOPKG_TC-UN-f1-5-penalty3l,42,train_candidate_prediction_entropy,0,1780670051360,0.15651604763583082
learn,EOPKG,EOPKGTopologyConditioned,5e56c5c7531d4675b4c740f509ff678f,854778689611649472,_EOPKG_TC-UN-f1-5-penalty3l-42_loan_v1_v5_simulated_GATv2,_EOPKG_TC-UN-f1-5-penalty3l,42,train_candidate_prediction_entropy,0,1780670319600,0.15813781515900963
learn,EOPKG,EOPKGTopologyConditioned,5e56c5c7531d4675b4c740f509ff678f,854778689611649472,_EOPKG_TC-UN-f1-5-penalty3l-42_loan_v1_v5_simulated_GATv2,_EOPKG_TC-UN-f1-5-penalty3l,42,train_candidate_prediction_entropy,0,1780670319600,0.15813781515900963
learn,EOPKG,EOPKGTopologyConditioned,5e56c5c7531d4675b4c740f509ff678f,854778689611649472,_EOPKG_TC-UN-f1-5-penalty3l-42_loan_v1_v5_simulated_GATv2,_EOPKG_TC-UN-f1-5-penalty3l,42,train_candidate_prediction_entropy,0,1780670595690,0.1571102894202988
learn,EOPKG,EOPKGTopologyConditioned,5e56c5c7531d4675b4c740f509ff678f,854778689611649472,_EOPKG_TC-UN-f1-5-penalty3l-42_loan_v1_v5_simulated_GATv2,_EOPKG_TC-UN-f1-5-penalty3l,42,train_candidate_prediction_entropy,0,1780670595690,0.1571102894202988
learn,EOPKG,EOPKGTopologyConditioned,5e56c5c7531d4675b4c740f509ff678f,854778689611649472,_EOPKG_TC-UN-f1-5-penalty3l-42_loan_v1_v5_simulated_GATv2,_EOPKG_TC-UN-f1-5-penalty3l,42,train_candidate_prediction_entropy,0,1780670863710,0.1558464718523579
learn,EOPKG,EOPKGTopologyConditioned,5e56c5c7531d4675b4c740f509ff678f,854778689611649472,_EOPKG_TC-UN-f1-5-penalty3l-42_loan_v1_v5_simulated_GATv2,_EOPKG_TC-UN-f1-5-penalty3l,42,train_candidate_prediction_entropy,0,1780670863710,0.1558464718523579
learn,EOPKG,EOPKGTopologyConditioned,5e56c5c7531d4675b4c740f509ff678f,854778689611649472,_EOPKG_TC-UN-f1-5-penalty3l-42_loan_v1_v5_simulated_GATv2,_EOPKG_TC-UN-f1-5-penalty3l,42,train_candidate_prediction_entropy,0,1780671144756,0.1576399277060608
learn,EOPKG,EOPKGTopologyConditioned,5e56c5c7531d4675b4c740f509ff678f,854778689611649472,_EOPKG_TC-UN-f1-5-penalty3l-42_loan_v1_v5_simulated_GATv2,_EOPKG_TC-UN-f1-5-penalty3l,42,train_candidate_prediction_entropy,0,1780671144756,0.1576399277060608
learn,EOPKG,EOPKGTopologyConditioned,5fcc89889b1d45c489329f5e3df9a5a2,854778689611649472,_EOPKG_TC-UN-f1-5-penalty3l-78_loan_v1_v5_simulated_GATv2,_EOPKG_TC-UN-f1-5-penalty3l,78,train_candidate_prediction_entropy,0,1780870771803,0.6430203205356537
learn,EOPKG,EOPKGTopologyConditioned,5fcc89889b1d45c489329f5e3df9a5a2,854778689611649472,_EOPKG_TC-UN-f1-5-penalty3l-78_loan_v1_v5_simulated_GATv2,_EOPKG_TC-UN-f1-5-penalty3l,78,train_candidate_prediction_entropy,0,1780870771803,0.6430203205356537
learn,EOPKG,EOPKGTopologyConditioned,5fcc89889b1d45c489329f5e3df9a5a2,854778689611649472,_EOPKG_TC-UN-f1-5-penalty3l-78_loan_v1_v5_simulated_GATv2,_EOPKG_TC-UN-f1-5-penalty3l,78,train_candidate_prediction_entropy,0,1780871357495,0.27461847025658254
learn,EOPKG,EOPKGTopologyConditioned,5fcc89889b1d45c489329f5e3df9a5a2,854778689611649472,_EOPKG_TC-UN-f1-5-penalty3l-78_loan_v1_v5_simulated_GATv2,_EOPKG_TC-UN-f1-5-penalty3l,78,train_candidate_prediction_entropy,0,1780871357495,0.27461847025658254
learn,EOPKG,EOPKGTopologyConditioned,5fcc89889b1d45c489329f5e3df9a5a2,854778689611649472,_EOPKG_TC-UN-f1-5-penalty3l-78_loan_v1_v5_simulated_GATv2,_EOPKG_TC-UN-f1-5-penalty3l,78,train_candidate_prediction_entropy,0,1780871907777,0.24322564729351687
learn,EOPKG,EOPKGTopologyConditioned,5fcc89889b1d45c489329f5e3df9a5a2,854778689611649472,_EOPKG_TC-UN-f1-5-penalty3l-78_loan_v1_v5_simulated_GATv2,_EOPKG_TC-UN-f1-5-penalty3l,78,train_candidate_prediction_entropy,0,1780871907777,0.24322564729351687
learn,EOPKG,EOPKGTopologyConditioned,5fcc89889b1d45c489329f5e3df9a5a2,854778689611649472,_EOPKG_TC-UN-f1-5-penalty3l-78_loan_v1_v5_simulated_GATv2,_EOPKG_TC-UN-f1-5-penalty3l,78,train_candidate_prediction_entropy,0,1780872470091,0.21996139314481677
learn,EOPKG,EOPKGTopologyConditioned,5fcc89889b1d45c489329f5e3df9a5a2,854778689611649472,_EOPKG_TC-UN-f1-5-penalty3l-78_loan_v1_v5_simulated_GATv2,_EOPKG_TC-UN-f1-5-penalty3l,78,train_candidate_prediction_entropy,0,1780872470091,0.21996139314481677
learn,EOPKG,EOPKGTopologyConditioned,5fcc89889b1d45c489329f5e3df9a5a2,854778689611649472,_EOPKG_TC-UN-f1-5-penalty3l-78_loan_v1_v5_simulated_GATv2,_EOPKG_TC-UN-f1-5-penalty3l,78,train_candidate_prediction_entropy,0,1780892111370,0.20968745147812348
learn,EOPKG,EOPKGTopologyConditioned,5fcc89889b1d45c489329f5e3df9a5a2,854778689611649472,_EOPKG_TC-UN-f1-5-penalty3l-78_loan_v1_v5_simulated_GATv2,_EOPKG_TC-UN-f1-5-penalty3l,78,train_candidate_prediction_entropy,0,1780892111370,0.20968745147812348
learn,EOPKG,EOPKGTopologyConditioned,5fcc89889b1d45c489329f5e3df9a5a2,854778689611649472,_EOPKG_TC-UN-f1-5-penalty3l-78_loan_v1_v5_simulated_GATv2,_EOPKG_TC-UN-f1-5-penalty3l,78,train_candidate_prediction_entropy,0,1780892364948,0.2022474545790016
learn,EOPKG,EOPKGTopologyConditioned,5fcc89889b1d45c489329f5e3df9a5a2,854778689611649472,_EOPKG_TC-UN-f1-5-penalty3l-78_loan_v1_v5_simulated_GATv2,_EOPKG_TC-UN-f1-5-penalty3l,78,train_candidate_prediction_entropy,0,1780892364948,0.2022474545790016
learn,EOPKG,EOPKGTopologyConditioned,5fcc89889b1d45c489329f5e3df9a5a2,854778689611649472,_EOPKG_TC-UN-f1-5-penalty3l-78_loan_v1_v5_simulated_GATv2,_EOPKG_TC-UN-f1-5-penalty3l,78,train_candidate_prediction_entropy,0,1780892626831,0.19446278196450067
learn,EOPKG,EOPKGTopologyConditioned,5fcc89889b1d45c489329f5e3df9a5a2,854778689611649472,_EOPKG_TC-UN-f1-5-penalty3l-78_loan_v1_v5_simulated_GATv2,_EOPKG_TC-UN-f1-5-penalty3l,78,train_candidate_prediction_entropy,0,1780892626831,0.19446278196450067
learn,EOPKG,EOPKGTopologyConditioned,5fcc89889b1d45c489329f5e3df9a5a2,854778689611649472,_EOPKG_TC-UN-f1-5-penalty3l-78_loan_v1_v5_simulated_GATv2,_EOPKG_TC-UN-f1-5-penalty3l,78,train_candidate_prediction_entropy,0,1780892895773,0.18932802509664542
learn,EOPKG,EOPKGTopologyConditioned,5fcc89889b1d45c489329f5e3df9a5a2,854778689611649472,_EOPKG_TC-UN-f1-5-penalty3l-78_loan_v1_v5_simulated_GATv2,_EOPKG_TC-UN-f1-5-penalty3l,78,train_candidate_prediction_entropy,0,1780892895773,0.18932802509664542
learn,EOPKG,EOPKGTopologyConditioned,5fcc89889b1d45c489329f5e3df9a5a2,854778689611649472,_EOPKG_TC-UN-f1-5-penalty3l-78_loan_v1_v5_simulated_GATv2,_EOPKG_TC-UN-f1-5-penalty3l,78,train_candidate_prediction_entropy,0,1780893157924,0.18579052810354338
learn,EOPKG,EOPKGTopologyConditioned,5fcc89889b1d45c489329f5e3df9a5a2,854778689611649472,_EOPKG_TC-UN-f1-5-penalty3l-78_loan_v1_v5_simulated_GATv2,_EOPKG_TC-UN-f1-5-penalty3l,78,train_candidate_prediction_entropy,0,1780893157924,0.18579052810354338
learn,EOPKG,EOPKGTopologyConditioned,5fcc89889b1d45c489329f5e3df9a5a2,854778689611649472,_EOPKG_TC-UN-f1-5-penalty3l-78_loan_v1_v5_simulated_GATv2,_EOPKG_TC-UN-f1-5-penalty3l,78,train_candidate_prediction_entropy,0,1780893421489,0.18251797831683925
learn,EOPKG,EOPKGTopologyConditioned,5fcc89889b1d45c489329f5e3df9a5a2,854778689611649472,_EOPKG_TC-UN-f1-5-penalty3l-78_loan_v1_v5_simulated_GATv2,_EOPKG_TC-UN-f1-5-penalty3l,78,train_candidate_prediction_entropy,0,1780893421489,0.18251797831683925
learn,EOPKG,EOPKGTopologyConditioned,5fcc89889b1d45c489329f5e3df9a5a2,854778689611649472,_EOPKG_TC-UN-f1-5-penalty3l-78_loan_v1_v5_simulated_GATv2,_EOPKG_TC-UN-f1-5-penalty3l,78,train_candidate_prediction_entropy,0,1780893690036,0.18013407897636508
learn,EOPKG,EOPKGTopologyConditioned,5fcc89889b1d45c489329f5e3df9a5a2,854778689611649472,_EOPKG_TC-UN-f1-5-penalty3l-78_loan_v1_v5_simulated_GATv2,_EOPKG_TC-UN-f1-5-penalty3l,78,train_candidate_prediction_entropy,0,1780893690036,0.18013407897636508
learn,EOPKG,EOPKGTopologyConditioned,5fcc89889b1d45c489329f5e3df9a5a2,854778689611649472,_EOPKG_TC-UN-f1-5-penalty3l-78_loan_v1_v5_simulated_GATv2,_EOPKG_TC-UN-f1-5-penalty3l,78,train_candidate_prediction_entropy,0,1780893966130,0.1777330025177692
learn,EOPKG,EOPKGTopologyConditioned,5fcc89889b1d45c489329f5e3df9a5a2,854778689611649472,_EOPKG_TC-UN-f1-5-penalty3l-78_loan_v1_v5_simulated_GATv2,_EOPKG_TC-UN-f1-5-penalty3l,78,train_candidate_prediction_entropy,0,1780893966130,0.1777330025177692
learn,EOPKG,EOPKGTopologyConditioned,5fcc89889b1d45c489329f5e3df9a5a2,854778689611649472,_EOPKG_TC-UN-f1-5-penalty3l-78_loan_v1_v5_simulated_GATv2,_EOPKG_TC-UN-f1-5-penalty3l,78,train_candidate_prediction_entropy,0,1780894246700,0.17515483869325565
learn,EOPKG,EOPKGTopologyConditioned,5fcc89889b1d45c489329f5e3df9a5a2,854778689611649472,_EOPKG_TC-UN-f1-5-penalty3l-78_loan_v1_v5_simulated_GATv2,_EOPKG_TC-UN-f1-5-penalty3l,78,train_candidate_prediction_entropy,0,1780894246700,0.17515483869325565
learn,EOPKG,EOPKGTopologyConditioned,5fcc89889b1d45c489329f5e3df9a5a2,854778689611649472,_EOPKG_TC-UN-f1-5-penalty3l-78_loan_v1_v5_simulated_GATv2,_EOPKG_TC-UN-f1-5-penalty3l,78,train_candidate_prediction_entropy,0,1780894524603,0.17361930606143464
learn,EOPKG,EOPKGTopologyConditioned,5fcc89889b1d45c489329f5e3df9a5a2,854778689611649472,_EOPKG_TC-UN-f1-5-penalty3l-78_loan_v1_v5_simulated_GATv2,_EOPKG_TC-UN-f1-5-penalty3l,78,train_candidate_prediction_entropy,0,1780894524603,0.17361930606143464
learn,EOPKG,EOPKGTopologyConditioned,5fcc89889b1d45c489329f5e3df9a5a2,854778689611649472,_EOPKG_TC-UN-f1-5-penalty3l-78_loan_v1_v5_simulated_GATv2,_EOPKG_TC-UN-f1-5-penalty3l,78,train_candidate_prediction_entropy,0,1780894818187,0.17057738719072743
learn,EOPKG,EOPKGTopologyConditioned,5fcc89889b1d45c489329f5e3df9a5a2,854778689611649472,_EOPKG_TC-UN-f1-5-penalty3l-78_loan_v1_v5_simulated_GATv2,_EOPKG_TC-UN-f1-5-penalty3l,78,train_candidate_prediction_entropy,0,1780894818187,0.17057738719072743
learn,EOPKG,EOPKGTopologyConditioned,5fcc89889b1d45c489329f5e3df9a5a2,854778689611649472,_EOPKG_TC-UN-f1-5-penalty3l-78_loan_v1_v5_simulated_GATv2,_EOPKG_TC-UN-f1-5-penalty3l,78,train_candidate_prediction_entropy,0,1780895167109,0.1685443136527163
learn,EOPKG,EOPKGTopologyConditioned,5fcc89889b1d45c489329f5e3df9a5a2,854778689611649472,_EOPKG_TC-UN-f1-5-penalty3l-78_loan_v1_v5_simulated_GATv2,_EOPKG_TC-UN-f1-5-penalty3l,78,train_candidate_prediction_entropy,0,1780895167109,0.1685443136527163
learn,EOPKG,EOPKGTopologyConditioned,5fcc89889b1d45c489329f5e3df9a5a2,854778689611649472,_EOPKG_TC-UN-f1-5-penalty3l-78_loan_v1_v5_simulated_GATv2,_EOPKG_TC-UN-f1-5-penalty3l,78,train_candidate_prediction_entropy,0,1780895498750,0.16995957253326105
learn,EOPKG,EOPKGTopologyConditioned,5fcc89889b1d45c489329f5e3df9a5a2,854778689611649472,_EOPKG_TC-UN-f1-5-penalty3l-78_loan_v1_v5_simulated_GATv2,_EOPKG_TC-UN-f1-5-penalty3l,78,train_candidate_prediction_entropy,0,1780895498750,0.16995957253326105
learn,EOPKG,EOPKGTopologyConditioned,5fcc89889b1d45c489329f5e3df9a5a2,854778689611649472,_EOPKG_TC-UN-f1-5-penalty3l-78_loan_v1_v5_simulated_GATv2,_EOPKG_TC-UN-f1-5-penalty3l,78,train_candidate_prediction_entropy,0,1780895781647,0.1666408781619633
learn,EOPKG,EOPKGTopologyConditioned,5fcc89889b1d45c489329f5e3df9a5a2,854778689611649472,_EOPKG_TC-UN-f1-5-penalty3l-78_loan_v1_v5_simulated_GATv2,_EOPKG_TC-UN-f1-5-penalty3l,78,train_candidate_prediction_entropy,0,1780895781647,0.1666408781619633
learn,EOPKG,EOPKGTopologyConditioned,5fcc89889b1d45c489329f5e3df9a5a2,854778689611649472,_EOPKG_TC-UN-f1-5-penalty3l-78_loan_v1_v5_simulated_GATv2,_EOPKG_TC-UN-f1-5-penalty3l,78,train_candidate_prediction_entropy,0,1780896072358,0.16602512324652346
learn,EOPKG,EOPKGTopologyConditioned,5fcc89889b1d45c489329f5e3df9a5a2,854778689611649472,_EOPKG_TC-UN-f1-5-penalty3l-78_loan_v1_v5_simulated_GATv2,_EOPKG_TC-UN-f1-5-penalty3l,78,train_candidate_prediction_entropy,0,1780896072358,0.16602512324652346
learn,EOPKG,EOPKGTopologyConditioned,5fcc89889b1d45c489329f5e3df9a5a2,854778689611649472,_EOPKG_TC-UN-f1-5-penalty3l-78_loan_v1_v5_simulated_GATv2,_EOPKG_TC-UN-f1-5-penalty3l,78,train_candidate_prediction_entropy,0,1780896332321,0.16481824920457952
learn,EOPKG,EOPKGTopologyConditioned,5fcc89889b1d45c489329f5e3df9a5a2,854778689611649472,_EOPKG_TC-UN-f1-5-penalty3l-78_loan_v1_v5_simulated_GATv2,_EOPKG_TC-UN-f1-5-penalty3l,78,train_candidate_prediction_entropy,0,1780896332321,0.16481824920457952
learn,EOPKG,EOPKGTopologyConditioned,5fcc89889b1d45c489329f5e3df9a5a2,854778689611649472,_EOPKG_TC-UN-f1-5-penalty3l-78_loan_v1_v5_simulated_GATv2,_EOPKG_TC-UN-f1-5-penalty3l,78,train_candidate_prediction_entropy,0,1780896618800,0.1647883126532899
learn,EOPKG,EOPKGTopologyConditioned,5fcc89889b1d45c489329f5e3df9a5a2,854778689611649472,_EOPKG_TC-UN-f1-5-penalty3l-78_loan_v1_v5_simulated_GATv2,_EOPKG_TC-UN-f1-5-penalty3l,78,train_candidate_prediction_entropy,0,1780896618800,0.1647883126532899
learn,EOPKG,EOPKGTopologyConditioned,5fcc89889b1d45c489329f5e3df9a5a2,854778689611649472,_EOPKG_TC-UN-f1-5-penalty3l-78_loan_v1_v5_simulated_GATv2,_EOPKG_TC-UN-f1-5-penalty3l,78,train_candidate_prediction_entropy,0,1780896877745,0.16274910687879082
learn,EOPKG,EOPKGTopologyConditioned,5fcc89889b1d45c489329f5e3df9a5a2,854778689611649472,_EOPKG_TC-UN-f1-5-penalty3l-78_loan_v1_v5_simulated_GATv2,_EOPKG_TC-UN-f1-5-penalty3l,78,train_candidate_prediction_entropy,0,1780896877745,0.16274910687879082
learn,EOPKG,EOPKGTopologyConditioned,5fcc89889b1d45c489329f5e3df9a5a2,854778689611649472,_EOPKG_TC-UN-f1-5-penalty3l-78_loan_v1_v5_simulated_GATv2,_EOPKG_TC-UN-f1-5-penalty3l,78,train_candidate_prediction_entropy,0,1780897165141,0.16534593456168623
learn,EOPKG,EOPKGTopologyConditioned,5fcc89889b1d45c489329f5e3df9a5a2,854778689611649472,_EOPKG_TC-UN-f1-5-penalty3l-78_loan_v1_v5_simulated_GATv2,_EOPKG_TC-UN-f1-5-penalty3l,78,train_candidate_prediction_entropy,0,1780897165141,0.16534593456168623
learn,EOPKG,EOPKGTopologyConditioned,5fcc89889b1d45c489329f5e3df9a5a2,854778689611649472,_EOPKG_TC-UN-f1-5-penalty3l-78_loan_v1_v5_simulated_GATv2,_EOPKG_TC-UN-f1-5-penalty3l,78,train_candidate_prediction_entropy,0,1780897421967,0.16205876728072643
learn,EOPKG,EOPKGTopologyConditioned,5fcc89889b1d45c489329f5e3df9a5a2,854778689611649472,_EOPKG_TC-UN-f1-5-penalty3l-78_loan_v1_v5_simulated_GATv2,_EOPKG_TC-UN-f1-5-penalty3l,78,train_candidate_prediction_entropy,0,1780897421967,0.16205876728072643
learn,EOPKG,EOPKGTopologyConditioned,5fcc89889b1d45c489329f5e3df9a5a2,854778689611649472,_EOPKG_TC-UN-f1-5-penalty3l-78_loan_v1_v5_simulated_GATv2,_EOPKG_TC-UN-f1-5-penalty3l,78,train_candidate_prediction_entropy,0,1780897681497,0.16139713762437596
learn,EOPKG,EOPKGTopologyConditioned,5fcc89889b1d45c489329f5e3df9a5a2,854778689611649472,_EOPKG_TC-UN-f1-5-penalty3l-78_loan_v1_v5_simulated_GATv2,_EOPKG_TC-UN-f1-5-penalty3l,78,train_candidate_prediction_entropy,0,1780897681497,0.16139713762437596
learn,EOPKG,EOPKGTopologyConditioned,5fcc89889b1d45c489329f5e3df9a5a2,854778689611649472,_EOPKG_TC-UN-f1-5-penalty3l-78_loan_v1_v5_simulated_GATv2,_EOPKG_TC-UN-f1-5-penalty3l,78,train_candidate_prediction_entropy,0,1780897945699,0.16053075120682178
learn,EOPKG,EOPKGTopologyConditioned,5fcc89889b1d45c489329f5e3df9a5a2,854778689611649472,_EOPKG_TC-UN-f1-5-penalty3l-78_loan_v1_v5_simulated_GATv2,_EOPKG_TC-UN-f1-5-penalty3l,78,train_candidate_prediction_entropy,0,1780897945699,0.16053075120682178
learn,EOPKG,EOPKGTopologyConditioned,5fcc89889b1d45c489329f5e3df9a5a2,854778689611649472,_EOPKG_TC-UN-f1-5-penalty3l-78_loan_v1_v5_simulated_GATv2,_EOPKG_TC-UN-f1-5-penalty3l,78,train_candidate_prediction_entropy,0,1780898204361,0.16027104952898238
learn,EOPKG,EOPKGTopologyConditioned,5fcc89889b1d45c489329f5e3df9a5a2,854778689611649472,_EOPKG_TC-UN-f1-5-penalty3l-78_loan_v1_v5_simulated_GATv2,_EOPKG_TC-UN-f1-5-penalty3l,78,train_candidate_prediction_entropy,0,1780898204361,0.16027104952898238
learn,EOPKG,EOPKGTopologyConditioned,5fcc89889b1d45c489329f5e3df9a5a2,854778689611649472,_EOPKG_TC-UN-f1-5-penalty3l-78_loan_v1_v5_simulated_GATv2,_EOPKG_TC-UN-f1-5-penalty3l,78,train_candidate_prediction_entropy,0,1780898494016,0.1587778456473578
learn,EOPKG,EOPKGTopologyConditioned,5fcc89889b1d45c489329f5e3df9a5a2,854778689611649472,_EOPKG_TC-UN-f1-5-penalty3l-78_loan_v1_v5_simulated_GATv2,_EOPKG_TC-UN-f1-5-penalty3l,78,train_candidate_prediction_entropy,0,1780898494016,0.1587778456473578
learn,EOPKG,EOPKGTopologyConditioned,5fcc89889b1d45c489329f5e3df9a5a2,854778689611649472,_EOPKG_TC-UN-f1-5-penalty3l-78_loan_v1_v5_simulated_GATv2,_EOPKG_TC-UN-f1-5-penalty3l,78,train_candidate_prediction_entropy,0,1780898757388,0.15879070298044404
learn,EOPKG,EOPKGTopologyConditioned,5fcc89889b1d45c489329f5e3df9a5a2,854778689611649472,_EOPKG_TC-UN-f1-5-penalty3l-78_loan_v1_v5_simulated_GATv2,_EOPKG_TC-UN-f1-5-penalty3l,78,train_candidate_prediction_entropy,0,1780898757388,0.15879070298044404
learn,EOPKG,EOPKGTopologyConditioned,5fcc89889b1d45c489329f5e3df9a5a2,854778689611649472,_EOPKG_TC-UN-f1-5-penalty3l-78_loan_v1_v5_simulated_GATv2,_EOPKG_TC-UN-f1-5-penalty3l,78,train_candidate_prediction_entropy,0,1780899039816,0.15977090139931072
learn,EOPKG,EOPKGTopologyConditioned,5fcc89889b1d45c489329f5e3df9a5a2,854778689611649472,_EOPKG_TC-UN-f1-5-penalty3l-78_loan_v1_v5_simulated_GATv2,_EOPKG_TC-UN-f1-5-penalty3l,78,train_candidate_prediction_entropy,0,1780899039816,0.15977090139931072
learn,EOPKG,EOPKGTopologyConditioned,5fcc89889b1d45c489329f5e3df9a5a2,854778689611649472,_EOPKG_TC-UN-f1-5-penalty3l-78_loan_v1_v5_simulated_GATv2,_EOPKG_TC-UN-f1-5-penalty3l,78,train_candidate_prediction_entropy,0,1780899317183,0.15811914357168685
learn,EOPKG,EOPKGTopologyConditioned,5fcc89889b1d45c489329f5e3df9a5a2,854778689611649472,_EOPKG_TC-UN-f1-5-penalty3l-78_loan_v1_v5_simulated_GATv2,_EOPKG_TC-UN-f1-5-penalty3l,78,train_candidate_prediction_entropy,0,1780899317183,0.15811914357168685
learn,EOPKG,EOPKGTopologyConditioned,5fcc89889b1d45c489329f5e3df9a5a2,854778689611649472,_EOPKG_TC-UN-f1-5-penalty3l-78_loan_v1_v5_simulated_GATv2,_EOPKG_TC-UN-f1-5-penalty3l,78,train_candidate_prediction_entropy,0,1780899609509,0.15706301353788907
learn,EOPKG,EOPKGTopologyConditioned,5fcc89889b1d45c489329f5e3df9a5a2,854778689611649472,_EOPKG_TC-UN-f1-5-penalty3l-78_loan_v1_v5_simulated_GATv2,_EOPKG_TC-UN-f1-5-penalty3l,78,train_candidate_prediction_entropy,0,1780899609509,0.15706301353788907
learn,EOPKG,EOPKGTopologyConditioned,5fcc89889b1d45c489329f5e3df9a5a2,854778689611649472,_EOPKG_TC-UN-f1-5-penalty3l-78_loan_v1_v5_simulated_GATv2,_EOPKG_TC-UN-f1-5-penalty3l,78,train_candidate_prediction_entropy,0,1780899884344,0.15634926644247174
learn,EOPKG,EOPKGTopologyConditioned,5fcc89889b1d45c489329f5e3df9a5a2,854778689611649472,_EOPKG_TC-UN-f1-5-penalty3l-78_loan_v1_v5_simulated_GATv2,_EOPKG_TC-UN-f1-5-penalty3l,78,train_candidate_prediction_entropy,0,1780899884344,0.15634926644247174
learn,EOPKG,EOPKGTopologyConditioned,5fcc89889b1d45c489329f5e3df9a5a2,854778689611649472,_EOPKG_TC-UN-f1-5-penalty3l-78_loan_v1_v5_simulated_GATv2,_EOPKG_TC-UN-f1-5-penalty3l,78,train_candidate_prediction_entropy,0,1780900142998,0.1577560806880884
learn,EOPKG,EOPKGTopologyConditioned,5fcc89889b1d45c489329f5e3df9a5a2,854778689611649472,_EOPKG_TC-UN-f1-5-penalty3l-78_loan_v1_v5_simulated_GATv2,_EOPKG_TC-UN-f1-5-penalty3l,78,train_candidate_prediction_entropy,0,1780900142998,0.1577560806880884
learn,EOPKG,EOPKGTopologyConditioned,5fcc89889b1d45c489329f5e3df9a5a2,854778689611649472,_EOPKG_TC-UN-f1-5-penalty3l-78_loan_v1_v5_simulated_GATv2,_EOPKG_TC-UN-f1-5-penalty3l,78,train_candidate_prediction_entropy,0,1780900410594,0.1568488870378708
learn,EOPKG,EOPKGTopologyConditioned,5fcc89889b1d45c489329f5e3df9a5a2,854778689611649472,_EOPKG_TC-UN-f1-5-penalty3l-78_loan_v1_v5_simulated_GATv2,_EOPKG_TC-UN-f1-5-penalty3l,78,train_candidate_prediction_entropy,0,1780900410594,0.1568488870378708
learn,EOPKG,EOPKGTopologyConditioned,5fcc89889b1d45c489329f5e3df9a5a2,854778689611649472,_EOPKG_TC-UN-f1-5-penalty3l-78_loan_v1_v5_simulated_GATv2,_EOPKG_TC-UN-f1-5-penalty3l,78,train_candidate_prediction_entropy,0,1780900678530,0.15569334849122976
learn,EOPKG,EOPKGTopologyConditioned,5fcc89889b1d45c489329f5e3df9a5a2,854778689611649472,_EOPKG_TC-UN-f1-5-penalty3l-78_loan_v1_v5_simulated_GATv2,_EOPKG_TC-UN-f1-5-penalty3l,78,train_candidate_prediction_entropy,0,1780900678530,0.15569334849122976
learn,EOPKG,EOPKGTopologyConditioned,5fcc89889b1d45c489329f5e3df9a5a2,854778689611649472,_EOPKG_TC-UN-f1-5-penalty3l-78_loan_v1_v5_simulated_GATv2,_EOPKG_TC-UN-f1-5-penalty3l,78,train_candidate_prediction_entropy,0,1780900938039,0.15457104805069244
learn,EOPKG,EOPKGTopologyConditioned,5fcc89889b1d45c489329f5e3df9a5a2,854778689611649472,_EOPKG_TC-UN-f1-5-penalty3l-78_loan_v1_v5_simulated_GATv2,_EOPKG_TC-UN-f1-5-penalty3l,78,train_candidate_prediction_entropy,0,1780900938039,0.15457104805069244
learn,EOPKG,EOPKGTopologyConditioned,5fcc89889b1d45c489329f5e3df9a5a2,854778689611649472,_EOPKG_TC-UN-f1-5-penalty3l-78_loan_v1_v5_simulated_GATv2,_EOPKG_TC-UN-f1-5-penalty3l,78,train_candidate_prediction_entropy,0,1780901193085,0.15552388528430025
learn,EOPKG,EOPKGTopologyConditioned,5fcc89889b1d45c489329f5e3df9a5a2,854778689611649472,_EOPKG_TC-UN-f1-5-penalty3l-78_loan_v1_v5_simulated_GATv2,_EOPKG_TC-UN-f1-5-penalty3l,78,train_candidate_prediction_entropy,0,1780901193085,0.15552388528430025
learn,EOPKG,EOPKGTopologyConditioned,5fcc89889b1d45c489329f5e3df9a5a2,854778689611649472,_EOPKG_TC-UN-f1-5-penalty3l-78_loan_v1_v5_simulated_GATv2,_EOPKG_TC-UN-f1-5-penalty3l,78,train_candidate_prediction_entropy,0,1780901452978,0.15190541296486634
learn,EOPKG,EOPKGTopologyConditioned,5fcc89889b1d45c489329f5e3df9a5a2,854778689611649472,_EOPKG_TC-UN-f1-5-penalty3l-78_loan_v1_v5_simulated_GATv2,_EOPKG_TC-UN-f1-5-penalty3l,78,train_candidate_prediction_entropy,0,1780901452978,0.15190541296486634
learn,EOPKG,EOPKGTopologyConditioned,5fcc89889b1d45c489329f5e3df9a5a2,854778689611649472,_EOPKG_TC-UN-f1-5-penalty3l-78_loan_v1_v5_simulated_GATv2,_EOPKG_TC-UN-f1-5-penalty3l,78,train_candidate_prediction_entropy,0,1780901713920,0.15384657219620881
learn,EOPKG,EOPKGTopologyConditioned,5fcc89889b1d45c489329f5e3df9a5a2,854778689611649472,_EOPKG_TC-UN-f1-5-penalty3l-78_loan_v1_v5_simulated_GATv2,_EOPKG_TC-UN-f1-5-penalty3l,78,train_candidate_prediction_entropy,0,1780901713920,0.15384657219620881
learn,EOPKG,EOPKGTopologyConditioned,5fcc89889b1d45c489329f5e3df9a5a2,854778689611649472,_EOPKG_TC-UN-f1-5-penalty3l-78_loan_v1_v5_simulated_GATv2,_EOPKG_TC-UN-f1-5-penalty3l,78,train_candidate_prediction_entropy,0,1780901974501,0.1539531565835442
learn,EOPKG,EOPKGTopologyConditioned,5fcc89889b1d45c489329f5e3df9a5a2,854778689611649472,_EOPKG_TC-UN-f1-5-penalty3l-78_loan_v1_v5_simulated_GATv2,_EOPKG_TC-UN-f1-5-penalty3l,78,train_candidate_prediction_entropy,0,1780901974501,0.1539531565835442
learn,EOPKG,EOPKGTopologyConditioned,a9ec65c003b14176b0d853a15471bbbb,854778689611649472,_EOPKG_TC-UN-f1-5-penalty3l-13_loan_v1_v5_simulated_GATv2,_EOPKG_TC-UN-f1-5-penalty3l,13,train_candidate_prediction_entropy,0,1780837198237,0.7248492049725522
learn,EOPKG,EOPKGTopologyConditioned,a9ec65c003b14176b0d853a15471bbbb,854778689611649472,_EOPKG_TC-UN-f1-5-penalty3l-13_loan_v1_v5_simulated_GATv2,_EOPKG_TC-UN-f1-5-penalty3l,13,train_candidate_prediction_entropy,0,1780837198237,0.7248492049725522
learn,EOPKG,EOPKGTopologyConditioned,a9ec65c003b14176b0d853a15471bbbb,854778689611649472,_EOPKG_TC-UN-f1-5-penalty3l-13_loan_v1_v5_simulated_GATv2,_EOPKG_TC-UN-f1-5-penalty3l,13,train_candidate_prediction_entropy,0,1780837464914,0.3502288928139949
learn,EOPKG,EOPKGTopologyConditioned,a9ec65c003b14176b0d853a15471bbbb,854778689611649472,_EOPKG_TC-UN-f1-5-penalty3l-13_loan_v1_v5_simulated_GATv2,_EOPKG_TC-UN-f1-5-penalty3l,13,train_candidate_prediction_entropy,0,1780837464914,0.3502288928139949
learn,EOPKG,EOPKGTopologyConditioned,a9ec65c003b14176b0d853a15471bbbb,854778689611649472,_EOPKG_TC-UN-f1-5-penalty3l-13_loan_v1_v5_simulated_GATv2,_EOPKG_TC-UN-f1-5-penalty3l,13,train_candidate_prediction_entropy,0,1780837714212,0.300775394056863
learn,EOPKG,EOPKGTopologyConditioned,a9ec65c003b14176b0d853a15471bbbb,854778689611649472,_EOPKG_TC-UN-f1-5-penalty3l-13_loan_v1_v5_simulated_GATv2,_EOPKG_TC-UN-f1-5-penalty3l,13,train_candidate_prediction_entropy,0,1780837714212,0.300775394056863
learn,EOPKG,EOPKGTopologyConditioned,a9ec65c003b14176b0d853a15471bbbb,854778689611649472,_EOPKG_TC-UN-f1-5-penalty3l-13_loan_v1_v5_simulated_GATv2,_EOPKG_TC-UN-f1-5-penalty3l,13,train_candidate_prediction_entropy,0,1780837962207,0.27315097398143884
learn,EOPKG,EOPKGTopologyConditioned,a9ec65c003b14176b0d853a15471bbbb,854778689611649472,_EOPKG_TC-UN-f1-5-penalty3l-13_loan_v1_v5_simulated_GATv2,_EOPKG_TC-UN-f1-5-penalty3l,13,train_candidate_prediction_entropy,0,1780837962207,0.27315097398143884
learn,EOPKG,EOPKGTopologyConditioned,a9ec65c003b14176b0d853a15471bbbb,854778689611649472,_EOPKG_TC-UN-f1-5-penalty3l-13_loan_v1_v5_simulated_GATv2,_EOPKG_TC-UN-f1-5-penalty3l,13,train_candidate_prediction_entropy,0,1780838213045,0.25515026555341835
learn,EOPKG,EOPKGTopologyConditioned,a9ec65c003b14176b0d853a15471bbbb,854778689611649472,_EOPKG_TC-UN-f1-5-penalty3l-13_loan_v1_v5_simulated_GATv2,_EOPKG_TC-UN-f1-5-penalty3l,13,train_candidate_prediction_entropy,0,1780838213045,0.25515026555341835
learn,EOPKG,EOPKGTopologyConditioned,a9ec65c003b14176b0d853a15471bbbb,854778689611649472,_EOPKG_TC-UN-f1-5-penalty3l-13_loan_v1_v5_simulated_GATv2,_EOPKG_TC-UN-f1-5-penalty3l,13,train_candidate_prediction_entropy,0,1780838460290,0.24211685582166256
learn,EOPKG,EOPKGTopologyConditioned,a9ec65c003b14176b0d853a15471bbbb,854778689611649472,_EOPKG_TC-UN-f1-5-penalty3l-13_loan_v1_v5_simulated_GATv2,_EOPKG_TC-UN-f1-5-penalty3l,13,train_candidate_prediction_entropy,0,1780838460290,0.24211685582166256
learn,EOPKG,EOPKGTopologyConditioned,a9ec65c003b14176b0d853a15471bbbb,854778689611649472,_EOPKG_TC-UN-f1-5-penalty3l-13_loan_v1_v5_simulated_GATv2,_EOPKG_TC-UN-f1-5-penalty3l,13,train_candidate_prediction_entropy,0,1780838706352,0.23115915562276432
learn,EOPKG,EOPKGTopologyConditioned,a9ec65c003b14176b0d853a15471bbbb,854778689611649472,_EOPKG_TC-UN-f1-5-penalty3l-13_loan_v1_v5_simulated_GATv2,_EOPKG_TC-UN-f1-5-penalty3l,13,train_candidate_prediction_entropy,0,1780838706352,0.23115915562276432
learn,EOPKG,EOPKGTopologyConditioned,a9ec65c003b14176b0d853a15471bbbb,854778689611649472,_EOPKG_TC-UN-f1-5-penalty3l-13_loan_v1_v5_simulated_GATv2,_EOPKG_TC-UN-f1-5-penalty3l,13,train_candidate_prediction_entropy,0,1780838951552,0.2233306630877319
learn,EOPKG,EOPKGTopologyConditioned,a9ec65c003b14176b0d853a15471bbbb,854778689611649472,_EOPKG_TC-UN-f1-5-penalty3l-13_loan_v1_v5_simulated_GATv2,_EOPKG_TC-UN-f1-5-penalty3l,13,train_candidate_prediction_entropy,0,1780838951552,0.2233306630877319
learn,EOPKG,EOPKGTopologyConditioned,a9ec65c003b14176b0d853a15471bbbb,854778689611649472,_EOPKG_TC-UN-f1-5-penalty3l-13_loan_v1_v5_simulated_GATv2,_EOPKG_TC-UN-f1-5-penalty3l,13,train_candidate_prediction_entropy,0,1780839203044,0.21652033182367422
learn,EOPKG,EOPKGTopologyConditioned,a9ec65c003b14176b0d853a15471bbbb,854778689611649472,_EOPKG_TC-UN-f1-5-penalty3l-13_loan_v1_v5_simulated_GATv2,_EOPKG_TC-UN-f1-5-penalty3l,13,train_candidate_prediction_entropy,0,1780839203044,0.21652033182367422
learn,EOPKG,EOPKGTopologyConditioned,a9ec65c003b14176b0d853a15471bbbb,854778689611649472,_EOPKG_TC-UN-f1-5-penalty3l-13_loan_v1_v5_simulated_GATv2,_EOPKG_TC-UN-f1-5-penalty3l,13,train_candidate_prediction_entropy,0,1780839453358,0.2088586012040678
learn,EOPKG,EOPKGTopologyConditioned,a9ec65c003b14176b0d853a15471bbbb,854778689611649472,_EOPKG_TC-UN-f1-5-penalty3l-13_loan_v1_v5_simulated_GATv2,_EOPKG_TC-UN-f1-5-penalty3l,13,train_candidate_prediction_entropy,0,1780839453358,0.2088586012040678
learn,EOPKG,EOPKGTopologyConditioned,a9ec65c003b14176b0d853a15471bbbb,854778689611649472,_EOPKG_TC-UN-f1-5-penalty3l-13_loan_v1_v5_simulated_GATv2,_EOPKG_TC-UN-f1-5-penalty3l,13,train_candidate_prediction_entropy,0,1780839699989,0.2066874967944262
learn,EOPKG,EOPKGTopologyConditioned,a9ec65c003b14176b0d853a15471bbbb,854778689611649472,_EOPKG_TC-UN-f1-5-penalty3l-13_loan_v1_v5_simulated_GATv2,_EOPKG_TC-UN-f1-5-penalty3l,13,train_candidate_prediction_entropy,0,1780839699989,0.2066874967944262
learn,EOPKG,EOPKGTopologyConditioned,a9ec65c003b14176b0d853a15471bbbb,854778689611649472,_EOPKG_TC-UN-f1-5-penalty3l-13_loan_v1_v5_simulated_GATv2,_EOPKG_TC-UN-f1-5-penalty3l,13,train_candidate_prediction_entropy,0,1780839950389,0.20477882245576248
learn,EOPKG,EOPKGTopologyConditioned,a9ec65c003b14176b0d853a15471bbbb,854778689611649472,_EOPKG_TC-UN-f1-5-penalty3l-13_loan_v1_v5_simulated_GATv2,_EOPKG_TC-UN-f1-5-penalty3l,13,train_candidate_prediction_entropy,0,1780839950389,0.20477882245576248
learn,EOPKG,EOPKGTopologyConditioned,a9ec65c003b14176b0d853a15471bbbb,854778689611649472,_EOPKG_TC-UN-f1-5-penalty3l-13_loan_v1_v5_simulated_GATv2,_EOPKG_TC-UN-f1-5-penalty3l,13,train_candidate_prediction_entropy,0,1780840202215,0.1996136563807868
learn,EOPKG,EOPKGTopologyConditioned,a9ec65c003b14176b0d853a15471bbbb,854778689611649472,_EOPKG_TC-UN-f1-5-penalty3l-13_loan_v1_v5_simulated_GATv2,_EOPKG_TC-UN-f1-5-penalty3l,13,train_candidate_prediction_entropy,0,1780840202215,0.1996136563807868
learn,EOPKG,EOPKGTopologyConditioned,a9ec65c003b14176b0d853a15471bbbb,854778689611649472,_EOPKG_TC-UN-f1-5-penalty3l-13_loan_v1_v5_simulated_GATv2,_EOPKG_TC-UN-f1-5-penalty3l,13,train_candidate_prediction_entropy,0,1780840450494,0.1979382151355804
learn,EOPKG,EOPKGTopologyConditioned,a9ec65c003b14176b0d853a15471bbbb,854778689611649472,_EOPKG_TC-UN-f1-5-penalty3l-13_loan_v1_v5_simulated_GATv2,_EOPKG_TC-UN-f1-5-penalty3l,13,train_candidate_prediction_entropy,0,1780840450494,0.1979382151355804
learn,EOPKG,EOPKGTopologyConditioned,a9ec65c003b14176b0d853a15471bbbb,854778689611649472,_EOPKG_TC-UN-f1-5-penalty3l-13_loan_v1_v5_simulated_GATv2,_EOPKG_TC-UN-f1-5-penalty3l,13,train_candidate_prediction_entropy,0,1780840695622,0.19543471286852143
learn,EOPKG,EOPKGTopologyConditioned,a9ec65c003b14176b0d853a15471bbbb,854778689611649472,_EOPKG_TC-UN-f1-5-penalty3l-13_loan_v1_v5_simulated_GATv2,_EOPKG_TC-UN-f1-5-penalty3l,13,train_candidate_prediction_entropy,0,1780840695622,0.19543471286852143
learn,EOPKG,EOPKGTopologyConditioned,a9ec65c003b14176b0d853a15471bbbb,854778689611649472,_EOPKG_TC-UN-f1-5-penalty3l-13_loan_v1_v5_simulated_GATv2,_EOPKG_TC-UN-f1-5-penalty3l,13,train_candidate_prediction_entropy,0,1780840942000,0.19545231998819615
learn,EOPKG,EOPKGTopologyConditioned,a9ec65c003b14176b0d853a15471bbbb,854778689611649472,_EOPKG_TC-UN-f1-5-penalty3l-13_loan_v1_v5_simulated_GATv2,_EOPKG_TC-UN-f1-5-penalty3l,13,train_candidate_prediction_entropy,0,1780840942000,0.19545231998819615
learn,EOPKG,EOPKGTopologyConditioned,a9ec65c003b14176b0d853a15471bbbb,854778689611649472,_EOPKG_TC-UN-f1-5-penalty3l-13_loan_v1_v5_simulated_GATv2,_EOPKG_TC-UN-f1-5-penalty3l,13,train_candidate_prediction_entropy,0,1780841187999,0.19313631799006878
learn,EOPKG,EOPKGTopologyConditioned,a9ec65c003b14176b0d853a15471bbbb,854778689611649472,_EOPKG_TC-UN-f1-5-penalty3l-13_loan_v1_v5_simulated_GATv2,_EOPKG_TC-UN-f1-5-penalty3l,13,train_candidate_prediction_entropy,0,1780841187999,0.19313631799006878
learn,EOPKG,EOPKGTopologyConditioned,a9ec65c003b14176b0d853a15471bbbb,854778689611649472,_EOPKG_TC-UN-f1-5-penalty3l-13_loan_v1_v5_simulated_GATv2,_EOPKG_TC-UN-f1-5-penalty3l,13,train_candidate_prediction_entropy,0,1780841436737,0.19080454941442168
learn,EOPKG,EOPKGTopologyConditioned,a9ec65c003b14176b0d853a15471bbbb,854778689611649472,_EOPKG_TC-UN-f1-5-penalty3l-13_loan_v1_v5_simulated_GATv2,_EOPKG_TC-UN-f1-5-penalty3l,13,train_candidate_prediction_entropy,0,1780841436737,0.19080454941442168
learn,EOPKG,EOPKGTopologyConditioned,a9ec65c003b14176b0d853a15471bbbb,854778689611649472,_EOPKG_TC-UN-f1-5-penalty3l-13_loan_v1_v5_simulated_GATv2,_EOPKG_TC-UN-f1-5-penalty3l,13,train_candidate_prediction_entropy,0,1780841683689,0.1900625298649594
learn,EOPKG,EOPKGTopologyConditioned,a9ec65c003b14176b0d853a15471bbbb,854778689611649472,_EOPKG_TC-UN-f1-5-penalty3l-13_loan_v1_v5_simulated_GATv2,_EOPKG_TC-UN-f1-5-penalty3l,13,train_candidate_prediction_entropy,0,1780841683689,0.1900625298649594
learn,EOPKG,EOPKGTopologyConditioned,a9ec65c003b14176b0d853a15471bbbb,854778689611649472,_EOPKG_TC-UN-f1-5-penalty3l-13_loan_v1_v5_simulated_GATv2,_EOPKG_TC-UN-f1-5-penalty3l,13,train_candidate_prediction_entropy,0,1780841929223,0.190691772682536
learn,EOPKG,EOPKGTopologyConditioned,a9ec65c003b14176b0d853a15471bbbb,854778689611649472,_EOPKG_TC-UN-f1-5-penalty3l-13_loan_v1_v5_simulated_GATv2,_EOPKG_TC-UN-f1-5-penalty3l,13,train_candidate_prediction_entropy,0,1780841929223,0.190691772682536
learn,EOPKG,EOPKGTopologyConditioned,a9ec65c003b14176b0d853a15471bbbb,854778689611649472,_EOPKG_TC-UN-f1-5-penalty3l-13_loan_v1_v5_simulated_GATv2,_EOPKG_TC-UN-f1-5-penalty3l,13,train_candidate_prediction_entropy,0,1780842175264,0.1879306409170404
learn,EOPKG,EOPKGTopologyConditioned,a9ec65c003b14176b0d853a15471bbbb,854778689611649472,_EOPKG_TC-UN-f1-5-penalty3l-13_loan_v1_v5_simulated_GATv2,_EOPKG_TC-UN-f1-5-penalty3l,13,train_candidate_prediction_entropy,0,1780842175264,0.1879306409170404
learn,EOPKG,EOPKGTopologyConditioned,a9ec65c003b14176b0d853a15471bbbb,854778689611649472,_EOPKG_TC-UN-f1-5-penalty3l-13_loan_v1_v5_simulated_GATv2,_EOPKG_TC-UN-f1-5-penalty3l,13,train_candidate_prediction_entropy,0,1780842420444,0.18749234994757916
learn,EOPKG,EOPKGTopologyConditioned,a9ec65c003b14176b0d853a15471bbbb,854778689611649472,_EOPKG_TC-UN-f1-5-penalty3l-13_loan_v1_v5_simulated_GATv2,_EOPKG_TC-UN-f1-5-penalty3l,13,train_candidate_prediction_entropy,0,1780842420444,0.18749234994757916
learn,EOPKG,EOPKGTopologyConditioned,a9ec65c003b14176b0d853a15471bbbb,854778689611649472,_EOPKG_TC-UN-f1-5-penalty3l-13_loan_v1_v5_simulated_GATv2,_EOPKG_TC-UN-f1-5-penalty3l,13,train_candidate_prediction_entropy,0,1780842668639,0.1853689225375747
learn,EOPKG,EOPKGTopologyConditioned,a9ec65c003b14176b0d853a15471bbbb,854778689611649472,_EOPKG_TC-UN-f1-5-penalty3l-13_loan_v1_v5_simulated_GATv2,_EOPKG_TC-UN-f1-5-penalty3l,13,train_candidate_prediction_entropy,0,1780842668639,0.1853689225375747
learn,EOPKG,EOPKGTopologyConditioned,a9ec65c003b14176b0d853a15471bbbb,854778689611649472,_EOPKG_TC-UN-f1-5-penalty3l-13_loan_v1_v5_simulated_GATv2,_EOPKG_TC-UN-f1-5-penalty3l,13,train_candidate_prediction_entropy,0,1780842915564,0.1840520030648606
learn,EOPKG,EOPKGTopologyConditioned,a9ec65c003b14176b0d853a15471bbbb,854778689611649472,_EOPKG_TC-UN-f1-5-penalty3l-13_loan_v1_v5_simulated_GATv2,_EOPKG_TC-UN-f1-5-penalty3l,13,train_candidate_prediction_entropy,0,1780842915564,0.1840520030648606
learn,EOPKG,EOPKGTopologyConditioned,a9ec65c003b14176b0d853a15471bbbb,854778689611649472,_EOPKG_TC-UN-f1-5-penalty3l-13_loan_v1_v5_simulated_GATv2,_EOPKG_TC-UN-f1-5-penalty3l,13,train_candidate_prediction_entropy,0,1780843165078,0.1863976046679888
learn,EOPKG,EOPKGTopologyConditioned,a9ec65c003b14176b0d853a15471bbbb,854778689611649472,_EOPKG_TC-UN-f1-5-penalty3l-13_loan_v1_v5_simulated_GATv2,_EOPKG_TC-UN-f1-5-penalty3l,13,train_candidate_prediction_entropy,0,1780843165078,0.1863976046679888
learn,EOPKG,EOPKGTopologyConditioned,a9ec65c003b14176b0d853a15471bbbb,854778689611649472,_EOPKG_TC-UN-f1-5-penalty3l-13_loan_v1_v5_simulated_GATv2,_EOPKG_TC-UN-f1-5-penalty3l,13,train_candidate_prediction_entropy,0,1780843414299,0.18205111765188708
learn,EOPKG,EOPKGTopologyConditioned,a9ec65c003b14176b0d853a15471bbbb,854778689611649472,_EOPKG_TC-UN-f1-5-penalty3l-13_loan_v1_v5_simulated_GATv2,_EOPKG_TC-UN-f1-5-penalty3l,13,train_candidate_prediction_entropy,0,1780843414299,0.18205111765188708
learn,EOPKG,EOPKGTopologyConditioned,a9ec65c003b14176b0d853a15471bbbb,854778689611649472,_EOPKG_TC-UN-f1-5-penalty3l-13_loan_v1_v5_simulated_GATv2,_EOPKG_TC-UN-f1-5-penalty3l,13,train_candidate_prediction_entropy,0,1780843662834,0.18147269124683402
learn,EOPKG,EOPKGTopologyConditioned,a9ec65c003b14176b0d853a15471bbbb,854778689611649472,_EOPKG_TC-UN-f1-5-penalty3l-13_loan_v1_v5_simulated_GATv2,_EOPKG_TC-UN-f1-5-penalty3l,13,train_candidate_prediction_entropy,0,1780843662834,0.18147269124683402
learn,EOPKG,EOPKGTopologyConditioned,a9ec65c003b14176b0d853a15471bbbb,854778689611649472,_EOPKG_TC-UN-f1-5-penalty3l-13_loan_v1_v5_simulated_GATv2,_EOPKG_TC-UN-f1-5-penalty3l,13,train_candidate_prediction_entropy,0,1780843909177,0.18160577010606166
learn,EOPKG,EOPKGTopologyConditioned,a9ec65c003b14176b0d853a15471bbbb,854778689611649472,_EOPKG_TC-UN-f1-5-penalty3l-13_loan_v1_v5_simulated_GATv2,_EOPKG_TC-UN-f1-5-penalty3l,13,train_candidate_prediction_entropy,0,1780843909177,0.18160577010606166
learn,EOPKG,EOPKGTopologyConditioned,a9ec65c003b14176b0d853a15471bbbb,854778689611649472,_EOPKG_TC-UN-f1-5-penalty3l-13_loan_v1_v5_simulated_GATv2,_EOPKG_TC-UN-f1-5-penalty3l,13,train_candidate_prediction_entropy,0,1780844155629,0.18023921573010462
learn,EOPKG,EOPKGTopologyConditioned,a9ec65c003b14176b0d853a15471bbbb,854778689611649472,_EOPKG_TC-UN-f1-5-penalty3l-13_loan_v1_v5_simulated_GATv2,_EOPKG_TC-UN-f1-5-penalty3l,13,train_candidate_prediction_entropy,0,1780844155629,0.18023921573010462
learn,EOPKG,EOPKGTopologyConditioned,a9ec65c003b14176b0d853a15471bbbb,854778689611649472,_EOPKG_TC-UN-f1-5-penalty3l-13_loan_v1_v5_simulated_GATv2,_EOPKG_TC-UN-f1-5-penalty3l,13,train_candidate_prediction_entropy,0,1780844401063,0.17918145557086684
learn,EOPKG,EOPKGTopologyConditioned,a9ec65c003b14176b0d853a15471bbbb,854778689611649472,_EOPKG_TC-UN-f1-5-penalty3l-13_loan_v1_v5_simulated_GATv2,_EOPKG_TC-UN-f1-5-penalty3l,13,train_candidate_prediction_entropy,0,1780844401063,0.17918145557086684
learn,EOPKG,EOPKGTopologyConditioned,a9ec65c003b14176b0d853a15471bbbb,854778689611649472,_EOPKG_TC-UN-f1-5-penalty3l-13_loan_v1_v5_simulated_GATv2,_EOPKG_TC-UN-f1-5-penalty3l,13,train_candidate_prediction_entropy,0,1780844648879,0.17864067278008772
learn,EOPKG,EOPKGTopologyConditioned,a9ec65c003b14176b0d853a15471bbbb,854778689611649472,_EOPKG_TC-UN-f1-5-penalty3l-13_loan_v1_v5_simulated_GATv2,_EOPKG_TC-UN-f1-5-penalty3l,13,train_candidate_prediction_entropy,0,1780844648879,0.17864067278008772
learn,EOPKG,EOPKGTopologyConditioned,a9ec65c003b14176b0d853a15471bbbb,854778689611649472,_EOPKG_TC-UN-f1-5-penalty3l-13_loan_v1_v5_simulated_GATv2,_EOPKG_TC-UN-f1-5-penalty3l,13,train_candidate_prediction_entropy,0,1780844897647,0.17861858366830172
learn,EOPKG,EOPKGTopologyConditioned,a9ec65c003b14176b0d853a15471bbbb,854778689611649472,_EOPKG_TC-UN-f1-5-penalty3l-13_loan_v1_v5_simulated_GATv2,_EOPKG_TC-UN-f1-5-penalty3l,13,train_candidate_prediction_entropy,0,1780844897647,0.17861858366830172
learn,EOPKG,EOPKGTopologyConditioned,a9ec65c003b14176b0d853a15471bbbb,854778689611649472,_EOPKG_TC-UN-f1-5-penalty3l-13_loan_v1_v5_simulated_GATv2,_EOPKG_TC-UN-f1-5-penalty3l,13,train_candidate_prediction_entropy,0,1780845149203,0.17760036198721402
learn,EOPKG,EOPKGTopologyConditioned,a9ec65c003b14176b0d853a15471bbbb,854778689611649472,_EOPKG_TC-UN-f1-5-penalty3l-13_loan_v1_v5_simulated_GATv2,_EOPKG_TC-UN-f1-5-penalty3l,13,train_candidate_prediction_entropy,0,1780845149203,0.17760036198721402
learn,EOPKG,EOPKGTopologyConditioned,a9ec65c003b14176b0d853a15471bbbb,854778689611649472,_EOPKG_TC-UN-f1-5-penalty3l-13_loan_v1_v5_simulated_GATv2,_EOPKG_TC-UN-f1-5-penalty3l,13,train_candidate_prediction_entropy,0,1780845393495,0.17750014924993576
learn,EOPKG,EOPKGTopologyConditioned,a9ec65c003b14176b0d853a15471bbbb,854778689611649472,_EOPKG_TC-UN-f1-5-penalty3l-13_loan_v1_v5_simulated_GATv2,_EOPKG_TC-UN-f1-5-penalty3l,13,train_candidate_prediction_entropy,0,1780845393495,0.17750014924993576
learn,EOPKG,EOPKGTopologyConditioned,a9ec65c003b14176b0d853a15471bbbb,854778689611649472,_EOPKG_TC-UN-f1-5-penalty3l-13_loan_v1_v5_simulated_GATv2,_EOPKG_TC-UN-f1-5-penalty3l,13,train_candidate_prediction_entropy,0,1780845640595,0.17890490764464786
learn,EOPKG,EOPKGTopologyConditioned,a9ec65c003b14176b0d853a15471bbbb,854778689611649472,_EOPKG_TC-UN-f1-5-penalty3l-13_loan_v1_v5_simulated_GATv2,_EOPKG_TC-UN-f1-5-penalty3l,13,train_candidate_prediction_entropy,0,1780845640595,0.17890490764464786
learn,EOPKG,EOPKGTopologyConditioned,a9ec65c003b14176b0d853a15471bbbb,854778689611649472,_EOPKG_TC-UN-f1-5-penalty3l-13_loan_v1_v5_simulated_GATv2,_EOPKG_TC-UN-f1-5-penalty3l,13,train_candidate_prediction_entropy,0,1780845886174,0.17583417342842478
learn,EOPKG,EOPKGTopologyConditioned,a9ec65c003b14176b0d853a15471bbbb,854778689611649472,_EOPKG_TC-UN-f1-5-penalty3l-13_loan_v1_v5_simulated_GATv2,_EOPKG_TC-UN-f1-5-penalty3l,13,train_candidate_prediction_entropy,0,1780845886174,0.17583417342842478
learn,EOPKG,EOPKGTopologyConditioned,a9ec65c003b14176b0d853a15471bbbb,854778689611649472,_EOPKG_TC-UN-f1-5-penalty3l-13_loan_v1_v5_simulated_GATv2,_EOPKG_TC-UN-f1-5-penalty3l,13,train_candidate_prediction_entropy,0,1780846132995,0.1759629533618736
learn,EOPKG,EOPKGTopologyConditioned,a9ec65c003b14176b0d853a15471bbbb,854778689611649472,_EOPKG_TC-UN-f1-5-penalty3l-13_loan_v1_v5_simulated_GATv2,_EOPKG_TC-UN-f1-5-penalty3l,13,train_candidate_prediction_entropy,0,1780846132995,0.1759629533618736
learn,EOPKG,EOPKGTopologyConditioned,a9ec65c003b14176b0d853a15471bbbb,854778689611649472,_EOPKG_TC-UN-f1-5-penalty3l-13_loan_v1_v5_simulated_GATv2,_EOPKG_TC-UN-f1-5-penalty3l,13,train_candidate_prediction_entropy,0,1780846381171,0.17391341677104347
learn,EOPKG,EOPKGTopologyConditioned,a9ec65c003b14176b0d853a15471bbbb,854778689611649472,_EOPKG_TC-UN-f1-5-penalty3l-13_loan_v1_v5_simulated_GATv2,_EOPKG_TC-UN-f1-5-penalty3l,13,train_candidate_prediction_entropy,0,1780846381171,0.17391341677104347
learn,EOPKG,EOPKGTopologyConditioned,a9ec65c003b14176b0d853a15471bbbb,854778689611649472,_EOPKG_TC-UN-f1-5-penalty3l-13_loan_v1_v5_simulated_GATv2,_EOPKG_TC-UN-f1-5-penalty3l,13,train_candidate_prediction_entropy,0,1780846626423,0.17541556638356043
learn,EOPKG,EOPKGTopologyConditioned,a9ec65c003b14176b0d853a15471bbbb,854778689611649472,_EOPKG_TC-UN-f1-5-penalty3l-13_loan_v1_v5_simulated_GATv2,_EOPKG_TC-UN-f1-5-penalty3l,13,train_candidate_prediction_entropy,0,1780846626423,0.17541556638356043
learn,EOPKG,EOPKGTopologyConditioned,b8f6130db97f4f28b27d4528497aa1f3,854778689611649472,_EOPKG_TC-UN-f1-5-penalty3l-55_loan_v1_v5_simulated_GATv2,_EOPKG_TC-UN-f1-5-penalty3l,55,train_candidate_prediction_entropy,0,1780851153092,0.6760703202556161
learn,EOPKG,EOPKGTopologyConditioned,b8f6130db97f4f28b27d4528497aa1f3,854778689611649472,_EOPKG_TC-UN-f1-5-penalty3l-55_loan_v1_v5_simulated_GATv2,_EOPKG_TC-UN-f1-5-penalty3l,55,train_candidate_prediction_entropy,0,1780851153092,0.6760703202556161
learn,EOPKG,EOPKGTopologyConditioned,b8f6130db97f4f28b27d4528497aa1f3,854778689611649472,_EOPKG_TC-UN-f1-5-penalty3l-55_loan_v1_v5_simulated_GATv2,_EOPKG_TC-UN-f1-5-penalty3l,55,train_candidate_prediction_entropy,0,1780851413285,0.27833605959229707
learn,EOPKG,EOPKGTopologyConditioned,b8f6130db97f4f28b27d4528497aa1f3,854778689611649472,_EOPKG_TC-UN-f1-5-penalty3l-55_loan_v1_v5_simulated_GATv2,_EOPKG_TC-UN-f1-5-penalty3l,55,train_candidate_prediction_entropy,0,1780851413285,0.27833605959229707
learn,EOPKG,EOPKGTopologyConditioned,b8f6130db97f4f28b27d4528497aa1f3,854778689611649472,_EOPKG_TC-UN-f1-5-penalty3l-55_loan_v1_v5_simulated_GATv2,_EOPKG_TC-UN-f1-5-penalty3l,55,train_candidate_prediction_entropy,0,1780851663470,0.24342152662279118
learn,EOPKG,EOPKGTopologyConditioned,b8f6130db97f4f28b27d4528497aa1f3,854778689611649472,_EOPKG_TC-UN-f1-5-penalty3l-55_loan_v1_v5_simulated_GATv2,_EOPKG_TC-UN-f1-5-penalty3l,55,train_candidate_prediction_entropy,0,1780851663470,0.24342152662279118
learn,EOPKG,EOPKGTopologyConditioned,b8f6130db97f4f28b27d4528497aa1f3,854778689611649472,_EOPKG_TC-UN-f1-5-penalty3l-55_loan_v1_v5_simulated_GATv2,_EOPKG_TC-UN-f1-5-penalty3l,55,train_candidate_prediction_entropy,0,1780851910750,0.22138642366910397
learn,EOPKG,EOPKGTopologyConditioned,b8f6130db97f4f28b27d4528497aa1f3,854778689611649472,_EOPKG_TC-UN-f1-5-penalty3l-55_loan_v1_v5_simulated_GATv2,_EOPKG_TC-UN-f1-5-penalty3l,55,train_candidate_prediction_entropy,0,1780851910750,0.22138642366910397
learn,EOPKG,EOPKGTopologyConditioned,b8f6130db97f4f28b27d4528497aa1f3,854778689611649472,_EOPKG_TC-UN-f1-5-penalty3l-55_loan_v1_v5_simulated_GATv2,_EOPKG_TC-UN-f1-5-penalty3l,55,train_candidate_prediction_entropy,0,1780852161474,0.20907297418919202
learn,EOPKG,EOPKGTopologyConditioned,b8f6130db97f4f28b27d4528497aa1f3,854778689611649472,_EOPKG_TC-UN-f1-5-penalty3l-55_loan_v1_v5_simulated_GATv2,_EOPKG_TC-UN-f1-5-penalty3l,55,train_candidate_prediction_entropy,0,1780852161474,0.20907297418919202
learn,EOPKG,EOPKGTopologyConditioned,b8f6130db97f4f28b27d4528497aa1f3,854778689611649472,_EOPKG_TC-UN-f1-5-penalty3l-55_loan_v1_v5_simulated_GATv2,_EOPKG_TC-UN-f1-5-penalty3l,55,train_candidate_prediction_entropy,0,1780852420718,0.20170389451027296
learn,EOPKG,EOPKGTopologyConditioned,b8f6130db97f4f28b27d4528497aa1f3,854778689611649472,_EOPKG_TC-UN-f1-5-penalty3l-55_loan_v1_v5_simulated_GATv2,_EOPKG_TC-UN-f1-5-penalty3l,55,train_candidate_prediction_entropy,0,1780852420718,0.20170389451027296
learn,EOPKG,EOPKGTopologyConditioned,b8f6130db97f4f28b27d4528497aa1f3,854778689611649472,_EOPKG_TC-UN-f1-5-penalty3l-55_loan_v1_v5_simulated_GATv2,_EOPKG_TC-UN-f1-5-penalty3l,55,train_candidate_prediction_entropy,0,1780852666302,0.19382029893809546
learn,EOPKG,EOPKGTopologyConditioned,b8f6130db97f4f28b27d4528497aa1f3,854778689611649472,_EOPKG_TC-UN-f1-5-penalty3l-55_loan_v1_v5_simulated_GATv2,_EOPKG_TC-UN-f1-5-penalty3l,55,train_candidate_prediction_entropy,0,1780852666302,0.19382029893809546
learn,EOPKG,EOPKGTopologyConditioned,b8f6130db97f4f28b27d4528497aa1f3,854778689611649472,_EOPKG_TC-UN-f1-5-penalty3l-55_loan_v1_v5_simulated_GATv2,_EOPKG_TC-UN-f1-5-penalty3l,55,train_candidate_prediction_entropy,0,1780852915443,0.18882654503058932
learn,EOPKG,EOPKGTopologyConditioned,b8f6130db97f4f28b27d4528497aa1f3,854778689611649472,_EOPKG_TC-UN-f1-5-penalty3l-55_loan_v1_v5_simulated_GATv2,_EOPKG_TC-UN-f1-5-penalty3l,55,train_candidate_prediction_entropy,0,1780852915443,0.18882654503058932
learn,EOPKG,EOPKGTopologyConditioned,b8f6130db97f4f28b27d4528497aa1f3,854778689611649472,_EOPKG_TC-UN-f1-5-penalty3l-55_loan_v1_v5_simulated_GATv2,_EOPKG_TC-UN-f1-5-penalty3l,55,train_candidate_prediction_entropy,0,1780853170976,0.1851041074042669
learn,EOPKG,EOPKGTopologyConditioned,b8f6130db97f4f28b27d4528497aa1f3,854778689611649472,_EOPKG_TC-UN-f1-5-penalty3l-55_loan_v1_v5_simulated_GATv2,_EOPKG_TC-UN-f1-5-penalty3l,55,train_candidate_prediction_entropy,0,1780853170976,0.1851041074042669
learn,EOPKG,EOPKGTopologyConditioned,b8f6130db97f4f28b27d4528497aa1f3,854778689611649472,_EOPKG_TC-UN-f1-5-penalty3l-55_loan_v1_v5_simulated_GATv2,_EOPKG_TC-UN-f1-5-penalty3l,55,train_candidate_prediction_entropy,0,1780853418612,0.18166661485200467
learn,EOPKG,EOPKGTopologyConditioned,b8f6130db97f4f28b27d4528497aa1f3,854778689611649472,_EOPKG_TC-UN-f1-5-penalty3l-55_loan_v1_v5_simulated_GATv2,_EOPKG_TC-UN-f1-5-penalty3l,55,train_candidate_prediction_entropy,0,1780853418612,0.18166661485200467
learn,EOPKG,EOPKGTopologyConditioned,b8f6130db97f4f28b27d4528497aa1f3,854778689611649472,_EOPKG_TC-UN-f1-5-penalty3l-55_loan_v1_v5_simulated_GATv2,_EOPKG_TC-UN-f1-5-penalty3l,55,train_candidate_prediction_entropy,0,1780853672093,0.17885279251537944
learn,EOPKG,EOPKGTopologyConditioned,b8f6130db97f4f28b27d4528497aa1f3,854778689611649472,_EOPKG_TC-UN-f1-5-penalty3l-55_loan_v1_v5_simulated_GATv2,_EOPKG_TC-UN-f1-5-penalty3l,55,train_candidate_prediction_entropy,0,1780853672093,0.17885279251537944
learn,EOPKG,EOPKGTopologyConditioned,b8f6130db97f4f28b27d4528497aa1f3,854778689611649472,_EOPKG_TC-UN-f1-5-penalty3l-55_loan_v1_v5_simulated_GATv2,_EOPKG_TC-UN-f1-5-penalty3l,55,train_candidate_prediction_entropy,0,1780853920904,0.1760383664566686
learn,EOPKG,EOPKGTopologyConditioned,b8f6130db97f4f28b27d4528497aa1f3,854778689611649472,_EOPKG_TC-UN-f1-5-penalty3l-55_loan_v1_v5_simulated_GATv2,_EOPKG_TC-UN-f1-5-penalty3l,55,train_candidate_prediction_entropy,0,1780853920904,0.1760383664566686
learn,EOPKG,EOPKGTopologyConditioned,b8f6130db97f4f28b27d4528497aa1f3,854778689611649472,_EOPKG_TC-UN-f1-5-penalty3l-55_loan_v1_v5_simulated_GATv2,_EOPKG_TC-UN-f1-5-penalty3l,55,train_candidate_prediction_entropy,0,1780854169468,0.17508354115585645
learn,EOPKG,EOPKGTopologyConditioned,b8f6130db97f4f28b27d4528497aa1f3,854778689611649472,_EOPKG_TC-UN-f1-5-penalty3l-55_loan_v1_v5_simulated_GATv2,_EOPKG_TC-UN-f1-5-penalty3l,55,train_candidate_prediction_entropy,0,1780854169468,0.17508354115585645
learn,EOPKG,EOPKGTopologyConditioned,b8f6130db97f4f28b27d4528497aa1f3,854778689611649472,_EOPKG_TC-UN-f1-5-penalty3l-55_loan_v1_v5_simulated_GATv2,_EOPKG_TC-UN-f1-5-penalty3l,55,train_candidate_prediction_entropy,0,1780854456561,0.1712702570604501
learn,EOPKG,EOPKGTopologyConditioned,b8f6130db97f4f28b27d4528497aa1f3,854778689611649472,_EOPKG_TC-UN-f1-5-penalty3l-55_loan_v1_v5_simulated_GATv2,_EOPKG_TC-UN-f1-5-penalty3l,55,train_candidate_prediction_entropy,0,1780854456561,0.1712702570604501
learn,EOPKG,EOPKGTopologyConditioned,b8f6130db97f4f28b27d4528497aa1f3,854778689611649472,_EOPKG_TC-UN-f1-5-penalty3l-55_loan_v1_v5_simulated_GATv2,_EOPKG_TC-UN-f1-5-penalty3l,55,train_candidate_prediction_entropy,0,1780854739428,0.1725688203458566
learn,EOPKG,EOPKGTopologyConditioned,b8f6130db97f4f28b27d4528497aa1f3,854778689611649472,_EOPKG_TC-UN-f1-5-penalty3l-55_loan_v1_v5_simulated_GATv2,_EOPKG_TC-UN-f1-5-penalty3l,55,train_candidate_prediction_entropy,0,1780854739428,0.1725688203458566
learn,EOPKG,EOPKGTopologyConditioned,b8f6130db97f4f28b27d4528497aa1f3,854778689611649472,_EOPKG_TC-UN-f1-5-penalty3l-55_loan_v1_v5_simulated_GATv2,_EOPKG_TC-UN-f1-5-penalty3l,55,train_candidate_prediction_entropy,0,1780854982883,0.1695313618025359
learn,EOPKG,EOPKGTopologyConditioned,b8f6130db97f4f28b27d4528497aa1f3,854778689611649472,_EOPKG_TC-UN-f1-5-penalty3l-55_loan_v1_v5_simulated_GATv2,_EOPKG_TC-UN-f1-5-penalty3l,55,train_candidate_prediction_entropy,0,1780854982883,0.1695313618025359
learn,EOPKG,EOPKGTopologyConditioned,b8f6130db97f4f28b27d4528497aa1f3,854778689611649472,_EOPKG_TC-UN-f1-5-penalty3l-55_loan_v1_v5_simulated_GATv2,_EOPKG_TC-UN-f1-5-penalty3l,55,train_candidate_prediction_entropy,0,1780855226679,0.16721692221721898
learn,EOPKG,EOPKGTopologyConditioned,b8f6130db97f4f28b27d4528497aa1f3,854778689611649472,_EOPKG_TC-UN-f1-5-penalty3l-55_loan_v1_v5_simulated_GATv2,_EOPKG_TC-UN-f1-5-penalty3l,55,train_candidate_prediction_entropy,0,1780855226679,0.16721692221721898
learn,EOPKG,EOPKGTopologyConditioned,b8f6130db97f4f28b27d4528497aa1f3,854778689611649472,_EOPKG_TC-UN-f1-5-penalty3l-55_loan_v1_v5_simulated_GATv2,_EOPKG_TC-UN-f1-5-penalty3l,55,train_candidate_prediction_entropy,0,1780855470898,0.16720931961042704
learn,EOPKG,EOPKGTopologyConditioned,b8f6130db97f4f28b27d4528497aa1f3,854778689611649472,_EOPKG_TC-UN-f1-5-penalty3l-55_loan_v1_v5_simulated_GATv2,_EOPKG_TC-UN-f1-5-penalty3l,55,train_candidate_prediction_entropy,0,1780855470898,0.16720931961042704
learn,EOPKG,EOPKGTopologyConditioned,b8f6130db97f4f28b27d4528497aa1f3,854778689611649472,_EOPKG_TC-UN-f1-5-penalty3l-55_loan_v1_v5_simulated_GATv2,_EOPKG_TC-UN-f1-5-penalty3l,55,train_candidate_prediction_entropy,0,1780855707150,0.16586942306241473
learn,EOPKG,EOPKGTopologyConditioned,b8f6130db97f4f28b27d4528497aa1f3,854778689611649472,_EOPKG_TC-UN-f1-5-penalty3l-55_loan_v1_v5_simulated_GATv2,_EOPKG_TC-UN-f1-5-penalty3l,55,train_candidate_prediction_entropy,0,1780855707150,0.16586942306241473
learn,EOPKG,EOPKGTopologyConditioned,b8f6130db97f4f28b27d4528497aa1f3,854778689611649472,_EOPKG_TC-UN-f1-5-penalty3l-55_loan_v1_v5_simulated_GATv2,_EOPKG_TC-UN-f1-5-penalty3l,55,train_candidate_prediction_entropy,0,1780855953762,0.16425097297835614
learn,EOPKG,EOPKGTopologyConditioned,b8f6130db97f4f28b27d4528497aa1f3,854778689611649472,_EOPKG_TC-UN-f1-5-penalty3l-55_loan_v1_v5_simulated_GATv2,_EOPKG_TC-UN-f1-5-penalty3l,55,train_candidate_prediction_entropy,0,1780855953762,0.16425097297835614
learn,EOPKG,EOPKGTopologyConditioned,b8f6130db97f4f28b27d4528497aa1f3,854778689611649472,_EOPKG_TC-UN-f1-5-penalty3l-55_loan_v1_v5_simulated_GATv2,_EOPKG_TC-UN-f1-5-penalty3l,55,train_candidate_prediction_entropy,0,1780856195474,0.16630462572476065
learn,EOPKG,EOPKGTopologyConditioned,b8f6130db97f4f28b27d4528497aa1f3,854778689611649472,_EOPKG_TC-UN-f1-5-penalty3l-55_loan_v1_v5_simulated_GATv2,_EOPKG_TC-UN-f1-5-penalty3l,55,train_candidate_prediction_entropy,0,1780856195474,0.16630462572476065
learn,EOPKG,EOPKGTopologyConditioned,b8f6130db97f4f28b27d4528497aa1f3,854778689611649472,_EOPKG_TC-UN-f1-5-penalty3l-55_loan_v1_v5_simulated_GATv2,_EOPKG_TC-UN-f1-5-penalty3l,55,train_candidate_prediction_entropy,0,1780856432220,0.16433280732464903
learn,EOPKG,EOPKGTopologyConditioned,b8f6130db97f4f28b27d4528497aa1f3,854778689611649472,_EOPKG_TC-UN-f1-5-penalty3l-55_loan_v1_v5_simulated_GATv2,_EOPKG_TC-UN-f1-5-penalty3l,55,train_candidate_prediction_entropy,0,1780856432220,0.16433280732464903
learn,EOPKG,EOPKGTopologyConditioned,b8f6130db97f4f28b27d4528497aa1f3,854778689611649472,_EOPKG_TC-UN-f1-5-penalty3l-55_loan_v1_v5_simulated_GATv2,_EOPKG_TC-UN-f1-5-penalty3l,55,train_candidate_prediction_entropy,0,1780856665879,0.16296895906115944
learn,EOPKG,EOPKGTopologyConditioned,b8f6130db97f4f28b27d4528497aa1f3,854778689611649472,_EOPKG_TC-UN-f1-5-penalty3l-55_loan_v1_v5_simulated_GATv2,_EOPKG_TC-UN-f1-5-penalty3l,55,train_candidate_prediction_entropy,0,1780856665879,0.16296895906115944
learn,EOPKG,EOPKGTopologyConditioned,b8f6130db97f4f28b27d4528497aa1f3,854778689611649472,_EOPKG_TC-UN-f1-5-penalty3l-55_loan_v1_v5_simulated_GATv2,_EOPKG_TC-UN-f1-5-penalty3l,55,train_candidate_prediction_entropy,0,1780856899140,0.16553521426379775
learn,EOPKG,EOPKGTopologyConditioned,b8f6130db97f4f28b27d4528497aa1f3,854778689611649472,_EOPKG_TC-UN-f1-5-penalty3l-55_loan_v1_v5_simulated_GATv2,_EOPKG_TC-UN-f1-5-penalty3l,55,train_candidate_prediction_entropy,0,1780856899140,0.16553521426379775
learn,EOPKG,EOPKGTopologyConditioned,b8f6130db97f4f28b27d4528497aa1f3,854778689611649472,_EOPKG_TC-UN-f1-5-penalty3l-55_loan_v1_v5_simulated_GATv2,_EOPKG_TC-UN-f1-5-penalty3l,55,train_candidate_prediction_entropy,0,1780857160683,0.16180245580658056
learn,EOPKG,EOPKGTopologyConditioned,b8f6130db97f4f28b27d4528497aa1f3,854778689611649472,_EOPKG_TC-UN-f1-5-penalty3l-55_loan_v1_v5_simulated_GATv2,_EOPKG_TC-UN-f1-5-penalty3l,55,train_candidate_prediction_entropy,0,1780857160683,0.16180245580658056
learn,EOPKG,EOPKGTopologyConditioned,b8f6130db97f4f28b27d4528497aa1f3,854778689611649472,_EOPKG_TC-UN-f1-5-penalty3l-55_loan_v1_v5_simulated_GATv2,_EOPKG_TC-UN-f1-5-penalty3l,55,train_candidate_prediction_entropy,0,1780857410741,0.1633565013544169
learn,EOPKG,EOPKGTopologyConditioned,b8f6130db97f4f28b27d4528497aa1f3,854778689611649472,_EOPKG_TC-UN-f1-5-penalty3l-55_loan_v1_v5_simulated_GATv2,_EOPKG_TC-UN-f1-5-penalty3l,55,train_candidate_prediction_entropy,0,1780857410741,0.1633565013544169
learn,EOPKG,EOPKGTopologyConditioned,b8f6130db97f4f28b27d4528497aa1f3,854778689611649472,_EOPKG_TC-UN-f1-5-penalty3l-55_loan_v1_v5_simulated_GATv2,_EOPKG_TC-UN-f1-5-penalty3l,55,train_candidate_prediction_entropy,0,1780857662956,0.1597010266859031
learn,EOPKG,EOPKGTopologyConditioned,b8f6130db97f4f28b27d4528497aa1f3,854778689611649472,_EOPKG_TC-UN-f1-5-penalty3l-55_loan_v1_v5_simulated_GATv2,_EOPKG_TC-UN-f1-5-penalty3l,55,train_candidate_prediction_entropy,0,1780857662956,0.1597010266859031
learn,EOPKG,EOPKGTopologyConditioned,b8f6130db97f4f28b27d4528497aa1f3,854778689611649472,_EOPKG_TC-UN-f1-5-penalty3l-55_loan_v1_v5_simulated_GATv2,_EOPKG_TC-UN-f1-5-penalty3l,55,train_candidate_prediction_entropy,0,1780857912736,0.1610228197326342
learn,EOPKG,EOPKGTopologyConditioned,b8f6130db97f4f28b27d4528497aa1f3,854778689611649472,_EOPKG_TC-UN-f1-5-penalty3l-55_loan_v1_v5_simulated_GATv2,_EOPKG_TC-UN-f1-5-penalty3l,55,train_candidate_prediction_entropy,0,1780857912736,0.1610228197326342
learn,EOPKG,EOPKGTopologyConditioned,b8f6130db97f4f28b27d4528497aa1f3,854778689611649472,_EOPKG_TC-UN-f1-5-penalty3l-55_loan_v1_v5_simulated_GATv2,_EOPKG_TC-UN-f1-5-penalty3l,55,train_candidate_prediction_entropy,0,1780858157918,0.16105390183141954
learn,EOPKG,EOPKGTopologyConditioned,b8f6130db97f4f28b27d4528497aa1f3,854778689611649472,_EOPKG_TC-UN-f1-5-penalty3l-55_loan_v1_v5_simulated_GATv2,_EOPKG_TC-UN-f1-5-penalty3l,55,train_candidate_prediction_entropy,0,1780858157918,0.16105390183141954
learn,EOPKG,EOPKGTopologyConditioned,b8f6130db97f4f28b27d4528497aa1f3,854778689611649472,_EOPKG_TC-UN-f1-5-penalty3l-55_loan_v1_v5_simulated_GATv2,_EOPKG_TC-UN-f1-5-penalty3l,55,train_candidate_prediction_entropy,0,1780858409215,0.15931716372980032
learn,EOPKG,EOPKGTopologyConditioned,b8f6130db97f4f28b27d4528497aa1f3,854778689611649472,_EOPKG_TC-UN-f1-5-penalty3l-55_loan_v1_v5_simulated_GATv2,_EOPKG_TC-UN-f1-5-penalty3l,55,train_candidate_prediction_entropy,0,1780858409215,0.15931716372980032
learn,EOPKG,EOPKGTopologyConditioned,b8f6130db97f4f28b27d4528497aa1f3,854778689611649472,_EOPKG_TC-UN-f1-5-penalty3l-55_loan_v1_v5_simulated_GATv2,_EOPKG_TC-UN-f1-5-penalty3l,55,train_candidate_prediction_entropy,0,1780858663737,0.1606100558618673
learn,EOPKG,EOPKGTopologyConditioned,b8f6130db97f4f28b27d4528497aa1f3,854778689611649472,_EOPKG_TC-UN-f1-5-penalty3l-55_loan_v1_v5_simulated_GATv2,_EOPKG_TC-UN-f1-5-penalty3l,55,train_candidate_prediction_entropy,0,1780858663737,0.1606100558618673
learn,EOPKG,EOPKGTopologyConditioned,b8f6130db97f4f28b27d4528497aa1f3,854778689611649472,_EOPKG_TC-UN-f1-5-penalty3l-55_loan_v1_v5_simulated_GATv2,_EOPKG_TC-UN-f1-5-penalty3l,55,train_candidate_prediction_entropy,0,1780858912954,0.15998191808147535
learn,EOPKG,EOPKGTopologyConditioned,b8f6130db97f4f28b27d4528497aa1f3,854778689611649472,_EOPKG_TC-UN-f1-5-penalty3l-55_loan_v1_v5_simulated_GATv2,_EOPKG_TC-UN-f1-5-penalty3l,55,train_candidate_prediction_entropy,0,1780858912954,0.15998191808147535
learn,EOPKG,EOPKGTopologyConditioned,b8f6130db97f4f28b27d4528497aa1f3,854778689611649472,_EOPKG_TC-UN-f1-5-penalty3l-55_loan_v1_v5_simulated_GATv2,_EOPKG_TC-UN-f1-5-penalty3l,55,train_candidate_prediction_entropy,0,1780859161998,0.15826964133162946
learn,EOPKG,EOPKGTopologyConditioned,b8f6130db97f4f28b27d4528497aa1f3,854778689611649472,_EOPKG_TC-UN-f1-5-penalty3l-55_loan_v1_v5_simulated_GATv2,_EOPKG_TC-UN-f1-5-penalty3l,55,train_candidate_prediction_entropy,0,1780859161998,0.15826964133162946
learn,EOPKG,EOPKGTopologyConditioned,b8f6130db97f4f28b27d4528497aa1f3,854778689611649472,_EOPKG_TC-UN-f1-5-penalty3l-55_loan_v1_v5_simulated_GATv2,_EOPKG_TC-UN-f1-5-penalty3l,55,train_candidate_prediction_entropy,0,1780859406612,0.15768140449598786
learn,EOPKG,EOPKGTopologyConditioned,b8f6130db97f4f28b27d4528497aa1f3,854778689611649472,_EOPKG_TC-UN-f1-5-penalty3l-55_loan_v1_v5_simulated_GATv2,_EOPKG_TC-UN-f1-5-penalty3l,55,train_candidate_prediction_entropy,0,1780859406612,0.15768140449598786
learn,EOPKG,EOPKGTopologyConditioned,b8f6130db97f4f28b27d4528497aa1f3,854778689611649472,_EOPKG_TC-UN-f1-5-penalty3l-55_loan_v1_v5_simulated_GATv2,_EOPKG_TC-UN-f1-5-penalty3l,55,train_candidate_prediction_entropy,0,1780859654318,0.15850737792201375
learn,EOPKG,EOPKGTopologyConditioned,b8f6130db97f4f28b27d4528497aa1f3,854778689611649472,_EOPKG_TC-UN-f1-5-penalty3l-55_loan_v1_v5_simulated_GATv2,_EOPKG_TC-UN-f1-5-penalty3l,55,train_candidate_prediction_entropy,0,1780859654318,0.15850737792201375
learn,EOPKG,EOPKGTopologyConditioned,b8f6130db97f4f28b27d4528497aa1f3,854778689611649472,_EOPKG_TC-UN-f1-5-penalty3l-55_loan_v1_v5_simulated_GATv2,_EOPKG_TC-UN-f1-5-penalty3l,55,train_candidate_prediction_entropy,0,1780859899263,0.1583801634574164
learn,EOPKG,EOPKGTopologyConditioned,b8f6130db97f4f28b27d4528497aa1f3,854778689611649472,_EOPKG_TC-UN-f1-5-penalty3l-55_loan_v1_v5_simulated_GATv2,_EOPKG_TC-UN-f1-5-penalty3l,55,train_candidate_prediction_entropy,0,1780859899263,0.1583801634574164
learn,EOPKG,EOPKGTopologyConditioned,b8f6130db97f4f28b27d4528497aa1f3,854778689611649472,_EOPKG_TC-UN-f1-5-penalty3l-55_loan_v1_v5_simulated_GATv2,_EOPKG_TC-UN-f1-5-penalty3l,55,train_candidate_prediction_entropy,0,1780860152841,0.15677827283953255
learn,EOPKG,EOPKGTopologyConditioned,b8f6130db97f4f28b27d4528497aa1f3,854778689611649472,_EOPKG_TC-UN-f1-5-penalty3l-55_loan_v1_v5_simulated_GATv2,_EOPKG_TC-UN-f1-5-penalty3l,55,train_candidate_prediction_entropy,0,1780860152841,0.15677827283953255
learn,EOPKG,EOPKGTopologyConditioned,b8f6130db97f4f28b27d4528497aa1f3,854778689611649472,_EOPKG_TC-UN-f1-5-penalty3l-55_loan_v1_v5_simulated_GATv2,_EOPKG_TC-UN-f1-5-penalty3l,55,train_candidate_prediction_entropy,0,1780860619592,0.1555610389133326
learn,EOPKG,EOPKGTopologyConditioned,b8f6130db97f4f28b27d4528497aa1f3,854778689611649472,_EOPKG_TC-UN-f1-5-penalty3l-55_loan_v1_v5_simulated_GATv2,_EOPKG_TC-UN-f1-5-penalty3l,55,train_candidate_prediction_entropy,0,1780860619592,0.1555610389133326
learn,EOPKG,EOPKGTopologyConditioned,b8f6130db97f4f28b27d4528497aa1f3,854778689611649472,_EOPKG_TC-UN-f1-5-penalty3l-55_loan_v1_v5_simulated_GATv2,_EOPKG_TC-UN-f1-5-penalty3l,55,train_candidate_prediction_entropy,0,1780860985893,0.1557152528902116
learn,EOPKG,EOPKGTopologyConditioned,b8f6130db97f4f28b27d4528497aa1f3,854778689611649472,_EOPKG_TC-UN-f1-5-penalty3l-55_loan_v1_v5_simulated_GATv2,_EOPKG_TC-UN-f1-5-penalty3l,55,train_candidate_prediction_entropy,0,1780860985893,0.1557152528902116
learn,EOPKG,EOPKGTopologyConditioned,b8f6130db97f4f28b27d4528497aa1f3,854778689611649472,_EOPKG_TC-UN-f1-5-penalty3l-55_loan_v1_v5_simulated_GATv2,_EOPKG_TC-UN-f1-5-penalty3l,55,train_candidate_prediction_entropy,0,1780861493545,0.15546561278912147
learn,EOPKG,EOPKGTopologyConditioned,b8f6130db97f4f28b27d4528497aa1f3,854778689611649472,_EOPKG_TC-UN-f1-5-penalty3l-55_loan_v1_v5_simulated_GATv2,_EOPKG_TC-UN-f1-5-penalty3l,55,train_candidate_prediction_entropy,0,1780861493545,0.15546561278912147
learn,EOPKG,EOPKGTopologyConditioned,b8f6130db97f4f28b27d4528497aa1f3,854778689611649472,_EOPKG_TC-UN-f1-5-penalty3l-55_loan_v1_v5_simulated_GATv2,_EOPKG_TC-UN-f1-5-penalty3l,55,train_candidate_prediction_entropy,0,1780861918562,0.1546633168936534
learn,EOPKG,EOPKGTopologyConditioned,b8f6130db97f4f28b27d4528497aa1f3,854778689611649472,_EOPKG_TC-UN-f1-5-penalty3l-55_loan_v1_v5_simulated_GATv2,_EOPKG_TC-UN-f1-5-penalty3l,55,train_candidate_prediction_entropy,0,1780861918562,0.1546633168936534
learn,EOPKG,EOPKGTopologyConditioned,b8f6130db97f4f28b27d4528497aa1f3,854778689611649472,_EOPKG_TC-UN-f1-5-penalty3l-55_loan_v1_v5_simulated_GATv2,_EOPKG_TC-UN-f1-5-penalty3l,55,train_candidate_prediction_entropy,0,1780862421281,0.1536764689619003
learn,EOPKG,EOPKGTopologyConditioned,b8f6130db97f4f28b27d4528497aa1f3,854778689611649472,_EOPKG_TC-UN-f1-5-penalty3l-55_loan_v1_v5_simulated_GATv2,_EOPKG_TC-UN-f1-5-penalty3l,55,train_candidate_prediction_entropy,0,1780862421281,0.1536764689619003
learn,EOPKG,EOPKGTopologyConditioned,b8f6130db97f4f28b27d4528497aa1f3,854778689611649472,_EOPKG_TC-UN-f1-5-penalty3l-55_loan_v1_v5_simulated_GATv2,_EOPKG_TC-UN-f1-5-penalty3l,55,train_candidate_prediction_entropy,0,1780862893355,0.15513398339572126
learn,EOPKG,EOPKGTopologyConditioned,b8f6130db97f4f28b27d4528497aa1f3,854778689611649472,_EOPKG_TC-UN-f1-5-penalty3l-55_loan_v1_v5_simulated_GATv2,_EOPKG_TC-UN-f1-5-penalty3l,55,train_candidate_prediction_entropy,0,1780862893355,0.15513398339572126
learn,EOPKG,EOPKGTopologyConditioned,c9399e3109674246bfa4894487904d27,854778689611649472,_EOPKG_TC-UN-f1-5-penalty3l-99_loan_v1_v5_simulated_GATv2,_EOPKG_TC-UN-f1-5-penalty3l,99,train_candidate_prediction_entropy,0,1781381277489,0.6717826674302925
learn,EOPKG,EOPKGTopologyConditioned,c9399e3109674246bfa4894487904d27,854778689611649472,_EOPKG_TC-UN-f1-5-penalty3l-99_loan_v1_v5_simulated_GATv2,_EOPKG_TC-UN-f1-5-penalty3l,99,train_candidate_prediction_entropy,0,1781381277489,0.6717826674302925
learn,EOPKG,EOPKGTopologyConditioned,c9399e3109674246bfa4894487904d27,854778689611649472,_EOPKG_TC-UN-f1-5-penalty3l-99_loan_v1_v5_simulated_GATv2,_EOPKG_TC-UN-f1-5-penalty3l,99,train_candidate_prediction_entropy,0,1781381541212,0.28651557334466277
learn,EOPKG,EOPKGTopologyConditioned,c9399e3109674246bfa4894487904d27,854778689611649472,_EOPKG_TC-UN-f1-5-penalty3l-99_loan_v1_v5_simulated_GATv2,_EOPKG_TC-UN-f1-5-penalty3l,99,train_candidate_prediction_entropy,0,1781381541212,0.28651557334466277
learn,EOPKG,EOPKGTopologyConditioned,c9399e3109674246bfa4894487904d27,854778689611649472,_EOPKG_TC-UN-f1-5-penalty3l-99_loan_v1_v5_simulated_GATv2,_EOPKG_TC-UN-f1-5-penalty3l,99,train_candidate_prediction_entropy,0,1781381797899,0.24606016223779353
learn,EOPKG,EOPKGTopologyConditioned,c9399e3109674246bfa4894487904d27,854778689611649472,_EOPKG_TC-UN-f1-5-penalty3l-99_loan_v1_v5_simulated_GATv2,_EOPKG_TC-UN-f1-5-penalty3l,99,train_candidate_prediction_entropy,0,1781381797899,0.24606016223779353
learn,EOPKG,EOPKGTopologyConditioned,c9399e3109674246bfa4894487904d27,854778689611649472,_EOPKG_TC-UN-f1-5-penalty3l-99_loan_v1_v5_simulated_GATv2,_EOPKG_TC-UN-f1-5-penalty3l,99,train_candidate_prediction_entropy,0,1781382052903,0.22580533049443946
learn,EOPKG,EOPKGTopologyConditioned,c9399e3109674246bfa4894487904d27,854778689611649472,_EOPKG_TC-UN-f1-5-penalty3l-99_loan_v1_v5_simulated_GATv2,_EOPKG_TC-UN-f1-5-penalty3l,99,train_candidate_prediction_entropy,0,1781382052903,0.22580533049443946
learn,EOPKG,EOPKGTopologyConditioned,c9399e3109674246bfa4894487904d27,854778689611649472,_EOPKG_TC-UN-f1-5-penalty3l-99_loan_v1_v5_simulated_GATv2,_EOPKG_TC-UN-f1-5-penalty3l,99,train_candidate_prediction_entropy,0,1781382311745,0.21693909589929686
learn,EOPKG,EOPKGTopologyConditioned,c9399e3109674246bfa4894487904d27,854778689611649472,_EOPKG_TC-UN-f1-5-penalty3l-99_loan_v1_v5_simulated_GATv2,_EOPKG_TC-UN-f1-5-penalty3l,99,train_candidate_prediction_entropy,0,1781382311745,0.21693909589929686
learn,EOPKG,EOPKGTopologyConditioned,c9399e3109674246bfa4894487904d27,854778689611649472,_EOPKG_TC-UN-f1-5-penalty3l-99_loan_v1_v5_simulated_GATv2,_EOPKG_TC-UN-f1-5-penalty3l,99,train_candidate_prediction_entropy,0,1781382568036,0.2043092338596315
learn,EOPKG,EOPKGTopologyConditioned,c9399e3109674246bfa4894487904d27,854778689611649472,_EOPKG_TC-UN-f1-5-penalty3l-99_loan_v1_v5_simulated_GATv2,_EOPKG_TC-UN-f1-5-penalty3l,99,train_candidate_prediction_entropy,0,1781382568036,0.2043092338596315
learn,EOPKG,EOPKGTopologyConditioned,c9399e3109674246bfa4894487904d27,854778689611649472,_EOPKG_TC-UN-f1-5-penalty3l-99_loan_v1_v5_simulated_GATv2,_EOPKG_TC-UN-f1-5-penalty3l,99,train_candidate_prediction_entropy,0,1781382828822,0.20019963509232896
learn,EOPKG,EOPKGTopologyConditioned,c9399e3109674246bfa4894487904d27,854778689611649472,_EOPKG_TC-UN-f1-5-penalty3l-99_loan_v1_v5_simulated_GATv2,_EOPKG_TC-UN-f1-5-penalty3l,99,train_candidate_prediction_entropy,0,1781382828822,0.20019963509232896
learn,EOPKG,EOPKGTopologyConditioned,c9399e3109674246bfa4894487904d27,854778689611649472,_EOPKG_TC-UN-f1-5-penalty3l-99_loan_v1_v5_simulated_GATv2,_EOPKG_TC-UN-f1-5-penalty3l,99,train_candidate_prediction_entropy,0,1781383085139,0.1924954157660231
learn,EOPKG,EOPKGTopologyConditioned,c9399e3109674246bfa4894487904d27,854778689611649472,_EOPKG_TC-UN-f1-5-penalty3l-99_loan_v1_v5_simulated_GATv2,_EOPKG_TC-UN-f1-5-penalty3l,99,train_candidate_prediction_entropy,0,1781383085139,0.1924954157660231
learn,EOPKG,EOPKGTopologyConditioned,c9399e3109674246bfa4894487904d27,854778689611649472,_EOPKG_TC-UN-f1-5-penalty3l-99_loan_v1_v5_simulated_GATv2,_EOPKG_TC-UN-f1-5-penalty3l,99,train_candidate_prediction_entropy,0,1781383341583,0.19152797120127277
learn,EOPKG,EOPKGTopologyConditioned,c9399e3109674246bfa4894487904d27,854778689611649472,_EOPKG_TC-UN-f1-5-penalty3l-99_loan_v1_v5_simulated_GATv2,_EOPKG_TC-UN-f1-5-penalty3l,99,train_candidate_prediction_entropy,0,1781383341583,0.19152797120127277
learn,EOPKG,EOPKGTopologyConditioned,c9399e3109674246bfa4894487904d27,854778689611649472,_EOPKG_TC-UN-f1-5-penalty3l-99_loan_v1_v5_simulated_GATv2,_EOPKG_TC-UN-f1-5-penalty3l,99,train_candidate_prediction_entropy,0,1781383598511,0.18446149712573554
learn,EOPKG,EOPKGTopologyConditioned,c9399e3109674246bfa4894487904d27,854778689611649472,_EOPKG_TC-UN-f1-5-penalty3l-99_loan_v1_v5_simulated_GATv2,_EOPKG_TC-UN-f1-5-penalty3l,99,train_candidate_prediction_entropy,0,1781383598511,0.18446149712573554
learn,EOPKG,EOPKGTopologyConditioned,c9399e3109674246bfa4894487904d27,854778689611649472,_EOPKG_TC-UN-f1-5-penalty3l-99_loan_v1_v5_simulated_GATv2,_EOPKG_TC-UN-f1-5-penalty3l,99,train_candidate_prediction_entropy,0,1781383855650,0.1825424390112084
learn,EOPKG,EOPKGTopologyConditioned,c9399e3109674246bfa4894487904d27,854778689611649472,_EOPKG_TC-UN-f1-5-penalty3l-99_loan_v1_v5_simulated_GATv2,_EOPKG_TC-UN-f1-5-penalty3l,99,train_candidate_prediction_entropy,0,1781383855650,0.1825424390112084
learn,EOPKG,EOPKGTopologyConditioned,c9399e3109674246bfa4894487904d27,854778689611649472,_EOPKG_TC-UN-f1-5-penalty3l-99_loan_v1_v5_simulated_GATv2,_EOPKG_TC-UN-f1-5-penalty3l,99,train_candidate_prediction_entropy,0,1781384114620,0.1796816682445984
learn,EOPKG,EOPKGTopologyConditioned,c9399e3109674246bfa4894487904d27,854778689611649472,_EOPKG_TC-UN-f1-5-penalty3l-99_loan_v1_v5_simulated_GATv2,_EOPKG_TC-UN-f1-5-penalty3l,99,train_candidate_prediction_entropy,0,1781384114620,0.1796816682445984
learn,EOPKG,EOPKGTopologyConditioned,c9399e3109674246bfa4894487904d27,854778689611649472,_EOPKG_TC-UN-f1-5-penalty3l-99_loan_v1_v5_simulated_GATv2,_EOPKG_TC-UN-f1-5-penalty3l,99,train_candidate_prediction_entropy,0,1781384369864,0.17839663974431436
learn,EOPKG,EOPKGTopologyConditioned,c9399e3109674246bfa4894487904d27,854778689611649472,_EOPKG_TC-UN-f1-5-penalty3l-99_loan_v1_v5_simulated_GATv2,_EOPKG_TC-UN-f1-5-penalty3l,99,train_candidate_prediction_entropy,0,1781384369864,0.17839663974431436
learn,EOPKG,EOPKGTopologyConditioned,c9399e3109674246bfa4894487904d27,854778689611649472,_EOPKG_TC-UN-f1-5-penalty3l-99_loan_v1_v5_simulated_GATv2,_EOPKG_TC-UN-f1-5-penalty3l,99,train_candidate_prediction_entropy,0,1781384625536,0.1766500829205225
learn,EOPKG,EOPKGTopologyConditioned,c9399e3109674246bfa4894487904d27,854778689611649472,_EOPKG_TC-UN-f1-5-penalty3l-99_loan_v1_v5_simulated_GATv2,_EOPKG_TC-UN-f1-5-penalty3l,99,train_candidate_prediction_entropy,0,1781384625536,0.1766500829205225
learn,EOPKG,EOPKGTopologyConditioned,c9399e3109674246bfa4894487904d27,854778689611649472,_EOPKG_TC-UN-f1-5-penalty3l-99_loan_v1_v5_simulated_GATv2,_EOPKG_TC-UN-f1-5-penalty3l,99,train_candidate_prediction_entropy,0,1781384881252,0.17428766747726354
learn,EOPKG,EOPKGTopologyConditioned,c9399e3109674246bfa4894487904d27,854778689611649472,_EOPKG_TC-UN-f1-5-penalty3l-99_loan_v1_v5_simulated_GATv2,_EOPKG_TC-UN-f1-5-penalty3l,99,train_candidate_prediction_entropy,0,1781384881252,0.17428766747726354
learn,EOPKG,EOPKGTopologyConditioned,c9399e3109674246bfa4894487904d27,854778689611649472,_EOPKG_TC-UN-f1-5-penalty3l-99_loan_v1_v5_simulated_GATv2,_EOPKG_TC-UN-f1-5-penalty3l,99,train_candidate_prediction_entropy,0,1781385136083,0.17467660261451345
learn,EOPKG,EOPKGTopologyConditioned,c9399e3109674246bfa4894487904d27,854778689611649472,_EOPKG_TC-UN-f1-5-penalty3l-99_loan_v1_v5_simulated_GATv2,_EOPKG_TC-UN-f1-5-penalty3l,99,train_candidate_prediction_entropy,0,1781385136083,0.17467660261451345
learn,EOPKG,EOPKGTopologyConditioned,c9399e3109674246bfa4894487904d27,854778689611649472,_EOPKG_TC-UN-f1-5-penalty3l-99_loan_v1_v5_simulated_GATv2,_EOPKG_TC-UN-f1-5-penalty3l,99,train_candidate_prediction_entropy,0,1781385390761,0.17402613903314396
learn,EOPKG,EOPKGTopologyConditioned,c9399e3109674246bfa4894487904d27,854778689611649472,_EOPKG_TC-UN-f1-5-penalty3l-99_loan_v1_v5_simulated_GATv2,_EOPKG_TC-UN-f1-5-penalty3l,99,train_candidate_prediction_entropy,0,1781385390761,0.17402613903314396
learn,EOPKG,EOPKGTopologyConditioned,c9399e3109674246bfa4894487904d27,854778689611649472,_EOPKG_TC-UN-f1-5-penalty3l-99_loan_v1_v5_simulated_GATv2,_EOPKG_TC-UN-f1-5-penalty3l,99,train_candidate_prediction_entropy,0,1781385645680,0.17174784015917438
learn,EOPKG,EOPKGTopologyConditioned,c9399e3109674246bfa4894487904d27,854778689611649472,_EOPKG_TC-UN-f1-5-penalty3l-99_loan_v1_v5_simulated_GATv2,_EOPKG_TC-UN-f1-5-penalty3l,99,train_candidate_prediction_entropy,0,1781385645680,0.17174784015917438
learn,EOPKG,EOPKGTopologyConditioned,c9399e3109674246bfa4894487904d27,854778689611649472,_EOPKG_TC-UN-f1-5-penalty3l-99_loan_v1_v5_simulated_GATv2,_EOPKG_TC-UN-f1-5-penalty3l,99,train_candidate_prediction_entropy,0,1781385907169,0.17025141044858907
learn,EOPKG,EOPKGTopologyConditioned,c9399e3109674246bfa4894487904d27,854778689611649472,_EOPKG_TC-UN-f1-5-penalty3l-99_loan_v1_v5_simulated_GATv2,_EOPKG_TC-UN-f1-5-penalty3l,99,train_candidate_prediction_entropy,0,1781385907169,0.17025141044858907
learn,EOPKG,EOPKGTopologyConditioned,c9399e3109674246bfa4894487904d27,854778689611649472,_EOPKG_TC-UN-f1-5-penalty3l-99_loan_v1_v5_simulated_GATv2,_EOPKG_TC-UN-f1-5-penalty3l,99,train_candidate_prediction_entropy,0,1781386162940,0.16994212461792418
learn,EOPKG,EOPKGTopologyConditioned,c9399e3109674246bfa4894487904d27,854778689611649472,_EOPKG_TC-UN-f1-5-penalty3l-99_loan_v1_v5_simulated_GATv2,_EOPKG_TC-UN-f1-5-penalty3l,99,train_candidate_prediction_entropy,0,1781386162940,0.16994212461792418
learn,EOPKG,EOPKGTopologyConditioned,c9399e3109674246bfa4894487904d27,854778689611649472,_EOPKG_TC-UN-f1-5-penalty3l-99_loan_v1_v5_simulated_GATv2,_EOPKG_TC-UN-f1-5-penalty3l,99,train_candidate_prediction_entropy,0,1781386418233,0.16921594607479432
learn,EOPKG,EOPKGTopologyConditioned,c9399e3109674246bfa4894487904d27,854778689611649472,_EOPKG_TC-UN-f1-5-penalty3l-99_loan_v1_v5_simulated_GATv2,_EOPKG_TC-UN-f1-5-penalty3l,99,train_candidate_prediction_entropy,0,1781386418233,0.16921594607479432
learn,EOPKG,EOPKGTopologyConditioned,c9399e3109674246bfa4894487904d27,854778689611649472,_EOPKG_TC-UN-f1-5-penalty3l-99_loan_v1_v5_simulated_GATv2,_EOPKG_TC-UN-f1-5-penalty3l,99,train_candidate_prediction_entropy,0,1781386673009,0.16834241456229282
learn,EOPKG,EOPKGTopologyConditioned,c9399e3109674246bfa4894487904d27,854778689611649472,_EOPKG_TC-UN-f1-5-penalty3l-99_loan_v1_v5_simulated_GATv2,_EOPKG_TC-UN-f1-5-penalty3l,99,train_candidate_prediction_entropy,0,1781386673009,0.16834241456229282
learn,EOPKG,EOPKGTopologyConditioned,c9399e3109674246bfa4894487904d27,854778689611649472,_EOPKG_TC-UN-f1-5-penalty3l-99_loan_v1_v5_simulated_GATv2,_EOPKG_TC-UN-f1-5-penalty3l,99,train_candidate_prediction_entropy,0,1781386928944,0.168850526024124
learn,EOPKG,EOPKGTopologyConditioned,c9399e3109674246bfa4894487904d27,854778689611649472,_EOPKG_TC-UN-f1-5-penalty3l-99_loan_v1_v5_simulated_GATv2,_EOPKG_TC-UN-f1-5-penalty3l,99,train_candidate_prediction_entropy,0,1781386928944,0.168850526024124
learn,EOPKG,EOPKGTopologyConditioned,c9399e3109674246bfa4894487904d27,854778689611649472,_EOPKG_TC-UN-f1-5-penalty3l-99_loan_v1_v5_simulated_GATv2,_EOPKG_TC-UN-f1-5-penalty3l,99,train_candidate_prediction_entropy,0,1781387185253,0.1676479866328414
learn,EOPKG,EOPKGTopologyConditioned,c9399e3109674246bfa4894487904d27,854778689611649472,_EOPKG_TC-UN-f1-5-penalty3l-99_loan_v1_v5_simulated_GATv2,_EOPKG_TC-UN-f1-5-penalty3l,99,train_candidate_prediction_entropy,0,1781387185253,0.1676479866328414
learn,EOPKG,EOPKGTopologyConditioned,c9399e3109674246bfa4894487904d27,854778689611649472,_EOPKG_TC-UN-f1-5-penalty3l-99_loan_v1_v5_simulated_GATv2,_EOPKG_TC-UN-f1-5-penalty3l,99,train_candidate_prediction_entropy,0,1781387441946,0.16497566318805723
learn,EOPKG,EOPKGTopologyConditioned,c9399e3109674246bfa4894487904d27,854778689611649472,_EOPKG_TC-UN-f1-5-penalty3l-99_loan_v1_v5_simulated_GATv2,_EOPKG_TC-UN-f1-5-penalty3l,99,train_candidate_prediction_entropy,0,1781387441946,0.16497566318805723
learn,EOPKG,EOPKGTopologyConditioned,c9399e3109674246bfa4894487904d27,854778689611649472,_EOPKG_TC-UN-f1-5-penalty3l-99_loan_v1_v5_simulated_GATv2,_EOPKG_TC-UN-f1-5-penalty3l,99,train_candidate_prediction_entropy,0,1781387697731,0.16405249769623215
learn,EOPKG,EOPKGTopologyConditioned,c9399e3109674246bfa4894487904d27,854778689611649472,_EOPKG_TC-UN-f1-5-penalty3l-99_loan_v1_v5_simulated_GATv2,_EOPKG_TC-UN-f1-5-penalty3l,99,train_candidate_prediction_entropy,0,1781387697731,0.16405249769623215
learn,EOPKG,EOPKGTopologyConditioned,c9399e3109674246bfa4894487904d27,854778689611649472,_EOPKG_TC-UN-f1-5-penalty3l-99_loan_v1_v5_simulated_GATv2,_EOPKG_TC-UN-f1-5-penalty3l,99,train_candidate_prediction_entropy,0,1781387955348,0.16459057341508912
learn,EOPKG,EOPKGTopologyConditioned,c9399e3109674246bfa4894487904d27,854778689611649472,_EOPKG_TC-UN-f1-5-penalty3l-99_loan_v1_v5_simulated_GATv2,_EOPKG_TC-UN-f1-5-penalty3l,99,train_candidate_prediction_entropy,0,1781387955348,0.16459057341508912
learn,EOPKG,EOPKGTopologyConditioned,c9399e3109674246bfa4894487904d27,854778689611649472,_EOPKG_TC-UN-f1-5-penalty3l-99_loan_v1_v5_simulated_GATv2,_EOPKG_TC-UN-f1-5-penalty3l,99,train_candidate_prediction_entropy,0,1781388213717,0.16433756500008753
learn,EOPKG,EOPKGTopologyConditioned,c9399e3109674246bfa4894487904d27,854778689611649472,_EOPKG_TC-UN-f1-5-penalty3l-99_loan_v1_v5_simulated_GATv2,_EOPKG_TC-UN-f1-5-penalty3l,99,train_candidate_prediction_entropy,0,1781388213717,0.16433756500008753
learn,EOPKG,EOPKGTopologyConditioned,c9399e3109674246bfa4894487904d27,854778689611649472,_EOPKG_TC-UN-f1-5-penalty3l-99_loan_v1_v5_simulated_GATv2,_EOPKG_TC-UN-f1-5-penalty3l,99,train_candidate_prediction_entropy,0,1781388469266,0.1636542734025203
learn,EOPKG,EOPKGTopologyConditioned,c9399e3109674246bfa4894487904d27,854778689611649472,_EOPKG_TC-UN-f1-5-penalty3l-99_loan_v1_v5_simulated_GATv2,_EOPKG_TC-UN-f1-5-penalty3l,99,train_candidate_prediction_entropy,0,1781388469266,0.1636542734025203
learn,EOPKG,EOPKGTopologyConditioned,c9399e3109674246bfa4894487904d27,854778689611649472,_EOPKG_TC-UN-f1-5-penalty3l-99_loan_v1_v5_simulated_GATv2,_EOPKG_TC-UN-f1-5-penalty3l,99,train_candidate_prediction_entropy,0,1781388724697,0.16198073944672112
learn,EOPKG,EOPKGTopologyConditioned,c9399e3109674246bfa4894487904d27,854778689611649472,_EOPKG_TC-UN-f1-5-penalty3l-99_loan_v1_v5_simulated_GATv2,_EOPKG_TC-UN-f1-5-penalty3l,99,train_candidate_prediction_entropy,0,1781388724697,0.16198073944672112
learn,EOPKG,EOPKGTopologyConditioned,c9399e3109674246bfa4894487904d27,854778689611649472,_EOPKG_TC-UN-f1-5-penalty3l-99_loan_v1_v5_simulated_GATv2,_EOPKG_TC-UN-f1-5-penalty3l,99,train_candidate_prediction_entropy,0,1781388980438,0.16232895605941267
learn,EOPKG,EOPKGTopologyConditioned,c9399e3109674246bfa4894487904d27,854778689611649472,_EOPKG_TC-UN-f1-5-penalty3l-99_loan_v1_v5_simulated_GATv2,_EOPKG_TC-UN-f1-5-penalty3l,99,train_candidate_prediction_entropy,0,1781388980438,0.16232895605941267
learn,EOPKG,EOPKGTopologyConditioned,c9399e3109674246bfa4894487904d27,854778689611649472,_EOPKG_TC-UN-f1-5-penalty3l-99_loan_v1_v5_simulated_GATv2,_EOPKG_TC-UN-f1-5-penalty3l,99,train_candidate_prediction_entropy,0,1781389235873,0.161484533094687
learn,EOPKG,EOPKGTopologyConditioned,c9399e3109674246bfa4894487904d27,854778689611649472,_EOPKG_TC-UN-f1-5-penalty3l-99_loan_v1_v5_simulated_GATv2,_EOPKG_TC-UN-f1-5-penalty3l,99,train_candidate_prediction_entropy,0,1781389235873,0.161484533094687
learn,EOPKG,EOPKGTopologyConditioned,c9399e3109674246bfa4894487904d27,854778689611649472,_EOPKG_TC-UN-f1-5-penalty3l-99_loan_v1_v5_simulated_GATv2,_EOPKG_TC-UN-f1-5-penalty3l,99,train_candidate_prediction_entropy,0,1781389492870,0.16199921343967152
learn,EOPKG,EOPKGTopologyConditioned,c9399e3109674246bfa4894487904d27,854778689611649472,_EOPKG_TC-UN-f1-5-penalty3l-99_loan_v1_v5_simulated_GATv2,_EOPKG_TC-UN-f1-5-penalty3l,99,train_candidate_prediction_entropy,0,1781389492870,0.16199921343967152
learn,EOPKG,EOPKGTopologyConditioned,c9399e3109674246bfa4894487904d27,854778689611649472,_EOPKG_TC-UN-f1-5-penalty3l-99_loan_v1_v5_simulated_GATv2,_EOPKG_TC-UN-f1-5-penalty3l,99,train_candidate_prediction_entropy,0,1781389748452,0.16123579469744845
learn,EOPKG,EOPKGTopologyConditioned,c9399e3109674246bfa4894487904d27,854778689611649472,_EOPKG_TC-UN-f1-5-penalty3l-99_loan_v1_v5_simulated_GATv2,_EOPKG_TC-UN-f1-5-penalty3l,99,train_candidate_prediction_entropy,0,1781389748452,0.16123579469744845
learn,EOPKG,EOPKGTopologyConditioned,c9399e3109674246bfa4894487904d27,854778689611649472,_EOPKG_TC-UN-f1-5-penalty3l-99_loan_v1_v5_simulated_GATv2,_EOPKG_TC-UN-f1-5-penalty3l,99,train_candidate_prediction_entropy,0,1781390007182,0.15917643835984277
learn,EOPKG,EOPKGTopologyConditioned,c9399e3109674246bfa4894487904d27,854778689611649472,_EOPKG_TC-UN-f1-5-penalty3l-99_loan_v1_v5_simulated_GATv2,_EOPKG_TC-UN-f1-5-penalty3l,99,train_candidate_prediction_entropy,0,1781390007182,0.15917643835984277
learn,EOPKG,EOPKGTopologyConditioned,c9399e3109674246bfa4894487904d27,854778689611649472,_EOPKG_TC-UN-f1-5-penalty3l-99_loan_v1_v5_simulated_GATv2,_EOPKG_TC-UN-f1-5-penalty3l,99,train_candidate_prediction_entropy,0,1781390265112,0.15871558103870323
learn,EOPKG,EOPKGTopologyConditioned,c9399e3109674246bfa4894487904d27,854778689611649472,_EOPKG_TC-UN-f1-5-penalty3l-99_loan_v1_v5_simulated_GATv2,_EOPKG_TC-UN-f1-5-penalty3l,99,train_candidate_prediction_entropy,0,1781390265112,0.15871558103870323
learn,EOPKG,EOPKGTopologyConditioned,c9399e3109674246bfa4894487904d27,854778689611649472,_EOPKG_TC-UN-f1-5-penalty3l-99_loan_v1_v5_simulated_GATv2,_EOPKG_TC-UN-f1-5-penalty3l,99,train_candidate_prediction_entropy,0,1781390521387,0.1582542433150243
learn,EOPKG,EOPKGTopologyConditioned,c9399e3109674246bfa4894487904d27,854778689611649472,_EOPKG_TC-UN-f1-5-penalty3l-99_loan_v1_v5_simulated_GATv2,_EOPKG_TC-UN-f1-5-penalty3l,99,train_candidate_prediction_entropy,0,1781390521387,0.1582542433150243
learn,EOPKG,EOPKGTopologyConditioned,c9399e3109674246bfa4894487904d27,854778689611649472,_EOPKG_TC-UN-f1-5-penalty3l-99_loan_v1_v5_simulated_GATv2,_EOPKG_TC-UN-f1-5-penalty3l,99,train_candidate_prediction_entropy,0,1781390778319,0.15849157973579078
learn,EOPKG,EOPKGTopologyConditioned,c9399e3109674246bfa4894487904d27,854778689611649472,_EOPKG_TC-UN-f1-5-penalty3l-99_loan_v1_v5_simulated_GATv2,_EOPKG_TC-UN-f1-5-penalty3l,99,train_candidate_prediction_entropy,0,1781390778319,0.15849157973579078
learn,EOPKG,EOPKGTopologyConditioned,c9399e3109674246bfa4894487904d27,854778689611649472,_EOPKG_TC-UN-f1-5-penalty3l-99_loan_v1_v5_simulated_GATv2,_EOPKG_TC-UN-f1-5-penalty3l,99,train_candidate_prediction_entropy,0,1781391033681,0.15846494165958394
learn,EOPKG,EOPKGTopologyConditioned,c9399e3109674246bfa4894487904d27,854778689611649472,_EOPKG_TC-UN-f1-5-penalty3l-99_loan_v1_v5_simulated_GATv2,_EOPKG_TC-UN-f1-5-penalty3l,99,train_candidate_prediction_entropy,0,1781391033681,0.15846494165958394
learn,EOPKG,EOPKGTopologyConditioned,ebdfb988ea654392a4a4fc270f9e7c71,854778689611649472,_EOPKG_TC-UN-f1-5-penalty3l-67_loan_v1_v5_simulated_GATv2,_EOPKG_TC-UN-f1-5-penalty3l,67,train_candidate_prediction_entropy,0,1780673123120,0.687324321066253
learn,EOPKG,EOPKGTopologyConditioned,ebdfb988ea654392a4a4fc270f9e7c71,854778689611649472,_EOPKG_TC-UN-f1-5-penalty3l-67_loan_v1_v5_simulated_GATv2,_EOPKG_TC-UN-f1-5-penalty3l,67,train_candidate_prediction_entropy,0,1780673123120,0.687324321066253
learn,EOPKG,EOPKGTopologyConditioned,ebdfb988ea654392a4a4fc270f9e7c71,854778689611649472,_EOPKG_TC-UN-f1-5-penalty3l-67_loan_v1_v5_simulated_GATv2,_EOPKG_TC-UN-f1-5-penalty3l,67,train_candidate_prediction_entropy,0,1780673642023,0.2784579744257495
learn,EOPKG,EOPKGTopologyConditioned,ebdfb988ea654392a4a4fc270f9e7c71,854778689611649472,_EOPKG_TC-UN-f1-5-penalty3l-67_loan_v1_v5_simulated_GATv2,_EOPKG_TC-UN-f1-5-penalty3l,67,train_candidate_prediction_entropy,0,1780673642023,0.2784579744257495
learn,EOPKG,EOPKGTopologyConditioned,ebdfb988ea654392a4a4fc270f9e7c71,854778689611649472,_EOPKG_TC-UN-f1-5-penalty3l-67_loan_v1_v5_simulated_GATv2,_EOPKG_TC-UN-f1-5-penalty3l,67,train_candidate_prediction_entropy,0,1780674006478,0.24307862568545985
learn,EOPKG,EOPKGTopologyConditioned,ebdfb988ea654392a4a4fc270f9e7c71,854778689611649472,_EOPKG_TC-UN-f1-5-penalty3l-67_loan_v1_v5_simulated_GATv2,_EOPKG_TC-UN-f1-5-penalty3l,67,train_candidate_prediction_entropy,0,1780674006478,0.24307862568545985
learn,EOPKG,EOPKGTopologyConditioned,ebdfb988ea654392a4a4fc270f9e7c71,854778689611649472,_EOPKG_TC-UN-f1-5-penalty3l-67_loan_v1_v5_simulated_GATv2,_EOPKG_TC-UN-f1-5-penalty3l,67,train_candidate_prediction_entropy,0,1780674282066,0.22091294659245375
learn,EOPKG,EOPKGTopologyConditioned,ebdfb988ea654392a4a4fc270f9e7c71,854778689611649472,_EOPKG_TC-UN-f1-5-penalty3l-67_loan_v1_v5_simulated_GATv2,_EOPKG_TC-UN-f1-5-penalty3l,67,train_candidate_prediction_entropy,0,1780674282066,0.22091294659245375
learn,EOPKG,EOPKGTopologyConditioned,ebdfb988ea654392a4a4fc270f9e7c71,854778689611649472,_EOPKG_TC-UN-f1-5-penalty3l-67_loan_v1_v5_simulated_GATv2,_EOPKG_TC-UN-f1-5-penalty3l,67,train_candidate_prediction_entropy,0,1780674537020,0.2088420411811724
learn,EOPKG,EOPKGTopologyConditioned,ebdfb988ea654392a4a4fc270f9e7c71,854778689611649472,_EOPKG_TC-UN-f1-5-penalty3l-67_loan_v1_v5_simulated_GATv2,_EOPKG_TC-UN-f1-5-penalty3l,67,train_candidate_prediction_entropy,0,1780674537020,0.2088420411811724
learn,EOPKG,EOPKGTopologyConditioned,ebdfb988ea654392a4a4fc270f9e7c71,854778689611649472,_EOPKG_TC-UN-f1-5-penalty3l-67_loan_v1_v5_simulated_GATv2,_EOPKG_TC-UN-f1-5-penalty3l,67,train_candidate_prediction_entropy,0,1780674827692,0.20033797132523526
learn,EOPKG,EOPKGTopologyConditioned,ebdfb988ea654392a4a4fc270f9e7c71,854778689611649472,_EOPKG_TC-UN-f1-5-penalty3l-67_loan_v1_v5_simulated_GATv2,_EOPKG_TC-UN-f1-5-penalty3l,67,train_candidate_prediction_entropy,0,1780674827692,0.20033797132523526
learn,EOPKG,EOPKGTopologyConditioned,ebdfb988ea654392a4a4fc270f9e7c71,854778689611649472,_EOPKG_TC-UN-f1-5-penalty3l-67_loan_v1_v5_simulated_GATv2,_EOPKG_TC-UN-f1-5-penalty3l,67,train_candidate_prediction_entropy,0,1780675233361,0.19288980061801325
learn,EOPKG,EOPKGTopologyConditioned,ebdfb988ea654392a4a4fc270f9e7c71,854778689611649472,_EOPKG_TC-UN-f1-5-penalty3l-67_loan_v1_v5_simulated_GATv2,_EOPKG_TC-UN-f1-5-penalty3l,67,train_candidate_prediction_entropy,0,1780675233361,0.19288980061801325
learn,EOPKG,EOPKGTopologyConditioned,ebdfb988ea654392a4a4fc270f9e7c71,854778689611649472,_EOPKG_TC-UN-f1-5-penalty3l-67_loan_v1_v5_simulated_GATv2,_EOPKG_TC-UN-f1-5-penalty3l,67,train_candidate_prediction_entropy,0,1780675627298,0.18816932541909012
learn,EOPKG,EOPKGTopologyConditioned,ebdfb988ea654392a4a4fc270f9e7c71,854778689611649472,_EOPKG_TC-UN-f1-5-penalty3l-67_loan_v1_v5_simulated_GATv2,_EOPKG_TC-UN-f1-5-penalty3l,67,train_candidate_prediction_entropy,0,1780675627298,0.18816932541909012
learn,EOPKG,EOPKGTopologyConditioned,ebdfb988ea654392a4a4fc270f9e7c71,854778689611649472,_EOPKG_TC-UN-f1-5-penalty3l-67_loan_v1_v5_simulated_GATv2,_EOPKG_TC-UN-f1-5-penalty3l,67,train_candidate_prediction_entropy,0,1780675965738,0.18582288282427387
learn,EOPKG,EOPKGTopologyConditioned,ebdfb988ea654392a4a4fc270f9e7c71,854778689611649472,_EOPKG_TC-UN-f1-5-penalty3l-67_loan_v1_v5_simulated_GATv2,_EOPKG_TC-UN-f1-5-penalty3l,67,train_candidate_prediction_entropy,0,1780675965738,0.18582288282427387
learn,EOPKG,EOPKGTopologyConditioned,ebdfb988ea654392a4a4fc270f9e7c71,854778689611649472,_EOPKG_TC-UN-f1-5-penalty3l-67_loan_v1_v5_simulated_GATv2,_EOPKG_TC-UN-f1-5-penalty3l,67,train_candidate_prediction_entropy,0,1780676238039,0.18483122612315633
learn,EOPKG,EOPKGTopologyConditioned,ebdfb988ea654392a4a4fc270f9e7c71,854778689611649472,_EOPKG_TC-UN-f1-5-penalty3l-67_loan_v1_v5_simulated_GATv2,_EOPKG_TC-UN-f1-5-penalty3l,67,train_candidate_prediction_entropy,0,1780676238039,0.18483122612315633
learn,EOPKG,EOPKGTopologyConditioned,ebdfb988ea654392a4a4fc270f9e7c71,854778689611649472,_EOPKG_TC-UN-f1-5-penalty3l-67_loan_v1_v5_simulated_GATv2,_EOPKG_TC-UN-f1-5-penalty3l,67,train_candidate_prediction_entropy,0,1780676499003,0.1785316364351062
learn,EOPKG,EOPKGTopologyConditioned,ebdfb988ea654392a4a4fc270f9e7c71,854778689611649472,_EOPKG_TC-UN-f1-5-penalty3l-67_loan_v1_v5_simulated_GATv2,_EOPKG_TC-UN-f1-5-penalty3l,67,train_candidate_prediction_entropy,0,1780676499003,0.1785316364351062
learn,EOPKG,EOPKGTopologyConditioned,ebdfb988ea654392a4a4fc270f9e7c71,854778689611649472,_EOPKG_TC-UN-f1-5-penalty3l-67_loan_v1_v5_simulated_GATv2,_EOPKG_TC-UN-f1-5-penalty3l,67,train_candidate_prediction_entropy,0,1780676759549,0.17987567329681545
learn,EOPKG,EOPKGTopologyConditioned,ebdfb988ea654392a4a4fc270f9e7c71,854778689611649472,_EOPKG_TC-UN-f1-5-penalty3l-67_loan_v1_v5_simulated_GATv2,_EOPKG_TC-UN-f1-5-penalty3l,67,train_candidate_prediction_entropy,0,1780676759549,0.17987567329681545
learn,EOPKG,EOPKGTopologyConditioned,ebdfb988ea654392a4a4fc270f9e7c71,854778689611649472,_EOPKG_TC-UN-f1-5-penalty3l-67_loan_v1_v5_simulated_GATv2,_EOPKG_TC-UN-f1-5-penalty3l,67,train_candidate_prediction_entropy,0,1780677037770,0.17448808253995943
learn,EOPKG,EOPKGTopologyConditioned,ebdfb988ea654392a4a4fc270f9e7c71,854778689611649472,_EOPKG_TC-UN-f1-5-penalty3l-67_loan_v1_v5_simulated_GATv2,_EOPKG_TC-UN-f1-5-penalty3l,67,train_candidate_prediction_entropy,0,1780677037770,0.17448808253995943
learn,EOPKG,EOPKGTopologyConditioned,ebdfb988ea654392a4a4fc270f9e7c71,854778689611649472,_EOPKG_TC-UN-f1-5-penalty3l-67_loan_v1_v5_simulated_GATv2,_EOPKG_TC-UN-f1-5-penalty3l,67,train_candidate_prediction_entropy,0,1780677365104,0.17541343405463738
learn,EOPKG,EOPKGTopologyConditioned,ebdfb988ea654392a4a4fc270f9e7c71,854778689611649472,_EOPKG_TC-UN-f1-5-penalty3l-67_loan_v1_v5_simulated_GATv2,_EOPKG_TC-UN-f1-5-penalty3l,67,train_candidate_prediction_entropy,0,1780677365104,0.17541343405463738
learn,EOPKG,EOPKGTopologyConditioned,ebdfb988ea654392a4a4fc270f9e7c71,854778689611649472,_EOPKG_TC-UN-f1-5-penalty3l-67_loan_v1_v5_simulated_GATv2,_EOPKG_TC-UN-f1-5-penalty3l,67,train_candidate_prediction_entropy,0,1780677746616,0.17273664181912837
learn,EOPKG,EOPKGTopologyConditioned,ebdfb988ea654392a4a4fc270f9e7c71,854778689611649472,_EOPKG_TC-UN-f1-5-penalty3l-67_loan_v1_v5_simulated_GATv2,_EOPKG_TC-UN-f1-5-penalty3l,67,train_candidate_prediction_entropy,0,1780677746616,0.17273664181912837
learn,EOPKG,EOPKGTopologyConditioned,ebdfb988ea654392a4a4fc270f9e7c71,854778689611649472,_EOPKG_TC-UN-f1-5-penalty3l-67_loan_v1_v5_simulated_GATv2,_EOPKG_TC-UN-f1-5-penalty3l,67,train_candidate_prediction_entropy,0,1780678062064,0.16948247414277734
learn,EOPKG,EOPKGTopologyConditioned,ebdfb988ea654392a4a4fc270f9e7c71,854778689611649472,_EOPKG_TC-UN-f1-5-penalty3l-67_loan_v1_v5_simulated_GATv2,_EOPKG_TC-UN-f1-5-penalty3l,67,train_candidate_prediction_entropy,0,1780678062064,0.16948247414277734
learn,EOPKG,EOPKGTopologyConditioned,ebdfb988ea654392a4a4fc270f9e7c71,854778689611649472,_EOPKG_TC-UN-f1-5-penalty3l-67_loan_v1_v5_simulated_GATv2,_EOPKG_TC-UN-f1-5-penalty3l,67,train_candidate_prediction_entropy,0,1780678336913,0.17203318665251255
learn,EOPKG,EOPKGTopologyConditioned,ebdfb988ea654392a4a4fc270f9e7c71,854778689611649472,_EOPKG_TC-UN-f1-5-penalty3l-67_loan_v1_v5_simulated_GATv2,_EOPKG_TC-UN-f1-5-penalty3l,67,train_candidate_prediction_entropy,0,1780678336913,0.17203318665251255
learn,EOPKG,EOPKGTopologyConditioned,ebdfb988ea654392a4a4fc270f9e7c71,854778689611649472,_EOPKG_TC-UN-f1-5-penalty3l-67_loan_v1_v5_simulated_GATv2,_EOPKG_TC-UN-f1-5-penalty3l,67,train_candidate_prediction_entropy,0,1780678640193,0.1684105172871785
learn,EOPKG,EOPKGTopologyConditioned,ebdfb988ea654392a4a4fc270f9e7c71,854778689611649472,_EOPKG_TC-UN-f1-5-penalty3l-67_loan_v1_v5_simulated_GATv2,_EOPKG_TC-UN-f1-5-penalty3l,67,train_candidate_prediction_entropy,0,1780678640193,0.1684105172871785
learn,EOPKG,EOPKGTopologyConditioned,ebdfb988ea654392a4a4fc270f9e7c71,854778689611649472,_EOPKG_TC-UN-f1-5-penalty3l-67_loan_v1_v5_simulated_GATv2,_EOPKG_TC-UN-f1-5-penalty3l,67,train_candidate_prediction_entropy,0,1780679067596,0.16972446690397913
learn,EOPKG,EOPKGTopologyConditioned,ebdfb988ea654392a4a4fc270f9e7c71,854778689611649472,_EOPKG_TC-UN-f1-5-penalty3l-67_loan_v1_v5_simulated_GATv2,_EOPKG_TC-UN-f1-5-penalty3l,67,train_candidate_prediction_entropy,0,1780679067596,0.16972446690397913
learn,EOPKG,EOPKGTopologyConditioned,ebdfb988ea654392a4a4fc270f9e7c71,854778689611649472,_EOPKG_TC-UN-f1-5-penalty3l-67_loan_v1_v5_simulated_GATv2,_EOPKG_TC-UN-f1-5-penalty3l,67,train_candidate_prediction_entropy,0,1780679431784,0.16722971562219158
learn,EOPKG,EOPKGTopologyConditioned,ebdfb988ea654392a4a4fc270f9e7c71,854778689611649472,_EOPKG_TC-UN-f1-5-penalty3l-67_loan_v1_v5_simulated_GATv2,_EOPKG_TC-UN-f1-5-penalty3l,67,train_candidate_prediction_entropy,0,1780679431784,0.16722971562219158
learn,EOPKG,EOPKGTopologyConditioned,ebdfb988ea654392a4a4fc270f9e7c71,854778689611649472,_EOPKG_TC-UN-f1-5-penalty3l-67_loan_v1_v5_simulated_GATv2,_EOPKG_TC-UN-f1-5-penalty3l,67,train_candidate_prediction_entropy,0,1780679732367,0.16619393978096153
learn,EOPKG,EOPKGTopologyConditioned,ebdfb988ea654392a4a4fc270f9e7c71,854778689611649472,_EOPKG_TC-UN-f1-5-penalty3l-67_loan_v1_v5_simulated_GATv2,_EOPKG_TC-UN-f1-5-penalty3l,67,train_candidate_prediction_entropy,0,1780679732367,0.16619393978096153
learn,EOPKG,EOPKGTopologyConditioned,ebdfb988ea654392a4a4fc270f9e7c71,854778689611649472,_EOPKG_TC-UN-f1-5-penalty3l-67_loan_v1_v5_simulated_GATv2,_EOPKG_TC-UN-f1-5-penalty3l,67,train_candidate_prediction_entropy,0,1780679996255,0.16576316449287776
learn,EOPKG,EOPKGTopologyConditioned,ebdfb988ea654392a4a4fc270f9e7c71,854778689611649472,_EOPKG_TC-UN-f1-5-penalty3l-67_loan_v1_v5_simulated_GATv2,_EOPKG_TC-UN-f1-5-penalty3l,67,train_candidate_prediction_entropy,0,1780679996255,0.16576316449287776
learn,EOPKG,EOPKGTopologyConditioned,ebdfb988ea654392a4a4fc270f9e7c71,854778689611649472,_EOPKG_TC-UN-f1-5-penalty3l-67_loan_v1_v5_simulated_GATv2,_EOPKG_TC-UN-f1-5-penalty3l,67,train_candidate_prediction_entropy,0,1780680264151,0.16666065604205352
learn,EOPKG,EOPKGTopologyConditioned,ebdfb988ea654392a4a4fc270f9e7c71,854778689611649472,_EOPKG_TC-UN-f1-5-penalty3l-67_loan_v1_v5_simulated_GATv2,_EOPKG_TC-UN-f1-5-penalty3l,67,train_candidate_prediction_entropy,0,1780680264151,0.16666065604205352
learn,EOPKG,EOPKGTopologyConditioned,ebdfb988ea654392a4a4fc270f9e7c71,854778689611649472,_EOPKG_TC-UN-f1-5-penalty3l-67_loan_v1_v5_simulated_GATv2,_EOPKG_TC-UN-f1-5-penalty3l,67,train_candidate_prediction_entropy,0,1780680518354,0.16538447063469547
learn,EOPKG,EOPKGTopologyConditioned,ebdfb988ea654392a4a4fc270f9e7c71,854778689611649472,_EOPKG_TC-UN-f1-5-penalty3l-67_loan_v1_v5_simulated_GATv2,_EOPKG_TC-UN-f1-5-penalty3l,67,train_candidate_prediction_entropy,0,1780680518354,0.16538447063469547
learn,EOPKG,EOPKGTopologyConditioned,ebdfb988ea654392a4a4fc270f9e7c71,854778689611649472,_EOPKG_TC-UN-f1-5-penalty3l-67_loan_v1_v5_simulated_GATv2,_EOPKG_TC-UN-f1-5-penalty3l,67,train_candidate_prediction_entropy,0,1780680773262,0.1645685979098508
learn,EOPKG,EOPKGTopologyConditioned,ebdfb988ea654392a4a4fc270f9e7c71,854778689611649472,_EOPKG_TC-UN-f1-5-penalty3l-67_loan_v1_v5_simulated_GATv2,_EOPKG_TC-UN-f1-5-penalty3l,67,train_candidate_prediction_entropy,0,1780680773262,0.1645685979098508
learn,EOPKG,EOPKGTopologyConditioned,ebdfb988ea654392a4a4fc270f9e7c71,854778689611649472,_EOPKG_TC-UN-f1-5-penalty3l-67_loan_v1_v5_simulated_GATv2,_EOPKG_TC-UN-f1-5-penalty3l,67,train_candidate_prediction_entropy,0,1780681029861,0.16452142172781764
learn,EOPKG,EOPKGTopologyConditioned,ebdfb988ea654392a4a4fc270f9e7c71,854778689611649472,_EOPKG_TC-UN-f1-5-penalty3l-67_loan_v1_v5_simulated_GATv2,_EOPKG_TC-UN-f1-5-penalty3l,67,train_candidate_prediction_entropy,0,1780681029861,0.16452142172781764
learn,EOPKG,EOPKGTopologyConditioned,ebdfb988ea654392a4a4fc270f9e7c71,854778689611649472,_EOPKG_TC-UN-f1-5-penalty3l-67_loan_v1_v5_simulated_GATv2,_EOPKG_TC-UN-f1-5-penalty3l,67,train_candidate_prediction_entropy,0,1780681353751,0.16298397560566902
learn,EOPKG,EOPKGTopologyConditioned,ebdfb988ea654392a4a4fc270f9e7c71,854778689611649472,_EOPKG_TC-UN-f1-5-penalty3l-67_loan_v1_v5_simulated_GATv2,_EOPKG_TC-UN-f1-5-penalty3l,67,train_candidate_prediction_entropy,0,1780681353751,0.16298397560566902
learn,EOPKG,EOPKGTopologyConditioned,ebdfb988ea654392a4a4fc270f9e7c71,854778689611649472,_EOPKG_TC-UN-f1-5-penalty3l-67_loan_v1_v5_simulated_GATv2,_EOPKG_TC-UN-f1-5-penalty3l,67,train_candidate_prediction_entropy,0,1780681706477,0.1624861133769036
learn,EOPKG,EOPKGTopologyConditioned,ebdfb988ea654392a4a4fc270f9e7c71,854778689611649472,_EOPKG_TC-UN-f1-5-penalty3l-67_loan_v1_v5_simulated_GATv2,_EOPKG_TC-UN-f1-5-penalty3l,67,train_candidate_prediction_entropy,0,1780681706477,0.1624861133769036
learn,EOPKG,EOPKGTopologyConditioned,ebdfb988ea654392a4a4fc270f9e7c71,854778689611649472,_EOPKG_TC-UN-f1-5-penalty3l-67_loan_v1_v5_simulated_GATv2,_EOPKG_TC-UN-f1-5-penalty3l,67,train_candidate_prediction_entropy,0,1780682217447,0.16325813105451284
learn,EOPKG,EOPKGTopologyConditioned,ebdfb988ea654392a4a4fc270f9e7c71,854778689611649472,_EOPKG_TC-UN-f1-5-penalty3l-67_loan_v1_v5_simulated_GATv2,_EOPKG_TC-UN-f1-5-penalty3l,67,train_candidate_prediction_entropy,0,1780682217447,0.16325813105451284
learn,EOPKG,EOPKGTopologyConditioned,ebdfb988ea654392a4a4fc270f9e7c71,854778689611649472,_EOPKG_TC-UN-f1-5-penalty3l-67_loan_v1_v5_simulated_GATv2,_EOPKG_TC-UN-f1-5-penalty3l,67,train_candidate_prediction_entropy,0,1780682639537,0.16132103839507164
learn,EOPKG,EOPKGTopologyConditioned,ebdfb988ea654392a4a4fc270f9e7c71,854778689611649472,_EOPKG_TC-UN-f1-5-penalty3l-67_loan_v1_v5_simulated_GATv2,_EOPKG_TC-UN-f1-5-penalty3l,67,train_candidate_prediction_entropy,0,1780682639537,0.16132103839507164
learn,EOPKG,EOPKGTopologyConditioned,ebdfb988ea654392a4a4fc270f9e7c71,854778689611649472,_EOPKG_TC-UN-f1-5-penalty3l-67_loan_v1_v5_simulated_GATv2,_EOPKG_TC-UN-f1-5-penalty3l,67,train_candidate_prediction_entropy,0,1780682918029,0.1625263541226167
learn,EOPKG,EOPKGTopologyConditioned,ebdfb988ea654392a4a4fc270f9e7c71,854778689611649472,_EOPKG_TC-UN-f1-5-penalty3l-67_loan_v1_v5_simulated_GATv2,_EOPKG_TC-UN-f1-5-penalty3l,67,train_candidate_prediction_entropy,0,1780682918029,0.1625263541226167
learn,EOPKG,EOPKGTopologyConditioned,ebdfb988ea654392a4a4fc270f9e7c71,854778689611649472,_EOPKG_TC-UN-f1-5-penalty3l-67_loan_v1_v5_simulated_GATv2,_EOPKG_TC-UN-f1-5-penalty3l,67,train_candidate_prediction_entropy,0,1780683219076,0.1612381542986925
learn,EOPKG,EOPKGTopologyConditioned,ebdfb988ea654392a4a4fc270f9e7c71,854778689611649472,_EOPKG_TC-UN-f1-5-penalty3l-67_loan_v1_v5_simulated_GATv2,_EOPKG_TC-UN-f1-5-penalty3l,67,train_candidate_prediction_entropy,0,1780683219076,0.1612381542986925
learn,EOPKG,EOPKGTopologyConditioned,ebdfb988ea654392a4a4fc270f9e7c71,854778689611649472,_EOPKG_TC-UN-f1-5-penalty3l-67_loan_v1_v5_simulated_GATv2,_EOPKG_TC-UN-f1-5-penalty3l,67,train_candidate_prediction_entropy,0,1780683566018,0.1604623993612909
learn,EOPKG,EOPKGTopologyConditioned,ebdfb988ea654392a4a4fc270f9e7c71,854778689611649472,_EOPKG_TC-UN-f1-5-penalty3l-67_loan_v1_v5_simulated_GATv2,_EOPKG_TC-UN-f1-5-penalty3l,67,train_candidate_prediction_entropy,0,1780683566018,0.1604623993612909
learn,EOPKG,EOPKGTopologyConditioned,ebdfb988ea654392a4a4fc270f9e7c71,854778689611649472,_EOPKG_TC-UN-f1-5-penalty3l-67_loan_v1_v5_simulated_GATv2,_EOPKG_TC-UN-f1-5-penalty3l,67,train_candidate_prediction_entropy,0,1780683880740,0.16162800242819353
learn,EOPKG,EOPKGTopologyConditioned,ebdfb988ea654392a4a4fc270f9e7c71,854778689611649472,_EOPKG_TC-UN-f1-5-penalty3l-67_loan_v1_v5_simulated_GATv2,_EOPKG_TC-UN-f1-5-penalty3l,67,train_candidate_prediction_entropy,0,1780683880740,0.16162800242819353
learn,EOPKG,EOPKGTopologyConditioned,ebdfb988ea654392a4a4fc270f9e7c71,854778689611649472,_EOPKG_TC-UN-f1-5-penalty3l-67_loan_v1_v5_simulated_GATv2,_EOPKG_TC-UN-f1-5-penalty3l,67,train_candidate_prediction_entropy,0,1780684194240,0.15953894991232215
learn,EOPKG,EOPKGTopologyConditioned,ebdfb988ea654392a4a4fc270f9e7c71,854778689611649472,_EOPKG_TC-UN-f1-5-penalty3l-67_loan_v1_v5_simulated_GATv2,_EOPKG_TC-UN-f1-5-penalty3l,67,train_candidate_prediction_entropy,0,1780684194240,0.15953894991232215
learn,EOPKG,EOPKGTopologyConditioned,ebdfb988ea654392a4a4fc270f9e7c71,854778689611649472,_EOPKG_TC-UN-f1-5-penalty3l-67_loan_v1_v5_simulated_GATv2,_EOPKG_TC-UN-f1-5-penalty3l,67,train_candidate_prediction_entropy,0,1780684515878,0.159202375145709
learn,EOPKG,EOPKGTopologyConditioned,ebdfb988ea654392a4a4fc270f9e7c71,854778689611649472,_EOPKG_TC-UN-f1-5-penalty3l-67_loan_v1_v5_simulated_GATv2,_EOPKG_TC-UN-f1-5-penalty3l,67,train_candidate_prediction_entropy,0,1780684515878,0.159202375145709
learn,EOPKG,EOPKGTopologyConditioned,ebdfb988ea654392a4a4fc270f9e7c71,854778689611649472,_EOPKG_TC-UN-f1-5-penalty3l-67_loan_v1_v5_simulated_GATv2,_EOPKG_TC-UN-f1-5-penalty3l,67,train_candidate_prediction_entropy,0,1780684787402,0.15884485746036464
learn,EOPKG,EOPKGTopologyConditioned,ebdfb988ea654392a4a4fc270f9e7c71,854778689611649472,_EOPKG_TC-UN-f1-5-penalty3l-67_loan_v1_v5_simulated_GATv2,_EOPKG_TC-UN-f1-5-penalty3l,67,train_candidate_prediction_entropy,0,1780684787402,0.15884485746036464
learn,EOPKG,EOPKGTopologyConditioned,ebdfb988ea654392a4a4fc270f9e7c71,854778689611649472,_EOPKG_TC-UN-f1-5-penalty3l-67_loan_v1_v5_simulated_GATv2,_EOPKG_TC-UN-f1-5-penalty3l,67,train_candidate_prediction_entropy,0,1780685047222,0.15962093764107632
learn,EOPKG,EOPKGTopologyConditioned,ebdfb988ea654392a4a4fc270f9e7c71,854778689611649472,_EOPKG_TC-UN-f1-5-penalty3l-67_loan_v1_v5_simulated_GATv2,_EOPKG_TC-UN-f1-5-penalty3l,67,train_candidate_prediction_entropy,0,1780685047222,0.15962093764107632
learn,EOPKG,EOPKGTopologyConditioned,ebdfb988ea654392a4a4fc270f9e7c71,854778689611649472,_EOPKG_TC-UN-f1-5-penalty3l-67_loan_v1_v5_simulated_GATv2,_EOPKG_TC-UN-f1-5-penalty3l,67,train_candidate_prediction_entropy,0,1780685302388,0.15802048568410978
learn,EOPKG,EOPKGTopologyConditioned,ebdfb988ea654392a4a4fc270f9e7c71,854778689611649472,_EOPKG_TC-UN-f1-5-penalty3l-67_loan_v1_v5_simulated_GATv2,_EOPKG_TC-UN-f1-5-penalty3l,67,train_candidate_prediction_entropy,0,1780685302388,0.15802048568410978
learn,EOPKG,EOPKGTopologyConditioned,ebdfb988ea654392a4a4fc270f9e7c71,854778689611649472,_EOPKG_TC-UN-f1-5-penalty3l-67_loan_v1_v5_simulated_GATv2,_EOPKG_TC-UN-f1-5-penalty3l,67,train_candidate_prediction_entropy,0,1780685556321,0.15751122370575493
learn,EOPKG,EOPKGTopologyConditioned,ebdfb988ea654392a4a4fc270f9e7c71,854778689611649472,_EOPKG_TC-UN-f1-5-penalty3l-67_loan_v1_v5_simulated_GATv2,_EOPKG_TC-UN-f1-5-penalty3l,67,train_candidate_prediction_entropy,0,1780685556321,0.15751122370575493
learn,EOPKG,EOPKGTopologyConditioned,ebdfb988ea654392a4a4fc270f9e7c71,854778689611649472,_EOPKG_TC-UN-f1-5-penalty3l-67_loan_v1_v5_simulated_GATv2,_EOPKG_TC-UN-f1-5-penalty3l,67,train_candidate_prediction_entropy,0,1780685810792,0.15880317188834916
learn,EOPKG,EOPKGTopologyConditioned,ebdfb988ea654392a4a4fc270f9e7c71,854778689611649472,_EOPKG_TC-UN-f1-5-penalty3l-67_loan_v1_v5_simulated_GATv2,_EOPKG_TC-UN-f1-5-penalty3l,67,train_candidate_prediction_entropy,0,1780685810792,0.15880317188834916
learn,EOPKG,EOPKGTopologyConditioned,ebdfb988ea654392a4a4fc270f9e7c71,854778689611649472,_EOPKG_TC-UN-f1-5-penalty3l-67_loan_v1_v5_simulated_GATv2,_EOPKG_TC-UN-f1-5-penalty3l,67,train_candidate_prediction_entropy,0,1780686073425,0.15678988100993424
learn,EOPKG,EOPKGTopologyConditioned,ebdfb988ea654392a4a4fc270f9e7c71,854778689611649472,_EOPKG_TC-UN-f1-5-penalty3l-67_loan_v1_v5_simulated_GATv2,_EOPKG_TC-UN-f1-5-penalty3l,67,train_candidate_prediction_entropy,0,1780686073425,0.15678988100993424
learn,EOPKG-WI,EOPKGTopologyConditionedWI,65fb28926d0d45709ad89ec7cf9aef59,854778689611649472,_EOPKG_WI-UN-f1-5-32_loan_v1_v5_simulated_GATv2,_EOPKG_WI-UN-f1-5,32,train_candidate_prediction_entropy,0,1781533351742,1.8112215286976583
learn,EOPKG-WI,EOPKGTopologyConditionedWI,65fb28926d0d45709ad89ec7cf9aef59,854778689611649472,_EOPKG_WI-UN-f1-5-32_loan_v1_v5_simulated_GATv2,_EOPKG_WI-UN-f1-5,32,train_candidate_prediction_entropy,0,1781533351742,1.8112215286976583
learn,EOPKG-WI,EOPKGTopologyConditionedWI,65fb28926d0d45709ad89ec7cf9aef59,854778689611649472,_EOPKG_WI-UN-f1-5-32_loan_v1_v5_simulated_GATv2,_EOPKG_WI-UN-f1-5,32,train_candidate_prediction_entropy,0,1781533723864,1.367207518632158
learn,EOPKG-WI,EOPKGTopologyConditionedWI,65fb28926d0d45709ad89ec7cf9aef59,854778689611649472,_EOPKG_WI-UN-f1-5-32_loan_v1_v5_simulated_GATv2,_EOPKG_WI-UN-f1-5,32,train_candidate_prediction_entropy,0,1781533723864,1.367207518632158
learn,EOPKG-WI,EOPKGTopologyConditionedWI,65fb28926d0d45709ad89ec7cf9aef59,854778689611649472,_EOPKG_WI-UN-f1-5-32_loan_v1_v5_simulated_GATv2,_EOPKG_WI-UN-f1-5,32,train_candidate_prediction_entropy,0,1781534086213,1.302024478942677
learn,EOPKG-WI,EOPKGTopologyConditionedWI,65fb28926d0d45709ad89ec7cf9aef59,854778689611649472,_EOPKG_WI-UN-f1-5-32_loan_v1_v5_simulated_GATv2,_EOPKG_WI-UN-f1-5,32,train_candidate_prediction_entropy,0,1781534086213,1.302024478942677
learn,EOPKG-WI,EOPKGTopologyConditionedWI,65fb28926d0d45709ad89ec7cf9aef59,854778689611649472,_EOPKG_WI-UN-f1-5-32_loan_v1_v5_simulated_GATv2,_EOPKG_WI-UN-f1-5,32,train_candidate_prediction_entropy,0,1781534482956,1.2554268299680447
learn,EOPKG-WI,EOPKGTopologyConditionedWI,65fb28926d0d45709ad89ec7cf9aef59,854778689611649472,_EOPKG_WI-UN-f1-5-32_loan_v1_v5_simulated_GATv2,_EOPKG_WI-UN-f1-5,32,train_candidate_prediction_entropy,0,1781534482956,1.2554268299680447
learn,EOPKG-WI,EOPKGTopologyConditionedWI,65fb28926d0d45709ad89ec7cf9aef59,854778689611649472,_EOPKG_WI-UN-f1-5-32_loan_v1_v5_simulated_GATv2,_EOPKG_WI-UN-f1-5,32,train_candidate_prediction_entropy,0,1781534686583,1.2354621158495238
learn,EOPKG-WI,EOPKGTopologyConditionedWI,65fb28926d0d45709ad89ec7cf9aef59,854778689611649472,_EOPKG_WI-UN-f1-5-32_loan_v1_v5_simulated_GATv2,_EOPKG_WI-UN-f1-5,32,train_candidate_prediction_entropy,0,1781534686583,1.2354621158495238
learn,EOPKG-WI,EOPKGTopologyConditionedWI,65fb28926d0d45709ad89ec7cf9aef59,854778689611649472,_EOPKG_WI-UN-f1-5-32_loan_v1_v5_simulated_GATv2,_EOPKG_WI-UN-f1-5,32,train_candidate_prediction_entropy,0,1781534842058,1.2079062390782307
learn,EOPKG-WI,EOPKGTopologyConditionedWI,65fb28926d0d45709ad89ec7cf9aef59,854778689611649472,_EOPKG_WI-UN-f1-5-32_loan_v1_v5_simulated_GATv2,_EOPKG_WI-UN-f1-5,32,train_candidate_prediction_entropy,0,1781534842058,1.2079062390782307
learn,EOPKG-WI,EOPKGTopologyConditionedWI,65fb28926d0d45709ad89ec7cf9aef59,854778689611649472,_EOPKG_WI-UN-f1-5-32_loan_v1_v5_simulated_GATv2,_EOPKG_WI-UN-f1-5,32,train_candidate_prediction_entropy,0,1781535118689,1.2257908925722059
learn,EOPKG-WI,EOPKGTopologyConditionedWI,65fb28926d0d45709ad89ec7cf9aef59,854778689611649472,_EOPKG_WI-UN-f1-5-32_loan_v1_v5_simulated_GATv2,_EOPKG_WI-UN-f1-5,32,train_candidate_prediction_entropy,0,1781535118689,1.2257908925722059
learn,EOPKG-WI,EOPKGTopologyConditionedWI,65fb28926d0d45709ad89ec7cf9aef59,854778689611649472,_EOPKG_WI-UN-f1-5-32_loan_v1_v5_simulated_GATv2,_EOPKG_WI-UN-f1-5,32,train_candidate_prediction_entropy,0,1781535485983,1.2120622622000206
learn,EOPKG-WI,EOPKGTopologyConditionedWI,65fb28926d0d45709ad89ec7cf9aef59,854778689611649472,_EOPKG_WI-UN-f1-5-32_loan_v1_v5_simulated_GATv2,_EOPKG_WI-UN-f1-5,32,train_candidate_prediction_entropy,0,1781535485983,1.2120622622000206
learn,EOPKG-WI,EOPKGTopologyConditionedWI,65fb28926d0d45709ad89ec7cf9aef59,854778689611649472,_EOPKG_WI-UN-f1-5-32_loan_v1_v5_simulated_GATv2,_EOPKG_WI-UN-f1-5,32,train_candidate_prediction_entropy,0,1781535767178,1.2047331932997287
learn,EOPKG-WI,EOPKGTopologyConditionedWI,65fb28926d0d45709ad89ec7cf9aef59,854778689611649472,_EOPKG_WI-UN-f1-5-32_loan_v1_v5_simulated_GATv2,_EOPKG_WI-UN-f1-5,32,train_candidate_prediction_entropy,0,1781535767178,1.2047331932997287
learn,EOPKG-WI,EOPKGTopologyConditionedWI,65fb28926d0d45709ad89ec7cf9aef59,854778689611649472,_EOPKG_WI-UN-f1-5-32_loan_v1_v5_simulated_GATv2,_EOPKG_WI-UN-f1-5,32,train_candidate_prediction_entropy,0,1781535910017,1.19713756835328
learn,EOPKG-WI,EOPKGTopologyConditionedWI,65fb28926d0d45709ad89ec7cf9aef59,854778689611649472,_EOPKG_WI-UN-f1-5-32_loan_v1_v5_simulated_GATv2,_EOPKG_WI-UN-f1-5,32,train_candidate_prediction_entropy,0,1781535910017,1.19713756835328
learn,EOPKG-WI,EOPKGTopologyConditionedWI,65fb28926d0d45709ad89ec7cf9aef59,854778689611649472,_EOPKG_WI-UN-f1-5-32_loan_v1_v5_simulated_GATv2,_EOPKG_WI-UN-f1-5,32,train_candidate_prediction_entropy,0,1781536188283,1.1857382938479013
learn,EOPKG-WI,EOPKGTopologyConditionedWI,65fb28926d0d45709ad89ec7cf9aef59,854778689611649472,_EOPKG_WI-UN-f1-5-32_loan_v1_v5_simulated_GATv2,_EOPKG_WI-UN-f1-5,32,train_candidate_prediction_entropy,0,1781536188283,1.1857382938479013
learn,EOPKG-WI,EOPKGTopologyConditionedWI,65fb28926d0d45709ad89ec7cf9aef59,854778689611649472,_EOPKG_WI-UN-f1-5-32_loan_v1_v5_simulated_GATv2,_EOPKG_WI-UN-f1-5,32,train_candidate_prediction_entropy,0,1781536425584,1.1712161625701407
learn,EOPKG-WI,EOPKGTopologyConditionedWI,65fb28926d0d45709ad89ec7cf9aef59,854778689611649472,_EOPKG_WI-UN-f1-5-32_loan_v1_v5_simulated_GATv2,_EOPKG_WI-UN-f1-5,32,train_candidate_prediction_entropy,0,1781536425584,1.1712161625701407
learn,EOPKG-WI,EOPKGTopologyConditionedWI,65fb28926d0d45709ad89ec7cf9aef59,854778689611649472,_EOPKG_WI-UN-f1-5-32_loan_v1_v5_simulated_GATv2,_EOPKG_WI-UN-f1-5,32,train_candidate_prediction_entropy,0,1781536618593,1.1902733814735291
learn,EOPKG-WI,EOPKGTopologyConditionedWI,65fb28926d0d45709ad89ec7cf9aef59,854778689611649472,_EOPKG_WI-UN-f1-5-32_loan_v1_v5_simulated_GATv2,_EOPKG_WI-UN-f1-5,32,train_candidate_prediction_entropy,0,1781536618593,1.1902733814735291
learn,EOPKG-WI,EOPKGTopologyConditionedWI,65fb28926d0d45709ad89ec7cf9aef59,854778689611649472,_EOPKG_WI-UN-f1-5-32_loan_v1_v5_simulated_GATv2,_EOPKG_WI-UN-f1-5,32,train_candidate_prediction_entropy,0,1781536790821,1.1572328498897946
learn,EOPKG-WI,EOPKGTopologyConditionedWI,65fb28926d0d45709ad89ec7cf9aef59,854778689611649472,_EOPKG_WI-UN-f1-5-32_loan_v1_v5_simulated_GATv2,_EOPKG_WI-UN-f1-5,32,train_candidate_prediction_entropy,0,1781536790821,1.1572328498897946
learn,EOPKG-WI,EOPKGTopologyConditionedWI,65fb28926d0d45709ad89ec7cf9aef59,854778689611649472,_EOPKG_WI-UN-f1-5-32_loan_v1_v5_simulated_GATv2,_EOPKG_WI-UN-f1-5,32,train_candidate_prediction_entropy,0,1781536948722,1.1363698794656034
learn,EOPKG-WI,EOPKGTopologyConditionedWI,65fb28926d0d45709ad89ec7cf9aef59,854778689611649472,_EOPKG_WI-UN-f1-5-32_loan_v1_v5_simulated_GATv2,_EOPKG_WI-UN-f1-5,32,train_candidate_prediction_entropy,0,1781536948722,1.1363698794656034
learn,EOPKG-WI,EOPKGTopologyConditionedWI,65fb28926d0d45709ad89ec7cf9aef59,854778689611649472,_EOPKG_WI-UN-f1-5-32_loan_v1_v5_simulated_GATv2,_EOPKG_WI-UN-f1-5,32,train_candidate_prediction_entropy,0,1781537084535,1.1539839556372602
learn,EOPKG-WI,EOPKGTopologyConditionedWI,65fb28926d0d45709ad89ec7cf9aef59,854778689611649472,_EOPKG_WI-UN-f1-5-32_loan_v1_v5_simulated_GATv2,_EOPKG_WI-UN-f1-5,32,train_candidate_prediction_entropy,0,1781537084535,1.1539839556372602
learn,EOPKG-WI,EOPKGTopologyConditionedWI,65fb28926d0d45709ad89ec7cf9aef59,854778689611649472,_EOPKG_WI-UN-f1-5-32_loan_v1_v5_simulated_GATv2,_EOPKG_WI-UN-f1-5,32,train_candidate_prediction_entropy,0,1781537399370,1.1332726690841215
learn,EOPKG-WI,EOPKGTopologyConditionedWI,65fb28926d0d45709ad89ec7cf9aef59,854778689611649472,_EOPKG_WI-UN-f1-5-32_loan_v1_v5_simulated_GATv2,_EOPKG_WI-UN-f1-5,32,train_candidate_prediction_entropy,0,1781537399370,1.1332726690841215
learn,EOPKG-WI,EOPKGTopologyConditionedWI,65fb28926d0d45709ad89ec7cf9aef59,854778689611649472,_EOPKG_WI-UN-f1-5-32_loan_v1_v5_simulated_GATv2,_EOPKG_WI-UN-f1-5,32,train_candidate_prediction_entropy,0,1781537608482,1.1225175979785587
learn,EOPKG-WI,EOPKGTopologyConditionedWI,65fb28926d0d45709ad89ec7cf9aef59,854778689611649472,_EOPKG_WI-UN-f1-5-32_loan_v1_v5_simulated_GATv2,_EOPKG_WI-UN-f1-5,32,train_candidate_prediction_entropy,0,1781537608482,1.1225175979785587
learn,EOPKG-WI,EOPKGTopologyConditionedWI,65fb28926d0d45709ad89ec7cf9aef59,854778689611649472,_EOPKG_WI-UN-f1-5-32_loan_v1_v5_simulated_GATv2,_EOPKG_WI-UN-f1-5,32,train_candidate_prediction_entropy,0,1781537812606,1.1121460371821028
learn,EOPKG-WI,EOPKGTopologyConditionedWI,65fb28926d0d45709ad89ec7cf9aef59,854778689611649472,_EOPKG_WI-UN-f1-5-32_loan_v1_v5_simulated_GATv2,_EOPKG_WI-UN-f1-5,32,train_candidate_prediction_entropy,0,1781537812606,1.1121460371821028
learn,EOPKG-WI,EOPKGTopologyConditionedWI,65fb28926d0d45709ad89ec7cf9aef59,854778689611649472,_EOPKG_WI-UN-f1-5-32_loan_v1_v5_simulated_GATv2,_EOPKG_WI-UN-f1-5,32,train_candidate_prediction_entropy,0,1781537948396,1.1101146317627548
learn,EOPKG-WI,EOPKGTopologyConditionedWI,65fb28926d0d45709ad89ec7cf9aef59,854778689611649472,_EOPKG_WI-UN-f1-5-32_loan_v1_v5_simulated_GATv2,_EOPKG_WI-UN-f1-5,32,train_candidate_prediction_entropy,0,1781537948396,1.1101146317627548
learn,EOPKG-WI,EOPKGTopologyConditionedWI,65fb28926d0d45709ad89ec7cf9aef59,854778689611649472,_EOPKG_WI-UN-f1-5-32_loan_v1_v5_simulated_GATv2,_EOPKG_WI-UN-f1-5,32,train_candidate_prediction_entropy,0,1781538137700,1.1074798069242833
learn,EOPKG-WI,EOPKGTopologyConditionedWI,65fb28926d0d45709ad89ec7cf9aef59,854778689611649472,_EOPKG_WI-UN-f1-5-32_loan_v1_v5_simulated_GATv2,_EOPKG_WI-UN-f1-5,32,train_candidate_prediction_entropy,0,1781538137700,1.1074798069242833
learn,EOPKG-WI,EOPKGTopologyConditionedWI,65fb28926d0d45709ad89ec7cf9aef59,854778689611649472,_EOPKG_WI-UN-f1-5-32_loan_v1_v5_simulated_GATv2,_EOPKG_WI-UN-f1-5,32,train_candidate_prediction_entropy,0,1781538298998,1.106621474548819
learn,EOPKG-WI,EOPKGTopologyConditionedWI,65fb28926d0d45709ad89ec7cf9aef59,854778689611649472,_EOPKG_WI-UN-f1-5-32_loan_v1_v5_simulated_GATv2,_EOPKG_WI-UN-f1-5,32,train_candidate_prediction_entropy,0,1781538298998,1.106621474548819
learn,EOPKG-WI,EOPKGTopologyConditionedWI,65fb28926d0d45709ad89ec7cf9aef59,854778689611649472,_EOPKG_WI-UN-f1-5-32_loan_v1_v5_simulated_GATv2,_EOPKG_WI-UN-f1-5,32,train_candidate_prediction_entropy,0,1781538420586,1.1118493766208521
learn,EOPKG-WI,EOPKGTopologyConditionedWI,65fb28926d0d45709ad89ec7cf9aef59,854778689611649472,_EOPKG_WI-UN-f1-5-32_loan_v1_v5_simulated_GATv2,_EOPKG_WI-UN-f1-5,32,train_candidate_prediction_entropy,0,1781538420586,1.1118493766208521
learn,EOPKG-WI,EOPKGTopologyConditionedWI,65fb28926d0d45709ad89ec7cf9aef59,854778689611649472,_EOPKG_WI-UN-f1-5-32_loan_v1_v5_simulated_GATv2,_EOPKG_WI-UN-f1-5,32,train_candidate_prediction_entropy,0,1781538545085,1.1027570983753294
learn,EOPKG-WI,EOPKGTopologyConditionedWI,65fb28926d0d45709ad89ec7cf9aef59,854778689611649472,_EOPKG_WI-UN-f1-5-32_loan_v1_v5_simulated_GATv2,_EOPKG_WI-UN-f1-5,32,train_candidate_prediction_entropy,0,1781538545085,1.1027570983753294
learn,EOPKG-WI,EOPKGTopologyConditionedWI,65fb28926d0d45709ad89ec7cf9aef59,854778689611649472,_EOPKG_WI-UN-f1-5-32_loan_v1_v5_simulated_GATv2,_EOPKG_WI-UN-f1-5,32,train_candidate_prediction_entropy,0,1781538655201,1.1027534140691468
learn,EOPKG-WI,EOPKGTopologyConditionedWI,65fb28926d0d45709ad89ec7cf9aef59,854778689611649472,_EOPKG_WI-UN-f1-5-32_loan_v1_v5_simulated_GATv2,_EOPKG_WI-UN-f1-5,32,train_candidate_prediction_entropy,0,1781538655201,1.1027534140691468
learn,EOPKG-WI,EOPKGTopologyConditionedWI,65fb28926d0d45709ad89ec7cf9aef59,854778689611649472,_EOPKG_WI-UN-f1-5-32_loan_v1_v5_simulated_GATv2,_EOPKG_WI-UN-f1-5,32,train_candidate_prediction_entropy,0,1781538775563,1.0949017258630458
learn,EOPKG-WI,EOPKGTopologyConditionedWI,65fb28926d0d45709ad89ec7cf9aef59,854778689611649472,_EOPKG_WI-UN-f1-5-32_loan_v1_v5_simulated_GATv2,_EOPKG_WI-UN-f1-5,32,train_candidate_prediction_entropy,0,1781538775563,1.0949017258630458
learn,EOPKG-WI,EOPKGTopologyConditionedWI,65fb28926d0d45709ad89ec7cf9aef59,854778689611649472,_EOPKG_WI-UN-f1-5-32_loan_v1_v5_simulated_GATv2,_EOPKG_WI-UN-f1-5,32,train_candidate_prediction_entropy,0,1781538915929,1.0818011671636367
learn,EOPKG-WI,EOPKGTopologyConditionedWI,65fb28926d0d45709ad89ec7cf9aef59,854778689611649472,_EOPKG_WI-UN-f1-5-32_loan_v1_v5_simulated_GATv2,_EOPKG_WI-UN-f1-5,32,train_candidate_prediction_entropy,0,1781538915929,1.0818011671636367
learn,EOPKG-WI,EOPKGTopologyConditionedWI,65fb28926d0d45709ad89ec7cf9aef59,854778689611649472,_EOPKG_WI-UN-f1-5-32_loan_v1_v5_simulated_GATv2,_EOPKG_WI-UN-f1-5,32,train_candidate_prediction_entropy,0,1781539074002,1.0909537072212026
learn,EOPKG-WI,EOPKGTopologyConditionedWI,65fb28926d0d45709ad89ec7cf9aef59,854778689611649472,_EOPKG_WI-UN-f1-5-32_loan_v1_v5_simulated_GATv2,_EOPKG_WI-UN-f1-5,32,train_candidate_prediction_entropy,0,1781539074002,1.0909537072212026
learn,EOPKG-WI,EOPKGTopologyConditionedWI,65fb28926d0d45709ad89ec7cf9aef59,854778689611649472,_EOPKG_WI-UN-f1-5-32_loan_v1_v5_simulated_GATv2,_EOPKG_WI-UN-f1-5,32,train_candidate_prediction_entropy,0,1781539242045,1.0937286304555751
learn,EOPKG-WI,EOPKGTopologyConditionedWI,65fb28926d0d45709ad89ec7cf9aef59,854778689611649472,_EOPKG_WI-UN-f1-5-32_loan_v1_v5_simulated_GATv2,_EOPKG_WI-UN-f1-5,32,train_candidate_prediction_entropy,0,1781539242045,1.0937286304555751
learn,EOPKG-WI,EOPKGTopologyConditionedWI,65fb28926d0d45709ad89ec7cf9aef59,854778689611649472,_EOPKG_WI-UN-f1-5-32_loan_v1_v5_simulated_GATv2,_EOPKG_WI-UN-f1-5,32,train_candidate_prediction_entropy,0,1781539400965,1.0984587147239662
learn,EOPKG-WI,EOPKGTopologyConditionedWI,65fb28926d0d45709ad89ec7cf9aef59,854778689611649472,_EOPKG_WI-UN-f1-5-32_loan_v1_v5_simulated_GATv2,_EOPKG_WI-UN-f1-5,32,train_candidate_prediction_entropy,0,1781539400965,1.0984587147239662
learn,EOPKG-WI,EOPKGTopologyConditionedWI,65fb28926d0d45709ad89ec7cf9aef59,854778689611649472,_EOPKG_WI-UN-f1-5-32_loan_v1_v5_simulated_GATv2,_EOPKG_WI-UN-f1-5,32,train_candidate_prediction_entropy,0,1781539528680,1.0797040014274548
learn,EOPKG-WI,EOPKGTopologyConditionedWI,65fb28926d0d45709ad89ec7cf9aef59,854778689611649472,_EOPKG_WI-UN-f1-5-32_loan_v1_v5_simulated_GATv2,_EOPKG_WI-UN-f1-5,32,train_candidate_prediction_entropy,0,1781539528680,1.0797040014274548
learn,EOPKG-WI,EOPKGTopologyConditionedWI,65fb28926d0d45709ad89ec7cf9aef59,854778689611649472,_EOPKG_WI-UN-f1-5-32_loan_v1_v5_simulated_GATv2,_EOPKG_WI-UN-f1-5,32,train_candidate_prediction_entropy,0,1781539647516,1.0898518814381053
learn,EOPKG-WI,EOPKGTopologyConditionedWI,65fb28926d0d45709ad89ec7cf9aef59,854778689611649472,_EOPKG_WI-UN-f1-5-32_loan_v1_v5_simulated_GATv2,_EOPKG_WI-UN-f1-5,32,train_candidate_prediction_entropy,0,1781539647516,1.0898518814381053
learn,EOPKG-WI,EOPKGTopologyConditionedWI,65fb28926d0d45709ad89ec7cf9aef59,854778689611649472,_EOPKG_WI-UN-f1-5-32_loan_v1_v5_simulated_GATv2,_EOPKG_WI-UN-f1-5,32,train_candidate_prediction_entropy,0,1781539776408,1.089715894625562
learn,EOPKG-WI,EOPKGTopologyConditionedWI,65fb28926d0d45709ad89ec7cf9aef59,854778689611649472,_EOPKG_WI-UN-f1-5-32_loan_v1_v5_simulated_GATv2,_EOPKG_WI-UN-f1-5,32,train_candidate_prediction_entropy,0,1781539776408,1.089715894625562
learn,EOPKG-WI,EOPKGTopologyConditionedWI,65fb28926d0d45709ad89ec7cf9aef59,854778689611649472,_EOPKG_WI-UN-f1-5-32_loan_v1_v5_simulated_GATv2,_EOPKG_WI-UN-f1-5,32,train_candidate_prediction_entropy,0,1781540021032,1.089451445305101
learn,EOPKG-WI,EOPKGTopologyConditionedWI,65fb28926d0d45709ad89ec7cf9aef59,854778689611649472,_EOPKG_WI-UN-f1-5-32_loan_v1_v5_simulated_GATv2,_EOPKG_WI-UN-f1-5,32,train_candidate_prediction_entropy,0,1781540021032,1.089451445305101
learn,EOPKG-WI,EOPKGTopologyConditionedWI,65fb28926d0d45709ad89ec7cf9aef59,854778689611649472,_EOPKG_WI-UN-f1-5-32_loan_v1_v5_simulated_GATv2,_EOPKG_WI-UN-f1-5,32,train_candidate_prediction_entropy,0,1781540229313,1.0677225372749595
learn,EOPKG-WI,EOPKGTopologyConditionedWI,65fb28926d0d45709ad89ec7cf9aef59,854778689611649472,_EOPKG_WI-UN-f1-5-32_loan_v1_v5_simulated_GATv2,_EOPKG_WI-UN-f1-5,32,train_candidate_prediction_entropy,0,1781540229313,1.0677225372749595
learn,EOPKG-WI,EOPKGTopologyConditionedWI,65fb28926d0d45709ad89ec7cf9aef59,854778689611649472,_EOPKG_WI-UN-f1-5-32_loan_v1_v5_simulated_GATv2,_EOPKG_WI-UN-f1-5,32,train_candidate_prediction_entropy,0,1781540350689,1.0834173838739745
learn,EOPKG-WI,EOPKGTopologyConditionedWI,65fb28926d0d45709ad89ec7cf9aef59,854778689611649472,_EOPKG_WI-UN-f1-5-32_loan_v1_v5_simulated_GATv2,_EOPKG_WI-UN-f1-5,32,train_candidate_prediction_entropy,0,1781540350689,1.0834173838739745
learn,EOPKG-WI,EOPKGTopologyConditionedWI,65fb28926d0d45709ad89ec7cf9aef59,854778689611649472,_EOPKG_WI-UN-f1-5-32_loan_v1_v5_simulated_GATv2,_EOPKG_WI-UN-f1-5,32,train_candidate_prediction_entropy,0,1781540510779,1.077242593697031
learn,EOPKG-WI,EOPKGTopologyConditionedWI,65fb28926d0d45709ad89ec7cf9aef59,854778689611649472,_EOPKG_WI-UN-f1-5-32_loan_v1_v5_simulated_GATv2,_EOPKG_WI-UN-f1-5,32,train_candidate_prediction_entropy,0,1781540510779,1.077242593697031
learn,EOPKG-WI,EOPKGTopologyConditionedWI,65fb28926d0d45709ad89ec7cf9aef59,854778689611649472,_EOPKG_WI-UN-f1-5-32_loan_v1_v5_simulated_GATv2,_EOPKG_WI-UN-f1-5,32,train_candidate_prediction_entropy,0,1781540771158,1.0841671995972602
learn,EOPKG-WI,EOPKGTopologyConditionedWI,65fb28926d0d45709ad89ec7cf9aef59,854778689611649472,_EOPKG_WI-UN-f1-5-32_loan_v1_v5_simulated_GATv2,_EOPKG_WI-UN-f1-5,32,train_candidate_prediction_entropy,0,1781540771158,1.0841671995972602
learn,EOPKG-WI,EOPKGTopologyConditionedWI,65fb28926d0d45709ad89ec7cf9aef59,854778689611649472,_EOPKG_WI-UN-f1-5-32_loan_v1_v5_simulated_GATv2,_EOPKG_WI-UN-f1-5,32,train_candidate_prediction_entropy,0,1781540886652,1.070801605480843
learn,EOPKG-WI,EOPKGTopologyConditionedWI,65fb28926d0d45709ad89ec7cf9aef59,854778689611649472,_EOPKG_WI-UN-f1-5-32_loan_v1_v5_simulated_GATv2,_EOPKG_WI-UN-f1-5,32,train_candidate_prediction_entropy,0,1781540886652,1.070801605480843
learn,EOPKG-WI,EOPKGTopologyConditionedWI,65fb28926d0d45709ad89ec7cf9aef59,854778689611649472,_EOPKG_WI-UN-f1-5-32_loan_v1_v5_simulated_GATv2,_EOPKG_WI-UN-f1-5,32,train_candidate_prediction_entropy,0,1781541002645,1.0703192546560958
learn,EOPKG-WI,EOPKGTopologyConditionedWI,65fb28926d0d45709ad89ec7cf9aef59,854778689611649472,_EOPKG_WI-UN-f1-5-32_loan_v1_v5_simulated_GATv2,_EOPKG_WI-UN-f1-5,32,train_candidate_prediction_entropy,0,1781541002645,1.0703192546560958
learn,EOPKG-WI,EOPKGTopologyConditionedWI,65fb28926d0d45709ad89ec7cf9aef59,854778689611649472,_EOPKG_WI-UN-f1-5-32_loan_v1_v5_simulated_GATv2,_EOPKG_WI-UN-f1-5,32,train_candidate_prediction_entropy,0,1781541110808,1.0602848156457485
learn,EOPKG-WI,EOPKGTopologyConditionedWI,65fb28926d0d45709ad89ec7cf9aef59,854778689611649472,_EOPKG_WI-UN-f1-5-32_loan_v1_v5_simulated_GATv2,_EOPKG_WI-UN-f1-5,32,train_candidate_prediction_entropy,0,1781541110808,1.0602848156457485
learn,EOPKG-WI,EOPKGTopologyConditionedWI,65fb28926d0d45709ad89ec7cf9aef59,854778689611649472,_EOPKG_WI-UN-f1-5-32_loan_v1_v5_simulated_GATv2,_EOPKG_WI-UN-f1-5,32,train_candidate_prediction_entropy,0,1781541230690,1.0719347635968122
learn,EOPKG-WI,EOPKGTopologyConditionedWI,65fb28926d0d45709ad89ec7cf9aef59,854778689611649472,_EOPKG_WI-UN-f1-5-32_loan_v1_v5_simulated_GATv2,_EOPKG_WI-UN-f1-5,32,train_candidate_prediction_entropy,0,1781541230690,1.0719347635968122
learn,EOPKG-WI,EOPKGTopologyConditionedWI,65fb28926d0d45709ad89ec7cf9aef59,854778689611649472,_EOPKG_WI-UN-f1-5-32_loan_v1_v5_simulated_GATv2,_EOPKG_WI-UN-f1-5,32,train_candidate_prediction_entropy,0,1781541344620,1.0631711833617266
learn,EOPKG-WI,EOPKGTopologyConditionedWI,65fb28926d0d45709ad89ec7cf9aef59,854778689611649472,_EOPKG_WI-UN-f1-5-32_loan_v1_v5_simulated_GATv2,_EOPKG_WI-UN-f1-5,32,train_candidate_prediction_entropy,0,1781541344620,1.0631711833617266
learn,EOPKG-WI,EOPKGTopologyConditionedWI,65fb28926d0d45709ad89ec7cf9aef59,854778689611649472,_EOPKG_WI-UN-f1-5-32_loan_v1_v5_simulated_GATv2,_EOPKG_WI-UN-f1-5,32,train_candidate_prediction_entropy,0,1781541454459,1.066398334711648
learn,EOPKG-WI,EOPKGTopologyConditionedWI,65fb28926d0d45709ad89ec7cf9aef59,854778689611649472,_EOPKG_WI-UN-f1-5-32_loan_v1_v5_simulated_GATv2,_EOPKG_WI-UN-f1-5,32,train_candidate_prediction_entropy,0,1781541454459,1.066398334711648
learn,EOPKG-WI,EOPKGTopologyConditionedWI,65fb28926d0d45709ad89ec7cf9aef59,854778689611649472,_EOPKG_WI-UN-f1-5-32_loan_v1_v5_simulated_GATv2,_EOPKG_WI-UN-f1-5,32,train_candidate_prediction_entropy,0,1781541566043,1.0675401560642381
learn,EOPKG-WI,EOPKGTopologyConditionedWI,65fb28926d0d45709ad89ec7cf9aef59,854778689611649472,_EOPKG_WI-UN-f1-5-32_loan_v1_v5_simulated_GATv2,_EOPKG_WI-UN-f1-5,32,train_candidate_prediction_entropy,0,1781541566043,1.0675401560642381
learn,EOPKG-WI,EOPKGTopologyConditionedWI,65fb28926d0d45709ad89ec7cf9aef59,854778689611649472,_EOPKG_WI-UN-f1-5-32_loan_v1_v5_simulated_GATv2,_EOPKG_WI-UN-f1-5,32,train_candidate_prediction_entropy,0,1781541678807,1.0530077353569964
learn,EOPKG-WI,EOPKGTopologyConditionedWI,65fb28926d0d45709ad89ec7cf9aef59,854778689611649472,_EOPKG_WI-UN-f1-5-32_loan_v1_v5_simulated_GATv2,_EOPKG_WI-UN-f1-5,32,train_candidate_prediction_entropy,0,1781541678807,1.0530077353569964
learn,EOPKG-WI,EOPKGTopologyConditionedWI,65fb28926d0d45709ad89ec7cf9aef59,854778689611649472,_EOPKG_WI-UN-f1-5-32_loan_v1_v5_simulated_GATv2,_EOPKG_WI-UN-f1-5,32,train_candidate_prediction_entropy,0,1781541786893,1.067088440605491
learn,EOPKG-WI,EOPKGTopologyConditionedWI,65fb28926d0d45709ad89ec7cf9aef59,854778689611649472,_EOPKG_WI-UN-f1-5-32_loan_v1_v5_simulated_GATv2,_EOPKG_WI-UN-f1-5,32,train_candidate_prediction_entropy,0,1781541786893,1.067088440605491
learn,EOPKG-WI,EOPKGTopologyConditionedWI,65fb28926d0d45709ad89ec7cf9aef59,854778689611649472,_EOPKG_WI-UN-f1-5-32_loan_v1_v5_simulated_GATv2,_EOPKG_WI-UN-f1-5,32,train_candidate_prediction_entropy,0,1781541891908,1.054556052711317
learn,EOPKG-WI,EOPKGTopologyConditionedWI,65fb28926d0d45709ad89ec7cf9aef59,854778689611649472,_EOPKG_WI-UN-f1-5-32_loan_v1_v5_simulated_GATv2,_EOPKG_WI-UN-f1-5,32,train_candidate_prediction_entropy,0,1781541891908,1.054556052711317
learn,EOPKG-WI,EOPKGTopologyConditionedWI,65fb28926d0d45709ad89ec7cf9aef59,854778689611649472,_EOPKG_WI-UN-f1-5-32_loan_v1_v5_simulated_GATv2,_EOPKG_WI-UN-f1-5,32,train_candidate_prediction_entropy,0,1781542000803,1.0625097257912823
learn,EOPKG-WI,EOPKGTopologyConditionedWI,65fb28926d0d45709ad89ec7cf9aef59,854778689611649472,_EOPKG_WI-UN-f1-5-32_loan_v1_v5_simulated_GATv2,_EOPKG_WI-UN-f1-5,32,train_candidate_prediction_entropy,0,1781542000803,1.0625097257912823
learn,EOPKG-WI,EOPKGTopologyConditionedWI,65fb28926d0d45709ad89ec7cf9aef59,854778689611649472,_EOPKG_WI-UN-f1-5-32_loan_v1_v5_simulated_GATv2,_EOPKG_WI-UN-f1-5,32,train_candidate_prediction_entropy,0,1781542105978,1.049373416244889
learn,EOPKG-WI,EOPKGTopologyConditionedWI,65fb28926d0d45709ad89ec7cf9aef59,854778689611649472,_EOPKG_WI-UN-f1-5-32_loan_v1_v5_simulated_GATv2,_EOPKG_WI-UN-f1-5,32,train_candidate_prediction_entropy,0,1781542105978,1.049373416244889
learn,EOPKG-WI,EOPKGTopologyConditionedWI,88e10c5c5b45467e935548e0decdf824,854778689611649472,_EOPKG_WI-UN-f1-5-78_loan_v1_v5_simulated_GATv2,_EOPKG_WI-UN-f1-5,78,train_candidate_prediction_entropy,0,1781092062836,1.7788801471834532
learn,EOPKG-WI,EOPKGTopologyConditionedWI,88e10c5c5b45467e935548e0decdf824,854778689611649472,_EOPKG_WI-UN-f1-5-78_loan_v1_v5_simulated_GATv2,_EOPKG_WI-UN-f1-5,78,train_candidate_prediction_entropy,0,1781092062836,1.7788801471834532
learn,EOPKG-WI,EOPKGTopologyConditionedWI,88e10c5c5b45467e935548e0decdf824,854778689611649472,_EOPKG_WI-UN-f1-5-78_loan_v1_v5_simulated_GATv2,_EOPKG_WI-UN-f1-5,78,train_candidate_prediction_entropy,0,1781092210696,1.3617774577891315
learn,EOPKG-WI,EOPKGTopologyConditionedWI,88e10c5c5b45467e935548e0decdf824,854778689611649472,_EOPKG_WI-UN-f1-5-78_loan_v1_v5_simulated_GATv2,_EOPKG_WI-UN-f1-5,78,train_candidate_prediction_entropy,0,1781092210696,1.3617774577891315
learn,EOPKG-WI,EOPKGTopologyConditionedWI,88e10c5c5b45467e935548e0decdf824,854778689611649472,_EOPKG_WI-UN-f1-5-78_loan_v1_v5_simulated_GATv2,_EOPKG_WI-UN-f1-5,78,train_candidate_prediction_entropy,0,1781092323383,1.2691027302241666
learn,EOPKG-WI,EOPKGTopologyConditionedWI,88e10c5c5b45467e935548e0decdf824,854778689611649472,_EOPKG_WI-UN-f1-5-78_loan_v1_v5_simulated_GATv2,_EOPKG_WI-UN-f1-5,78,train_candidate_prediction_entropy,0,1781092323383,1.2691027302241666
learn,EOPKG-WI,EOPKGTopologyConditionedWI,88e10c5c5b45467e935548e0decdf824,854778689611649472,_EOPKG_WI-UN-f1-5-78_loan_v1_v5_simulated_GATv2,_EOPKG_WI-UN-f1-5,78,train_candidate_prediction_entropy,0,1781092443359,1.2191330084550551
learn,EOPKG-WI,EOPKGTopologyConditionedWI,88e10c5c5b45467e935548e0decdf824,854778689611649472,_EOPKG_WI-UN-f1-5-78_loan_v1_v5_simulated_GATv2,_EOPKG_WI-UN-f1-5,78,train_candidate_prediction_entropy,0,1781092443359,1.2191330084550551
learn,EOPKG-WI,EOPKGTopologyConditionedWI,88e10c5c5b45467e935548e0decdf824,854778689611649472,_EOPKG_WI-UN-f1-5-78_loan_v1_v5_simulated_GATv2,_EOPKG_WI-UN-f1-5,78,train_candidate_prediction_entropy,0,1781092567925,1.2061840527008372
learn,EOPKG-WI,EOPKGTopologyConditionedWI,88e10c5c5b45467e935548e0decdf824,854778689611649472,_EOPKG_WI-UN-f1-5-78_loan_v1_v5_simulated_GATv2,_EOPKG_WI-UN-f1-5,78,train_candidate_prediction_entropy,0,1781092567925,1.2061840527008372
learn,EOPKG-WI,EOPKGTopologyConditionedWI,88e10c5c5b45467e935548e0decdf824,854778689611649472,_EOPKG_WI-UN-f1-5-78_loan_v1_v5_simulated_GATv2,_EOPKG_WI-UN-f1-5,78,train_candidate_prediction_entropy,0,1781092680582,1.2100430520426109
learn,EOPKG-WI,EOPKGTopologyConditionedWI,88e10c5c5b45467e935548e0decdf824,854778689611649472,_EOPKG_WI-UN-f1-5-78_loan_v1_v5_simulated_GATv2,_EOPKG_WI-UN-f1-5,78,train_candidate_prediction_entropy,0,1781092680582,1.2100430520426109
learn,EOPKG-WI,EOPKGTopologyConditionedWI,88e10c5c5b45467e935548e0decdf824,854778689611649472,_EOPKG_WI-UN-f1-5-78_loan_v1_v5_simulated_GATv2,_EOPKG_WI-UN-f1-5,78,train_candidate_prediction_entropy,0,1781092793672,1.1789666581040157
learn,EOPKG-WI,EOPKGTopologyConditionedWI,88e10c5c5b45467e935548e0decdf824,854778689611649472,_EOPKG_WI-UN-f1-5-78_loan_v1_v5_simulated_GATv2,_EOPKG_WI-UN-f1-5,78,train_candidate_prediction_entropy,0,1781092793672,1.1789666581040157
learn,EOPKG-WI,EOPKGTopologyConditionedWI,88e10c5c5b45467e935548e0decdf824,854778689611649472,_EOPKG_WI-UN-f1-5-78_loan_v1_v5_simulated_GATv2,_EOPKG_WI-UN-f1-5,78,train_candidate_prediction_entropy,0,1781092915600,1.1883020764883068
learn,EOPKG-WI,EOPKGTopologyConditionedWI,88e10c5c5b45467e935548e0decdf824,854778689611649472,_EOPKG_WI-UN-f1-5-78_loan_v1_v5_simulated_GATv2,_EOPKG_WI-UN-f1-5,78,train_candidate_prediction_entropy,0,1781092915600,1.1883020764883068
learn,EOPKG-WI,EOPKGTopologyConditionedWI,88e10c5c5b45467e935548e0decdf824,854778689611649472,_EOPKG_WI-UN-f1-5-78_loan_v1_v5_simulated_GATv2,_EOPKG_WI-UN-f1-5,78,train_candidate_prediction_entropy,0,1781093033897,1.1688592971224094
learn,EOPKG-WI,EOPKGTopologyConditionedWI,88e10c5c5b45467e935548e0decdf824,854778689611649472,_EOPKG_WI-UN-f1-5-78_loan_v1_v5_simulated_GATv2,_EOPKG_WI-UN-f1-5,78,train_candidate_prediction_entropy,0,1781093033897,1.1688592971224094
learn,EOPKG-WI,EOPKGTopologyConditionedWI,88e10c5c5b45467e935548e0decdf824,854778689611649472,_EOPKG_WI-UN-f1-5-78_loan_v1_v5_simulated_GATv2,_EOPKG_WI-UN-f1-5,78,train_candidate_prediction_entropy,0,1781093150648,1.1714537299115253
learn,EOPKG-WI,EOPKGTopologyConditionedWI,88e10c5c5b45467e935548e0decdf824,854778689611649472,_EOPKG_WI-UN-f1-5-78_loan_v1_v5_simulated_GATv2,_EOPKG_WI-UN-f1-5,78,train_candidate_prediction_entropy,0,1781093150648,1.1714537299115253
learn,EOPKG-WI,EOPKGTopologyConditionedWI,88e10c5c5b45467e935548e0decdf824,854778689611649472,_EOPKG_WI-UN-f1-5-78_loan_v1_v5_simulated_GATv2,_EOPKG_WI-UN-f1-5,78,train_candidate_prediction_entropy,0,1781093258690,1.1662729626998234
learn,EOPKG-WI,EOPKGTopologyConditionedWI,88e10c5c5b45467e935548e0decdf824,854778689611649472,_EOPKG_WI-UN-f1-5-78_loan_v1_v5_simulated_GATv2,_EOPKG_WI-UN-f1-5,78,train_candidate_prediction_entropy,0,1781093258690,1.1662729626998234
learn,EOPKG-WI,EOPKGTopologyConditionedWI,88e10c5c5b45467e935548e0decdf824,854778689611649472,_EOPKG_WI-UN-f1-5-78_loan_v1_v5_simulated_GATv2,_EOPKG_WI-UN-f1-5,78,train_candidate_prediction_entropy,0,1781093361153,1.1663029099117213
learn,EOPKG-WI,EOPKGTopologyConditionedWI,88e10c5c5b45467e935548e0decdf824,854778689611649472,_EOPKG_WI-UN-f1-5-78_loan_v1_v5_simulated_GATv2,_EOPKG_WI-UN-f1-5,78,train_candidate_prediction_entropy,0,1781093361153,1.1663029099117213
learn,EOPKG-WI,EOPKGTopologyConditionedWI,88e10c5c5b45467e935548e0decdf824,854778689611649472,_EOPKG_WI-UN-f1-5-78_loan_v1_v5_simulated_GATv2,_EOPKG_WI-UN-f1-5,78,train_candidate_prediction_entropy,0,1781093463269,1.1465868458080746
learn,EOPKG-WI,EOPKGTopologyConditionedWI,88e10c5c5b45467e935548e0decdf824,854778689611649472,_EOPKG_WI-UN-f1-5-78_loan_v1_v5_simulated_GATv2,_EOPKG_WI-UN-f1-5,78,train_candidate_prediction_entropy,0,1781093463269,1.1465868458080746
learn,EOPKG-WI,EOPKGTopologyConditionedWI,88e10c5c5b45467e935548e0decdf824,854778689611649472,_EOPKG_WI-UN-f1-5-78_loan_v1_v5_simulated_GATv2,_EOPKG_WI-UN-f1-5,78,train_candidate_prediction_entropy,0,1781093575113,1.1326837316984593
learn,EOPKG-WI,EOPKGTopologyConditionedWI,88e10c5c5b45467e935548e0decdf824,854778689611649472,_EOPKG_WI-UN-f1-5-78_loan_v1_v5_simulated_GATv2,_EOPKG_WI-UN-f1-5,78,train_candidate_prediction_entropy,0,1781093575113,1.1326837316984593
learn,EOPKG-WI,EOPKGTopologyConditionedWI,88e10c5c5b45467e935548e0decdf824,854778689611649472,_EOPKG_WI-UN-f1-5-78_loan_v1_v5_simulated_GATv2,_EOPKG_WI-UN-f1-5,78,train_candidate_prediction_entropy,0,1781093684037,1.1369118004421361
learn,EOPKG-WI,EOPKGTopologyConditionedWI,88e10c5c5b45467e935548e0decdf824,854778689611649472,_EOPKG_WI-UN-f1-5-78_loan_v1_v5_simulated_GATv2,_EOPKG_WI-UN-f1-5,78,train_candidate_prediction_entropy,0,1781093684037,1.1369118004421361
learn,EOPKG-WI,EOPKGTopologyConditionedWI,88e10c5c5b45467e935548e0decdf824,854778689611649472,_EOPKG_WI-UN-f1-5-78_loan_v1_v5_simulated_GATv2,_EOPKG_WI-UN-f1-5,78,train_candidate_prediction_entropy,0,1781093798617,1.1306601020793279
learn,EOPKG-WI,EOPKGTopologyConditionedWI,88e10c5c5b45467e935548e0decdf824,854778689611649472,_EOPKG_WI-UN-f1-5-78_loan_v1_v5_simulated_GATv2,_EOPKG_WI-UN-f1-5,78,train_candidate_prediction_entropy,0,1781093798617,1.1306601020793279
learn,EOPKG-WI,EOPKGTopologyConditionedWI,88e10c5c5b45467e935548e0decdf824,854778689611649472,_EOPKG_WI-UN-f1-5-78_loan_v1_v5_simulated_GATv2,_EOPKG_WI-UN-f1-5,78,train_candidate_prediction_entropy,0,1781093927824,1.1189955968545995
learn,EOPKG-WI,EOPKGTopologyConditionedWI,88e10c5c5b45467e935548e0decdf824,854778689611649472,_EOPKG_WI-UN-f1-5-78_loan_v1_v5_simulated_GATv2,_EOPKG_WI-UN-f1-5,78,train_candidate_prediction_entropy,0,1781093927824,1.1189955968545995
learn,EOPKG-WI,EOPKGTopologyConditionedWI,88e10c5c5b45467e935548e0decdf824,854778689611649472,_EOPKG_WI-UN-f1-5-78_loan_v1_v5_simulated_GATv2,_EOPKG_WI-UN-f1-5,78,train_candidate_prediction_entropy,0,1781094041006,1.115797684283628
learn,EOPKG-WI,EOPKGTopologyConditionedWI,88e10c5c5b45467e935548e0decdf824,854778689611649472,_EOPKG_WI-UN-f1-5-78_loan_v1_v5_simulated_GATv2,_EOPKG_WI-UN-f1-5,78,train_candidate_prediction_entropy,0,1781094041006,1.115797684283628
learn,EOPKG-WI,EOPKGTopologyConditionedWI,88e10c5c5b45467e935548e0decdf824,854778689611649472,_EOPKG_WI-UN-f1-5-78_loan_v1_v5_simulated_GATv2,_EOPKG_WI-UN-f1-5,78,train_candidate_prediction_entropy,0,1781094183385,1.096913334106603
learn,EOPKG-WI,EOPKGTopologyConditionedWI,88e10c5c5b45467e935548e0decdf824,854778689611649472,_EOPKG_WI-UN-f1-5-78_loan_v1_v5_simulated_GATv2,_EOPKG_WI-UN-f1-5,78,train_candidate_prediction_entropy,0,1781094183385,1.096913334106603
learn,EOPKG-WI,EOPKGTopologyConditionedWI,88e10c5c5b45467e935548e0decdf824,854778689611649472,_EOPKG_WI-UN-f1-5-78_loan_v1_v5_simulated_GATv2,_EOPKG_WI-UN-f1-5,78,train_candidate_prediction_entropy,0,1781094357764,1.1062896454466924
learn,EOPKG-WI,EOPKGTopologyConditionedWI,88e10c5c5b45467e935548e0decdf824,854778689611649472,_EOPKG_WI-UN-f1-5-78_loan_v1_v5_simulated_GATv2,_EOPKG_WI-UN-f1-5,78,train_candidate_prediction_entropy,0,1781094357764,1.1062896454466924
learn,EOPKG-WI,EOPKGTopologyConditionedWI,88e10c5c5b45467e935548e0decdf824,854778689611649472,_EOPKG_WI-UN-f1-5-78_loan_v1_v5_simulated_GATv2,_EOPKG_WI-UN-f1-5,78,train_candidate_prediction_entropy,0,1781094544126,1.1050110653587668
learn,EOPKG-WI,EOPKGTopologyConditionedWI,88e10c5c5b45467e935548e0decdf824,854778689611649472,_EOPKG_WI-UN-f1-5-78_loan_v1_v5_simulated_GATv2,_EOPKG_WI-UN-f1-5,78,train_candidate_prediction_entropy,0,1781094544126,1.1050110653587668
learn,EOPKG-WI,EOPKGTopologyConditionedWI,88e10c5c5b45467e935548e0decdf824,854778689611649472,_EOPKG_WI-UN-f1-5-78_loan_v1_v5_simulated_GATv2,_EOPKG_WI-UN-f1-5,78,train_candidate_prediction_entropy,0,1781094709952,1.1031675549114452
learn,EOPKG-WI,EOPKGTopologyConditionedWI,88e10c5c5b45467e935548e0decdf824,854778689611649472,_EOPKG_WI-UN-f1-5-78_loan_v1_v5_simulated_GATv2,_EOPKG_WI-UN-f1-5,78,train_candidate_prediction_entropy,0,1781094709952,1.1031675549114452
learn,EOPKG-WI,EOPKGTopologyConditionedWI,88e10c5c5b45467e935548e0decdf824,854778689611649472,_EOPKG_WI-UN-f1-5-78_loan_v1_v5_simulated_GATv2,_EOPKG_WI-UN-f1-5,78,train_candidate_prediction_entropy,0,1781094824492,1.106157318681526
learn,EOPKG-WI,EOPKGTopologyConditionedWI,88e10c5c5b45467e935548e0decdf824,854778689611649472,_EOPKG_WI-UN-f1-5-78_loan_v1_v5_simulated_GATv2,_EOPKG_WI-UN-f1-5,78,train_candidate_prediction_entropy,0,1781094824492,1.106157318681526
learn,EOPKG-WI,EOPKGTopologyConditionedWI,88e10c5c5b45467e935548e0decdf824,854778689611649472,_EOPKG_WI-UN-f1-5-78_loan_v1_v5_simulated_GATv2,_EOPKG_WI-UN-f1-5,78,train_candidate_prediction_entropy,0,1781094946599,1.0997570925562483
learn,EOPKG-WI,EOPKGTopologyConditionedWI,88e10c5c5b45467e935548e0decdf824,854778689611649472,_EOPKG_WI-UN-f1-5-78_loan_v1_v5_simulated_GATv2,_EOPKG_WI-UN-f1-5,78,train_candidate_prediction_entropy,0,1781094946599,1.0997570925562483
learn,EOPKG-WI,EOPKGTopologyConditionedWI,88e10c5c5b45467e935548e0decdf824,854778689611649472,_EOPKG_WI-UN-f1-5-78_loan_v1_v5_simulated_GATv2,_EOPKG_WI-UN-f1-5,78,train_candidate_prediction_entropy,0,1781095065493,1.0833265635470708
learn,EOPKG-WI,EOPKGTopologyConditionedWI,88e10c5c5b45467e935548e0decdf824,854778689611649472,_EOPKG_WI-UN-f1-5-78_loan_v1_v5_simulated_GATv2,_EOPKG_WI-UN-f1-5,78,train_candidate_prediction_entropy,0,1781095065493,1.0833265635470708
learn,EOPKG-WI,EOPKGTopologyConditionedWI,88e10c5c5b45467e935548e0decdf824,854778689611649472,_EOPKG_WI-UN-f1-5-78_loan_v1_v5_simulated_GATv2,_EOPKG_WI-UN-f1-5,78,train_candidate_prediction_entropy,0,1781095197516,1.089492540954596
learn,EOPKG-WI,EOPKGTopologyConditionedWI,88e10c5c5b45467e935548e0decdf824,854778689611649472,_EOPKG_WI-UN-f1-5-78_loan_v1_v5_simulated_GATv2,_EOPKG_WI-UN-f1-5,78,train_candidate_prediction_entropy,0,1781095197516,1.089492540954596
learn,EOPKG-WI,EOPKGTopologyConditionedWI,88e10c5c5b45467e935548e0decdf824,854778689611649472,_EOPKG_WI-UN-f1-5-78_loan_v1_v5_simulated_GATv2,_EOPKG_WI-UN-f1-5,78,train_candidate_prediction_entropy,0,1781095304668,1.0832433883450179
learn,EOPKG-WI,EOPKGTopologyConditionedWI,88e10c5c5b45467e935548e0decdf824,854778689611649472,_EOPKG_WI-UN-f1-5-78_loan_v1_v5_simulated_GATv2,_EOPKG_WI-UN-f1-5,78,train_candidate_prediction_entropy,0,1781095304668,1.0832433883450179
learn,EOPKG-WI,EOPKGTopologyConditionedWI,88e10c5c5b45467e935548e0decdf824,854778689611649472,_EOPKG_WI-UN-f1-5-78_loan_v1_v5_simulated_GATv2,_EOPKG_WI-UN-f1-5,78,train_candidate_prediction_entropy,0,1781095407880,1.0738688894978388
learn,EOPKG-WI,EOPKGTopologyConditionedWI,88e10c5c5b45467e935548e0decdf824,854778689611649472,_EOPKG_WI-UN-f1-5-78_loan_v1_v5_simulated_GATv2,_EOPKG_WI-UN-f1-5,78,train_candidate_prediction_entropy,0,1781095407880,1.0738688894978388
learn,EOPKG-WI,EOPKGTopologyConditionedWI,88e10c5c5b45467e935548e0decdf824,854778689611649472,_EOPKG_WI-UN-f1-5-78_loan_v1_v5_simulated_GATv2,_EOPKG_WI-UN-f1-5,78,train_candidate_prediction_entropy,0,1781095511727,1.0759844570546537
learn,EOPKG-WI,EOPKGTopologyConditionedWI,88e10c5c5b45467e935548e0decdf824,854778689611649472,_EOPKG_WI-UN-f1-5-78_loan_v1_v5_simulated_GATv2,_EOPKG_WI-UN-f1-5,78,train_candidate_prediction_entropy,0,1781095511727,1.0759844570546537
learn,EOPKG-WI,EOPKGTopologyConditionedWI,88e10c5c5b45467e935548e0decdf824,854778689611649472,_EOPKG_WI-UN-f1-5-78_loan_v1_v5_simulated_GATv2,_EOPKG_WI-UN-f1-5,78,train_candidate_prediction_entropy,0,1781095612107,1.0835849506297817
learn,EOPKG-WI,EOPKGTopologyConditionedWI,88e10c5c5b45467e935548e0decdf824,854778689611649472,_EOPKG_WI-UN-f1-5-78_loan_v1_v5_simulated_GATv2,_EOPKG_WI-UN-f1-5,78,train_candidate_prediction_entropy,0,1781095612107,1.0835849506297817
learn,EOPKG-WI,EOPKGTopologyConditionedWI,88e10c5c5b45467e935548e0decdf824,854778689611649472,_EOPKG_WI-UN-f1-5-78_loan_v1_v5_simulated_GATv2,_EOPKG_WI-UN-f1-5,78,train_candidate_prediction_entropy,0,1781095711818,1.0662075475403159
learn,EOPKG-WI,EOPKGTopologyConditionedWI,88e10c5c5b45467e935548e0decdf824,854778689611649472,_EOPKG_WI-UN-f1-5-78_loan_v1_v5_simulated_GATv2,_EOPKG_WI-UN-f1-5,78,train_candidate_prediction_entropy,0,1781095711818,1.0662075475403159
learn,EOPKG-WI,EOPKGTopologyConditionedWI,88e10c5c5b45467e935548e0decdf824,854778689611649472,_EOPKG_WI-UN-f1-5-78_loan_v1_v5_simulated_GATv2,_EOPKG_WI-UN-f1-5,78,train_candidate_prediction_entropy,0,1781095811139,1.069923317773543
learn,EOPKG-WI,EOPKGTopologyConditionedWI,88e10c5c5b45467e935548e0decdf824,854778689611649472,_EOPKG_WI-UN-f1-5-78_loan_v1_v5_simulated_GATv2,_EOPKG_WI-UN-f1-5,78,train_candidate_prediction_entropy,0,1781095811139,1.069923317773543
learn,EOPKG-WI,EOPKGTopologyConditionedWI,88e10c5c5b45467e935548e0decdf824,854778689611649472,_EOPKG_WI-UN-f1-5-78_loan_v1_v5_simulated_GATv2,_EOPKG_WI-UN-f1-5,78,train_candidate_prediction_entropy,0,1781095909339,1.091357513717324
learn,EOPKG-WI,EOPKGTopologyConditionedWI,88e10c5c5b45467e935548e0decdf824,854778689611649472,_EOPKG_WI-UN-f1-5-78_loan_v1_v5_simulated_GATv2,_EOPKG_WI-UN-f1-5,78,train_candidate_prediction_entropy,0,1781095909339,1.091357513717324
learn,EOPKG-WI,EOPKGTopologyConditionedWI,88e10c5c5b45467e935548e0decdf824,854778689611649472,_EOPKG_WI-UN-f1-5-78_loan_v1_v5_simulated_GATv2,_EOPKG_WI-UN-f1-5,78,train_candidate_prediction_entropy,0,1781096007719,1.0704729924709884
learn,EOPKG-WI,EOPKGTopologyConditionedWI,88e10c5c5b45467e935548e0decdf824,854778689611649472,_EOPKG_WI-UN-f1-5-78_loan_v1_v5_simulated_GATv2,_EOPKG_WI-UN-f1-5,78,train_candidate_prediction_entropy,0,1781096007719,1.0704729924709884
learn,EOPKG-WI,EOPKGTopologyConditionedWI,88e10c5c5b45467e935548e0decdf824,854778689611649472,_EOPKG_WI-UN-f1-5-78_loan_v1_v5_simulated_GATv2,_EOPKG_WI-UN-f1-5,78,train_candidate_prediction_entropy,0,1781096106803,1.0588724354492272
learn,EOPKG-WI,EOPKGTopologyConditionedWI,88e10c5c5b45467e935548e0decdf824,854778689611649472,_EOPKG_WI-UN-f1-5-78_loan_v1_v5_simulated_GATv2,_EOPKG_WI-UN-f1-5,78,train_candidate_prediction_entropy,0,1781096106803,1.0588724354492272
learn,EOPKG-WI,EOPKGTopologyConditionedWI,88e10c5c5b45467e935548e0decdf824,854778689611649472,_EOPKG_WI-UN-f1-5-78_loan_v1_v5_simulated_GATv2,_EOPKG_WI-UN-f1-5,78,train_candidate_prediction_entropy,0,1781096206100,1.0656141326992234
learn,EOPKG-WI,EOPKGTopologyConditionedWI,88e10c5c5b45467e935548e0decdf824,854778689611649472,_EOPKG_WI-UN-f1-5-78_loan_v1_v5_simulated_GATv2,_EOPKG_WI-UN-f1-5,78,train_candidate_prediction_entropy,0,1781096206100,1.0656141326992234
learn,EOPKG-WI,EOPKGTopologyConditionedWI,88e10c5c5b45467e935548e0decdf824,854778689611649472,_EOPKG_WI-UN-f1-5-78_loan_v1_v5_simulated_GATv2,_EOPKG_WI-UN-f1-5,78,train_candidate_prediction_entropy,0,1781096303987,1.0620957982559083
learn,EOPKG-WI,EOPKGTopologyConditionedWI,88e10c5c5b45467e935548e0decdf824,854778689611649472,_EOPKG_WI-UN-f1-5-78_loan_v1_v5_simulated_GATv2,_EOPKG_WI-UN-f1-5,78,train_candidate_prediction_entropy,0,1781096303987,1.0620957982559083
learn,EOPKG-WI,EOPKGTopologyConditionedWI,88e10c5c5b45467e935548e0decdf824,854778689611649472,_EOPKG_WI-UN-f1-5-78_loan_v1_v5_simulated_GATv2,_EOPKG_WI-UN-f1-5,78,train_candidate_prediction_entropy,0,1781096402638,1.0650927799684256
learn,EOPKG-WI,EOPKGTopologyConditionedWI,88e10c5c5b45467e935548e0decdf824,854778689611649472,_EOPKG_WI-UN-f1-5-78_loan_v1_v5_simulated_GATv2,_EOPKG_WI-UN-f1-5,78,train_candidate_prediction_entropy,0,1781096402638,1.0650927799684256
learn,EOPKG-WI,EOPKGTopologyConditionedWI,88e10c5c5b45467e935548e0decdf824,854778689611649472,_EOPKG_WI-UN-f1-5-78_loan_v1_v5_simulated_GATv2,_EOPKG_WI-UN-f1-5,78,train_candidate_prediction_entropy,0,1781096501938,1.058148394802227
learn,EOPKG-WI,EOPKGTopologyConditionedWI,88e10c5c5b45467e935548e0decdf824,854778689611649472,_EOPKG_WI-UN-f1-5-78_loan_v1_v5_simulated_GATv2,_EOPKG_WI-UN-f1-5,78,train_candidate_prediction_entropy,0,1781096501938,1.058148394802227
learn,EOPKG-WI,EOPKGTopologyConditionedWI,88e10c5c5b45467e935548e0decdf824,854778689611649472,_EOPKG_WI-UN-f1-5-78_loan_v1_v5_simulated_GATv2,_EOPKG_WI-UN-f1-5,78,train_candidate_prediction_entropy,0,1781096600371,1.049448598833645
learn,EOPKG-WI,EOPKGTopologyConditionedWI,88e10c5c5b45467e935548e0decdf824,854778689611649472,_EOPKG_WI-UN-f1-5-78_loan_v1_v5_simulated_GATv2,_EOPKG_WI-UN-f1-5,78,train_candidate_prediction_entropy,0,1781096600371,1.049448598833645
learn,EOPKG-WI,EOPKGTopologyConditionedWI,88e10c5c5b45467e935548e0decdf824,854778689611649472,_EOPKG_WI-UN-f1-5-78_loan_v1_v5_simulated_GATv2,_EOPKG_WI-UN-f1-5,78,train_candidate_prediction_entropy,0,1781096699694,1.0534966024192605
learn,EOPKG-WI,EOPKGTopologyConditionedWI,88e10c5c5b45467e935548e0decdf824,854778689611649472,_EOPKG_WI-UN-f1-5-78_loan_v1_v5_simulated_GATv2,_EOPKG_WI-UN-f1-5,78,train_candidate_prediction_entropy,0,1781096699694,1.0534966024192605
learn,EOPKG-WI,EOPKGTopologyConditionedWI,88e10c5c5b45467e935548e0decdf824,854778689611649472,_EOPKG_WI-UN-f1-5-78_loan_v1_v5_simulated_GATv2,_EOPKG_WI-UN-f1-5,78,train_candidate_prediction_entropy,0,1781096798572,1.0551197242661008
learn,EOPKG-WI,EOPKGTopologyConditionedWI,88e10c5c5b45467e935548e0decdf824,854778689611649472,_EOPKG_WI-UN-f1-5-78_loan_v1_v5_simulated_GATv2,_EOPKG_WI-UN-f1-5,78,train_candidate_prediction_entropy,0,1781096798572,1.0551197242661008
learn,EOPKG-WI,EOPKGTopologyConditionedWI,88e10c5c5b45467e935548e0decdf824,854778689611649472,_EOPKG_WI-UN-f1-5-78_loan_v1_v5_simulated_GATv2,_EOPKG_WI-UN-f1-5,78,train_candidate_prediction_entropy,0,1781096897547,1.0576196710900396
learn,EOPKG-WI,EOPKGTopologyConditionedWI,88e10c5c5b45467e935548e0decdf824,854778689611649472,_EOPKG_WI-UN-f1-5-78_loan_v1_v5_simulated_GATv2,_EOPKG_WI-UN-f1-5,78,train_candidate_prediction_entropy,0,1781096897547,1.0576196710900396
learn,EOPKG-WI,EOPKGTopologyConditionedWI,88e10c5c5b45467e935548e0decdf824,854778689611649472,_EOPKG_WI-UN-f1-5-78_loan_v1_v5_simulated_GATv2,_EOPKG_WI-UN-f1-5,78,train_candidate_prediction_entropy,0,1781096996803,1.053471053253107
learn,EOPKG-WI,EOPKGTopologyConditionedWI,88e10c5c5b45467e935548e0decdf824,854778689611649472,_EOPKG_WI-UN-f1-5-78_loan_v1_v5_simulated_GATv2,_EOPKG_WI-UN-f1-5,78,train_candidate_prediction_entropy,0,1781096996803,1.053471053253107
learn,EOPKG-WI,EOPKGTopologyConditionedWI,88e10c5c5b45467e935548e0decdf824,854778689611649472,_EOPKG_WI-UN-f1-5-78_loan_v1_v5_simulated_GATv2,_EOPKG_WI-UN-f1-5,78,train_candidate_prediction_entropy,0,1781097095834,1.049561122547841
learn,EOPKG-WI,EOPKGTopologyConditionedWI,88e10c5c5b45467e935548e0decdf824,854778689611649472,_EOPKG_WI-UN-f1-5-78_loan_v1_v5_simulated_GATv2,_EOPKG_WI-UN-f1-5,78,train_candidate_prediction_entropy,0,1781097095834,1.049561122547841
learn,EOPKG-WI,EOPKGTopologyConditionedWI,88e10c5c5b45467e935548e0decdf824,854778689611649472,_EOPKG_WI-UN-f1-5-78_loan_v1_v5_simulated_GATv2,_EOPKG_WI-UN-f1-5,78,train_candidate_prediction_entropy,0,1781097196638,1.04320278759033
learn,EOPKG-WI,EOPKGTopologyConditionedWI,88e10c5c5b45467e935548e0decdf824,854778689611649472,_EOPKG_WI-UN-f1-5-78_loan_v1_v5_simulated_GATv2,_EOPKG_WI-UN-f1-5,78,train_candidate_prediction_entropy,0,1781097196638,1.04320278759033
learn,EOPKG-WI,EOPKGTopologyConditionedWI,88e10c5c5b45467e935548e0decdf824,854778689611649472,_EOPKG_WI-UN-f1-5-78_loan_v1_v5_simulated_GATv2,_EOPKG_WI-UN-f1-5,78,train_candidate_prediction_entropy,0,1781097296387,1.0517697059482762
learn,EOPKG-WI,EOPKGTopologyConditionedWI,88e10c5c5b45467e935548e0decdf824,854778689611649472,_EOPKG_WI-UN-f1-5-78_loan_v1_v5_simulated_GATv2,_EOPKG_WI-UN-f1-5,78,train_candidate_prediction_entropy,0,1781097296387,1.0517697059482762
learn,EOPKG-WI,EOPKGTopologyConditionedWI,88e10c5c5b45467e935548e0decdf824,854778689611649472,_EOPKG_WI-UN-f1-5-78_loan_v1_v5_simulated_GATv2,_EOPKG_WI-UN-f1-5,78,train_candidate_prediction_entropy,0,1781097396588,1.0521983891867681
learn,EOPKG-WI,EOPKGTopologyConditionedWI,88e10c5c5b45467e935548e0decdf824,854778689611649472,_EOPKG_WI-UN-f1-5-78_loan_v1_v5_simulated_GATv2,_EOPKG_WI-UN-f1-5,78,train_candidate_prediction_entropy,0,1781097396588,1.0521983891867681
learn,EOPKG-WI,EOPKGTopologyConditionedWI,88e10c5c5b45467e935548e0decdf824,854778689611649472,_EOPKG_WI-UN-f1-5-78_loan_v1_v5_simulated_GATv2,_EOPKG_WI-UN-f1-5,78,train_candidate_prediction_entropy,0,1781097495749,1.0555770089213155
learn,EOPKG-WI,EOPKGTopologyConditionedWI,88e10c5c5b45467e935548e0decdf824,854778689611649472,_EOPKG_WI-UN-f1-5-78_loan_v1_v5_simulated_GATv2,_EOPKG_WI-UN-f1-5,78,train_candidate_prediction_entropy,0,1781097495749,1.0555770089213155
learn,EOPKG-WI,EOPKGTopologyConditionedWI,88e10c5c5b45467e935548e0decdf824,854778689611649472,_EOPKG_WI-UN-f1-5-78_loan_v1_v5_simulated_GATv2,_EOPKG_WI-UN-f1-5,78,train_candidate_prediction_entropy,0,1781097595029,1.0380732974301081
learn,EOPKG-WI,EOPKGTopologyConditionedWI,88e10c5c5b45467e935548e0decdf824,854778689611649472,_EOPKG_WI-UN-f1-5-78_loan_v1_v5_simulated_GATv2,_EOPKG_WI-UN-f1-5,78,train_candidate_prediction_entropy,0,1781097595029,1.0380732974301081
learn,EOPKG-WI,EOPKGTopologyConditionedWI,8b07202c23874e298ad9b3445b49872d,854778689611649472,_EOPKG_WI-UN-f1-5-42_loan_v1_v5_simulated_GATv2,_EOPKG_WI-UN-f1-5,42,train_candidate_prediction_entropy,0,1781630522873,1.7655196131128574
learn,EOPKG-WI,EOPKGTopologyConditionedWI,8b07202c23874e298ad9b3445b49872d,854778689611649472,_EOPKG_WI-UN-f1-5-42_loan_v1_v5_simulated_GATv2,_EOPKG_WI-UN-f1-5,42,train_candidate_prediction_entropy,0,1781630522873,1.7655196131128574
learn,EOPKG-WI,EOPKGTopologyConditionedWI,8b07202c23874e298ad9b3445b49872d,854778689611649472,_EOPKG_WI-UN-f1-5-42_loan_v1_v5_simulated_GATv2,_EOPKG_WI-UN-f1-5,42,train_candidate_prediction_entropy,0,1781630648193,1.3805129181220535
learn,EOPKG-WI,EOPKGTopologyConditionedWI,8b07202c23874e298ad9b3445b49872d,854778689611649472,_EOPKG_WI-UN-f1-5-42_loan_v1_v5_simulated_GATv2,_EOPKG_WI-UN-f1-5,42,train_candidate_prediction_entropy,0,1781630648193,1.3805129181220535
learn,EOPKG-WI,EOPKGTopologyConditionedWI,8b07202c23874e298ad9b3445b49872d,854778689611649472,_EOPKG_WI-UN-f1-5-42_loan_v1_v5_simulated_GATv2,_EOPKG_WI-UN-f1-5,42,train_candidate_prediction_entropy,0,1781630756819,1.3049719124226957
learn,EOPKG-WI,EOPKGTopologyConditionedWI,8b07202c23874e298ad9b3445b49872d,854778689611649472,_EOPKG_WI-UN-f1-5-42_loan_v1_v5_simulated_GATv2,_EOPKG_WI-UN-f1-5,42,train_candidate_prediction_entropy,0,1781630756819,1.3049719124226957
learn,EOPKG-WI,EOPKGTopologyConditionedWI,8b07202c23874e298ad9b3445b49872d,854778689611649472,_EOPKG_WI-UN-f1-5-42_loan_v1_v5_simulated_GATv2,_EOPKG_WI-UN-f1-5,42,train_candidate_prediction_entropy,0,1781630891735,1.2540349503579313
learn,EOPKG-WI,EOPKGTopologyConditionedWI,8b07202c23874e298ad9b3445b49872d,854778689611649472,_EOPKG_WI-UN-f1-5-42_loan_v1_v5_simulated_GATv2,_EOPKG_WI-UN-f1-5,42,train_candidate_prediction_entropy,0,1781630891735,1.2540349503579313
learn,EOPKG-WI,EOPKGTopologyConditionedWI,8b07202c23874e298ad9b3445b49872d,854778689611649472,_EOPKG_WI-UN-f1-5-42_loan_v1_v5_simulated_GATv2,_EOPKG_WI-UN-f1-5,42,train_candidate_prediction_entropy,0,1781631007780,1.2438099125610436
learn,EOPKG-WI,EOPKGTopologyConditionedWI,8b07202c23874e298ad9b3445b49872d,854778689611649472,_EOPKG_WI-UN-f1-5-42_loan_v1_v5_simulated_GATv2,_EOPKG_WI-UN-f1-5,42,train_candidate_prediction_entropy,0,1781631007780,1.2438099125610436
learn,EOPKG-WI,EOPKGTopologyConditionedWI,8b07202c23874e298ad9b3445b49872d,854778689611649472,_EOPKG_WI-UN-f1-5-42_loan_v1_v5_simulated_GATv2,_EOPKG_WI-UN-f1-5,42,train_candidate_prediction_entropy,0,1781631171513,1.2197525446289863
learn,EOPKG-WI,EOPKGTopologyConditionedWI,8b07202c23874e298ad9b3445b49872d,854778689611649472,_EOPKG_WI-UN-f1-5-42_loan_v1_v5_simulated_GATv2,_EOPKG_WI-UN-f1-5,42,train_candidate_prediction_entropy,0,1781631171513,1.2197525446289863
learn,EOPKG-WI,EOPKGTopologyConditionedWI,8b07202c23874e298ad9b3445b49872d,854778689611649472,_EOPKG_WI-UN-f1-5-42_loan_v1_v5_simulated_GATv2,_EOPKG_WI-UN-f1-5,42,train_candidate_prediction_entropy,0,1781631306349,1.1984601650973383
learn,EOPKG-WI,EOPKGTopologyConditionedWI,8b07202c23874e298ad9b3445b49872d,854778689611649472,_EOPKG_WI-UN-f1-5-42_loan_v1_v5_simulated_GATv2,_EOPKG_WI-UN-f1-5,42,train_candidate_prediction_entropy,0,1781631306349,1.1984601650973383
learn,EOPKG-WI,EOPKGTopologyConditionedWI,8b07202c23874e298ad9b3445b49872d,854778689611649472,_EOPKG_WI-UN-f1-5-42_loan_v1_v5_simulated_GATv2,_EOPKG_WI-UN-f1-5,42,train_candidate_prediction_entropy,0,1781631445240,1.206012524178752
learn,EOPKG-WI,EOPKGTopologyConditionedWI,8b07202c23874e298ad9b3445b49872d,854778689611649472,_EOPKG_WI-UN-f1-5-42_loan_v1_v5_simulated_GATv2,_EOPKG_WI-UN-f1-5,42,train_candidate_prediction_entropy,0,1781631445240,1.206012524178752
learn,EOPKG-WI,EOPKGTopologyConditionedWI,8b07202c23874e298ad9b3445b49872d,854778689611649472,_EOPKG_WI-UN-f1-5-42_loan_v1_v5_simulated_GATv2,_EOPKG_WI-UN-f1-5,42,train_candidate_prediction_entropy,0,1781631595480,1.2012314642934996
learn,EOPKG-WI,EOPKGTopologyConditionedWI,8b07202c23874e298ad9b3445b49872d,854778689611649472,_EOPKG_WI-UN-f1-5-42_loan_v1_v5_simulated_GATv2,_EOPKG_WI-UN-f1-5,42,train_candidate_prediction_entropy,0,1781631595480,1.2012314642934996
learn,EOPKG-WI,EOPKGTopologyConditionedWI,8b07202c23874e298ad9b3445b49872d,854778689611649472,_EOPKG_WI-UN-f1-5-42_loan_v1_v5_simulated_GATv2,_EOPKG_WI-UN-f1-5,42,train_candidate_prediction_entropy,0,1781631735374,1.1529492808828672
learn,EOPKG-WI,EOPKGTopologyConditionedWI,8b07202c23874e298ad9b3445b49872d,854778689611649472,_EOPKG_WI-UN-f1-5-42_loan_v1_v5_simulated_GATv2,_EOPKG_WI-UN-f1-5,42,train_candidate_prediction_entropy,0,1781631735374,1.1529492808828672
learn,EOPKG-WI,EOPKGTopologyConditionedWI,8b07202c23874e298ad9b3445b49872d,854778689611649472,_EOPKG_WI-UN-f1-5-42_loan_v1_v5_simulated_GATv2,_EOPKG_WI-UN-f1-5,42,train_candidate_prediction_entropy,0,1781631879205,1.1597685279451986
learn,EOPKG-WI,EOPKGTopologyConditionedWI,8b07202c23874e298ad9b3445b49872d,854778689611649472,_EOPKG_WI-UN-f1-5-42_loan_v1_v5_simulated_GATv2,_EOPKG_WI-UN-f1-5,42,train_candidate_prediction_entropy,0,1781631879205,1.1597685279451986
learn,EOPKG-WI,EOPKGTopologyConditionedWI,8b07202c23874e298ad9b3445b49872d,854778689611649472,_EOPKG_WI-UN-f1-5-42_loan_v1_v5_simulated_GATv2,_EOPKG_WI-UN-f1-5,42,train_candidate_prediction_entropy,0,1781632015876,1.1529333799935297
learn,EOPKG-WI,EOPKGTopologyConditionedWI,8b07202c23874e298ad9b3445b49872d,854778689611649472,_EOPKG_WI-UN-f1-5-42_loan_v1_v5_simulated_GATv2,_EOPKG_WI-UN-f1-5,42,train_candidate_prediction_entropy,0,1781632015876,1.1529333799935297
learn,EOPKG-WI,EOPKGTopologyConditionedWI,8b07202c23874e298ad9b3445b49872d,854778689611649472,_EOPKG_WI-UN-f1-5-42_loan_v1_v5_simulated_GATv2,_EOPKG_WI-UN-f1-5,42,train_candidate_prediction_entropy,0,1781632161714,1.1324631965975314
learn,EOPKG-WI,EOPKGTopologyConditionedWI,8b07202c23874e298ad9b3445b49872d,854778689611649472,_EOPKG_WI-UN-f1-5-42_loan_v1_v5_simulated_GATv2,_EOPKG_WI-UN-f1-5,42,train_candidate_prediction_entropy,0,1781632161714,1.1324631965975314
learn,EOPKG-WI,EOPKGTopologyConditionedWI,8b07202c23874e298ad9b3445b49872d,854778689611649472,_EOPKG_WI-UN-f1-5-42_loan_v1_v5_simulated_GATv2,_EOPKG_WI-UN-f1-5,42,train_candidate_prediction_entropy,0,1781632310729,1.1216187023206812
learn,EOPKG-WI,EOPKGTopologyConditionedWI,8b07202c23874e298ad9b3445b49872d,854778689611649472,_EOPKG_WI-UN-f1-5-42_loan_v1_v5_simulated_GATv2,_EOPKG_WI-UN-f1-5,42,train_candidate_prediction_entropy,0,1781632310729,1.1216187023206812
learn,EOPKG-WI,EOPKGTopologyConditionedWI,8b07202c23874e298ad9b3445b49872d,854778689611649472,_EOPKG_WI-UN-f1-5-42_loan_v1_v5_simulated_GATv2,_EOPKG_WI-UN-f1-5,42,train_candidate_prediction_entropy,0,1781632443828,1.1272231124353334
learn,EOPKG-WI,EOPKGTopologyConditionedWI,8b07202c23874e298ad9b3445b49872d,854778689611649472,_EOPKG_WI-UN-f1-5-42_loan_v1_v5_simulated_GATv2,_EOPKG_WI-UN-f1-5,42,train_candidate_prediction_entropy,0,1781632443828,1.1272231124353334
learn,EOPKG-WI,EOPKGTopologyConditionedWI,8b07202c23874e298ad9b3445b49872d,854778689611649472,_EOPKG_WI-UN-f1-5-42_loan_v1_v5_simulated_GATv2,_EOPKG_WI-UN-f1-5,42,train_candidate_prediction_entropy,0,1781632586111,1.1182738260169098
learn,EOPKG-WI,EOPKGTopologyConditionedWI,8b07202c23874e298ad9b3445b49872d,854778689611649472,_EOPKG_WI-UN-f1-5-42_loan_v1_v5_simulated_GATv2,_EOPKG_WI-UN-f1-5,42,train_candidate_prediction_entropy,0,1781632586111,1.1182738260169098
learn,EOPKG-WI,EOPKGTopologyConditionedWI,8b07202c23874e298ad9b3445b49872d,854778689611649472,_EOPKG_WI-UN-f1-5-42_loan_v1_v5_simulated_GATv2,_EOPKG_WI-UN-f1-5,42,train_candidate_prediction_entropy,0,1781632766673,1.114151238542293
learn,EOPKG-WI,EOPKGTopologyConditionedWI,8b07202c23874e298ad9b3445b49872d,854778689611649472,_EOPKG_WI-UN-f1-5-42_loan_v1_v5_simulated_GATv2,_EOPKG_WI-UN-f1-5,42,train_candidate_prediction_entropy,0,1781632766673,1.114151238542293
learn,EOPKG-WI,EOPKGTopologyConditionedWI,8b07202c23874e298ad9b3445b49872d,854778689611649472,_EOPKG_WI-UN-f1-5-42_loan_v1_v5_simulated_GATv2,_EOPKG_WI-UN-f1-5,42,train_candidate_prediction_entropy,0,1781632921655,1.1008142527601488
learn,EOPKG-WI,EOPKGTopologyConditionedWI,8b07202c23874e298ad9b3445b49872d,854778689611649472,_EOPKG_WI-UN-f1-5-42_loan_v1_v5_simulated_GATv2,_EOPKG_WI-UN-f1-5,42,train_candidate_prediction_entropy,0,1781632921655,1.1008142527601488
learn,EOPKG-WI,EOPKGTopologyConditionedWI,8b07202c23874e298ad9b3445b49872d,854778689611649472,_EOPKG_WI-UN-f1-5-42_loan_v1_v5_simulated_GATv2,_EOPKG_WI-UN-f1-5,42,train_candidate_prediction_entropy,0,1781633078236,1.0945544324353313
learn,EOPKG-WI,EOPKGTopologyConditionedWI,8b07202c23874e298ad9b3445b49872d,854778689611649472,_EOPKG_WI-UN-f1-5-42_loan_v1_v5_simulated_GATv2,_EOPKG_WI-UN-f1-5,42,train_candidate_prediction_entropy,0,1781633078236,1.0945544324353313
learn,EOPKG-WI,EOPKGTopologyConditionedWI,8b07202c23874e298ad9b3445b49872d,854778689611649472,_EOPKG_WI-UN-f1-5-42_loan_v1_v5_simulated_GATv2,_EOPKG_WI-UN-f1-5,42,train_candidate_prediction_entropy,0,1781633217720,1.0810652324050334
learn,EOPKG-WI,EOPKGTopologyConditionedWI,8b07202c23874e298ad9b3445b49872d,854778689611649472,_EOPKG_WI-UN-f1-5-42_loan_v1_v5_simulated_GATv2,_EOPKG_WI-UN-f1-5,42,train_candidate_prediction_entropy,0,1781633217720,1.0810652324050334
learn,EOPKG-WI,EOPKGTopologyConditionedWI,8b07202c23874e298ad9b3445b49872d,854778689611649472,_EOPKG_WI-UN-f1-5-42_loan_v1_v5_simulated_GATv2,_EOPKG_WI-UN-f1-5,42,train_candidate_prediction_entropy,0,1781633334698,1.0875969210755085
learn,EOPKG-WI,EOPKGTopologyConditionedWI,8b07202c23874e298ad9b3445b49872d,854778689611649472,_EOPKG_WI-UN-f1-5-42_loan_v1_v5_simulated_GATv2,_EOPKG_WI-UN-f1-5,42,train_candidate_prediction_entropy,0,1781633334698,1.0875969210755085
learn,EOPKG-WI,EOPKGTopologyConditionedWI,8b07202c23874e298ad9b3445b49872d,854778689611649472,_EOPKG_WI-UN-f1-5-42_loan_v1_v5_simulated_GATv2,_EOPKG_WI-UN-f1-5,42,train_candidate_prediction_entropy,0,1781633447715,1.0880192073805344
learn,EOPKG-WI,EOPKGTopologyConditionedWI,8b07202c23874e298ad9b3445b49872d,854778689611649472,_EOPKG_WI-UN-f1-5-42_loan_v1_v5_simulated_GATv2,_EOPKG_WI-UN-f1-5,42,train_candidate_prediction_entropy,0,1781633447715,1.0880192073805344
learn,EOPKG-WI,EOPKGTopologyConditionedWI,8b07202c23874e298ad9b3445b49872d,854778689611649472,_EOPKG_WI-UN-f1-5-42_loan_v1_v5_simulated_GATv2,_EOPKG_WI-UN-f1-5,42,train_candidate_prediction_entropy,0,1781633561377,1.0709482399193015
learn,EOPKG-WI,EOPKGTopologyConditionedWI,8b07202c23874e298ad9b3445b49872d,854778689611649472,_EOPKG_WI-UN-f1-5-42_loan_v1_v5_simulated_GATv2,_EOPKG_WI-UN-f1-5,42,train_candidate_prediction_entropy,0,1781633561377,1.0709482399193015
learn,EOPKG-WI,EOPKGTopologyConditionedWI,8b07202c23874e298ad9b3445b49872d,854778689611649472,_EOPKG_WI-UN-f1-5-42_loan_v1_v5_simulated_GATv2,_EOPKG_WI-UN-f1-5,42,train_candidate_prediction_entropy,0,1781633675505,1.0648161502634967
learn,EOPKG-WI,EOPKGTopologyConditionedWI,8b07202c23874e298ad9b3445b49872d,854778689611649472,_EOPKG_WI-UN-f1-5-42_loan_v1_v5_simulated_GATv2,_EOPKG_WI-UN-f1-5,42,train_candidate_prediction_entropy,0,1781633675505,1.0648161502634967
learn,EOPKG-WI,EOPKGTopologyConditionedWI,8b07202c23874e298ad9b3445b49872d,854778689611649472,_EOPKG_WI-UN-f1-5-42_loan_v1_v5_simulated_GATv2,_EOPKG_WI-UN-f1-5,42,train_candidate_prediction_entropy,0,1781633792383,1.0721634584693727
learn,EOPKG-WI,EOPKGTopologyConditionedWI,8b07202c23874e298ad9b3445b49872d,854778689611649472,_EOPKG_WI-UN-f1-5-42_loan_v1_v5_simulated_GATv2,_EOPKG_WI-UN-f1-5,42,train_candidate_prediction_entropy,0,1781633792383,1.0721634584693727
learn,EOPKG-WI,EOPKGTopologyConditionedWI,8b07202c23874e298ad9b3445b49872d,854778689611649472,_EOPKG_WI-UN-f1-5-42_loan_v1_v5_simulated_GATv2,_EOPKG_WI-UN-f1-5,42,train_candidate_prediction_entropy,0,1781633909812,1.065664638206955
learn,EOPKG-WI,EOPKGTopologyConditionedWI,8b07202c23874e298ad9b3445b49872d,854778689611649472,_EOPKG_WI-UN-f1-5-42_loan_v1_v5_simulated_GATv2,_EOPKG_WI-UN-f1-5,42,train_candidate_prediction_entropy,0,1781633909812,1.065664638206955
learn,EOPKG-WI,EOPKGTopologyConditionedWI,8b07202c23874e298ad9b3445b49872d,854778689611649472,_EOPKG_WI-UN-f1-5-42_loan_v1_v5_simulated_GATv2,_EOPKG_WI-UN-f1-5,42,train_candidate_prediction_entropy,0,1781634204498,1.0685744071423724
learn,EOPKG-WI,EOPKGTopologyConditionedWI,8b07202c23874e298ad9b3445b49872d,854778689611649472,_EOPKG_WI-UN-f1-5-42_loan_v1_v5_simulated_GATv2,_EOPKG_WI-UN-f1-5,42,train_candidate_prediction_entropy,0,1781634204498,1.0685744071423724
learn,EOPKG-WI,EOPKGTopologyConditionedWI,8b07202c23874e298ad9b3445b49872d,854778689611649472,_EOPKG_WI-UN-f1-5-42_loan_v1_v5_simulated_GATv2,_EOPKG_WI-UN-f1-5,42,train_candidate_prediction_entropy,0,1781634372536,1.0697081613995503
learn,EOPKG-WI,EOPKGTopologyConditionedWI,8b07202c23874e298ad9b3445b49872d,854778689611649472,_EOPKG_WI-UN-f1-5-42_loan_v1_v5_simulated_GATv2,_EOPKG_WI-UN-f1-5,42,train_candidate_prediction_entropy,0,1781634372536,1.0697081613995503
learn,EOPKG-WI,EOPKGTopologyConditionedWI,8b07202c23874e298ad9b3445b49872d,854778689611649472,_EOPKG_WI-UN-f1-5-42_loan_v1_v5_simulated_GATv2,_EOPKG_WI-UN-f1-5,42,train_candidate_prediction_entropy,0,1781634482558,1.0584543855277457
learn,EOPKG-WI,EOPKGTopologyConditionedWI,8b07202c23874e298ad9b3445b49872d,854778689611649472,_EOPKG_WI-UN-f1-5-42_loan_v1_v5_simulated_GATv2,_EOPKG_WI-UN-f1-5,42,train_candidate_prediction_entropy,0,1781634482558,1.0584543855277457
learn,EOPKG-WI,EOPKGTopologyConditionedWI,8b07202c23874e298ad9b3445b49872d,854778689611649472,_EOPKG_WI-UN-f1-5-42_loan_v1_v5_simulated_GATv2,_EOPKG_WI-UN-f1-5,42,train_candidate_prediction_entropy,0,1781634595137,1.0552124096782485
learn,EOPKG-WI,EOPKGTopologyConditionedWI,8b07202c23874e298ad9b3445b49872d,854778689611649472,_EOPKG_WI-UN-f1-5-42_loan_v1_v5_simulated_GATv2,_EOPKG_WI-UN-f1-5,42,train_candidate_prediction_entropy,0,1781634595137,1.0552124096782485
learn,EOPKG-WI,EOPKGTopologyConditionedWI,8b07202c23874e298ad9b3445b49872d,854778689611649472,_EOPKG_WI-UN-f1-5-42_loan_v1_v5_simulated_GATv2,_EOPKG_WI-UN-f1-5,42,train_candidate_prediction_entropy,0,1781634703210,1.0595382973196397
learn,EOPKG-WI,EOPKGTopologyConditionedWI,8b07202c23874e298ad9b3445b49872d,854778689611649472,_EOPKG_WI-UN-f1-5-42_loan_v1_v5_simulated_GATv2,_EOPKG_WI-UN-f1-5,42,train_candidate_prediction_entropy,0,1781634703210,1.0595382973196397
learn,EOPKG-WI,EOPKGTopologyConditionedWI,8b07202c23874e298ad9b3445b49872d,854778689611649472,_EOPKG_WI-UN-f1-5-42_loan_v1_v5_simulated_GATv2,_EOPKG_WI-UN-f1-5,42,train_candidate_prediction_entropy,0,1781634835550,1.0457761587133847
learn,EOPKG-WI,EOPKGTopologyConditionedWI,8b07202c23874e298ad9b3445b49872d,854778689611649472,_EOPKG_WI-UN-f1-5-42_loan_v1_v5_simulated_GATv2,_EOPKG_WI-UN-f1-5,42,train_candidate_prediction_entropy,0,1781634835550,1.0457761587133847
learn,EOPKG-WI,EOPKGTopologyConditionedWI,8b07202c23874e298ad9b3445b49872d,854778689611649472,_EOPKG_WI-UN-f1-5-42_loan_v1_v5_simulated_GATv2,_EOPKG_WI-UN-f1-5,42,train_candidate_prediction_entropy,0,1781635030349,1.0459714518631964
learn,EOPKG-WI,EOPKGTopologyConditionedWI,8b07202c23874e298ad9b3445b49872d,854778689611649472,_EOPKG_WI-UN-f1-5-42_loan_v1_v5_simulated_GATv2,_EOPKG_WI-UN-f1-5,42,train_candidate_prediction_entropy,0,1781635030349,1.0459714518631964
learn,EOPKG-WI,EOPKGTopologyConditionedWI,8b07202c23874e298ad9b3445b49872d,854778689611649472,_EOPKG_WI-UN-f1-5-42_loan_v1_v5_simulated_GATv2,_EOPKG_WI-UN-f1-5,42,train_candidate_prediction_entropy,0,1781635236874,1.0544114548754426
learn,EOPKG-WI,EOPKGTopologyConditionedWI,8b07202c23874e298ad9b3445b49872d,854778689611649472,_EOPKG_WI-UN-f1-5-42_loan_v1_v5_simulated_GATv2,_EOPKG_WI-UN-f1-5,42,train_candidate_prediction_entropy,0,1781635236874,1.0544114548754426
learn,EOPKG-WI,EOPKGTopologyConditionedWI,8b07202c23874e298ad9b3445b49872d,854778689611649472,_EOPKG_WI-UN-f1-5-42_loan_v1_v5_simulated_GATv2,_EOPKG_WI-UN-f1-5,42,train_candidate_prediction_entropy,0,1781635444399,1.0596357994314598
learn,EOPKG-WI,EOPKGTopologyConditionedWI,8b07202c23874e298ad9b3445b49872d,854778689611649472,_EOPKG_WI-UN-f1-5-42_loan_v1_v5_simulated_GATv2,_EOPKG_WI-UN-f1-5,42,train_candidate_prediction_entropy,0,1781635444399,1.0596357994314598
learn,EOPKG-WI,EOPKGTopologyConditionedWI,8b07202c23874e298ad9b3445b49872d,854778689611649472,_EOPKG_WI-UN-f1-5-42_loan_v1_v5_simulated_GATv2,_EOPKG_WI-UN-f1-5,42,train_candidate_prediction_entropy,0,1781635637146,1.0501573272464007
learn,EOPKG-WI,EOPKGTopologyConditionedWI,8b07202c23874e298ad9b3445b49872d,854778689611649472,_EOPKG_WI-UN-f1-5-42_loan_v1_v5_simulated_GATv2,_EOPKG_WI-UN-f1-5,42,train_candidate_prediction_entropy,0,1781635637146,1.0501573272464007
learn,EOPKG-WI,EOPKGTopologyConditionedWI,8b07202c23874e298ad9b3445b49872d,854778689611649472,_EOPKG_WI-UN-f1-5-42_loan_v1_v5_simulated_GATv2,_EOPKG_WI-UN-f1-5,42,train_candidate_prediction_entropy,0,1781635836168,1.0458922067772602
learn,EOPKG-WI,EOPKGTopologyConditionedWI,8b07202c23874e298ad9b3445b49872d,854778689611649472,_EOPKG_WI-UN-f1-5-42_loan_v1_v5_simulated_GATv2,_EOPKG_WI-UN-f1-5,42,train_candidate_prediction_entropy,0,1781635836168,1.0458922067772602
learn,EOPKG-WI,EOPKGTopologyConditionedWI,8b07202c23874e298ad9b3445b49872d,854778689611649472,_EOPKG_WI-UN-f1-5-42_loan_v1_v5_simulated_GATv2,_EOPKG_WI-UN-f1-5,42,train_candidate_prediction_entropy,0,1781636028552,1.0450220474757148
learn,EOPKG-WI,EOPKGTopologyConditionedWI,8b07202c23874e298ad9b3445b49872d,854778689611649472,_EOPKG_WI-UN-f1-5-42_loan_v1_v5_simulated_GATv2,_EOPKG_WI-UN-f1-5,42,train_candidate_prediction_entropy,0,1781636028552,1.0450220474757148
learn,EOPKG-WI,EOPKGTopologyConditionedWI,8b07202c23874e298ad9b3445b49872d,854778689611649472,_EOPKG_WI-UN-f1-5-42_loan_v1_v5_simulated_GATv2,_EOPKG_WI-UN-f1-5,42,train_candidate_prediction_entropy,0,1781636228428,1.039834710865597
learn,EOPKG-WI,EOPKGTopologyConditionedWI,8b07202c23874e298ad9b3445b49872d,854778689611649472,_EOPKG_WI-UN-f1-5-42_loan_v1_v5_simulated_GATv2,_EOPKG_WI-UN-f1-5,42,train_candidate_prediction_entropy,0,1781636228428,1.039834710865597
learn,EOPKG-WI,EOPKGTopologyConditionedWI,8b07202c23874e298ad9b3445b49872d,854778689611649472,_EOPKG_WI-UN-f1-5-42_loan_v1_v5_simulated_GATv2,_EOPKG_WI-UN-f1-5,42,train_candidate_prediction_entropy,0,1781636439891,1.0366067893933415
learn,EOPKG-WI,EOPKGTopologyConditionedWI,8b07202c23874e298ad9b3445b49872d,854778689611649472,_EOPKG_WI-UN-f1-5-42_loan_v1_v5_simulated_GATv2,_EOPKG_WI-UN-f1-5,42,train_candidate_prediction_entropy,0,1781636439891,1.0366067893933415
learn,EOPKG-WI,EOPKGTopologyConditionedWI,8b07202c23874e298ad9b3445b49872d,854778689611649472,_EOPKG_WI-UN-f1-5-42_loan_v1_v5_simulated_GATv2,_EOPKG_WI-UN-f1-5,42,train_candidate_prediction_entropy,0,1781636636657,1.0433370365816004
learn,EOPKG-WI,EOPKGTopologyConditionedWI,8b07202c23874e298ad9b3445b49872d,854778689611649472,_EOPKG_WI-UN-f1-5-42_loan_v1_v5_simulated_GATv2,_EOPKG_WI-UN-f1-5,42,train_candidate_prediction_entropy,0,1781636636657,1.0433370365816004
learn,EOPKG-WI,EOPKGTopologyConditionedWI,8b07202c23874e298ad9b3445b49872d,854778689611649472,_EOPKG_WI-UN-f1-5-42_loan_v1_v5_simulated_GATv2,_EOPKG_WI-UN-f1-5,42,train_candidate_prediction_entropy,0,1781636836080,1.0555334311979563
learn,EOPKG-WI,EOPKGTopologyConditionedWI,8b07202c23874e298ad9b3445b49872d,854778689611649472,_EOPKG_WI-UN-f1-5-42_loan_v1_v5_simulated_GATv2,_EOPKG_WI-UN-f1-5,42,train_candidate_prediction_entropy,0,1781636836080,1.0555334311979563
learn,EOPKG-WI,EOPKGTopologyConditionedWI,8b07202c23874e298ad9b3445b49872d,854778689611649472,_EOPKG_WI-UN-f1-5-42_loan_v1_v5_simulated_GATv2,_EOPKG_WI-UN-f1-5,42,train_candidate_prediction_entropy,0,1781636979287,1.0331136354960395
learn,EOPKG-WI,EOPKGTopologyConditionedWI,8b07202c23874e298ad9b3445b49872d,854778689611649472,_EOPKG_WI-UN-f1-5-42_loan_v1_v5_simulated_GATv2,_EOPKG_WI-UN-f1-5,42,train_candidate_prediction_entropy,0,1781636979287,1.0331136354960395
learn,EOPKG-WI,EOPKGTopologyConditionedWI,8b07202c23874e298ad9b3445b49872d,854778689611649472,_EOPKG_WI-UN-f1-5-42_loan_v1_v5_simulated_GATv2,_EOPKG_WI-UN-f1-5,42,train_candidate_prediction_entropy,0,1781637100881,1.0510398621399946
learn,EOPKG-WI,EOPKGTopologyConditionedWI,8b07202c23874e298ad9b3445b49872d,854778689611649472,_EOPKG_WI-UN-f1-5-42_loan_v1_v5_simulated_GATv2,_EOPKG_WI-UN-f1-5,42,train_candidate_prediction_entropy,0,1781637100881,1.0510398621399946
learn,EOPKG-WI,EOPKGTopologyConditionedWI,8b07202c23874e298ad9b3445b49872d,854778689611649472,_EOPKG_WI-UN-f1-5-42_loan_v1_v5_simulated_GATv2,_EOPKG_WI-UN-f1-5,42,train_candidate_prediction_entropy,0,1781637226665,1.0405305460071714
learn,EOPKG-WI,EOPKGTopologyConditionedWI,8b07202c23874e298ad9b3445b49872d,854778689611649472,_EOPKG_WI-UN-f1-5-42_loan_v1_v5_simulated_GATv2,_EOPKG_WI-UN-f1-5,42,train_candidate_prediction_entropy,0,1781637226665,1.0405305460071714
learn,EOPKG-WI,EOPKGTopologyConditionedWI,8b07202c23874e298ad9b3445b49872d,854778689611649472,_EOPKG_WI-UN-f1-5-42_loan_v1_v5_simulated_GATv2,_EOPKG_WI-UN-f1-5,42,train_candidate_prediction_entropy,0,1781637369423,1.041144530325891
learn,EOPKG-WI,EOPKGTopologyConditionedWI,8b07202c23874e298ad9b3445b49872d,854778689611649472,_EOPKG_WI-UN-f1-5-42_loan_v1_v5_simulated_GATv2,_EOPKG_WI-UN-f1-5,42,train_candidate_prediction_entropy,0,1781637369423,1.041144530325891
learn,EOPKG-WI,EOPKGTopologyConditionedWI,8b07202c23874e298ad9b3445b49872d,854778689611649472,_EOPKG_WI-UN-f1-5-42_loan_v1_v5_simulated_GATv2,_EOPKG_WI-UN-f1-5,42,train_candidate_prediction_entropy,0,1781637490577,1.031847677662945
learn,EOPKG-WI,EOPKGTopologyConditionedWI,8b07202c23874e298ad9b3445b49872d,854778689611649472,_EOPKG_WI-UN-f1-5-42_loan_v1_v5_simulated_GATv2,_EOPKG_WI-UN-f1-5,42,train_candidate_prediction_entropy,0,1781637490577,1.031847677662945
learn,EOPKG-WI,EOPKGTopologyConditionedWI,8b07202c23874e298ad9b3445b49872d,854778689611649472,_EOPKG_WI-UN-f1-5-42_loan_v1_v5_simulated_GATv2,_EOPKG_WI-UN-f1-5,42,train_candidate_prediction_entropy,0,1781637619324,1.043355929643058
learn,EOPKG-WI,EOPKGTopologyConditionedWI,8b07202c23874e298ad9b3445b49872d,854778689611649472,_EOPKG_WI-UN-f1-5-42_loan_v1_v5_simulated_GATv2,_EOPKG_WI-UN-f1-5,42,train_candidate_prediction_entropy,0,1781637619324,1.043355929643058
learn,EOPKG-WI,EOPKGTopologyConditionedWI,8b07202c23874e298ad9b3445b49872d,854778689611649472,_EOPKG_WI-UN-f1-5-42_loan_v1_v5_simulated_GATv2,_EOPKG_WI-UN-f1-5,42,train_candidate_prediction_entropy,0,1781637740243,1.0448665365884717
learn,EOPKG-WI,EOPKGTopologyConditionedWI,8b07202c23874e298ad9b3445b49872d,854778689611649472,_EOPKG_WI-UN-f1-5-42_loan_v1_v5_simulated_GATv2,_EOPKG_WI-UN-f1-5,42,train_candidate_prediction_entropy,0,1781637740243,1.0448665365884717
learn,EOPKG-WI,EOPKGTopologyConditionedWI,8b07202c23874e298ad9b3445b49872d,854778689611649472,_EOPKG_WI-UN-f1-5-42_loan_v1_v5_simulated_GATv2,_EOPKG_WI-UN-f1-5,42,train_candidate_prediction_entropy,0,1781637861107,1.043811407206737
learn,EOPKG-WI,EOPKGTopologyConditionedWI,8b07202c23874e298ad9b3445b49872d,854778689611649472,_EOPKG_WI-UN-f1-5-42_loan_v1_v5_simulated_GATv2,_EOPKG_WI-UN-f1-5,42,train_candidate_prediction_entropy,0,1781637861107,1.043811407206737
learn,EOPKG-WI,EOPKGTopologyConditionedWI,8d2a911a18bb4d61a536433690b744f0,854778689611649472,_EOPKG_WI-UN-f1-5-13_loan_v1_v5_simulated_GATv2,_EOPKG_WI-UN-f1-5,13,train_candidate_prediction_entropy,0,1781078382856,1.792617860393797
learn,EOPKG-WI,EOPKGTopologyConditionedWI,8d2a911a18bb4d61a536433690b744f0,854778689611649472,_EOPKG_WI-UN-f1-5-13_loan_v1_v5_simulated_GATv2,_EOPKG_WI-UN-f1-5,13,train_candidate_prediction_entropy,0,1781078382856,1.792617860393797
learn,EOPKG-WI,EOPKGTopologyConditionedWI,8d2a911a18bb4d61a536433690b744f0,854778689611649472,_EOPKG_WI-UN-f1-5-13_loan_v1_v5_simulated_GATv2,_EOPKG_WI-UN-f1-5,13,train_candidate_prediction_entropy,0,1781078517957,1.3824999017821586
learn,EOPKG-WI,EOPKGTopologyConditionedWI,8d2a911a18bb4d61a536433690b744f0,854778689611649472,_EOPKG_WI-UN-f1-5-13_loan_v1_v5_simulated_GATv2,_EOPKG_WI-UN-f1-5,13,train_candidate_prediction_entropy,0,1781078517957,1.3824999017821586
learn,EOPKG-WI,EOPKGTopologyConditionedWI,8d2a911a18bb4d61a536433690b744f0,854778689611649472,_EOPKG_WI-UN-f1-5-13_loan_v1_v5_simulated_GATv2,_EOPKG_WI-UN-f1-5,13,train_candidate_prediction_entropy,0,1781078638637,1.284313752465483
learn,EOPKG-WI,EOPKGTopologyConditionedWI,8d2a911a18bb4d61a536433690b744f0,854778689611649472,_EOPKG_WI-UN-f1-5-13_loan_v1_v5_simulated_GATv2,_EOPKG_WI-UN-f1-5,13,train_candidate_prediction_entropy,0,1781078638637,1.284313752465483
learn,EOPKG-WI,EOPKGTopologyConditionedWI,8d2a911a18bb4d61a536433690b744f0,854778689611649472,_EOPKG_WI-UN-f1-5-13_loan_v1_v5_simulated_GATv2,_EOPKG_WI-UN-f1-5,13,train_candidate_prediction_entropy,0,1781078757681,1.2562575562011646
learn,EOPKG-WI,EOPKGTopologyConditionedWI,8d2a911a18bb4d61a536433690b744f0,854778689611649472,_EOPKG_WI-UN-f1-5-13_loan_v1_v5_simulated_GATv2,_EOPKG_WI-UN-f1-5,13,train_candidate_prediction_entropy,0,1781078757681,1.2562575562011646
learn,EOPKG-WI,EOPKGTopologyConditionedWI,8d2a911a18bb4d61a536433690b744f0,854778689611649472,_EOPKG_WI-UN-f1-5-13_loan_v1_v5_simulated_GATv2,_EOPKG_WI-UN-f1-5,13,train_candidate_prediction_entropy,0,1781078887369,1.2097968439229532
learn,EOPKG-WI,EOPKGTopologyConditionedWI,8d2a911a18bb4d61a536433690b744f0,854778689611649472,_EOPKG_WI-UN-f1-5-13_loan_v1_v5_simulated_GATv2,_EOPKG_WI-UN-f1-5,13,train_candidate_prediction_entropy,0,1781078887369,1.2097968439229532
learn,EOPKG-WI,EOPKGTopologyConditionedWI,8d2a911a18bb4d61a536433690b744f0,854778689611649472,_EOPKG_WI-UN-f1-5-13_loan_v1_v5_simulated_GATv2,_EOPKG_WI-UN-f1-5,13,train_candidate_prediction_entropy,0,1781078998716,1.204901020458658
learn,EOPKG-WI,EOPKGTopologyConditionedWI,8d2a911a18bb4d61a536433690b744f0,854778689611649472,_EOPKG_WI-UN-f1-5-13_loan_v1_v5_simulated_GATv2,_EOPKG_WI-UN-f1-5,13,train_candidate_prediction_entropy,0,1781078998716,1.204901020458658
learn,EOPKG-WI,EOPKGTopologyConditionedWI,8d2a911a18bb4d61a536433690b744f0,854778689611649472,_EOPKG_WI-UN-f1-5-13_loan_v1_v5_simulated_GATv2,_EOPKG_WI-UN-f1-5,13,train_candidate_prediction_entropy,0,1781079111637,1.1927921284931833
learn,EOPKG-WI,EOPKGTopologyConditionedWI,8d2a911a18bb4d61a536433690b744f0,854778689611649472,_EOPKG_WI-UN-f1-5-13_loan_v1_v5_simulated_GATv2,_EOPKG_WI-UN-f1-5,13,train_candidate_prediction_entropy,0,1781079111637,1.1927921284931833
learn,EOPKG-WI,EOPKGTopologyConditionedWI,8d2a911a18bb4d61a536433690b744f0,854778689611649472,_EOPKG_WI-UN-f1-5-13_loan_v1_v5_simulated_GATv2,_EOPKG_WI-UN-f1-5,13,train_candidate_prediction_entropy,0,1781079219500,1.1807738934867142
learn,EOPKG-WI,EOPKGTopologyConditionedWI,8d2a911a18bb4d61a536433690b744f0,854778689611649472,_EOPKG_WI-UN-f1-5-13_loan_v1_v5_simulated_GATv2,_EOPKG_WI-UN-f1-5,13,train_candidate_prediction_entropy,0,1781079219500,1.1807738934867142
learn,EOPKG-WI,EOPKGTopologyConditionedWI,8d2a911a18bb4d61a536433690b744f0,854778689611649472,_EOPKG_WI-UN-f1-5-13_loan_v1_v5_simulated_GATv2,_EOPKG_WI-UN-f1-5,13,train_candidate_prediction_entropy,0,1781079332794,1.1610356003567222
learn,EOPKG-WI,EOPKGTopologyConditionedWI,8d2a911a18bb4d61a536433690b744f0,854778689611649472,_EOPKG_WI-UN-f1-5-13_loan_v1_v5_simulated_GATv2,_EOPKG_WI-UN-f1-5,13,train_candidate_prediction_entropy,0,1781079332794,1.1610356003567222
learn,EOPKG-WI,EOPKGTopologyConditionedWI,8d2a911a18bb4d61a536433690b744f0,854778689611649472,_EOPKG_WI-UN-f1-5-13_loan_v1_v5_simulated_GATv2,_EOPKG_WI-UN-f1-5,13,train_candidate_prediction_entropy,0,1781079447128,1.1624450408786962
learn,EOPKG-WI,EOPKGTopologyConditionedWI,8d2a911a18bb4d61a536433690b744f0,854778689611649472,_EOPKG_WI-UN-f1-5-13_loan_v1_v5_simulated_GATv2,_EOPKG_WI-UN-f1-5,13,train_candidate_prediction_entropy,0,1781079447128,1.1624450408786962
learn,EOPKG-WI,EOPKGTopologyConditionedWI,8d2a911a18bb4d61a536433690b744f0,854778689611649472,_EOPKG_WI-UN-f1-5-13_loan_v1_v5_simulated_GATv2,_EOPKG_WI-UN-f1-5,13,train_candidate_prediction_entropy,0,1781079552136,1.1551501927201433
learn,EOPKG-WI,EOPKGTopologyConditionedWI,8d2a911a18bb4d61a536433690b744f0,854778689611649472,_EOPKG_WI-UN-f1-5-13_loan_v1_v5_simulated_GATv2,_EOPKG_WI-UN-f1-5,13,train_candidate_prediction_entropy,0,1781079552136,1.1551501927201433
learn,EOPKG-WI,EOPKGTopologyConditionedWI,8d2a911a18bb4d61a536433690b744f0,854778689611649472,_EOPKG_WI-UN-f1-5-13_loan_v1_v5_simulated_GATv2,_EOPKG_WI-UN-f1-5,13,train_candidate_prediction_entropy,0,1781079657251,1.1474797430023291
learn,EOPKG-WI,EOPKGTopologyConditionedWI,8d2a911a18bb4d61a536433690b744f0,854778689611649472,_EOPKG_WI-UN-f1-5-13_loan_v1_v5_simulated_GATv2,_EOPKG_WI-UN-f1-5,13,train_candidate_prediction_entropy,0,1781079657251,1.1474797430023291
learn,EOPKG-WI,EOPKGTopologyConditionedWI,8d2a911a18bb4d61a536433690b744f0,854778689611649472,_EOPKG_WI-UN-f1-5-13_loan_v1_v5_simulated_GATv2,_EOPKG_WI-UN-f1-5,13,train_candidate_prediction_entropy,0,1781079756648,1.1321076378344732
learn,EOPKG-WI,EOPKGTopologyConditionedWI,8d2a911a18bb4d61a536433690b744f0,854778689611649472,_EOPKG_WI-UN-f1-5-13_loan_v1_v5_simulated_GATv2,_EOPKG_WI-UN-f1-5,13,train_candidate_prediction_entropy,0,1781079756648,1.1321076378344732
learn,EOPKG-WI,EOPKGTopologyConditionedWI,8d2a911a18bb4d61a536433690b744f0,854778689611649472,_EOPKG_WI-UN-f1-5-13_loan_v1_v5_simulated_GATv2,_EOPKG_WI-UN-f1-5,13,train_candidate_prediction_entropy,0,1781079885409,1.1187903499186322
learn,EOPKG-WI,EOPKGTopologyConditionedWI,8d2a911a18bb4d61a536433690b744f0,854778689611649472,_EOPKG_WI-UN-f1-5-13_loan_v1_v5_simulated_GATv2,_EOPKG_WI-UN-f1-5,13,train_candidate_prediction_entropy,0,1781079885409,1.1187903499186322
learn,EOPKG-WI,EOPKGTopologyConditionedWI,8d2a911a18bb4d61a536433690b744f0,854778689611649472,_EOPKG_WI-UN-f1-5-13_loan_v1_v5_simulated_GATv2,_EOPKG_WI-UN-f1-5,13,train_candidate_prediction_entropy,0,1781080041766,1.1229897801940505
learn,EOPKG-WI,EOPKGTopologyConditionedWI,8d2a911a18bb4d61a536433690b744f0,854778689611649472,_EOPKG_WI-UN-f1-5-13_loan_v1_v5_simulated_GATv2,_EOPKG_WI-UN-f1-5,13,train_candidate_prediction_entropy,0,1781080041766,1.1229897801940505
learn,EOPKG-WI,EOPKGTopologyConditionedWI,8d2a911a18bb4d61a536433690b744f0,854778689611649472,_EOPKG_WI-UN-f1-5-13_loan_v1_v5_simulated_GATv2,_EOPKG_WI-UN-f1-5,13,train_candidate_prediction_entropy,0,1781080206182,1.1249911437353004
learn,EOPKG-WI,EOPKGTopologyConditionedWI,8d2a911a18bb4d61a536433690b744f0,854778689611649472,_EOPKG_WI-UN-f1-5-13_loan_v1_v5_simulated_GATv2,_EOPKG_WI-UN-f1-5,13,train_candidate_prediction_entropy,0,1781080206182,1.1249911437353004
learn,EOPKG-WI,EOPKGTopologyConditionedWI,8d2a911a18bb4d61a536433690b744f0,854778689611649472,_EOPKG_WI-UN-f1-5-13_loan_v1_v5_simulated_GATv2,_EOPKG_WI-UN-f1-5,13,train_candidate_prediction_entropy,0,1781080358190,1.0976238270632224
learn,EOPKG-WI,EOPKGTopologyConditionedWI,8d2a911a18bb4d61a536433690b744f0,854778689611649472,_EOPKG_WI-UN-f1-5-13_loan_v1_v5_simulated_GATv2,_EOPKG_WI-UN-f1-5,13,train_candidate_prediction_entropy,0,1781080358190,1.0976238270632224
learn,EOPKG-WI,EOPKGTopologyConditionedWI,8d2a911a18bb4d61a536433690b744f0,854778689611649472,_EOPKG_WI-UN-f1-5-13_loan_v1_v5_simulated_GATv2,_EOPKG_WI-UN-f1-5,13,train_candidate_prediction_entropy,0,1781080497393,1.099717921975686
learn,EOPKG-WI,EOPKGTopologyConditionedWI,8d2a911a18bb4d61a536433690b744f0,854778689611649472,_EOPKG_WI-UN-f1-5-13_loan_v1_v5_simulated_GATv2,_EOPKG_WI-UN-f1-5,13,train_candidate_prediction_entropy,0,1781080497393,1.099717921975686
learn,EOPKG-WI,EOPKGTopologyConditionedWI,8d2a911a18bb4d61a536433690b744f0,854778689611649472,_EOPKG_WI-UN-f1-5-13_loan_v1_v5_simulated_GATv2,_EOPKG_WI-UN-f1-5,13,train_candidate_prediction_entropy,0,1781080644785,1.0996727824969208
learn,EOPKG-WI,EOPKGTopologyConditionedWI,8d2a911a18bb4d61a536433690b744f0,854778689611649472,_EOPKG_WI-UN-f1-5-13_loan_v1_v5_simulated_GATv2,_EOPKG_WI-UN-f1-5,13,train_candidate_prediction_entropy,0,1781080644785,1.0996727824969208
learn,EOPKG-WI,EOPKGTopologyConditionedWI,8d2a911a18bb4d61a536433690b744f0,854778689611649472,_EOPKG_WI-UN-f1-5-13_loan_v1_v5_simulated_GATv2,_EOPKG_WI-UN-f1-5,13,train_candidate_prediction_entropy,0,1781080776744,1.0979201729233201
learn,EOPKG-WI,EOPKGTopologyConditionedWI,8d2a911a18bb4d61a536433690b744f0,854778689611649472,_EOPKG_WI-UN-f1-5-13_loan_v1_v5_simulated_GATv2,_EOPKG_WI-UN-f1-5,13,train_candidate_prediction_entropy,0,1781080776744,1.0979201729233201
learn,EOPKG-WI,EOPKGTopologyConditionedWI,8d2a911a18bb4d61a536433690b744f0,854778689611649472,_EOPKG_WI-UN-f1-5-13_loan_v1_v5_simulated_GATv2,_EOPKG_WI-UN-f1-5,13,train_candidate_prediction_entropy,0,1781080902497,1.0893450184164062
learn,EOPKG-WI,EOPKGTopologyConditionedWI,8d2a911a18bb4d61a536433690b744f0,854778689611649472,_EOPKG_WI-UN-f1-5-13_loan_v1_v5_simulated_GATv2,_EOPKG_WI-UN-f1-5,13,train_candidate_prediction_entropy,0,1781080902497,1.0893450184164062
learn,EOPKG-WI,EOPKGTopologyConditionedWI,8d2a911a18bb4d61a536433690b744f0,854778689611649472,_EOPKG_WI-UN-f1-5-13_loan_v1_v5_simulated_GATv2,_EOPKG_WI-UN-f1-5,13,train_candidate_prediction_entropy,0,1781081046091,1.0858139063102832
learn,EOPKG-WI,EOPKGTopologyConditionedWI,8d2a911a18bb4d61a536433690b744f0,854778689611649472,_EOPKG_WI-UN-f1-5-13_loan_v1_v5_simulated_GATv2,_EOPKG_WI-UN-f1-5,13,train_candidate_prediction_entropy,0,1781081046091,1.0858139063102832
learn,EOPKG-WI,EOPKGTopologyConditionedWI,8d2a911a18bb4d61a536433690b744f0,854778689611649472,_EOPKG_WI-UN-f1-5-13_loan_v1_v5_simulated_GATv2,_EOPKG_WI-UN-f1-5,13,train_candidate_prediction_entropy,0,1781081184687,1.1013987387496451
learn,EOPKG-WI,EOPKGTopologyConditionedWI,8d2a911a18bb4d61a536433690b744f0,854778689611649472,_EOPKG_WI-UN-f1-5-13_loan_v1_v5_simulated_GATv2,_EOPKG_WI-UN-f1-5,13,train_candidate_prediction_entropy,0,1781081184687,1.1013987387496451
learn,EOPKG-WI,EOPKGTopologyConditionedWI,8d2a911a18bb4d61a536433690b744f0,854778689611649472,_EOPKG_WI-UN-f1-5-13_loan_v1_v5_simulated_GATv2,_EOPKG_WI-UN-f1-5,13,train_candidate_prediction_entropy,0,1781081333258,1.0731979213382556
learn,EOPKG-WI,EOPKGTopologyConditionedWI,8d2a911a18bb4d61a536433690b744f0,854778689611649472,_EOPKG_WI-UN-f1-5-13_loan_v1_v5_simulated_GATv2,_EOPKG_WI-UN-f1-5,13,train_candidate_prediction_entropy,0,1781081333258,1.0731979213382556
learn,EOPKG-WI,EOPKGTopologyConditionedWI,8d2a911a18bb4d61a536433690b744f0,854778689611649472,_EOPKG_WI-UN-f1-5-13_loan_v1_v5_simulated_GATv2,_EOPKG_WI-UN-f1-5,13,train_candidate_prediction_entropy,0,1781081467129,1.075089449439026
learn,EOPKG-WI,EOPKGTopologyConditionedWI,8d2a911a18bb4d61a536433690b744f0,854778689611649472,_EOPKG_WI-UN-f1-5-13_loan_v1_v5_simulated_GATv2,_EOPKG_WI-UN-f1-5,13,train_candidate_prediction_entropy,0,1781081467129,1.075089449439026
learn,EOPKG-WI,EOPKGTopologyConditionedWI,8d2a911a18bb4d61a536433690b744f0,854778689611649472,_EOPKG_WI-UN-f1-5-13_loan_v1_v5_simulated_GATv2,_EOPKG_WI-UN-f1-5,13,train_candidate_prediction_entropy,0,1781081582877,1.0808400799814961
learn,EOPKG-WI,EOPKGTopologyConditionedWI,8d2a911a18bb4d61a536433690b744f0,854778689611649472,_EOPKG_WI-UN-f1-5-13_loan_v1_v5_simulated_GATv2,_EOPKG_WI-UN-f1-5,13,train_candidate_prediction_entropy,0,1781081582877,1.0808400799814961
learn,EOPKG-WI,EOPKGTopologyConditionedWI,8d2a911a18bb4d61a536433690b744f0,854778689611649472,_EOPKG_WI-UN-f1-5-13_loan_v1_v5_simulated_GATv2,_EOPKG_WI-UN-f1-5,13,train_candidate_prediction_entropy,0,1781081725481,1.0636677345903576
learn,EOPKG-WI,EOPKGTopologyConditionedWI,8d2a911a18bb4d61a536433690b744f0,854778689611649472,_EOPKG_WI-UN-f1-5-13_loan_v1_v5_simulated_GATv2,_EOPKG_WI-UN-f1-5,13,train_candidate_prediction_entropy,0,1781081725481,1.0636677345903576
learn,EOPKG-WI,EOPKGTopologyConditionedWI,8d2a911a18bb4d61a536433690b744f0,854778689611649472,_EOPKG_WI-UN-f1-5-13_loan_v1_v5_simulated_GATv2,_EOPKG_WI-UN-f1-5,13,train_candidate_prediction_entropy,0,1781081837622,1.0719945261133494
learn,EOPKG-WI,EOPKGTopologyConditionedWI,8d2a911a18bb4d61a536433690b744f0,854778689611649472,_EOPKG_WI-UN-f1-5-13_loan_v1_v5_simulated_GATv2,_EOPKG_WI-UN-f1-5,13,train_candidate_prediction_entropy,0,1781081837622,1.0719945261133494
learn,EOPKG-WI,EOPKGTopologyConditionedWI,8d2a911a18bb4d61a536433690b744f0,854778689611649472,_EOPKG_WI-UN-f1-5-13_loan_v1_v5_simulated_GATv2,_EOPKG_WI-UN-f1-5,13,train_candidate_prediction_entropy,0,1781081952269,1.077999691326402
learn,EOPKG-WI,EOPKGTopologyConditionedWI,8d2a911a18bb4d61a536433690b744f0,854778689611649472,_EOPKG_WI-UN-f1-5-13_loan_v1_v5_simulated_GATv2,_EOPKG_WI-UN-f1-5,13,train_candidate_prediction_entropy,0,1781081952269,1.077999691326402
learn,EOPKG-WI,EOPKGTopologyConditionedWI,8d2a911a18bb4d61a536433690b744f0,854778689611649472,_EOPKG_WI-UN-f1-5-13_loan_v1_v5_simulated_GATv2,_EOPKG_WI-UN-f1-5,13,train_candidate_prediction_entropy,0,1781082063565,1.0781403401887284
learn,EOPKG-WI,EOPKGTopologyConditionedWI,8d2a911a18bb4d61a536433690b744f0,854778689611649472,_EOPKG_WI-UN-f1-5-13_loan_v1_v5_simulated_GATv2,_EOPKG_WI-UN-f1-5,13,train_candidate_prediction_entropy,0,1781082063565,1.0781403401887284
learn,EOPKG-WI,EOPKGTopologyConditionedWI,8d2a911a18bb4d61a536433690b744f0,854778689611649472,_EOPKG_WI-UN-f1-5-13_loan_v1_v5_simulated_GATv2,_EOPKG_WI-UN-f1-5,13,train_candidate_prediction_entropy,0,1781082168710,1.0681291518226526
learn,EOPKG-WI,EOPKGTopologyConditionedWI,8d2a911a18bb4d61a536433690b744f0,854778689611649472,_EOPKG_WI-UN-f1-5-13_loan_v1_v5_simulated_GATv2,_EOPKG_WI-UN-f1-5,13,train_candidate_prediction_entropy,0,1781082168710,1.0681291518226526
learn,EOPKG-WI,EOPKGTopologyConditionedWI,8d2a911a18bb4d61a536433690b744f0,854778689611649472,_EOPKG_WI-UN-f1-5-13_loan_v1_v5_simulated_GATv2,_EOPKG_WI-UN-f1-5,13,train_candidate_prediction_entropy,0,1781082275206,1.0692259705313059
learn,EOPKG-WI,EOPKGTopologyConditionedWI,8d2a911a18bb4d61a536433690b744f0,854778689611649472,_EOPKG_WI-UN-f1-5-13_loan_v1_v5_simulated_GATv2,_EOPKG_WI-UN-f1-5,13,train_candidate_prediction_entropy,0,1781082275206,1.0692259705313059
learn,EOPKG-WI,EOPKGTopologyConditionedWI,8d2a911a18bb4d61a536433690b744f0,854778689611649472,_EOPKG_WI-UN-f1-5-13_loan_v1_v5_simulated_GATv2,_EOPKG_WI-UN-f1-5,13,train_candidate_prediction_entropy,0,1781082378222,1.0635876571241358
learn,EOPKG-WI,EOPKGTopologyConditionedWI,8d2a911a18bb4d61a536433690b744f0,854778689611649472,_EOPKG_WI-UN-f1-5-13_loan_v1_v5_simulated_GATv2,_EOPKG_WI-UN-f1-5,13,train_candidate_prediction_entropy,0,1781082378222,1.0635876571241358
learn,EOPKG-WI,EOPKGTopologyConditionedWI,8d2a911a18bb4d61a536433690b744f0,854778689611649472,_EOPKG_WI-UN-f1-5-13_loan_v1_v5_simulated_GATv2,_EOPKG_WI-UN-f1-5,13,train_candidate_prediction_entropy,0,1781082478734,1.0593482970433319
learn,EOPKG-WI,EOPKGTopologyConditionedWI,8d2a911a18bb4d61a536433690b744f0,854778689611649472,_EOPKG_WI-UN-f1-5-13_loan_v1_v5_simulated_GATv2,_EOPKG_WI-UN-f1-5,13,train_candidate_prediction_entropy,0,1781082478734,1.0593482970433319
learn,EOPKG-WI,EOPKGTopologyConditionedWI,8d2a911a18bb4d61a536433690b744f0,854778689611649472,_EOPKG_WI-UN-f1-5-13_loan_v1_v5_simulated_GATv2,_EOPKG_WI-UN-f1-5,13,train_candidate_prediction_entropy,0,1781082578576,1.0607302206877873
learn,EOPKG-WI,EOPKGTopologyConditionedWI,8d2a911a18bb4d61a536433690b744f0,854778689611649472,_EOPKG_WI-UN-f1-5-13_loan_v1_v5_simulated_GATv2,_EOPKG_WI-UN-f1-5,13,train_candidate_prediction_entropy,0,1781082578576,1.0607302206877873
learn,EOPKG-WI,EOPKGTopologyConditionedWI,8d2a911a18bb4d61a536433690b744f0,854778689611649472,_EOPKG_WI-UN-f1-5-13_loan_v1_v5_simulated_GATv2,_EOPKG_WI-UN-f1-5,13,train_candidate_prediction_entropy,0,1781082678168,1.053093577985354
learn,EOPKG-WI,EOPKGTopologyConditionedWI,8d2a911a18bb4d61a536433690b744f0,854778689611649472,_EOPKG_WI-UN-f1-5-13_loan_v1_v5_simulated_GATv2,_EOPKG_WI-UN-f1-5,13,train_candidate_prediction_entropy,0,1781082678168,1.053093577985354
learn,EOPKG-WI,EOPKGTopologyConditionedWI,8d2a911a18bb4d61a536433690b744f0,854778689611649472,_EOPKG_WI-UN-f1-5-13_loan_v1_v5_simulated_GATv2,_EOPKG_WI-UN-f1-5,13,train_candidate_prediction_entropy,0,1781082779659,1.048426839145454
learn,EOPKG-WI,EOPKGTopologyConditionedWI,8d2a911a18bb4d61a536433690b744f0,854778689611649472,_EOPKG_WI-UN-f1-5-13_loan_v1_v5_simulated_GATv2,_EOPKG_WI-UN-f1-5,13,train_candidate_prediction_entropy,0,1781082779659,1.048426839145454
learn,EOPKG-WI,EOPKGTopologyConditionedWI,8d2a911a18bb4d61a536433690b744f0,854778689611649472,_EOPKG_WI-UN-f1-5-13_loan_v1_v5_simulated_GATv2,_EOPKG_WI-UN-f1-5,13,train_candidate_prediction_entropy,0,1781082882384,1.0625444842067167
learn,EOPKG-WI,EOPKGTopologyConditionedWI,8d2a911a18bb4d61a536433690b744f0,854778689611649472,_EOPKG_WI-UN-f1-5-13_loan_v1_v5_simulated_GATv2,_EOPKG_WI-UN-f1-5,13,train_candidate_prediction_entropy,0,1781082882384,1.0625444842067167
learn,EOPKG-WI,EOPKGTopologyConditionedWI,8d2a911a18bb4d61a536433690b744f0,854778689611649472,_EOPKG_WI-UN-f1-5-13_loan_v1_v5_simulated_GATv2,_EOPKG_WI-UN-f1-5,13,train_candidate_prediction_entropy,0,1781082983377,1.055955890252215
learn,EOPKG-WI,EOPKGTopologyConditionedWI,8d2a911a18bb4d61a536433690b744f0,854778689611649472,_EOPKG_WI-UN-f1-5-13_loan_v1_v5_simulated_GATv2,_EOPKG_WI-UN-f1-5,13,train_candidate_prediction_entropy,0,1781082983377,1.055955890252215
learn,EOPKG-WI,EOPKGTopologyConditionedWI,8d2a911a18bb4d61a536433690b744f0,854778689611649472,_EOPKG_WI-UN-f1-5-13_loan_v1_v5_simulated_GATv2,_EOPKG_WI-UN-f1-5,13,train_candidate_prediction_entropy,0,1781083082579,1.064140385398804
learn,EOPKG-WI,EOPKGTopologyConditionedWI,8d2a911a18bb4d61a536433690b744f0,854778689611649472,_EOPKG_WI-UN-f1-5-13_loan_v1_v5_simulated_GATv2,_EOPKG_WI-UN-f1-5,13,train_candidate_prediction_entropy,0,1781083082579,1.064140385398804
learn,EOPKG-WI,EOPKGTopologyConditionedWI,8d2a911a18bb4d61a536433690b744f0,854778689611649472,_EOPKG_WI-UN-f1-5-13_loan_v1_v5_simulated_GATv2,_EOPKG_WI-UN-f1-5,13,train_candidate_prediction_entropy,0,1781083177788,1.046755412614213
learn,EOPKG-WI,EOPKGTopologyConditionedWI,8d2a911a18bb4d61a536433690b744f0,854778689611649472,_EOPKG_WI-UN-f1-5-13_loan_v1_v5_simulated_GATv2,_EOPKG_WI-UN-f1-5,13,train_candidate_prediction_entropy,0,1781083177788,1.046755412614213
learn,EOPKG-WI,EOPKGTopologyConditionedWI,8d2a911a18bb4d61a536433690b744f0,854778689611649472,_EOPKG_WI-UN-f1-5-13_loan_v1_v5_simulated_GATv2,_EOPKG_WI-UN-f1-5,13,train_candidate_prediction_entropy,0,1781083276009,1.0614555562433263
learn,EOPKG-WI,EOPKGTopologyConditionedWI,8d2a911a18bb4d61a536433690b744f0,854778689611649472,_EOPKG_WI-UN-f1-5-13_loan_v1_v5_simulated_GATv2,_EOPKG_WI-UN-f1-5,13,train_candidate_prediction_entropy,0,1781083276009,1.0614555562433263
learn,EOPKG-WI,EOPKGTopologyConditionedWI,8d2a911a18bb4d61a536433690b744f0,854778689611649472,_EOPKG_WI-UN-f1-5-13_loan_v1_v5_simulated_GATv2,_EOPKG_WI-UN-f1-5,13,train_candidate_prediction_entropy,0,1781083373748,1.0465144230754653
learn,EOPKG-WI,EOPKGTopologyConditionedWI,8d2a911a18bb4d61a536433690b744f0,854778689611649472,_EOPKG_WI-UN-f1-5-13_loan_v1_v5_simulated_GATv2,_EOPKG_WI-UN-f1-5,13,train_candidate_prediction_entropy,0,1781083373748,1.0465144230754653
learn,EOPKG-WI,EOPKGTopologyConditionedWI,8d2a911a18bb4d61a536433690b744f0,854778689611649472,_EOPKG_WI-UN-f1-5-13_loan_v1_v5_simulated_GATv2,_EOPKG_WI-UN-f1-5,13,train_candidate_prediction_entropy,0,1781083469816,1.0583145709409243
learn,EOPKG-WI,EOPKGTopologyConditionedWI,8d2a911a18bb4d61a536433690b744f0,854778689611649472,_EOPKG_WI-UN-f1-5-13_loan_v1_v5_simulated_GATv2,_EOPKG_WI-UN-f1-5,13,train_candidate_prediction_entropy,0,1781083469816,1.0583145709409243
learn,EOPKG-WI,EOPKGTopologyConditionedWI,8d2a911a18bb4d61a536433690b744f0,854778689611649472,_EOPKG_WI-UN-f1-5-13_loan_v1_v5_simulated_GATv2,_EOPKG_WI-UN-f1-5,13,train_candidate_prediction_entropy,0,1781083590060,1.052956888141238
learn,EOPKG-WI,EOPKGTopologyConditionedWI,8d2a911a18bb4d61a536433690b744f0,854778689611649472,_EOPKG_WI-UN-f1-5-13_loan_v1_v5_simulated_GATv2,_EOPKG_WI-UN-f1-5,13,train_candidate_prediction_entropy,0,1781083590060,1.052956888141238
learn,EOPKG-WI,EOPKGTopologyConditionedWI,8d2a911a18bb4d61a536433690b744f0,854778689611649472,_EOPKG_WI-UN-f1-5-13_loan_v1_v5_simulated_GATv2,_EOPKG_WI-UN-f1-5,13,train_candidate_prediction_entropy,0,1781083696515,1.0566899395519675
learn,EOPKG-WI,EOPKGTopologyConditionedWI,8d2a911a18bb4d61a536433690b744f0,854778689611649472,_EOPKG_WI-UN-f1-5-13_loan_v1_v5_simulated_GATv2,_EOPKG_WI-UN-f1-5,13,train_candidate_prediction_entropy,0,1781083696515,1.0566899395519675
learn,EOPKG-WI,EOPKGTopologyConditionedWI,8d2a911a18bb4d61a536433690b744f0,854778689611649472,_EOPKG_WI-UN-f1-5-13_loan_v1_v5_simulated_GATv2,_EOPKG_WI-UN-f1-5,13,train_candidate_prediction_entropy,0,1781083825741,1.0519788504973504
learn,EOPKG-WI,EOPKGTopologyConditionedWI,8d2a911a18bb4d61a536433690b744f0,854778689611649472,_EOPKG_WI-UN-f1-5-13_loan_v1_v5_simulated_GATv2,_EOPKG_WI-UN-f1-5,13,train_candidate_prediction_entropy,0,1781083825741,1.0519788504973504
learn,EOPKG-WI,EOPKGTopologyConditionedWI,8d2a911a18bb4d61a536433690b744f0,854778689611649472,_EOPKG_WI-UN-f1-5-13_loan_v1_v5_simulated_GATv2,_EOPKG_WI-UN-f1-5,13,train_candidate_prediction_entropy,0,1781083945390,1.050352355444564
learn,EOPKG-WI,EOPKGTopologyConditionedWI,8d2a911a18bb4d61a536433690b744f0,854778689611649472,_EOPKG_WI-UN-f1-5-13_loan_v1_v5_simulated_GATv2,_EOPKG_WI-UN-f1-5,13,train_candidate_prediction_entropy,0,1781083945390,1.050352355444564
learn,EOPKG-WI,EOPKGTopologyConditionedWI,8d2a911a18bb4d61a536433690b744f0,854778689611649472,_EOPKG_WI-UN-f1-5-13_loan_v1_v5_simulated_GATv2,_EOPKG_WI-UN-f1-5,13,train_candidate_prediction_entropy,0,1781084069032,1.0528053641319275
learn,EOPKG-WI,EOPKGTopologyConditionedWI,8d2a911a18bb4d61a536433690b744f0,854778689611649472,_EOPKG_WI-UN-f1-5-13_loan_v1_v5_simulated_GATv2,_EOPKG_WI-UN-f1-5,13,train_candidate_prediction_entropy,0,1781084069032,1.0528053641319275
learn,EOPKG-WI,EOPKGTopologyConditionedWI,8d2a911a18bb4d61a536433690b744f0,854778689611649472,_EOPKG_WI-UN-f1-5-13_loan_v1_v5_simulated_GATv2,_EOPKG_WI-UN-f1-5,13,train_candidate_prediction_entropy,0,1781084187696,1.047794818593891
learn,EOPKG-WI,EOPKGTopologyConditionedWI,8d2a911a18bb4d61a536433690b744f0,854778689611649472,_EOPKG_WI-UN-f1-5-13_loan_v1_v5_simulated_GATv2,_EOPKG_WI-UN-f1-5,13,train_candidate_prediction_entropy,0,1781084187696,1.047794818593891
learn,EOPKG-WI,EOPKGTopologyConditionedWI,a6f92d038fdd4015af0c2ca3d4d657de,854778689611649472,_EOPKG_WI-UN-f1-5-99_loan_v1_v5_simulated_GATv2,_EOPKG_WI-UN-f1-5,99,train_candidate_prediction_entropy,0,1781524510061,1.7728147444171634
learn,EOPKG-WI,EOPKGTopologyConditionedWI,a6f92d038fdd4015af0c2ca3d4d657de,854778689611649472,_EOPKG_WI-UN-f1-5-99_loan_v1_v5_simulated_GATv2,_EOPKG_WI-UN-f1-5,99,train_candidate_prediction_entropy,0,1781524510061,1.7728147444171634
learn,EOPKG-WI,EOPKGTopologyConditionedWI,a6f92d038fdd4015af0c2ca3d4d657de,854778689611649472,_EOPKG_WI-UN-f1-5-99_loan_v1_v5_simulated_GATv2,_EOPKG_WI-UN-f1-5,99,train_candidate_prediction_entropy,0,1781524664594,1.4015465019617248
learn,EOPKG-WI,EOPKGTopologyConditionedWI,a6f92d038fdd4015af0c2ca3d4d657de,854778689611649472,_EOPKG_WI-UN-f1-5-99_loan_v1_v5_simulated_GATv2,_EOPKG_WI-UN-f1-5,99,train_candidate_prediction_entropy,0,1781524664594,1.4015465019617248
learn,EOPKG-WI,EOPKGTopologyConditionedWI,a6f92d038fdd4015af0c2ca3d4d657de,854778689611649472,_EOPKG_WI-UN-f1-5-99_loan_v1_v5_simulated_GATv2,_EOPKG_WI-UN-f1-5,99,train_candidate_prediction_entropy,0,1781524796365,1.3127660580773042
learn,EOPKG-WI,EOPKGTopologyConditionedWI,a6f92d038fdd4015af0c2ca3d4d657de,854778689611649472,_EOPKG_WI-UN-f1-5-99_loan_v1_v5_simulated_GATv2,_EOPKG_WI-UN-f1-5,99,train_candidate_prediction_entropy,0,1781524796365,1.3127660580773042
learn,EOPKG-WI,EOPKGTopologyConditionedWI,a6f92d038fdd4015af0c2ca3d4d657de,854778689611649472,_EOPKG_WI-UN-f1-5-99_loan_v1_v5_simulated_GATv2,_EOPKG_WI-UN-f1-5,99,train_candidate_prediction_entropy,0,1781524937472,1.2725116466490378
learn,EOPKG-WI,EOPKGTopologyConditionedWI,a6f92d038fdd4015af0c2ca3d4d657de,854778689611649472,_EOPKG_WI-UN-f1-5-99_loan_v1_v5_simulated_GATv2,_EOPKG_WI-UN-f1-5,99,train_candidate_prediction_entropy,0,1781524937472,1.2725116466490378
learn,EOPKG-WI,EOPKGTopologyConditionedWI,a6f92d038fdd4015af0c2ca3d4d657de,854778689611649472,_EOPKG_WI-UN-f1-5-99_loan_v1_v5_simulated_GATv2,_EOPKG_WI-UN-f1-5,99,train_candidate_prediction_entropy,0,1781525076915,1.2455875459460273
learn,EOPKG-WI,EOPKGTopologyConditionedWI,a6f92d038fdd4015af0c2ca3d4d657de,854778689611649472,_EOPKG_WI-UN-f1-5-99_loan_v1_v5_simulated_GATv2,_EOPKG_WI-UN-f1-5,99,train_candidate_prediction_entropy,0,1781525076915,1.2455875459460273
learn,EOPKG-WI,EOPKGTopologyConditionedWI,a6f92d038fdd4015af0c2ca3d4d657de,854778689611649472,_EOPKG_WI-UN-f1-5-99_loan_v1_v5_simulated_GATv2,_EOPKG_WI-UN-f1-5,99,train_candidate_prediction_entropy,0,1781525207794,1.2261735625411065
learn,EOPKG-WI,EOPKGTopologyConditionedWI,a6f92d038fdd4015af0c2ca3d4d657de,854778689611649472,_EOPKG_WI-UN-f1-5-99_loan_v1_v5_simulated_GATv2,_EOPKG_WI-UN-f1-5,99,train_candidate_prediction_entropy,0,1781525207794,1.2261735625411065
learn,EOPKG-WI,EOPKGTopologyConditionedWI,a6f92d038fdd4015af0c2ca3d4d657de,854778689611649472,_EOPKG_WI-UN-f1-5-99_loan_v1_v5_simulated_GATv2,_EOPKG_WI-UN-f1-5,99,train_candidate_prediction_entropy,0,1781525379664,1.2243861232918283
learn,EOPKG-WI,EOPKGTopologyConditionedWI,a6f92d038fdd4015af0c2ca3d4d657de,854778689611649472,_EOPKG_WI-UN-f1-5-99_loan_v1_v5_simulated_GATv2,_EOPKG_WI-UN-f1-5,99,train_candidate_prediction_entropy,0,1781525379664,1.2243861232918283
learn,EOPKG-WI,EOPKGTopologyConditionedWI,a6f92d038fdd4015af0c2ca3d4d657de,854778689611649472,_EOPKG_WI-UN-f1-5-99_loan_v1_v5_simulated_GATv2,_EOPKG_WI-UN-f1-5,99,train_candidate_prediction_entropy,0,1781525777571,1.1941032410615577
learn,EOPKG-WI,EOPKGTopologyConditionedWI,a6f92d038fdd4015af0c2ca3d4d657de,854778689611649472,_EOPKG_WI-UN-f1-5-99_loan_v1_v5_simulated_GATv2,_EOPKG_WI-UN-f1-5,99,train_candidate_prediction_entropy,0,1781525777571,1.1941032410615577
learn,EOPKG-WI,EOPKGTopologyConditionedWI,a6f92d038fdd4015af0c2ca3d4d657de,854778689611649472,_EOPKG_WI-UN-f1-5-99_loan_v1_v5_simulated_GATv2,_EOPKG_WI-UN-f1-5,99,train_candidate_prediction_entropy,0,1781526075211,1.1874183324448444
learn,EOPKG-WI,EOPKGTopologyConditionedWI,a6f92d038fdd4015af0c2ca3d4d657de,854778689611649472,_EOPKG_WI-UN-f1-5-99_loan_v1_v5_simulated_GATv2,_EOPKG_WI-UN-f1-5,99,train_candidate_prediction_entropy,0,1781526075211,1.1874183324448444
learn,EOPKG-WI,EOPKGTopologyConditionedWI,a6f92d038fdd4015af0c2ca3d4d657de,854778689611649472,_EOPKG_WI-UN-f1-5-99_loan_v1_v5_simulated_GATv2,_EOPKG_WI-UN-f1-5,99,train_candidate_prediction_entropy,0,1781526300435,1.1619454624163896
learn,EOPKG-WI,EOPKGTopologyConditionedWI,a6f92d038fdd4015af0c2ca3d4d657de,854778689611649472,_EOPKG_WI-UN-f1-5-99_loan_v1_v5_simulated_GATv2,_EOPKG_WI-UN-f1-5,99,train_candidate_prediction_entropy,0,1781526300435,1.1619454624163896
learn,EOPKG-WI,EOPKGTopologyConditionedWI,a6f92d038fdd4015af0c2ca3d4d657de,854778689611649472,_EOPKG_WI-UN-f1-5-99_loan_v1_v5_simulated_GATv2,_EOPKG_WI-UN-f1-5,99,train_candidate_prediction_entropy,0,1781526643984,1.1656753492848104
learn,EOPKG-WI,EOPKGTopologyConditionedWI,a6f92d038fdd4015af0c2ca3d4d657de,854778689611649472,_EOPKG_WI-UN-f1-5-99_loan_v1_v5_simulated_GATv2,_EOPKG_WI-UN-f1-5,99,train_candidate_prediction_entropy,0,1781526643984,1.1656753492848104
learn,EOPKG-WI,EOPKGTopologyConditionedWI,a6f92d038fdd4015af0c2ca3d4d657de,854778689611649472,_EOPKG_WI-UN-f1-5-99_loan_v1_v5_simulated_GATv2,_EOPKG_WI-UN-f1-5,99,train_candidate_prediction_entropy,0,1781526908814,1.1433537322879785
learn,EOPKG-WI,EOPKGTopologyConditionedWI,a6f92d038fdd4015af0c2ca3d4d657de,854778689611649472,_EOPKG_WI-UN-f1-5-99_loan_v1_v5_simulated_GATv2,_EOPKG_WI-UN-f1-5,99,train_candidate_prediction_entropy,0,1781526908814,1.1433537322879785
learn,EOPKG-WI,EOPKGTopologyConditionedWI,a6f92d038fdd4015af0c2ca3d4d657de,854778689611649472,_EOPKG_WI-UN-f1-5-99_loan_v1_v5_simulated_GATv2,_EOPKG_WI-UN-f1-5,99,train_candidate_prediction_entropy,0,1781527238717,1.1259197732033903
learn,EOPKG-WI,EOPKGTopologyConditionedWI,a6f92d038fdd4015af0c2ca3d4d657de,854778689611649472,_EOPKG_WI-UN-f1-5-99_loan_v1_v5_simulated_GATv2,_EOPKG_WI-UN-f1-5,99,train_candidate_prediction_entropy,0,1781527238717,1.1259197732033903
learn,EOPKG-WI,EOPKGTopologyConditionedWI,a6f92d038fdd4015af0c2ca3d4d657de,854778689611649472,_EOPKG_WI-UN-f1-5-99_loan_v1_v5_simulated_GATv2,_EOPKG_WI-UN-f1-5,99,train_candidate_prediction_entropy,0,1781527426714,1.1195770382691643
learn,EOPKG-WI,EOPKGTopologyConditionedWI,a6f92d038fdd4015af0c2ca3d4d657de,854778689611649472,_EOPKG_WI-UN-f1-5-99_loan_v1_v5_simulated_GATv2,_EOPKG_WI-UN-f1-5,99,train_candidate_prediction_entropy,0,1781527426714,1.1195770382691643
learn,EOPKG-WI,EOPKGTopologyConditionedWI,a6f92d038fdd4015af0c2ca3d4d657de,854778689611649472,_EOPKG_WI-UN-f1-5-99_loan_v1_v5_simulated_GATv2,_EOPKG_WI-UN-f1-5,99,train_candidate_prediction_entropy,0,1781527584599,1.1305117645968694
learn,EOPKG-WI,EOPKGTopologyConditionedWI,a6f92d038fdd4015af0c2ca3d4d657de,854778689611649472,_EOPKG_WI-UN-f1-5-99_loan_v1_v5_simulated_GATv2,_EOPKG_WI-UN-f1-5,99,train_candidate_prediction_entropy,0,1781527584599,1.1305117645968694
learn,EOPKG-WI,EOPKGTopologyConditionedWI,a6f92d038fdd4015af0c2ca3d4d657de,854778689611649472,_EOPKG_WI-UN-f1-5-99_loan_v1_v5_simulated_GATv2,_EOPKG_WI-UN-f1-5,99,train_candidate_prediction_entropy,0,1781527735461,1.0993614639311033
learn,EOPKG-WI,EOPKGTopologyConditionedWI,a6f92d038fdd4015af0c2ca3d4d657de,854778689611649472,_EOPKG_WI-UN-f1-5-99_loan_v1_v5_simulated_GATv2,_EOPKG_WI-UN-f1-5,99,train_candidate_prediction_entropy,0,1781527735461,1.0993614639311033
learn,EOPKG-WI,EOPKGTopologyConditionedWI,a6f92d038fdd4015af0c2ca3d4d657de,854778689611649472,_EOPKG_WI-UN-f1-5-99_loan_v1_v5_simulated_GATv2,_EOPKG_WI-UN-f1-5,99,train_candidate_prediction_entropy,0,1781527856147,1.0920914321521886
learn,EOPKG-WI,EOPKGTopologyConditionedWI,a6f92d038fdd4015af0c2ca3d4d657de,854778689611649472,_EOPKG_WI-UN-f1-5-99_loan_v1_v5_simulated_GATv2,_EOPKG_WI-UN-f1-5,99,train_candidate_prediction_entropy,0,1781527856147,1.0920914321521886
learn,EOPKG-WI,EOPKGTopologyConditionedWI,a6f92d038fdd4015af0c2ca3d4d657de,854778689611649472,_EOPKG_WI-UN-f1-5-99_loan_v1_v5_simulated_GATv2,_EOPKG_WI-UN-f1-5,99,train_candidate_prediction_entropy,0,1781527981359,1.0937555511918848
learn,EOPKG-WI,EOPKGTopologyConditionedWI,a6f92d038fdd4015af0c2ca3d4d657de,854778689611649472,_EOPKG_WI-UN-f1-5-99_loan_v1_v5_simulated_GATv2,_EOPKG_WI-UN-f1-5,99,train_candidate_prediction_entropy,0,1781527981359,1.0937555511918848
learn,EOPKG-WI,EOPKGTopologyConditionedWI,a6f92d038fdd4015af0c2ca3d4d657de,854778689611649472,_EOPKG_WI-UN-f1-5-99_loan_v1_v5_simulated_GATv2,_EOPKG_WI-UN-f1-5,99,train_candidate_prediction_entropy,0,1781528104199,1.085409021813464
learn,EOPKG-WI,EOPKGTopologyConditionedWI,a6f92d038fdd4015af0c2ca3d4d657de,854778689611649472,_EOPKG_WI-UN-f1-5-99_loan_v1_v5_simulated_GATv2,_EOPKG_WI-UN-f1-5,99,train_candidate_prediction_entropy,0,1781528104199,1.085409021813464
learn,EOPKG-WI,EOPKGTopologyConditionedWI,a6f92d038fdd4015af0c2ca3d4d657de,854778689611649472,_EOPKG_WI-UN-f1-5-99_loan_v1_v5_simulated_GATv2,_EOPKG_WI-UN-f1-5,99,train_candidate_prediction_entropy,0,1781528225974,1.0749569492613
learn,EOPKG-WI,EOPKGTopologyConditionedWI,a6f92d038fdd4015af0c2ca3d4d657de,854778689611649472,_EOPKG_WI-UN-f1-5-99_loan_v1_v5_simulated_GATv2,_EOPKG_WI-UN-f1-5,99,train_candidate_prediction_entropy,0,1781528225974,1.0749569492613
learn,EOPKG-WI,EOPKGTopologyConditionedWI,a6f92d038fdd4015af0c2ca3d4d657de,854778689611649472,_EOPKG_WI-UN-f1-5-99_loan_v1_v5_simulated_GATv2,_EOPKG_WI-UN-f1-5,99,train_candidate_prediction_entropy,0,1781528340899,1.0885555058101781
learn,EOPKG-WI,EOPKGTopologyConditionedWI,a6f92d038fdd4015af0c2ca3d4d657de,854778689611649472,_EOPKG_WI-UN-f1-5-99_loan_v1_v5_simulated_GATv2,_EOPKG_WI-UN-f1-5,99,train_candidate_prediction_entropy,0,1781528340899,1.0885555058101781
learn,EOPKG-WI,EOPKGTopologyConditionedWI,a6f92d038fdd4015af0c2ca3d4d657de,854778689611649472,_EOPKG_WI-UN-f1-5-99_loan_v1_v5_simulated_GATv2,_EOPKG_WI-UN-f1-5,99,train_candidate_prediction_entropy,0,1781528483199,1.0771903112317496
learn,EOPKG-WI,EOPKGTopologyConditionedWI,a6f92d038fdd4015af0c2ca3d4d657de,854778689611649472,_EOPKG_WI-UN-f1-5-99_loan_v1_v5_simulated_GATv2,_EOPKG_WI-UN-f1-5,99,train_candidate_prediction_entropy,0,1781528483199,1.0771903112317496
learn,EOPKG-WI,EOPKGTopologyConditionedWI,a6f92d038fdd4015af0c2ca3d4d657de,854778689611649472,_EOPKG_WI-UN-f1-5-99_loan_v1_v5_simulated_GATv2,_EOPKG_WI-UN-f1-5,99,train_candidate_prediction_entropy,0,1781528790940,1.0664545410388224
learn,EOPKG-WI,EOPKGTopologyConditionedWI,a6f92d038fdd4015af0c2ca3d4d657de,854778689611649472,_EOPKG_WI-UN-f1-5-99_loan_v1_v5_simulated_GATv2,_EOPKG_WI-UN-f1-5,99,train_candidate_prediction_entropy,0,1781528790940,1.0664545410388224
learn,EOPKG-WI,EOPKGTopologyConditionedWI,a6f92d038fdd4015af0c2ca3d4d657de,854778689611649472,_EOPKG_WI-UN-f1-5-99_loan_v1_v5_simulated_GATv2,_EOPKG_WI-UN-f1-5,99,train_candidate_prediction_entropy,0,1781528974068,1.0662428854190298
learn,EOPKG-WI,EOPKGTopologyConditionedWI,a6f92d038fdd4015af0c2ca3d4d657de,854778689611649472,_EOPKG_WI-UN-f1-5-99_loan_v1_v5_simulated_GATv2,_EOPKG_WI-UN-f1-5,99,train_candidate_prediction_entropy,0,1781528974068,1.0662428854190298
learn,EOPKG-WI,EOPKGTopologyConditionedWI,a6f92d038fdd4015af0c2ca3d4d657de,854778689611649472,_EOPKG_WI-UN-f1-5-99_loan_v1_v5_simulated_GATv2,_EOPKG_WI-UN-f1-5,99,train_candidate_prediction_entropy,0,1781529154394,1.0691215210195946
learn,EOPKG-WI,EOPKGTopologyConditionedWI,a6f92d038fdd4015af0c2ca3d4d657de,854778689611649472,_EOPKG_WI-UN-f1-5-99_loan_v1_v5_simulated_GATv2,_EOPKG_WI-UN-f1-5,99,train_candidate_prediction_entropy,0,1781529154394,1.0691215210195946
learn,EOPKG-WI,EOPKGTopologyConditionedWI,a6f92d038fdd4015af0c2ca3d4d657de,854778689611649472,_EOPKG_WI-UN-f1-5-99_loan_v1_v5_simulated_GATv2,_EOPKG_WI-UN-f1-5,99,train_candidate_prediction_entropy,0,1781529331690,1.0676104882184196
learn,EOPKG-WI,EOPKGTopologyConditionedWI,a6f92d038fdd4015af0c2ca3d4d657de,854778689611649472,_EOPKG_WI-UN-f1-5-99_loan_v1_v5_simulated_GATv2,_EOPKG_WI-UN-f1-5,99,train_candidate_prediction_entropy,0,1781529331690,1.0676104882184196
learn,EOPKG-WI,EOPKGTopologyConditionedWI,a6f92d038fdd4015af0c2ca3d4d657de,854778689611649472,_EOPKG_WI-UN-f1-5-99_loan_v1_v5_simulated_GATv2,_EOPKG_WI-UN-f1-5,99,train_candidate_prediction_entropy,0,1781529485584,1.0682563917246457
learn,EOPKG-WI,EOPKGTopologyConditionedWI,a6f92d038fdd4015af0c2ca3d4d657de,854778689611649472,_EOPKG_WI-UN-f1-5-99_loan_v1_v5_simulated_GATv2,_EOPKG_WI-UN-f1-5,99,train_candidate_prediction_entropy,0,1781529485584,1.0682563917246457
learn,EOPKG-WI,EOPKGTopologyConditionedWI,a6f92d038fdd4015af0c2ca3d4d657de,854778689611649472,_EOPKG_WI-UN-f1-5-99_loan_v1_v5_simulated_GATv2,_EOPKG_WI-UN-f1-5,99,train_candidate_prediction_entropy,0,1781529598331,1.0697122309090412
learn,EOPKG-WI,EOPKGTopologyConditionedWI,a6f92d038fdd4015af0c2ca3d4d657de,854778689611649472,_EOPKG_WI-UN-f1-5-99_loan_v1_v5_simulated_GATv2,_EOPKG_WI-UN-f1-5,99,train_candidate_prediction_entropy,0,1781529598331,1.0697122309090412
learn,EOPKG-WI,EOPKGTopologyConditionedWI,a6f92d038fdd4015af0c2ca3d4d657de,854778689611649472,_EOPKG_WI-UN-f1-5-99_loan_v1_v5_simulated_GATv2,_EOPKG_WI-UN-f1-5,99,train_candidate_prediction_entropy,0,1781529712795,1.0668198074938193
learn,EOPKG-WI,EOPKGTopologyConditionedWI,a6f92d038fdd4015af0c2ca3d4d657de,854778689611649472,_EOPKG_WI-UN-f1-5-99_loan_v1_v5_simulated_GATv2,_EOPKG_WI-UN-f1-5,99,train_candidate_prediction_entropy,0,1781529712795,1.0668198074938193
learn,EOPKG-WI,EOPKGTopologyConditionedWI,a6f92d038fdd4015af0c2ca3d4d657de,854778689611649472,_EOPKG_WI-UN-f1-5-99_loan_v1_v5_simulated_GATv2,_EOPKG_WI-UN-f1-5,99,train_candidate_prediction_entropy,0,1781529838425,1.062519912973686
learn,EOPKG-WI,EOPKGTopologyConditionedWI,a6f92d038fdd4015af0c2ca3d4d657de,854778689611649472,_EOPKG_WI-UN-f1-5-99_loan_v1_v5_simulated_GATv2,_EOPKG_WI-UN-f1-5,99,train_candidate_prediction_entropy,0,1781529838425,1.062519912973686
learn,EOPKG-WI,EOPKGTopologyConditionedWI,a6f92d038fdd4015af0c2ca3d4d657de,854778689611649472,_EOPKG_WI-UN-f1-5-99_loan_v1_v5_simulated_GATv2,_EOPKG_WI-UN-f1-5,99,train_candidate_prediction_entropy,0,1781529959226,1.0558461032345867
learn,EOPKG-WI,EOPKGTopologyConditionedWI,a6f92d038fdd4015af0c2ca3d4d657de,854778689611649472,_EOPKG_WI-UN-f1-5-99_loan_v1_v5_simulated_GATv2,_EOPKG_WI-UN-f1-5,99,train_candidate_prediction_entropy,0,1781529959226,1.0558461032345867
learn,EOPKG-WI,EOPKGTopologyConditionedWI,a6f92d038fdd4015af0c2ca3d4d657de,854778689611649472,_EOPKG_WI-UN-f1-5-99_loan_v1_v5_simulated_GATv2,_EOPKG_WI-UN-f1-5,99,train_candidate_prediction_entropy,0,1781530075380,1.0582691143919818
learn,EOPKG-WI,EOPKGTopologyConditionedWI,a6f92d038fdd4015af0c2ca3d4d657de,854778689611649472,_EOPKG_WI-UN-f1-5-99_loan_v1_v5_simulated_GATv2,_EOPKG_WI-UN-f1-5,99,train_candidate_prediction_entropy,0,1781530075380,1.0582691143919818
learn,EOPKG-WI,EOPKGTopologyConditionedWI,a6f92d038fdd4015af0c2ca3d4d657de,854778689611649472,_EOPKG_WI-UN-f1-5-99_loan_v1_v5_simulated_GATv2,_EOPKG_WI-UN-f1-5,99,train_candidate_prediction_entropy,0,1781530226929,1.0533294869151517
learn,EOPKG-WI,EOPKGTopologyConditionedWI,a6f92d038fdd4015af0c2ca3d4d657de,854778689611649472,_EOPKG_WI-UN-f1-5-99_loan_v1_v5_simulated_GATv2,_EOPKG_WI-UN-f1-5,99,train_candidate_prediction_entropy,0,1781530226929,1.0533294869151517
learn,EOPKG-WI,EOPKGTopologyConditionedWI,a6f92d038fdd4015af0c2ca3d4d657de,854778689611649472,_EOPKG_WI-UN-f1-5-99_loan_v1_v5_simulated_GATv2,_EOPKG_WI-UN-f1-5,99,train_candidate_prediction_entropy,0,1781530444647,1.0564220506928872
learn,EOPKG-WI,EOPKGTopologyConditionedWI,a6f92d038fdd4015af0c2ca3d4d657de,854778689611649472,_EOPKG_WI-UN-f1-5-99_loan_v1_v5_simulated_GATv2,_EOPKG_WI-UN-f1-5,99,train_candidate_prediction_entropy,0,1781530444647,1.0564220506928872
learn,EOPKG-WI,EOPKGTopologyConditionedWI,a6f92d038fdd4015af0c2ca3d4d657de,854778689611649472,_EOPKG_WI-UN-f1-5-99_loan_v1_v5_simulated_GATv2,_EOPKG_WI-UN-f1-5,99,train_candidate_prediction_entropy,0,1781530722151,1.052082239065337
learn,EOPKG-WI,EOPKGTopologyConditionedWI,a6f92d038fdd4015af0c2ca3d4d657de,854778689611649472,_EOPKG_WI-UN-f1-5-99_loan_v1_v5_simulated_GATv2,_EOPKG_WI-UN-f1-5,99,train_candidate_prediction_entropy,0,1781530722151,1.052082239065337
learn,EOPKG-WI,EOPKGTopologyConditionedWI,a6f92d038fdd4015af0c2ca3d4d657de,854778689611649472,_EOPKG_WI-UN-f1-5-99_loan_v1_v5_simulated_GATv2,_EOPKG_WI-UN-f1-5,99,train_candidate_prediction_entropy,0,1781531034584,1.0396342920953785
learn,EOPKG-WI,EOPKGTopologyConditionedWI,a6f92d038fdd4015af0c2ca3d4d657de,854778689611649472,_EOPKG_WI-UN-f1-5-99_loan_v1_v5_simulated_GATv2,_EOPKG_WI-UN-f1-5,99,train_candidate_prediction_entropy,0,1781531034584,1.0396342920953785
learn,EOPKG-WI,EOPKGTopologyConditionedWI,a6f92d038fdd4015af0c2ca3d4d657de,854778689611649472,_EOPKG_WI-UN-f1-5-99_loan_v1_v5_simulated_GATv2,_EOPKG_WI-UN-f1-5,99,train_candidate_prediction_entropy,0,1781531149771,1.051743362021939
learn,EOPKG-WI,EOPKGTopologyConditionedWI,a6f92d038fdd4015af0c2ca3d4d657de,854778689611649472,_EOPKG_WI-UN-f1-5-99_loan_v1_v5_simulated_GATv2,_EOPKG_WI-UN-f1-5,99,train_candidate_prediction_entropy,0,1781531149771,1.051743362021939
learn,EOPKG-WI,EOPKGTopologyConditionedWI,a6f92d038fdd4015af0c2ca3d4d657de,854778689611649472,_EOPKG_WI-UN-f1-5-99_loan_v1_v5_simulated_GATv2,_EOPKG_WI-UN-f1-5,99,train_candidate_prediction_entropy,0,1781531261065,1.0452333828034575
learn,EOPKG-WI,EOPKGTopologyConditionedWI,a6f92d038fdd4015af0c2ca3d4d657de,854778689611649472,_EOPKG_WI-UN-f1-5-99_loan_v1_v5_simulated_GATv2,_EOPKG_WI-UN-f1-5,99,train_candidate_prediction_entropy,0,1781531261065,1.0452333828034575
learn,EOPKG-WI,EOPKGTopologyConditionedWI,a6f92d038fdd4015af0c2ca3d4d657de,854778689611649472,_EOPKG_WI-UN-f1-5-99_loan_v1_v5_simulated_GATv2,_EOPKG_WI-UN-f1-5,99,train_candidate_prediction_entropy,0,1781531374879,1.0570208022818088
learn,EOPKG-WI,EOPKGTopologyConditionedWI,a6f92d038fdd4015af0c2ca3d4d657de,854778689611649472,_EOPKG_WI-UN-f1-5-99_loan_v1_v5_simulated_GATv2,_EOPKG_WI-UN-f1-5,99,train_candidate_prediction_entropy,0,1781531374879,1.0570208022818088
learn,EOPKG-WI,EOPKGTopologyConditionedWI,a6f92d038fdd4015af0c2ca3d4d657de,854778689611649472,_EOPKG_WI-UN-f1-5-99_loan_v1_v5_simulated_GATv2,_EOPKG_WI-UN-f1-5,99,train_candidate_prediction_entropy,0,1781531485825,1.0479731231880491
learn,EOPKG-WI,EOPKGTopologyConditionedWI,a6f92d038fdd4015af0c2ca3d4d657de,854778689611649472,_EOPKG_WI-UN-f1-5-99_loan_v1_v5_simulated_GATv2,_EOPKG_WI-UN-f1-5,99,train_candidate_prediction_entropy,0,1781531485825,1.0479731231880491
learn,EOPKG-WI,EOPKGTopologyConditionedWI,a6f92d038fdd4015af0c2ca3d4d657de,854778689611649472,_EOPKG_WI-UN-f1-5-99_loan_v1_v5_simulated_GATv2,_EOPKG_WI-UN-f1-5,99,train_candidate_prediction_entropy,0,1781531594794,1.0349841838042193
learn,EOPKG-WI,EOPKGTopologyConditionedWI,a6f92d038fdd4015af0c2ca3d4d657de,854778689611649472,_EOPKG_WI-UN-f1-5-99_loan_v1_v5_simulated_GATv2,_EOPKG_WI-UN-f1-5,99,train_candidate_prediction_entropy,0,1781531594794,1.0349841838042193
learn,EOPKG-WI,EOPKGTopologyConditionedWI,a6f92d038fdd4015af0c2ca3d4d657de,854778689611649472,_EOPKG_WI-UN-f1-5-99_loan_v1_v5_simulated_GATv2,_EOPKG_WI-UN-f1-5,99,train_candidate_prediction_entropy,0,1781531703363,1.0292191962179964
learn,EOPKG-WI,EOPKGTopologyConditionedWI,a6f92d038fdd4015af0c2ca3d4d657de,854778689611649472,_EOPKG_WI-UN-f1-5-99_loan_v1_v5_simulated_GATv2,_EOPKG_WI-UN-f1-5,99,train_candidate_prediction_entropy,0,1781531703363,1.0292191962179964
learn,EOPKG-WI,EOPKGTopologyConditionedWI,a6f92d038fdd4015af0c2ca3d4d657de,854778689611649472,_EOPKG_WI-UN-f1-5-99_loan_v1_v5_simulated_GATv2,_EOPKG_WI-UN-f1-5,99,train_candidate_prediction_entropy,0,1781531811759,1.0380968531099146
learn,EOPKG-WI,EOPKGTopologyConditionedWI,a6f92d038fdd4015af0c2ca3d4d657de,854778689611649472,_EOPKG_WI-UN-f1-5-99_loan_v1_v5_simulated_GATv2,_EOPKG_WI-UN-f1-5,99,train_candidate_prediction_entropy,0,1781531811759,1.0380968531099146
learn,EOPKG-WI,EOPKGTopologyConditionedWI,a6f92d038fdd4015af0c2ca3d4d657de,854778689611649472,_EOPKG_WI-UN-f1-5-99_loan_v1_v5_simulated_GATv2,_EOPKG_WI-UN-f1-5,99,train_candidate_prediction_entropy,0,1781531921065,1.0336608007337027
learn,EOPKG-WI,EOPKGTopologyConditionedWI,a6f92d038fdd4015af0c2ca3d4d657de,854778689611649472,_EOPKG_WI-UN-f1-5-99_loan_v1_v5_simulated_GATv2,_EOPKG_WI-UN-f1-5,99,train_candidate_prediction_entropy,0,1781531921065,1.0336608007337027
learn,EOPKG-WI,EOPKGTopologyConditionedWI,a6f92d038fdd4015af0c2ca3d4d657de,854778689611649472,_EOPKG_WI-UN-f1-5-99_loan_v1_v5_simulated_GATv2,_EOPKG_WI-UN-f1-5,99,train_candidate_prediction_entropy,0,1781532028853,1.0282900741824286
learn,EOPKG-WI,EOPKGTopologyConditionedWI,a6f92d038fdd4015af0c2ca3d4d657de,854778689611649472,_EOPKG_WI-UN-f1-5-99_loan_v1_v5_simulated_GATv2,_EOPKG_WI-UN-f1-5,99,train_candidate_prediction_entropy,0,1781532028853,1.0282900741824286
learn,EOPKG-WI,EOPKGTopologyConditionedWI,a6f92d038fdd4015af0c2ca3d4d657de,854778689611649472,_EOPKG_WI-UN-f1-5-99_loan_v1_v5_simulated_GATv2,_EOPKG_WI-UN-f1-5,99,train_candidate_prediction_entropy,0,1781532136725,1.0209390178962428
learn,EOPKG-WI,EOPKGTopologyConditionedWI,a6f92d038fdd4015af0c2ca3d4d657de,854778689611649472,_EOPKG_WI-UN-f1-5-99_loan_v1_v5_simulated_GATv2,_EOPKG_WI-UN-f1-5,99,train_candidate_prediction_entropy,0,1781532136725,1.0209390178962428
learn,EOPKG-WI,EOPKGTopologyConditionedWI,a6f92d038fdd4015af0c2ca3d4d657de,854778689611649472,_EOPKG_WI-UN-f1-5-99_loan_v1_v5_simulated_GATv2,_EOPKG_WI-UN-f1-5,99,train_candidate_prediction_entropy,0,1781532245610,1.0368222112875485
learn,EOPKG-WI,EOPKGTopologyConditionedWI,a6f92d038fdd4015af0c2ca3d4d657de,854778689611649472,_EOPKG_WI-UN-f1-5-99_loan_v1_v5_simulated_GATv2,_EOPKG_WI-UN-f1-5,99,train_candidate_prediction_entropy,0,1781532245610,1.0368222112875485
learn,EOPKG-WI,EOPKGTopologyConditionedWI,a6f92d038fdd4015af0c2ca3d4d657de,854778689611649472,_EOPKG_WI-UN-f1-5-99_loan_v1_v5_simulated_GATv2,_EOPKG_WI-UN-f1-5,99,train_candidate_prediction_entropy,0,1781532359187,1.0370303719335596
learn,EOPKG-WI,EOPKGTopologyConditionedWI,a6f92d038fdd4015af0c2ca3d4d657de,854778689611649472,_EOPKG_WI-UN-f1-5-99_loan_v1_v5_simulated_GATv2,_EOPKG_WI-UN-f1-5,99,train_candidate_prediction_entropy,0,1781532359187,1.0370303719335596
learn,EOPKG-WI,EOPKGTopologyConditionedWI,a6f92d038fdd4015af0c2ca3d4d657de,854778689611649472,_EOPKG_WI-UN-f1-5-99_loan_v1_v5_simulated_GATv2,_EOPKG_WI-UN-f1-5,99,train_candidate_prediction_entropy,0,1781532468343,1.0350468947133122
learn,EOPKG-WI,EOPKGTopologyConditionedWI,a6f92d038fdd4015af0c2ca3d4d657de,854778689611649472,_EOPKG_WI-UN-f1-5-99_loan_v1_v5_simulated_GATv2,_EOPKG_WI-UN-f1-5,99,train_candidate_prediction_entropy,0,1781532468343,1.0350468947133122
learn,EOPKG-WI,EOPKGTopologyConditionedWI,a6f92d038fdd4015af0c2ca3d4d657de,854778689611649472,_EOPKG_WI-UN-f1-5-99_loan_v1_v5_simulated_GATv2,_EOPKG_WI-UN-f1-5,99,train_candidate_prediction_entropy,0,1781532578640,1.0304247155098543
learn,EOPKG-WI,EOPKGTopologyConditionedWI,a6f92d038fdd4015af0c2ca3d4d657de,854778689611649472,_EOPKG_WI-UN-f1-5-99_loan_v1_v5_simulated_GATv2,_EOPKG_WI-UN-f1-5,99,train_candidate_prediction_entropy,0,1781532578640,1.0304247155098543
learn,EOPKG-WI,EOPKGTopologyConditionedWI,d0cd559af6bc4bcd986fb11b0ed56877,854778689611649472,_EOPKG_WI-UN-f1-5-55_loan_v1_v5_simulated_GATv2,_EOPKG_WI-UN-f1-5,55,train_candidate_prediction_entropy,0,1781084760712,1.734204204548713
learn,EOPKG-WI,EOPKGTopologyConditionedWI,d0cd559af6bc4bcd986fb11b0ed56877,854778689611649472,_EOPKG_WI-UN-f1-5-55_loan_v1_v5_simulated_GATv2,_EOPKG_WI-UN-f1-5,55,train_candidate_prediction_entropy,0,1781084760712,1.734204204548713
learn,EOPKG-WI,EOPKGTopologyConditionedWI,d0cd559af6bc4bcd986fb11b0ed56877,854778689611649472,_EOPKG_WI-UN-f1-5-55_loan_v1_v5_simulated_GATv2,_EOPKG_WI-UN-f1-5,55,train_candidate_prediction_entropy,0,1781084905448,1.3494522104392181
learn,EOPKG-WI,EOPKGTopologyConditionedWI,d0cd559af6bc4bcd986fb11b0ed56877,854778689611649472,_EOPKG_WI-UN-f1-5-55_loan_v1_v5_simulated_GATv2,_EOPKG_WI-UN-f1-5,55,train_candidate_prediction_entropy,0,1781084905448,1.3494522104392181
learn,EOPKG-WI,EOPKGTopologyConditionedWI,d0cd559af6bc4bcd986fb11b0ed56877,854778689611649472,_EOPKG_WI-UN-f1-5-55_loan_v1_v5_simulated_GATv2,_EOPKG_WI-UN-f1-5,55,train_candidate_prediction_entropy,0,1781085018917,1.2622489651549602
learn,EOPKG-WI,EOPKGTopologyConditionedWI,d0cd559af6bc4bcd986fb11b0ed56877,854778689611649472,_EOPKG_WI-UN-f1-5-55_loan_v1_v5_simulated_GATv2,_EOPKG_WI-UN-f1-5,55,train_candidate_prediction_entropy,0,1781085018917,1.2622489651549602
learn,EOPKG-WI,EOPKGTopologyConditionedWI,d0cd559af6bc4bcd986fb11b0ed56877,854778689611649472,_EOPKG_WI-UN-f1-5-55_loan_v1_v5_simulated_GATv2,_EOPKG_WI-UN-f1-5,55,train_candidate_prediction_entropy,0,1781085130439,1.2412206310725553
learn,EOPKG-WI,EOPKGTopologyConditionedWI,d0cd559af6bc4bcd986fb11b0ed56877,854778689611649472,_EOPKG_WI-UN-f1-5-55_loan_v1_v5_simulated_GATv2,_EOPKG_WI-UN-f1-5,55,train_candidate_prediction_entropy,0,1781085130439,1.2412206310725553
learn,EOPKG-WI,EOPKGTopologyConditionedWI,d0cd559af6bc4bcd986fb11b0ed56877,854778689611649472,_EOPKG_WI-UN-f1-5-55_loan_v1_v5_simulated_GATv2,_EOPKG_WI-UN-f1-5,55,train_candidate_prediction_entropy,0,1781085250492,1.202057891221797
learn,EOPKG-WI,EOPKGTopologyConditionedWI,d0cd559af6bc4bcd986fb11b0ed56877,854778689611649472,_EOPKG_WI-UN-f1-5-55_loan_v1_v5_simulated_GATv2,_EOPKG_WI-UN-f1-5,55,train_candidate_prediction_entropy,0,1781085250492,1.202057891221797
learn,EOPKG-WI,EOPKGTopologyConditionedWI,d0cd559af6bc4bcd986fb11b0ed56877,854778689611649472,_EOPKG_WI-UN-f1-5-55_loan_v1_v5_simulated_GATv2,_EOPKG_WI-UN-f1-5,55,train_candidate_prediction_entropy,0,1781085376217,1.2032759460622062
learn,EOPKG-WI,EOPKGTopologyConditionedWI,d0cd559af6bc4bcd986fb11b0ed56877,854778689611649472,_EOPKG_WI-UN-f1-5-55_loan_v1_v5_simulated_GATv2,_EOPKG_WI-UN-f1-5,55,train_candidate_prediction_entropy,0,1781085376217,1.2032759460622062
learn,EOPKG-WI,EOPKGTopologyConditionedWI,d0cd559af6bc4bcd986fb11b0ed56877,854778689611649472,_EOPKG_WI-UN-f1-5-55_loan_v1_v5_simulated_GATv2,_EOPKG_WI-UN-f1-5,55,train_candidate_prediction_entropy,0,1781085479879,1.1830557903159404
learn,EOPKG-WI,EOPKGTopologyConditionedWI,d0cd559af6bc4bcd986fb11b0ed56877,854778689611649472,_EOPKG_WI-UN-f1-5-55_loan_v1_v5_simulated_GATv2,_EOPKG_WI-UN-f1-5,55,train_candidate_prediction_entropy,0,1781085479879,1.1830557903159404
learn,EOPKG-WI,EOPKGTopologyConditionedWI,d0cd559af6bc4bcd986fb11b0ed56877,854778689611649472,_EOPKG_WI-UN-f1-5-55_loan_v1_v5_simulated_GATv2,_EOPKG_WI-UN-f1-5,55,train_candidate_prediction_entropy,0,1781085594302,1.168475408622305
learn,EOPKG-WI,EOPKGTopologyConditionedWI,d0cd559af6bc4bcd986fb11b0ed56877,854778689611649472,_EOPKG_WI-UN-f1-5-55_loan_v1_v5_simulated_GATv2,_EOPKG_WI-UN-f1-5,55,train_candidate_prediction_entropy,0,1781085594302,1.168475408622305
learn,EOPKG-WI,EOPKGTopologyConditionedWI,d0cd559af6bc4bcd986fb11b0ed56877,854778689611649472,_EOPKG_WI-UN-f1-5-55_loan_v1_v5_simulated_GATv2,_EOPKG_WI-UN-f1-5,55,train_candidate_prediction_entropy,0,1781085721687,1.1822588911875254
learn,EOPKG-WI,EOPKGTopologyConditionedWI,d0cd559af6bc4bcd986fb11b0ed56877,854778689611649472,_EOPKG_WI-UN-f1-5-55_loan_v1_v5_simulated_GATv2,_EOPKG_WI-UN-f1-5,55,train_candidate_prediction_entropy,0,1781085721687,1.1822588911875254
learn,EOPKG-WI,EOPKGTopologyConditionedWI,d0cd559af6bc4bcd986fb11b0ed56877,854778689611649472,_EOPKG_WI-UN-f1-5-55_loan_v1_v5_simulated_GATv2,_EOPKG_WI-UN-f1-5,55,train_candidate_prediction_entropy,0,1781085847090,1.1676248233344861
learn,EOPKG-WI,EOPKGTopologyConditionedWI,d0cd559af6bc4bcd986fb11b0ed56877,854778689611649472,_EOPKG_WI-UN-f1-5-55_loan_v1_v5_simulated_GATv2,_EOPKG_WI-UN-f1-5,55,train_candidate_prediction_entropy,0,1781085847090,1.1676248233344861
learn,EOPKG-WI,EOPKGTopologyConditionedWI,d0cd559af6bc4bcd986fb11b0ed56877,854778689611649472,_EOPKG_WI-UN-f1-5-55_loan_v1_v5_simulated_GATv2,_EOPKG_WI-UN-f1-5,55,train_candidate_prediction_entropy,0,1781085974031,1.1587444410225545
learn,EOPKG-WI,EOPKGTopologyConditionedWI,d0cd559af6bc4bcd986fb11b0ed56877,854778689611649472,_EOPKG_WI-UN-f1-5-55_loan_v1_v5_simulated_GATv2,_EOPKG_WI-UN-f1-5,55,train_candidate_prediction_entropy,0,1781085974031,1.1587444410225545
learn,EOPKG-WI,EOPKGTopologyConditionedWI,d0cd559af6bc4bcd986fb11b0ed56877,854778689611649472,_EOPKG_WI-UN-f1-5-55_loan_v1_v5_simulated_GATv2,_EOPKG_WI-UN-f1-5,55,train_candidate_prediction_entropy,0,1781086100003,1.1550357566349836
learn,EOPKG-WI,EOPKGTopologyConditionedWI,d0cd559af6bc4bcd986fb11b0ed56877,854778689611649472,_EOPKG_WI-UN-f1-5-55_loan_v1_v5_simulated_GATv2,_EOPKG_WI-UN-f1-5,55,train_candidate_prediction_entropy,0,1781086100003,1.1550357566349836
learn,EOPKG-WI,EOPKGTopologyConditionedWI,d0cd559af6bc4bcd986fb11b0ed56877,854778689611649472,_EOPKG_WI-UN-f1-5-55_loan_v1_v5_simulated_GATv2,_EOPKG_WI-UN-f1-5,55,train_candidate_prediction_entropy,0,1781086240598,1.1481853333110839
learn,EOPKG-WI,EOPKGTopologyConditionedWI,d0cd559af6bc4bcd986fb11b0ed56877,854778689611649472,_EOPKG_WI-UN-f1-5-55_loan_v1_v5_simulated_GATv2,_EOPKG_WI-UN-f1-5,55,train_candidate_prediction_entropy,0,1781086240598,1.1481853333110839
learn,EOPKG-WI,EOPKGTopologyConditionedWI,d0cd559af6bc4bcd986fb11b0ed56877,854778689611649472,_EOPKG_WI-UN-f1-5-55_loan_v1_v5_simulated_GATv2,_EOPKG_WI-UN-f1-5,55,train_candidate_prediction_entropy,0,1781086377138,1.1461907023466258
learn,EOPKG-WI,EOPKGTopologyConditionedWI,d0cd559af6bc4bcd986fb11b0ed56877,854778689611649472,_EOPKG_WI-UN-f1-5-55_loan_v1_v5_simulated_GATv2,_EOPKG_WI-UN-f1-5,55,train_candidate_prediction_entropy,0,1781086377138,1.1461907023466258
learn,EOPKG-WI,EOPKGTopologyConditionedWI,d0cd559af6bc4bcd986fb11b0ed56877,854778689611649472,_EOPKG_WI-UN-f1-5-55_loan_v1_v5_simulated_GATv2,_EOPKG_WI-UN-f1-5,55,train_candidate_prediction_entropy,0,1781086498432,1.1366622975786085
learn,EOPKG-WI,EOPKGTopologyConditionedWI,d0cd559af6bc4bcd986fb11b0ed56877,854778689611649472,_EOPKG_WI-UN-f1-5-55_loan_v1_v5_simulated_GATv2,_EOPKG_WI-UN-f1-5,55,train_candidate_prediction_entropy,0,1781086498432,1.1366622975786085
learn,EOPKG-WI,EOPKGTopologyConditionedWI,d0cd559af6bc4bcd986fb11b0ed56877,854778689611649472,_EOPKG_WI-UN-f1-5-55_loan_v1_v5_simulated_GATv2,_EOPKG_WI-UN-f1-5,55,train_candidate_prediction_entropy,0,1781086635496,1.1304056481450844
learn,EOPKG-WI,EOPKGTopologyConditionedWI,d0cd559af6bc4bcd986fb11b0ed56877,854778689611649472,_EOPKG_WI-UN-f1-5-55_loan_v1_v5_simulated_GATv2,_EOPKG_WI-UN-f1-5,55,train_candidate_prediction_entropy,0,1781086635496,1.1304056481450844
learn,EOPKG-WI,EOPKGTopologyConditionedWI,d0cd559af6bc4bcd986fb11b0ed56877,854778689611649472,_EOPKG_WI-UN-f1-5-55_loan_v1_v5_simulated_GATv2,_EOPKG_WI-UN-f1-5,55,train_candidate_prediction_entropy,0,1781086762854,1.126092382948046
learn,EOPKG-WI,EOPKGTopologyConditionedWI,d0cd559af6bc4bcd986fb11b0ed56877,854778689611649472,_EOPKG_WI-UN-f1-5-55_loan_v1_v5_simulated_GATv2,_EOPKG_WI-UN-f1-5,55,train_candidate_prediction_entropy,0,1781086762854,1.126092382948046
learn,EOPKG-WI,EOPKGTopologyConditionedWI,d0cd559af6bc4bcd986fb11b0ed56877,854778689611649472,_EOPKG_WI-UN-f1-5-55_loan_v1_v5_simulated_GATv2,_EOPKG_WI-UN-f1-5,55,train_candidate_prediction_entropy,0,1781086916786,1.1100430547338223
learn,EOPKG-WI,EOPKGTopologyConditionedWI,d0cd559af6bc4bcd986fb11b0ed56877,854778689611649472,_EOPKG_WI-UN-f1-5-55_loan_v1_v5_simulated_GATv2,_EOPKG_WI-UN-f1-5,55,train_candidate_prediction_entropy,0,1781086916786,1.1100430547338223
learn,EOPKG-WI,EOPKGTopologyConditionedWI,d0cd559af6bc4bcd986fb11b0ed56877,854778689611649472,_EOPKG_WI-UN-f1-5-55_loan_v1_v5_simulated_GATv2,_EOPKG_WI-UN-f1-5,55,train_candidate_prediction_entropy,0,1781087042002,1.115872867251428
learn,EOPKG-WI,EOPKGTopologyConditionedWI,d0cd559af6bc4bcd986fb11b0ed56877,854778689611649472,_EOPKG_WI-UN-f1-5-55_loan_v1_v5_simulated_GATv2,_EOPKG_WI-UN-f1-5,55,train_candidate_prediction_entropy,0,1781087042002,1.115872867251428
learn,EOPKG-WI,EOPKGTopologyConditionedWI,d0cd559af6bc4bcd986fb11b0ed56877,854778689611649472,_EOPKG_WI-UN-f1-5-55_loan_v1_v5_simulated_GATv2,_EOPKG_WI-UN-f1-5,55,train_candidate_prediction_entropy,0,1781087168999,1.1032821367389636
learn,EOPKG-WI,EOPKGTopologyConditionedWI,d0cd559af6bc4bcd986fb11b0ed56877,854778689611649472,_EOPKG_WI-UN-f1-5-55_loan_v1_v5_simulated_GATv2,_EOPKG_WI-UN-f1-5,55,train_candidate_prediction_entropy,0,1781087168999,1.1032821367389636
learn,EOPKG-WI,EOPKGTopologyConditionedWI,d0cd559af6bc4bcd986fb11b0ed56877,854778689611649472,_EOPKG_WI-UN-f1-5-55_loan_v1_v5_simulated_GATv2,_EOPKG_WI-UN-f1-5,55,train_candidate_prediction_entropy,0,1781087301114,1.0979191697837818
learn,EOPKG-WI,EOPKGTopologyConditionedWI,d0cd559af6bc4bcd986fb11b0ed56877,854778689611649472,_EOPKG_WI-UN-f1-5-55_loan_v1_v5_simulated_GATv2,_EOPKG_WI-UN-f1-5,55,train_candidate_prediction_entropy,0,1781087301114,1.0979191697837818
learn,EOPKG-WI,EOPKGTopologyConditionedWI,d0cd559af6bc4bcd986fb11b0ed56877,854778689611649472,_EOPKG_WI-UN-f1-5-55_loan_v1_v5_simulated_GATv2,_EOPKG_WI-UN-f1-5,55,train_candidate_prediction_entropy,0,1781087467092,1.0920304216337886
learn,EOPKG-WI,EOPKGTopologyConditionedWI,d0cd559af6bc4bcd986fb11b0ed56877,854778689611649472,_EOPKG_WI-UN-f1-5-55_loan_v1_v5_simulated_GATv2,_EOPKG_WI-UN-f1-5,55,train_candidate_prediction_entropy,0,1781087467092,1.0920304216337886
learn,EOPKG-WI,EOPKGTopologyConditionedWI,d0cd559af6bc4bcd986fb11b0ed56877,854778689611649472,_EOPKG_WI-UN-f1-5-55_loan_v1_v5_simulated_GATv2,_EOPKG_WI-UN-f1-5,55,train_candidate_prediction_entropy,0,1781087685986,1.0823648529325647
learn,EOPKG-WI,EOPKGTopologyConditionedWI,d0cd559af6bc4bcd986fb11b0ed56877,854778689611649472,_EOPKG_WI-UN-f1-5-55_loan_v1_v5_simulated_GATv2,_EOPKG_WI-UN-f1-5,55,train_candidate_prediction_entropy,0,1781087685986,1.0823648529325647
learn,EOPKG-WI,EOPKGTopologyConditionedWI,d0cd559af6bc4bcd986fb11b0ed56877,854778689611649472,_EOPKG_WI-UN-f1-5-55_loan_v1_v5_simulated_GATv2,_EOPKG_WI-UN-f1-5,55,train_candidate_prediction_entropy,0,1781087866239,1.09503711160681
learn,EOPKG-WI,EOPKGTopologyConditionedWI,d0cd559af6bc4bcd986fb11b0ed56877,854778689611649472,_EOPKG_WI-UN-f1-5-55_loan_v1_v5_simulated_GATv2,_EOPKG_WI-UN-f1-5,55,train_candidate_prediction_entropy,0,1781087866239,1.09503711160681
learn,EOPKG-WI,EOPKGTopologyConditionedWI,d0cd559af6bc4bcd986fb11b0ed56877,854778689611649472,_EOPKG_WI-UN-f1-5-55_loan_v1_v5_simulated_GATv2,_EOPKG_WI-UN-f1-5,55,train_candidate_prediction_entropy,0,1781088061353,1.0873397811418117
learn,EOPKG-WI,EOPKGTopologyConditionedWI,d0cd559af6bc4bcd986fb11b0ed56877,854778689611649472,_EOPKG_WI-UN-f1-5-55_loan_v1_v5_simulated_GATv2,_EOPKG_WI-UN-f1-5,55,train_candidate_prediction_entropy,0,1781088061353,1.0873397811418117
learn,EOPKG-WI,EOPKGTopologyConditionedWI,d0cd559af6bc4bcd986fb11b0ed56877,854778689611649472,_EOPKG_WI-UN-f1-5-55_loan_v1_v5_simulated_GATv2,_EOPKG_WI-UN-f1-5,55,train_candidate_prediction_entropy,0,1781088196892,1.0840046559304994
learn,EOPKG-WI,EOPKGTopologyConditionedWI,d0cd559af6bc4bcd986fb11b0ed56877,854778689611649472,_EOPKG_WI-UN-f1-5-55_loan_v1_v5_simulated_GATv2,_EOPKG_WI-UN-f1-5,55,train_candidate_prediction_entropy,0,1781088196892,1.0840046559304994
learn,EOPKG-WI,EOPKGTopologyConditionedWI,d0cd559af6bc4bcd986fb11b0ed56877,854778689611649472,_EOPKG_WI-UN-f1-5-55_loan_v1_v5_simulated_GATv2,_EOPKG_WI-UN-f1-5,55,train_candidate_prediction_entropy,0,1781088322121,1.078990549654574
learn,EOPKG-WI,EOPKGTopologyConditionedWI,d0cd559af6bc4bcd986fb11b0ed56877,854778689611649472,_EOPKG_WI-UN-f1-5-55_loan_v1_v5_simulated_GATv2,_EOPKG_WI-UN-f1-5,55,train_candidate_prediction_entropy,0,1781088322121,1.078990549654574
learn,EOPKG-WI,EOPKGTopologyConditionedWI,d0cd559af6bc4bcd986fb11b0ed56877,854778689611649472,_EOPKG_WI-UN-f1-5-55_loan_v1_v5_simulated_GATv2,_EOPKG_WI-UN-f1-5,55,train_candidate_prediction_entropy,0,1781088439494,1.0742507037752573
learn,EOPKG-WI,EOPKGTopologyConditionedWI,d0cd559af6bc4bcd986fb11b0ed56877,854778689611649472,_EOPKG_WI-UN-f1-5-55_loan_v1_v5_simulated_GATv2,_EOPKG_WI-UN-f1-5,55,train_candidate_prediction_entropy,0,1781088439494,1.0742507037752573
learn,EOPKG-WI,EOPKGTopologyConditionedWI,d0cd559af6bc4bcd986fb11b0ed56877,854778689611649472,_EOPKG_WI-UN-f1-5-55_loan_v1_v5_simulated_GATv2,_EOPKG_WI-UN-f1-5,55,train_candidate_prediction_entropy,0,1781088560739,1.0800062027568846
learn,EOPKG-WI,EOPKGTopologyConditionedWI,d0cd559af6bc4bcd986fb11b0ed56877,854778689611649472,_EOPKG_WI-UN-f1-5-55_loan_v1_v5_simulated_GATv2,_EOPKG_WI-UN-f1-5,55,train_candidate_prediction_entropy,0,1781088560739,1.0800062027568846
learn,EOPKG-WI,EOPKGTopologyConditionedWI,d0cd559af6bc4bcd986fb11b0ed56877,854778689611649472,_EOPKG_WI-UN-f1-5-55_loan_v1_v5_simulated_GATv2,_EOPKG_WI-UN-f1-5,55,train_candidate_prediction_entropy,0,1781088685072,1.0648085079814746
learn,EOPKG-WI,EOPKGTopologyConditionedWI,d0cd559af6bc4bcd986fb11b0ed56877,854778689611649472,_EOPKG_WI-UN-f1-5-55_loan_v1_v5_simulated_GATv2,_EOPKG_WI-UN-f1-5,55,train_candidate_prediction_entropy,0,1781088685072,1.0648085079814746
learn,EOPKG-WI,EOPKGTopologyConditionedWI,d0cd559af6bc4bcd986fb11b0ed56877,854778689611649472,_EOPKG_WI-UN-f1-5-55_loan_v1_v5_simulated_GATv2,_EOPKG_WI-UN-f1-5,55,train_candidate_prediction_entropy,0,1781088850563,1.0734991138424896
learn,EOPKG-WI,EOPKGTopologyConditionedWI,d0cd559af6bc4bcd986fb11b0ed56877,854778689611649472,_EOPKG_WI-UN-f1-5-55_loan_v1_v5_simulated_GATv2,_EOPKG_WI-UN-f1-5,55,train_candidate_prediction_entropy,0,1781088850563,1.0734991138424896
learn,EOPKG-WI,EOPKGTopologyConditionedWI,d0cd559af6bc4bcd986fb11b0ed56877,854778689611649472,_EOPKG_WI-UN-f1-5-55_loan_v1_v5_simulated_GATv2,_EOPKG_WI-UN-f1-5,55,train_candidate_prediction_entropy,0,1781089029118,1.0743345315012909
learn,EOPKG-WI,EOPKGTopologyConditionedWI,d0cd559af6bc4bcd986fb11b0ed56877,854778689611649472,_EOPKG_WI-UN-f1-5-55_loan_v1_v5_simulated_GATv2,_EOPKG_WI-UN-f1-5,55,train_candidate_prediction_entropy,0,1781089029118,1.0743345315012909
learn,EOPKG-WI,EOPKGTopologyConditionedWI,d0cd559af6bc4bcd986fb11b0ed56877,854778689611649472,_EOPKG_WI-UN-f1-5-55_loan_v1_v5_simulated_GATv2,_EOPKG_WI-UN-f1-5,55,train_candidate_prediction_entropy,0,1781089181044,1.064009981807351
learn,EOPKG-WI,EOPKGTopologyConditionedWI,d0cd559af6bc4bcd986fb11b0ed56877,854778689611649472,_EOPKG_WI-UN-f1-5-55_loan_v1_v5_simulated_GATv2,_EOPKG_WI-UN-f1-5,55,train_candidate_prediction_entropy,0,1781089181044,1.064009981807351
learn,EOPKG-WI,EOPKGTopologyConditionedWI,d0cd559af6bc4bcd986fb11b0ed56877,854778689611649472,_EOPKG_WI-UN-f1-5-55_loan_v1_v5_simulated_GATv2,_EOPKG_WI-UN-f1-5,55,train_candidate_prediction_entropy,0,1781089294567,1.0672083359644031
learn,EOPKG-WI,EOPKGTopologyConditionedWI,d0cd559af6bc4bcd986fb11b0ed56877,854778689611649472,_EOPKG_WI-UN-f1-5-55_loan_v1_v5_simulated_GATv2,_EOPKG_WI-UN-f1-5,55,train_candidate_prediction_entropy,0,1781089294567,1.0672083359644031
learn,EOPKG-WI,EOPKGTopologyConditionedWI,d0cd559af6bc4bcd986fb11b0ed56877,854778689611649472,_EOPKG_WI-UN-f1-5-55_loan_v1_v5_simulated_GATv2,_EOPKG_WI-UN-f1-5,55,train_candidate_prediction_entropy,0,1781089418796,1.0693159283439382
learn,EOPKG-WI,EOPKGTopologyConditionedWI,d0cd559af6bc4bcd986fb11b0ed56877,854778689611649472,_EOPKG_WI-UN-f1-5-55_loan_v1_v5_simulated_GATv2,_EOPKG_WI-UN-f1-5,55,train_candidate_prediction_entropy,0,1781089418796,1.0693159283439382
learn,EOPKG-WI,EOPKGTopologyConditionedWI,d0cd559af6bc4bcd986fb11b0ed56877,854778689611649472,_EOPKG_WI-UN-f1-5-55_loan_v1_v5_simulated_GATv2,_EOPKG_WI-UN-f1-5,55,train_candidate_prediction_entropy,0,1781089531660,1.0680056295827007
learn,EOPKG-WI,EOPKGTopologyConditionedWI,d0cd559af6bc4bcd986fb11b0ed56877,854778689611649472,_EOPKG_WI-UN-f1-5-55_loan_v1_v5_simulated_GATv2,_EOPKG_WI-UN-f1-5,55,train_candidate_prediction_entropy,0,1781089531660,1.0680056295827007
learn,EOPKG-WI,EOPKGTopologyConditionedWI,d0cd559af6bc4bcd986fb11b0ed56877,854778689611649472,_EOPKG_WI-UN-f1-5-55_loan_v1_v5_simulated_GATv2,_EOPKG_WI-UN-f1-5,55,train_candidate_prediction_entropy,0,1781089684948,1.0656343758200992
learn,EOPKG-WI,EOPKGTopologyConditionedWI,d0cd559af6bc4bcd986fb11b0ed56877,854778689611649472,_EOPKG_WI-UN-f1-5-55_loan_v1_v5_simulated_GATv2,_EOPKG_WI-UN-f1-5,55,train_candidate_prediction_entropy,0,1781089684948,1.0656343758200992
learn,EOPKG-WI,EOPKGTopologyConditionedWI,d0cd559af6bc4bcd986fb11b0ed56877,854778689611649472,_EOPKG_WI-UN-f1-5-55_loan_v1_v5_simulated_GATv2,_EOPKG_WI-UN-f1-5,55,train_candidate_prediction_entropy,0,1781089795687,1.0829733800622732
learn,EOPKG-WI,EOPKGTopologyConditionedWI,d0cd559af6bc4bcd986fb11b0ed56877,854778689611649472,_EOPKG_WI-UN-f1-5-55_loan_v1_v5_simulated_GATv2,_EOPKG_WI-UN-f1-5,55,train_candidate_prediction_entropy,0,1781089795687,1.0829733800622732
learn,EOPKG-WI,EOPKGTopologyConditionedWI,d0cd559af6bc4bcd986fb11b0ed56877,854778689611649472,_EOPKG_WI-UN-f1-5-55_loan_v1_v5_simulated_GATv2,_EOPKG_WI-UN-f1-5,55,train_candidate_prediction_entropy,0,1781089904316,1.0578004471448343
learn,EOPKG-WI,EOPKGTopologyConditionedWI,d0cd559af6bc4bcd986fb11b0ed56877,854778689611649472,_EOPKG_WI-UN-f1-5-55_loan_v1_v5_simulated_GATv2,_EOPKG_WI-UN-f1-5,55,train_candidate_prediction_entropy,0,1781089904316,1.0578004471448343
learn,EOPKG-WI,EOPKGTopologyConditionedWI,d0cd559af6bc4bcd986fb11b0ed56877,854778689611649472,_EOPKG_WI-UN-f1-5-55_loan_v1_v5_simulated_GATv2,_EOPKG_WI-UN-f1-5,55,train_candidate_prediction_entropy,0,1781090053157,1.0704580672405104
learn,EOPKG-WI,EOPKGTopologyConditionedWI,d0cd559af6bc4bcd986fb11b0ed56877,854778689611649472,_EOPKG_WI-UN-f1-5-55_loan_v1_v5_simulated_GATv2,_EOPKG_WI-UN-f1-5,55,train_candidate_prediction_entropy,0,1781090053157,1.0704580672405104
learn,EOPKG-WI,EOPKGTopologyConditionedWI,d0cd559af6bc4bcd986fb11b0ed56877,854778689611649472,_EOPKG_WI-UN-f1-5-55_loan_v1_v5_simulated_GATv2,_EOPKG_WI-UN-f1-5,55,train_candidate_prediction_entropy,0,1781090215609,1.061638414006923
learn,EOPKG-WI,EOPKGTopologyConditionedWI,d0cd559af6bc4bcd986fb11b0ed56877,854778689611649472,_EOPKG_WI-UN-f1-5-55_loan_v1_v5_simulated_GATv2,_EOPKG_WI-UN-f1-5,55,train_candidate_prediction_entropy,0,1781090215609,1.061638414006923
learn,EOPKG-WI,EOPKGTopologyConditionedWI,d0cd559af6bc4bcd986fb11b0ed56877,854778689611649472,_EOPKG_WI-UN-f1-5-55_loan_v1_v5_simulated_GATv2,_EOPKG_WI-UN-f1-5,55,train_candidate_prediction_entropy,0,1781090386242,1.0502526677659283
learn,EOPKG-WI,EOPKGTopologyConditionedWI,d0cd559af6bc4bcd986fb11b0ed56877,854778689611649472,_EOPKG_WI-UN-f1-5-55_loan_v1_v5_simulated_GATv2,_EOPKG_WI-UN-f1-5,55,train_candidate_prediction_entropy,0,1781090386242,1.0502526677659283
learn,EOPKG-WI,EOPKGTopologyConditionedWI,d0cd559af6bc4bcd986fb11b0ed56877,854778689611649472,_EOPKG_WI-UN-f1-5-55_loan_v1_v5_simulated_GATv2,_EOPKG_WI-UN-f1-5,55,train_candidate_prediction_entropy,0,1781090524911,1.0592908501056495
learn,EOPKG-WI,EOPKGTopologyConditionedWI,d0cd559af6bc4bcd986fb11b0ed56877,854778689611649472,_EOPKG_WI-UN-f1-5-55_loan_v1_v5_simulated_GATv2,_EOPKG_WI-UN-f1-5,55,train_candidate_prediction_entropy,0,1781090524911,1.0592908501056495
learn,EOPKG-WI,EOPKGTopologyConditionedWI,d0cd559af6bc4bcd986fb11b0ed56877,854778689611649472,_EOPKG_WI-UN-f1-5-55_loan_v1_v5_simulated_GATv2,_EOPKG_WI-UN-f1-5,55,train_candidate_prediction_entropy,0,1781090639600,1.0536298733826472
learn,EOPKG-WI,EOPKGTopologyConditionedWI,d0cd559af6bc4bcd986fb11b0ed56877,854778689611649472,_EOPKG_WI-UN-f1-5-55_loan_v1_v5_simulated_GATv2,_EOPKG_WI-UN-f1-5,55,train_candidate_prediction_entropy,0,1781090639600,1.0536298733826472
learn,EOPKG-WI,EOPKGTopologyConditionedWI,d0cd559af6bc4bcd986fb11b0ed56877,854778689611649472,_EOPKG_WI-UN-f1-5-55_loan_v1_v5_simulated_GATv2,_EOPKG_WI-UN-f1-5,55,train_candidate_prediction_entropy,0,1781090748046,1.0564704327969938
learn,EOPKG-WI,EOPKGTopologyConditionedWI,d0cd559af6bc4bcd986fb11b0ed56877,854778689611649472,_EOPKG_WI-UN-f1-5-55_loan_v1_v5_simulated_GATv2,_EOPKG_WI-UN-f1-5,55,train_candidate_prediction_entropy,0,1781090748046,1.0564704327969938
learn,EOPKG-WI,EOPKGTopologyConditionedWI,d0cd559af6bc4bcd986fb11b0ed56877,854778689611649472,_EOPKG_WI-UN-f1-5-55_loan_v1_v5_simulated_GATv2,_EOPKG_WI-UN-f1-5,55,train_candidate_prediction_entropy,0,1781090858127,1.0495584447925914
learn,EOPKG-WI,EOPKGTopologyConditionedWI,d0cd559af6bc4bcd986fb11b0ed56877,854778689611649472,_EOPKG_WI-UN-f1-5-55_loan_v1_v5_simulated_GATv2,_EOPKG_WI-UN-f1-5,55,train_candidate_prediction_entropy,0,1781090858127,1.0495584447925914
learn,EOPKG-WI,EOPKGTopologyConditionedWI,d0cd559af6bc4bcd986fb11b0ed56877,854778689611649472,_EOPKG_WI-UN-f1-5-55_loan_v1_v5_simulated_GATv2,_EOPKG_WI-UN-f1-5,55,train_candidate_prediction_entropy,0,1781090963499,1.0490055455691485
learn,EOPKG-WI,EOPKGTopologyConditionedWI,d0cd559af6bc4bcd986fb11b0ed56877,854778689611649472,_EOPKG_WI-UN-f1-5-55_loan_v1_v5_simulated_GATv2,_EOPKG_WI-UN-f1-5,55,train_candidate_prediction_entropy,0,1781090963499,1.0490055455691485
learn,EOPKG-WI,EOPKGTopologyConditionedWI,d0cd559af6bc4bcd986fb11b0ed56877,854778689611649472,_EOPKG_WI-UN-f1-5-55_loan_v1_v5_simulated_GATv2,_EOPKG_WI-UN-f1-5,55,train_candidate_prediction_entropy,0,1781091064133,1.0567038814479481
learn,EOPKG-WI,EOPKGTopologyConditionedWI,d0cd559af6bc4bcd986fb11b0ed56877,854778689611649472,_EOPKG_WI-UN-f1-5-55_loan_v1_v5_simulated_GATv2,_EOPKG_WI-UN-f1-5,55,train_candidate_prediction_entropy,0,1781091064133,1.0567038814479481
learn,EOPKG-WI,EOPKGTopologyConditionedWI,d0cd559af6bc4bcd986fb11b0ed56877,854778689611649472,_EOPKG_WI-UN-f1-5-55_loan_v1_v5_simulated_GATv2,_EOPKG_WI-UN-f1-5,55,train_candidate_prediction_entropy,0,1781091165641,1.0384405960339242
learn,EOPKG-WI,EOPKGTopologyConditionedWI,d0cd559af6bc4bcd986fb11b0ed56877,854778689611649472,_EOPKG_WI-UN-f1-5-55_loan_v1_v5_simulated_GATv2,_EOPKG_WI-UN-f1-5,55,train_candidate_prediction_entropy,0,1781091165641,1.0384405960339242
learn,EOPKG-WI,EOPKGTopologyConditionedWI,d0cd559af6bc4bcd986fb11b0ed56877,854778689611649472,_EOPKG_WI-UN-f1-5-55_loan_v1_v5_simulated_GATv2,_EOPKG_WI-UN-f1-5,55,train_candidate_prediction_entropy,0,1781091270700,1.0374052511300116
learn,EOPKG-WI,EOPKGTopologyConditionedWI,d0cd559af6bc4bcd986fb11b0ed56877,854778689611649472,_EOPKG_WI-UN-f1-5-55_loan_v1_v5_simulated_GATv2,_EOPKG_WI-UN-f1-5,55,train_candidate_prediction_entropy,0,1781091270700,1.0374052511300116
learn,EOPKG-WI,EOPKGTopologyConditionedWI,d3b7c7404a1b432b8dd330d96271b528,854778689611649472,_EOPKG_WI-UN-f1-5-67_loan_v1_v5_simulated_GATv2,_EOPKG_WI-UN-f1-5,67,train_candidate_prediction_entropy,0,1781608059252,1.75406137919009
learn,EOPKG-WI,EOPKGTopologyConditionedWI,d3b7c7404a1b432b8dd330d96271b528,854778689611649472,_EOPKG_WI-UN-f1-5-67_loan_v1_v5_simulated_GATv2,_EOPKG_WI-UN-f1-5,67,train_candidate_prediction_entropy,0,1781608059252,1.75406137919009
learn,EOPKG-WI,EOPKGTopologyConditionedWI,d3b7c7404a1b432b8dd330d96271b528,854778689611649472,_EOPKG_WI-UN-f1-5-67_loan_v1_v5_simulated_GATv2,_EOPKG_WI-UN-f1-5,67,train_candidate_prediction_entropy,0,1781608204280,1.3456533910360169
learn,EOPKG-WI,EOPKGTopologyConditionedWI,d3b7c7404a1b432b8dd330d96271b528,854778689611649472,_EOPKG_WI-UN-f1-5-67_loan_v1_v5_simulated_GATv2,_EOPKG_WI-UN-f1-5,67,train_candidate_prediction_entropy,0,1781608204280,1.3456533910360169
learn,EOPKG-WI,EOPKGTopologyConditionedWI,d3b7c7404a1b432b8dd330d96271b528,854778689611649472,_EOPKG_WI-UN-f1-5-67_loan_v1_v5_simulated_GATv2,_EOPKG_WI-UN-f1-5,67,train_candidate_prediction_entropy,0,1781608324109,1.2984631759942242
learn,EOPKG-WI,EOPKGTopologyConditionedWI,d3b7c7404a1b432b8dd330d96271b528,854778689611649472,_EOPKG_WI-UN-f1-5-67_loan_v1_v5_simulated_GATv2,_EOPKG_WI-UN-f1-5,67,train_candidate_prediction_entropy,0,1781608324109,1.2984631759942242
learn,EOPKG-WI,EOPKGTopologyConditionedWI,d3b7c7404a1b432b8dd330d96271b528,854778689611649472,_EOPKG_WI-UN-f1-5-67_loan_v1_v5_simulated_GATv2,_EOPKG_WI-UN-f1-5,67,train_candidate_prediction_entropy,0,1781608447216,1.2445801211275243
learn,EOPKG-WI,EOPKGTopologyConditionedWI,d3b7c7404a1b432b8dd330d96271b528,854778689611649472,_EOPKG_WI-UN-f1-5-67_loan_v1_v5_simulated_GATv2,_EOPKG_WI-UN-f1-5,67,train_candidate_prediction_entropy,0,1781608447216,1.2445801211275243
learn,EOPKG-WI,EOPKGTopologyConditionedWI,d3b7c7404a1b432b8dd330d96271b528,854778689611649472,_EOPKG_WI-UN-f1-5-67_loan_v1_v5_simulated_GATv2,_EOPKG_WI-UN-f1-5,67,train_candidate_prediction_entropy,0,1781608589182,1.2197697523667437
learn,EOPKG-WI,EOPKGTopologyConditionedWI,d3b7c7404a1b432b8dd330d96271b528,854778689611649472,_EOPKG_WI-UN-f1-5-67_loan_v1_v5_simulated_GATv2,_EOPKG_WI-UN-f1-5,67,train_candidate_prediction_entropy,0,1781608589182,1.2197697523667437
learn,EOPKG-WI,EOPKGTopologyConditionedWI,d3b7c7404a1b432b8dd330d96271b528,854778689611649472,_EOPKG_WI-UN-f1-5-67_loan_v1_v5_simulated_GATv2,_EOPKG_WI-UN-f1-5,67,train_candidate_prediction_entropy,0,1781608716681,1.2017067345792045
learn,EOPKG-WI,EOPKGTopologyConditionedWI,d3b7c7404a1b432b8dd330d96271b528,854778689611649472,_EOPKG_WI-UN-f1-5-67_loan_v1_v5_simulated_GATv2,_EOPKG_WI-UN-f1-5,67,train_candidate_prediction_entropy,0,1781608716681,1.2017067345792045
learn,EOPKG-WI,EOPKGTopologyConditionedWI,d3b7c7404a1b432b8dd330d96271b528,854778689611649472,_EOPKG_WI-UN-f1-5-67_loan_v1_v5_simulated_GATv2,_EOPKG_WI-UN-f1-5,67,train_candidate_prediction_entropy,0,1781608837905,1.1930816397189337
learn,EOPKG-WI,EOPKGTopologyConditionedWI,d3b7c7404a1b432b8dd330d96271b528,854778689611649472,_EOPKG_WI-UN-f1-5-67_loan_v1_v5_simulated_GATv2,_EOPKG_WI-UN-f1-5,67,train_candidate_prediction_entropy,0,1781608837905,1.1930816397189337
learn,EOPKG-WI,EOPKGTopologyConditionedWI,d3b7c7404a1b432b8dd330d96271b528,854778689611649472,_EOPKG_WI-UN-f1-5-67_loan_v1_v5_simulated_GATv2,_EOPKG_WI-UN-f1-5,67,train_candidate_prediction_entropy,0,1781608957241,1.1791345117012533
learn,EOPKG-WI,EOPKGTopologyConditionedWI,d3b7c7404a1b432b8dd330d96271b528,854778689611649472,_EOPKG_WI-UN-f1-5-67_loan_v1_v5_simulated_GATv2,_EOPKG_WI-UN-f1-5,67,train_candidate_prediction_entropy,0,1781608957241,1.1791345117012533
learn,EOPKG-WI,EOPKGTopologyConditionedWI,d3b7c7404a1b432b8dd330d96271b528,854778689611649472,_EOPKG_WI-UN-f1-5-67_loan_v1_v5_simulated_GATv2,_EOPKG_WI-UN-f1-5,67,train_candidate_prediction_entropy,0,1781609073815,1.1615103866034358
learn,EOPKG-WI,EOPKGTopologyConditionedWI,d3b7c7404a1b432b8dd330d96271b528,854778689611649472,_EOPKG_WI-UN-f1-5-67_loan_v1_v5_simulated_GATv2,_EOPKG_WI-UN-f1-5,67,train_candidate_prediction_entropy,0,1781609073815,1.1615103866034358
learn,EOPKG-WI,EOPKGTopologyConditionedWI,d3b7c7404a1b432b8dd330d96271b528,854778689611649472,_EOPKG_WI-UN-f1-5-67_loan_v1_v5_simulated_GATv2,_EOPKG_WI-UN-f1-5,67,train_candidate_prediction_entropy,0,1781609193936,1.1615513514828038
learn,EOPKG-WI,EOPKGTopologyConditionedWI,d3b7c7404a1b432b8dd330d96271b528,854778689611649472,_EOPKG_WI-UN-f1-5-67_loan_v1_v5_simulated_GATv2,_EOPKG_WI-UN-f1-5,67,train_candidate_prediction_entropy,0,1781609193936,1.1615513514828038
learn,EOPKG-WI,EOPKGTopologyConditionedWI,d3b7c7404a1b432b8dd330d96271b528,854778689611649472,_EOPKG_WI-UN-f1-5-67_loan_v1_v5_simulated_GATv2,_EOPKG_WI-UN-f1-5,67,train_candidate_prediction_entropy,0,1781609312348,1.135028642671855
learn,EOPKG-WI,EOPKGTopologyConditionedWI,d3b7c7404a1b432b8dd330d96271b528,854778689611649472,_EOPKG_WI-UN-f1-5-67_loan_v1_v5_simulated_GATv2,_EOPKG_WI-UN-f1-5,67,train_candidate_prediction_entropy,0,1781609312348,1.135028642671855
learn,EOPKG-WI,EOPKGTopologyConditionedWI,d3b7c7404a1b432b8dd330d96271b528,854778689611649472,_EOPKG_WI-UN-f1-5-67_loan_v1_v5_simulated_GATv2,_EOPKG_WI-UN-f1-5,67,train_candidate_prediction_entropy,0,1781609433496,1.1310478575847487
learn,EOPKG-WI,EOPKGTopologyConditionedWI,d3b7c7404a1b432b8dd330d96271b528,854778689611649472,_EOPKG_WI-UN-f1-5-67_loan_v1_v5_simulated_GATv2,_EOPKG_WI-UN-f1-5,67,train_candidate_prediction_entropy,0,1781609433496,1.1310478575847487
learn,EOPKG-WI,EOPKGTopologyConditionedWI,d3b7c7404a1b432b8dd330d96271b528,854778689611649472,_EOPKG_WI-UN-f1-5-67_loan_v1_v5_simulated_GATv2,_EOPKG_WI-UN-f1-5,67,train_candidate_prediction_entropy,0,1781609580194,1.1245752984275879
learn,EOPKG-WI,EOPKGTopologyConditionedWI,d3b7c7404a1b432b8dd330d96271b528,854778689611649472,_EOPKG_WI-UN-f1-5-67_loan_v1_v5_simulated_GATv2,_EOPKG_WI-UN-f1-5,67,train_candidate_prediction_entropy,0,1781609580194,1.1245752984275879
learn,EOPKG-WI,EOPKGTopologyConditionedWI,d3b7c7404a1b432b8dd330d96271b528,854778689611649472,_EOPKG_WI-UN-f1-5-67_loan_v1_v5_simulated_GATv2,_EOPKG_WI-UN-f1-5,67,train_candidate_prediction_entropy,0,1781609717294,1.1367990295913526
learn,EOPKG-WI,EOPKGTopologyConditionedWI,d3b7c7404a1b432b8dd330d96271b528,854778689611649472,_EOPKG_WI-UN-f1-5-67_loan_v1_v5_simulated_GATv2,_EOPKG_WI-UN-f1-5,67,train_candidate_prediction_entropy,0,1781609717294,1.1367990295913526
learn,EOPKG-WI,EOPKGTopologyConditionedWI,d3b7c7404a1b432b8dd330d96271b528,854778689611649472,_EOPKG_WI-UN-f1-5-67_loan_v1_v5_simulated_GATv2,_EOPKG_WI-UN-f1-5,67,train_candidate_prediction_entropy,0,1781609839068,1.123508661653734
learn,EOPKG-WI,EOPKGTopologyConditionedWI,d3b7c7404a1b432b8dd330d96271b528,854778689611649472,_EOPKG_WI-UN-f1-5-67_loan_v1_v5_simulated_GATv2,_EOPKG_WI-UN-f1-5,67,train_candidate_prediction_entropy,0,1781609839068,1.123508661653734
learn,EOPKG-WI,EOPKGTopologyConditionedWI,d3b7c7404a1b432b8dd330d96271b528,854778689611649472,_EOPKG_WI-UN-f1-5-67_loan_v1_v5_simulated_GATv2,_EOPKG_WI-UN-f1-5,67,train_candidate_prediction_entropy,0,1781609968177,1.125828799363729
learn,EOPKG-WI,EOPKGTopologyConditionedWI,d3b7c7404a1b432b8dd330d96271b528,854778689611649472,_EOPKG_WI-UN-f1-5-67_loan_v1_v5_simulated_GATv2,_EOPKG_WI-UN-f1-5,67,train_candidate_prediction_entropy,0,1781609968177,1.125828799363729
learn,EOPKG-WI,EOPKGTopologyConditionedWI,d3b7c7404a1b432b8dd330d96271b528,854778689611649472,_EOPKG_WI-UN-f1-5-67_loan_v1_v5_simulated_GATv2,_EOPKG_WI-UN-f1-5,67,train_candidate_prediction_entropy,0,1781610098348,1.1240933618030033
learn,EOPKG-WI,EOPKGTopologyConditionedWI,d3b7c7404a1b432b8dd330d96271b528,854778689611649472,_EOPKG_WI-UN-f1-5-67_loan_v1_v5_simulated_GATv2,_EOPKG_WI-UN-f1-5,67,train_candidate_prediction_entropy,0,1781610098348,1.1240933618030033
learn,EOPKG-WI,EOPKGTopologyConditionedWI,d3b7c7404a1b432b8dd330d96271b528,854778689611649472,_EOPKG_WI-UN-f1-5-67_loan_v1_v5_simulated_GATv2,_EOPKG_WI-UN-f1-5,67,train_candidate_prediction_entropy,0,1781610213342,1.103622265479902
learn,EOPKG-WI,EOPKGTopologyConditionedWI,d3b7c7404a1b432b8dd330d96271b528,854778689611649472,_EOPKG_WI-UN-f1-5-67_loan_v1_v5_simulated_GATv2,_EOPKG_WI-UN-f1-5,67,train_candidate_prediction_entropy,0,1781610213342,1.103622265479902
learn,EOPKG-WI,EOPKGTopologyConditionedWI,d3b7c7404a1b432b8dd330d96271b528,854778689611649472,_EOPKG_WI-UN-f1-5-67_loan_v1_v5_simulated_GATv2,_EOPKG_WI-UN-f1-5,67,train_candidate_prediction_entropy,0,1781610318196,1.1058300060763457
learn,EOPKG-WI,EOPKGTopologyConditionedWI,d3b7c7404a1b432b8dd330d96271b528,854778689611649472,_EOPKG_WI-UN-f1-5-67_loan_v1_v5_simulated_GATv2,_EOPKG_WI-UN-f1-5,67,train_candidate_prediction_entropy,0,1781610318196,1.1058300060763457
learn,EOPKG-WI,EOPKGTopologyConditionedWI,d3b7c7404a1b432b8dd330d96271b528,854778689611649472,_EOPKG_WI-UN-f1-5-67_loan_v1_v5_simulated_GATv2,_EOPKG_WI-UN-f1-5,67,train_candidate_prediction_entropy,0,1781610429091,1.1051472030307605
learn,EOPKG-WI,EOPKGTopologyConditionedWI,d3b7c7404a1b432b8dd330d96271b528,854778689611649472,_EOPKG_WI-UN-f1-5-67_loan_v1_v5_simulated_GATv2,_EOPKG_WI-UN-f1-5,67,train_candidate_prediction_entropy,0,1781610429091,1.1051472030307605
learn,EOPKG-WI,EOPKGTopologyConditionedWI,d3b7c7404a1b432b8dd330d96271b528,854778689611649472,_EOPKG_WI-UN-f1-5-67_loan_v1_v5_simulated_GATv2,_EOPKG_WI-UN-f1-5,67,train_candidate_prediction_entropy,0,1781610541460,1.0779147514857246
learn,EOPKG-WI,EOPKGTopologyConditionedWI,d3b7c7404a1b432b8dd330d96271b528,854778689611649472,_EOPKG_WI-UN-f1-5-67_loan_v1_v5_simulated_GATv2,_EOPKG_WI-UN-f1-5,67,train_candidate_prediction_entropy,0,1781610541460,1.0779147514857246
learn,EOPKG-WI,EOPKGTopologyConditionedWI,d3b7c7404a1b432b8dd330d96271b528,854778689611649472,_EOPKG_WI-UN-f1-5-67_loan_v1_v5_simulated_GATv2,_EOPKG_WI-UN-f1-5,67,train_candidate_prediction_entropy,0,1781610653773,1.0930107105138382
learn,EOPKG-WI,EOPKGTopologyConditionedWI,d3b7c7404a1b432b8dd330d96271b528,854778689611649472,_EOPKG_WI-UN-f1-5-67_loan_v1_v5_simulated_GATv2,_EOPKG_WI-UN-f1-5,67,train_candidate_prediction_entropy,0,1781610653773,1.0930107105138382
learn,EOPKG-WI,EOPKGTopologyConditionedWI,d3b7c7404a1b432b8dd330d96271b528,854778689611649472,_EOPKG_WI-UN-f1-5-67_loan_v1_v5_simulated_GATv2,_EOPKG_WI-UN-f1-5,67,train_candidate_prediction_entropy,0,1781610759851,1.0905192863012536
learn,EOPKG-WI,EOPKGTopologyConditionedWI,d3b7c7404a1b432b8dd330d96271b528,854778689611649472,_EOPKG_WI-UN-f1-5-67_loan_v1_v5_simulated_GATv2,_EOPKG_WI-UN-f1-5,67,train_candidate_prediction_entropy,0,1781610759851,1.0905192863012536
learn,EOPKG-WI,EOPKGTopologyConditionedWI,d3b7c7404a1b432b8dd330d96271b528,854778689611649472,_EOPKG_WI-UN-f1-5-67_loan_v1_v5_simulated_GATv2,_EOPKG_WI-UN-f1-5,67,train_candidate_prediction_entropy,0,1781610866288,1.0883543536848788
learn,EOPKG-WI,EOPKGTopologyConditionedWI,d3b7c7404a1b432b8dd330d96271b528,854778689611649472,_EOPKG_WI-UN-f1-5-67_loan_v1_v5_simulated_GATv2,_EOPKG_WI-UN-f1-5,67,train_candidate_prediction_entropy,0,1781610866288,1.0883543536848788
learn,EOPKG-WI,EOPKGTopologyConditionedWI,d3b7c7404a1b432b8dd330d96271b528,854778689611649472,_EOPKG_WI-UN-f1-5-67_loan_v1_v5_simulated_GATv2,_EOPKG_WI-UN-f1-5,67,train_candidate_prediction_entropy,0,1781610971528,1.0855280592066305
learn,EOPKG-WI,EOPKGTopologyConditionedWI,d3b7c7404a1b432b8dd330d96271b528,854778689611649472,_EOPKG_WI-UN-f1-5-67_loan_v1_v5_simulated_GATv2,_EOPKG_WI-UN-f1-5,67,train_candidate_prediction_entropy,0,1781610971528,1.0855280592066305
learn,EOPKG-WI,EOPKGTopologyConditionedWI,d3b7c7404a1b432b8dd330d96271b528,854778689611649472,_EOPKG_WI-UN-f1-5-67_loan_v1_v5_simulated_GATv2,_EOPKG_WI-UN-f1-5,67,train_candidate_prediction_entropy,0,1781611080477,1.0779146669589468
learn,EOPKG-WI,EOPKGTopologyConditionedWI,d3b7c7404a1b432b8dd330d96271b528,854778689611649472,_EOPKG_WI-UN-f1-5-67_loan_v1_v5_simulated_GATv2,_EOPKG_WI-UN-f1-5,67,train_candidate_prediction_entropy,0,1781611080477,1.0779146669589468
learn,EOPKG-WI,EOPKGTopologyConditionedWI,d3b7c7404a1b432b8dd330d96271b528,854778689611649472,_EOPKG_WI-UN-f1-5-67_loan_v1_v5_simulated_GATv2,_EOPKG_WI-UN-f1-5,67,train_candidate_prediction_entropy,0,1781611185670,1.0754384701695465
learn,EOPKG-WI,EOPKGTopologyConditionedWI,d3b7c7404a1b432b8dd330d96271b528,854778689611649472,_EOPKG_WI-UN-f1-5-67_loan_v1_v5_simulated_GATv2,_EOPKG_WI-UN-f1-5,67,train_candidate_prediction_entropy,0,1781611185670,1.0754384701695465
learn,EOPKG-WI,EOPKGTopologyConditionedWI,d3b7c7404a1b432b8dd330d96271b528,854778689611649472,_EOPKG_WI-UN-f1-5-67_loan_v1_v5_simulated_GATv2,_EOPKG_WI-UN-f1-5,67,train_candidate_prediction_entropy,0,1781611293375,1.0691627416587974
learn,EOPKG-WI,EOPKGTopologyConditionedWI,d3b7c7404a1b432b8dd330d96271b528,854778689611649472,_EOPKG_WI-UN-f1-5-67_loan_v1_v5_simulated_GATv2,_EOPKG_WI-UN-f1-5,67,train_candidate_prediction_entropy,0,1781611293375,1.0691627416587974
learn,EOPKG-WI,EOPKGTopologyConditionedWI,d3b7c7404a1b432b8dd330d96271b528,854778689611649472,_EOPKG_WI-UN-f1-5-67_loan_v1_v5_simulated_GATv2,_EOPKG_WI-UN-f1-5,67,train_candidate_prediction_entropy,0,1781611398190,1.0619611115637568
learn,EOPKG-WI,EOPKGTopologyConditionedWI,d3b7c7404a1b432b8dd330d96271b528,854778689611649472,_EOPKG_WI-UN-f1-5-67_loan_v1_v5_simulated_GATv2,_EOPKG_WI-UN-f1-5,67,train_candidate_prediction_entropy,0,1781611398190,1.0619611115637568
learn,EOPKG-WI,EOPKGTopologyConditionedWI,d3b7c7404a1b432b8dd330d96271b528,854778689611649472,_EOPKG_WI-UN-f1-5-67_loan_v1_v5_simulated_GATv2,_EOPKG_WI-UN-f1-5,67,train_candidate_prediction_entropy,0,1781611504276,1.061941825433831
learn,EOPKG-WI,EOPKGTopologyConditionedWI,d3b7c7404a1b432b8dd330d96271b528,854778689611649472,_EOPKG_WI-UN-f1-5-67_loan_v1_v5_simulated_GATv2,_EOPKG_WI-UN-f1-5,67,train_candidate_prediction_entropy,0,1781611504276,1.061941825433831
learn,EOPKG-WI,EOPKGTopologyConditionedWI,d3b7c7404a1b432b8dd330d96271b528,854778689611649472,_EOPKG_WI-UN-f1-5-67_loan_v1_v5_simulated_GATv2,_EOPKG_WI-UN-f1-5,67,train_candidate_prediction_entropy,0,1781611611079,1.0582156221135053
learn,EOPKG-WI,EOPKGTopologyConditionedWI,d3b7c7404a1b432b8dd330d96271b528,854778689611649472,_EOPKG_WI-UN-f1-5-67_loan_v1_v5_simulated_GATv2,_EOPKG_WI-UN-f1-5,67,train_candidate_prediction_entropy,0,1781611611079,1.0582156221135053
learn,EOPKG-WI,EOPKGTopologyConditionedWI,d3b7c7404a1b432b8dd330d96271b528,854778689611649472,_EOPKG_WI-UN-f1-5-67_loan_v1_v5_simulated_GATv2,_EOPKG_WI-UN-f1-5,67,train_candidate_prediction_entropy,0,1781611715523,1.0688652299545907
learn,EOPKG-WI,EOPKGTopologyConditionedWI,d3b7c7404a1b432b8dd330d96271b528,854778689611649472,_EOPKG_WI-UN-f1-5-67_loan_v1_v5_simulated_GATv2,_EOPKG_WI-UN-f1-5,67,train_candidate_prediction_entropy,0,1781611715523,1.0688652299545907
learn,EOPKG-WI,EOPKGTopologyConditionedWI,d3b7c7404a1b432b8dd330d96271b528,854778689611649472,_EOPKG_WI-UN-f1-5-67_loan_v1_v5_simulated_GATv2,_EOPKG_WI-UN-f1-5,67,train_candidate_prediction_entropy,0,1781611821524,1.0500009178357208
learn,EOPKG-WI,EOPKGTopologyConditionedWI,d3b7c7404a1b432b8dd330d96271b528,854778689611649472,_EOPKG_WI-UN-f1-5-67_loan_v1_v5_simulated_GATv2,_EOPKG_WI-UN-f1-5,67,train_candidate_prediction_entropy,0,1781611821524,1.0500009178357208
learn,EOPKG-WI,EOPKGTopologyConditionedWI,d3b7c7404a1b432b8dd330d96271b528,854778689611649472,_EOPKG_WI-UN-f1-5-67_loan_v1_v5_simulated_GATv2,_EOPKG_WI-UN-f1-5,67,train_candidate_prediction_entropy,0,1781611926657,1.0572726936901318
learn,EOPKG-WI,EOPKGTopologyConditionedWI,d3b7c7404a1b432b8dd330d96271b528,854778689611649472,_EOPKG_WI-UN-f1-5-67_loan_v1_v5_simulated_GATv2,_EOPKG_WI-UN-f1-5,67,train_candidate_prediction_entropy,0,1781611926657,1.0572726936901318
learn,EOPKG-WI,EOPKGTopologyConditionedWI,d3b7c7404a1b432b8dd330d96271b528,854778689611649472,_EOPKG_WI-UN-f1-5-67_loan_v1_v5_simulated_GATv2,_EOPKG_WI-UN-f1-5,67,train_candidate_prediction_entropy,0,1781612031542,1.063436606540589
learn,EOPKG-WI,EOPKGTopologyConditionedWI,d3b7c7404a1b432b8dd330d96271b528,854778689611649472,_EOPKG_WI-UN-f1-5-67_loan_v1_v5_simulated_GATv2,_EOPKG_WI-UN-f1-5,67,train_candidate_prediction_entropy,0,1781612031542,1.063436606540589
learn,EOPKG-WI,EOPKGTopologyConditionedWI,d3b7c7404a1b432b8dd330d96271b528,854778689611649472,_EOPKG_WI-UN-f1-5-67_loan_v1_v5_simulated_GATv2,_EOPKG_WI-UN-f1-5,67,train_candidate_prediction_entropy,0,1781612136799,1.042231650723941
learn,EOPKG-WI,EOPKGTopologyConditionedWI,d3b7c7404a1b432b8dd330d96271b528,854778689611649472,_EOPKG_WI-UN-f1-5-67_loan_v1_v5_simulated_GATv2,_EOPKG_WI-UN-f1-5,67,train_candidate_prediction_entropy,0,1781612136799,1.042231650723941
learn,EOPKG-WI,EOPKGTopologyConditionedWI,d3b7c7404a1b432b8dd330d96271b528,854778689611649472,_EOPKG_WI-UN-f1-5-67_loan_v1_v5_simulated_GATv2,_EOPKG_WI-UN-f1-5,67,train_candidate_prediction_entropy,0,1781612241979,1.0466706048703156
learn,EOPKG-WI,EOPKGTopologyConditionedWI,d3b7c7404a1b432b8dd330d96271b528,854778689611649472,_EOPKG_WI-UN-f1-5-67_loan_v1_v5_simulated_GATv2,_EOPKG_WI-UN-f1-5,67,train_candidate_prediction_entropy,0,1781612241979,1.0466706048703156
learn,EOPKG-WI,EOPKGTopologyConditionedWI,d3b7c7404a1b432b8dd330d96271b528,854778689611649472,_EOPKG_WI-UN-f1-5-67_loan_v1_v5_simulated_GATv2,_EOPKG_WI-UN-f1-5,67,train_candidate_prediction_entropy,0,1781612362925,1.0536429770231626
learn,EOPKG-WI,EOPKGTopologyConditionedWI,d3b7c7404a1b432b8dd330d96271b528,854778689611649472,_EOPKG_WI-UN-f1-5-67_loan_v1_v5_simulated_GATv2,_EOPKG_WI-UN-f1-5,67,train_candidate_prediction_entropy,0,1781612362925,1.0536429770231626
learn,EOPKG-WI,EOPKGTopologyConditionedWI,d3b7c7404a1b432b8dd330d96271b528,854778689611649472,_EOPKG_WI-UN-f1-5-67_loan_v1_v5_simulated_GATv2,_EOPKG_WI-UN-f1-5,67,train_candidate_prediction_entropy,0,1781612468498,1.0505039440808501
learn,EOPKG-WI,EOPKGTopologyConditionedWI,d3b7c7404a1b432b8dd330d96271b528,854778689611649472,_EOPKG_WI-UN-f1-5-67_loan_v1_v5_simulated_GATv2,_EOPKG_WI-UN-f1-5,67,train_candidate_prediction_entropy,0,1781612468498,1.0505039440808501
learn,EOPKG-WI,EOPKGTopologyConditionedWI,d3b7c7404a1b432b8dd330d96271b528,854778689611649472,_EOPKG_WI-UN-f1-5-67_loan_v1_v5_simulated_GATv2,_EOPKG_WI-UN-f1-5,67,train_candidate_prediction_entropy,0,1781612572810,1.0341967549915343
learn,EOPKG-WI,EOPKGTopologyConditionedWI,d3b7c7404a1b432b8dd330d96271b528,854778689611649472,_EOPKG_WI-UN-f1-5-67_loan_v1_v5_simulated_GATv2,_EOPKG_WI-UN-f1-5,67,train_candidate_prediction_entropy,0,1781612572810,1.0341967549915343
learn,EOPKG-WI,EOPKGTopologyConditionedWI,d3b7c7404a1b432b8dd330d96271b528,854778689611649472,_EOPKG_WI-UN-f1-5-67_loan_v1_v5_simulated_GATv2,_EOPKG_WI-UN-f1-5,67,train_candidate_prediction_entropy,0,1781612676680,1.0526907440209805
learn,EOPKG-WI,EOPKGTopologyConditionedWI,d3b7c7404a1b432b8dd330d96271b528,854778689611649472,_EOPKG_WI-UN-f1-5-67_loan_v1_v5_simulated_GATv2,_EOPKG_WI-UN-f1-5,67,train_candidate_prediction_entropy,0,1781612676680,1.0526907440209805
learn,EOPKG-WI,EOPKGTopologyConditionedWI,d3b7c7404a1b432b8dd330d96271b528,854778689611649472,_EOPKG_WI-UN-f1-5-67_loan_v1_v5_simulated_GATv2,_EOPKG_WI-UN-f1-5,67,train_candidate_prediction_entropy,0,1781612781398,1.0366664100527194
learn,EOPKG-WI,EOPKGTopologyConditionedWI,d3b7c7404a1b432b8dd330d96271b528,854778689611649472,_EOPKG_WI-UN-f1-5-67_loan_v1_v5_simulated_GATv2,_EOPKG_WI-UN-f1-5,67,train_candidate_prediction_entropy,0,1781612781398,1.0366664100527194
learn,EOPKG-WI,EOPKGTopologyConditionedWI,d3b7c7404a1b432b8dd330d96271b528,854778689611649472,_EOPKG_WI-UN-f1-5-67_loan_v1_v5_simulated_GATv2,_EOPKG_WI-UN-f1-5,67,train_candidate_prediction_entropy,0,1781612885596,1.051875557069369
learn,EOPKG-WI,EOPKGTopologyConditionedWI,d3b7c7404a1b432b8dd330d96271b528,854778689611649472,_EOPKG_WI-UN-f1-5-67_loan_v1_v5_simulated_GATv2,_EOPKG_WI-UN-f1-5,67,train_candidate_prediction_entropy,0,1781612885596,1.051875557069369
learn,EOPKG-WI,EOPKGTopologyConditionedWI,d3b7c7404a1b432b8dd330d96271b528,854778689611649472,_EOPKG_WI-UN-f1-5-67_loan_v1_v5_simulated_GATv2,_EOPKG_WI-UN-f1-5,67,train_candidate_prediction_entropy,0,1781612990189,1.0390334492267979
learn,EOPKG-WI,EOPKGTopologyConditionedWI,d3b7c7404a1b432b8dd330d96271b528,854778689611649472,_EOPKG_WI-UN-f1-5-67_loan_v1_v5_simulated_GATv2,_EOPKG_WI-UN-f1-5,67,train_candidate_prediction_entropy,0,1781612990189,1.0390334492267979
learn,EOPKG-WI,EOPKGTopologyConditionedWI,d3b7c7404a1b432b8dd330d96271b528,854778689611649472,_EOPKG_WI-UN-f1-5-67_loan_v1_v5_simulated_GATv2,_EOPKG_WI-UN-f1-5,67,train_candidate_prediction_entropy,0,1781613095726,1.0382600895740648
learn,EOPKG-WI,EOPKGTopologyConditionedWI,d3b7c7404a1b432b8dd330d96271b528,854778689611649472,_EOPKG_WI-UN-f1-5-67_loan_v1_v5_simulated_GATv2,_EOPKG_WI-UN-f1-5,67,train_candidate_prediction_entropy,0,1781613095726,1.0382600895740648
learn,EOPKG-WI,EOPKGTopologyConditionedWI,d3b7c7404a1b432b8dd330d96271b528,854778689611649472,_EOPKG_WI-UN-f1-5-67_loan_v1_v5_simulated_GATv2,_EOPKG_WI-UN-f1-5,67,train_candidate_prediction_entropy,0,1781613199321,1.0341639233507298
learn,EOPKG-WI,EOPKGTopologyConditionedWI,d3b7c7404a1b432b8dd330d96271b528,854778689611649472,_EOPKG_WI-UN-f1-5-67_loan_v1_v5_simulated_GATv2,_EOPKG_WI-UN-f1-5,67,train_candidate_prediction_entropy,0,1781613199321,1.0341639233507298
learn,EOPKG-WI,EOPKGTopologyConditionedWI,d3b7c7404a1b432b8dd330d96271b528,854778689611649472,_EOPKG_WI-UN-f1-5-67_loan_v1_v5_simulated_GATv2,_EOPKG_WI-UN-f1-5,67,train_candidate_prediction_entropy,0,1781613303908,1.0350036639098332
learn,EOPKG-WI,EOPKGTopologyConditionedWI,d3b7c7404a1b432b8dd330d96271b528,854778689611649472,_EOPKG_WI-UN-f1-5-67_loan_v1_v5_simulated_GATv2,_EOPKG_WI-UN-f1-5,67,train_candidate_prediction_entropy,0,1781613303908,1.0350036639098332
learn,EOPKG-WI,EOPKGTopologyConditionedWI,d3b7c7404a1b432b8dd330d96271b528,854778689611649472,_EOPKG_WI-UN-f1-5-67_loan_v1_v5_simulated_GATv2,_EOPKG_WI-UN-f1-5,67,train_candidate_prediction_entropy,0,1781613408528,1.0484966431967973
learn,EOPKG-WI,EOPKGTopologyConditionedWI,d3b7c7404a1b432b8dd330d96271b528,854778689611649472,_EOPKG_WI-UN-f1-5-67_loan_v1_v5_simulated_GATv2,_EOPKG_WI-UN-f1-5,67,train_candidate_prediction_entropy,0,1781613408528,1.0484966431967973
learn,EOPKG-WI,EOPKGTopologyConditionedWI,d3b7c7404a1b432b8dd330d96271b528,854778689611649472,_EOPKG_WI-UN-f1-5-67_loan_v1_v5_simulated_GATv2,_EOPKG_WI-UN-f1-5,67,train_candidate_prediction_entropy,0,1781613514287,1.0425063725116712
learn,EOPKG-WI,EOPKGTopologyConditionedWI,d3b7c7404a1b432b8dd330d96271b528,854778689611649472,_EOPKG_WI-UN-f1-5-67_loan_v1_v5_simulated_GATv2,_EOPKG_WI-UN-f1-5,67,train_candidate_prediction_entropy,0,1781613514287,1.0425063725116712
learn,EOPKG-WI,EOPKGTopologyConditionedWI,d3b7c7404a1b432b8dd330d96271b528,854778689611649472,_EOPKG_WI-UN-f1-5-67_loan_v1_v5_simulated_GATv2,_EOPKG_WI-UN-f1-5,67,train_candidate_prediction_entropy,0,1781613620126,1.037624084608354
learn,EOPKG-WI,EOPKGTopologyConditionedWI,d3b7c7404a1b432b8dd330d96271b528,854778689611649472,_EOPKG_WI-UN-f1-5-67_loan_v1_v5_simulated_GATv2,_EOPKG_WI-UN-f1-5,67,train_candidate_prediction_entropy,0,1781613620126,1.037624084608354
