run_set,paper_model,model_type,run_id,experiment_id,run_name,preset_name,seed,metric,step,timestamp,value
learn,EOPKG,EOPKGTopologyConditioned,5e56c5c7531d4675b4c740f509ff678f,854778689611649472,_EOPKG_TC-UN-f1-5-penalty3l-42_loan_v1_v5_simulated_GATv2,_EOPKG_TC-UN-f1-5-penalty3l,42,train_candidate_target_set_entropy_mean,0,1780655630916,0.0
learn,EOPKG,EOPKGTopologyConditioned,5e56c5c7531d4675b4c740f509ff678f,854778689611649472,_EOPKG_TC-UN-f1-5-penalty3l-42_loan_v1_v5_simulated_GATv2,_EOPKG_TC-UN-f1-5-penalty3l,42,train_candidate_target_set_entropy_mean,0,1780655630916,0.0
learn,EOPKG,EOPKGTopologyConditioned,5e56c5c7531d4675b4c740f509ff678f,854778689611649472,_EOPKG_TC-UN-f1-5-penalty3l-42_loan_v1_v5_simulated_GATv2,_EOPKG_TC-UN-f1-5-penalty3l,42,train_candidate_target_set_entropy_mean,0,1780655937731,0.0
learn,EOPKG,EOPKGTopologyConditioned,5e56c5c7531d4675b4c740f509ff678f,854778689611649472,_EOPKG_TC-UN-f1-5-penalty3l-42_loan_v1_v5_simulated_GATv2,_EOPKG_TC-UN-f1-5-penalty3l,42,train_candidate_target_set_entropy_mean,0,1780655937731,0.0
learn,EOPKG,EOPKGTopologyConditioned,5e56c5c7531d4675b4c740f509ff678f,854778689611649472,_EOPKG_TC-UN-f1-5-penalty3l-42_loan_v1_v5_simulated_GATv2,_EOPKG_TC-UN-f1-5-penalty3l,42,train_candidate_target_set_entropy_mean,0,1780656248775,0.0
learn,EOPKG,EOPKGTopologyConditioned,5e56c5c7531d4675b4c740f509ff678f,854778689611649472,_EOPKG_TC-UN-f1-5-penalty3l-42_loan_v1_v5_simulated_GATv2,_EOPKG_TC-UN-f1-5-penalty3l,42,train_candidate_target_set_entropy_mean,0,1780656248775,0.0
learn,EOPKG,EOPKGTopologyConditioned,5e56c5c7531d4675b4c740f509ff678f,854778689611649472,_EOPKG_TC-UN-f1-5-penalty3l-42_loan_v1_v5_simulated_GATv2,_EOPKG_TC-UN-f1-5-penalty3l,42,train_candidate_target_set_entropy_mean,0,1780656566402,0.0
learn,EOPKG,EOPKGTopologyConditioned,5e56c5c7531d4675b4c740f509ff678f,854778689611649472,_EOPKG_TC-UN-f1-5-penalty3l-42_loan_v1_v5_simulated_GATv2,_EOPKG_TC-UN-f1-5-penalty3l,42,train_candidate_target_set_entropy_mean,0,1780656566402,0.0
learn,EOPKG,EOPKGTopologyConditioned,5e56c5c7531d4675b4c740f509ff678f,854778689611649472,_EOPKG_TC-UN-f1-5-penalty3l-42_loan_v1_v5_simulated_GATv2,_EOPKG_TC-UN-f1-5-penalty3l,42,train_candidate_target_set_entropy_mean,0,1780656890935,0.0
learn,EOPKG,EOPKGTopologyConditioned,5e56c5c7531d4675b4c740f509ff678f,854778689611649472,_EOPKG_TC-UN-f1-5-penalty3l-42_loan_v1_v5_simulated_GATv2,_EOPKG_TC-UN-f1-5-penalty3l,42,train_candidate_target_set_entropy_mean,0,1780656890935,0.0
learn,EOPKG,EOPKGTopologyConditioned,5e56c5c7531d4675b4c740f509ff678f,854778689611649472,_EOPKG_TC-UN-f1-5-penalty3l-42_loan_v1_v5_simulated_GATv2,_EOPKG_TC-UN-f1-5-penalty3l,42,train_candidate_target_set_entropy_mean,0,1780657279586,0.0
learn,EOPKG,EOPKGTopologyConditioned,5e56c5c7531d4675b4c740f509ff678f,854778689611649472,_EOPKG_TC-UN-f1-5-penalty3l-42_loan_v1_v5_simulated_GATv2,_EOPKG_TC-UN-f1-5-penalty3l,42,train_candidate_target_set_entropy_mean,0,1780657279586,0.0
learn,EOPKG,EOPKGTopologyConditioned,5e56c5c7531d4675b4c740f509ff678f,854778689611649472,_EOPKG_TC-UN-f1-5-penalty3l-42_loan_v1_v5_simulated_GATv2,_EOPKG_TC-UN-f1-5-penalty3l,42,train_candidate_target_set_entropy_mean,0,1780657643245,0.0
learn,EOPKG,EOPKGTopologyConditioned,5e56c5c7531d4675b4c740f509ff678f,854778689611649472,_EOPKG_TC-UN-f1-5-penalty3l-42_loan_v1_v5_simulated_GATv2,_EOPKG_TC-UN-f1-5-penalty3l,42,train_candidate_target_set_entropy_mean,0,1780657643245,0.0
learn,EOPKG,EOPKGTopologyConditioned,5e56c5c7531d4675b4c740f509ff678f,854778689611649472,_EOPKG_TC-UN-f1-5-penalty3l-42_loan_v1_v5_simulated_GATv2,_EOPKG_TC-UN-f1-5-penalty3l,42,train_candidate_target_set_entropy_mean,0,1780657998243,0.0
learn,EOPKG,EOPKGTopologyConditioned,5e56c5c7531d4675b4c740f509ff678f,854778689611649472,_EOPKG_TC-UN-f1-5-penalty3l-42_loan_v1_v5_simulated_GATv2,_EOPKG_TC-UN-f1-5-penalty3l,42,train_candidate_target_set_entropy_mean,0,1780657998243,0.0
learn,EOPKG,EOPKGTopologyConditioned,5e56c5c7531d4675b4c740f509ff678f,854778689611649472,_EOPKG_TC-UN-f1-5-penalty3l-42_loan_v1_v5_simulated_GATv2,_EOPKG_TC-UN-f1-5-penalty3l,42,train_candidate_target_set_entropy_mean,0,1780658338300,0.0
learn,EOPKG,EOPKGTopologyConditioned,5e56c5c7531d4675b4c740f509ff678f,854778689611649472,_EOPKG_TC-UN-f1-5-penalty3l-42_loan_v1_v5_simulated_GATv2,_EOPKG_TC-UN-f1-5-penalty3l,42,train_candidate_target_set_entropy_mean,0,1780658338300,0.0
learn,EOPKG,EOPKGTopologyConditioned,5e56c5c7531d4675b4c740f509ff678f,854778689611649472,_EOPKG_TC-UN-f1-5-penalty3l-42_loan_v1_v5_simulated_GATv2,_EOPKG_TC-UN-f1-5-penalty3l,42,train_candidate_target_set_entropy_mean,0,1780658729965,0.0
learn,EOPKG,EOPKGTopologyConditioned,5e56c5c7531d4675b4c740f509ff678f,854778689611649472,_EOPKG_TC-UN-f1-5-penalty3l-42_loan_v1_v5_simulated_GATv2,_EOPKG_TC-UN-f1-5-penalty3l,42,train_candidate_target_set_entropy_mean,0,1780658729965,0.0
learn,EOPKG,EOPKGTopologyConditioned,5e56c5c7531d4675b4c740f509ff678f,854778689611649472,_EOPKG_TC-UN-f1-5-penalty3l-42_loan_v1_v5_simulated_GATv2,_EOPKG_TC-UN-f1-5-penalty3l,42,train_candidate_target_set_entropy_mean,0,1780659032280,0.0
learn,EOPKG,EOPKGTopologyConditioned,5e56c5c7531d4675b4c740f509ff678f,854778689611649472,_EOPKG_TC-UN-f1-5-penalty3l-42_loan_v1_v5_simulated_GATv2,_EOPKG_TC-UN-f1-5-penalty3l,42,train_candidate_target_set_entropy_mean,0,1780659032280,0.0
learn,EOPKG,EOPKGTopologyConditioned,5e56c5c7531d4675b4c740f509ff678f,854778689611649472,_EOPKG_TC-UN-f1-5-penalty3l-42_loan_v1_v5_simulated_GATv2,_EOPKG_TC-UN-f1-5-penalty3l,42,train_candidate_target_set_entropy_mean,0,1780659335068,0.0
learn,EOPKG,EOPKGTopologyConditioned,5e56c5c7531d4675b4c740f509ff678f,854778689611649472,_EOPKG_TC-UN-f1-5-penalty3l-42_loan_v1_v5_simulated_GATv2,_EOPKG_TC-UN-f1-5-penalty3l,42,train_candidate_target_set_entropy_mean,0,1780659335068,0.0
learn,EOPKG,EOPKGTopologyConditioned,5e56c5c7531d4675b4c740f509ff678f,854778689611649472,_EOPKG_TC-UN-f1-5-penalty3l-42_loan_v1_v5_simulated_GATv2,_EOPKG_TC-UN-f1-5-penalty3l,42,train_candidate_target_set_entropy_mean,0,1780659688559,0.0
learn,EOPKG,EOPKGTopologyConditioned,5e56c5c7531d4675b4c740f509ff678f,854778689611649472,_EOPKG_TC-UN-f1-5-penalty3l-42_loan_v1_v5_simulated_GATv2,_EOPKG_TC-UN-f1-5-penalty3l,42,train_candidate_target_set_entropy_mean,0,1780659688559,0.0
learn,EOPKG,EOPKGTopologyConditioned,5e56c5c7531d4675b4c740f509ff678f,854778689611649472,_EOPKG_TC-UN-f1-5-penalty3l-42_loan_v1_v5_simulated_GATv2,_EOPKG_TC-UN-f1-5-penalty3l,42,train_candidate_target_set_entropy_mean,0,1780659991876,0.0
learn,EOPKG,EOPKGTopologyConditioned,5e56c5c7531d4675b4c740f509ff678f,854778689611649472,_EOPKG_TC-UN-f1-5-penalty3l-42_loan_v1_v5_simulated_GATv2,_EOPKG_TC-UN-f1-5-penalty3l,42,train_candidate_target_set_entropy_mean,0,1780659991876,0.0
learn,EOPKG,EOPKGTopologyConditioned,5e56c5c7531d4675b4c740f509ff678f,854778689611649472,_EOPKG_TC-UN-f1-5-penalty3l-42_loan_v1_v5_simulated_GATv2,_EOPKG_TC-UN-f1-5-penalty3l,42,train_candidate_target_set_entropy_mean,0,1780660381348,0.0
learn,EOPKG,EOPKGTopologyConditioned,5e56c5c7531d4675b4c740f509ff678f,854778689611649472,_EOPKG_TC-UN-f1-5-penalty3l-42_loan_v1_v5_simulated_GATv2,_EOPKG_TC-UN-f1-5-penalty3l,42,train_candidate_target_set_entropy_mean,0,1780660381348,0.0
learn,EOPKG,EOPKGTopologyConditioned,5e56c5c7531d4675b4c740f509ff678f,854778689611649472,_EOPKG_TC-UN-f1-5-penalty3l-42_loan_v1_v5_simulated_GATv2,_EOPKG_TC-UN-f1-5-penalty3l,42,train_candidate_target_set_entropy_mean,0,1780660696399,0.0
learn,EOPKG,EOPKGTopologyConditioned,5e56c5c7531d4675b4c740f509ff678f,854778689611649472,_EOPKG_TC-UN-f1-5-penalty3l-42_loan_v1_v5_simulated_GATv2,_EOPKG_TC-UN-f1-5-penalty3l,42,train_candidate_target_set_entropy_mean,0,1780660696399,0.0
learn,EOPKG,EOPKGTopologyConditioned,5e56c5c7531d4675b4c740f509ff678f,854778689611649472,_EOPKG_TC-UN-f1-5-penalty3l-42_loan_v1_v5_simulated_GATv2,_EOPKG_TC-UN-f1-5-penalty3l,42,train_candidate_target_set_entropy_mean,0,1780661032273,0.0
learn,EOPKG,EOPKGTopologyConditioned,5e56c5c7531d4675b4c740f509ff678f,854778689611649472,_EOPKG_TC-UN-f1-5-penalty3l-42_loan_v1_v5_simulated_GATv2,_EOPKG_TC-UN-f1-5-penalty3l,42,train_candidate_target_set_entropy_mean,0,1780661032273,0.0
learn,EOPKG,EOPKGTopologyConditioned,5e56c5c7531d4675b4c740f509ff678f,854778689611649472,_EOPKG_TC-UN-f1-5-penalty3l-42_loan_v1_v5_simulated_GATv2,_EOPKG_TC-UN-f1-5-penalty3l,42,train_candidate_target_set_entropy_mean,0,1780661318474,0.0
learn,EOPKG,EOPKGTopologyConditioned,5e56c5c7531d4675b4c740f509ff678f,854778689611649472,_EOPKG_TC-UN-f1-5-penalty3l-42_loan_v1_v5_simulated_GATv2,_EOPKG_TC-UN-f1-5-penalty3l,42,train_candidate_target_set_entropy_mean,0,1780661318474,0.0
learn,EOPKG,EOPKGTopologyConditioned,5e56c5c7531d4675b4c740f509ff678f,854778689611649472,_EOPKG_TC-UN-f1-5-penalty3l-42_loan_v1_v5_simulated_GATv2,_EOPKG_TC-UN-f1-5-penalty3l,42,train_candidate_target_set_entropy_mean,0,1780661592257,0.0
learn,EOPKG,EOPKGTopologyConditioned,5e56c5c7531d4675b4c740f509ff678f,854778689611649472,_EOPKG_TC-UN-f1-5-penalty3l-42_loan_v1_v5_simulated_GATv2,_EOPKG_TC-UN-f1-5-penalty3l,42,train_candidate_target_set_entropy_mean,0,1780661592257,0.0
learn,EOPKG,EOPKGTopologyConditioned,5e56c5c7531d4675b4c740f509ff678f,854778689611649472,_EOPKG_TC-UN-f1-5-penalty3l-42_loan_v1_v5_simulated_GATv2,_EOPKG_TC-UN-f1-5-penalty3l,42,train_candidate_target_set_entropy_mean,0,1780661866555,0.0
learn,EOPKG,EOPKGTopologyConditioned,5e56c5c7531d4675b4c740f509ff678f,854778689611649472,_EOPKG_TC-UN-f1-5-penalty3l-42_loan_v1_v5_simulated_GATv2,_EOPKG_TC-UN-f1-5-penalty3l,42,train_candidate_target_set_entropy_mean,0,1780661866555,0.0
learn,EOPKG,EOPKGTopologyConditioned,5e56c5c7531d4675b4c740f509ff678f,854778689611649472,_EOPKG_TC-UN-f1-5-penalty3l-42_loan_v1_v5_simulated_GATv2,_EOPKG_TC-UN-f1-5-penalty3l,42,train_candidate_target_set_entropy_mean,0,1780662136185,0.0
learn,EOPKG,EOPKGTopologyConditioned,5e56c5c7531d4675b4c740f509ff678f,854778689611649472,_EOPKG_TC-UN-f1-5-penalty3l-42_loan_v1_v5_simulated_GATv2,_EOPKG_TC-UN-f1-5-penalty3l,42,train_candidate_target_set_entropy_mean,0,1780662136185,0.0
learn,EOPKG,EOPKGTopologyConditioned,5e56c5c7531d4675b4c740f509ff678f,854778689611649472,_EOPKG_TC-UN-f1-5-penalty3l-42_loan_v1_v5_simulated_GATv2,_EOPKG_TC-UN-f1-5-penalty3l,42,train_candidate_target_set_entropy_mean,0,1780662407617,0.0
learn,EOPKG,EOPKGTopologyConditioned,5e56c5c7531d4675b4c740f509ff678f,854778689611649472,_EOPKG_TC-UN-f1-5-penalty3l-42_loan_v1_v5_simulated_GATv2,_EOPKG_TC-UN-f1-5-penalty3l,42,train_candidate_target_set_entropy_mean,0,1780662407617,0.0
learn,EOPKG,EOPKGTopologyConditioned,5e56c5c7531d4675b4c740f509ff678f,854778689611649472,_EOPKG_TC-UN-f1-5-penalty3l-42_loan_v1_v5_simulated_GATv2,_EOPKG_TC-UN-f1-5-penalty3l,42,train_candidate_target_set_entropy_mean,0,1780662676555,0.0
learn,EOPKG,EOPKGTopologyConditioned,5e56c5c7531d4675b4c740f509ff678f,854778689611649472,_EOPKG_TC-UN-f1-5-penalty3l-42_loan_v1_v5_simulated_GATv2,_EOPKG_TC-UN-f1-5-penalty3l,42,train_candidate_target_set_entropy_mean,0,1780662676555,0.0
learn,EOPKG,EOPKGTopologyConditioned,5e56c5c7531d4675b4c740f509ff678f,854778689611649472,_EOPKG_TC-UN-f1-5-penalty3l-42_loan_v1_v5_simulated_GATv2,_EOPKG_TC-UN-f1-5-penalty3l,42,train_candidate_target_set_entropy_mean,0,1780662947384,0.0
learn,EOPKG,EOPKGTopologyConditioned,5e56c5c7531d4675b4c740f509ff678f,854778689611649472,_EOPKG_TC-UN-f1-5-penalty3l-42_loan_v1_v5_simulated_GATv2,_EOPKG_TC-UN-f1-5-penalty3l,42,train_candidate_target_set_entropy_mean,0,1780662947384,0.0
learn,EOPKG,EOPKGTopologyConditioned,5e56c5c7531d4675b4c740f509ff678f,854778689611649472,_EOPKG_TC-UN-f1-5-penalty3l-42_loan_v1_v5_simulated_GATv2,_EOPKG_TC-UN-f1-5-penalty3l,42,train_candidate_target_set_entropy_mean,0,1780663217941,0.0
learn,EOPKG,EOPKGTopologyConditioned,5e56c5c7531d4675b4c740f509ff678f,854778689611649472,_EOPKG_TC-UN-f1-5-penalty3l-42_loan_v1_v5_simulated_GATv2,_EOPKG_TC-UN-f1-5-penalty3l,42,train_candidate_target_set_entropy_mean,0,1780663217941,0.0
learn,EOPKG,EOPKGTopologyConditioned,5e56c5c7531d4675b4c740f509ff678f,854778689611649472,_EOPKG_TC-UN-f1-5-penalty3l-42_loan_v1_v5_simulated_GATv2,_EOPKG_TC-UN-f1-5-penalty3l,42,train_candidate_target_set_entropy_mean,0,1780663486689,0.0
learn,EOPKG,EOPKGTopologyConditioned,5e56c5c7531d4675b4c740f509ff678f,854778689611649472,_EOPKG_TC-UN-f1-5-penalty3l-42_loan_v1_v5_simulated_GATv2,_EOPKG_TC-UN-f1-5-penalty3l,42,train_candidate_target_set_entropy_mean,0,1780663486689,0.0
learn,EOPKG,EOPKGTopologyConditioned,5e56c5c7531d4675b4c740f509ff678f,854778689611649472,_EOPKG_TC-UN-f1-5-penalty3l-42_loan_v1_v5_simulated_GATv2,_EOPKG_TC-UN-f1-5-penalty3l,42,train_candidate_target_set_entropy_mean,0,1780663760408,0.0
learn,EOPKG,EOPKGTopologyConditioned,5e56c5c7531d4675b4c740f509ff678f,854778689611649472,_EOPKG_TC-UN-f1-5-penalty3l-42_loan_v1_v5_simulated_GATv2,_EOPKG_TC-UN-f1-5-penalty3l,42,train_candidate_target_set_entropy_mean,0,1780663760408,0.0
learn,EOPKG,EOPKGTopologyConditioned,5e56c5c7531d4675b4c740f509ff678f,854778689611649472,_EOPKG_TC-UN-f1-5-penalty3l-42_loan_v1_v5_simulated_GATv2,_EOPKG_TC-UN-f1-5-penalty3l,42,train_candidate_target_set_entropy_mean,0,1780664029653,0.0
learn,EOPKG,EOPKGTopologyConditioned,5e56c5c7531d4675b4c740f509ff678f,854778689611649472,_EOPKG_TC-UN-f1-5-penalty3l-42_loan_v1_v5_simulated_GATv2,_EOPKG_TC-UN-f1-5-penalty3l,42,train_candidate_target_set_entropy_mean,0,1780664029653,0.0
learn,EOPKG,EOPKGTopologyConditioned,5e56c5c7531d4675b4c740f509ff678f,854778689611649472,_EOPKG_TC-UN-f1-5-penalty3l-42_loan_v1_v5_simulated_GATv2,_EOPKG_TC-UN-f1-5-penalty3l,42,train_candidate_target_set_entropy_mean,0,1780664298531,0.0
learn,EOPKG,EOPKGTopologyConditioned,5e56c5c7531d4675b4c740f509ff678f,854778689611649472,_EOPKG_TC-UN-f1-5-penalty3l-42_loan_v1_v5_simulated_GATv2,_EOPKG_TC-UN-f1-5-penalty3l,42,train_candidate_target_set_entropy_mean,0,1780664298531,0.0
learn,EOPKG,EOPKGTopologyConditioned,5e56c5c7531d4675b4c740f509ff678f,854778689611649472,_EOPKG_TC-UN-f1-5-penalty3l-42_loan_v1_v5_simulated_GATv2,_EOPKG_TC-UN-f1-5-penalty3l,42,train_candidate_target_set_entropy_mean,0,1780664567974,0.0
learn,EOPKG,EOPKGTopologyConditioned,5e56c5c7531d4675b4c740f509ff678f,854778689611649472,_EOPKG_TC-UN-f1-5-penalty3l-42_loan_v1_v5_simulated_GATv2,_EOPKG_TC-UN-f1-5-penalty3l,42,train_candidate_target_set_entropy_mean,0,1780664567974,0.0
learn,EOPKG,EOPKGTopologyConditioned,5e56c5c7531d4675b4c740f509ff678f,854778689611649472,_EOPKG_TC-UN-f1-5-penalty3l-42_loan_v1_v5_simulated_GATv2,_EOPKG_TC-UN-f1-5-penalty3l,42,train_candidate_target_set_entropy_mean,0,1780664848369,0.0
learn,EOPKG,EOPKGTopologyConditioned,5e56c5c7531d4675b4c740f509ff678f,854778689611649472,_EOPKG_TC-UN-f1-5-penalty3l-42_loan_v1_v5_simulated_GATv2,_EOPKG_TC-UN-f1-5-penalty3l,42,train_candidate_target_set_entropy_mean,0,1780664848369,0.0
learn,EOPKG,EOPKGTopologyConditioned,5e56c5c7531d4675b4c740f509ff678f,854778689611649472,_EOPKG_TC-UN-f1-5-penalty3l-42_loan_v1_v5_simulated_GATv2,_EOPKG_TC-UN-f1-5-penalty3l,42,train_candidate_target_set_entropy_mean,0,1780665119088,0.0
learn,EOPKG,EOPKGTopologyConditioned,5e56c5c7531d4675b4c740f509ff678f,854778689611649472,_EOPKG_TC-UN-f1-5-penalty3l-42_loan_v1_v5_simulated_GATv2,_EOPKG_TC-UN-f1-5-penalty3l,42,train_candidate_target_set_entropy_mean,0,1780665119088,0.0
learn,EOPKG,EOPKGTopologyConditioned,5e56c5c7531d4675b4c740f509ff678f,854778689611649472,_EOPKG_TC-UN-f1-5-penalty3l-42_loan_v1_v5_simulated_GATv2,_EOPKG_TC-UN-f1-5-penalty3l,42,train_candidate_target_set_entropy_mean,0,1780665389685,0.0
learn,EOPKG,EOPKGTopologyConditioned,5e56c5c7531d4675b4c740f509ff678f,854778689611649472,_EOPKG_TC-UN-f1-5-penalty3l-42_loan_v1_v5_simulated_GATv2,_EOPKG_TC-UN-f1-5-penalty3l,42,train_candidate_target_set_entropy_mean,0,1780665389685,0.0
learn,EOPKG,EOPKGTopologyConditioned,5e56c5c7531d4675b4c740f509ff678f,854778689611649472,_EOPKG_TC-UN-f1-5-penalty3l-42_loan_v1_v5_simulated_GATv2,_EOPKG_TC-UN-f1-5-penalty3l,42,train_candidate_target_set_entropy_mean,0,1780665661297,0.0
learn,EOPKG,EOPKGTopologyConditioned,5e56c5c7531d4675b4c740f509ff678f,854778689611649472,_EOPKG_TC-UN-f1-5-penalty3l-42_loan_v1_v5_simulated_GATv2,_EOPKG_TC-UN-f1-5-penalty3l,42,train_candidate_target_set_entropy_mean,0,1780665661297,0.0
learn,EOPKG,EOPKGTopologyConditioned,5e56c5c7531d4675b4c740f509ff678f,854778689611649472,_EOPKG_TC-UN-f1-5-penalty3l-42_loan_v1_v5_simulated_GATv2,_EOPKG_TC-UN-f1-5-penalty3l,42,train_candidate_target_set_entropy_mean,0,1780665931825,0.0
learn,EOPKG,EOPKGTopologyConditioned,5e56c5c7531d4675b4c740f509ff678f,854778689611649472,_EOPKG_TC-UN-f1-5-penalty3l-42_loan_v1_v5_simulated_GATv2,_EOPKG_TC-UN-f1-5-penalty3l,42,train_candidate_target_set_entropy_mean,0,1780665931825,0.0
learn,EOPKG,EOPKGTopologyConditioned,5e56c5c7531d4675b4c740f509ff678f,854778689611649472,_EOPKG_TC-UN-f1-5-penalty3l-42_loan_v1_v5_simulated_GATv2,_EOPKG_TC-UN-f1-5-penalty3l,42,train_candidate_target_set_entropy_mean,0,1780666267006,0.0
learn,EOPKG,EOPKGTopologyConditioned,5e56c5c7531d4675b4c740f509ff678f,854778689611649472,_EOPKG_TC-UN-f1-5-penalty3l-42_loan_v1_v5_simulated_GATv2,_EOPKG_TC-UN-f1-5-penalty3l,42,train_candidate_target_set_entropy_mean,0,1780666267006,0.0
learn,EOPKG,EOPKGTopologyConditioned,5e56c5c7531d4675b4c740f509ff678f,854778689611649472,_EOPKG_TC-UN-f1-5-penalty3l-42_loan_v1_v5_simulated_GATv2,_EOPKG_TC-UN-f1-5-penalty3l,42,train_candidate_target_set_entropy_mean,0,1780666540374,0.0
learn,EOPKG,EOPKGTopologyConditioned,5e56c5c7531d4675b4c740f509ff678f,854778689611649472,_EOPKG_TC-UN-f1-5-penalty3l-42_loan_v1_v5_simulated_GATv2,_EOPKG_TC-UN-f1-5-penalty3l,42,train_candidate_target_set_entropy_mean,0,1780666540374,0.0
learn,EOPKG,EOPKGTopologyConditioned,5e56c5c7531d4675b4c740f509ff678f,854778689611649472,_EOPKG_TC-UN-f1-5-penalty3l-42_loan_v1_v5_simulated_GATv2,_EOPKG_TC-UN-f1-5-penalty3l,42,train_candidate_target_set_entropy_mean,0,1780666813416,0.0
learn,EOPKG,EOPKGTopologyConditioned,5e56c5c7531d4675b4c740f509ff678f,854778689611649472,_EOPKG_TC-UN-f1-5-penalty3l-42_loan_v1_v5_simulated_GATv2,_EOPKG_TC-UN-f1-5-penalty3l,42,train_candidate_target_set_entropy_mean,0,1780666813416,0.0
learn,EOPKG,EOPKGTopologyConditioned,5e56c5c7531d4675b4c740f509ff678f,854778689611649472,_EOPKG_TC-UN-f1-5-penalty3l-42_loan_v1_v5_simulated_GATv2,_EOPKG_TC-UN-f1-5-penalty3l,42,train_candidate_target_set_entropy_mean,0,1780667120774,0.0
learn,EOPKG,EOPKGTopologyConditioned,5e56c5c7531d4675b4c740f509ff678f,854778689611649472,_EOPKG_TC-UN-f1-5-penalty3l-42_loan_v1_v5_simulated_GATv2,_EOPKG_TC-UN-f1-5-penalty3l,42,train_candidate_target_set_entropy_mean,0,1780667120774,0.0
learn,EOPKG,EOPKGTopologyConditioned,5e56c5c7531d4675b4c740f509ff678f,854778689611649472,_EOPKG_TC-UN-f1-5-penalty3l-42_loan_v1_v5_simulated_GATv2,_EOPKG_TC-UN-f1-5-penalty3l,42,train_candidate_target_set_entropy_mean,0,1780670051495,0.0
learn,EOPKG,EOPKGTopologyConditioned,5e56c5c7531d4675b4c740f509ff678f,854778689611649472,_EOPKG_TC-UN-f1-5-penalty3l-42_loan_v1_v5_simulated_GATv2,_EOPKG_TC-UN-f1-5-penalty3l,42,train_candidate_target_set_entropy_mean,0,1780670051495,0.0
learn,EOPKG,EOPKGTopologyConditioned,5e56c5c7531d4675b4c740f509ff678f,854778689611649472,_EOPKG_TC-UN-f1-5-penalty3l-42_loan_v1_v5_simulated_GATv2,_EOPKG_TC-UN-f1-5-penalty3l,42,train_candidate_target_set_entropy_mean,0,1780670319782,0.0
learn,EOPKG,EOPKGTopologyConditioned,5e56c5c7531d4675b4c740f509ff678f,854778689611649472,_EOPKG_TC-UN-f1-5-penalty3l-42_loan_v1_v5_simulated_GATv2,_EOPKG_TC-UN-f1-5-penalty3l,42,train_candidate_target_set_entropy_mean,0,1780670319782,0.0
learn,EOPKG,EOPKGTopologyConditioned,5e56c5c7531d4675b4c740f509ff678f,854778689611649472,_EOPKG_TC-UN-f1-5-penalty3l-42_loan_v1_v5_simulated_GATv2,_EOPKG_TC-UN-f1-5-penalty3l,42,train_candidate_target_set_entropy_mean,0,1780670595821,0.0
learn,EOPKG,EOPKGTopologyConditioned,5e56c5c7531d4675b4c740f509ff678f,854778689611649472,_EOPKG_TC-UN-f1-5-penalty3l-42_loan_v1_v5_simulated_GATv2,_EOPKG_TC-UN-f1-5-penalty3l,42,train_candidate_target_set_entropy_mean,0,1780670595821,0.0
learn,EOPKG,EOPKGTopologyConditioned,5e56c5c7531d4675b4c740f509ff678f,854778689611649472,_EOPKG_TC-UN-f1-5-penalty3l-42_loan_v1_v5_simulated_GATv2,_EOPKG_TC-UN-f1-5-penalty3l,42,train_candidate_target_set_entropy_mean,0,1780670863841,0.0
learn,EOPKG,EOPKGTopologyConditioned,5e56c5c7531d4675b4c740f509ff678f,854778689611649472,_EOPKG_TC-UN-f1-5-penalty3l-42_loan_v1_v5_simulated_GATv2,_EOPKG_TC-UN-f1-5-penalty3l,42,train_candidate_target_set_entropy_mean,0,1780670863841,0.0
learn,EOPKG,EOPKGTopologyConditioned,5e56c5c7531d4675b4c740f509ff678f,854778689611649472,_EOPKG_TC-UN-f1-5-penalty3l-42_loan_v1_v5_simulated_GATv2,_EOPKG_TC-UN-f1-5-penalty3l,42,train_candidate_target_set_entropy_mean,0,1780671144942,0.0
learn,EOPKG,EOPKGTopologyConditioned,5e56c5c7531d4675b4c740f509ff678f,854778689611649472,_EOPKG_TC-UN-f1-5-penalty3l-42_loan_v1_v5_simulated_GATv2,_EOPKG_TC-UN-f1-5-penalty3l,42,train_candidate_target_set_entropy_mean,0,1780671144942,0.0
learn,EOPKG,EOPKGTopologyConditioned,5fcc89889b1d45c489329f5e3df9a5a2,854778689611649472,_EOPKG_TC-UN-f1-5-penalty3l-78_loan_v1_v5_simulated_GATv2,_EOPKG_TC-UN-f1-5-penalty3l,78,train_candidate_target_set_entropy_mean,0,1780870772091,0.0
learn,EOPKG,EOPKGTopologyConditioned,5fcc89889b1d45c489329f5e3df9a5a2,854778689611649472,_EOPKG_TC-UN-f1-5-penalty3l-78_loan_v1_v5_simulated_GATv2,_EOPKG_TC-UN-f1-5-penalty3l,78,train_candidate_target_set_entropy_mean,0,1780870772091,0.0
learn,EOPKG,EOPKGTopologyConditioned,5fcc89889b1d45c489329f5e3df9a5a2,854778689611649472,_EOPKG_TC-UN-f1-5-penalty3l-78_loan_v1_v5_simulated_GATv2,_EOPKG_TC-UN-f1-5-penalty3l,78,train_candidate_target_set_entropy_mean,0,1780871357775,0.0
learn,EOPKG,EOPKGTopologyConditioned,5fcc89889b1d45c489329f5e3df9a5a2,854778689611649472,_EOPKG_TC-UN-f1-5-penalty3l-78_loan_v1_v5_simulated_GATv2,_EOPKG_TC-UN-f1-5-penalty3l,78,train_candidate_target_set_entropy_mean,0,1780871357775,0.0
learn,EOPKG,EOPKGTopologyConditioned,5fcc89889b1d45c489329f5e3df9a5a2,854778689611649472,_EOPKG_TC-UN-f1-5-penalty3l-78_loan_v1_v5_simulated_GATv2,_EOPKG_TC-UN-f1-5-penalty3l,78,train_candidate_target_set_entropy_mean,0,1780871908066,0.0
learn,EOPKG,EOPKGTopologyConditioned,5fcc89889b1d45c489329f5e3df9a5a2,854778689611649472,_EOPKG_TC-UN-f1-5-penalty3l-78_loan_v1_v5_simulated_GATv2,_EOPKG_TC-UN-f1-5-penalty3l,78,train_candidate_target_set_entropy_mean,0,1780871908066,0.0
learn,EOPKG,EOPKGTopologyConditioned,5fcc89889b1d45c489329f5e3df9a5a2,854778689611649472,_EOPKG_TC-UN-f1-5-penalty3l-78_loan_v1_v5_simulated_GATv2,_EOPKG_TC-UN-f1-5-penalty3l,78,train_candidate_target_set_entropy_mean,0,1780872470338,0.0
learn,EOPKG,EOPKGTopologyConditioned,5fcc89889b1d45c489329f5e3df9a5a2,854778689611649472,_EOPKG_TC-UN-f1-5-penalty3l-78_loan_v1_v5_simulated_GATv2,_EOPKG_TC-UN-f1-5-penalty3l,78,train_candidate_target_set_entropy_mean,0,1780872470338,0.0
learn,EOPKG,EOPKGTopologyConditioned,5fcc89889b1d45c489329f5e3df9a5a2,854778689611649472,_EOPKG_TC-UN-f1-5-penalty3l-78_loan_v1_v5_simulated_GATv2,_EOPKG_TC-UN-f1-5-penalty3l,78,train_candidate_target_set_entropy_mean,0,1780892111546,0.0
learn,EOPKG,EOPKGTopologyConditioned,5fcc89889b1d45c489329f5e3df9a5a2,854778689611649472,_EOPKG_TC-UN-f1-5-penalty3l-78_loan_v1_v5_simulated_GATv2,_EOPKG_TC-UN-f1-5-penalty3l,78,train_candidate_target_set_entropy_mean,0,1780892111546,0.0
learn,EOPKG,EOPKGTopologyConditioned,5fcc89889b1d45c489329f5e3df9a5a2,854778689611649472,_EOPKG_TC-UN-f1-5-penalty3l-78_loan_v1_v5_simulated_GATv2,_EOPKG_TC-UN-f1-5-penalty3l,78,train_candidate_target_set_entropy_mean,0,1780892365102,0.0
learn,EOPKG,EOPKGTopologyConditioned,5fcc89889b1d45c489329f5e3df9a5a2,854778689611649472,_EOPKG_TC-UN-f1-5-penalty3l-78_loan_v1_v5_simulated_GATv2,_EOPKG_TC-UN-f1-5-penalty3l,78,train_candidate_target_set_entropy_mean,0,1780892365102,0.0
learn,EOPKG,EOPKGTopologyConditioned,5fcc89889b1d45c489329f5e3df9a5a2,854778689611649472,_EOPKG_TC-UN-f1-5-penalty3l-78_loan_v1_v5_simulated_GATv2,_EOPKG_TC-UN-f1-5-penalty3l,78,train_candidate_target_set_entropy_mean,0,1780892627001,0.0
learn,EOPKG,EOPKGTopologyConditioned,5fcc89889b1d45c489329f5e3df9a5a2,854778689611649472,_EOPKG_TC-UN-f1-5-penalty3l-78_loan_v1_v5_simulated_GATv2,_EOPKG_TC-UN-f1-5-penalty3l,78,train_candidate_target_set_entropy_mean,0,1780892627001,0.0
learn,EOPKG,EOPKGTopologyConditioned,5fcc89889b1d45c489329f5e3df9a5a2,854778689611649472,_EOPKG_TC-UN-f1-5-penalty3l-78_loan_v1_v5_simulated_GATv2,_EOPKG_TC-UN-f1-5-penalty3l,78,train_candidate_target_set_entropy_mean,0,1780892895924,0.0
learn,EOPKG,EOPKGTopologyConditioned,5fcc89889b1d45c489329f5e3df9a5a2,854778689611649472,_EOPKG_TC-UN-f1-5-penalty3l-78_loan_v1_v5_simulated_GATv2,_EOPKG_TC-UN-f1-5-penalty3l,78,train_candidate_target_set_entropy_mean,0,1780892895924,0.0
learn,EOPKG,EOPKGTopologyConditioned,5fcc89889b1d45c489329f5e3df9a5a2,854778689611649472,_EOPKG_TC-UN-f1-5-penalty3l-78_loan_v1_v5_simulated_GATv2,_EOPKG_TC-UN-f1-5-penalty3l,78,train_candidate_target_set_entropy_mean,0,1780893158070,0.0
learn,EOPKG,EOPKGTopologyConditioned,5fcc89889b1d45c489329f5e3df9a5a2,854778689611649472,_EOPKG_TC-UN-f1-5-penalty3l-78_loan_v1_v5_simulated_GATv2,_EOPKG_TC-UN-f1-5-penalty3l,78,train_candidate_target_set_entropy_mean,0,1780893158070,0.0
learn,EOPKG,EOPKGTopologyConditioned,5fcc89889b1d45c489329f5e3df9a5a2,854778689611649472,_EOPKG_TC-UN-f1-5-penalty3l-78_loan_v1_v5_simulated_GATv2,_EOPKG_TC-UN-f1-5-penalty3l,78,train_candidate_target_set_entropy_mean,0,1780893421646,0.0
learn,EOPKG,EOPKGTopologyConditioned,5fcc89889b1d45c489329f5e3df9a5a2,854778689611649472,_EOPKG_TC-UN-f1-5-penalty3l-78_loan_v1_v5_simulated_GATv2,_EOPKG_TC-UN-f1-5-penalty3l,78,train_candidate_target_set_entropy_mean,0,1780893421646,0.0
learn,EOPKG,EOPKGTopologyConditioned,5fcc89889b1d45c489329f5e3df9a5a2,854778689611649472,_EOPKG_TC-UN-f1-5-penalty3l-78_loan_v1_v5_simulated_GATv2,_EOPKG_TC-UN-f1-5-penalty3l,78,train_candidate_target_set_entropy_mean,0,1780893690182,0.0
learn,EOPKG,EOPKGTopologyConditioned,5fcc89889b1d45c489329f5e3df9a5a2,854778689611649472,_EOPKG_TC-UN-f1-5-penalty3l-78_loan_v1_v5_simulated_GATv2,_EOPKG_TC-UN-f1-5-penalty3l,78,train_candidate_target_set_entropy_mean,0,1780893690182,0.0
learn,EOPKG,EOPKGTopologyConditioned,5fcc89889b1d45c489329f5e3df9a5a2,854778689611649472,_EOPKG_TC-UN-f1-5-penalty3l-78_loan_v1_v5_simulated_GATv2,_EOPKG_TC-UN-f1-5-penalty3l,78,train_candidate_target_set_entropy_mean,0,1780893966303,0.0
learn,EOPKG,EOPKGTopologyConditioned,5fcc89889b1d45c489329f5e3df9a5a2,854778689611649472,_EOPKG_TC-UN-f1-5-penalty3l-78_loan_v1_v5_simulated_GATv2,_EOPKG_TC-UN-f1-5-penalty3l,78,train_candidate_target_set_entropy_mean,0,1780893966303,0.0
learn,EOPKG,EOPKGTopologyConditioned,5fcc89889b1d45c489329f5e3df9a5a2,854778689611649472,_EOPKG_TC-UN-f1-5-penalty3l-78_loan_v1_v5_simulated_GATv2,_EOPKG_TC-UN-f1-5-penalty3l,78,train_candidate_target_set_entropy_mean,0,1780894246875,0.0
learn,EOPKG,EOPKGTopologyConditioned,5fcc89889b1d45c489329f5e3df9a5a2,854778689611649472,_EOPKG_TC-UN-f1-5-penalty3l-78_loan_v1_v5_simulated_GATv2,_EOPKG_TC-UN-f1-5-penalty3l,78,train_candidate_target_set_entropy_mean,0,1780894246875,0.0
learn,EOPKG,EOPKGTopologyConditioned,5fcc89889b1d45c489329f5e3df9a5a2,854778689611649472,_EOPKG_TC-UN-f1-5-penalty3l-78_loan_v1_v5_simulated_GATv2,_EOPKG_TC-UN-f1-5-penalty3l,78,train_candidate_target_set_entropy_mean,0,1780894524759,0.0
learn,EOPKG,EOPKGTopologyConditioned,5fcc89889b1d45c489329f5e3df9a5a2,854778689611649472,_EOPKG_TC-UN-f1-5-penalty3l-78_loan_v1_v5_simulated_GATv2,_EOPKG_TC-UN-f1-5-penalty3l,78,train_candidate_target_set_entropy_mean,0,1780894524759,0.0
learn,EOPKG,EOPKGTopologyConditioned,5fcc89889b1d45c489329f5e3df9a5a2,854778689611649472,_EOPKG_TC-UN-f1-5-penalty3l-78_loan_v1_v5_simulated_GATv2,_EOPKG_TC-UN-f1-5-penalty3l,78,train_candidate_target_set_entropy_mean,0,1780894818356,0.0
learn,EOPKG,EOPKGTopologyConditioned,5fcc89889b1d45c489329f5e3df9a5a2,854778689611649472,_EOPKG_TC-UN-f1-5-penalty3l-78_loan_v1_v5_simulated_GATv2,_EOPKG_TC-UN-f1-5-penalty3l,78,train_candidate_target_set_entropy_mean,0,1780894818356,0.0
learn,EOPKG,EOPKGTopologyConditioned,5fcc89889b1d45c489329f5e3df9a5a2,854778689611649472,_EOPKG_TC-UN-f1-5-penalty3l-78_loan_v1_v5_simulated_GATv2,_EOPKG_TC-UN-f1-5-penalty3l,78,train_candidate_target_set_entropy_mean,0,1780895167296,0.0
learn,EOPKG,EOPKGTopologyConditioned,5fcc89889b1d45c489329f5e3df9a5a2,854778689611649472,_EOPKG_TC-UN-f1-5-penalty3l-78_loan_v1_v5_simulated_GATv2,_EOPKG_TC-UN-f1-5-penalty3l,78,train_candidate_target_set_entropy_mean,0,1780895167296,0.0
learn,EOPKG,EOPKGTopologyConditioned,5fcc89889b1d45c489329f5e3df9a5a2,854778689611649472,_EOPKG_TC-UN-f1-5-penalty3l-78_loan_v1_v5_simulated_GATv2,_EOPKG_TC-UN-f1-5-penalty3l,78,train_candidate_target_set_entropy_mean,0,1780895498906,0.0
learn,EOPKG,EOPKGTopologyConditioned,5fcc89889b1d45c489329f5e3df9a5a2,854778689611649472,_EOPKG_TC-UN-f1-5-penalty3l-78_loan_v1_v5_simulated_GATv2,_EOPKG_TC-UN-f1-5-penalty3l,78,train_candidate_target_set_entropy_mean,0,1780895498906,0.0
learn,EOPKG,EOPKGTopologyConditioned,5fcc89889b1d45c489329f5e3df9a5a2,854778689611649472,_EOPKG_TC-UN-f1-5-penalty3l-78_loan_v1_v5_simulated_GATv2,_EOPKG_TC-UN-f1-5-penalty3l,78,train_candidate_target_set_entropy_mean,0,1780895781789,0.0
learn,EOPKG,EOPKGTopologyConditioned,5fcc89889b1d45c489329f5e3df9a5a2,854778689611649472,_EOPKG_TC-UN-f1-5-penalty3l-78_loan_v1_v5_simulated_GATv2,_EOPKG_TC-UN-f1-5-penalty3l,78,train_candidate_target_set_entropy_mean,0,1780895781789,0.0
learn,EOPKG,EOPKGTopologyConditioned,5fcc89889b1d45c489329f5e3df9a5a2,854778689611649472,_EOPKG_TC-UN-f1-5-penalty3l-78_loan_v1_v5_simulated_GATv2,_EOPKG_TC-UN-f1-5-penalty3l,78,train_candidate_target_set_entropy_mean,0,1780896072493,0.0
learn,EOPKG,EOPKGTopologyConditioned,5fcc89889b1d45c489329f5e3df9a5a2,854778689611649472,_EOPKG_TC-UN-f1-5-penalty3l-78_loan_v1_v5_simulated_GATv2,_EOPKG_TC-UN-f1-5-penalty3l,78,train_candidate_target_set_entropy_mean,0,1780896072493,0.0
learn,EOPKG,EOPKGTopologyConditioned,5fcc89889b1d45c489329f5e3df9a5a2,854778689611649472,_EOPKG_TC-UN-f1-5-penalty3l-78_loan_v1_v5_simulated_GATv2,_EOPKG_TC-UN-f1-5-penalty3l,78,train_candidate_target_set_entropy_mean,0,1780896332489,0.0
learn,EOPKG,EOPKGTopologyConditioned,5fcc89889b1d45c489329f5e3df9a5a2,854778689611649472,_EOPKG_TC-UN-f1-5-penalty3l-78_loan_v1_v5_simulated_GATv2,_EOPKG_TC-UN-f1-5-penalty3l,78,train_candidate_target_set_entropy_mean,0,1780896332489,0.0
learn,EOPKG,EOPKGTopologyConditioned,5fcc89889b1d45c489329f5e3df9a5a2,854778689611649472,_EOPKG_TC-UN-f1-5-penalty3l-78_loan_v1_v5_simulated_GATv2,_EOPKG_TC-UN-f1-5-penalty3l,78,train_candidate_target_set_entropy_mean,0,1780896618939,0.0
learn,EOPKG,EOPKGTopologyConditioned,5fcc89889b1d45c489329f5e3df9a5a2,854778689611649472,_EOPKG_TC-UN-f1-5-penalty3l-78_loan_v1_v5_simulated_GATv2,_EOPKG_TC-UN-f1-5-penalty3l,78,train_candidate_target_set_entropy_mean,0,1780896618939,0.0
learn,EOPKG,EOPKGTopologyConditioned,5fcc89889b1d45c489329f5e3df9a5a2,854778689611649472,_EOPKG_TC-UN-f1-5-penalty3l-78_loan_v1_v5_simulated_GATv2,_EOPKG_TC-UN-f1-5-penalty3l,78,train_candidate_target_set_entropy_mean,0,1780896877969,0.0
learn,EOPKG,EOPKGTopologyConditioned,5fcc89889b1d45c489329f5e3df9a5a2,854778689611649472,_EOPKG_TC-UN-f1-5-penalty3l-78_loan_v1_v5_simulated_GATv2,_EOPKG_TC-UN-f1-5-penalty3l,78,train_candidate_target_set_entropy_mean,0,1780896877969,0.0
learn,EOPKG,EOPKGTopologyConditioned,5fcc89889b1d45c489329f5e3df9a5a2,854778689611649472,_EOPKG_TC-UN-f1-5-penalty3l-78_loan_v1_v5_simulated_GATv2,_EOPKG_TC-UN-f1-5-penalty3l,78,train_candidate_target_set_entropy_mean,0,1780897165293,0.0
learn,EOPKG,EOPKGTopologyConditioned,5fcc89889b1d45c489329f5e3df9a5a2,854778689611649472,_EOPKG_TC-UN-f1-5-penalty3l-78_loan_v1_v5_simulated_GATv2,_EOPKG_TC-UN-f1-5-penalty3l,78,train_candidate_target_set_entropy_mean,0,1780897165293,0.0
learn,EOPKG,EOPKGTopologyConditioned,5fcc89889b1d45c489329f5e3df9a5a2,854778689611649472,_EOPKG_TC-UN-f1-5-penalty3l-78_loan_v1_v5_simulated_GATv2,_EOPKG_TC-UN-f1-5-penalty3l,78,train_candidate_target_set_entropy_mean,0,1780897422148,0.0
learn,EOPKG,EOPKGTopologyConditioned,5fcc89889b1d45c489329f5e3df9a5a2,854778689611649472,_EOPKG_TC-UN-f1-5-penalty3l-78_loan_v1_v5_simulated_GATv2,_EOPKG_TC-UN-f1-5-penalty3l,78,train_candidate_target_set_entropy_mean,0,1780897422148,0.0
learn,EOPKG,EOPKGTopologyConditioned,5fcc89889b1d45c489329f5e3df9a5a2,854778689611649472,_EOPKG_TC-UN-f1-5-penalty3l-78_loan_v1_v5_simulated_GATv2,_EOPKG_TC-UN-f1-5-penalty3l,78,train_candidate_target_set_entropy_mean,0,1780897681637,0.0
learn,EOPKG,EOPKGTopologyConditioned,5fcc89889b1d45c489329f5e3df9a5a2,854778689611649472,_EOPKG_TC-UN-f1-5-penalty3l-78_loan_v1_v5_simulated_GATv2,_EOPKG_TC-UN-f1-5-penalty3l,78,train_candidate_target_set_entropy_mean,0,1780897681637,0.0
learn,EOPKG,EOPKGTopologyConditioned,5fcc89889b1d45c489329f5e3df9a5a2,854778689611649472,_EOPKG_TC-UN-f1-5-penalty3l-78_loan_v1_v5_simulated_GATv2,_EOPKG_TC-UN-f1-5-penalty3l,78,train_candidate_target_set_entropy_mean,0,1780897945850,0.0
learn,EOPKG,EOPKGTopologyConditioned,5fcc89889b1d45c489329f5e3df9a5a2,854778689611649472,_EOPKG_TC-UN-f1-5-penalty3l-78_loan_v1_v5_simulated_GATv2,_EOPKG_TC-UN-f1-5-penalty3l,78,train_candidate_target_set_entropy_mean,0,1780897945850,0.0
learn,EOPKG,EOPKGTopologyConditioned,5fcc89889b1d45c489329f5e3df9a5a2,854778689611649472,_EOPKG_TC-UN-f1-5-penalty3l-78_loan_v1_v5_simulated_GATv2,_EOPKG_TC-UN-f1-5-penalty3l,78,train_candidate_target_set_entropy_mean,0,1780898204504,0.0
learn,EOPKG,EOPKGTopologyConditioned,5fcc89889b1d45c489329f5e3df9a5a2,854778689611649472,_EOPKG_TC-UN-f1-5-penalty3l-78_loan_v1_v5_simulated_GATv2,_EOPKG_TC-UN-f1-5-penalty3l,78,train_candidate_target_set_entropy_mean,0,1780898204504,0.0
learn,EOPKG,EOPKGTopologyConditioned,5fcc89889b1d45c489329f5e3df9a5a2,854778689611649472,_EOPKG_TC-UN-f1-5-penalty3l-78_loan_v1_v5_simulated_GATv2,_EOPKG_TC-UN-f1-5-penalty3l,78,train_candidate_target_set_entropy_mean,0,1780898494178,0.0
learn,EOPKG,EOPKGTopologyConditioned,5fcc89889b1d45c489329f5e3df9a5a2,854778689611649472,_EOPKG_TC-UN-f1-5-penalty3l-78_loan_v1_v5_simulated_GATv2,_EOPKG_TC-UN-f1-5-penalty3l,78,train_candidate_target_set_entropy_mean,0,1780898494178,0.0
learn,EOPKG,EOPKGTopologyConditioned,5fcc89889b1d45c489329f5e3df9a5a2,854778689611649472,_EOPKG_TC-UN-f1-5-penalty3l-78_loan_v1_v5_simulated_GATv2,_EOPKG_TC-UN-f1-5-penalty3l,78,train_candidate_target_set_entropy_mean,0,1780898757526,0.0
learn,EOPKG,EOPKGTopologyConditioned,5fcc89889b1d45c489329f5e3df9a5a2,854778689611649472,_EOPKG_TC-UN-f1-5-penalty3l-78_loan_v1_v5_simulated_GATv2,_EOPKG_TC-UN-f1-5-penalty3l,78,train_candidate_target_set_entropy_mean,0,1780898757526,0.0
learn,EOPKG,EOPKGTopologyConditioned,5fcc89889b1d45c489329f5e3df9a5a2,854778689611649472,_EOPKG_TC-UN-f1-5-penalty3l-78_loan_v1_v5_simulated_GATv2,_EOPKG_TC-UN-f1-5-penalty3l,78,train_candidate_target_set_entropy_mean,0,1780899039985,0.0
learn,EOPKG,EOPKGTopologyConditioned,5fcc89889b1d45c489329f5e3df9a5a2,854778689611649472,_EOPKG_TC-UN-f1-5-penalty3l-78_loan_v1_v5_simulated_GATv2,_EOPKG_TC-UN-f1-5-penalty3l,78,train_candidate_target_set_entropy_mean,0,1780899039985,0.0
learn,EOPKG,EOPKGTopologyConditioned,5fcc89889b1d45c489329f5e3df9a5a2,854778689611649472,_EOPKG_TC-UN-f1-5-penalty3l-78_loan_v1_v5_simulated_GATv2,_EOPKG_TC-UN-f1-5-penalty3l,78,train_candidate_target_set_entropy_mean,0,1780899317342,0.0
learn,EOPKG,EOPKGTopologyConditioned,5fcc89889b1d45c489329f5e3df9a5a2,854778689611649472,_EOPKG_TC-UN-f1-5-penalty3l-78_loan_v1_v5_simulated_GATv2,_EOPKG_TC-UN-f1-5-penalty3l,78,train_candidate_target_set_entropy_mean,0,1780899317342,0.0
learn,EOPKG,EOPKGTopologyConditioned,5fcc89889b1d45c489329f5e3df9a5a2,854778689611649472,_EOPKG_TC-UN-f1-5-penalty3l-78_loan_v1_v5_simulated_GATv2,_EOPKG_TC-UN-f1-5-penalty3l,78,train_candidate_target_set_entropy_mean,0,1780899609665,0.0
learn,EOPKG,EOPKGTopologyConditioned,5fcc89889b1d45c489329f5e3df9a5a2,854778689611649472,_EOPKG_TC-UN-f1-5-penalty3l-78_loan_v1_v5_simulated_GATv2,_EOPKG_TC-UN-f1-5-penalty3l,78,train_candidate_target_set_entropy_mean,0,1780899609665,0.0
learn,EOPKG,EOPKGTopologyConditioned,5fcc89889b1d45c489329f5e3df9a5a2,854778689611649472,_EOPKG_TC-UN-f1-5-penalty3l-78_loan_v1_v5_simulated_GATv2,_EOPKG_TC-UN-f1-5-penalty3l,78,train_candidate_target_set_entropy_mean,0,1780899884492,0.0
learn,EOPKG,EOPKGTopologyConditioned,5fcc89889b1d45c489329f5e3df9a5a2,854778689611649472,_EOPKG_TC-UN-f1-5-penalty3l-78_loan_v1_v5_simulated_GATv2,_EOPKG_TC-UN-f1-5-penalty3l,78,train_candidate_target_set_entropy_mean,0,1780899884492,0.0
learn,EOPKG,EOPKGTopologyConditioned,5fcc89889b1d45c489329f5e3df9a5a2,854778689611649472,_EOPKG_TC-UN-f1-5-penalty3l-78_loan_v1_v5_simulated_GATv2,_EOPKG_TC-UN-f1-5-penalty3l,78,train_candidate_target_set_entropy_mean,0,1780900143160,0.0
learn,EOPKG,EOPKGTopologyConditioned,5fcc89889b1d45c489329f5e3df9a5a2,854778689611649472,_EOPKG_TC-UN-f1-5-penalty3l-78_loan_v1_v5_simulated_GATv2,_EOPKG_TC-UN-f1-5-penalty3l,78,train_candidate_target_set_entropy_mean,0,1780900143160,0.0
learn,EOPKG,EOPKGTopologyConditioned,5fcc89889b1d45c489329f5e3df9a5a2,854778689611649472,_EOPKG_TC-UN-f1-5-penalty3l-78_loan_v1_v5_simulated_GATv2,_EOPKG_TC-UN-f1-5-penalty3l,78,train_candidate_target_set_entropy_mean,0,1780900410752,0.0
learn,EOPKG,EOPKGTopologyConditioned,5fcc89889b1d45c489329f5e3df9a5a2,854778689611649472,_EOPKG_TC-UN-f1-5-penalty3l-78_loan_v1_v5_simulated_GATv2,_EOPKG_TC-UN-f1-5-penalty3l,78,train_candidate_target_set_entropy_mean,0,1780900410752,0.0
learn,EOPKG,EOPKGTopologyConditioned,5fcc89889b1d45c489329f5e3df9a5a2,854778689611649472,_EOPKG_TC-UN-f1-5-penalty3l-78_loan_v1_v5_simulated_GATv2,_EOPKG_TC-UN-f1-5-penalty3l,78,train_candidate_target_set_entropy_mean,0,1780900678705,0.0
learn,EOPKG,EOPKGTopologyConditioned,5fcc89889b1d45c489329f5e3df9a5a2,854778689611649472,_EOPKG_TC-UN-f1-5-penalty3l-78_loan_v1_v5_simulated_GATv2,_EOPKG_TC-UN-f1-5-penalty3l,78,train_candidate_target_set_entropy_mean,0,1780900678705,0.0
learn,EOPKG,EOPKGTopologyConditioned,5fcc89889b1d45c489329f5e3df9a5a2,854778689611649472,_EOPKG_TC-UN-f1-5-penalty3l-78_loan_v1_v5_simulated_GATv2,_EOPKG_TC-UN-f1-5-penalty3l,78,train_candidate_target_set_entropy_mean,0,1780900938198,0.0
learn,EOPKG,EOPKGTopologyConditioned,5fcc89889b1d45c489329f5e3df9a5a2,854778689611649472,_EOPKG_TC-UN-f1-5-penalty3l-78_loan_v1_v5_simulated_GATv2,_EOPKG_TC-UN-f1-5-penalty3l,78,train_candidate_target_set_entropy_mean,0,1780900938198,0.0
learn,EOPKG,EOPKGTopologyConditioned,5fcc89889b1d45c489329f5e3df9a5a2,854778689611649472,_EOPKG_TC-UN-f1-5-penalty3l-78_loan_v1_v5_simulated_GATv2,_EOPKG_TC-UN-f1-5-penalty3l,78,train_candidate_target_set_entropy_mean,0,1780901193247,0.0
learn,EOPKG,EOPKGTopologyConditioned,5fcc89889b1d45c489329f5e3df9a5a2,854778689611649472,_EOPKG_TC-UN-f1-5-penalty3l-78_loan_v1_v5_simulated_GATv2,_EOPKG_TC-UN-f1-5-penalty3l,78,train_candidate_target_set_entropy_mean,0,1780901193247,0.0
learn,EOPKG,EOPKGTopologyConditioned,5fcc89889b1d45c489329f5e3df9a5a2,854778689611649472,_EOPKG_TC-UN-f1-5-penalty3l-78_loan_v1_v5_simulated_GATv2,_EOPKG_TC-UN-f1-5-penalty3l,78,train_candidate_target_set_entropy_mean,0,1780901453137,0.0
learn,EOPKG,EOPKGTopologyConditioned,5fcc89889b1d45c489329f5e3df9a5a2,854778689611649472,_EOPKG_TC-UN-f1-5-penalty3l-78_loan_v1_v5_simulated_GATv2,_EOPKG_TC-UN-f1-5-penalty3l,78,train_candidate_target_set_entropy_mean,0,1780901453137,0.0
learn,EOPKG,EOPKGTopologyConditioned,5fcc89889b1d45c489329f5e3df9a5a2,854778689611649472,_EOPKG_TC-UN-f1-5-penalty3l-78_loan_v1_v5_simulated_GATv2,_EOPKG_TC-UN-f1-5-penalty3l,78,train_candidate_target_set_entropy_mean,0,1780901714097,0.0
learn,EOPKG,EOPKGTopologyConditioned,5fcc89889b1d45c489329f5e3df9a5a2,854778689611649472,_EOPKG_TC-UN-f1-5-penalty3l-78_loan_v1_v5_simulated_GATv2,_EOPKG_TC-UN-f1-5-penalty3l,78,train_candidate_target_set_entropy_mean,0,1780901714097,0.0
learn,EOPKG,EOPKGTopologyConditioned,5fcc89889b1d45c489329f5e3df9a5a2,854778689611649472,_EOPKG_TC-UN-f1-5-penalty3l-78_loan_v1_v5_simulated_GATv2,_EOPKG_TC-UN-f1-5-penalty3l,78,train_candidate_target_set_entropy_mean,0,1780901974650,0.0
learn,EOPKG,EOPKGTopologyConditioned,5fcc89889b1d45c489329f5e3df9a5a2,854778689611649472,_EOPKG_TC-UN-f1-5-penalty3l-78_loan_v1_v5_simulated_GATv2,_EOPKG_TC-UN-f1-5-penalty3l,78,train_candidate_target_set_entropy_mean,0,1780901974650,0.0
learn,EOPKG,EOPKGTopologyConditioned,a9ec65c003b14176b0d853a15471bbbb,854778689611649472,_EOPKG_TC-UN-f1-5-penalty3l-13_loan_v1_v5_simulated_GATv2,_EOPKG_TC-UN-f1-5-penalty3l,13,train_candidate_target_set_entropy_mean,0,1780837198381,0.0
learn,EOPKG,EOPKGTopologyConditioned,a9ec65c003b14176b0d853a15471bbbb,854778689611649472,_EOPKG_TC-UN-f1-5-penalty3l-13_loan_v1_v5_simulated_GATv2,_EOPKG_TC-UN-f1-5-penalty3l,13,train_candidate_target_set_entropy_mean,0,1780837198381,0.0
learn,EOPKG,EOPKGTopologyConditioned,a9ec65c003b14176b0d853a15471bbbb,854778689611649472,_EOPKG_TC-UN-f1-5-penalty3l-13_loan_v1_v5_simulated_GATv2,_EOPKG_TC-UN-f1-5-penalty3l,13,train_candidate_target_set_entropy_mean,0,1780837465062,0.0
learn,EOPKG,EOPKGTopologyConditioned,a9ec65c003b14176b0d853a15471bbbb,854778689611649472,_EOPKG_TC-UN-f1-5-penalty3l-13_loan_v1_v5_simulated_GATv2,_EOPKG_TC-UN-f1-5-penalty3l,13,train_candidate_target_set_entropy_mean,0,1780837465062,0.0
learn,EOPKG,EOPKGTopologyConditioned,a9ec65c003b14176b0d853a15471bbbb,854778689611649472,_EOPKG_TC-UN-f1-5-penalty3l-13_loan_v1_v5_simulated_GATv2,_EOPKG_TC-UN-f1-5-penalty3l,13,train_candidate_target_set_entropy_mean,0,1780837714364,0.0
learn,EOPKG,EOPKGTopologyConditioned,a9ec65c003b14176b0d853a15471bbbb,854778689611649472,_EOPKG_TC-UN-f1-5-penalty3l-13_loan_v1_v5_simulated_GATv2,_EOPKG_TC-UN-f1-5-penalty3l,13,train_candidate_target_set_entropy_mean,0,1780837714364,0.0
learn,EOPKG,EOPKGTopologyConditioned,a9ec65c003b14176b0d853a15471bbbb,854778689611649472,_EOPKG_TC-UN-f1-5-penalty3l-13_loan_v1_v5_simulated_GATv2,_EOPKG_TC-UN-f1-5-penalty3l,13,train_candidate_target_set_entropy_mean,0,1780837962355,0.0
learn,EOPKG,EOPKGTopologyConditioned,a9ec65c003b14176b0d853a15471bbbb,854778689611649472,_EOPKG_TC-UN-f1-5-penalty3l-13_loan_v1_v5_simulated_GATv2,_EOPKG_TC-UN-f1-5-penalty3l,13,train_candidate_target_set_entropy_mean,0,1780837962355,0.0
learn,EOPKG,EOPKGTopologyConditioned,a9ec65c003b14176b0d853a15471bbbb,854778689611649472,_EOPKG_TC-UN-f1-5-penalty3l-13_loan_v1_v5_simulated_GATv2,_EOPKG_TC-UN-f1-5-penalty3l,13,train_candidate_target_set_entropy_mean,0,1780838213179,0.0
learn,EOPKG,EOPKGTopologyConditioned,a9ec65c003b14176b0d853a15471bbbb,854778689611649472,_EOPKG_TC-UN-f1-5-penalty3l-13_loan_v1_v5_simulated_GATv2,_EOPKG_TC-UN-f1-5-penalty3l,13,train_candidate_target_set_entropy_mean,0,1780838213179,0.0
learn,EOPKG,EOPKGTopologyConditioned,a9ec65c003b14176b0d853a15471bbbb,854778689611649472,_EOPKG_TC-UN-f1-5-penalty3l-13_loan_v1_v5_simulated_GATv2,_EOPKG_TC-UN-f1-5-penalty3l,13,train_candidate_target_set_entropy_mean,0,1780838460435,0.0
learn,EOPKG,EOPKGTopologyConditioned,a9ec65c003b14176b0d853a15471bbbb,854778689611649472,_EOPKG_TC-UN-f1-5-penalty3l-13_loan_v1_v5_simulated_GATv2,_EOPKG_TC-UN-f1-5-penalty3l,13,train_candidate_target_set_entropy_mean,0,1780838460435,0.0
learn,EOPKG,EOPKGTopologyConditioned,a9ec65c003b14176b0d853a15471bbbb,854778689611649472,_EOPKG_TC-UN-f1-5-penalty3l-13_loan_v1_v5_simulated_GATv2,_EOPKG_TC-UN-f1-5-penalty3l,13,train_candidate_target_set_entropy_mean,0,1780838706489,0.0
learn,EOPKG,EOPKGTopologyConditioned,a9ec65c003b14176b0d853a15471bbbb,854778689611649472,_EOPKG_TC-UN-f1-5-penalty3l-13_loan_v1_v5_simulated_GATv2,_EOPKG_TC-UN-f1-5-penalty3l,13,train_candidate_target_set_entropy_mean,0,1780838706489,0.0
learn,EOPKG,EOPKGTopologyConditioned,a9ec65c003b14176b0d853a15471bbbb,854778689611649472,_EOPKG_TC-UN-f1-5-penalty3l-13_loan_v1_v5_simulated_GATv2,_EOPKG_TC-UN-f1-5-penalty3l,13,train_candidate_target_set_entropy_mean,0,1780838951699,0.0
learn,EOPKG,EOPKGTopologyConditioned,a9ec65c003b14176b0d853a15471bbbb,854778689611649472,_EOPKG_TC-UN-f1-5-penalty3l-13_loan_v1_v5_simulated_GATv2,_EOPKG_TC-UN-f1-5-penalty3l,13,train_candidate_target_set_entropy_mean,0,1780838951699,0.0
learn,EOPKG,EOPKGTopologyConditioned,a9ec65c003b14176b0d853a15471bbbb,854778689611649472,_EOPKG_TC-UN-f1-5-penalty3l-13_loan_v1_v5_simulated_GATv2,_EOPKG_TC-UN-f1-5-penalty3l,13,train_candidate_target_set_entropy_mean,0,1780839203187,0.0
learn,EOPKG,EOPKGTopologyConditioned,a9ec65c003b14176b0d853a15471bbbb,854778689611649472,_EOPKG_TC-UN-f1-5-penalty3l-13_loan_v1_v5_simulated_GATv2,_EOPKG_TC-UN-f1-5-penalty3l,13,train_candidate_target_set_entropy_mean,0,1780839203187,0.0
learn,EOPKG,EOPKGTopologyConditioned,a9ec65c003b14176b0d853a15471bbbb,854778689611649472,_EOPKG_TC-UN-f1-5-penalty3l-13_loan_v1_v5_simulated_GATv2,_EOPKG_TC-UN-f1-5-penalty3l,13,train_candidate_target_set_entropy_mean,0,1780839453501,0.0
learn,EOPKG,EOPKGTopologyConditioned,a9ec65c003b14176b0d853a15471bbbb,854778689611649472,_EOPKG_TC-UN-f1-5-penalty3l-13_loan_v1_v5_simulated_GATv2,_EOPKG_TC-UN-f1-5-penalty3l,13,train_candidate_target_set_entropy_mean,0,1780839453501,0.0
learn,EOPKG,EOPKGTopologyConditioned,a9ec65c003b14176b0d853a15471bbbb,854778689611649472,_EOPKG_TC-UN-f1-5-penalty3l-13_loan_v1_v5_simulated_GATv2,_EOPKG_TC-UN-f1-5-penalty3l,13,train_candidate_target_set_entropy_mean,0,1780839700133,0.0
learn,EOPKG,EOPKGTopologyConditioned,a9ec65c003b14176b0d853a15471bbbb,854778689611649472,_EOPKG_TC-UN-f1-5-penalty3l-13_loan_v1_v5_simulated_GATv2,_EOPKG_TC-UN-f1-5-penalty3l,13,train_candidate_target_set_entropy_mean,0,1780839700133,0.0
learn,EOPKG,EOPKGTopologyConditioned,a9ec65c003b14176b0d853a15471bbbb,854778689611649472,_EOPKG_TC-UN-f1-5-penalty3l-13_loan_v1_v5_simulated_GATv2,_EOPKG_TC-UN-f1-5-penalty3l,13,train_candidate_target_set_entropy_mean,0,1780839950530,0.0
learn,EOPKG,EOPKGTopologyConditioned,a9ec65c003b14176b0d853a15471bbbb,854778689611649472,_EOPKG_TC-UN-f1-5-penalty3l-13_loan_v1_v5_simulated_GATv2,_EOPKG_TC-UN-f1-5-penalty3l,13,train_candidate_target_set_entropy_mean,0,1780839950530,0.0
learn,EOPKG,EOPKGTopologyConditioned,a9ec65c003b14176b0d853a15471bbbb,854778689611649472,_EOPKG_TC-UN-f1-5-penalty3l-13_loan_v1_v5_simulated_GATv2,_EOPKG_TC-UN-f1-5-penalty3l,13,train_candidate_target_set_entropy_mean,0,1780840202435,0.0
learn,EOPKG,EOPKGTopologyConditioned,a9ec65c003b14176b0d853a15471bbbb,854778689611649472,_EOPKG_TC-UN-f1-5-penalty3l-13_loan_v1_v5_simulated_GATv2,_EOPKG_TC-UN-f1-5-penalty3l,13,train_candidate_target_set_entropy_mean,0,1780840202435,0.0
learn,EOPKG,EOPKGTopologyConditioned,a9ec65c003b14176b0d853a15471bbbb,854778689611649472,_EOPKG_TC-UN-f1-5-penalty3l-13_loan_v1_v5_simulated_GATv2,_EOPKG_TC-UN-f1-5-penalty3l,13,train_candidate_target_set_entropy_mean,0,1780840450626,0.0
learn,EOPKG,EOPKGTopologyConditioned,a9ec65c003b14176b0d853a15471bbbb,854778689611649472,_EOPKG_TC-UN-f1-5-penalty3l-13_loan_v1_v5_simulated_GATv2,_EOPKG_TC-UN-f1-5-penalty3l,13,train_candidate_target_set_entropy_mean,0,1780840450626,0.0
learn,EOPKG,EOPKGTopologyConditioned,a9ec65c003b14176b0d853a15471bbbb,854778689611649472,_EOPKG_TC-UN-f1-5-penalty3l-13_loan_v1_v5_simulated_GATv2,_EOPKG_TC-UN-f1-5-penalty3l,13,train_candidate_target_set_entropy_mean,0,1780840695759,0.0
learn,EOPKG,EOPKGTopologyConditioned,a9ec65c003b14176b0d853a15471bbbb,854778689611649472,_EOPKG_TC-UN-f1-5-penalty3l-13_loan_v1_v5_simulated_GATv2,_EOPKG_TC-UN-f1-5-penalty3l,13,train_candidate_target_set_entropy_mean,0,1780840695759,0.0
learn,EOPKG,EOPKGTopologyConditioned,a9ec65c003b14176b0d853a15471bbbb,854778689611649472,_EOPKG_TC-UN-f1-5-penalty3l-13_loan_v1_v5_simulated_GATv2,_EOPKG_TC-UN-f1-5-penalty3l,13,train_candidate_target_set_entropy_mean,0,1780840942145,0.0
learn,EOPKG,EOPKGTopologyConditioned,a9ec65c003b14176b0d853a15471bbbb,854778689611649472,_EOPKG_TC-UN-f1-5-penalty3l-13_loan_v1_v5_simulated_GATv2,_EOPKG_TC-UN-f1-5-penalty3l,13,train_candidate_target_set_entropy_mean,0,1780840942145,0.0
learn,EOPKG,EOPKGTopologyConditioned,a9ec65c003b14176b0d853a15471bbbb,854778689611649472,_EOPKG_TC-UN-f1-5-penalty3l-13_loan_v1_v5_simulated_GATv2,_EOPKG_TC-UN-f1-5-penalty3l,13,train_candidate_target_set_entropy_mean,0,1780841188137,0.0
learn,EOPKG,EOPKGTopologyConditioned,a9ec65c003b14176b0d853a15471bbbb,854778689611649472,_EOPKG_TC-UN-f1-5-penalty3l-13_loan_v1_v5_simulated_GATv2,_EOPKG_TC-UN-f1-5-penalty3l,13,train_candidate_target_set_entropy_mean,0,1780841188137,0.0
learn,EOPKG,EOPKGTopologyConditioned,a9ec65c003b14176b0d853a15471bbbb,854778689611649472,_EOPKG_TC-UN-f1-5-penalty3l-13_loan_v1_v5_simulated_GATv2,_EOPKG_TC-UN-f1-5-penalty3l,13,train_candidate_target_set_entropy_mean,0,1780841436878,0.0
learn,EOPKG,EOPKGTopologyConditioned,a9ec65c003b14176b0d853a15471bbbb,854778689611649472,_EOPKG_TC-UN-f1-5-penalty3l-13_loan_v1_v5_simulated_GATv2,_EOPKG_TC-UN-f1-5-penalty3l,13,train_candidate_target_set_entropy_mean,0,1780841436878,0.0
learn,EOPKG,EOPKGTopologyConditioned,a9ec65c003b14176b0d853a15471bbbb,854778689611649472,_EOPKG_TC-UN-f1-5-penalty3l-13_loan_v1_v5_simulated_GATv2,_EOPKG_TC-UN-f1-5-penalty3l,13,train_candidate_target_set_entropy_mean,0,1780841683826,0.0
learn,EOPKG,EOPKGTopologyConditioned,a9ec65c003b14176b0d853a15471bbbb,854778689611649472,_EOPKG_TC-UN-f1-5-penalty3l-13_loan_v1_v5_simulated_GATv2,_EOPKG_TC-UN-f1-5-penalty3l,13,train_candidate_target_set_entropy_mean,0,1780841683826,0.0
learn,EOPKG,EOPKGTopologyConditioned,a9ec65c003b14176b0d853a15471bbbb,854778689611649472,_EOPKG_TC-UN-f1-5-penalty3l-13_loan_v1_v5_simulated_GATv2,_EOPKG_TC-UN-f1-5-penalty3l,13,train_candidate_target_set_entropy_mean,0,1780841929357,0.0
learn,EOPKG,EOPKGTopologyConditioned,a9ec65c003b14176b0d853a15471bbbb,854778689611649472,_EOPKG_TC-UN-f1-5-penalty3l-13_loan_v1_v5_simulated_GATv2,_EOPKG_TC-UN-f1-5-penalty3l,13,train_candidate_target_set_entropy_mean,0,1780841929357,0.0
learn,EOPKG,EOPKGTopologyConditioned,a9ec65c003b14176b0d853a15471bbbb,854778689611649472,_EOPKG_TC-UN-f1-5-penalty3l-13_loan_v1_v5_simulated_GATv2,_EOPKG_TC-UN-f1-5-penalty3l,13,train_candidate_target_set_entropy_mean,0,1780842175406,0.0
learn,EOPKG,EOPKGTopologyConditioned,a9ec65c003b14176b0d853a15471bbbb,854778689611649472,_EOPKG_TC-UN-f1-5-penalty3l-13_loan_v1_v5_simulated_GATv2,_EOPKG_TC-UN-f1-5-penalty3l,13,train_candidate_target_set_entropy_mean,0,1780842175406,0.0
learn,EOPKG,EOPKGTopologyConditioned,a9ec65c003b14176b0d853a15471bbbb,854778689611649472,_EOPKG_TC-UN-f1-5-penalty3l-13_loan_v1_v5_simulated_GATv2,_EOPKG_TC-UN-f1-5-penalty3l,13,train_candidate_target_set_entropy_mean,0,1780842420592,0.0
learn,EOPKG,EOPKGTopologyConditioned,a9ec65c003b14176b0d853a15471bbbb,854778689611649472,_EOPKG_TC-UN-f1-5-penalty3l-13_loan_v1_v5_simulated_GATv2,_EOPKG_TC-UN-f1-5-penalty3l,13,train_candidate_target_set_entropy_mean,0,1780842420592,0.0
learn,EOPKG,EOPKGTopologyConditioned,a9ec65c003b14176b0d853a15471bbbb,854778689611649472,_EOPKG_TC-UN-f1-5-penalty3l-13_loan_v1_v5_simulated_GATv2,_EOPKG_TC-UN-f1-5-penalty3l,13,train_candidate_target_set_entropy_mean,0,1780842668773,0.0
learn,EOPKG,EOPKGTopologyConditioned,a9ec65c003b14176b0d853a15471bbbb,854778689611649472,_EOPKG_TC-UN-f1-5-penalty3l-13_loan_v1_v5_simulated_GATv2,_EOPKG_TC-UN-f1-5-penalty3l,13,train_candidate_target_set_entropy_mean,0,1780842668773,0.0
learn,EOPKG,EOPKGTopologyConditioned,a9ec65c003b14176b0d853a15471bbbb,854778689611649472,_EOPKG_TC-UN-f1-5-penalty3l-13_loan_v1_v5_simulated_GATv2,_EOPKG_TC-UN-f1-5-penalty3l,13,train_candidate_target_set_entropy_mean,0,1780842915695,0.0
learn,EOPKG,EOPKGTopologyConditioned,a9ec65c003b14176b0d853a15471bbbb,854778689611649472,_EOPKG_TC-UN-f1-5-penalty3l-13_loan_v1_v5_simulated_GATv2,_EOPKG_TC-UN-f1-5-penalty3l,13,train_candidate_target_set_entropy_mean,0,1780842915695,0.0
learn,EOPKG,EOPKGTopologyConditioned,a9ec65c003b14176b0d853a15471bbbb,854778689611649472,_EOPKG_TC-UN-f1-5-penalty3l-13_loan_v1_v5_simulated_GATv2,_EOPKG_TC-UN-f1-5-penalty3l,13,train_candidate_target_set_entropy_mean,0,1780843165213,0.0
learn,EOPKG,EOPKGTopologyConditioned,a9ec65c003b14176b0d853a15471bbbb,854778689611649472,_EOPKG_TC-UN-f1-5-penalty3l-13_loan_v1_v5_simulated_GATv2,_EOPKG_TC-UN-f1-5-penalty3l,13,train_candidate_target_set_entropy_mean,0,1780843165213,0.0
learn,EOPKG,EOPKGTopologyConditioned,a9ec65c003b14176b0d853a15471bbbb,854778689611649472,_EOPKG_TC-UN-f1-5-penalty3l-13_loan_v1_v5_simulated_GATv2,_EOPKG_TC-UN-f1-5-penalty3l,13,train_candidate_target_set_entropy_mean,0,1780843414433,0.0
learn,EOPKG,EOPKGTopologyConditioned,a9ec65c003b14176b0d853a15471bbbb,854778689611649472,_EOPKG_TC-UN-f1-5-penalty3l-13_loan_v1_v5_simulated_GATv2,_EOPKG_TC-UN-f1-5-penalty3l,13,train_candidate_target_set_entropy_mean,0,1780843414433,0.0
learn,EOPKG,EOPKGTopologyConditioned,a9ec65c003b14176b0d853a15471bbbb,854778689611649472,_EOPKG_TC-UN-f1-5-penalty3l-13_loan_v1_v5_simulated_GATv2,_EOPKG_TC-UN-f1-5-penalty3l,13,train_candidate_target_set_entropy_mean,0,1780843662984,0.0
learn,EOPKG,EOPKGTopologyConditioned,a9ec65c003b14176b0d853a15471bbbb,854778689611649472,_EOPKG_TC-UN-f1-5-penalty3l-13_loan_v1_v5_simulated_GATv2,_EOPKG_TC-UN-f1-5-penalty3l,13,train_candidate_target_set_entropy_mean,0,1780843662984,0.0
learn,EOPKG,EOPKGTopologyConditioned,a9ec65c003b14176b0d853a15471bbbb,854778689611649472,_EOPKG_TC-UN-f1-5-penalty3l-13_loan_v1_v5_simulated_GATv2,_EOPKG_TC-UN-f1-5-penalty3l,13,train_candidate_target_set_entropy_mean,0,1780843909325,0.0
learn,EOPKG,EOPKGTopologyConditioned,a9ec65c003b14176b0d853a15471bbbb,854778689611649472,_EOPKG_TC-UN-f1-5-penalty3l-13_loan_v1_v5_simulated_GATv2,_EOPKG_TC-UN-f1-5-penalty3l,13,train_candidate_target_set_entropy_mean,0,1780843909325,0.0
learn,EOPKG,EOPKGTopologyConditioned,a9ec65c003b14176b0d853a15471bbbb,854778689611649472,_EOPKG_TC-UN-f1-5-penalty3l-13_loan_v1_v5_simulated_GATv2,_EOPKG_TC-UN-f1-5-penalty3l,13,train_candidate_target_set_entropy_mean,0,1780844155771,0.0
learn,EOPKG,EOPKGTopologyConditioned,a9ec65c003b14176b0d853a15471bbbb,854778689611649472,_EOPKG_TC-UN-f1-5-penalty3l-13_loan_v1_v5_simulated_GATv2,_EOPKG_TC-UN-f1-5-penalty3l,13,train_candidate_target_set_entropy_mean,0,1780844155771,0.0
learn,EOPKG,EOPKGTopologyConditioned,a9ec65c003b14176b0d853a15471bbbb,854778689611649472,_EOPKG_TC-UN-f1-5-penalty3l-13_loan_v1_v5_simulated_GATv2,_EOPKG_TC-UN-f1-5-penalty3l,13,train_candidate_target_set_entropy_mean,0,1780844401205,0.0
learn,EOPKG,EOPKGTopologyConditioned,a9ec65c003b14176b0d853a15471bbbb,854778689611649472,_EOPKG_TC-UN-f1-5-penalty3l-13_loan_v1_v5_simulated_GATv2,_EOPKG_TC-UN-f1-5-penalty3l,13,train_candidate_target_set_entropy_mean,0,1780844401205,0.0
learn,EOPKG,EOPKGTopologyConditioned,a9ec65c003b14176b0d853a15471bbbb,854778689611649472,_EOPKG_TC-UN-f1-5-penalty3l-13_loan_v1_v5_simulated_GATv2,_EOPKG_TC-UN-f1-5-penalty3l,13,train_candidate_target_set_entropy_mean,0,1780844649017,0.0
learn,EOPKG,EOPKGTopologyConditioned,a9ec65c003b14176b0d853a15471bbbb,854778689611649472,_EOPKG_TC-UN-f1-5-penalty3l-13_loan_v1_v5_simulated_GATv2,_EOPKG_TC-UN-f1-5-penalty3l,13,train_candidate_target_set_entropy_mean,0,1780844649017,0.0
learn,EOPKG,EOPKGTopologyConditioned,a9ec65c003b14176b0d853a15471bbbb,854778689611649472,_EOPKG_TC-UN-f1-5-penalty3l-13_loan_v1_v5_simulated_GATv2,_EOPKG_TC-UN-f1-5-penalty3l,13,train_candidate_target_set_entropy_mean,0,1780844897805,0.0
learn,EOPKG,EOPKGTopologyConditioned,a9ec65c003b14176b0d853a15471bbbb,854778689611649472,_EOPKG_TC-UN-f1-5-penalty3l-13_loan_v1_v5_simulated_GATv2,_EOPKG_TC-UN-f1-5-penalty3l,13,train_candidate_target_set_entropy_mean,0,1780844897805,0.0
learn,EOPKG,EOPKGTopologyConditioned,a9ec65c003b14176b0d853a15471bbbb,854778689611649472,_EOPKG_TC-UN-f1-5-penalty3l-13_loan_v1_v5_simulated_GATv2,_EOPKG_TC-UN-f1-5-penalty3l,13,train_candidate_target_set_entropy_mean,0,1780845149337,0.0
learn,EOPKG,EOPKGTopologyConditioned,a9ec65c003b14176b0d853a15471bbbb,854778689611649472,_EOPKG_TC-UN-f1-5-penalty3l-13_loan_v1_v5_simulated_GATv2,_EOPKG_TC-UN-f1-5-penalty3l,13,train_candidate_target_set_entropy_mean,0,1780845149337,0.0
learn,EOPKG,EOPKGTopologyConditioned,a9ec65c003b14176b0d853a15471bbbb,854778689611649472,_EOPKG_TC-UN-f1-5-penalty3l-13_loan_v1_v5_simulated_GATv2,_EOPKG_TC-UN-f1-5-penalty3l,13,train_candidate_target_set_entropy_mean,0,1780845393631,0.0
learn,EOPKG,EOPKGTopologyConditioned,a9ec65c003b14176b0d853a15471bbbb,854778689611649472,_EOPKG_TC-UN-f1-5-penalty3l-13_loan_v1_v5_simulated_GATv2,_EOPKG_TC-UN-f1-5-penalty3l,13,train_candidate_target_set_entropy_mean,0,1780845393631,0.0
learn,EOPKG,EOPKGTopologyConditioned,a9ec65c003b14176b0d853a15471bbbb,854778689611649472,_EOPKG_TC-UN-f1-5-penalty3l-13_loan_v1_v5_simulated_GATv2,_EOPKG_TC-UN-f1-5-penalty3l,13,train_candidate_target_set_entropy_mean,0,1780845640732,0.0
learn,EOPKG,EOPKGTopologyConditioned,a9ec65c003b14176b0d853a15471bbbb,854778689611649472,_EOPKG_TC-UN-f1-5-penalty3l-13_loan_v1_v5_simulated_GATv2,_EOPKG_TC-UN-f1-5-penalty3l,13,train_candidate_target_set_entropy_mean,0,1780845640732,0.0
learn,EOPKG,EOPKGTopologyConditioned,a9ec65c003b14176b0d853a15471bbbb,854778689611649472,_EOPKG_TC-UN-f1-5-penalty3l-13_loan_v1_v5_simulated_GATv2,_EOPKG_TC-UN-f1-5-penalty3l,13,train_candidate_target_set_entropy_mean,0,1780845886322,0.0
learn,EOPKG,EOPKGTopologyConditioned,a9ec65c003b14176b0d853a15471bbbb,854778689611649472,_EOPKG_TC-UN-f1-5-penalty3l-13_loan_v1_v5_simulated_GATv2,_EOPKG_TC-UN-f1-5-penalty3l,13,train_candidate_target_set_entropy_mean,0,1780845886322,0.0
learn,EOPKG,EOPKGTopologyConditioned,a9ec65c003b14176b0d853a15471bbbb,854778689611649472,_EOPKG_TC-UN-f1-5-penalty3l-13_loan_v1_v5_simulated_GATv2,_EOPKG_TC-UN-f1-5-penalty3l,13,train_candidate_target_set_entropy_mean,0,1780846133142,0.0
learn,EOPKG,EOPKGTopologyConditioned,a9ec65c003b14176b0d853a15471bbbb,854778689611649472,_EOPKG_TC-UN-f1-5-penalty3l-13_loan_v1_v5_simulated_GATv2,_EOPKG_TC-UN-f1-5-penalty3l,13,train_candidate_target_set_entropy_mean,0,1780846133142,0.0
learn,EOPKG,EOPKGTopologyConditioned,a9ec65c003b14176b0d853a15471bbbb,854778689611649472,_EOPKG_TC-UN-f1-5-penalty3l-13_loan_v1_v5_simulated_GATv2,_EOPKG_TC-UN-f1-5-penalty3l,13,train_candidate_target_set_entropy_mean,0,1780846381301,0.0
learn,EOPKG,EOPKGTopologyConditioned,a9ec65c003b14176b0d853a15471bbbb,854778689611649472,_EOPKG_TC-UN-f1-5-penalty3l-13_loan_v1_v5_simulated_GATv2,_EOPKG_TC-UN-f1-5-penalty3l,13,train_candidate_target_set_entropy_mean,0,1780846381301,0.0
learn,EOPKG,EOPKGTopologyConditioned,a9ec65c003b14176b0d853a15471bbbb,854778689611649472,_EOPKG_TC-UN-f1-5-penalty3l-13_loan_v1_v5_simulated_GATv2,_EOPKG_TC-UN-f1-5-penalty3l,13,train_candidate_target_set_entropy_mean,0,1780846626560,0.0
learn,EOPKG,EOPKGTopologyConditioned,a9ec65c003b14176b0d853a15471bbbb,854778689611649472,_EOPKG_TC-UN-f1-5-penalty3l-13_loan_v1_v5_simulated_GATv2,_EOPKG_TC-UN-f1-5-penalty3l,13,train_candidate_target_set_entropy_mean,0,1780846626560,0.0
learn,EOPKG,EOPKGTopologyConditioned,b8f6130db97f4f28b27d4528497aa1f3,854778689611649472,_EOPKG_TC-UN-f1-5-penalty3l-55_loan_v1_v5_simulated_GATv2,_EOPKG_TC-UN-f1-5-penalty3l,55,train_candidate_target_set_entropy_mean,0,1780851153252,0.0
learn,EOPKG,EOPKGTopologyConditioned,b8f6130db97f4f28b27d4528497aa1f3,854778689611649472,_EOPKG_TC-UN-f1-5-penalty3l-55_loan_v1_v5_simulated_GATv2,_EOPKG_TC-UN-f1-5-penalty3l,55,train_candidate_target_set_entropy_mean,0,1780851153252,0.0
learn,EOPKG,EOPKGTopologyConditioned,b8f6130db97f4f28b27d4528497aa1f3,854778689611649472,_EOPKG_TC-UN-f1-5-penalty3l-55_loan_v1_v5_simulated_GATv2,_EOPKG_TC-UN-f1-5-penalty3l,55,train_candidate_target_set_entropy_mean,0,1780851413415,0.0
learn,EOPKG,EOPKGTopologyConditioned,b8f6130db97f4f28b27d4528497aa1f3,854778689611649472,_EOPKG_TC-UN-f1-5-penalty3l-55_loan_v1_v5_simulated_GATv2,_EOPKG_TC-UN-f1-5-penalty3l,55,train_candidate_target_set_entropy_mean,0,1780851413415,0.0
learn,EOPKG,EOPKGTopologyConditioned,b8f6130db97f4f28b27d4528497aa1f3,854778689611649472,_EOPKG_TC-UN-f1-5-penalty3l-55_loan_v1_v5_simulated_GATv2,_EOPKG_TC-UN-f1-5-penalty3l,55,train_candidate_target_set_entropy_mean,0,1780851663612,0.0
learn,EOPKG,EOPKGTopologyConditioned,b8f6130db97f4f28b27d4528497aa1f3,854778689611649472,_EOPKG_TC-UN-f1-5-penalty3l-55_loan_v1_v5_simulated_GATv2,_EOPKG_TC-UN-f1-5-penalty3l,55,train_candidate_target_set_entropy_mean,0,1780851663612,0.0
learn,EOPKG,EOPKGTopologyConditioned,b8f6130db97f4f28b27d4528497aa1f3,854778689611649472,_EOPKG_TC-UN-f1-5-penalty3l-55_loan_v1_v5_simulated_GATv2,_EOPKG_TC-UN-f1-5-penalty3l,55,train_candidate_target_set_entropy_mean,0,1780851910876,0.0
learn,EOPKG,EOPKGTopologyConditioned,b8f6130db97f4f28b27d4528497aa1f3,854778689611649472,_EOPKG_TC-UN-f1-5-penalty3l-55_loan_v1_v5_simulated_GATv2,_EOPKG_TC-UN-f1-5-penalty3l,55,train_candidate_target_set_entropy_mean,0,1780851910876,0.0
learn,EOPKG,EOPKGTopologyConditioned,b8f6130db97f4f28b27d4528497aa1f3,854778689611649472,_EOPKG_TC-UN-f1-5-penalty3l-55_loan_v1_v5_simulated_GATv2,_EOPKG_TC-UN-f1-5-penalty3l,55,train_candidate_target_set_entropy_mean,0,1780852161629,0.0
learn,EOPKG,EOPKGTopologyConditioned,b8f6130db97f4f28b27d4528497aa1f3,854778689611649472,_EOPKG_TC-UN-f1-5-penalty3l-55_loan_v1_v5_simulated_GATv2,_EOPKG_TC-UN-f1-5-penalty3l,55,train_candidate_target_set_entropy_mean,0,1780852161629,0.0
learn,EOPKG,EOPKGTopologyConditioned,b8f6130db97f4f28b27d4528497aa1f3,854778689611649472,_EOPKG_TC-UN-f1-5-penalty3l-55_loan_v1_v5_simulated_GATv2,_EOPKG_TC-UN-f1-5-penalty3l,55,train_candidate_target_set_entropy_mean,0,1780852420875,0.0
learn,EOPKG,EOPKGTopologyConditioned,b8f6130db97f4f28b27d4528497aa1f3,854778689611649472,_EOPKG_TC-UN-f1-5-penalty3l-55_loan_v1_v5_simulated_GATv2,_EOPKG_TC-UN-f1-5-penalty3l,55,train_candidate_target_set_entropy_mean,0,1780852420875,0.0
learn,EOPKG,EOPKGTopologyConditioned,b8f6130db97f4f28b27d4528497aa1f3,854778689611649472,_EOPKG_TC-UN-f1-5-penalty3l-55_loan_v1_v5_simulated_GATv2,_EOPKG_TC-UN-f1-5-penalty3l,55,train_candidate_target_set_entropy_mean,0,1780852666439,0.0
learn,EOPKG,EOPKGTopologyConditioned,b8f6130db97f4f28b27d4528497aa1f3,854778689611649472,_EOPKG_TC-UN-f1-5-penalty3l-55_loan_v1_v5_simulated_GATv2,_EOPKG_TC-UN-f1-5-penalty3l,55,train_candidate_target_set_entropy_mean,0,1780852666439,0.0
learn,EOPKG,EOPKGTopologyConditioned,b8f6130db97f4f28b27d4528497aa1f3,854778689611649472,_EOPKG_TC-UN-f1-5-penalty3l-55_loan_v1_v5_simulated_GATv2,_EOPKG_TC-UN-f1-5-penalty3l,55,train_candidate_target_set_entropy_mean,0,1780852915599,0.0
learn,EOPKG,EOPKGTopologyConditioned,b8f6130db97f4f28b27d4528497aa1f3,854778689611649472,_EOPKG_TC-UN-f1-5-penalty3l-55_loan_v1_v5_simulated_GATv2,_EOPKG_TC-UN-f1-5-penalty3l,55,train_candidate_target_set_entropy_mean,0,1780852915599,0.0
learn,EOPKG,EOPKGTopologyConditioned,b8f6130db97f4f28b27d4528497aa1f3,854778689611649472,_EOPKG_TC-UN-f1-5-penalty3l-55_loan_v1_v5_simulated_GATv2,_EOPKG_TC-UN-f1-5-penalty3l,55,train_candidate_target_set_entropy_mean,0,1780853171135,0.0
learn,EOPKG,EOPKGTopologyConditioned,b8f6130db97f4f28b27d4528497aa1f3,854778689611649472,_EOPKG_TC-UN-f1-5-penalty3l-55_loan_v1_v5_simulated_GATv2,_EOPKG_TC-UN-f1-5-penalty3l,55,train_candidate_target_set_entropy_mean,0,1780853171135,0.0
learn,EOPKG,EOPKGTopologyConditioned,b8f6130db97f4f28b27d4528497aa1f3,854778689611649472,_EOPKG_TC-UN-f1-5-penalty3l-55_loan_v1_v5_simulated_GATv2,_EOPKG_TC-UN-f1-5-penalty3l,55,train_candidate_target_set_entropy_mean,0,1780853418745,0.0
learn,EOPKG,EOPKGTopologyConditioned,b8f6130db97f4f28b27d4528497aa1f3,854778689611649472,_EOPKG_TC-UN-f1-5-penalty3l-55_loan_v1_v5_simulated_GATv2,_EOPKG_TC-UN-f1-5-penalty3l,55,train_candidate_target_set_entropy_mean,0,1780853418745,0.0
learn,EOPKG,EOPKGTopologyConditioned,b8f6130db97f4f28b27d4528497aa1f3,854778689611649472,_EOPKG_TC-UN-f1-5-penalty3l-55_loan_v1_v5_simulated_GATv2,_EOPKG_TC-UN-f1-5-penalty3l,55,train_candidate_target_set_entropy_mean,0,1780853672227,0.0
learn,EOPKG,EOPKGTopologyConditioned,b8f6130db97f4f28b27d4528497aa1f3,854778689611649472,_EOPKG_TC-UN-f1-5-penalty3l-55_loan_v1_v5_simulated_GATv2,_EOPKG_TC-UN-f1-5-penalty3l,55,train_candidate_target_set_entropy_mean,0,1780853672227,0.0
learn,EOPKG,EOPKGTopologyConditioned,b8f6130db97f4f28b27d4528497aa1f3,854778689611649472,_EOPKG_TC-UN-f1-5-penalty3l-55_loan_v1_v5_simulated_GATv2,_EOPKG_TC-UN-f1-5-penalty3l,55,train_candidate_target_set_entropy_mean,0,1780853921052,0.0
learn,EOPKG,EOPKGTopologyConditioned,b8f6130db97f4f28b27d4528497aa1f3,854778689611649472,_EOPKG_TC-UN-f1-5-penalty3l-55_loan_v1_v5_simulated_GATv2,_EOPKG_TC-UN-f1-5-penalty3l,55,train_candidate_target_set_entropy_mean,0,1780853921052,0.0
learn,EOPKG,EOPKGTopologyConditioned,b8f6130db97f4f28b27d4528497aa1f3,854778689611649472,_EOPKG_TC-UN-f1-5-penalty3l-55_loan_v1_v5_simulated_GATv2,_EOPKG_TC-UN-f1-5-penalty3l,55,train_candidate_target_set_entropy_mean,0,1780854169615,0.0
learn,EOPKG,EOPKGTopologyConditioned,b8f6130db97f4f28b27d4528497aa1f3,854778689611649472,_EOPKG_TC-UN-f1-5-penalty3l-55_loan_v1_v5_simulated_GATv2,_EOPKG_TC-UN-f1-5-penalty3l,55,train_candidate_target_set_entropy_mean,0,1780854169615,0.0
learn,EOPKG,EOPKGTopologyConditioned,b8f6130db97f4f28b27d4528497aa1f3,854778689611649472,_EOPKG_TC-UN-f1-5-penalty3l-55_loan_v1_v5_simulated_GATv2,_EOPKG_TC-UN-f1-5-penalty3l,55,train_candidate_target_set_entropy_mean,0,1780854456809,0.0
learn,EOPKG,EOPKGTopologyConditioned,b8f6130db97f4f28b27d4528497aa1f3,854778689611649472,_EOPKG_TC-UN-f1-5-penalty3l-55_loan_v1_v5_simulated_GATv2,_EOPKG_TC-UN-f1-5-penalty3l,55,train_candidate_target_set_entropy_mean,0,1780854456809,0.0
learn,EOPKG,EOPKGTopologyConditioned,b8f6130db97f4f28b27d4528497aa1f3,854778689611649472,_EOPKG_TC-UN-f1-5-penalty3l-55_loan_v1_v5_simulated_GATv2,_EOPKG_TC-UN-f1-5-penalty3l,55,train_candidate_target_set_entropy_mean,0,1780854739582,0.0
learn,EOPKG,EOPKGTopologyConditioned,b8f6130db97f4f28b27d4528497aa1f3,854778689611649472,_EOPKG_TC-UN-f1-5-penalty3l-55_loan_v1_v5_simulated_GATv2,_EOPKG_TC-UN-f1-5-penalty3l,55,train_candidate_target_set_entropy_mean,0,1780854739582,0.0
learn,EOPKG,EOPKGTopologyConditioned,b8f6130db97f4f28b27d4528497aa1f3,854778689611649472,_EOPKG_TC-UN-f1-5-penalty3l-55_loan_v1_v5_simulated_GATv2,_EOPKG_TC-UN-f1-5-penalty3l,55,train_candidate_target_set_entropy_mean,0,1780854983011,0.0
learn,EOPKG,EOPKGTopologyConditioned,b8f6130db97f4f28b27d4528497aa1f3,854778689611649472,_EOPKG_TC-UN-f1-5-penalty3l-55_loan_v1_v5_simulated_GATv2,_EOPKG_TC-UN-f1-5-penalty3l,55,train_candidate_target_set_entropy_mean,0,1780854983011,0.0
learn,EOPKG,EOPKGTopologyConditioned,b8f6130db97f4f28b27d4528497aa1f3,854778689611649472,_EOPKG_TC-UN-f1-5-penalty3l-55_loan_v1_v5_simulated_GATv2,_EOPKG_TC-UN-f1-5-penalty3l,55,train_candidate_target_set_entropy_mean,0,1780855226799,0.0
learn,EOPKG,EOPKGTopologyConditioned,b8f6130db97f4f28b27d4528497aa1f3,854778689611649472,_EOPKG_TC-UN-f1-5-penalty3l-55_loan_v1_v5_simulated_GATv2,_EOPKG_TC-UN-f1-5-penalty3l,55,train_candidate_target_set_entropy_mean,0,1780855226799,0.0
learn,EOPKG,EOPKGTopologyConditioned,b8f6130db97f4f28b27d4528497aa1f3,854778689611649472,_EOPKG_TC-UN-f1-5-penalty3l-55_loan_v1_v5_simulated_GATv2,_EOPKG_TC-UN-f1-5-penalty3l,55,train_candidate_target_set_entropy_mean,0,1780855471021,0.0
learn,EOPKG,EOPKGTopologyConditioned,b8f6130db97f4f28b27d4528497aa1f3,854778689611649472,_EOPKG_TC-UN-f1-5-penalty3l-55_loan_v1_v5_simulated_GATv2,_EOPKG_TC-UN-f1-5-penalty3l,55,train_candidate_target_set_entropy_mean,0,1780855471021,0.0
learn,EOPKG,EOPKGTopologyConditioned,b8f6130db97f4f28b27d4528497aa1f3,854778689611649472,_EOPKG_TC-UN-f1-5-penalty3l-55_loan_v1_v5_simulated_GATv2,_EOPKG_TC-UN-f1-5-penalty3l,55,train_candidate_target_set_entropy_mean,0,1780855707272,0.0
learn,EOPKG,EOPKGTopologyConditioned,b8f6130db97f4f28b27d4528497aa1f3,854778689611649472,_EOPKG_TC-UN-f1-5-penalty3l-55_loan_v1_v5_simulated_GATv2,_EOPKG_TC-UN-f1-5-penalty3l,55,train_candidate_target_set_entropy_mean,0,1780855707272,0.0
learn,EOPKG,EOPKGTopologyConditioned,b8f6130db97f4f28b27d4528497aa1f3,854778689611649472,_EOPKG_TC-UN-f1-5-penalty3l-55_loan_v1_v5_simulated_GATv2,_EOPKG_TC-UN-f1-5-penalty3l,55,train_candidate_target_set_entropy_mean,0,1780855953889,0.0
learn,EOPKG,EOPKGTopologyConditioned,b8f6130db97f4f28b27d4528497aa1f3,854778689611649472,_EOPKG_TC-UN-f1-5-penalty3l-55_loan_v1_v5_simulated_GATv2,_EOPKG_TC-UN-f1-5-penalty3l,55,train_candidate_target_set_entropy_mean,0,1780855953889,0.0
learn,EOPKG,EOPKGTopologyConditioned,b8f6130db97f4f28b27d4528497aa1f3,854778689611649472,_EOPKG_TC-UN-f1-5-penalty3l-55_loan_v1_v5_simulated_GATv2,_EOPKG_TC-UN-f1-5-penalty3l,55,train_candidate_target_set_entropy_mean,0,1780856195606,0.0
learn,EOPKG,EOPKGTopologyConditioned,b8f6130db97f4f28b27d4528497aa1f3,854778689611649472,_EOPKG_TC-UN-f1-5-penalty3l-55_loan_v1_v5_simulated_GATv2,_EOPKG_TC-UN-f1-5-penalty3l,55,train_candidate_target_set_entropy_mean,0,1780856195606,0.0
learn,EOPKG,EOPKGTopologyConditioned,b8f6130db97f4f28b27d4528497aa1f3,854778689611649472,_EOPKG_TC-UN-f1-5-penalty3l-55_loan_v1_v5_simulated_GATv2,_EOPKG_TC-UN-f1-5-penalty3l,55,train_candidate_target_set_entropy_mean,0,1780856432408,0.0
learn,EOPKG,EOPKGTopologyConditioned,b8f6130db97f4f28b27d4528497aa1f3,854778689611649472,_EOPKG_TC-UN-f1-5-penalty3l-55_loan_v1_v5_simulated_GATv2,_EOPKG_TC-UN-f1-5-penalty3l,55,train_candidate_target_set_entropy_mean,0,1780856432408,0.0
learn,EOPKG,EOPKGTopologyConditioned,b8f6130db97f4f28b27d4528497aa1f3,854778689611649472,_EOPKG_TC-UN-f1-5-penalty3l-55_loan_v1_v5_simulated_GATv2,_EOPKG_TC-UN-f1-5-penalty3l,55,train_candidate_target_set_entropy_mean,0,1780856666004,0.0
learn,EOPKG,EOPKGTopologyConditioned,b8f6130db97f4f28b27d4528497aa1f3,854778689611649472,_EOPKG_TC-UN-f1-5-penalty3l-55_loan_v1_v5_simulated_GATv2,_EOPKG_TC-UN-f1-5-penalty3l,55,train_candidate_target_set_entropy_mean,0,1780856666004,0.0
learn,EOPKG,EOPKGTopologyConditioned,b8f6130db97f4f28b27d4528497aa1f3,854778689611649472,_EOPKG_TC-UN-f1-5-penalty3l-55_loan_v1_v5_simulated_GATv2,_EOPKG_TC-UN-f1-5-penalty3l,55,train_candidate_target_set_entropy_mean,0,1780856899273,0.0
learn,EOPKG,EOPKGTopologyConditioned,b8f6130db97f4f28b27d4528497aa1f3,854778689611649472,_EOPKG_TC-UN-f1-5-penalty3l-55_loan_v1_v5_simulated_GATv2,_EOPKG_TC-UN-f1-5-penalty3l,55,train_candidate_target_set_entropy_mean,0,1780856899273,0.0
learn,EOPKG,EOPKGTopologyConditioned,b8f6130db97f4f28b27d4528497aa1f3,854778689611649472,_EOPKG_TC-UN-f1-5-penalty3l-55_loan_v1_v5_simulated_GATv2,_EOPKG_TC-UN-f1-5-penalty3l,55,train_candidate_target_set_entropy_mean,0,1780857160984,0.0
learn,EOPKG,EOPKGTopologyConditioned,b8f6130db97f4f28b27d4528497aa1f3,854778689611649472,_EOPKG_TC-UN-f1-5-penalty3l-55_loan_v1_v5_simulated_GATv2,_EOPKG_TC-UN-f1-5-penalty3l,55,train_candidate_target_set_entropy_mean,0,1780857160984,0.0
learn,EOPKG,EOPKGTopologyConditioned,b8f6130db97f4f28b27d4528497aa1f3,854778689611649472,_EOPKG_TC-UN-f1-5-penalty3l-55_loan_v1_v5_simulated_GATv2,_EOPKG_TC-UN-f1-5-penalty3l,55,train_candidate_target_set_entropy_mean,0,1780857410875,0.0
learn,EOPKG,EOPKGTopologyConditioned,b8f6130db97f4f28b27d4528497aa1f3,854778689611649472,_EOPKG_TC-UN-f1-5-penalty3l-55_loan_v1_v5_simulated_GATv2,_EOPKG_TC-UN-f1-5-penalty3l,55,train_candidate_target_set_entropy_mean,0,1780857410875,0.0
learn,EOPKG,EOPKGTopologyConditioned,b8f6130db97f4f28b27d4528497aa1f3,854778689611649472,_EOPKG_TC-UN-f1-5-penalty3l-55_loan_v1_v5_simulated_GATv2,_EOPKG_TC-UN-f1-5-penalty3l,55,train_candidate_target_set_entropy_mean,0,1780857663090,0.0
learn,EOPKG,EOPKGTopologyConditioned,b8f6130db97f4f28b27d4528497aa1f3,854778689611649472,_EOPKG_TC-UN-f1-5-penalty3l-55_loan_v1_v5_simulated_GATv2,_EOPKG_TC-UN-f1-5-penalty3l,55,train_candidate_target_set_entropy_mean,0,1780857663090,0.0
learn,EOPKG,EOPKGTopologyConditioned,b8f6130db97f4f28b27d4528497aa1f3,854778689611649472,_EOPKG_TC-UN-f1-5-penalty3l-55_loan_v1_v5_simulated_GATv2,_EOPKG_TC-UN-f1-5-penalty3l,55,train_candidate_target_set_entropy_mean,0,1780857912871,0.0
learn,EOPKG,EOPKGTopologyConditioned,b8f6130db97f4f28b27d4528497aa1f3,854778689611649472,_EOPKG_TC-UN-f1-5-penalty3l-55_loan_v1_v5_simulated_GATv2,_EOPKG_TC-UN-f1-5-penalty3l,55,train_candidate_target_set_entropy_mean,0,1780857912871,0.0
learn,EOPKG,EOPKGTopologyConditioned,b8f6130db97f4f28b27d4528497aa1f3,854778689611649472,_EOPKG_TC-UN-f1-5-penalty3l-55_loan_v1_v5_simulated_GATv2,_EOPKG_TC-UN-f1-5-penalty3l,55,train_candidate_target_set_entropy_mean,0,1780858158043,0.0
learn,EOPKG,EOPKGTopologyConditioned,b8f6130db97f4f28b27d4528497aa1f3,854778689611649472,_EOPKG_TC-UN-f1-5-penalty3l-55_loan_v1_v5_simulated_GATv2,_EOPKG_TC-UN-f1-5-penalty3l,55,train_candidate_target_set_entropy_mean,0,1780858158043,0.0
learn,EOPKG,EOPKGTopologyConditioned,b8f6130db97f4f28b27d4528497aa1f3,854778689611649472,_EOPKG_TC-UN-f1-5-penalty3l-55_loan_v1_v5_simulated_GATv2,_EOPKG_TC-UN-f1-5-penalty3l,55,train_candidate_target_set_entropy_mean,0,1780858409361,0.0
learn,EOPKG,EOPKGTopologyConditioned,b8f6130db97f4f28b27d4528497aa1f3,854778689611649472,_EOPKG_TC-UN-f1-5-penalty3l-55_loan_v1_v5_simulated_GATv2,_EOPKG_TC-UN-f1-5-penalty3l,55,train_candidate_target_set_entropy_mean,0,1780858409361,0.0
learn,EOPKG,EOPKGTopologyConditioned,b8f6130db97f4f28b27d4528497aa1f3,854778689611649472,_EOPKG_TC-UN-f1-5-penalty3l-55_loan_v1_v5_simulated_GATv2,_EOPKG_TC-UN-f1-5-penalty3l,55,train_candidate_target_set_entropy_mean,0,1780858663883,0.0
learn,EOPKG,EOPKGTopologyConditioned,b8f6130db97f4f28b27d4528497aa1f3,854778689611649472,_EOPKG_TC-UN-f1-5-penalty3l-55_loan_v1_v5_simulated_GATv2,_EOPKG_TC-UN-f1-5-penalty3l,55,train_candidate_target_set_entropy_mean,0,1780858663883,0.0
learn,EOPKG,EOPKGTopologyConditioned,b8f6130db97f4f28b27d4528497aa1f3,854778689611649472,_EOPKG_TC-UN-f1-5-penalty3l-55_loan_v1_v5_simulated_GATv2,_EOPKG_TC-UN-f1-5-penalty3l,55,train_candidate_target_set_entropy_mean,0,1780858913084,0.0
learn,EOPKG,EOPKGTopologyConditioned,b8f6130db97f4f28b27d4528497aa1f3,854778689611649472,_EOPKG_TC-UN-f1-5-penalty3l-55_loan_v1_v5_simulated_GATv2,_EOPKG_TC-UN-f1-5-penalty3l,55,train_candidate_target_set_entropy_mean,0,1780858913084,0.0
learn,EOPKG,EOPKGTopologyConditioned,b8f6130db97f4f28b27d4528497aa1f3,854778689611649472,_EOPKG_TC-UN-f1-5-penalty3l-55_loan_v1_v5_simulated_GATv2,_EOPKG_TC-UN-f1-5-penalty3l,55,train_candidate_target_set_entropy_mean,0,1780859162131,0.0
learn,EOPKG,EOPKGTopologyConditioned,b8f6130db97f4f28b27d4528497aa1f3,854778689611649472,_EOPKG_TC-UN-f1-5-penalty3l-55_loan_v1_v5_simulated_GATv2,_EOPKG_TC-UN-f1-5-penalty3l,55,train_candidate_target_set_entropy_mean,0,1780859162131,0.0
learn,EOPKG,EOPKGTopologyConditioned,b8f6130db97f4f28b27d4528497aa1f3,854778689611649472,_EOPKG_TC-UN-f1-5-penalty3l-55_loan_v1_v5_simulated_GATv2,_EOPKG_TC-UN-f1-5-penalty3l,55,train_candidate_target_set_entropy_mean,0,1780859406745,0.0
learn,EOPKG,EOPKGTopologyConditioned,b8f6130db97f4f28b27d4528497aa1f3,854778689611649472,_EOPKG_TC-UN-f1-5-penalty3l-55_loan_v1_v5_simulated_GATv2,_EOPKG_TC-UN-f1-5-penalty3l,55,train_candidate_target_set_entropy_mean,0,1780859406745,0.0
learn,EOPKG,EOPKGTopologyConditioned,b8f6130db97f4f28b27d4528497aa1f3,854778689611649472,_EOPKG_TC-UN-f1-5-penalty3l-55_loan_v1_v5_simulated_GATv2,_EOPKG_TC-UN-f1-5-penalty3l,55,train_candidate_target_set_entropy_mean,0,1780859654471,0.0
learn,EOPKG,EOPKGTopologyConditioned,b8f6130db97f4f28b27d4528497aa1f3,854778689611649472,_EOPKG_TC-UN-f1-5-penalty3l-55_loan_v1_v5_simulated_GATv2,_EOPKG_TC-UN-f1-5-penalty3l,55,train_candidate_target_set_entropy_mean,0,1780859654471,0.0
learn,EOPKG,EOPKGTopologyConditioned,b8f6130db97f4f28b27d4528497aa1f3,854778689611649472,_EOPKG_TC-UN-f1-5-penalty3l-55_loan_v1_v5_simulated_GATv2,_EOPKG_TC-UN-f1-5-penalty3l,55,train_candidate_target_set_entropy_mean,0,1780859899406,0.0
learn,EOPKG,EOPKGTopologyConditioned,b8f6130db97f4f28b27d4528497aa1f3,854778689611649472,_EOPKG_TC-UN-f1-5-penalty3l-55_loan_v1_v5_simulated_GATv2,_EOPKG_TC-UN-f1-5-penalty3l,55,train_candidate_target_set_entropy_mean,0,1780859899406,0.0
learn,EOPKG,EOPKGTopologyConditioned,b8f6130db97f4f28b27d4528497aa1f3,854778689611649472,_EOPKG_TC-UN-f1-5-penalty3l-55_loan_v1_v5_simulated_GATv2,_EOPKG_TC-UN-f1-5-penalty3l,55,train_candidate_target_set_entropy_mean,0,1780860153034,0.0
learn,EOPKG,EOPKGTopologyConditioned,b8f6130db97f4f28b27d4528497aa1f3,854778689611649472,_EOPKG_TC-UN-f1-5-penalty3l-55_loan_v1_v5_simulated_GATv2,_EOPKG_TC-UN-f1-5-penalty3l,55,train_candidate_target_set_entropy_mean,0,1780860153034,0.0
learn,EOPKG,EOPKGTopologyConditioned,b8f6130db97f4f28b27d4528497aa1f3,854778689611649472,_EOPKG_TC-UN-f1-5-penalty3l-55_loan_v1_v5_simulated_GATv2,_EOPKG_TC-UN-f1-5-penalty3l,55,train_candidate_target_set_entropy_mean,0,1780860619769,0.0
learn,EOPKG,EOPKGTopologyConditioned,b8f6130db97f4f28b27d4528497aa1f3,854778689611649472,_EOPKG_TC-UN-f1-5-penalty3l-55_loan_v1_v5_simulated_GATv2,_EOPKG_TC-UN-f1-5-penalty3l,55,train_candidate_target_set_entropy_mean,0,1780860619769,0.0
learn,EOPKG,EOPKGTopologyConditioned,b8f6130db97f4f28b27d4528497aa1f3,854778689611649472,_EOPKG_TC-UN-f1-5-penalty3l-55_loan_v1_v5_simulated_GATv2,_EOPKG_TC-UN-f1-5-penalty3l,55,train_candidate_target_set_entropy_mean,0,1780860986142,0.0
learn,EOPKG,EOPKGTopologyConditioned,b8f6130db97f4f28b27d4528497aa1f3,854778689611649472,_EOPKG_TC-UN-f1-5-penalty3l-55_loan_v1_v5_simulated_GATv2,_EOPKG_TC-UN-f1-5-penalty3l,55,train_candidate_target_set_entropy_mean,0,1780860986142,0.0
learn,EOPKG,EOPKGTopologyConditioned,b8f6130db97f4f28b27d4528497aa1f3,854778689611649472,_EOPKG_TC-UN-f1-5-penalty3l-55_loan_v1_v5_simulated_GATv2,_EOPKG_TC-UN-f1-5-penalty3l,55,train_candidate_target_set_entropy_mean,0,1780861493806,0.0
learn,EOPKG,EOPKGTopologyConditioned,b8f6130db97f4f28b27d4528497aa1f3,854778689611649472,_EOPKG_TC-UN-f1-5-penalty3l-55_loan_v1_v5_simulated_GATv2,_EOPKG_TC-UN-f1-5-penalty3l,55,train_candidate_target_set_entropy_mean,0,1780861493806,0.0
learn,EOPKG,EOPKGTopologyConditioned,b8f6130db97f4f28b27d4528497aa1f3,854778689611649472,_EOPKG_TC-UN-f1-5-penalty3l-55_loan_v1_v5_simulated_GATv2,_EOPKG_TC-UN-f1-5-penalty3l,55,train_candidate_target_set_entropy_mean,0,1780861918891,0.0
learn,EOPKG,EOPKGTopologyConditioned,b8f6130db97f4f28b27d4528497aa1f3,854778689611649472,_EOPKG_TC-UN-f1-5-penalty3l-55_loan_v1_v5_simulated_GATv2,_EOPKG_TC-UN-f1-5-penalty3l,55,train_candidate_target_set_entropy_mean,0,1780861918891,0.0
learn,EOPKG,EOPKGTopologyConditioned,b8f6130db97f4f28b27d4528497aa1f3,854778689611649472,_EOPKG_TC-UN-f1-5-penalty3l-55_loan_v1_v5_simulated_GATv2,_EOPKG_TC-UN-f1-5-penalty3l,55,train_candidate_target_set_entropy_mean,0,1780862421573,0.0
learn,EOPKG,EOPKGTopologyConditioned,b8f6130db97f4f28b27d4528497aa1f3,854778689611649472,_EOPKG_TC-UN-f1-5-penalty3l-55_loan_v1_v5_simulated_GATv2,_EOPKG_TC-UN-f1-5-penalty3l,55,train_candidate_target_set_entropy_mean,0,1780862421573,0.0
learn,EOPKG,EOPKGTopologyConditioned,b8f6130db97f4f28b27d4528497aa1f3,854778689611649472,_EOPKG_TC-UN-f1-5-penalty3l-55_loan_v1_v5_simulated_GATv2,_EOPKG_TC-UN-f1-5-penalty3l,55,train_candidate_target_set_entropy_mean,0,1780862893519,0.0
learn,EOPKG,EOPKGTopologyConditioned,b8f6130db97f4f28b27d4528497aa1f3,854778689611649472,_EOPKG_TC-UN-f1-5-penalty3l-55_loan_v1_v5_simulated_GATv2,_EOPKG_TC-UN-f1-5-penalty3l,55,train_candidate_target_set_entropy_mean,0,1780862893519,0.0
learn,EOPKG,EOPKGTopologyConditioned,ebdfb988ea654392a4a4fc270f9e7c71,854778689611649472,_EOPKG_TC-UN-f1-5-penalty3l-67_loan_v1_v5_simulated_GATv2,_EOPKG_TC-UN-f1-5-penalty3l,67,train_candidate_target_set_entropy_mean,0,1780673123359,0.0
learn,EOPKG,EOPKGTopologyConditioned,ebdfb988ea654392a4a4fc270f9e7c71,854778689611649472,_EOPKG_TC-UN-f1-5-penalty3l-67_loan_v1_v5_simulated_GATv2,_EOPKG_TC-UN-f1-5-penalty3l,67,train_candidate_target_set_entropy_mean,0,1780673123359,0.0
learn,EOPKG,EOPKGTopologyConditioned,ebdfb988ea654392a4a4fc270f9e7c71,854778689611649472,_EOPKG_TC-UN-f1-5-penalty3l-67_loan_v1_v5_simulated_GATv2,_EOPKG_TC-UN-f1-5-penalty3l,67,train_candidate_target_set_entropy_mean,0,1780673642257,0.0
learn,EOPKG,EOPKGTopologyConditioned,ebdfb988ea654392a4a4fc270f9e7c71,854778689611649472,_EOPKG_TC-UN-f1-5-penalty3l-67_loan_v1_v5_simulated_GATv2,_EOPKG_TC-UN-f1-5-penalty3l,67,train_candidate_target_set_entropy_mean,0,1780673642257,0.0
learn,EOPKG,EOPKGTopologyConditioned,ebdfb988ea654392a4a4fc270f9e7c71,854778689611649472,_EOPKG_TC-UN-f1-5-penalty3l-67_loan_v1_v5_simulated_GATv2,_EOPKG_TC-UN-f1-5-penalty3l,67,train_candidate_target_set_entropy_mean,0,1780674006647,0.0
learn,EOPKG,EOPKGTopologyConditioned,ebdfb988ea654392a4a4fc270f9e7c71,854778689611649472,_EOPKG_TC-UN-f1-5-penalty3l-67_loan_v1_v5_simulated_GATv2,_EOPKG_TC-UN-f1-5-penalty3l,67,train_candidate_target_set_entropy_mean,0,1780674006647,0.0
learn,EOPKG,EOPKGTopologyConditioned,ebdfb988ea654392a4a4fc270f9e7c71,854778689611649472,_EOPKG_TC-UN-f1-5-penalty3l-67_loan_v1_v5_simulated_GATv2,_EOPKG_TC-UN-f1-5-penalty3l,67,train_candidate_target_set_entropy_mean,0,1780674282218,0.0
learn,EOPKG,EOPKGTopologyConditioned,ebdfb988ea654392a4a4fc270f9e7c71,854778689611649472,_EOPKG_TC-UN-f1-5-penalty3l-67_loan_v1_v5_simulated_GATv2,_EOPKG_TC-UN-f1-5-penalty3l,67,train_candidate_target_set_entropy_mean,0,1780674282218,0.0
learn,EOPKG,EOPKGTopologyConditioned,ebdfb988ea654392a4a4fc270f9e7c71,854778689611649472,_EOPKG_TC-UN-f1-5-penalty3l-67_loan_v1_v5_simulated_GATv2,_EOPKG_TC-UN-f1-5-penalty3l,67,train_candidate_target_set_entropy_mean,0,1780674537196,0.0
learn,EOPKG,EOPKGTopologyConditioned,ebdfb988ea654392a4a4fc270f9e7c71,854778689611649472,_EOPKG_TC-UN-f1-5-penalty3l-67_loan_v1_v5_simulated_GATv2,_EOPKG_TC-UN-f1-5-penalty3l,67,train_candidate_target_set_entropy_mean,0,1780674537196,0.0
learn,EOPKG,EOPKGTopologyConditioned,ebdfb988ea654392a4a4fc270f9e7c71,854778689611649472,_EOPKG_TC-UN-f1-5-penalty3l-67_loan_v1_v5_simulated_GATv2,_EOPKG_TC-UN-f1-5-penalty3l,67,train_candidate_target_set_entropy_mean,0,1780674827841,0.0
learn,EOPKG,EOPKGTopologyConditioned,ebdfb988ea654392a4a4fc270f9e7c71,854778689611649472,_EOPKG_TC-UN-f1-5-penalty3l-67_loan_v1_v5_simulated_GATv2,_EOPKG_TC-UN-f1-5-penalty3l,67,train_candidate_target_set_entropy_mean,0,1780674827841,0.0
learn,EOPKG,EOPKGTopologyConditioned,ebdfb988ea654392a4a4fc270f9e7c71,854778689611649472,_EOPKG_TC-UN-f1-5-penalty3l-67_loan_v1_v5_simulated_GATv2,_EOPKG_TC-UN-f1-5-penalty3l,67,train_candidate_target_set_entropy_mean,0,1780675233734,0.0
learn,EOPKG,EOPKGTopologyConditioned,ebdfb988ea654392a4a4fc270f9e7c71,854778689611649472,_EOPKG_TC-UN-f1-5-penalty3l-67_loan_v1_v5_simulated_GATv2,_EOPKG_TC-UN-f1-5-penalty3l,67,train_candidate_target_set_entropy_mean,0,1780675233734,0.0
learn,EOPKG,EOPKGTopologyConditioned,ebdfb988ea654392a4a4fc270f9e7c71,854778689611649472,_EOPKG_TC-UN-f1-5-penalty3l-67_loan_v1_v5_simulated_GATv2,_EOPKG_TC-UN-f1-5-penalty3l,67,train_candidate_target_set_entropy_mean,0,1780675627473,0.0
learn,EOPKG,EOPKGTopologyConditioned,ebdfb988ea654392a4a4fc270f9e7c71,854778689611649472,_EOPKG_TC-UN-f1-5-penalty3l-67_loan_v1_v5_simulated_GATv2,_EOPKG_TC-UN-f1-5-penalty3l,67,train_candidate_target_set_entropy_mean,0,1780675627473,0.0
learn,EOPKG,EOPKGTopologyConditioned,ebdfb988ea654392a4a4fc270f9e7c71,854778689611649472,_EOPKG_TC-UN-f1-5-penalty3l-67_loan_v1_v5_simulated_GATv2,_EOPKG_TC-UN-f1-5-penalty3l,67,train_candidate_target_set_entropy_mean,0,1780675965897,0.0
learn,EOPKG,EOPKGTopologyConditioned,ebdfb988ea654392a4a4fc270f9e7c71,854778689611649472,_EOPKG_TC-UN-f1-5-penalty3l-67_loan_v1_v5_simulated_GATv2,_EOPKG_TC-UN-f1-5-penalty3l,67,train_candidate_target_set_entropy_mean,0,1780675965897,0.0
learn,EOPKG,EOPKGTopologyConditioned,ebdfb988ea654392a4a4fc270f9e7c71,854778689611649472,_EOPKG_TC-UN-f1-5-penalty3l-67_loan_v1_v5_simulated_GATv2,_EOPKG_TC-UN-f1-5-penalty3l,67,train_candidate_target_set_entropy_mean,0,1780676238217,0.0
learn,EOPKG,EOPKGTopologyConditioned,ebdfb988ea654392a4a4fc270f9e7c71,854778689611649472,_EOPKG_TC-UN-f1-5-penalty3l-67_loan_v1_v5_simulated_GATv2,_EOPKG_TC-UN-f1-5-penalty3l,67,train_candidate_target_set_entropy_mean,0,1780676238217,0.0
learn,EOPKG,EOPKGTopologyConditioned,ebdfb988ea654392a4a4fc270f9e7c71,854778689611649472,_EOPKG_TC-UN-f1-5-penalty3l-67_loan_v1_v5_simulated_GATv2,_EOPKG_TC-UN-f1-5-penalty3l,67,train_candidate_target_set_entropy_mean,0,1780676499161,0.0
learn,EOPKG,EOPKGTopologyConditioned,ebdfb988ea654392a4a4fc270f9e7c71,854778689611649472,_EOPKG_TC-UN-f1-5-penalty3l-67_loan_v1_v5_simulated_GATv2,_EOPKG_TC-UN-f1-5-penalty3l,67,train_candidate_target_set_entropy_mean,0,1780676499161,0.0
learn,EOPKG,EOPKGTopologyConditioned,ebdfb988ea654392a4a4fc270f9e7c71,854778689611649472,_EOPKG_TC-UN-f1-5-penalty3l-67_loan_v1_v5_simulated_GATv2,_EOPKG_TC-UN-f1-5-penalty3l,67,train_candidate_target_set_entropy_mean,0,1780676759734,0.0
learn,EOPKG,EOPKGTopologyConditioned,ebdfb988ea654392a4a4fc270f9e7c71,854778689611649472,_EOPKG_TC-UN-f1-5-penalty3l-67_loan_v1_v5_simulated_GATv2,_EOPKG_TC-UN-f1-5-penalty3l,67,train_candidate_target_set_entropy_mean,0,1780676759734,0.0
learn,EOPKG,EOPKGTopologyConditioned,ebdfb988ea654392a4a4fc270f9e7c71,854778689611649472,_EOPKG_TC-UN-f1-5-penalty3l-67_loan_v1_v5_simulated_GATv2,_EOPKG_TC-UN-f1-5-penalty3l,67,train_candidate_target_set_entropy_mean,0,1780677037938,0.0
learn,EOPKG,EOPKGTopologyConditioned,ebdfb988ea654392a4a4fc270f9e7c71,854778689611649472,_EOPKG_TC-UN-f1-5-penalty3l-67_loan_v1_v5_simulated_GATv2,_EOPKG_TC-UN-f1-5-penalty3l,67,train_candidate_target_set_entropy_mean,0,1780677037938,0.0
learn,EOPKG,EOPKGTopologyConditioned,ebdfb988ea654392a4a4fc270f9e7c71,854778689611649472,_EOPKG_TC-UN-f1-5-penalty3l-67_loan_v1_v5_simulated_GATv2,_EOPKG_TC-UN-f1-5-penalty3l,67,train_candidate_target_set_entropy_mean,0,1780677365266,0.0
learn,EOPKG,EOPKGTopologyConditioned,ebdfb988ea654392a4a4fc270f9e7c71,854778689611649472,_EOPKG_TC-UN-f1-5-penalty3l-67_loan_v1_v5_simulated_GATv2,_EOPKG_TC-UN-f1-5-penalty3l,67,train_candidate_target_set_entropy_mean,0,1780677365266,0.0
learn,EOPKG,EOPKGTopologyConditioned,ebdfb988ea654392a4a4fc270f9e7c71,854778689611649472,_EOPKG_TC-UN-f1-5-penalty3l-67_loan_v1_v5_simulated_GATv2,_EOPKG_TC-UN-f1-5-penalty3l,67,train_candidate_target_set_entropy_mean,0,1780677746773,0.0
learn,EOPKG,EOPKGTopologyConditioned,ebdfb988ea654392a4a4fc270f9e7c71,854778689611649472,_EOPKG_TC-UN-f1-5-penalty3l-67_loan_v1_v5_simulated_GATv2,_EOPKG_TC-UN-f1-5-penalty3l,67,train_candidate_target_set_entropy_mean,0,1780677746773,0.0
learn,EOPKG,EOPKGTopologyConditioned,ebdfb988ea654392a4a4fc270f9e7c71,854778689611649472,_EOPKG_TC-UN-f1-5-penalty3l-67_loan_v1_v5_simulated_GATv2,_EOPKG_TC-UN-f1-5-penalty3l,67,train_candidate_target_set_entropy_mean,0,1780678062218,0.0
learn,EOPKG,EOPKGTopologyConditioned,ebdfb988ea654392a4a4fc270f9e7c71,854778689611649472,_EOPKG_TC-UN-f1-5-penalty3l-67_loan_v1_v5_simulated_GATv2,_EOPKG_TC-UN-f1-5-penalty3l,67,train_candidate_target_set_entropy_mean,0,1780678062218,0.0
learn,EOPKG,EOPKGTopologyConditioned,ebdfb988ea654392a4a4fc270f9e7c71,854778689611649472,_EOPKG_TC-UN-f1-5-penalty3l-67_loan_v1_v5_simulated_GATv2,_EOPKG_TC-UN-f1-5-penalty3l,67,train_candidate_target_set_entropy_mean,0,1780678337084,0.0
learn,EOPKG,EOPKGTopologyConditioned,ebdfb988ea654392a4a4fc270f9e7c71,854778689611649472,_EOPKG_TC-UN-f1-5-penalty3l-67_loan_v1_v5_simulated_GATv2,_EOPKG_TC-UN-f1-5-penalty3l,67,train_candidate_target_set_entropy_mean,0,1780678337084,0.0
learn,EOPKG,EOPKGTopologyConditioned,ebdfb988ea654392a4a4fc270f9e7c71,854778689611649472,_EOPKG_TC-UN-f1-5-penalty3l-67_loan_v1_v5_simulated_GATv2,_EOPKG_TC-UN-f1-5-penalty3l,67,train_candidate_target_set_entropy_mean,0,1780678640387,0.0
learn,EOPKG,EOPKGTopologyConditioned,ebdfb988ea654392a4a4fc270f9e7c71,854778689611649472,_EOPKG_TC-UN-f1-5-penalty3l-67_loan_v1_v5_simulated_GATv2,_EOPKG_TC-UN-f1-5-penalty3l,67,train_candidate_target_set_entropy_mean,0,1780678640387,0.0
learn,EOPKG,EOPKGTopologyConditioned,ebdfb988ea654392a4a4fc270f9e7c71,854778689611649472,_EOPKG_TC-UN-f1-5-penalty3l-67_loan_v1_v5_simulated_GATv2,_EOPKG_TC-UN-f1-5-penalty3l,67,train_candidate_target_set_entropy_mean,0,1780679068197,0.0
learn,EOPKG,EOPKGTopologyConditioned,ebdfb988ea654392a4a4fc270f9e7c71,854778689611649472,_EOPKG_TC-UN-f1-5-penalty3l-67_loan_v1_v5_simulated_GATv2,_EOPKG_TC-UN-f1-5-penalty3l,67,train_candidate_target_set_entropy_mean,0,1780679068197,0.0
learn,EOPKG,EOPKGTopologyConditioned,ebdfb988ea654392a4a4fc270f9e7c71,854778689611649472,_EOPKG_TC-UN-f1-5-penalty3l-67_loan_v1_v5_simulated_GATv2,_EOPKG_TC-UN-f1-5-penalty3l,67,train_candidate_target_set_entropy_mean,0,1780679431930,0.0
learn,EOPKG,EOPKGTopologyConditioned,ebdfb988ea654392a4a4fc270f9e7c71,854778689611649472,_EOPKG_TC-UN-f1-5-penalty3l-67_loan_v1_v5_simulated_GATv2,_EOPKG_TC-UN-f1-5-penalty3l,67,train_candidate_target_set_entropy_mean,0,1780679431930,0.0
learn,EOPKG,EOPKGTopologyConditioned,ebdfb988ea654392a4a4fc270f9e7c71,854778689611649472,_EOPKG_TC-UN-f1-5-penalty3l-67_loan_v1_v5_simulated_GATv2,_EOPKG_TC-UN-f1-5-penalty3l,67,train_candidate_target_set_entropy_mean,0,1780679732513,0.0
learn,EOPKG,EOPKGTopologyConditioned,ebdfb988ea654392a4a4fc270f9e7c71,854778689611649472,_EOPKG_TC-UN-f1-5-penalty3l-67_loan_v1_v5_simulated_GATv2,_EOPKG_TC-UN-f1-5-penalty3l,67,train_candidate_target_set_entropy_mean,0,1780679732513,0.0
learn,EOPKG,EOPKGTopologyConditioned,ebdfb988ea654392a4a4fc270f9e7c71,854778689611649472,_EOPKG_TC-UN-f1-5-penalty3l-67_loan_v1_v5_simulated_GATv2,_EOPKG_TC-UN-f1-5-penalty3l,67,train_candidate_target_set_entropy_mean,0,1780679996406,0.0
learn,EOPKG,EOPKGTopologyConditioned,ebdfb988ea654392a4a4fc270f9e7c71,854778689611649472,_EOPKG_TC-UN-f1-5-penalty3l-67_loan_v1_v5_simulated_GATv2,_EOPKG_TC-UN-f1-5-penalty3l,67,train_candidate_target_set_entropy_mean,0,1780679996406,0.0
learn,EOPKG,EOPKGTopologyConditioned,ebdfb988ea654392a4a4fc270f9e7c71,854778689611649472,_EOPKG_TC-UN-f1-5-penalty3l-67_loan_v1_v5_simulated_GATv2,_EOPKG_TC-UN-f1-5-penalty3l,67,train_candidate_target_set_entropy_mean,0,1780680264310,0.0
learn,EOPKG,EOPKGTopologyConditioned,ebdfb988ea654392a4a4fc270f9e7c71,854778689611649472,_EOPKG_TC-UN-f1-5-penalty3l-67_loan_v1_v5_simulated_GATv2,_EOPKG_TC-UN-f1-5-penalty3l,67,train_candidate_target_set_entropy_mean,0,1780680264310,0.0
learn,EOPKG,EOPKGTopologyConditioned,ebdfb988ea654392a4a4fc270f9e7c71,854778689611649472,_EOPKG_TC-UN-f1-5-penalty3l-67_loan_v1_v5_simulated_GATv2,_EOPKG_TC-UN-f1-5-penalty3l,67,train_candidate_target_set_entropy_mean,0,1780680518503,0.0
learn,EOPKG,EOPKGTopologyConditioned,ebdfb988ea654392a4a4fc270f9e7c71,854778689611649472,_EOPKG_TC-UN-f1-5-penalty3l-67_loan_v1_v5_simulated_GATv2,_EOPKG_TC-UN-f1-5-penalty3l,67,train_candidate_target_set_entropy_mean,0,1780680518503,0.0
learn,EOPKG,EOPKGTopologyConditioned,ebdfb988ea654392a4a4fc270f9e7c71,854778689611649472,_EOPKG_TC-UN-f1-5-penalty3l-67_loan_v1_v5_simulated_GATv2,_EOPKG_TC-UN-f1-5-penalty3l,67,train_candidate_target_set_entropy_mean,0,1780680773463,0.0
learn,EOPKG,EOPKGTopologyConditioned,ebdfb988ea654392a4a4fc270f9e7c71,854778689611649472,_EOPKG_TC-UN-f1-5-penalty3l-67_loan_v1_v5_simulated_GATv2,_EOPKG_TC-UN-f1-5-penalty3l,67,train_candidate_target_set_entropy_mean,0,1780680773463,0.0
learn,EOPKG,EOPKGTopologyConditioned,ebdfb988ea654392a4a4fc270f9e7c71,854778689611649472,_EOPKG_TC-UN-f1-5-penalty3l-67_loan_v1_v5_simulated_GATv2,_EOPKG_TC-UN-f1-5-penalty3l,67,train_candidate_target_set_entropy_mean,0,1780681030036,0.0
learn,EOPKG,EOPKGTopologyConditioned,ebdfb988ea654392a4a4fc270f9e7c71,854778689611649472,_EOPKG_TC-UN-f1-5-penalty3l-67_loan_v1_v5_simulated_GATv2,_EOPKG_TC-UN-f1-5-penalty3l,67,train_candidate_target_set_entropy_mean,0,1780681030036,0.0
learn,EOPKG,EOPKGTopologyConditioned,ebdfb988ea654392a4a4fc270f9e7c71,854778689611649472,_EOPKG_TC-UN-f1-5-penalty3l-67_loan_v1_v5_simulated_GATv2,_EOPKG_TC-UN-f1-5-penalty3l,67,train_candidate_target_set_entropy_mean,0,1780681353907,0.0
learn,EOPKG,EOPKGTopologyConditioned,ebdfb988ea654392a4a4fc270f9e7c71,854778689611649472,_EOPKG_TC-UN-f1-5-penalty3l-67_loan_v1_v5_simulated_GATv2,_EOPKG_TC-UN-f1-5-penalty3l,67,train_candidate_target_set_entropy_mean,0,1780681353907,0.0
learn,EOPKG,EOPKGTopologyConditioned,ebdfb988ea654392a4a4fc270f9e7c71,854778689611649472,_EOPKG_TC-UN-f1-5-penalty3l-67_loan_v1_v5_simulated_GATv2,_EOPKG_TC-UN-f1-5-penalty3l,67,train_candidate_target_set_entropy_mean,0,1780681706630,0.0
learn,EOPKG,EOPKGTopologyConditioned,ebdfb988ea654392a4a4fc270f9e7c71,854778689611649472,_EOPKG_TC-UN-f1-5-penalty3l-67_loan_v1_v5_simulated_GATv2,_EOPKG_TC-UN-f1-5-penalty3l,67,train_candidate_target_set_entropy_mean,0,1780681706630,0.0
learn,EOPKG,EOPKGTopologyConditioned,ebdfb988ea654392a4a4fc270f9e7c71,854778689611649472,_EOPKG_TC-UN-f1-5-penalty3l-67_loan_v1_v5_simulated_GATv2,_EOPKG_TC-UN-f1-5-penalty3l,67,train_candidate_target_set_entropy_mean,0,1780682217802,0.0
learn,EOPKG,EOPKGTopologyConditioned,ebdfb988ea654392a4a4fc270f9e7c71,854778689611649472,_EOPKG_TC-UN-f1-5-penalty3l-67_loan_v1_v5_simulated_GATv2,_EOPKG_TC-UN-f1-5-penalty3l,67,train_candidate_target_set_entropy_mean,0,1780682217802,0.0
learn,EOPKG,EOPKGTopologyConditioned,ebdfb988ea654392a4a4fc270f9e7c71,854778689611649472,_EOPKG_TC-UN-f1-5-penalty3l-67_loan_v1_v5_simulated_GATv2,_EOPKG_TC-UN-f1-5-penalty3l,67,train_candidate_target_set_entropy_mean,0,1780682639699,0.0
learn,EOPKG,EOPKGTopologyConditioned,ebdfb988ea654392a4a4fc270f9e7c71,854778689611649472,_EOPKG_TC-UN-f1-5-penalty3l-67_loan_v1_v5_simulated_GATv2,_EOPKG_TC-UN-f1-5-penalty3l,67,train_candidate_target_set_entropy_mean,0,1780682639699,0.0
learn,EOPKG,EOPKGTopologyConditioned,ebdfb988ea654392a4a4fc270f9e7c71,854778689611649472,_EOPKG_TC-UN-f1-5-penalty3l-67_loan_v1_v5_simulated_GATv2,_EOPKG_TC-UN-f1-5-penalty3l,67,train_candidate_target_set_entropy_mean,0,1780682918193,0.0
learn,EOPKG,EOPKGTopologyConditioned,ebdfb988ea654392a4a4fc270f9e7c71,854778689611649472,_EOPKG_TC-UN-f1-5-penalty3l-67_loan_v1_v5_simulated_GATv2,_EOPKG_TC-UN-f1-5-penalty3l,67,train_candidate_target_set_entropy_mean,0,1780682918193,0.0
learn,EOPKG,EOPKGTopologyConditioned,ebdfb988ea654392a4a4fc270f9e7c71,854778689611649472,_EOPKG_TC-UN-f1-5-penalty3l-67_loan_v1_v5_simulated_GATv2,_EOPKG_TC-UN-f1-5-penalty3l,67,train_candidate_target_set_entropy_mean,0,1780683219246,0.0
learn,EOPKG,EOPKGTopologyConditioned,ebdfb988ea654392a4a4fc270f9e7c71,854778689611649472,_EOPKG_TC-UN-f1-5-penalty3l-67_loan_v1_v5_simulated_GATv2,_EOPKG_TC-UN-f1-5-penalty3l,67,train_candidate_target_set_entropy_mean,0,1780683219246,0.0
learn,EOPKG,EOPKGTopologyConditioned,ebdfb988ea654392a4a4fc270f9e7c71,854778689611649472,_EOPKG_TC-UN-f1-5-penalty3l-67_loan_v1_v5_simulated_GATv2,_EOPKG_TC-UN-f1-5-penalty3l,67,train_candidate_target_set_entropy_mean,0,1780683566382,0.0
learn,EOPKG,EOPKGTopologyConditioned,ebdfb988ea654392a4a4fc270f9e7c71,854778689611649472,_EOPKG_TC-UN-f1-5-penalty3l-67_loan_v1_v5_simulated_GATv2,_EOPKG_TC-UN-f1-5-penalty3l,67,train_candidate_target_set_entropy_mean,0,1780683566382,0.0
learn,EOPKG,EOPKGTopologyConditioned,ebdfb988ea654392a4a4fc270f9e7c71,854778689611649472,_EOPKG_TC-UN-f1-5-penalty3l-67_loan_v1_v5_simulated_GATv2,_EOPKG_TC-UN-f1-5-penalty3l,67,train_candidate_target_set_entropy_mean,0,1780683880909,0.0
learn,EOPKG,EOPKGTopologyConditioned,ebdfb988ea654392a4a4fc270f9e7c71,854778689611649472,_EOPKG_TC-UN-f1-5-penalty3l-67_loan_v1_v5_simulated_GATv2,_EOPKG_TC-UN-f1-5-penalty3l,67,train_candidate_target_set_entropy_mean,0,1780683880909,0.0
learn,EOPKG,EOPKGTopologyConditioned,ebdfb988ea654392a4a4fc270f9e7c71,854778689611649472,_EOPKG_TC-UN-f1-5-penalty3l-67_loan_v1_v5_simulated_GATv2,_EOPKG_TC-UN-f1-5-penalty3l,67,train_candidate_target_set_entropy_mean,0,1780684194392,0.0
learn,EOPKG,EOPKGTopologyConditioned,ebdfb988ea654392a4a4fc270f9e7c71,854778689611649472,_EOPKG_TC-UN-f1-5-penalty3l-67_loan_v1_v5_simulated_GATv2,_EOPKG_TC-UN-f1-5-penalty3l,67,train_candidate_target_set_entropy_mean,0,1780684194392,0.0
learn,EOPKG,EOPKGTopologyConditioned,ebdfb988ea654392a4a4fc270f9e7c71,854778689611649472,_EOPKG_TC-UN-f1-5-penalty3l-67_loan_v1_v5_simulated_GATv2,_EOPKG_TC-UN-f1-5-penalty3l,67,train_candidate_target_set_entropy_mean,0,1780684516064,0.0
learn,EOPKG,EOPKGTopologyConditioned,ebdfb988ea654392a4a4fc270f9e7c71,854778689611649472,_EOPKG_TC-UN-f1-5-penalty3l-67_loan_v1_v5_simulated_GATv2,_EOPKG_TC-UN-f1-5-penalty3l,67,train_candidate_target_set_entropy_mean,0,1780684516064,0.0
learn,EOPKG,EOPKGTopologyConditioned,ebdfb988ea654392a4a4fc270f9e7c71,854778689611649472,_EOPKG_TC-UN-f1-5-penalty3l-67_loan_v1_v5_simulated_GATv2,_EOPKG_TC-UN-f1-5-penalty3l,67,train_candidate_target_set_entropy_mean,0,1780684787563,0.0
learn,EOPKG,EOPKGTopologyConditioned,ebdfb988ea654392a4a4fc270f9e7c71,854778689611649472,_EOPKG_TC-UN-f1-5-penalty3l-67_loan_v1_v5_simulated_GATv2,_EOPKG_TC-UN-f1-5-penalty3l,67,train_candidate_target_set_entropy_mean,0,1780684787563,0.0
learn,EOPKG,EOPKGTopologyConditioned,ebdfb988ea654392a4a4fc270f9e7c71,854778689611649472,_EOPKG_TC-UN-f1-5-penalty3l-67_loan_v1_v5_simulated_GATv2,_EOPKG_TC-UN-f1-5-penalty3l,67,train_candidate_target_set_entropy_mean,0,1780685047363,0.0
learn,EOPKG,EOPKGTopologyConditioned,ebdfb988ea654392a4a4fc270f9e7c71,854778689611649472,_EOPKG_TC-UN-f1-5-penalty3l-67_loan_v1_v5_simulated_GATv2,_EOPKG_TC-UN-f1-5-penalty3l,67,train_candidate_target_set_entropy_mean,0,1780685047363,0.0
learn,EOPKG,EOPKGTopologyConditioned,ebdfb988ea654392a4a4fc270f9e7c71,854778689611649472,_EOPKG_TC-UN-f1-5-penalty3l-67_loan_v1_v5_simulated_GATv2,_EOPKG_TC-UN-f1-5-penalty3l,67,train_candidate_target_set_entropy_mean,0,1780685302542,0.0
learn,EOPKG,EOPKGTopologyConditioned,ebdfb988ea654392a4a4fc270f9e7c71,854778689611649472,_EOPKG_TC-UN-f1-5-penalty3l-67_loan_v1_v5_simulated_GATv2,_EOPKG_TC-UN-f1-5-penalty3l,67,train_candidate_target_set_entropy_mean,0,1780685302542,0.0
learn,EOPKG,EOPKGTopologyConditioned,ebdfb988ea654392a4a4fc270f9e7c71,854778689611649472,_EOPKG_TC-UN-f1-5-penalty3l-67_loan_v1_v5_simulated_GATv2,_EOPKG_TC-UN-f1-5-penalty3l,67,train_candidate_target_set_entropy_mean,0,1780685556583,0.0
learn,EOPKG,EOPKGTopologyConditioned,ebdfb988ea654392a4a4fc270f9e7c71,854778689611649472,_EOPKG_TC-UN-f1-5-penalty3l-67_loan_v1_v5_simulated_GATv2,_EOPKG_TC-UN-f1-5-penalty3l,67,train_candidate_target_set_entropy_mean,0,1780685556583,0.0
learn,EOPKG,EOPKGTopologyConditioned,ebdfb988ea654392a4a4fc270f9e7c71,854778689611649472,_EOPKG_TC-UN-f1-5-penalty3l-67_loan_v1_v5_simulated_GATv2,_EOPKG_TC-UN-f1-5-penalty3l,67,train_candidate_target_set_entropy_mean,0,1780685810931,0.0
learn,EOPKG,EOPKGTopologyConditioned,ebdfb988ea654392a4a4fc270f9e7c71,854778689611649472,_EOPKG_TC-UN-f1-5-penalty3l-67_loan_v1_v5_simulated_GATv2,_EOPKG_TC-UN-f1-5-penalty3l,67,train_candidate_target_set_entropy_mean,0,1780685810931,0.0
learn,EOPKG,EOPKGTopologyConditioned,ebdfb988ea654392a4a4fc270f9e7c71,854778689611649472,_EOPKG_TC-UN-f1-5-penalty3l-67_loan_v1_v5_simulated_GATv2,_EOPKG_TC-UN-f1-5-penalty3l,67,train_candidate_target_set_entropy_mean,0,1780686073593,0.0
learn,EOPKG,EOPKGTopologyConditioned,ebdfb988ea654392a4a4fc270f9e7c71,854778689611649472,_EOPKG_TC-UN-f1-5-penalty3l-67_loan_v1_v5_simulated_GATv2,_EOPKG_TC-UN-f1-5-penalty3l,67,train_candidate_target_set_entropy_mean,0,1780686073593,0.0
learn,EOPKG-WI,EOPKGTopologyConditionedWI,65820d654ea74559b1b19d0faa56202d,854778689611649472,_EOPKG_WI-UN-f1-5-67_loan_v1_v5_simulated_GATv2,_EOPKG_WI-UN-f1-5,67,train_candidate_target_set_entropy_mean,0,1781070072764,0.0
learn,EOPKG-WI,EOPKGTopologyConditionedWI,65820d654ea74559b1b19d0faa56202d,854778689611649472,_EOPKG_WI-UN-f1-5-67_loan_v1_v5_simulated_GATv2,_EOPKG_WI-UN-f1-5,67,train_candidate_target_set_entropy_mean,0,1781070072764,0.0
learn,EOPKG-WI,EOPKGTopologyConditionedWI,65820d654ea74559b1b19d0faa56202d,854778689611649472,_EOPKG_WI-UN-f1-5-67_loan_v1_v5_simulated_GATv2,_EOPKG_WI-UN-f1-5,67,train_candidate_target_set_entropy_mean,0,1781070181740,0.0
learn,EOPKG-WI,EOPKGTopologyConditionedWI,65820d654ea74559b1b19d0faa56202d,854778689611649472,_EOPKG_WI-UN-f1-5-67_loan_v1_v5_simulated_GATv2,_EOPKG_WI-UN-f1-5,67,train_candidate_target_set_entropy_mean,0,1781070181740,0.0
learn,EOPKG-WI,EOPKGTopologyConditionedWI,65820d654ea74559b1b19d0faa56202d,854778689611649472,_EOPKG_WI-UN-f1-5-67_loan_v1_v5_simulated_GATv2,_EOPKG_WI-UN-f1-5,67,train_candidate_target_set_entropy_mean,0,1781070274519,0.0
learn,EOPKG-WI,EOPKGTopologyConditionedWI,65820d654ea74559b1b19d0faa56202d,854778689611649472,_EOPKG_WI-UN-f1-5-67_loan_v1_v5_simulated_GATv2,_EOPKG_WI-UN-f1-5,67,train_candidate_target_set_entropy_mean,0,1781070274519,0.0
learn,EOPKG-WI,EOPKGTopologyConditionedWI,65820d654ea74559b1b19d0faa56202d,854778689611649472,_EOPKG_WI-UN-f1-5-67_loan_v1_v5_simulated_GATv2,_EOPKG_WI-UN-f1-5,67,train_candidate_target_set_entropy_mean,0,1781070366753,0.0
learn,EOPKG-WI,EOPKGTopologyConditionedWI,65820d654ea74559b1b19d0faa56202d,854778689611649472,_EOPKG_WI-UN-f1-5-67_loan_v1_v5_simulated_GATv2,_EOPKG_WI-UN-f1-5,67,train_candidate_target_set_entropy_mean,0,1781070366753,0.0
learn,EOPKG-WI,EOPKGTopologyConditionedWI,65820d654ea74559b1b19d0faa56202d,854778689611649472,_EOPKG_WI-UN-f1-5-67_loan_v1_v5_simulated_GATv2,_EOPKG_WI-UN-f1-5,67,train_candidate_target_set_entropy_mean,0,1781070459183,0.0
learn,EOPKG-WI,EOPKGTopologyConditionedWI,65820d654ea74559b1b19d0faa56202d,854778689611649472,_EOPKG_WI-UN-f1-5-67_loan_v1_v5_simulated_GATv2,_EOPKG_WI-UN-f1-5,67,train_candidate_target_set_entropy_mean,0,1781070459183,0.0
learn,EOPKG-WI,EOPKGTopologyConditionedWI,65820d654ea74559b1b19d0faa56202d,854778689611649472,_EOPKG_WI-UN-f1-5-67_loan_v1_v5_simulated_GATv2,_EOPKG_WI-UN-f1-5,67,train_candidate_target_set_entropy_mean,0,1781070551394,0.0
learn,EOPKG-WI,EOPKGTopologyConditionedWI,65820d654ea74559b1b19d0faa56202d,854778689611649472,_EOPKG_WI-UN-f1-5-67_loan_v1_v5_simulated_GATv2,_EOPKG_WI-UN-f1-5,67,train_candidate_target_set_entropy_mean,0,1781070551394,0.0
learn,EOPKG-WI,EOPKGTopologyConditionedWI,65820d654ea74559b1b19d0faa56202d,854778689611649472,_EOPKG_WI-UN-f1-5-67_loan_v1_v5_simulated_GATv2,_EOPKG_WI-UN-f1-5,67,train_candidate_target_set_entropy_mean,0,1781070643557,0.0
learn,EOPKG-WI,EOPKGTopologyConditionedWI,65820d654ea74559b1b19d0faa56202d,854778689611649472,_EOPKG_WI-UN-f1-5-67_loan_v1_v5_simulated_GATv2,_EOPKG_WI-UN-f1-5,67,train_candidate_target_set_entropy_mean,0,1781070643557,0.0
learn,EOPKG-WI,EOPKGTopologyConditionedWI,65820d654ea74559b1b19d0faa56202d,854778689611649472,_EOPKG_WI-UN-f1-5-67_loan_v1_v5_simulated_GATv2,_EOPKG_WI-UN-f1-5,67,train_candidate_target_set_entropy_mean,0,1781070735767,0.0
learn,EOPKG-WI,EOPKGTopologyConditionedWI,65820d654ea74559b1b19d0faa56202d,854778689611649472,_EOPKG_WI-UN-f1-5-67_loan_v1_v5_simulated_GATv2,_EOPKG_WI-UN-f1-5,67,train_candidate_target_set_entropy_mean,0,1781070735767,0.0
learn,EOPKG-WI,EOPKGTopologyConditionedWI,65820d654ea74559b1b19d0faa56202d,854778689611649472,_EOPKG_WI-UN-f1-5-67_loan_v1_v5_simulated_GATv2,_EOPKG_WI-UN-f1-5,67,train_candidate_target_set_entropy_mean,0,1781070828647,0.0
learn,EOPKG-WI,EOPKGTopologyConditionedWI,65820d654ea74559b1b19d0faa56202d,854778689611649472,_EOPKG_WI-UN-f1-5-67_loan_v1_v5_simulated_GATv2,_EOPKG_WI-UN-f1-5,67,train_candidate_target_set_entropy_mean,0,1781070828647,0.0
learn,EOPKG-WI,EOPKGTopologyConditionedWI,65820d654ea74559b1b19d0faa56202d,854778689611649472,_EOPKG_WI-UN-f1-5-67_loan_v1_v5_simulated_GATv2,_EOPKG_WI-UN-f1-5,67,train_candidate_target_set_entropy_mean,0,1781070921228,0.0
learn,EOPKG-WI,EOPKGTopologyConditionedWI,65820d654ea74559b1b19d0faa56202d,854778689611649472,_EOPKG_WI-UN-f1-5-67_loan_v1_v5_simulated_GATv2,_EOPKG_WI-UN-f1-5,67,train_candidate_target_set_entropy_mean,0,1781070921228,0.0
learn,EOPKG-WI,EOPKGTopologyConditionedWI,65820d654ea74559b1b19d0faa56202d,854778689611649472,_EOPKG_WI-UN-f1-5-67_loan_v1_v5_simulated_GATv2,_EOPKG_WI-UN-f1-5,67,train_candidate_target_set_entropy_mean,0,1781071013927,0.0
learn,EOPKG-WI,EOPKGTopologyConditionedWI,65820d654ea74559b1b19d0faa56202d,854778689611649472,_EOPKG_WI-UN-f1-5-67_loan_v1_v5_simulated_GATv2,_EOPKG_WI-UN-f1-5,67,train_candidate_target_set_entropy_mean,0,1781071013927,0.0
learn,EOPKG-WI,EOPKGTopologyConditionedWI,65820d654ea74559b1b19d0faa56202d,854778689611649472,_EOPKG_WI-UN-f1-5-67_loan_v1_v5_simulated_GATv2,_EOPKG_WI-UN-f1-5,67,train_candidate_target_set_entropy_mean,0,1781071112627,0.0
learn,EOPKG-WI,EOPKGTopologyConditionedWI,65820d654ea74559b1b19d0faa56202d,854778689611649472,_EOPKG_WI-UN-f1-5-67_loan_v1_v5_simulated_GATv2,_EOPKG_WI-UN-f1-5,67,train_candidate_target_set_entropy_mean,0,1781071112627,0.0
learn,EOPKG-WI,EOPKGTopologyConditionedWI,65820d654ea74559b1b19d0faa56202d,854778689611649472,_EOPKG_WI-UN-f1-5-67_loan_v1_v5_simulated_GATv2,_EOPKG_WI-UN-f1-5,67,train_candidate_target_set_entropy_mean,0,1781071206457,0.0
learn,EOPKG-WI,EOPKGTopologyConditionedWI,65820d654ea74559b1b19d0faa56202d,854778689611649472,_EOPKG_WI-UN-f1-5-67_loan_v1_v5_simulated_GATv2,_EOPKG_WI-UN-f1-5,67,train_candidate_target_set_entropy_mean,0,1781071206457,0.0
learn,EOPKG-WI,EOPKGTopologyConditionedWI,65820d654ea74559b1b19d0faa56202d,854778689611649472,_EOPKG_WI-UN-f1-5-67_loan_v1_v5_simulated_GATv2,_EOPKG_WI-UN-f1-5,67,train_candidate_target_set_entropy_mean,0,1781071300729,0.0
learn,EOPKG-WI,EOPKGTopologyConditionedWI,65820d654ea74559b1b19d0faa56202d,854778689611649472,_EOPKG_WI-UN-f1-5-67_loan_v1_v5_simulated_GATv2,_EOPKG_WI-UN-f1-5,67,train_candidate_target_set_entropy_mean,0,1781071300729,0.0
learn,EOPKG-WI,EOPKGTopologyConditionedWI,65820d654ea74559b1b19d0faa56202d,854778689611649472,_EOPKG_WI-UN-f1-5-67_loan_v1_v5_simulated_GATv2,_EOPKG_WI-UN-f1-5,67,train_candidate_target_set_entropy_mean,0,1781071394918,0.0
learn,EOPKG-WI,EOPKGTopologyConditionedWI,65820d654ea74559b1b19d0faa56202d,854778689611649472,_EOPKG_WI-UN-f1-5-67_loan_v1_v5_simulated_GATv2,_EOPKG_WI-UN-f1-5,67,train_candidate_target_set_entropy_mean,0,1781071394918,0.0
learn,EOPKG-WI,EOPKGTopologyConditionedWI,65820d654ea74559b1b19d0faa56202d,854778689611649472,_EOPKG_WI-UN-f1-5-67_loan_v1_v5_simulated_GATv2,_EOPKG_WI-UN-f1-5,67,train_candidate_target_set_entropy_mean,0,1781071490284,0.0
learn,EOPKG-WI,EOPKGTopologyConditionedWI,65820d654ea74559b1b19d0faa56202d,854778689611649472,_EOPKG_WI-UN-f1-5-67_loan_v1_v5_simulated_GATv2,_EOPKG_WI-UN-f1-5,67,train_candidate_target_set_entropy_mean,0,1781071490284,0.0
learn,EOPKG-WI,EOPKGTopologyConditionedWI,65820d654ea74559b1b19d0faa56202d,854778689611649472,_EOPKG_WI-UN-f1-5-67_loan_v1_v5_simulated_GATv2,_EOPKG_WI-UN-f1-5,67,train_candidate_target_set_entropy_mean,0,1781071584755,0.0
learn,EOPKG-WI,EOPKGTopologyConditionedWI,65820d654ea74559b1b19d0faa56202d,854778689611649472,_EOPKG_WI-UN-f1-5-67_loan_v1_v5_simulated_GATv2,_EOPKG_WI-UN-f1-5,67,train_candidate_target_set_entropy_mean,0,1781071584755,0.0
learn,EOPKG-WI,EOPKGTopologyConditionedWI,65820d654ea74559b1b19d0faa56202d,854778689611649472,_EOPKG_WI-UN-f1-5-67_loan_v1_v5_simulated_GATv2,_EOPKG_WI-UN-f1-5,67,train_candidate_target_set_entropy_mean,0,1781071678927,0.0
learn,EOPKG-WI,EOPKGTopologyConditionedWI,65820d654ea74559b1b19d0faa56202d,854778689611649472,_EOPKG_WI-UN-f1-5-67_loan_v1_v5_simulated_GATv2,_EOPKG_WI-UN-f1-5,67,train_candidate_target_set_entropy_mean,0,1781071678927,0.0
learn,EOPKG-WI,EOPKGTopologyConditionedWI,65820d654ea74559b1b19d0faa56202d,854778689611649472,_EOPKG_WI-UN-f1-5-67_loan_v1_v5_simulated_GATv2,_EOPKG_WI-UN-f1-5,67,train_candidate_target_set_entropy_mean,0,1781071774207,0.0
learn,EOPKG-WI,EOPKGTopologyConditionedWI,65820d654ea74559b1b19d0faa56202d,854778689611649472,_EOPKG_WI-UN-f1-5-67_loan_v1_v5_simulated_GATv2,_EOPKG_WI-UN-f1-5,67,train_candidate_target_set_entropy_mean,0,1781071774207,0.0
learn,EOPKG-WI,EOPKGTopologyConditionedWI,65820d654ea74559b1b19d0faa56202d,854778689611649472,_EOPKG_WI-UN-f1-5-67_loan_v1_v5_simulated_GATv2,_EOPKG_WI-UN-f1-5,67,train_candidate_target_set_entropy_mean,0,1781071868262,0.0
learn,EOPKG-WI,EOPKGTopologyConditionedWI,65820d654ea74559b1b19d0faa56202d,854778689611649472,_EOPKG_WI-UN-f1-5-67_loan_v1_v5_simulated_GATv2,_EOPKG_WI-UN-f1-5,67,train_candidate_target_set_entropy_mean,0,1781071868262,0.0
learn,EOPKG-WI,EOPKGTopologyConditionedWI,65820d654ea74559b1b19d0faa56202d,854778689611649472,_EOPKG_WI-UN-f1-5-67_loan_v1_v5_simulated_GATv2,_EOPKG_WI-UN-f1-5,67,train_candidate_target_set_entropy_mean,0,1781071963583,0.0
learn,EOPKG-WI,EOPKGTopologyConditionedWI,65820d654ea74559b1b19d0faa56202d,854778689611649472,_EOPKG_WI-UN-f1-5-67_loan_v1_v5_simulated_GATv2,_EOPKG_WI-UN-f1-5,67,train_candidate_target_set_entropy_mean,0,1781071963583,0.0
learn,EOPKG-WI,EOPKGTopologyConditionedWI,65820d654ea74559b1b19d0faa56202d,854778689611649472,_EOPKG_WI-UN-f1-5-67_loan_v1_v5_simulated_GATv2,_EOPKG_WI-UN-f1-5,67,train_candidate_target_set_entropy_mean,0,1781072061438,0.0
learn,EOPKG-WI,EOPKGTopologyConditionedWI,65820d654ea74559b1b19d0faa56202d,854778689611649472,_EOPKG_WI-UN-f1-5-67_loan_v1_v5_simulated_GATv2,_EOPKG_WI-UN-f1-5,67,train_candidate_target_set_entropy_mean,0,1781072061438,0.0
learn,EOPKG-WI,EOPKGTopologyConditionedWI,65820d654ea74559b1b19d0faa56202d,854778689611649472,_EOPKG_WI-UN-f1-5-67_loan_v1_v5_simulated_GATv2,_EOPKG_WI-UN-f1-5,67,train_candidate_target_set_entropy_mean,0,1781072155889,0.0
learn,EOPKG-WI,EOPKGTopologyConditionedWI,65820d654ea74559b1b19d0faa56202d,854778689611649472,_EOPKG_WI-UN-f1-5-67_loan_v1_v5_simulated_GATv2,_EOPKG_WI-UN-f1-5,67,train_candidate_target_set_entropy_mean,0,1781072155889,0.0
learn,EOPKG-WI,EOPKGTopologyConditionedWI,65820d654ea74559b1b19d0faa56202d,854778689611649472,_EOPKG_WI-UN-f1-5-67_loan_v1_v5_simulated_GATv2,_EOPKG_WI-UN-f1-5,67,train_candidate_target_set_entropy_mean,0,1781072250300,0.0
learn,EOPKG-WI,EOPKGTopologyConditionedWI,65820d654ea74559b1b19d0faa56202d,854778689611649472,_EOPKG_WI-UN-f1-5-67_loan_v1_v5_simulated_GATv2,_EOPKG_WI-UN-f1-5,67,train_candidate_target_set_entropy_mean,0,1781072250300,0.0
learn,EOPKG-WI,EOPKGTopologyConditionedWI,65820d654ea74559b1b19d0faa56202d,854778689611649472,_EOPKG_WI-UN-f1-5-67_loan_v1_v5_simulated_GATv2,_EOPKG_WI-UN-f1-5,67,train_candidate_target_set_entropy_mean,0,1781072344039,0.0
learn,EOPKG-WI,EOPKGTopologyConditionedWI,65820d654ea74559b1b19d0faa56202d,854778689611649472,_EOPKG_WI-UN-f1-5-67_loan_v1_v5_simulated_GATv2,_EOPKG_WI-UN-f1-5,67,train_candidate_target_set_entropy_mean,0,1781072344039,0.0
learn,EOPKG-WI,EOPKGTopologyConditionedWI,65820d654ea74559b1b19d0faa56202d,854778689611649472,_EOPKG_WI-UN-f1-5-67_loan_v1_v5_simulated_GATv2,_EOPKG_WI-UN-f1-5,67,train_candidate_target_set_entropy_mean,0,1781072439165,0.0
learn,EOPKG-WI,EOPKGTopologyConditionedWI,65820d654ea74559b1b19d0faa56202d,854778689611649472,_EOPKG_WI-UN-f1-5-67_loan_v1_v5_simulated_GATv2,_EOPKG_WI-UN-f1-5,67,train_candidate_target_set_entropy_mean,0,1781072439165,0.0
learn,EOPKG-WI,EOPKGTopologyConditionedWI,65820d654ea74559b1b19d0faa56202d,854778689611649472,_EOPKG_WI-UN-f1-5-67_loan_v1_v5_simulated_GATv2,_EOPKG_WI-UN-f1-5,67,train_candidate_target_set_entropy_mean,0,1781072533567,0.0
learn,EOPKG-WI,EOPKGTopologyConditionedWI,65820d654ea74559b1b19d0faa56202d,854778689611649472,_EOPKG_WI-UN-f1-5-67_loan_v1_v5_simulated_GATv2,_EOPKG_WI-UN-f1-5,67,train_candidate_target_set_entropy_mean,0,1781072533567,0.0
learn,EOPKG-WI,EOPKGTopologyConditionedWI,65820d654ea74559b1b19d0faa56202d,854778689611649472,_EOPKG_WI-UN-f1-5-67_loan_v1_v5_simulated_GATv2,_EOPKG_WI-UN-f1-5,67,train_candidate_target_set_entropy_mean,0,1781072627642,0.0
learn,EOPKG-WI,EOPKGTopologyConditionedWI,65820d654ea74559b1b19d0faa56202d,854778689611649472,_EOPKG_WI-UN-f1-5-67_loan_v1_v5_simulated_GATv2,_EOPKG_WI-UN-f1-5,67,train_candidate_target_set_entropy_mean,0,1781072627642,0.0
learn,EOPKG-WI,EOPKGTopologyConditionedWI,65820d654ea74559b1b19d0faa56202d,854778689611649472,_EOPKG_WI-UN-f1-5-67_loan_v1_v5_simulated_GATv2,_EOPKG_WI-UN-f1-5,67,train_candidate_target_set_entropy_mean,0,1781072722118,0.0
learn,EOPKG-WI,EOPKGTopologyConditionedWI,65820d654ea74559b1b19d0faa56202d,854778689611649472,_EOPKG_WI-UN-f1-5-67_loan_v1_v5_simulated_GATv2,_EOPKG_WI-UN-f1-5,67,train_candidate_target_set_entropy_mean,0,1781072722118,0.0
learn,EOPKG-WI,EOPKGTopologyConditionedWI,65820d654ea74559b1b19d0faa56202d,854778689611649472,_EOPKG_WI-UN-f1-5-67_loan_v1_v5_simulated_GATv2,_EOPKG_WI-UN-f1-5,67,train_candidate_target_set_entropy_mean,0,1781072816471,0.0
learn,EOPKG-WI,EOPKGTopologyConditionedWI,65820d654ea74559b1b19d0faa56202d,854778689611649472,_EOPKG_WI-UN-f1-5-67_loan_v1_v5_simulated_GATv2,_EOPKG_WI-UN-f1-5,67,train_candidate_target_set_entropy_mean,0,1781072816471,0.0
learn,EOPKG-WI,EOPKGTopologyConditionedWI,65820d654ea74559b1b19d0faa56202d,854778689611649472,_EOPKG_WI-UN-f1-5-67_loan_v1_v5_simulated_GATv2,_EOPKG_WI-UN-f1-5,67,train_candidate_target_set_entropy_mean,0,1781072910873,0.0
learn,EOPKG-WI,EOPKGTopologyConditionedWI,65820d654ea74559b1b19d0faa56202d,854778689611649472,_EOPKG_WI-UN-f1-5-67_loan_v1_v5_simulated_GATv2,_EOPKG_WI-UN-f1-5,67,train_candidate_target_set_entropy_mean,0,1781072910873,0.0
learn,EOPKG-WI,EOPKGTopologyConditionedWI,65820d654ea74559b1b19d0faa56202d,854778689611649472,_EOPKG_WI-UN-f1-5-67_loan_v1_v5_simulated_GATv2,_EOPKG_WI-UN-f1-5,67,train_candidate_target_set_entropy_mean,0,1781073007878,0.0
learn,EOPKG-WI,EOPKGTopologyConditionedWI,65820d654ea74559b1b19d0faa56202d,854778689611649472,_EOPKG_WI-UN-f1-5-67_loan_v1_v5_simulated_GATv2,_EOPKG_WI-UN-f1-5,67,train_candidate_target_set_entropy_mean,0,1781073007878,0.0
learn,EOPKG-WI,EOPKGTopologyConditionedWI,65820d654ea74559b1b19d0faa56202d,854778689611649472,_EOPKG_WI-UN-f1-5-67_loan_v1_v5_simulated_GATv2,_EOPKG_WI-UN-f1-5,67,train_candidate_target_set_entropy_mean,0,1781073103130,0.0
learn,EOPKG-WI,EOPKGTopologyConditionedWI,65820d654ea74559b1b19d0faa56202d,854778689611649472,_EOPKG_WI-UN-f1-5-67_loan_v1_v5_simulated_GATv2,_EOPKG_WI-UN-f1-5,67,train_candidate_target_set_entropy_mean,0,1781073103130,0.0
learn,EOPKG-WI,EOPKGTopologyConditionedWI,65820d654ea74559b1b19d0faa56202d,854778689611649472,_EOPKG_WI-UN-f1-5-67_loan_v1_v5_simulated_GATv2,_EOPKG_WI-UN-f1-5,67,train_candidate_target_set_entropy_mean,0,1781073198226,0.0
learn,EOPKG-WI,EOPKGTopologyConditionedWI,65820d654ea74559b1b19d0faa56202d,854778689611649472,_EOPKG_WI-UN-f1-5-67_loan_v1_v5_simulated_GATv2,_EOPKG_WI-UN-f1-5,67,train_candidate_target_set_entropy_mean,0,1781073198226,0.0
learn,EOPKG-WI,EOPKGTopologyConditionedWI,65820d654ea74559b1b19d0faa56202d,854778689611649472,_EOPKG_WI-UN-f1-5-67_loan_v1_v5_simulated_GATv2,_EOPKG_WI-UN-f1-5,67,train_candidate_target_set_entropy_mean,0,1781073292399,0.0
learn,EOPKG-WI,EOPKGTopologyConditionedWI,65820d654ea74559b1b19d0faa56202d,854778689611649472,_EOPKG_WI-UN-f1-5-67_loan_v1_v5_simulated_GATv2,_EOPKG_WI-UN-f1-5,67,train_candidate_target_set_entropy_mean,0,1781073292399,0.0
learn,EOPKG-WI,EOPKGTopologyConditionedWI,65820d654ea74559b1b19d0faa56202d,854778689611649472,_EOPKG_WI-UN-f1-5-67_loan_v1_v5_simulated_GATv2,_EOPKG_WI-UN-f1-5,67,train_candidate_target_set_entropy_mean,0,1781073386853,0.0
learn,EOPKG-WI,EOPKGTopologyConditionedWI,65820d654ea74559b1b19d0faa56202d,854778689611649472,_EOPKG_WI-UN-f1-5-67_loan_v1_v5_simulated_GATv2,_EOPKG_WI-UN-f1-5,67,train_candidate_target_set_entropy_mean,0,1781073386853,0.0
learn,EOPKG-WI,EOPKGTopologyConditionedWI,65820d654ea74559b1b19d0faa56202d,854778689611649472,_EOPKG_WI-UN-f1-5-67_loan_v1_v5_simulated_GATv2,_EOPKG_WI-UN-f1-5,67,train_candidate_target_set_entropy_mean,0,1781073481119,0.0
learn,EOPKG-WI,EOPKGTopologyConditionedWI,65820d654ea74559b1b19d0faa56202d,854778689611649472,_EOPKG_WI-UN-f1-5-67_loan_v1_v5_simulated_GATv2,_EOPKG_WI-UN-f1-5,67,train_candidate_target_set_entropy_mean,0,1781073481119,0.0
learn,EOPKG-WI,EOPKGTopologyConditionedWI,65820d654ea74559b1b19d0faa56202d,854778689611649472,_EOPKG_WI-UN-f1-5-67_loan_v1_v5_simulated_GATv2,_EOPKG_WI-UN-f1-5,67,train_candidate_target_set_entropy_mean,0,1781073575482,0.0
learn,EOPKG-WI,EOPKGTopologyConditionedWI,65820d654ea74559b1b19d0faa56202d,854778689611649472,_EOPKG_WI-UN-f1-5-67_loan_v1_v5_simulated_GATv2,_EOPKG_WI-UN-f1-5,67,train_candidate_target_set_entropy_mean,0,1781073575482,0.0
learn,EOPKG-WI,EOPKGTopologyConditionedWI,65820d654ea74559b1b19d0faa56202d,854778689611649472,_EOPKG_WI-UN-f1-5-67_loan_v1_v5_simulated_GATv2,_EOPKG_WI-UN-f1-5,67,train_candidate_target_set_entropy_mean,0,1781073670069,0.0
learn,EOPKG-WI,EOPKGTopologyConditionedWI,65820d654ea74559b1b19d0faa56202d,854778689611649472,_EOPKG_WI-UN-f1-5-67_loan_v1_v5_simulated_GATv2,_EOPKG_WI-UN-f1-5,67,train_candidate_target_set_entropy_mean,0,1781073670069,0.0
learn,EOPKG-WI,EOPKGTopologyConditionedWI,65820d654ea74559b1b19d0faa56202d,854778689611649472,_EOPKG_WI-UN-f1-5-67_loan_v1_v5_simulated_GATv2,_EOPKG_WI-UN-f1-5,67,train_candidate_target_set_entropy_mean,0,1781073764972,0.0
learn,EOPKG-WI,EOPKGTopologyConditionedWI,65820d654ea74559b1b19d0faa56202d,854778689611649472,_EOPKG_WI-UN-f1-5-67_loan_v1_v5_simulated_GATv2,_EOPKG_WI-UN-f1-5,67,train_candidate_target_set_entropy_mean,0,1781073764972,0.0
learn,EOPKG-WI,EOPKGTopologyConditionedWI,65820d654ea74559b1b19d0faa56202d,854778689611649472,_EOPKG_WI-UN-f1-5-67_loan_v1_v5_simulated_GATv2,_EOPKG_WI-UN-f1-5,67,train_candidate_target_set_entropy_mean,0,1781073861876,0.0
learn,EOPKG-WI,EOPKGTopologyConditionedWI,65820d654ea74559b1b19d0faa56202d,854778689611649472,_EOPKG_WI-UN-f1-5-67_loan_v1_v5_simulated_GATv2,_EOPKG_WI-UN-f1-5,67,train_candidate_target_set_entropy_mean,0,1781073861876,0.0
learn,EOPKG-WI,EOPKGTopologyConditionedWI,65820d654ea74559b1b19d0faa56202d,854778689611649472,_EOPKG_WI-UN-f1-5-67_loan_v1_v5_simulated_GATv2,_EOPKG_WI-UN-f1-5,67,train_candidate_target_set_entropy_mean,0,1781073956329,0.0
learn,EOPKG-WI,EOPKGTopologyConditionedWI,65820d654ea74559b1b19d0faa56202d,854778689611649472,_EOPKG_WI-UN-f1-5-67_loan_v1_v5_simulated_GATv2,_EOPKG_WI-UN-f1-5,67,train_candidate_target_set_entropy_mean,0,1781073956329,0.0
learn,EOPKG-WI,EOPKGTopologyConditionedWI,65820d654ea74559b1b19d0faa56202d,854778689611649472,_EOPKG_WI-UN-f1-5-67_loan_v1_v5_simulated_GATv2,_EOPKG_WI-UN-f1-5,67,train_candidate_target_set_entropy_mean,0,1781074051321,0.0
learn,EOPKG-WI,EOPKGTopologyConditionedWI,65820d654ea74559b1b19d0faa56202d,854778689611649472,_EOPKG_WI-UN-f1-5-67_loan_v1_v5_simulated_GATv2,_EOPKG_WI-UN-f1-5,67,train_candidate_target_set_entropy_mean,0,1781074051321,0.0
learn,EOPKG-WI,EOPKGTopologyConditionedWI,65820d654ea74559b1b19d0faa56202d,854778689611649472,_EOPKG_WI-UN-f1-5-67_loan_v1_v5_simulated_GATv2,_EOPKG_WI-UN-f1-5,67,train_candidate_target_set_entropy_mean,0,1781074145861,0.0
learn,EOPKG-WI,EOPKGTopologyConditionedWI,65820d654ea74559b1b19d0faa56202d,854778689611649472,_EOPKG_WI-UN-f1-5-67_loan_v1_v5_simulated_GATv2,_EOPKG_WI-UN-f1-5,67,train_candidate_target_set_entropy_mean,0,1781074145861,0.0
learn,EOPKG-WI,EOPKGTopologyConditionedWI,65820d654ea74559b1b19d0faa56202d,854778689611649472,_EOPKG_WI-UN-f1-5-67_loan_v1_v5_simulated_GATv2,_EOPKG_WI-UN-f1-5,67,train_candidate_target_set_entropy_mean,0,1781074240133,0.0
learn,EOPKG-WI,EOPKGTopologyConditionedWI,65820d654ea74559b1b19d0faa56202d,854778689611649472,_EOPKG_WI-UN-f1-5-67_loan_v1_v5_simulated_GATv2,_EOPKG_WI-UN-f1-5,67,train_candidate_target_set_entropy_mean,0,1781074240133,0.0
learn,EOPKG-WI,EOPKGTopologyConditionedWI,65820d654ea74559b1b19d0faa56202d,854778689611649472,_EOPKG_WI-UN-f1-5-67_loan_v1_v5_simulated_GATv2,_EOPKG_WI-UN-f1-5,67,train_candidate_target_set_entropy_mean,0,1781074335307,0.0
learn,EOPKG-WI,EOPKGTopologyConditionedWI,65820d654ea74559b1b19d0faa56202d,854778689611649472,_EOPKG_WI-UN-f1-5-67_loan_v1_v5_simulated_GATv2,_EOPKG_WI-UN-f1-5,67,train_candidate_target_set_entropy_mean,0,1781074335307,0.0
learn,EOPKG-WI,EOPKGTopologyConditionedWI,65820d654ea74559b1b19d0faa56202d,854778689611649472,_EOPKG_WI-UN-f1-5-67_loan_v1_v5_simulated_GATv2,_EOPKG_WI-UN-f1-5,67,train_candidate_target_set_entropy_mean,0,1781074430984,0.0
learn,EOPKG-WI,EOPKGTopologyConditionedWI,65820d654ea74559b1b19d0faa56202d,854778689611649472,_EOPKG_WI-UN-f1-5-67_loan_v1_v5_simulated_GATv2,_EOPKG_WI-UN-f1-5,67,train_candidate_target_set_entropy_mean,0,1781074430984,0.0
learn,EOPKG-WI,EOPKGTopologyConditionedWI,65820d654ea74559b1b19d0faa56202d,854778689611649472,_EOPKG_WI-UN-f1-5-67_loan_v1_v5_simulated_GATv2,_EOPKG_WI-UN-f1-5,67,train_candidate_target_set_entropy_mean,0,1781074525584,0.0
learn,EOPKG-WI,EOPKGTopologyConditionedWI,65820d654ea74559b1b19d0faa56202d,854778689611649472,_EOPKG_WI-UN-f1-5-67_loan_v1_v5_simulated_GATv2,_EOPKG_WI-UN-f1-5,67,train_candidate_target_set_entropy_mean,0,1781074525584,0.0
learn,EOPKG-WI,EOPKGTopologyConditionedWI,65820d654ea74559b1b19d0faa56202d,854778689611649472,_EOPKG_WI-UN-f1-5-67_loan_v1_v5_simulated_GATv2,_EOPKG_WI-UN-f1-5,67,train_candidate_target_set_entropy_mean,0,1781074620925,0.0
learn,EOPKG-WI,EOPKGTopologyConditionedWI,65820d654ea74559b1b19d0faa56202d,854778689611649472,_EOPKG_WI-UN-f1-5-67_loan_v1_v5_simulated_GATv2,_EOPKG_WI-UN-f1-5,67,train_candidate_target_set_entropy_mean,0,1781074620925,0.0
learn,EOPKG-WI,EOPKGTopologyConditionedWI,65820d654ea74559b1b19d0faa56202d,854778689611649472,_EOPKG_WI-UN-f1-5-67_loan_v1_v5_simulated_GATv2,_EOPKG_WI-UN-f1-5,67,train_candidate_target_set_entropy_mean,0,1781074714857,0.0
learn,EOPKG-WI,EOPKGTopologyConditionedWI,65820d654ea74559b1b19d0faa56202d,854778689611649472,_EOPKG_WI-UN-f1-5-67_loan_v1_v5_simulated_GATv2,_EOPKG_WI-UN-f1-5,67,train_candidate_target_set_entropy_mean,0,1781074714857,0.0
learn,EOPKG-WI,EOPKGTopologyConditionedWI,65820d654ea74559b1b19d0faa56202d,854778689611649472,_EOPKG_WI-UN-f1-5-67_loan_v1_v5_simulated_GATv2,_EOPKG_WI-UN-f1-5,67,train_candidate_target_set_entropy_mean,0,1781074810420,0.0
learn,EOPKG-WI,EOPKGTopologyConditionedWI,65820d654ea74559b1b19d0faa56202d,854778689611649472,_EOPKG_WI-UN-f1-5-67_loan_v1_v5_simulated_GATv2,_EOPKG_WI-UN-f1-5,67,train_candidate_target_set_entropy_mean,0,1781074810420,0.0
learn,EOPKG-WI,EOPKGTopologyConditionedWI,65820d654ea74559b1b19d0faa56202d,854778689611649472,_EOPKG_WI-UN-f1-5-67_loan_v1_v5_simulated_GATv2,_EOPKG_WI-UN-f1-5,67,train_candidate_target_set_entropy_mean,0,1781074905009,0.0
learn,EOPKG-WI,EOPKGTopologyConditionedWI,65820d654ea74559b1b19d0faa56202d,854778689611649472,_EOPKG_WI-UN-f1-5-67_loan_v1_v5_simulated_GATv2,_EOPKG_WI-UN-f1-5,67,train_candidate_target_set_entropy_mean,0,1781074905009,0.0
learn,EOPKG-WI,EOPKGTopologyConditionedWI,65820d654ea74559b1b19d0faa56202d,854778689611649472,_EOPKG_WI-UN-f1-5-67_loan_v1_v5_simulated_GATv2,_EOPKG_WI-UN-f1-5,67,train_candidate_target_set_entropy_mean,0,1781075000432,0.0
learn,EOPKG-WI,EOPKGTopologyConditionedWI,65820d654ea74559b1b19d0faa56202d,854778689611649472,_EOPKG_WI-UN-f1-5-67_loan_v1_v5_simulated_GATv2,_EOPKG_WI-UN-f1-5,67,train_candidate_target_set_entropy_mean,0,1781075000432,0.0
learn,EOPKG-WI,EOPKGTopologyConditionedWI,65820d654ea74559b1b19d0faa56202d,854778689611649472,_EOPKG_WI-UN-f1-5-67_loan_v1_v5_simulated_GATv2,_EOPKG_WI-UN-f1-5,67,train_candidate_target_set_entropy_mean,0,1781075095365,0.0
learn,EOPKG-WI,EOPKGTopologyConditionedWI,65820d654ea74559b1b19d0faa56202d,854778689611649472,_EOPKG_WI-UN-f1-5-67_loan_v1_v5_simulated_GATv2,_EOPKG_WI-UN-f1-5,67,train_candidate_target_set_entropy_mean,0,1781075095365,0.0
learn,EOPKG-WI,EOPKGTopologyConditionedWI,65820d654ea74559b1b19d0faa56202d,854778689611649472,_EOPKG_WI-UN-f1-5-67_loan_v1_v5_simulated_GATv2,_EOPKG_WI-UN-f1-5,67,train_candidate_target_set_entropy_mean,0,1781075190009,0.0
learn,EOPKG-WI,EOPKGTopologyConditionedWI,65820d654ea74559b1b19d0faa56202d,854778689611649472,_EOPKG_WI-UN-f1-5-67_loan_v1_v5_simulated_GATv2,_EOPKG_WI-UN-f1-5,67,train_candidate_target_set_entropy_mean,0,1781075190009,0.0
learn,EOPKG-WI,EOPKGTopologyConditionedWI,65820d654ea74559b1b19d0faa56202d,854778689611649472,_EOPKG_WI-UN-f1-5-67_loan_v1_v5_simulated_GATv2,_EOPKG_WI-UN-f1-5,67,train_candidate_target_set_entropy_mean,0,1781075284457,0.0
learn,EOPKG-WI,EOPKGTopologyConditionedWI,65820d654ea74559b1b19d0faa56202d,854778689611649472,_EOPKG_WI-UN-f1-5-67_loan_v1_v5_simulated_GATv2,_EOPKG_WI-UN-f1-5,67,train_candidate_target_set_entropy_mean,0,1781075284457,0.0
learn,EOPKG-WI,EOPKGTopologyConditionedWI,65820d654ea74559b1b19d0faa56202d,854778689611649472,_EOPKG_WI-UN-f1-5-67_loan_v1_v5_simulated_GATv2,_EOPKG_WI-UN-f1-5,67,train_candidate_target_set_entropy_mean,0,1781075378509,0.0
learn,EOPKG-WI,EOPKGTopologyConditionedWI,65820d654ea74559b1b19d0faa56202d,854778689611649472,_EOPKG_WI-UN-f1-5-67_loan_v1_v5_simulated_GATv2,_EOPKG_WI-UN-f1-5,67,train_candidate_target_set_entropy_mean,0,1781075378509,0.0
learn,EOPKG-WI,EOPKGTopologyConditionedWI,65820d654ea74559b1b19d0faa56202d,854778689611649472,_EOPKG_WI-UN-f1-5-67_loan_v1_v5_simulated_GATv2,_EOPKG_WI-UN-f1-5,67,train_candidate_target_set_entropy_mean,0,1781075473379,0.0
learn,EOPKG-WI,EOPKGTopologyConditionedWI,65820d654ea74559b1b19d0faa56202d,854778689611649472,_EOPKG_WI-UN-f1-5-67_loan_v1_v5_simulated_GATv2,_EOPKG_WI-UN-f1-5,67,train_candidate_target_set_entropy_mean,0,1781075473379,0.0
learn,EOPKG-WI,EOPKGTopologyConditionedWI,65820d654ea74559b1b19d0faa56202d,854778689611649472,_EOPKG_WI-UN-f1-5-67_loan_v1_v5_simulated_GATv2,_EOPKG_WI-UN-f1-5,67,train_candidate_target_set_entropy_mean,0,1781075568215,0.0
learn,EOPKG-WI,EOPKGTopologyConditionedWI,65820d654ea74559b1b19d0faa56202d,854778689611649472,_EOPKG_WI-UN-f1-5-67_loan_v1_v5_simulated_GATv2,_EOPKG_WI-UN-f1-5,67,train_candidate_target_set_entropy_mean,0,1781075568215,0.0
learn,EOPKG-WI,EOPKGTopologyConditionedWI,65820d654ea74559b1b19d0faa56202d,854778689611649472,_EOPKG_WI-UN-f1-5-67_loan_v1_v5_simulated_GATv2,_EOPKG_WI-UN-f1-5,67,train_candidate_target_set_entropy_mean,0,1781075670696,0.0
learn,EOPKG-WI,EOPKGTopologyConditionedWI,65820d654ea74559b1b19d0faa56202d,854778689611649472,_EOPKG_WI-UN-f1-5-67_loan_v1_v5_simulated_GATv2,_EOPKG_WI-UN-f1-5,67,train_candidate_target_set_entropy_mean,0,1781075670696,0.0
learn,EOPKG-WI,EOPKGTopologyConditionedWI,65820d654ea74559b1b19d0faa56202d,854778689611649472,_EOPKG_WI-UN-f1-5-67_loan_v1_v5_simulated_GATv2,_EOPKG_WI-UN-f1-5,67,train_candidate_target_set_entropy_mean,0,1781075766503,0.0
learn,EOPKG-WI,EOPKGTopologyConditionedWI,65820d654ea74559b1b19d0faa56202d,854778689611649472,_EOPKG_WI-UN-f1-5-67_loan_v1_v5_simulated_GATv2,_EOPKG_WI-UN-f1-5,67,train_candidate_target_set_entropy_mean,0,1781075766503,0.0
learn,EOPKG-WI,EOPKGTopologyConditionedWI,65820d654ea74559b1b19d0faa56202d,854778689611649472,_EOPKG_WI-UN-f1-5-67_loan_v1_v5_simulated_GATv2,_EOPKG_WI-UN-f1-5,67,train_candidate_target_set_entropy_mean,0,1781075861476,0.0
learn,EOPKG-WI,EOPKGTopologyConditionedWI,65820d654ea74559b1b19d0faa56202d,854778689611649472,_EOPKG_WI-UN-f1-5-67_loan_v1_v5_simulated_GATv2,_EOPKG_WI-UN-f1-5,67,train_candidate_target_set_entropy_mean,0,1781075861476,0.0
learn,EOPKG-WI,EOPKGTopologyConditionedWI,65820d654ea74559b1b19d0faa56202d,854778689611649472,_EOPKG_WI-UN-f1-5-67_loan_v1_v5_simulated_GATv2,_EOPKG_WI-UN-f1-5,67,train_candidate_target_set_entropy_mean,0,1781075955635,0.0
learn,EOPKG-WI,EOPKGTopologyConditionedWI,65820d654ea74559b1b19d0faa56202d,854778689611649472,_EOPKG_WI-UN-f1-5-67_loan_v1_v5_simulated_GATv2,_EOPKG_WI-UN-f1-5,67,train_candidate_target_set_entropy_mean,0,1781075955635,0.0
learn,EOPKG-WI,EOPKGTopologyConditionedWI,65820d654ea74559b1b19d0faa56202d,854778689611649472,_EOPKG_WI-UN-f1-5-67_loan_v1_v5_simulated_GATv2,_EOPKG_WI-UN-f1-5,67,train_candidate_target_set_entropy_mean,0,1781076050836,0.0
learn,EOPKG-WI,EOPKGTopologyConditionedWI,65820d654ea74559b1b19d0faa56202d,854778689611649472,_EOPKG_WI-UN-f1-5-67_loan_v1_v5_simulated_GATv2,_EOPKG_WI-UN-f1-5,67,train_candidate_target_set_entropy_mean,0,1781076050836,0.0
learn,EOPKG-WI,EOPKGTopologyConditionedWI,65820d654ea74559b1b19d0faa56202d,854778689611649472,_EOPKG_WI-UN-f1-5-67_loan_v1_v5_simulated_GATv2,_EOPKG_WI-UN-f1-5,67,train_candidate_target_set_entropy_mean,0,1781076145180,0.0
learn,EOPKG-WI,EOPKGTopologyConditionedWI,65820d654ea74559b1b19d0faa56202d,854778689611649472,_EOPKG_WI-UN-f1-5-67_loan_v1_v5_simulated_GATv2,_EOPKG_WI-UN-f1-5,67,train_candidate_target_set_entropy_mean,0,1781076145180,0.0
learn,EOPKG-WI,EOPKGTopologyConditionedWI,65820d654ea74559b1b19d0faa56202d,854778689611649472,_EOPKG_WI-UN-f1-5-67_loan_v1_v5_simulated_GATv2,_EOPKG_WI-UN-f1-5,67,train_candidate_target_set_entropy_mean,0,1781076241118,0.0
learn,EOPKG-WI,EOPKGTopologyConditionedWI,65820d654ea74559b1b19d0faa56202d,854778689611649472,_EOPKG_WI-UN-f1-5-67_loan_v1_v5_simulated_GATv2,_EOPKG_WI-UN-f1-5,67,train_candidate_target_set_entropy_mean,0,1781076241118,0.0
learn,EOPKG-WI,EOPKGTopologyConditionedWI,65820d654ea74559b1b19d0faa56202d,854778689611649472,_EOPKG_WI-UN-f1-5-67_loan_v1_v5_simulated_GATv2,_EOPKG_WI-UN-f1-5,67,train_candidate_target_set_entropy_mean,0,1781076335428,0.0
learn,EOPKG-WI,EOPKGTopologyConditionedWI,65820d654ea74559b1b19d0faa56202d,854778689611649472,_EOPKG_WI-UN-f1-5-67_loan_v1_v5_simulated_GATv2,_EOPKG_WI-UN-f1-5,67,train_candidate_target_set_entropy_mean,0,1781076335428,0.0
learn,EOPKG-WI,EOPKGTopologyConditionedWI,65820d654ea74559b1b19d0faa56202d,854778689611649472,_EOPKG_WI-UN-f1-5-67_loan_v1_v5_simulated_GATv2,_EOPKG_WI-UN-f1-5,67,train_candidate_target_set_entropy_mean,0,1781076430112,0.0
learn,EOPKG-WI,EOPKGTopologyConditionedWI,65820d654ea74559b1b19d0faa56202d,854778689611649472,_EOPKG_WI-UN-f1-5-67_loan_v1_v5_simulated_GATv2,_EOPKG_WI-UN-f1-5,67,train_candidate_target_set_entropy_mean,0,1781076430112,0.0
learn,EOPKG-WI,EOPKGTopologyConditionedWI,65820d654ea74559b1b19d0faa56202d,854778689611649472,_EOPKG_WI-UN-f1-5-67_loan_v1_v5_simulated_GATv2,_EOPKG_WI-UN-f1-5,67,train_candidate_target_set_entropy_mean,0,1781076528899,0.0
learn,EOPKG-WI,EOPKGTopologyConditionedWI,65820d654ea74559b1b19d0faa56202d,854778689611649472,_EOPKG_WI-UN-f1-5-67_loan_v1_v5_simulated_GATv2,_EOPKG_WI-UN-f1-5,67,train_candidate_target_set_entropy_mean,0,1781076528899,0.0
learn,EOPKG-WI,EOPKGTopologyConditionedWI,65820d654ea74559b1b19d0faa56202d,854778689611649472,_EOPKG_WI-UN-f1-5-67_loan_v1_v5_simulated_GATv2,_EOPKG_WI-UN-f1-5,67,train_candidate_target_set_entropy_mean,0,1781076623291,0.0
learn,EOPKG-WI,EOPKGTopologyConditionedWI,65820d654ea74559b1b19d0faa56202d,854778689611649472,_EOPKG_WI-UN-f1-5-67_loan_v1_v5_simulated_GATv2,_EOPKG_WI-UN-f1-5,67,train_candidate_target_set_entropy_mean,0,1781076623291,0.0
learn,EOPKG-WI,EOPKGTopologyConditionedWI,65820d654ea74559b1b19d0faa56202d,854778689611649472,_EOPKG_WI-UN-f1-5-67_loan_v1_v5_simulated_GATv2,_EOPKG_WI-UN-f1-5,67,train_candidate_target_set_entropy_mean,0,1781076718284,0.0
learn,EOPKG-WI,EOPKGTopologyConditionedWI,65820d654ea74559b1b19d0faa56202d,854778689611649472,_EOPKG_WI-UN-f1-5-67_loan_v1_v5_simulated_GATv2,_EOPKG_WI-UN-f1-5,67,train_candidate_target_set_entropy_mean,0,1781076718284,0.0
learn,EOPKG-WI,EOPKGTopologyConditionedWI,65820d654ea74559b1b19d0faa56202d,854778689611649472,_EOPKG_WI-UN-f1-5-67_loan_v1_v5_simulated_GATv2,_EOPKG_WI-UN-f1-5,67,train_candidate_target_set_entropy_mean,0,1781076873137,0.0
learn,EOPKG-WI,EOPKGTopologyConditionedWI,65820d654ea74559b1b19d0faa56202d,854778689611649472,_EOPKG_WI-UN-f1-5-67_loan_v1_v5_simulated_GATv2,_EOPKG_WI-UN-f1-5,67,train_candidate_target_set_entropy_mean,0,1781076873137,0.0
learn,EOPKG-WI,EOPKGTopologyConditionedWI,65820d654ea74559b1b19d0faa56202d,854778689611649472,_EOPKG_WI-UN-f1-5-67_loan_v1_v5_simulated_GATv2,_EOPKG_WI-UN-f1-5,67,train_candidate_target_set_entropy_mean,0,1781077000882,0.0
learn,EOPKG-WI,EOPKGTopologyConditionedWI,65820d654ea74559b1b19d0faa56202d,854778689611649472,_EOPKG_WI-UN-f1-5-67_loan_v1_v5_simulated_GATv2,_EOPKG_WI-UN-f1-5,67,train_candidate_target_set_entropy_mean,0,1781077000882,0.0
learn,EOPKG-WI,EOPKGTopologyConditionedWI,65820d654ea74559b1b19d0faa56202d,854778689611649472,_EOPKG_WI-UN-f1-5-67_loan_v1_v5_simulated_GATv2,_EOPKG_WI-UN-f1-5,67,train_candidate_target_set_entropy_mean,0,1781077135601,0.0
learn,EOPKG-WI,EOPKGTopologyConditionedWI,65820d654ea74559b1b19d0faa56202d,854778689611649472,_EOPKG_WI-UN-f1-5-67_loan_v1_v5_simulated_GATv2,_EOPKG_WI-UN-f1-5,67,train_candidate_target_set_entropy_mean,0,1781077135601,0.0
learn,EOPKG-WI,EOPKGTopologyConditionedWI,65820d654ea74559b1b19d0faa56202d,854778689611649472,_EOPKG_WI-UN-f1-5-67_loan_v1_v5_simulated_GATv2,_EOPKG_WI-UN-f1-5,67,train_candidate_target_set_entropy_mean,0,1781077257336,0.0
learn,EOPKG-WI,EOPKGTopologyConditionedWI,65820d654ea74559b1b19d0faa56202d,854778689611649472,_EOPKG_WI-UN-f1-5-67_loan_v1_v5_simulated_GATv2,_EOPKG_WI-UN-f1-5,67,train_candidate_target_set_entropy_mean,0,1781077257336,0.0
learn,EOPKG-WI,EOPKGTopologyConditionedWI,65820d654ea74559b1b19d0faa56202d,854778689611649472,_EOPKG_WI-UN-f1-5-67_loan_v1_v5_simulated_GATv2,_EOPKG_WI-UN-f1-5,67,train_candidate_target_set_entropy_mean,0,1781077381301,0.0
learn,EOPKG-WI,EOPKGTopologyConditionedWI,65820d654ea74559b1b19d0faa56202d,854778689611649472,_EOPKG_WI-UN-f1-5-67_loan_v1_v5_simulated_GATv2,_EOPKG_WI-UN-f1-5,67,train_candidate_target_set_entropy_mean,0,1781077381301,0.0
learn,EOPKG-WI,EOPKGTopologyConditionedWI,65820d654ea74559b1b19d0faa56202d,854778689611649472,_EOPKG_WI-UN-f1-5-67_loan_v1_v5_simulated_GATv2,_EOPKG_WI-UN-f1-5,67,train_candidate_target_set_entropy_mean,0,1781077496830,0.0
learn,EOPKG-WI,EOPKGTopologyConditionedWI,65820d654ea74559b1b19d0faa56202d,854778689611649472,_EOPKG_WI-UN-f1-5-67_loan_v1_v5_simulated_GATv2,_EOPKG_WI-UN-f1-5,67,train_candidate_target_set_entropy_mean,0,1781077496830,0.0
learn,EOPKG-WI,EOPKGTopologyConditionedWI,65820d654ea74559b1b19d0faa56202d,854778689611649472,_EOPKG_WI-UN-f1-5-67_loan_v1_v5_simulated_GATv2,_EOPKG_WI-UN-f1-5,67,train_candidate_target_set_entropy_mean,0,1781077611912,0.0
learn,EOPKG-WI,EOPKGTopologyConditionedWI,65820d654ea74559b1b19d0faa56202d,854778689611649472,_EOPKG_WI-UN-f1-5-67_loan_v1_v5_simulated_GATv2,_EOPKG_WI-UN-f1-5,67,train_candidate_target_set_entropy_mean,0,1781077611912,0.0
learn,EOPKG-WI,EOPKGTopologyConditionedWI,65820d654ea74559b1b19d0faa56202d,854778689611649472,_EOPKG_WI-UN-f1-5-67_loan_v1_v5_simulated_GATv2,_EOPKG_WI-UN-f1-5,67,train_candidate_target_set_entropy_mean,0,1781077745634,0.0
learn,EOPKG-WI,EOPKGTopologyConditionedWI,65820d654ea74559b1b19d0faa56202d,854778689611649472,_EOPKG_WI-UN-f1-5-67_loan_v1_v5_simulated_GATv2,_EOPKG_WI-UN-f1-5,67,train_candidate_target_set_entropy_mean,0,1781077745634,0.0
learn,EOPKG-WI,EOPKGTopologyConditionedWI,65820d654ea74559b1b19d0faa56202d,854778689611649472,_EOPKG_WI-UN-f1-5-67_loan_v1_v5_simulated_GATv2,_EOPKG_WI-UN-f1-5,67,train_candidate_target_set_entropy_mean,0,1781077868781,0.0
learn,EOPKG-WI,EOPKGTopologyConditionedWI,65820d654ea74559b1b19d0faa56202d,854778689611649472,_EOPKG_WI-UN-f1-5-67_loan_v1_v5_simulated_GATv2,_EOPKG_WI-UN-f1-5,67,train_candidate_target_set_entropy_mean,0,1781077868781,0.0
learn,EOPKG-WI,EOPKGTopologyConditionedWI,88e10c5c5b45467e935548e0decdf824,854778689611649472,_EOPKG_WI-UN-f1-5-78_loan_v1_v5_simulated_GATv2,_EOPKG_WI-UN-f1-5,78,train_candidate_target_set_entropy_mean,0,1781092062990,0.0
learn,EOPKG-WI,EOPKGTopologyConditionedWI,88e10c5c5b45467e935548e0decdf824,854778689611649472,_EOPKG_WI-UN-f1-5-78_loan_v1_v5_simulated_GATv2,_EOPKG_WI-UN-f1-5,78,train_candidate_target_set_entropy_mean,0,1781092062990,0.0
learn,EOPKG-WI,EOPKGTopologyConditionedWI,88e10c5c5b45467e935548e0decdf824,854778689611649472,_EOPKG_WI-UN-f1-5-78_loan_v1_v5_simulated_GATv2,_EOPKG_WI-UN-f1-5,78,train_candidate_target_set_entropy_mean,0,1781092210831,0.0
learn,EOPKG-WI,EOPKGTopologyConditionedWI,88e10c5c5b45467e935548e0decdf824,854778689611649472,_EOPKG_WI-UN-f1-5-78_loan_v1_v5_simulated_GATv2,_EOPKG_WI-UN-f1-5,78,train_candidate_target_set_entropy_mean,0,1781092210831,0.0
learn,EOPKG-WI,EOPKGTopologyConditionedWI,88e10c5c5b45467e935548e0decdf824,854778689611649472,_EOPKG_WI-UN-f1-5-78_loan_v1_v5_simulated_GATv2,_EOPKG_WI-UN-f1-5,78,train_candidate_target_set_entropy_mean,0,1781092323549,0.0
learn,EOPKG-WI,EOPKGTopologyConditionedWI,88e10c5c5b45467e935548e0decdf824,854778689611649472,_EOPKG_WI-UN-f1-5-78_loan_v1_v5_simulated_GATv2,_EOPKG_WI-UN-f1-5,78,train_candidate_target_set_entropy_mean,0,1781092323549,0.0
learn,EOPKG-WI,EOPKGTopologyConditionedWI,88e10c5c5b45467e935548e0decdf824,854778689611649472,_EOPKG_WI-UN-f1-5-78_loan_v1_v5_simulated_GATv2,_EOPKG_WI-UN-f1-5,78,train_candidate_target_set_entropy_mean,0,1781092443607,0.0
learn,EOPKG-WI,EOPKGTopologyConditionedWI,88e10c5c5b45467e935548e0decdf824,854778689611649472,_EOPKG_WI-UN-f1-5-78_loan_v1_v5_simulated_GATv2,_EOPKG_WI-UN-f1-5,78,train_candidate_target_set_entropy_mean,0,1781092443607,0.0
learn,EOPKG-WI,EOPKGTopologyConditionedWI,88e10c5c5b45467e935548e0decdf824,854778689611649472,_EOPKG_WI-UN-f1-5-78_loan_v1_v5_simulated_GATv2,_EOPKG_WI-UN-f1-5,78,train_candidate_target_set_entropy_mean,0,1781092568071,0.0
learn,EOPKG-WI,EOPKGTopologyConditionedWI,88e10c5c5b45467e935548e0decdf824,854778689611649472,_EOPKG_WI-UN-f1-5-78_loan_v1_v5_simulated_GATv2,_EOPKG_WI-UN-f1-5,78,train_candidate_target_set_entropy_mean,0,1781092568071,0.0
learn,EOPKG-WI,EOPKGTopologyConditionedWI,88e10c5c5b45467e935548e0decdf824,854778689611649472,_EOPKG_WI-UN-f1-5-78_loan_v1_v5_simulated_GATv2,_EOPKG_WI-UN-f1-5,78,train_candidate_target_set_entropy_mean,0,1781092680729,0.0
learn,EOPKG-WI,EOPKGTopologyConditionedWI,88e10c5c5b45467e935548e0decdf824,854778689611649472,_EOPKG_WI-UN-f1-5-78_loan_v1_v5_simulated_GATv2,_EOPKG_WI-UN-f1-5,78,train_candidate_target_set_entropy_mean,0,1781092680729,0.0
learn,EOPKG-WI,EOPKGTopologyConditionedWI,88e10c5c5b45467e935548e0decdf824,854778689611649472,_EOPKG_WI-UN-f1-5-78_loan_v1_v5_simulated_GATv2,_EOPKG_WI-UN-f1-5,78,train_candidate_target_set_entropy_mean,0,1781092793809,0.0
learn,EOPKG-WI,EOPKGTopologyConditionedWI,88e10c5c5b45467e935548e0decdf824,854778689611649472,_EOPKG_WI-UN-f1-5-78_loan_v1_v5_simulated_GATv2,_EOPKG_WI-UN-f1-5,78,train_candidate_target_set_entropy_mean,0,1781092793809,0.0
learn,EOPKG-WI,EOPKGTopologyConditionedWI,88e10c5c5b45467e935548e0decdf824,854778689611649472,_EOPKG_WI-UN-f1-5-78_loan_v1_v5_simulated_GATv2,_EOPKG_WI-UN-f1-5,78,train_candidate_target_set_entropy_mean,0,1781092915755,0.0
learn,EOPKG-WI,EOPKGTopologyConditionedWI,88e10c5c5b45467e935548e0decdf824,854778689611649472,_EOPKG_WI-UN-f1-5-78_loan_v1_v5_simulated_GATv2,_EOPKG_WI-UN-f1-5,78,train_candidate_target_set_entropy_mean,0,1781092915755,0.0
learn,EOPKG-WI,EOPKGTopologyConditionedWI,88e10c5c5b45467e935548e0decdf824,854778689611649472,_EOPKG_WI-UN-f1-5-78_loan_v1_v5_simulated_GATv2,_EOPKG_WI-UN-f1-5,78,train_candidate_target_set_entropy_mean,0,1781093034044,0.0
learn,EOPKG-WI,EOPKGTopologyConditionedWI,88e10c5c5b45467e935548e0decdf824,854778689611649472,_EOPKG_WI-UN-f1-5-78_loan_v1_v5_simulated_GATv2,_EOPKG_WI-UN-f1-5,78,train_candidate_target_set_entropy_mean,0,1781093034044,0.0
learn,EOPKG-WI,EOPKGTopologyConditionedWI,88e10c5c5b45467e935548e0decdf824,854778689611649472,_EOPKG_WI-UN-f1-5-78_loan_v1_v5_simulated_GATv2,_EOPKG_WI-UN-f1-5,78,train_candidate_target_set_entropy_mean,0,1781093150797,0.0
learn,EOPKG-WI,EOPKGTopologyConditionedWI,88e10c5c5b45467e935548e0decdf824,854778689611649472,_EOPKG_WI-UN-f1-5-78_loan_v1_v5_simulated_GATv2,_EOPKG_WI-UN-f1-5,78,train_candidate_target_set_entropy_mean,0,1781093150797,0.0
learn,EOPKG-WI,EOPKGTopologyConditionedWI,88e10c5c5b45467e935548e0decdf824,854778689611649472,_EOPKG_WI-UN-f1-5-78_loan_v1_v5_simulated_GATv2,_EOPKG_WI-UN-f1-5,78,train_candidate_target_set_entropy_mean,0,1781093258851,0.0
learn,EOPKG-WI,EOPKGTopologyConditionedWI,88e10c5c5b45467e935548e0decdf824,854778689611649472,_EOPKG_WI-UN-f1-5-78_loan_v1_v5_simulated_GATv2,_EOPKG_WI-UN-f1-5,78,train_candidate_target_set_entropy_mean,0,1781093258851,0.0
learn,EOPKG-WI,EOPKGTopologyConditionedWI,88e10c5c5b45467e935548e0decdf824,854778689611649472,_EOPKG_WI-UN-f1-5-78_loan_v1_v5_simulated_GATv2,_EOPKG_WI-UN-f1-5,78,train_candidate_target_set_entropy_mean,0,1781093361301,0.0
learn,EOPKG-WI,EOPKGTopologyConditionedWI,88e10c5c5b45467e935548e0decdf824,854778689611649472,_EOPKG_WI-UN-f1-5-78_loan_v1_v5_simulated_GATv2,_EOPKG_WI-UN-f1-5,78,train_candidate_target_set_entropy_mean,0,1781093361301,0.0
learn,EOPKG-WI,EOPKGTopologyConditionedWI,88e10c5c5b45467e935548e0decdf824,854778689611649472,_EOPKG_WI-UN-f1-5-78_loan_v1_v5_simulated_GATv2,_EOPKG_WI-UN-f1-5,78,train_candidate_target_set_entropy_mean,0,1781093463417,0.0
learn,EOPKG-WI,EOPKGTopologyConditionedWI,88e10c5c5b45467e935548e0decdf824,854778689611649472,_EOPKG_WI-UN-f1-5-78_loan_v1_v5_simulated_GATv2,_EOPKG_WI-UN-f1-5,78,train_candidate_target_set_entropy_mean,0,1781093463417,0.0
learn,EOPKG-WI,EOPKGTopologyConditionedWI,88e10c5c5b45467e935548e0decdf824,854778689611649472,_EOPKG_WI-UN-f1-5-78_loan_v1_v5_simulated_GATv2,_EOPKG_WI-UN-f1-5,78,train_candidate_target_set_entropy_mean,0,1781093575269,0.0
learn,EOPKG-WI,EOPKGTopologyConditionedWI,88e10c5c5b45467e935548e0decdf824,854778689611649472,_EOPKG_WI-UN-f1-5-78_loan_v1_v5_simulated_GATv2,_EOPKG_WI-UN-f1-5,78,train_candidate_target_set_entropy_mean,0,1781093575269,0.0
learn,EOPKG-WI,EOPKGTopologyConditionedWI,88e10c5c5b45467e935548e0decdf824,854778689611649472,_EOPKG_WI-UN-f1-5-78_loan_v1_v5_simulated_GATv2,_EOPKG_WI-UN-f1-5,78,train_candidate_target_set_entropy_mean,0,1781093684211,0.0
learn,EOPKG-WI,EOPKGTopologyConditionedWI,88e10c5c5b45467e935548e0decdf824,854778689611649472,_EOPKG_WI-UN-f1-5-78_loan_v1_v5_simulated_GATv2,_EOPKG_WI-UN-f1-5,78,train_candidate_target_set_entropy_mean,0,1781093684211,0.0
learn,EOPKG-WI,EOPKGTopologyConditionedWI,88e10c5c5b45467e935548e0decdf824,854778689611649472,_EOPKG_WI-UN-f1-5-78_loan_v1_v5_simulated_GATv2,_EOPKG_WI-UN-f1-5,78,train_candidate_target_set_entropy_mean,0,1781093798779,0.0
learn,EOPKG-WI,EOPKGTopologyConditionedWI,88e10c5c5b45467e935548e0decdf824,854778689611649472,_EOPKG_WI-UN-f1-5-78_loan_v1_v5_simulated_GATv2,_EOPKG_WI-UN-f1-5,78,train_candidate_target_set_entropy_mean,0,1781093798779,0.0
learn,EOPKG-WI,EOPKGTopologyConditionedWI,88e10c5c5b45467e935548e0decdf824,854778689611649472,_EOPKG_WI-UN-f1-5-78_loan_v1_v5_simulated_GATv2,_EOPKG_WI-UN-f1-5,78,train_candidate_target_set_entropy_mean,0,1781093927981,0.0
learn,EOPKG-WI,EOPKGTopologyConditionedWI,88e10c5c5b45467e935548e0decdf824,854778689611649472,_EOPKG_WI-UN-f1-5-78_loan_v1_v5_simulated_GATv2,_EOPKG_WI-UN-f1-5,78,train_candidate_target_set_entropy_mean,0,1781093927981,0.0
learn,EOPKG-WI,EOPKGTopologyConditionedWI,88e10c5c5b45467e935548e0decdf824,854778689611649472,_EOPKG_WI-UN-f1-5-78_loan_v1_v5_simulated_GATv2,_EOPKG_WI-UN-f1-5,78,train_candidate_target_set_entropy_mean,0,1781094041144,0.0
learn,EOPKG-WI,EOPKGTopologyConditionedWI,88e10c5c5b45467e935548e0decdf824,854778689611649472,_EOPKG_WI-UN-f1-5-78_loan_v1_v5_simulated_GATv2,_EOPKG_WI-UN-f1-5,78,train_candidate_target_set_entropy_mean,0,1781094041144,0.0
learn,EOPKG-WI,EOPKGTopologyConditionedWI,88e10c5c5b45467e935548e0decdf824,854778689611649472,_EOPKG_WI-UN-f1-5-78_loan_v1_v5_simulated_GATv2,_EOPKG_WI-UN-f1-5,78,train_candidate_target_set_entropy_mean,0,1781094183829,0.0
learn,EOPKG-WI,EOPKGTopologyConditionedWI,88e10c5c5b45467e935548e0decdf824,854778689611649472,_EOPKG_WI-UN-f1-5-78_loan_v1_v5_simulated_GATv2,_EOPKG_WI-UN-f1-5,78,train_candidate_target_set_entropy_mean,0,1781094183829,0.0
learn,EOPKG-WI,EOPKGTopologyConditionedWI,88e10c5c5b45467e935548e0decdf824,854778689611649472,_EOPKG_WI-UN-f1-5-78_loan_v1_v5_simulated_GATv2,_EOPKG_WI-UN-f1-5,78,train_candidate_target_set_entropy_mean,0,1781094358028,0.0
learn,EOPKG-WI,EOPKGTopologyConditionedWI,88e10c5c5b45467e935548e0decdf824,854778689611649472,_EOPKG_WI-UN-f1-5-78_loan_v1_v5_simulated_GATv2,_EOPKG_WI-UN-f1-5,78,train_candidate_target_set_entropy_mean,0,1781094358028,0.0
learn,EOPKG-WI,EOPKGTopologyConditionedWI,88e10c5c5b45467e935548e0decdf824,854778689611649472,_EOPKG_WI-UN-f1-5-78_loan_v1_v5_simulated_GATv2,_EOPKG_WI-UN-f1-5,78,train_candidate_target_set_entropy_mean,0,1781094544341,0.0
learn,EOPKG-WI,EOPKGTopologyConditionedWI,88e10c5c5b45467e935548e0decdf824,854778689611649472,_EOPKG_WI-UN-f1-5-78_loan_v1_v5_simulated_GATv2,_EOPKG_WI-UN-f1-5,78,train_candidate_target_set_entropy_mean,0,1781094544341,0.0
learn,EOPKG-WI,EOPKGTopologyConditionedWI,88e10c5c5b45467e935548e0decdf824,854778689611649472,_EOPKG_WI-UN-f1-5-78_loan_v1_v5_simulated_GATv2,_EOPKG_WI-UN-f1-5,78,train_candidate_target_set_entropy_mean,0,1781094710176,0.0
learn,EOPKG-WI,EOPKGTopologyConditionedWI,88e10c5c5b45467e935548e0decdf824,854778689611649472,_EOPKG_WI-UN-f1-5-78_loan_v1_v5_simulated_GATv2,_EOPKG_WI-UN-f1-5,78,train_candidate_target_set_entropy_mean,0,1781094710176,0.0
learn,EOPKG-WI,EOPKGTopologyConditionedWI,88e10c5c5b45467e935548e0decdf824,854778689611649472,_EOPKG_WI-UN-f1-5-78_loan_v1_v5_simulated_GATv2,_EOPKG_WI-UN-f1-5,78,train_candidate_target_set_entropy_mean,0,1781094824724,0.0
learn,EOPKG-WI,EOPKGTopologyConditionedWI,88e10c5c5b45467e935548e0decdf824,854778689611649472,_EOPKG_WI-UN-f1-5-78_loan_v1_v5_simulated_GATv2,_EOPKG_WI-UN-f1-5,78,train_candidate_target_set_entropy_mean,0,1781094824724,0.0
learn,EOPKG-WI,EOPKGTopologyConditionedWI,88e10c5c5b45467e935548e0decdf824,854778689611649472,_EOPKG_WI-UN-f1-5-78_loan_v1_v5_simulated_GATv2,_EOPKG_WI-UN-f1-5,78,train_candidate_target_set_entropy_mean,0,1781094946753,0.0
learn,EOPKG-WI,EOPKGTopologyConditionedWI,88e10c5c5b45467e935548e0decdf824,854778689611649472,_EOPKG_WI-UN-f1-5-78_loan_v1_v5_simulated_GATv2,_EOPKG_WI-UN-f1-5,78,train_candidate_target_set_entropy_mean,0,1781094946753,0.0
learn,EOPKG-WI,EOPKGTopologyConditionedWI,88e10c5c5b45467e935548e0decdf824,854778689611649472,_EOPKG_WI-UN-f1-5-78_loan_v1_v5_simulated_GATv2,_EOPKG_WI-UN-f1-5,78,train_candidate_target_set_entropy_mean,0,1781095065627,0.0
learn,EOPKG-WI,EOPKGTopologyConditionedWI,88e10c5c5b45467e935548e0decdf824,854778689611649472,_EOPKG_WI-UN-f1-5-78_loan_v1_v5_simulated_GATv2,_EOPKG_WI-UN-f1-5,78,train_candidate_target_set_entropy_mean,0,1781095065627,0.0
learn,EOPKG-WI,EOPKGTopologyConditionedWI,88e10c5c5b45467e935548e0decdf824,854778689611649472,_EOPKG_WI-UN-f1-5-78_loan_v1_v5_simulated_GATv2,_EOPKG_WI-UN-f1-5,78,train_candidate_target_set_entropy_mean,0,1781095197668,0.0
learn,EOPKG-WI,EOPKGTopologyConditionedWI,88e10c5c5b45467e935548e0decdf824,854778689611649472,_EOPKG_WI-UN-f1-5-78_loan_v1_v5_simulated_GATv2,_EOPKG_WI-UN-f1-5,78,train_candidate_target_set_entropy_mean,0,1781095197668,0.0
learn,EOPKG-WI,EOPKGTopologyConditionedWI,88e10c5c5b45467e935548e0decdf824,854778689611649472,_EOPKG_WI-UN-f1-5-78_loan_v1_v5_simulated_GATv2,_EOPKG_WI-UN-f1-5,78,train_candidate_target_set_entropy_mean,0,1781095304829,0.0
learn,EOPKG-WI,EOPKGTopologyConditionedWI,88e10c5c5b45467e935548e0decdf824,854778689611649472,_EOPKG_WI-UN-f1-5-78_loan_v1_v5_simulated_GATv2,_EOPKG_WI-UN-f1-5,78,train_candidate_target_set_entropy_mean,0,1781095304829,0.0
learn,EOPKG-WI,EOPKGTopologyConditionedWI,88e10c5c5b45467e935548e0decdf824,854778689611649472,_EOPKG_WI-UN-f1-5-78_loan_v1_v5_simulated_GATv2,_EOPKG_WI-UN-f1-5,78,train_candidate_target_set_entropy_mean,0,1781095408020,0.0
learn,EOPKG-WI,EOPKGTopologyConditionedWI,88e10c5c5b45467e935548e0decdf824,854778689611649472,_EOPKG_WI-UN-f1-5-78_loan_v1_v5_simulated_GATv2,_EOPKG_WI-UN-f1-5,78,train_candidate_target_set_entropy_mean,0,1781095408020,0.0
learn,EOPKG-WI,EOPKGTopologyConditionedWI,88e10c5c5b45467e935548e0decdf824,854778689611649472,_EOPKG_WI-UN-f1-5-78_loan_v1_v5_simulated_GATv2,_EOPKG_WI-UN-f1-5,78,train_candidate_target_set_entropy_mean,0,1781095511869,0.0
learn,EOPKG-WI,EOPKGTopologyConditionedWI,88e10c5c5b45467e935548e0decdf824,854778689611649472,_EOPKG_WI-UN-f1-5-78_loan_v1_v5_simulated_GATv2,_EOPKG_WI-UN-f1-5,78,train_candidate_target_set_entropy_mean,0,1781095511869,0.0
learn,EOPKG-WI,EOPKGTopologyConditionedWI,88e10c5c5b45467e935548e0decdf824,854778689611649472,_EOPKG_WI-UN-f1-5-78_loan_v1_v5_simulated_GATv2,_EOPKG_WI-UN-f1-5,78,train_candidate_target_set_entropy_mean,0,1781095612242,0.0
learn,EOPKG-WI,EOPKGTopologyConditionedWI,88e10c5c5b45467e935548e0decdf824,854778689611649472,_EOPKG_WI-UN-f1-5-78_loan_v1_v5_simulated_GATv2,_EOPKG_WI-UN-f1-5,78,train_candidate_target_set_entropy_mean,0,1781095612242,0.0
learn,EOPKG-WI,EOPKGTopologyConditionedWI,88e10c5c5b45467e935548e0decdf824,854778689611649472,_EOPKG_WI-UN-f1-5-78_loan_v1_v5_simulated_GATv2,_EOPKG_WI-UN-f1-5,78,train_candidate_target_set_entropy_mean,0,1781095711961,0.0
learn,EOPKG-WI,EOPKGTopologyConditionedWI,88e10c5c5b45467e935548e0decdf824,854778689611649472,_EOPKG_WI-UN-f1-5-78_loan_v1_v5_simulated_GATv2,_EOPKG_WI-UN-f1-5,78,train_candidate_target_set_entropy_mean,0,1781095711961,0.0
learn,EOPKG-WI,EOPKGTopologyConditionedWI,88e10c5c5b45467e935548e0decdf824,854778689611649472,_EOPKG_WI-UN-f1-5-78_loan_v1_v5_simulated_GATv2,_EOPKG_WI-UN-f1-5,78,train_candidate_target_set_entropy_mean,0,1781095811288,0.0
learn,EOPKG-WI,EOPKGTopologyConditionedWI,88e10c5c5b45467e935548e0decdf824,854778689611649472,_EOPKG_WI-UN-f1-5-78_loan_v1_v5_simulated_GATv2,_EOPKG_WI-UN-f1-5,78,train_candidate_target_set_entropy_mean,0,1781095811288,0.0
learn,EOPKG-WI,EOPKGTopologyConditionedWI,88e10c5c5b45467e935548e0decdf824,854778689611649472,_EOPKG_WI-UN-f1-5-78_loan_v1_v5_simulated_GATv2,_EOPKG_WI-UN-f1-5,78,train_candidate_target_set_entropy_mean,0,1781095909475,0.0
learn,EOPKG-WI,EOPKGTopologyConditionedWI,88e10c5c5b45467e935548e0decdf824,854778689611649472,_EOPKG_WI-UN-f1-5-78_loan_v1_v5_simulated_GATv2,_EOPKG_WI-UN-f1-5,78,train_candidate_target_set_entropy_mean,0,1781095909475,0.0
learn,EOPKG-WI,EOPKGTopologyConditionedWI,88e10c5c5b45467e935548e0decdf824,854778689611649472,_EOPKG_WI-UN-f1-5-78_loan_v1_v5_simulated_GATv2,_EOPKG_WI-UN-f1-5,78,train_candidate_target_set_entropy_mean,0,1781096007857,0.0
learn,EOPKG-WI,EOPKGTopologyConditionedWI,88e10c5c5b45467e935548e0decdf824,854778689611649472,_EOPKG_WI-UN-f1-5-78_loan_v1_v5_simulated_GATv2,_EOPKG_WI-UN-f1-5,78,train_candidate_target_set_entropy_mean,0,1781096007857,0.0
learn,EOPKG-WI,EOPKGTopologyConditionedWI,88e10c5c5b45467e935548e0decdf824,854778689611649472,_EOPKG_WI-UN-f1-5-78_loan_v1_v5_simulated_GATv2,_EOPKG_WI-UN-f1-5,78,train_candidate_target_set_entropy_mean,0,1781096106960,0.0
learn,EOPKG-WI,EOPKGTopologyConditionedWI,88e10c5c5b45467e935548e0decdf824,854778689611649472,_EOPKG_WI-UN-f1-5-78_loan_v1_v5_simulated_GATv2,_EOPKG_WI-UN-f1-5,78,train_candidate_target_set_entropy_mean,0,1781096106960,0.0
learn,EOPKG-WI,EOPKGTopologyConditionedWI,88e10c5c5b45467e935548e0decdf824,854778689611649472,_EOPKG_WI-UN-f1-5-78_loan_v1_v5_simulated_GATv2,_EOPKG_WI-UN-f1-5,78,train_candidate_target_set_entropy_mean,0,1781096206235,0.0
learn,EOPKG-WI,EOPKGTopologyConditionedWI,88e10c5c5b45467e935548e0decdf824,854778689611649472,_EOPKG_WI-UN-f1-5-78_loan_v1_v5_simulated_GATv2,_EOPKG_WI-UN-f1-5,78,train_candidate_target_set_entropy_mean,0,1781096206235,0.0
learn,EOPKG-WI,EOPKGTopologyConditionedWI,88e10c5c5b45467e935548e0decdf824,854778689611649472,_EOPKG_WI-UN-f1-5-78_loan_v1_v5_simulated_GATv2,_EOPKG_WI-UN-f1-5,78,train_candidate_target_set_entropy_mean,0,1781096304128,0.0
learn,EOPKG-WI,EOPKGTopologyConditionedWI,88e10c5c5b45467e935548e0decdf824,854778689611649472,_EOPKG_WI-UN-f1-5-78_loan_v1_v5_simulated_GATv2,_EOPKG_WI-UN-f1-5,78,train_candidate_target_set_entropy_mean,0,1781096304128,0.0
learn,EOPKG-WI,EOPKGTopologyConditionedWI,88e10c5c5b45467e935548e0decdf824,854778689611649472,_EOPKG_WI-UN-f1-5-78_loan_v1_v5_simulated_GATv2,_EOPKG_WI-UN-f1-5,78,train_candidate_target_set_entropy_mean,0,1781096402779,0.0
learn,EOPKG-WI,EOPKGTopologyConditionedWI,88e10c5c5b45467e935548e0decdf824,854778689611649472,_EOPKG_WI-UN-f1-5-78_loan_v1_v5_simulated_GATv2,_EOPKG_WI-UN-f1-5,78,train_candidate_target_set_entropy_mean,0,1781096402779,0.0
learn,EOPKG-WI,EOPKGTopologyConditionedWI,88e10c5c5b45467e935548e0decdf824,854778689611649472,_EOPKG_WI-UN-f1-5-78_loan_v1_v5_simulated_GATv2,_EOPKG_WI-UN-f1-5,78,train_candidate_target_set_entropy_mean,0,1781096502080,0.0
learn,EOPKG-WI,EOPKGTopologyConditionedWI,88e10c5c5b45467e935548e0decdf824,854778689611649472,_EOPKG_WI-UN-f1-5-78_loan_v1_v5_simulated_GATv2,_EOPKG_WI-UN-f1-5,78,train_candidate_target_set_entropy_mean,0,1781096502080,0.0
learn,EOPKG-WI,EOPKGTopologyConditionedWI,88e10c5c5b45467e935548e0decdf824,854778689611649472,_EOPKG_WI-UN-f1-5-78_loan_v1_v5_simulated_GATv2,_EOPKG_WI-UN-f1-5,78,train_candidate_target_set_entropy_mean,0,1781096600512,0.0
learn,EOPKG-WI,EOPKGTopologyConditionedWI,88e10c5c5b45467e935548e0decdf824,854778689611649472,_EOPKG_WI-UN-f1-5-78_loan_v1_v5_simulated_GATv2,_EOPKG_WI-UN-f1-5,78,train_candidate_target_set_entropy_mean,0,1781096600512,0.0
learn,EOPKG-WI,EOPKGTopologyConditionedWI,88e10c5c5b45467e935548e0decdf824,854778689611649472,_EOPKG_WI-UN-f1-5-78_loan_v1_v5_simulated_GATv2,_EOPKG_WI-UN-f1-5,78,train_candidate_target_set_entropy_mean,0,1781096699834,0.0
learn,EOPKG-WI,EOPKGTopologyConditionedWI,88e10c5c5b45467e935548e0decdf824,854778689611649472,_EOPKG_WI-UN-f1-5-78_loan_v1_v5_simulated_GATv2,_EOPKG_WI-UN-f1-5,78,train_candidate_target_set_entropy_mean,0,1781096699834,0.0
learn,EOPKG-WI,EOPKGTopologyConditionedWI,88e10c5c5b45467e935548e0decdf824,854778689611649472,_EOPKG_WI-UN-f1-5-78_loan_v1_v5_simulated_GATv2,_EOPKG_WI-UN-f1-5,78,train_candidate_target_set_entropy_mean,0,1781096798706,0.0
learn,EOPKG-WI,EOPKGTopologyConditionedWI,88e10c5c5b45467e935548e0decdf824,854778689611649472,_EOPKG_WI-UN-f1-5-78_loan_v1_v5_simulated_GATv2,_EOPKG_WI-UN-f1-5,78,train_candidate_target_set_entropy_mean,0,1781096798706,0.0
learn,EOPKG-WI,EOPKGTopologyConditionedWI,88e10c5c5b45467e935548e0decdf824,854778689611649472,_EOPKG_WI-UN-f1-5-78_loan_v1_v5_simulated_GATv2,_EOPKG_WI-UN-f1-5,78,train_candidate_target_set_entropy_mean,0,1781096897683,0.0
learn,EOPKG-WI,EOPKGTopologyConditionedWI,88e10c5c5b45467e935548e0decdf824,854778689611649472,_EOPKG_WI-UN-f1-5-78_loan_v1_v5_simulated_GATv2,_EOPKG_WI-UN-f1-5,78,train_candidate_target_set_entropy_mean,0,1781096897683,0.0
learn,EOPKG-WI,EOPKGTopologyConditionedWI,88e10c5c5b45467e935548e0decdf824,854778689611649472,_EOPKG_WI-UN-f1-5-78_loan_v1_v5_simulated_GATv2,_EOPKG_WI-UN-f1-5,78,train_candidate_target_set_entropy_mean,0,1781096996940,0.0
learn,EOPKG-WI,EOPKGTopologyConditionedWI,88e10c5c5b45467e935548e0decdf824,854778689611649472,_EOPKG_WI-UN-f1-5-78_loan_v1_v5_simulated_GATv2,_EOPKG_WI-UN-f1-5,78,train_candidate_target_set_entropy_mean,0,1781096996940,0.0
learn,EOPKG-WI,EOPKGTopologyConditionedWI,88e10c5c5b45467e935548e0decdf824,854778689611649472,_EOPKG_WI-UN-f1-5-78_loan_v1_v5_simulated_GATv2,_EOPKG_WI-UN-f1-5,78,train_candidate_target_set_entropy_mean,0,1781097095978,0.0
learn,EOPKG-WI,EOPKGTopologyConditionedWI,88e10c5c5b45467e935548e0decdf824,854778689611649472,_EOPKG_WI-UN-f1-5-78_loan_v1_v5_simulated_GATv2,_EOPKG_WI-UN-f1-5,78,train_candidate_target_set_entropy_mean,0,1781097095978,0.0
learn,EOPKG-WI,EOPKGTopologyConditionedWI,88e10c5c5b45467e935548e0decdf824,854778689611649472,_EOPKG_WI-UN-f1-5-78_loan_v1_v5_simulated_GATv2,_EOPKG_WI-UN-f1-5,78,train_candidate_target_set_entropy_mean,0,1781097196785,0.0
learn,EOPKG-WI,EOPKGTopologyConditionedWI,88e10c5c5b45467e935548e0decdf824,854778689611649472,_EOPKG_WI-UN-f1-5-78_loan_v1_v5_simulated_GATv2,_EOPKG_WI-UN-f1-5,78,train_candidate_target_set_entropy_mean,0,1781097196785,0.0
learn,EOPKG-WI,EOPKGTopologyConditionedWI,88e10c5c5b45467e935548e0decdf824,854778689611649472,_EOPKG_WI-UN-f1-5-78_loan_v1_v5_simulated_GATv2,_EOPKG_WI-UN-f1-5,78,train_candidate_target_set_entropy_mean,0,1781097296529,0.0
learn,EOPKG-WI,EOPKGTopologyConditionedWI,88e10c5c5b45467e935548e0decdf824,854778689611649472,_EOPKG_WI-UN-f1-5-78_loan_v1_v5_simulated_GATv2,_EOPKG_WI-UN-f1-5,78,train_candidate_target_set_entropy_mean,0,1781097296529,0.0
learn,EOPKG-WI,EOPKGTopologyConditionedWI,88e10c5c5b45467e935548e0decdf824,854778689611649472,_EOPKG_WI-UN-f1-5-78_loan_v1_v5_simulated_GATv2,_EOPKG_WI-UN-f1-5,78,train_candidate_target_set_entropy_mean,0,1781097396730,0.0
learn,EOPKG-WI,EOPKGTopologyConditionedWI,88e10c5c5b45467e935548e0decdf824,854778689611649472,_EOPKG_WI-UN-f1-5-78_loan_v1_v5_simulated_GATv2,_EOPKG_WI-UN-f1-5,78,train_candidate_target_set_entropy_mean,0,1781097396730,0.0
learn,EOPKG-WI,EOPKGTopologyConditionedWI,88e10c5c5b45467e935548e0decdf824,854778689611649472,_EOPKG_WI-UN-f1-5-78_loan_v1_v5_simulated_GATv2,_EOPKG_WI-UN-f1-5,78,train_candidate_target_set_entropy_mean,0,1781097495888,0.0
learn,EOPKG-WI,EOPKGTopologyConditionedWI,88e10c5c5b45467e935548e0decdf824,854778689611649472,_EOPKG_WI-UN-f1-5-78_loan_v1_v5_simulated_GATv2,_EOPKG_WI-UN-f1-5,78,train_candidate_target_set_entropy_mean,0,1781097495888,0.0
learn,EOPKG-WI,EOPKGTopologyConditionedWI,88e10c5c5b45467e935548e0decdf824,854778689611649472,_EOPKG_WI-UN-f1-5-78_loan_v1_v5_simulated_GATv2,_EOPKG_WI-UN-f1-5,78,train_candidate_target_set_entropy_mean,0,1781097595160,0.0
learn,EOPKG-WI,EOPKGTopologyConditionedWI,88e10c5c5b45467e935548e0decdf824,854778689611649472,_EOPKG_WI-UN-f1-5-78_loan_v1_v5_simulated_GATv2,_EOPKG_WI-UN-f1-5,78,train_candidate_target_set_entropy_mean,0,1781097595160,0.0
learn,EOPKG-WI,EOPKGTopologyConditionedWI,8d2a911a18bb4d61a536433690b744f0,854778689611649472,_EOPKG_WI-UN-f1-5-13_loan_v1_v5_simulated_GATv2,_EOPKG_WI-UN-f1-5,13,train_candidate_target_set_entropy_mean,0,1781078383017,0.0
learn,EOPKG-WI,EOPKGTopologyConditionedWI,8d2a911a18bb4d61a536433690b744f0,854778689611649472,_EOPKG_WI-UN-f1-5-13_loan_v1_v5_simulated_GATv2,_EOPKG_WI-UN-f1-5,13,train_candidate_target_set_entropy_mean,0,1781078383017,0.0
learn,EOPKG-WI,EOPKGTopologyConditionedWI,8d2a911a18bb4d61a536433690b744f0,854778689611649472,_EOPKG_WI-UN-f1-5-13_loan_v1_v5_simulated_GATv2,_EOPKG_WI-UN-f1-5,13,train_candidate_target_set_entropy_mean,0,1781078518110,0.0
learn,EOPKG-WI,EOPKGTopologyConditionedWI,8d2a911a18bb4d61a536433690b744f0,854778689611649472,_EOPKG_WI-UN-f1-5-13_loan_v1_v5_simulated_GATv2,_EOPKG_WI-UN-f1-5,13,train_candidate_target_set_entropy_mean,0,1781078518110,0.0
learn,EOPKG-WI,EOPKGTopologyConditionedWI,8d2a911a18bb4d61a536433690b744f0,854778689611649472,_EOPKG_WI-UN-f1-5-13_loan_v1_v5_simulated_GATv2,_EOPKG_WI-UN-f1-5,13,train_candidate_target_set_entropy_mean,0,1781078638779,0.0
learn,EOPKG-WI,EOPKGTopologyConditionedWI,8d2a911a18bb4d61a536433690b744f0,854778689611649472,_EOPKG_WI-UN-f1-5-13_loan_v1_v5_simulated_GATv2,_EOPKG_WI-UN-f1-5,13,train_candidate_target_set_entropy_mean,0,1781078638779,0.0
learn,EOPKG-WI,EOPKGTopologyConditionedWI,8d2a911a18bb4d61a536433690b744f0,854778689611649472,_EOPKG_WI-UN-f1-5-13_loan_v1_v5_simulated_GATv2,_EOPKG_WI-UN-f1-5,13,train_candidate_target_set_entropy_mean,0,1781078757827,0.0
learn,EOPKG-WI,EOPKGTopologyConditionedWI,8d2a911a18bb4d61a536433690b744f0,854778689611649472,_EOPKG_WI-UN-f1-5-13_loan_v1_v5_simulated_GATv2,_EOPKG_WI-UN-f1-5,13,train_candidate_target_set_entropy_mean,0,1781078757827,0.0
learn,EOPKG-WI,EOPKGTopologyConditionedWI,8d2a911a18bb4d61a536433690b744f0,854778689611649472,_EOPKG_WI-UN-f1-5-13_loan_v1_v5_simulated_GATv2,_EOPKG_WI-UN-f1-5,13,train_candidate_target_set_entropy_mean,0,1781078887646,0.0
learn,EOPKG-WI,EOPKGTopologyConditionedWI,8d2a911a18bb4d61a536433690b744f0,854778689611649472,_EOPKG_WI-UN-f1-5-13_loan_v1_v5_simulated_GATv2,_EOPKG_WI-UN-f1-5,13,train_candidate_target_set_entropy_mean,0,1781078887646,0.0
learn,EOPKG-WI,EOPKGTopologyConditionedWI,8d2a911a18bb4d61a536433690b744f0,854778689611649472,_EOPKG_WI-UN-f1-5-13_loan_v1_v5_simulated_GATv2,_EOPKG_WI-UN-f1-5,13,train_candidate_target_set_entropy_mean,0,1781078998870,0.0
learn,EOPKG-WI,EOPKGTopologyConditionedWI,8d2a911a18bb4d61a536433690b744f0,854778689611649472,_EOPKG_WI-UN-f1-5-13_loan_v1_v5_simulated_GATv2,_EOPKG_WI-UN-f1-5,13,train_candidate_target_set_entropy_mean,0,1781078998870,0.0
learn,EOPKG-WI,EOPKGTopologyConditionedWI,8d2a911a18bb4d61a536433690b744f0,854778689611649472,_EOPKG_WI-UN-f1-5-13_loan_v1_v5_simulated_GATv2,_EOPKG_WI-UN-f1-5,13,train_candidate_target_set_entropy_mean,0,1781079111784,0.0
learn,EOPKG-WI,EOPKGTopologyConditionedWI,8d2a911a18bb4d61a536433690b744f0,854778689611649472,_EOPKG_WI-UN-f1-5-13_loan_v1_v5_simulated_GATv2,_EOPKG_WI-UN-f1-5,13,train_candidate_target_set_entropy_mean,0,1781079111784,0.0
learn,EOPKG-WI,EOPKGTopologyConditionedWI,8d2a911a18bb4d61a536433690b744f0,854778689611649472,_EOPKG_WI-UN-f1-5-13_loan_v1_v5_simulated_GATv2,_EOPKG_WI-UN-f1-5,13,train_candidate_target_set_entropy_mean,0,1781079219656,0.0
learn,EOPKG-WI,EOPKGTopologyConditionedWI,8d2a911a18bb4d61a536433690b744f0,854778689611649472,_EOPKG_WI-UN-f1-5-13_loan_v1_v5_simulated_GATv2,_EOPKG_WI-UN-f1-5,13,train_candidate_target_set_entropy_mean,0,1781079219656,0.0
learn,EOPKG-WI,EOPKGTopologyConditionedWI,8d2a911a18bb4d61a536433690b744f0,854778689611649472,_EOPKG_WI-UN-f1-5-13_loan_v1_v5_simulated_GATv2,_EOPKG_WI-UN-f1-5,13,train_candidate_target_set_entropy_mean,0,1781079332931,0.0
learn,EOPKG-WI,EOPKGTopologyConditionedWI,8d2a911a18bb4d61a536433690b744f0,854778689611649472,_EOPKG_WI-UN-f1-5-13_loan_v1_v5_simulated_GATv2,_EOPKG_WI-UN-f1-5,13,train_candidate_target_set_entropy_mean,0,1781079332931,0.0
learn,EOPKG-WI,EOPKGTopologyConditionedWI,8d2a911a18bb4d61a536433690b744f0,854778689611649472,_EOPKG_WI-UN-f1-5-13_loan_v1_v5_simulated_GATv2,_EOPKG_WI-UN-f1-5,13,train_candidate_target_set_entropy_mean,0,1781079447293,0.0
learn,EOPKG-WI,EOPKGTopologyConditionedWI,8d2a911a18bb4d61a536433690b744f0,854778689611649472,_EOPKG_WI-UN-f1-5-13_loan_v1_v5_simulated_GATv2,_EOPKG_WI-UN-f1-5,13,train_candidate_target_set_entropy_mean,0,1781079447293,0.0
learn,EOPKG-WI,EOPKGTopologyConditionedWI,8d2a911a18bb4d61a536433690b744f0,854778689611649472,_EOPKG_WI-UN-f1-5-13_loan_v1_v5_simulated_GATv2,_EOPKG_WI-UN-f1-5,13,train_candidate_target_set_entropy_mean,0,1781079552277,0.0
learn,EOPKG-WI,EOPKGTopologyConditionedWI,8d2a911a18bb4d61a536433690b744f0,854778689611649472,_EOPKG_WI-UN-f1-5-13_loan_v1_v5_simulated_GATv2,_EOPKG_WI-UN-f1-5,13,train_candidate_target_set_entropy_mean,0,1781079552277,0.0
learn,EOPKG-WI,EOPKGTopologyConditionedWI,8d2a911a18bb4d61a536433690b744f0,854778689611649472,_EOPKG_WI-UN-f1-5-13_loan_v1_v5_simulated_GATv2,_EOPKG_WI-UN-f1-5,13,train_candidate_target_set_entropy_mean,0,1781079657395,0.0
learn,EOPKG-WI,EOPKGTopologyConditionedWI,8d2a911a18bb4d61a536433690b744f0,854778689611649472,_EOPKG_WI-UN-f1-5-13_loan_v1_v5_simulated_GATv2,_EOPKG_WI-UN-f1-5,13,train_candidate_target_set_entropy_mean,0,1781079657395,0.0
learn,EOPKG-WI,EOPKGTopologyConditionedWI,8d2a911a18bb4d61a536433690b744f0,854778689611649472,_EOPKG_WI-UN-f1-5-13_loan_v1_v5_simulated_GATv2,_EOPKG_WI-UN-f1-5,13,train_candidate_target_set_entropy_mean,0,1781079756783,0.0
learn,EOPKG-WI,EOPKGTopologyConditionedWI,8d2a911a18bb4d61a536433690b744f0,854778689611649472,_EOPKG_WI-UN-f1-5-13_loan_v1_v5_simulated_GATv2,_EOPKG_WI-UN-f1-5,13,train_candidate_target_set_entropy_mean,0,1781079756783,0.0
learn,EOPKG-WI,EOPKGTopologyConditionedWI,8d2a911a18bb4d61a536433690b744f0,854778689611649472,_EOPKG_WI-UN-f1-5-13_loan_v1_v5_simulated_GATv2,_EOPKG_WI-UN-f1-5,13,train_candidate_target_set_entropy_mean,0,1781079885593,0.0
learn,EOPKG-WI,EOPKGTopologyConditionedWI,8d2a911a18bb4d61a536433690b744f0,854778689611649472,_EOPKG_WI-UN-f1-5-13_loan_v1_v5_simulated_GATv2,_EOPKG_WI-UN-f1-5,13,train_candidate_target_set_entropy_mean,0,1781079885593,0.0
learn,EOPKG-WI,EOPKGTopologyConditionedWI,8d2a911a18bb4d61a536433690b744f0,854778689611649472,_EOPKG_WI-UN-f1-5-13_loan_v1_v5_simulated_GATv2,_EOPKG_WI-UN-f1-5,13,train_candidate_target_set_entropy_mean,0,1781080041921,0.0
learn,EOPKG-WI,EOPKGTopologyConditionedWI,8d2a911a18bb4d61a536433690b744f0,854778689611649472,_EOPKG_WI-UN-f1-5-13_loan_v1_v5_simulated_GATv2,_EOPKG_WI-UN-f1-5,13,train_candidate_target_set_entropy_mean,0,1781080041921,0.0
learn,EOPKG-WI,EOPKGTopologyConditionedWI,8d2a911a18bb4d61a536433690b744f0,854778689611649472,_EOPKG_WI-UN-f1-5-13_loan_v1_v5_simulated_GATv2,_EOPKG_WI-UN-f1-5,13,train_candidate_target_set_entropy_mean,0,1781080206321,0.0
learn,EOPKG-WI,EOPKGTopologyConditionedWI,8d2a911a18bb4d61a536433690b744f0,854778689611649472,_EOPKG_WI-UN-f1-5-13_loan_v1_v5_simulated_GATv2,_EOPKG_WI-UN-f1-5,13,train_candidate_target_set_entropy_mean,0,1781080206321,0.0
learn,EOPKG-WI,EOPKGTopologyConditionedWI,8d2a911a18bb4d61a536433690b744f0,854778689611649472,_EOPKG_WI-UN-f1-5-13_loan_v1_v5_simulated_GATv2,_EOPKG_WI-UN-f1-5,13,train_candidate_target_set_entropy_mean,0,1781080358350,0.0
learn,EOPKG-WI,EOPKGTopologyConditionedWI,8d2a911a18bb4d61a536433690b744f0,854778689611649472,_EOPKG_WI-UN-f1-5-13_loan_v1_v5_simulated_GATv2,_EOPKG_WI-UN-f1-5,13,train_candidate_target_set_entropy_mean,0,1781080358350,0.0
learn,EOPKG-WI,EOPKGTopologyConditionedWI,8d2a911a18bb4d61a536433690b744f0,854778689611649472,_EOPKG_WI-UN-f1-5-13_loan_v1_v5_simulated_GATv2,_EOPKG_WI-UN-f1-5,13,train_candidate_target_set_entropy_mean,0,1781080497573,0.0
learn,EOPKG-WI,EOPKGTopologyConditionedWI,8d2a911a18bb4d61a536433690b744f0,854778689611649472,_EOPKG_WI-UN-f1-5-13_loan_v1_v5_simulated_GATv2,_EOPKG_WI-UN-f1-5,13,train_candidate_target_set_entropy_mean,0,1781080497573,0.0
learn,EOPKG-WI,EOPKGTopologyConditionedWI,8d2a911a18bb4d61a536433690b744f0,854778689611649472,_EOPKG_WI-UN-f1-5-13_loan_v1_v5_simulated_GATv2,_EOPKG_WI-UN-f1-5,13,train_candidate_target_set_entropy_mean,0,1781080644931,0.0
learn,EOPKG-WI,EOPKGTopologyConditionedWI,8d2a911a18bb4d61a536433690b744f0,854778689611649472,_EOPKG_WI-UN-f1-5-13_loan_v1_v5_simulated_GATv2,_EOPKG_WI-UN-f1-5,13,train_candidate_target_set_entropy_mean,0,1781080644931,0.0
learn,EOPKG-WI,EOPKGTopologyConditionedWI,8d2a911a18bb4d61a536433690b744f0,854778689611649472,_EOPKG_WI-UN-f1-5-13_loan_v1_v5_simulated_GATv2,_EOPKG_WI-UN-f1-5,13,train_candidate_target_set_entropy_mean,0,1781080776898,0.0
learn,EOPKG-WI,EOPKGTopologyConditionedWI,8d2a911a18bb4d61a536433690b744f0,854778689611649472,_EOPKG_WI-UN-f1-5-13_loan_v1_v5_simulated_GATv2,_EOPKG_WI-UN-f1-5,13,train_candidate_target_set_entropy_mean,0,1781080776898,0.0
learn,EOPKG-WI,EOPKGTopologyConditionedWI,8d2a911a18bb4d61a536433690b744f0,854778689611649472,_EOPKG_WI-UN-f1-5-13_loan_v1_v5_simulated_GATv2,_EOPKG_WI-UN-f1-5,13,train_candidate_target_set_entropy_mean,0,1781080902680,0.0
learn,EOPKG-WI,EOPKGTopologyConditionedWI,8d2a911a18bb4d61a536433690b744f0,854778689611649472,_EOPKG_WI-UN-f1-5-13_loan_v1_v5_simulated_GATv2,_EOPKG_WI-UN-f1-5,13,train_candidate_target_set_entropy_mean,0,1781080902680,0.0
learn,EOPKG-WI,EOPKGTopologyConditionedWI,8d2a911a18bb4d61a536433690b744f0,854778689611649472,_EOPKG_WI-UN-f1-5-13_loan_v1_v5_simulated_GATv2,_EOPKG_WI-UN-f1-5,13,train_candidate_target_set_entropy_mean,0,1781081046259,0.0
learn,EOPKG-WI,EOPKGTopologyConditionedWI,8d2a911a18bb4d61a536433690b744f0,854778689611649472,_EOPKG_WI-UN-f1-5-13_loan_v1_v5_simulated_GATv2,_EOPKG_WI-UN-f1-5,13,train_candidate_target_set_entropy_mean,0,1781081046259,0.0
learn,EOPKG-WI,EOPKGTopologyConditionedWI,8d2a911a18bb4d61a536433690b744f0,854778689611649472,_EOPKG_WI-UN-f1-5-13_loan_v1_v5_simulated_GATv2,_EOPKG_WI-UN-f1-5,13,train_candidate_target_set_entropy_mean,0,1781081184840,0.0
learn,EOPKG-WI,EOPKGTopologyConditionedWI,8d2a911a18bb4d61a536433690b744f0,854778689611649472,_EOPKG_WI-UN-f1-5-13_loan_v1_v5_simulated_GATv2,_EOPKG_WI-UN-f1-5,13,train_candidate_target_set_entropy_mean,0,1781081184840,0.0
learn,EOPKG-WI,EOPKGTopologyConditionedWI,8d2a911a18bb4d61a536433690b744f0,854778689611649472,_EOPKG_WI-UN-f1-5-13_loan_v1_v5_simulated_GATv2,_EOPKG_WI-UN-f1-5,13,train_candidate_target_set_entropy_mean,0,1781081333413,0.0
learn,EOPKG-WI,EOPKGTopologyConditionedWI,8d2a911a18bb4d61a536433690b744f0,854778689611649472,_EOPKG_WI-UN-f1-5-13_loan_v1_v5_simulated_GATv2,_EOPKG_WI-UN-f1-5,13,train_candidate_target_set_entropy_mean,0,1781081333413,0.0
learn,EOPKG-WI,EOPKGTopologyConditionedWI,8d2a911a18bb4d61a536433690b744f0,854778689611649472,_EOPKG_WI-UN-f1-5-13_loan_v1_v5_simulated_GATv2,_EOPKG_WI-UN-f1-5,13,train_candidate_target_set_entropy_mean,0,1781081467283,0.0
learn,EOPKG-WI,EOPKGTopologyConditionedWI,8d2a911a18bb4d61a536433690b744f0,854778689611649472,_EOPKG_WI-UN-f1-5-13_loan_v1_v5_simulated_GATv2,_EOPKG_WI-UN-f1-5,13,train_candidate_target_set_entropy_mean,0,1781081467283,0.0
learn,EOPKG-WI,EOPKGTopologyConditionedWI,8d2a911a18bb4d61a536433690b744f0,854778689611649472,_EOPKG_WI-UN-f1-5-13_loan_v1_v5_simulated_GATv2,_EOPKG_WI-UN-f1-5,13,train_candidate_target_set_entropy_mean,0,1781081583042,0.0
learn,EOPKG-WI,EOPKGTopologyConditionedWI,8d2a911a18bb4d61a536433690b744f0,854778689611649472,_EOPKG_WI-UN-f1-5-13_loan_v1_v5_simulated_GATv2,_EOPKG_WI-UN-f1-5,13,train_candidate_target_set_entropy_mean,0,1781081583042,0.0
learn,EOPKG-WI,EOPKGTopologyConditionedWI,8d2a911a18bb4d61a536433690b744f0,854778689611649472,_EOPKG_WI-UN-f1-5-13_loan_v1_v5_simulated_GATv2,_EOPKG_WI-UN-f1-5,13,train_candidate_target_set_entropy_mean,0,1781081725626,0.0
learn,EOPKG-WI,EOPKGTopologyConditionedWI,8d2a911a18bb4d61a536433690b744f0,854778689611649472,_EOPKG_WI-UN-f1-5-13_loan_v1_v5_simulated_GATv2,_EOPKG_WI-UN-f1-5,13,train_candidate_target_set_entropy_mean,0,1781081725626,0.0
learn,EOPKG-WI,EOPKGTopologyConditionedWI,8d2a911a18bb4d61a536433690b744f0,854778689611649472,_EOPKG_WI-UN-f1-5-13_loan_v1_v5_simulated_GATv2,_EOPKG_WI-UN-f1-5,13,train_candidate_target_set_entropy_mean,0,1781081837776,0.0
learn,EOPKG-WI,EOPKGTopologyConditionedWI,8d2a911a18bb4d61a536433690b744f0,854778689611649472,_EOPKG_WI-UN-f1-5-13_loan_v1_v5_simulated_GATv2,_EOPKG_WI-UN-f1-5,13,train_candidate_target_set_entropy_mean,0,1781081837776,0.0
learn,EOPKG-WI,EOPKGTopologyConditionedWI,8d2a911a18bb4d61a536433690b744f0,854778689611649472,_EOPKG_WI-UN-f1-5-13_loan_v1_v5_simulated_GATv2,_EOPKG_WI-UN-f1-5,13,train_candidate_target_set_entropy_mean,0,1781081952410,0.0
learn,EOPKG-WI,EOPKGTopologyConditionedWI,8d2a911a18bb4d61a536433690b744f0,854778689611649472,_EOPKG_WI-UN-f1-5-13_loan_v1_v5_simulated_GATv2,_EOPKG_WI-UN-f1-5,13,train_candidate_target_set_entropy_mean,0,1781081952410,0.0
learn,EOPKG-WI,EOPKGTopologyConditionedWI,8d2a911a18bb4d61a536433690b744f0,854778689611649472,_EOPKG_WI-UN-f1-5-13_loan_v1_v5_simulated_GATv2,_EOPKG_WI-UN-f1-5,13,train_candidate_target_set_entropy_mean,0,1781082063717,0.0
learn,EOPKG-WI,EOPKGTopologyConditionedWI,8d2a911a18bb4d61a536433690b744f0,854778689611649472,_EOPKG_WI-UN-f1-5-13_loan_v1_v5_simulated_GATv2,_EOPKG_WI-UN-f1-5,13,train_candidate_target_set_entropy_mean,0,1781082063717,0.0
learn,EOPKG-WI,EOPKGTopologyConditionedWI,8d2a911a18bb4d61a536433690b744f0,854778689611649472,_EOPKG_WI-UN-f1-5-13_loan_v1_v5_simulated_GATv2,_EOPKG_WI-UN-f1-5,13,train_candidate_target_set_entropy_mean,0,1781082168848,0.0
learn,EOPKG-WI,EOPKGTopologyConditionedWI,8d2a911a18bb4d61a536433690b744f0,854778689611649472,_EOPKG_WI-UN-f1-5-13_loan_v1_v5_simulated_GATv2,_EOPKG_WI-UN-f1-5,13,train_candidate_target_set_entropy_mean,0,1781082168848,0.0
learn,EOPKG-WI,EOPKGTopologyConditionedWI,8d2a911a18bb4d61a536433690b744f0,854778689611649472,_EOPKG_WI-UN-f1-5-13_loan_v1_v5_simulated_GATv2,_EOPKG_WI-UN-f1-5,13,train_candidate_target_set_entropy_mean,0,1781082275344,0.0
learn,EOPKG-WI,EOPKGTopologyConditionedWI,8d2a911a18bb4d61a536433690b744f0,854778689611649472,_EOPKG_WI-UN-f1-5-13_loan_v1_v5_simulated_GATv2,_EOPKG_WI-UN-f1-5,13,train_candidate_target_set_entropy_mean,0,1781082275344,0.0
learn,EOPKG-WI,EOPKGTopologyConditionedWI,8d2a911a18bb4d61a536433690b744f0,854778689611649472,_EOPKG_WI-UN-f1-5-13_loan_v1_v5_simulated_GATv2,_EOPKG_WI-UN-f1-5,13,train_candidate_target_set_entropy_mean,0,1781082378363,0.0
learn,EOPKG-WI,EOPKGTopologyConditionedWI,8d2a911a18bb4d61a536433690b744f0,854778689611649472,_EOPKG_WI-UN-f1-5-13_loan_v1_v5_simulated_GATv2,_EOPKG_WI-UN-f1-5,13,train_candidate_target_set_entropy_mean,0,1781082378363,0.0
learn,EOPKG-WI,EOPKGTopologyConditionedWI,8d2a911a18bb4d61a536433690b744f0,854778689611649472,_EOPKG_WI-UN-f1-5-13_loan_v1_v5_simulated_GATv2,_EOPKG_WI-UN-f1-5,13,train_candidate_target_set_entropy_mean,0,1781082478866,0.0
learn,EOPKG-WI,EOPKGTopologyConditionedWI,8d2a911a18bb4d61a536433690b744f0,854778689611649472,_EOPKG_WI-UN-f1-5-13_loan_v1_v5_simulated_GATv2,_EOPKG_WI-UN-f1-5,13,train_candidate_target_set_entropy_mean,0,1781082478866,0.0
learn,EOPKG-WI,EOPKGTopologyConditionedWI,8d2a911a18bb4d61a536433690b744f0,854778689611649472,_EOPKG_WI-UN-f1-5-13_loan_v1_v5_simulated_GATv2,_EOPKG_WI-UN-f1-5,13,train_candidate_target_set_entropy_mean,0,1781082578711,0.0
learn,EOPKG-WI,EOPKGTopologyConditionedWI,8d2a911a18bb4d61a536433690b744f0,854778689611649472,_EOPKG_WI-UN-f1-5-13_loan_v1_v5_simulated_GATv2,_EOPKG_WI-UN-f1-5,13,train_candidate_target_set_entropy_mean,0,1781082578711,0.0
learn,EOPKG-WI,EOPKGTopologyConditionedWI,8d2a911a18bb4d61a536433690b744f0,854778689611649472,_EOPKG_WI-UN-f1-5-13_loan_v1_v5_simulated_GATv2,_EOPKG_WI-UN-f1-5,13,train_candidate_target_set_entropy_mean,0,1781082678301,0.0
learn,EOPKG-WI,EOPKGTopologyConditionedWI,8d2a911a18bb4d61a536433690b744f0,854778689611649472,_EOPKG_WI-UN-f1-5-13_loan_v1_v5_simulated_GATv2,_EOPKG_WI-UN-f1-5,13,train_candidate_target_set_entropy_mean,0,1781082678301,0.0
learn,EOPKG-WI,EOPKGTopologyConditionedWI,8d2a911a18bb4d61a536433690b744f0,854778689611649472,_EOPKG_WI-UN-f1-5-13_loan_v1_v5_simulated_GATv2,_EOPKG_WI-UN-f1-5,13,train_candidate_target_set_entropy_mean,0,1781082779808,0.0
learn,EOPKG-WI,EOPKGTopologyConditionedWI,8d2a911a18bb4d61a536433690b744f0,854778689611649472,_EOPKG_WI-UN-f1-5-13_loan_v1_v5_simulated_GATv2,_EOPKG_WI-UN-f1-5,13,train_candidate_target_set_entropy_mean,0,1781082779808,0.0
learn,EOPKG-WI,EOPKGTopologyConditionedWI,8d2a911a18bb4d61a536433690b744f0,854778689611649472,_EOPKG_WI-UN-f1-5-13_loan_v1_v5_simulated_GATv2,_EOPKG_WI-UN-f1-5,13,train_candidate_target_set_entropy_mean,0,1781082882523,0.0
learn,EOPKG-WI,EOPKGTopologyConditionedWI,8d2a911a18bb4d61a536433690b744f0,854778689611649472,_EOPKG_WI-UN-f1-5-13_loan_v1_v5_simulated_GATv2,_EOPKG_WI-UN-f1-5,13,train_candidate_target_set_entropy_mean,0,1781082882523,0.0
learn,EOPKG-WI,EOPKGTopologyConditionedWI,8d2a911a18bb4d61a536433690b744f0,854778689611649472,_EOPKG_WI-UN-f1-5-13_loan_v1_v5_simulated_GATv2,_EOPKG_WI-UN-f1-5,13,train_candidate_target_set_entropy_mean,0,1781082983514,0.0
learn,EOPKG-WI,EOPKGTopologyConditionedWI,8d2a911a18bb4d61a536433690b744f0,854778689611649472,_EOPKG_WI-UN-f1-5-13_loan_v1_v5_simulated_GATv2,_EOPKG_WI-UN-f1-5,13,train_candidate_target_set_entropy_mean,0,1781082983514,0.0
learn,EOPKG-WI,EOPKGTopologyConditionedWI,8d2a911a18bb4d61a536433690b744f0,854778689611649472,_EOPKG_WI-UN-f1-5-13_loan_v1_v5_simulated_GATv2,_EOPKG_WI-UN-f1-5,13,train_candidate_target_set_entropy_mean,0,1781083082718,0.0
learn,EOPKG-WI,EOPKGTopologyConditionedWI,8d2a911a18bb4d61a536433690b744f0,854778689611649472,_EOPKG_WI-UN-f1-5-13_loan_v1_v5_simulated_GATv2,_EOPKG_WI-UN-f1-5,13,train_candidate_target_set_entropy_mean,0,1781083082718,0.0
learn,EOPKG-WI,EOPKGTopologyConditionedWI,8d2a911a18bb4d61a536433690b744f0,854778689611649472,_EOPKG_WI-UN-f1-5-13_loan_v1_v5_simulated_GATv2,_EOPKG_WI-UN-f1-5,13,train_candidate_target_set_entropy_mean,0,1781083177909,0.0
learn,EOPKG-WI,EOPKGTopologyConditionedWI,8d2a911a18bb4d61a536433690b744f0,854778689611649472,_EOPKG_WI-UN-f1-5-13_loan_v1_v5_simulated_GATv2,_EOPKG_WI-UN-f1-5,13,train_candidate_target_set_entropy_mean,0,1781083177909,0.0
learn,EOPKG-WI,EOPKGTopologyConditionedWI,8d2a911a18bb4d61a536433690b744f0,854778689611649472,_EOPKG_WI-UN-f1-5-13_loan_v1_v5_simulated_GATv2,_EOPKG_WI-UN-f1-5,13,train_candidate_target_set_entropy_mean,0,1781083276150,0.0
learn,EOPKG-WI,EOPKGTopologyConditionedWI,8d2a911a18bb4d61a536433690b744f0,854778689611649472,_EOPKG_WI-UN-f1-5-13_loan_v1_v5_simulated_GATv2,_EOPKG_WI-UN-f1-5,13,train_candidate_target_set_entropy_mean,0,1781083276150,0.0
learn,EOPKG-WI,EOPKGTopologyConditionedWI,8d2a911a18bb4d61a536433690b744f0,854778689611649472,_EOPKG_WI-UN-f1-5-13_loan_v1_v5_simulated_GATv2,_EOPKG_WI-UN-f1-5,13,train_candidate_target_set_entropy_mean,0,1781083373886,0.0
learn,EOPKG-WI,EOPKGTopologyConditionedWI,8d2a911a18bb4d61a536433690b744f0,854778689611649472,_EOPKG_WI-UN-f1-5-13_loan_v1_v5_simulated_GATv2,_EOPKG_WI-UN-f1-5,13,train_candidate_target_set_entropy_mean,0,1781083373886,0.0
learn,EOPKG-WI,EOPKGTopologyConditionedWI,8d2a911a18bb4d61a536433690b744f0,854778689611649472,_EOPKG_WI-UN-f1-5-13_loan_v1_v5_simulated_GATv2,_EOPKG_WI-UN-f1-5,13,train_candidate_target_set_entropy_mean,0,1781083469956,0.0
learn,EOPKG-WI,EOPKGTopologyConditionedWI,8d2a911a18bb4d61a536433690b744f0,854778689611649472,_EOPKG_WI-UN-f1-5-13_loan_v1_v5_simulated_GATv2,_EOPKG_WI-UN-f1-5,13,train_candidate_target_set_entropy_mean,0,1781083469956,0.0
learn,EOPKG-WI,EOPKGTopologyConditionedWI,8d2a911a18bb4d61a536433690b744f0,854778689611649472,_EOPKG_WI-UN-f1-5-13_loan_v1_v5_simulated_GATv2,_EOPKG_WI-UN-f1-5,13,train_candidate_target_set_entropy_mean,0,1781083590204,0.0
learn,EOPKG-WI,EOPKGTopologyConditionedWI,8d2a911a18bb4d61a536433690b744f0,854778689611649472,_EOPKG_WI-UN-f1-5-13_loan_v1_v5_simulated_GATv2,_EOPKG_WI-UN-f1-5,13,train_candidate_target_set_entropy_mean,0,1781083590204,0.0
learn,EOPKG-WI,EOPKGTopologyConditionedWI,8d2a911a18bb4d61a536433690b744f0,854778689611649472,_EOPKG_WI-UN-f1-5-13_loan_v1_v5_simulated_GATv2,_EOPKG_WI-UN-f1-5,13,train_candidate_target_set_entropy_mean,0,1781083696652,0.0
learn,EOPKG-WI,EOPKGTopologyConditionedWI,8d2a911a18bb4d61a536433690b744f0,854778689611649472,_EOPKG_WI-UN-f1-5-13_loan_v1_v5_simulated_GATv2,_EOPKG_WI-UN-f1-5,13,train_candidate_target_set_entropy_mean,0,1781083696652,0.0
learn,EOPKG-WI,EOPKGTopologyConditionedWI,8d2a911a18bb4d61a536433690b744f0,854778689611649472,_EOPKG_WI-UN-f1-5-13_loan_v1_v5_simulated_GATv2,_EOPKG_WI-UN-f1-5,13,train_candidate_target_set_entropy_mean,0,1781083825880,0.0
learn,EOPKG-WI,EOPKGTopologyConditionedWI,8d2a911a18bb4d61a536433690b744f0,854778689611649472,_EOPKG_WI-UN-f1-5-13_loan_v1_v5_simulated_GATv2,_EOPKG_WI-UN-f1-5,13,train_candidate_target_set_entropy_mean,0,1781083825880,0.0
learn,EOPKG-WI,EOPKGTopologyConditionedWI,8d2a911a18bb4d61a536433690b744f0,854778689611649472,_EOPKG_WI-UN-f1-5-13_loan_v1_v5_simulated_GATv2,_EOPKG_WI-UN-f1-5,13,train_candidate_target_set_entropy_mean,0,1781083945539,0.0
learn,EOPKG-WI,EOPKGTopologyConditionedWI,8d2a911a18bb4d61a536433690b744f0,854778689611649472,_EOPKG_WI-UN-f1-5-13_loan_v1_v5_simulated_GATv2,_EOPKG_WI-UN-f1-5,13,train_candidate_target_set_entropy_mean,0,1781083945539,0.0
learn,EOPKG-WI,EOPKGTopologyConditionedWI,8d2a911a18bb4d61a536433690b744f0,854778689611649472,_EOPKG_WI-UN-f1-5-13_loan_v1_v5_simulated_GATv2,_EOPKG_WI-UN-f1-5,13,train_candidate_target_set_entropy_mean,0,1781084069172,0.0
learn,EOPKG-WI,EOPKGTopologyConditionedWI,8d2a911a18bb4d61a536433690b744f0,854778689611649472,_EOPKG_WI-UN-f1-5-13_loan_v1_v5_simulated_GATv2,_EOPKG_WI-UN-f1-5,13,train_candidate_target_set_entropy_mean,0,1781084069172,0.0
learn,EOPKG-WI,EOPKGTopologyConditionedWI,8d2a911a18bb4d61a536433690b744f0,854778689611649472,_EOPKG_WI-UN-f1-5-13_loan_v1_v5_simulated_GATv2,_EOPKG_WI-UN-f1-5,13,train_candidate_target_set_entropy_mean,0,1781084187867,0.0
learn,EOPKG-WI,EOPKGTopologyConditionedWI,8d2a911a18bb4d61a536433690b744f0,854778689611649472,_EOPKG_WI-UN-f1-5-13_loan_v1_v5_simulated_GATv2,_EOPKG_WI-UN-f1-5,13,train_candidate_target_set_entropy_mean,0,1781084187867,0.0
learn,EOPKG-WI,EOPKGTopologyConditionedWI,a29ca3bbdf9a497d9fccaf8f2e3a6269,854778689611649472,_EOPKG_WI-UN-f1-5-42_loan_v1_v5_simulated_GATv2,_EOPKG_WI-UN-f1-5,42,train_candidate_target_set_entropy_mean,0,1781038481741,0.0
learn,EOPKG-WI,EOPKGTopologyConditionedWI,a29ca3bbdf9a497d9fccaf8f2e3a6269,854778689611649472,_EOPKG_WI-UN-f1-5-42_loan_v1_v5_simulated_GATv2,_EOPKG_WI-UN-f1-5,42,train_candidate_target_set_entropy_mean,0,1781038601546,0.0
learn,EOPKG-WI,EOPKGTopologyConditionedWI,a29ca3bbdf9a497d9fccaf8f2e3a6269,854778689611649472,_EOPKG_WI-UN-f1-5-42_loan_v1_v5_simulated_GATv2,_EOPKG_WI-UN-f1-5,42,train_candidate_target_set_entropy_mean,0,1781038708786,0.0
learn,EOPKG-WI,EOPKGTopologyConditionedWI,a29ca3bbdf9a497d9fccaf8f2e3a6269,854778689611649472,_EOPKG_WI-UN-f1-5-42_loan_v1_v5_simulated_GATv2,_EOPKG_WI-UN-f1-5,42,train_candidate_target_set_entropy_mean,0,1781038814205,0.0
learn,EOPKG-WI,EOPKGTopologyConditionedWI,a29ca3bbdf9a497d9fccaf8f2e3a6269,854778689611649472,_EOPKG_WI-UN-f1-5-42_loan_v1_v5_simulated_GATv2,_EOPKG_WI-UN-f1-5,42,train_candidate_target_set_entropy_mean,0,1781038922643,0.0
learn,EOPKG-WI,EOPKGTopologyConditionedWI,a29ca3bbdf9a497d9fccaf8f2e3a6269,854778689611649472,_EOPKG_WI-UN-f1-5-42_loan_v1_v5_simulated_GATv2,_EOPKG_WI-UN-f1-5,42,train_candidate_target_set_entropy_mean,0,1781039031260,0.0
learn,EOPKG-WI,EOPKGTopologyConditionedWI,a29ca3bbdf9a497d9fccaf8f2e3a6269,854778689611649472,_EOPKG_WI-UN-f1-5-42_loan_v1_v5_simulated_GATv2,_EOPKG_WI-UN-f1-5,42,train_candidate_target_set_entropy_mean,0,1781039139830,0.0
learn,EOPKG-WI,EOPKGTopologyConditionedWI,a29ca3bbdf9a497d9fccaf8f2e3a6269,854778689611649472,_EOPKG_WI-UN-f1-5-42_loan_v1_v5_simulated_GATv2,_EOPKG_WI-UN-f1-5,42,train_candidate_target_set_entropy_mean,0,1781039248523,0.0
learn,EOPKG-WI,EOPKGTopologyConditionedWI,a29ca3bbdf9a497d9fccaf8f2e3a6269,854778689611649472,_EOPKG_WI-UN-f1-5-42_loan_v1_v5_simulated_GATv2,_EOPKG_WI-UN-f1-5,42,train_candidate_target_set_entropy_mean,0,1781039358212,0.0
learn,EOPKG-WI,EOPKGTopologyConditionedWI,a29ca3bbdf9a497d9fccaf8f2e3a6269,854778689611649472,_EOPKG_WI-UN-f1-5-42_loan_v1_v5_simulated_GATv2,_EOPKG_WI-UN-f1-5,42,train_candidate_target_set_entropy_mean,0,1781039469826,0.0
learn,EOPKG-WI,EOPKGTopologyConditionedWI,a29ca3bbdf9a497d9fccaf8f2e3a6269,854778689611649472,_EOPKG_WI-UN-f1-5-42_loan_v1_v5_simulated_GATv2,_EOPKG_WI-UN-f1-5,42,train_candidate_target_set_entropy_mean,0,1781039578872,0.0
learn,EOPKG-WI,EOPKGTopologyConditionedWI,a29ca3bbdf9a497d9fccaf8f2e3a6269,854778689611649472,_EOPKG_WI-UN-f1-5-42_loan_v1_v5_simulated_GATv2,_EOPKG_WI-UN-f1-5,42,train_candidate_target_set_entropy_mean,0,1781039688330,0.0
learn,EOPKG-WI,EOPKGTopologyConditionedWI,a29ca3bbdf9a497d9fccaf8f2e3a6269,854778689611649472,_EOPKG_WI-UN-f1-5-42_loan_v1_v5_simulated_GATv2,_EOPKG_WI-UN-f1-5,42,train_candidate_target_set_entropy_mean,0,1781039798575,0.0
learn,EOPKG-WI,EOPKGTopologyConditionedWI,a29ca3bbdf9a497d9fccaf8f2e3a6269,854778689611649472,_EOPKG_WI-UN-f1-5-42_loan_v1_v5_simulated_GATv2,_EOPKG_WI-UN-f1-5,42,train_candidate_target_set_entropy_mean,0,1781039910534,0.0
learn,EOPKG-WI,EOPKGTopologyConditionedWI,a29ca3bbdf9a497d9fccaf8f2e3a6269,854778689611649472,_EOPKG_WI-UN-f1-5-42_loan_v1_v5_simulated_GATv2,_EOPKG_WI-UN-f1-5,42,train_candidate_target_set_entropy_mean,0,1781040021811,0.0
learn,EOPKG-WI,EOPKGTopologyConditionedWI,a29ca3bbdf9a497d9fccaf8f2e3a6269,854778689611649472,_EOPKG_WI-UN-f1-5-42_loan_v1_v5_simulated_GATv2,_EOPKG_WI-UN-f1-5,42,train_candidate_target_set_entropy_mean,0,1781040131334,0.0
learn,EOPKG-WI,EOPKGTopologyConditionedWI,a29ca3bbdf9a497d9fccaf8f2e3a6269,854778689611649472,_EOPKG_WI-UN-f1-5-42_loan_v1_v5_simulated_GATv2,_EOPKG_WI-UN-f1-5,42,train_candidate_target_set_entropy_mean,0,1781040241446,0.0
learn,EOPKG-WI,EOPKGTopologyConditionedWI,a29ca3bbdf9a497d9fccaf8f2e3a6269,854778689611649472,_EOPKG_WI-UN-f1-5-42_loan_v1_v5_simulated_GATv2,_EOPKG_WI-UN-f1-5,42,train_candidate_target_set_entropy_mean,0,1781040350126,0.0
learn,EOPKG-WI,EOPKGTopologyConditionedWI,a29ca3bbdf9a497d9fccaf8f2e3a6269,854778689611649472,_EOPKG_WI-UN-f1-5-42_loan_v1_v5_simulated_GATv2,_EOPKG_WI-UN-f1-5,42,train_candidate_target_set_entropy_mean,0,1781040459840,0.0
learn,EOPKG-WI,EOPKGTopologyConditionedWI,a29ca3bbdf9a497d9fccaf8f2e3a6269,854778689611649472,_EOPKG_WI-UN-f1-5-42_loan_v1_v5_simulated_GATv2,_EOPKG_WI-UN-f1-5,42,train_candidate_target_set_entropy_mean,0,1781040570714,0.0
learn,EOPKG-WI,EOPKGTopologyConditionedWI,a29ca3bbdf9a497d9fccaf8f2e3a6269,854778689611649472,_EOPKG_WI-UN-f1-5-42_loan_v1_v5_simulated_GATv2,_EOPKG_WI-UN-f1-5,42,train_candidate_target_set_entropy_mean,0,1781040681323,0.0
learn,EOPKG-WI,EOPKGTopologyConditionedWI,a29ca3bbdf9a497d9fccaf8f2e3a6269,854778689611649472,_EOPKG_WI-UN-f1-5-42_loan_v1_v5_simulated_GATv2,_EOPKG_WI-UN-f1-5,42,train_candidate_target_set_entropy_mean,0,1781040790455,0.0
learn,EOPKG-WI,EOPKGTopologyConditionedWI,a29ca3bbdf9a497d9fccaf8f2e3a6269,854778689611649472,_EOPKG_WI-UN-f1-5-42_loan_v1_v5_simulated_GATv2,_EOPKG_WI-UN-f1-5,42,train_candidate_target_set_entropy_mean,0,1781040899754,0.0
learn,EOPKG-WI,EOPKGTopologyConditionedWI,a29ca3bbdf9a497d9fccaf8f2e3a6269,854778689611649472,_EOPKG_WI-UN-f1-5-42_loan_v1_v5_simulated_GATv2,_EOPKG_WI-UN-f1-5,42,train_candidate_target_set_entropy_mean,0,1781041010069,0.0
learn,EOPKG-WI,EOPKGTopologyConditionedWI,a29ca3bbdf9a497d9fccaf8f2e3a6269,854778689611649472,_EOPKG_WI-UN-f1-5-42_loan_v1_v5_simulated_GATv2,_EOPKG_WI-UN-f1-5,42,train_candidate_target_set_entropy_mean,0,1781041119202,0.0
learn,EOPKG-WI,EOPKGTopologyConditionedWI,a29ca3bbdf9a497d9fccaf8f2e3a6269,854778689611649472,_EOPKG_WI-UN-f1-5-42_loan_v1_v5_simulated_GATv2,_EOPKG_WI-UN-f1-5,42,train_candidate_target_set_entropy_mean,0,1781041228795,0.0
learn,EOPKG-WI,EOPKGTopologyConditionedWI,a29ca3bbdf9a497d9fccaf8f2e3a6269,854778689611649472,_EOPKG_WI-UN-f1-5-42_loan_v1_v5_simulated_GATv2,_EOPKG_WI-UN-f1-5,42,train_candidate_target_set_entropy_mean,0,1781041339608,0.0
learn,EOPKG-WI,EOPKGTopologyConditionedWI,a29ca3bbdf9a497d9fccaf8f2e3a6269,854778689611649472,_EOPKG_WI-UN-f1-5-42_loan_v1_v5_simulated_GATv2,_EOPKG_WI-UN-f1-5,42,train_candidate_target_set_entropy_mean,0,1781041450646,0.0
learn,EOPKG-WI,EOPKGTopologyConditionedWI,a29ca3bbdf9a497d9fccaf8f2e3a6269,854778689611649472,_EOPKG_WI-UN-f1-5-42_loan_v1_v5_simulated_GATv2,_EOPKG_WI-UN-f1-5,42,train_candidate_target_set_entropy_mean,0,1781041559219,0.0
learn,EOPKG-WI,EOPKGTopologyConditionedWI,a29ca3bbdf9a497d9fccaf8f2e3a6269,854778689611649472,_EOPKG_WI-UN-f1-5-42_loan_v1_v5_simulated_GATv2,_EOPKG_WI-UN-f1-5,42,train_candidate_target_set_entropy_mean,0,1781041668331,0.0
learn,EOPKG-WI,EOPKGTopologyConditionedWI,a29ca3bbdf9a497d9fccaf8f2e3a6269,854778689611649472,_EOPKG_WI-UN-f1-5-42_loan_v1_v5_simulated_GATv2,_EOPKG_WI-UN-f1-5,42,train_candidate_target_set_entropy_mean,0,1781041776559,0.0
learn,EOPKG-WI,EOPKGTopologyConditionedWI,a29ca3bbdf9a497d9fccaf8f2e3a6269,854778689611649472,_EOPKG_WI-UN-f1-5-42_loan_v1_v5_simulated_GATv2,_EOPKG_WI-UN-f1-5,42,train_candidate_target_set_entropy_mean,0,1781041889711,0.0
learn,EOPKG-WI,EOPKGTopologyConditionedWI,a29ca3bbdf9a497d9fccaf8f2e3a6269,854778689611649472,_EOPKG_WI-UN-f1-5-42_loan_v1_v5_simulated_GATv2,_EOPKG_WI-UN-f1-5,42,train_candidate_target_set_entropy_mean,0,1781042002720,0.0
learn,EOPKG-WI,EOPKGTopologyConditionedWI,a29ca3bbdf9a497d9fccaf8f2e3a6269,854778689611649472,_EOPKG_WI-UN-f1-5-42_loan_v1_v5_simulated_GATv2,_EOPKG_WI-UN-f1-5,42,train_candidate_target_set_entropy_mean,0,1781042111514,0.0
learn,EOPKG-WI,EOPKGTopologyConditionedWI,a29ca3bbdf9a497d9fccaf8f2e3a6269,854778689611649472,_EOPKG_WI-UN-f1-5-42_loan_v1_v5_simulated_GATv2,_EOPKG_WI-UN-f1-5,42,train_candidate_target_set_entropy_mean,0,1781042220545,0.0
learn,EOPKG-WI,EOPKGTopologyConditionedWI,a29ca3bbdf9a497d9fccaf8f2e3a6269,854778689611649472,_EOPKG_WI-UN-f1-5-42_loan_v1_v5_simulated_GATv2,_EOPKG_WI-UN-f1-5,42,train_candidate_target_set_entropy_mean,0,1781042329599,0.0
learn,EOPKG-WI,EOPKGTopologyConditionedWI,a29ca3bbdf9a497d9fccaf8f2e3a6269,854778689611649472,_EOPKG_WI-UN-f1-5-42_loan_v1_v5_simulated_GATv2,_EOPKG_WI-UN-f1-5,42,train_candidate_target_set_entropy_mean,0,1781042439456,0.0
learn,EOPKG-WI,EOPKGTopologyConditionedWI,a29ca3bbdf9a497d9fccaf8f2e3a6269,854778689611649472,_EOPKG_WI-UN-f1-5-42_loan_v1_v5_simulated_GATv2,_EOPKG_WI-UN-f1-5,42,train_candidate_target_set_entropy_mean,0,1781042548673,0.0
learn,EOPKG-WI,EOPKGTopologyConditionedWI,a29ca3bbdf9a497d9fccaf8f2e3a6269,854778689611649472,_EOPKG_WI-UN-f1-5-42_loan_v1_v5_simulated_GATv2,_EOPKG_WI-UN-f1-5,42,train_candidate_target_set_entropy_mean,0,1781042658938,0.0
learn,EOPKG-WI,EOPKGTopologyConditionedWI,a29ca3bbdf9a497d9fccaf8f2e3a6269,854778689611649472,_EOPKG_WI-UN-f1-5-42_loan_v1_v5_simulated_GATv2,_EOPKG_WI-UN-f1-5,42,train_candidate_target_set_entropy_mean,0,1781042768321,0.0
learn,EOPKG-WI,EOPKGTopologyConditionedWI,a29ca3bbdf9a497d9fccaf8f2e3a6269,854778689611649472,_EOPKG_WI-UN-f1-5-42_loan_v1_v5_simulated_GATv2,_EOPKG_WI-UN-f1-5,42,train_candidate_target_set_entropy_mean,0,1781042877206,0.0
learn,EOPKG-WI,EOPKGTopologyConditionedWI,a29ca3bbdf9a497d9fccaf8f2e3a6269,854778689611649472,_EOPKG_WI-UN-f1-5-42_loan_v1_v5_simulated_GATv2,_EOPKG_WI-UN-f1-5,42,train_candidate_target_set_entropy_mean,0,1781042987010,0.0
learn,EOPKG-WI,EOPKGTopologyConditionedWI,a29ca3bbdf9a497d9fccaf8f2e3a6269,854778689611649472,_EOPKG_WI-UN-f1-5-42_loan_v1_v5_simulated_GATv2,_EOPKG_WI-UN-f1-5,42,train_candidate_target_set_entropy_mean,0,1781043098586,0.0
learn,EOPKG-WI,EOPKGTopologyConditionedWI,a29ca3bbdf9a497d9fccaf8f2e3a6269,854778689611649472,_EOPKG_WI-UN-f1-5-42_loan_v1_v5_simulated_GATv2,_EOPKG_WI-UN-f1-5,42,train_candidate_target_set_entropy_mean,0,1781043212181,0.0
learn,EOPKG-WI,EOPKGTopologyConditionedWI,a29ca3bbdf9a497d9fccaf8f2e3a6269,854778689611649472,_EOPKG_WI-UN-f1-5-42_loan_v1_v5_simulated_GATv2,_EOPKG_WI-UN-f1-5,42,train_candidate_target_set_entropy_mean,0,1781043321363,0.0
learn,EOPKG-WI,EOPKGTopologyConditionedWI,a29ca3bbdf9a497d9fccaf8f2e3a6269,854778689611649472,_EOPKG_WI-UN-f1-5-42_loan_v1_v5_simulated_GATv2,_EOPKG_WI-UN-f1-5,42,train_candidate_target_set_entropy_mean,0,1781043434160,0.0
learn,EOPKG-WI,EOPKGTopologyConditionedWI,a29ca3bbdf9a497d9fccaf8f2e3a6269,854778689611649472,_EOPKG_WI-UN-f1-5-42_loan_v1_v5_simulated_GATv2,_EOPKG_WI-UN-f1-5,42,train_candidate_target_set_entropy_mean,0,1781043544699,0.0
learn,EOPKG-WI,EOPKGTopologyConditionedWI,a29ca3bbdf9a497d9fccaf8f2e3a6269,854778689611649472,_EOPKG_WI-UN-f1-5-42_loan_v1_v5_simulated_GATv2,_EOPKG_WI-UN-f1-5,42,train_candidate_target_set_entropy_mean,0,1781043656454,0.0
learn,EOPKG-WI,EOPKGTopologyConditionedWI,a29ca3bbdf9a497d9fccaf8f2e3a6269,854778689611649472,_EOPKG_WI-UN-f1-5-42_loan_v1_v5_simulated_GATv2,_EOPKG_WI-UN-f1-5,42,train_candidate_target_set_entropy_mean,0,1781043766755,0.0
learn,EOPKG-WI,EOPKGTopologyConditionedWI,a29ca3bbdf9a497d9fccaf8f2e3a6269,854778689611649472,_EOPKG_WI-UN-f1-5-42_loan_v1_v5_simulated_GATv2,_EOPKG_WI-UN-f1-5,42,train_candidate_target_set_entropy_mean,0,1781043876066,0.0
learn,EOPKG-WI,EOPKGTopologyConditionedWI,a29ca3bbdf9a497d9fccaf8f2e3a6269,854778689611649472,_EOPKG_WI-UN-f1-5-42_loan_v1_v5_simulated_GATv2,_EOPKG_WI-UN-f1-5,42,train_candidate_target_set_entropy_mean,0,1781043986375,0.0
learn,EOPKG-WI,EOPKGTopologyConditionedWI,a29ca3bbdf9a497d9fccaf8f2e3a6269,854778689611649472,_EOPKG_WI-UN-f1-5-42_loan_v1_v5_simulated_GATv2,_EOPKG_WI-UN-f1-5,42,train_candidate_target_set_entropy_mean,0,1781044096001,0.0
learn,EOPKG-WI,EOPKGTopologyConditionedWI,d0cd559af6bc4bcd986fb11b0ed56877,854778689611649472,_EOPKG_WI-UN-f1-5-55_loan_v1_v5_simulated_GATv2,_EOPKG_WI-UN-f1-5,55,train_candidate_target_set_entropy_mean,0,1781084760842,0.0
learn,EOPKG-WI,EOPKGTopologyConditionedWI,d0cd559af6bc4bcd986fb11b0ed56877,854778689611649472,_EOPKG_WI-UN-f1-5-55_loan_v1_v5_simulated_GATv2,_EOPKG_WI-UN-f1-5,55,train_candidate_target_set_entropy_mean,0,1781084760842,0.0
learn,EOPKG-WI,EOPKGTopologyConditionedWI,d0cd559af6bc4bcd986fb11b0ed56877,854778689611649472,_EOPKG_WI-UN-f1-5-55_loan_v1_v5_simulated_GATv2,_EOPKG_WI-UN-f1-5,55,train_candidate_target_set_entropy_mean,0,1781084905597,0.0
learn,EOPKG-WI,EOPKGTopologyConditionedWI,d0cd559af6bc4bcd986fb11b0ed56877,854778689611649472,_EOPKG_WI-UN-f1-5-55_loan_v1_v5_simulated_GATv2,_EOPKG_WI-UN-f1-5,55,train_candidate_target_set_entropy_mean,0,1781084905597,0.0
learn,EOPKG-WI,EOPKGTopologyConditionedWI,d0cd559af6bc4bcd986fb11b0ed56877,854778689611649472,_EOPKG_WI-UN-f1-5-55_loan_v1_v5_simulated_GATv2,_EOPKG_WI-UN-f1-5,55,train_candidate_target_set_entropy_mean,0,1781085019068,0.0
learn,EOPKG-WI,EOPKGTopologyConditionedWI,d0cd559af6bc4bcd986fb11b0ed56877,854778689611649472,_EOPKG_WI-UN-f1-5-55_loan_v1_v5_simulated_GATv2,_EOPKG_WI-UN-f1-5,55,train_candidate_target_set_entropy_mean,0,1781085019068,0.0
learn,EOPKG-WI,EOPKGTopologyConditionedWI,d0cd559af6bc4bcd986fb11b0ed56877,854778689611649472,_EOPKG_WI-UN-f1-5-55_loan_v1_v5_simulated_GATv2,_EOPKG_WI-UN-f1-5,55,train_candidate_target_set_entropy_mean,0,1781085130590,0.0
learn,EOPKG-WI,EOPKGTopologyConditionedWI,d0cd559af6bc4bcd986fb11b0ed56877,854778689611649472,_EOPKG_WI-UN-f1-5-55_loan_v1_v5_simulated_GATv2,_EOPKG_WI-UN-f1-5,55,train_candidate_target_set_entropy_mean,0,1781085130590,0.0
learn,EOPKG-WI,EOPKGTopologyConditionedWI,d0cd559af6bc4bcd986fb11b0ed56877,854778689611649472,_EOPKG_WI-UN-f1-5-55_loan_v1_v5_simulated_GATv2,_EOPKG_WI-UN-f1-5,55,train_candidate_target_set_entropy_mean,0,1781085250625,0.0
learn,EOPKG-WI,EOPKGTopologyConditionedWI,d0cd559af6bc4bcd986fb11b0ed56877,854778689611649472,_EOPKG_WI-UN-f1-5-55_loan_v1_v5_simulated_GATv2,_EOPKG_WI-UN-f1-5,55,train_candidate_target_set_entropy_mean,0,1781085250625,0.0
learn,EOPKG-WI,EOPKGTopologyConditionedWI,d0cd559af6bc4bcd986fb11b0ed56877,854778689611649472,_EOPKG_WI-UN-f1-5-55_loan_v1_v5_simulated_GATv2,_EOPKG_WI-UN-f1-5,55,train_candidate_target_set_entropy_mean,0,1781085376361,0.0
learn,EOPKG-WI,EOPKGTopologyConditionedWI,d0cd559af6bc4bcd986fb11b0ed56877,854778689611649472,_EOPKG_WI-UN-f1-5-55_loan_v1_v5_simulated_GATv2,_EOPKG_WI-UN-f1-5,55,train_candidate_target_set_entropy_mean,0,1781085376361,0.0
learn,EOPKG-WI,EOPKGTopologyConditionedWI,d0cd559af6bc4bcd986fb11b0ed56877,854778689611649472,_EOPKG_WI-UN-f1-5-55_loan_v1_v5_simulated_GATv2,_EOPKG_WI-UN-f1-5,55,train_candidate_target_set_entropy_mean,0,1781085480013,0.0
learn,EOPKG-WI,EOPKGTopologyConditionedWI,d0cd559af6bc4bcd986fb11b0ed56877,854778689611649472,_EOPKG_WI-UN-f1-5-55_loan_v1_v5_simulated_GATv2,_EOPKG_WI-UN-f1-5,55,train_candidate_target_set_entropy_mean,0,1781085480013,0.0
learn,EOPKG-WI,EOPKGTopologyConditionedWI,d0cd559af6bc4bcd986fb11b0ed56877,854778689611649472,_EOPKG_WI-UN-f1-5-55_loan_v1_v5_simulated_GATv2,_EOPKG_WI-UN-f1-5,55,train_candidate_target_set_entropy_mean,0,1781085594448,0.0
learn,EOPKG-WI,EOPKGTopologyConditionedWI,d0cd559af6bc4bcd986fb11b0ed56877,854778689611649472,_EOPKG_WI-UN-f1-5-55_loan_v1_v5_simulated_GATv2,_EOPKG_WI-UN-f1-5,55,train_candidate_target_set_entropy_mean,0,1781085594448,0.0
learn,EOPKG-WI,EOPKGTopologyConditionedWI,d0cd559af6bc4bcd986fb11b0ed56877,854778689611649472,_EOPKG_WI-UN-f1-5-55_loan_v1_v5_simulated_GATv2,_EOPKG_WI-UN-f1-5,55,train_candidate_target_set_entropy_mean,0,1781085722192,0.0
learn,EOPKG-WI,EOPKGTopologyConditionedWI,d0cd559af6bc4bcd986fb11b0ed56877,854778689611649472,_EOPKG_WI-UN-f1-5-55_loan_v1_v5_simulated_GATv2,_EOPKG_WI-UN-f1-5,55,train_candidate_target_set_entropy_mean,0,1781085722192,0.0
learn,EOPKG-WI,EOPKGTopologyConditionedWI,d0cd559af6bc4bcd986fb11b0ed56877,854778689611649472,_EOPKG_WI-UN-f1-5-55_loan_v1_v5_simulated_GATv2,_EOPKG_WI-UN-f1-5,55,train_candidate_target_set_entropy_mean,0,1781085847258,0.0
learn,EOPKG-WI,EOPKGTopologyConditionedWI,d0cd559af6bc4bcd986fb11b0ed56877,854778689611649472,_EOPKG_WI-UN-f1-5-55_loan_v1_v5_simulated_GATv2,_EOPKG_WI-UN-f1-5,55,train_candidate_target_set_entropy_mean,0,1781085847258,0.0
learn,EOPKG-WI,EOPKGTopologyConditionedWI,d0cd559af6bc4bcd986fb11b0ed56877,854778689611649472,_EOPKG_WI-UN-f1-5-55_loan_v1_v5_simulated_GATv2,_EOPKG_WI-UN-f1-5,55,train_candidate_target_set_entropy_mean,0,1781085974188,0.0
learn,EOPKG-WI,EOPKGTopologyConditionedWI,d0cd559af6bc4bcd986fb11b0ed56877,854778689611649472,_EOPKG_WI-UN-f1-5-55_loan_v1_v5_simulated_GATv2,_EOPKG_WI-UN-f1-5,55,train_candidate_target_set_entropy_mean,0,1781085974188,0.0
learn,EOPKG-WI,EOPKGTopologyConditionedWI,d0cd559af6bc4bcd986fb11b0ed56877,854778689611649472,_EOPKG_WI-UN-f1-5-55_loan_v1_v5_simulated_GATv2,_EOPKG_WI-UN-f1-5,55,train_candidate_target_set_entropy_mean,0,1781086100164,0.0
learn,EOPKG-WI,EOPKGTopologyConditionedWI,d0cd559af6bc4bcd986fb11b0ed56877,854778689611649472,_EOPKG_WI-UN-f1-5-55_loan_v1_v5_simulated_GATv2,_EOPKG_WI-UN-f1-5,55,train_candidate_target_set_entropy_mean,0,1781086100164,0.0
learn,EOPKG-WI,EOPKGTopologyConditionedWI,d0cd559af6bc4bcd986fb11b0ed56877,854778689611649472,_EOPKG_WI-UN-f1-5-55_loan_v1_v5_simulated_GATv2,_EOPKG_WI-UN-f1-5,55,train_candidate_target_set_entropy_mean,0,1781086240740,0.0
learn,EOPKG-WI,EOPKGTopologyConditionedWI,d0cd559af6bc4bcd986fb11b0ed56877,854778689611649472,_EOPKG_WI-UN-f1-5-55_loan_v1_v5_simulated_GATv2,_EOPKG_WI-UN-f1-5,55,train_candidate_target_set_entropy_mean,0,1781086240740,0.0
learn,EOPKG-WI,EOPKGTopologyConditionedWI,d0cd559af6bc4bcd986fb11b0ed56877,854778689611649472,_EOPKG_WI-UN-f1-5-55_loan_v1_v5_simulated_GATv2,_EOPKG_WI-UN-f1-5,55,train_candidate_target_set_entropy_mean,0,1781086377283,0.0
learn,EOPKG-WI,EOPKGTopologyConditionedWI,d0cd559af6bc4bcd986fb11b0ed56877,854778689611649472,_EOPKG_WI-UN-f1-5-55_loan_v1_v5_simulated_GATv2,_EOPKG_WI-UN-f1-5,55,train_candidate_target_set_entropy_mean,0,1781086377283,0.0
learn,EOPKG-WI,EOPKGTopologyConditionedWI,d0cd559af6bc4bcd986fb11b0ed56877,854778689611649472,_EOPKG_WI-UN-f1-5-55_loan_v1_v5_simulated_GATv2,_EOPKG_WI-UN-f1-5,55,train_candidate_target_set_entropy_mean,0,1781086498601,0.0
learn,EOPKG-WI,EOPKGTopologyConditionedWI,d0cd559af6bc4bcd986fb11b0ed56877,854778689611649472,_EOPKG_WI-UN-f1-5-55_loan_v1_v5_simulated_GATv2,_EOPKG_WI-UN-f1-5,55,train_candidate_target_set_entropy_mean,0,1781086498601,0.0
learn,EOPKG-WI,EOPKGTopologyConditionedWI,d0cd559af6bc4bcd986fb11b0ed56877,854778689611649472,_EOPKG_WI-UN-f1-5-55_loan_v1_v5_simulated_GATv2,_EOPKG_WI-UN-f1-5,55,train_candidate_target_set_entropy_mean,0,1781086635639,0.0
learn,EOPKG-WI,EOPKGTopologyConditionedWI,d0cd559af6bc4bcd986fb11b0ed56877,854778689611649472,_EOPKG_WI-UN-f1-5-55_loan_v1_v5_simulated_GATv2,_EOPKG_WI-UN-f1-5,55,train_candidate_target_set_entropy_mean,0,1781086635639,0.0
learn,EOPKG-WI,EOPKGTopologyConditionedWI,d0cd559af6bc4bcd986fb11b0ed56877,854778689611649472,_EOPKG_WI-UN-f1-5-55_loan_v1_v5_simulated_GATv2,_EOPKG_WI-UN-f1-5,55,train_candidate_target_set_entropy_mean,0,1781086763000,0.0
learn,EOPKG-WI,EOPKGTopologyConditionedWI,d0cd559af6bc4bcd986fb11b0ed56877,854778689611649472,_EOPKG_WI-UN-f1-5-55_loan_v1_v5_simulated_GATv2,_EOPKG_WI-UN-f1-5,55,train_candidate_target_set_entropy_mean,0,1781086763000,0.0
learn,EOPKG-WI,EOPKGTopologyConditionedWI,d0cd559af6bc4bcd986fb11b0ed56877,854778689611649472,_EOPKG_WI-UN-f1-5-55_loan_v1_v5_simulated_GATv2,_EOPKG_WI-UN-f1-5,55,train_candidate_target_set_entropy_mean,0,1781086916935,0.0
learn,EOPKG-WI,EOPKGTopologyConditionedWI,d0cd559af6bc4bcd986fb11b0ed56877,854778689611649472,_EOPKG_WI-UN-f1-5-55_loan_v1_v5_simulated_GATv2,_EOPKG_WI-UN-f1-5,55,train_candidate_target_set_entropy_mean,0,1781086916935,0.0
learn,EOPKG-WI,EOPKGTopologyConditionedWI,d0cd559af6bc4bcd986fb11b0ed56877,854778689611649472,_EOPKG_WI-UN-f1-5-55_loan_v1_v5_simulated_GATv2,_EOPKG_WI-UN-f1-5,55,train_candidate_target_set_entropy_mean,0,1781087042174,0.0
learn,EOPKG-WI,EOPKGTopologyConditionedWI,d0cd559af6bc4bcd986fb11b0ed56877,854778689611649472,_EOPKG_WI-UN-f1-5-55_loan_v1_v5_simulated_GATv2,_EOPKG_WI-UN-f1-5,55,train_candidate_target_set_entropy_mean,0,1781087042174,0.0
learn,EOPKG-WI,EOPKGTopologyConditionedWI,d0cd559af6bc4bcd986fb11b0ed56877,854778689611649472,_EOPKG_WI-UN-f1-5-55_loan_v1_v5_simulated_GATv2,_EOPKG_WI-UN-f1-5,55,train_candidate_target_set_entropy_mean,0,1781087169135,0.0
learn,EOPKG-WI,EOPKGTopologyConditionedWI,d0cd559af6bc4bcd986fb11b0ed56877,854778689611649472,_EOPKG_WI-UN-f1-5-55_loan_v1_v5_simulated_GATv2,_EOPKG_WI-UN-f1-5,55,train_candidate_target_set_entropy_mean,0,1781087169135,0.0
learn,EOPKG-WI,EOPKGTopologyConditionedWI,d0cd559af6bc4bcd986fb11b0ed56877,854778689611649472,_EOPKG_WI-UN-f1-5-55_loan_v1_v5_simulated_GATv2,_EOPKG_WI-UN-f1-5,55,train_candidate_target_set_entropy_mean,0,1781087301251,0.0
learn,EOPKG-WI,EOPKGTopologyConditionedWI,d0cd559af6bc4bcd986fb11b0ed56877,854778689611649472,_EOPKG_WI-UN-f1-5-55_loan_v1_v5_simulated_GATv2,_EOPKG_WI-UN-f1-5,55,train_candidate_target_set_entropy_mean,0,1781087301251,0.0
learn,EOPKG-WI,EOPKGTopologyConditionedWI,d0cd559af6bc4bcd986fb11b0ed56877,854778689611649472,_EOPKG_WI-UN-f1-5-55_loan_v1_v5_simulated_GATv2,_EOPKG_WI-UN-f1-5,55,train_candidate_target_set_entropy_mean,0,1781087467290,0.0
learn,EOPKG-WI,EOPKGTopologyConditionedWI,d0cd559af6bc4bcd986fb11b0ed56877,854778689611649472,_EOPKG_WI-UN-f1-5-55_loan_v1_v5_simulated_GATv2,_EOPKG_WI-UN-f1-5,55,train_candidate_target_set_entropy_mean,0,1781087467290,0.0
learn,EOPKG-WI,EOPKGTopologyConditionedWI,d0cd559af6bc4bcd986fb11b0ed56877,854778689611649472,_EOPKG_WI-UN-f1-5-55_loan_v1_v5_simulated_GATv2,_EOPKG_WI-UN-f1-5,55,train_candidate_target_set_entropy_mean,0,1781087686196,0.0
learn,EOPKG-WI,EOPKGTopologyConditionedWI,d0cd559af6bc4bcd986fb11b0ed56877,854778689611649472,_EOPKG_WI-UN-f1-5-55_loan_v1_v5_simulated_GATv2,_EOPKG_WI-UN-f1-5,55,train_candidate_target_set_entropy_mean,0,1781087686196,0.0
learn,EOPKG-WI,EOPKGTopologyConditionedWI,d0cd559af6bc4bcd986fb11b0ed56877,854778689611649472,_EOPKG_WI-UN-f1-5-55_loan_v1_v5_simulated_GATv2,_EOPKG_WI-UN-f1-5,55,train_candidate_target_set_entropy_mean,0,1781087866753,0.0
learn,EOPKG-WI,EOPKGTopologyConditionedWI,d0cd559af6bc4bcd986fb11b0ed56877,854778689611649472,_EOPKG_WI-UN-f1-5-55_loan_v1_v5_simulated_GATv2,_EOPKG_WI-UN-f1-5,55,train_candidate_target_set_entropy_mean,0,1781087866753,0.0
learn,EOPKG-WI,EOPKGTopologyConditionedWI,d0cd559af6bc4bcd986fb11b0ed56877,854778689611649472,_EOPKG_WI-UN-f1-5-55_loan_v1_v5_simulated_GATv2,_EOPKG_WI-UN-f1-5,55,train_candidate_target_set_entropy_mean,0,1781088061499,0.0
learn,EOPKG-WI,EOPKGTopologyConditionedWI,d0cd559af6bc4bcd986fb11b0ed56877,854778689611649472,_EOPKG_WI-UN-f1-5-55_loan_v1_v5_simulated_GATv2,_EOPKG_WI-UN-f1-5,55,train_candidate_target_set_entropy_mean,0,1781088061499,0.0
learn,EOPKG-WI,EOPKGTopologyConditionedWI,d0cd559af6bc4bcd986fb11b0ed56877,854778689611649472,_EOPKG_WI-UN-f1-5-55_loan_v1_v5_simulated_GATv2,_EOPKG_WI-UN-f1-5,55,train_candidate_target_set_entropy_mean,0,1781088197049,0.0
learn,EOPKG-WI,EOPKGTopologyConditionedWI,d0cd559af6bc4bcd986fb11b0ed56877,854778689611649472,_EOPKG_WI-UN-f1-5-55_loan_v1_v5_simulated_GATv2,_EOPKG_WI-UN-f1-5,55,train_candidate_target_set_entropy_mean,0,1781088197049,0.0
learn,EOPKG-WI,EOPKGTopologyConditionedWI,d0cd559af6bc4bcd986fb11b0ed56877,854778689611649472,_EOPKG_WI-UN-f1-5-55_loan_v1_v5_simulated_GATv2,_EOPKG_WI-UN-f1-5,55,train_candidate_target_set_entropy_mean,0,1781088322267,0.0
learn,EOPKG-WI,EOPKGTopologyConditionedWI,d0cd559af6bc4bcd986fb11b0ed56877,854778689611649472,_EOPKG_WI-UN-f1-5-55_loan_v1_v5_simulated_GATv2,_EOPKG_WI-UN-f1-5,55,train_candidate_target_set_entropy_mean,0,1781088322267,0.0
learn,EOPKG-WI,EOPKGTopologyConditionedWI,d0cd559af6bc4bcd986fb11b0ed56877,854778689611649472,_EOPKG_WI-UN-f1-5-55_loan_v1_v5_simulated_GATv2,_EOPKG_WI-UN-f1-5,55,train_candidate_target_set_entropy_mean,0,1781088439690,0.0
learn,EOPKG-WI,EOPKGTopologyConditionedWI,d0cd559af6bc4bcd986fb11b0ed56877,854778689611649472,_EOPKG_WI-UN-f1-5-55_loan_v1_v5_simulated_GATv2,_EOPKG_WI-UN-f1-5,55,train_candidate_target_set_entropy_mean,0,1781088439690,0.0
learn,EOPKG-WI,EOPKGTopologyConditionedWI,d0cd559af6bc4bcd986fb11b0ed56877,854778689611649472,_EOPKG_WI-UN-f1-5-55_loan_v1_v5_simulated_GATv2,_EOPKG_WI-UN-f1-5,55,train_candidate_target_set_entropy_mean,0,1781088560880,0.0
learn,EOPKG-WI,EOPKGTopologyConditionedWI,d0cd559af6bc4bcd986fb11b0ed56877,854778689611649472,_EOPKG_WI-UN-f1-5-55_loan_v1_v5_simulated_GATv2,_EOPKG_WI-UN-f1-5,55,train_candidate_target_set_entropy_mean,0,1781088560880,0.0
learn,EOPKG-WI,EOPKGTopologyConditionedWI,d0cd559af6bc4bcd986fb11b0ed56877,854778689611649472,_EOPKG_WI-UN-f1-5-55_loan_v1_v5_simulated_GATv2,_EOPKG_WI-UN-f1-5,55,train_candidate_target_set_entropy_mean,0,1781088685224,0.0
learn,EOPKG-WI,EOPKGTopologyConditionedWI,d0cd559af6bc4bcd986fb11b0ed56877,854778689611649472,_EOPKG_WI-UN-f1-5-55_loan_v1_v5_simulated_GATv2,_EOPKG_WI-UN-f1-5,55,train_candidate_target_set_entropy_mean,0,1781088685224,0.0
learn,EOPKG-WI,EOPKGTopologyConditionedWI,d0cd559af6bc4bcd986fb11b0ed56877,854778689611649472,_EOPKG_WI-UN-f1-5-55_loan_v1_v5_simulated_GATv2,_EOPKG_WI-UN-f1-5,55,train_candidate_target_set_entropy_mean,0,1781088850727,0.0
learn,EOPKG-WI,EOPKGTopologyConditionedWI,d0cd559af6bc4bcd986fb11b0ed56877,854778689611649472,_EOPKG_WI-UN-f1-5-55_loan_v1_v5_simulated_GATv2,_EOPKG_WI-UN-f1-5,55,train_candidate_target_set_entropy_mean,0,1781088850727,0.0
learn,EOPKG-WI,EOPKGTopologyConditionedWI,d0cd559af6bc4bcd986fb11b0ed56877,854778689611649472,_EOPKG_WI-UN-f1-5-55_loan_v1_v5_simulated_GATv2,_EOPKG_WI-UN-f1-5,55,train_candidate_target_set_entropy_mean,0,1781089029263,0.0
learn,EOPKG-WI,EOPKGTopologyConditionedWI,d0cd559af6bc4bcd986fb11b0ed56877,854778689611649472,_EOPKG_WI-UN-f1-5-55_loan_v1_v5_simulated_GATv2,_EOPKG_WI-UN-f1-5,55,train_candidate_target_set_entropy_mean,0,1781089029263,0.0
learn,EOPKG-WI,EOPKGTopologyConditionedWI,d0cd559af6bc4bcd986fb11b0ed56877,854778689611649472,_EOPKG_WI-UN-f1-5-55_loan_v1_v5_simulated_GATv2,_EOPKG_WI-UN-f1-5,55,train_candidate_target_set_entropy_mean,0,1781089181192,0.0
learn,EOPKG-WI,EOPKGTopologyConditionedWI,d0cd559af6bc4bcd986fb11b0ed56877,854778689611649472,_EOPKG_WI-UN-f1-5-55_loan_v1_v5_simulated_GATv2,_EOPKG_WI-UN-f1-5,55,train_candidate_target_set_entropy_mean,0,1781089181192,0.0
learn,EOPKG-WI,EOPKGTopologyConditionedWI,d0cd559af6bc4bcd986fb11b0ed56877,854778689611649472,_EOPKG_WI-UN-f1-5-55_loan_v1_v5_simulated_GATv2,_EOPKG_WI-UN-f1-5,55,train_candidate_target_set_entropy_mean,0,1781089294722,0.0
learn,EOPKG-WI,EOPKGTopologyConditionedWI,d0cd559af6bc4bcd986fb11b0ed56877,854778689611649472,_EOPKG_WI-UN-f1-5-55_loan_v1_v5_simulated_GATv2,_EOPKG_WI-UN-f1-5,55,train_candidate_target_set_entropy_mean,0,1781089294722,0.0
learn,EOPKG-WI,EOPKGTopologyConditionedWI,d0cd559af6bc4bcd986fb11b0ed56877,854778689611649472,_EOPKG_WI-UN-f1-5-55_loan_v1_v5_simulated_GATv2,_EOPKG_WI-UN-f1-5,55,train_candidate_target_set_entropy_mean,0,1781089418946,0.0
learn,EOPKG-WI,EOPKGTopologyConditionedWI,d0cd559af6bc4bcd986fb11b0ed56877,854778689611649472,_EOPKG_WI-UN-f1-5-55_loan_v1_v5_simulated_GATv2,_EOPKG_WI-UN-f1-5,55,train_candidate_target_set_entropy_mean,0,1781089418946,0.0
learn,EOPKG-WI,EOPKGTopologyConditionedWI,d0cd559af6bc4bcd986fb11b0ed56877,854778689611649472,_EOPKG_WI-UN-f1-5-55_loan_v1_v5_simulated_GATv2,_EOPKG_WI-UN-f1-5,55,train_candidate_target_set_entropy_mean,0,1781089531791,0.0
learn,EOPKG-WI,EOPKGTopologyConditionedWI,d0cd559af6bc4bcd986fb11b0ed56877,854778689611649472,_EOPKG_WI-UN-f1-5-55_loan_v1_v5_simulated_GATv2,_EOPKG_WI-UN-f1-5,55,train_candidate_target_set_entropy_mean,0,1781089531791,0.0
learn,EOPKG-WI,EOPKGTopologyConditionedWI,d0cd559af6bc4bcd986fb11b0ed56877,854778689611649472,_EOPKG_WI-UN-f1-5-55_loan_v1_v5_simulated_GATv2,_EOPKG_WI-UN-f1-5,55,train_candidate_target_set_entropy_mean,0,1781089685173,0.0
learn,EOPKG-WI,EOPKGTopologyConditionedWI,d0cd559af6bc4bcd986fb11b0ed56877,854778689611649472,_EOPKG_WI-UN-f1-5-55_loan_v1_v5_simulated_GATv2,_EOPKG_WI-UN-f1-5,55,train_candidate_target_set_entropy_mean,0,1781089685173,0.0
learn,EOPKG-WI,EOPKGTopologyConditionedWI,d0cd559af6bc4bcd986fb11b0ed56877,854778689611649472,_EOPKG_WI-UN-f1-5-55_loan_v1_v5_simulated_GATv2,_EOPKG_WI-UN-f1-5,55,train_candidate_target_set_entropy_mean,0,1781089795834,0.0
learn,EOPKG-WI,EOPKGTopologyConditionedWI,d0cd559af6bc4bcd986fb11b0ed56877,854778689611649472,_EOPKG_WI-UN-f1-5-55_loan_v1_v5_simulated_GATv2,_EOPKG_WI-UN-f1-5,55,train_candidate_target_set_entropy_mean,0,1781089795834,0.0
learn,EOPKG-WI,EOPKGTopologyConditionedWI,d0cd559af6bc4bcd986fb11b0ed56877,854778689611649472,_EOPKG_WI-UN-f1-5-55_loan_v1_v5_simulated_GATv2,_EOPKG_WI-UN-f1-5,55,train_candidate_target_set_entropy_mean,0,1781089904457,0.0
learn,EOPKG-WI,EOPKGTopologyConditionedWI,d0cd559af6bc4bcd986fb11b0ed56877,854778689611649472,_EOPKG_WI-UN-f1-5-55_loan_v1_v5_simulated_GATv2,_EOPKG_WI-UN-f1-5,55,train_candidate_target_set_entropy_mean,0,1781089904457,0.0
learn,EOPKG-WI,EOPKGTopologyConditionedWI,d0cd559af6bc4bcd986fb11b0ed56877,854778689611649472,_EOPKG_WI-UN-f1-5-55_loan_v1_v5_simulated_GATv2,_EOPKG_WI-UN-f1-5,55,train_candidate_target_set_entropy_mean,0,1781090053310,0.0
learn,EOPKG-WI,EOPKGTopologyConditionedWI,d0cd559af6bc4bcd986fb11b0ed56877,854778689611649472,_EOPKG_WI-UN-f1-5-55_loan_v1_v5_simulated_GATv2,_EOPKG_WI-UN-f1-5,55,train_candidate_target_set_entropy_mean,0,1781090053310,0.0
learn,EOPKG-WI,EOPKGTopologyConditionedWI,d0cd559af6bc4bcd986fb11b0ed56877,854778689611649472,_EOPKG_WI-UN-f1-5-55_loan_v1_v5_simulated_GATv2,_EOPKG_WI-UN-f1-5,55,train_candidate_target_set_entropy_mean,0,1781090215764,0.0
learn,EOPKG-WI,EOPKGTopologyConditionedWI,d0cd559af6bc4bcd986fb11b0ed56877,854778689611649472,_EOPKG_WI-UN-f1-5-55_loan_v1_v5_simulated_GATv2,_EOPKG_WI-UN-f1-5,55,train_candidate_target_set_entropy_mean,0,1781090215764,0.0
learn,EOPKG-WI,EOPKGTopologyConditionedWI,d0cd559af6bc4bcd986fb11b0ed56877,854778689611649472,_EOPKG_WI-UN-f1-5-55_loan_v1_v5_simulated_GATv2,_EOPKG_WI-UN-f1-5,55,train_candidate_target_set_entropy_mean,0,1781090386430,0.0
learn,EOPKG-WI,EOPKGTopologyConditionedWI,d0cd559af6bc4bcd986fb11b0ed56877,854778689611649472,_EOPKG_WI-UN-f1-5-55_loan_v1_v5_simulated_GATv2,_EOPKG_WI-UN-f1-5,55,train_candidate_target_set_entropy_mean,0,1781090386430,0.0
learn,EOPKG-WI,EOPKGTopologyConditionedWI,d0cd559af6bc4bcd986fb11b0ed56877,854778689611649472,_EOPKG_WI-UN-f1-5-55_loan_v1_v5_simulated_GATv2,_EOPKG_WI-UN-f1-5,55,train_candidate_target_set_entropy_mean,0,1781090525063,0.0
learn,EOPKG-WI,EOPKGTopologyConditionedWI,d0cd559af6bc4bcd986fb11b0ed56877,854778689611649472,_EOPKG_WI-UN-f1-5-55_loan_v1_v5_simulated_GATv2,_EOPKG_WI-UN-f1-5,55,train_candidate_target_set_entropy_mean,0,1781090525063,0.0
learn,EOPKG-WI,EOPKGTopologyConditionedWI,d0cd559af6bc4bcd986fb11b0ed56877,854778689611649472,_EOPKG_WI-UN-f1-5-55_loan_v1_v5_simulated_GATv2,_EOPKG_WI-UN-f1-5,55,train_candidate_target_set_entropy_mean,0,1781090639749,0.0
learn,EOPKG-WI,EOPKGTopologyConditionedWI,d0cd559af6bc4bcd986fb11b0ed56877,854778689611649472,_EOPKG_WI-UN-f1-5-55_loan_v1_v5_simulated_GATv2,_EOPKG_WI-UN-f1-5,55,train_candidate_target_set_entropy_mean,0,1781090639749,0.0
learn,EOPKG-WI,EOPKGTopologyConditionedWI,d0cd559af6bc4bcd986fb11b0ed56877,854778689611649472,_EOPKG_WI-UN-f1-5-55_loan_v1_v5_simulated_GATv2,_EOPKG_WI-UN-f1-5,55,train_candidate_target_set_entropy_mean,0,1781090748195,0.0
learn,EOPKG-WI,EOPKGTopologyConditionedWI,d0cd559af6bc4bcd986fb11b0ed56877,854778689611649472,_EOPKG_WI-UN-f1-5-55_loan_v1_v5_simulated_GATv2,_EOPKG_WI-UN-f1-5,55,train_candidate_target_set_entropy_mean,0,1781090748195,0.0
learn,EOPKG-WI,EOPKGTopologyConditionedWI,d0cd559af6bc4bcd986fb11b0ed56877,854778689611649472,_EOPKG_WI-UN-f1-5-55_loan_v1_v5_simulated_GATv2,_EOPKG_WI-UN-f1-5,55,train_candidate_target_set_entropy_mean,0,1781090858260,0.0
learn,EOPKG-WI,EOPKGTopologyConditionedWI,d0cd559af6bc4bcd986fb11b0ed56877,854778689611649472,_EOPKG_WI-UN-f1-5-55_loan_v1_v5_simulated_GATv2,_EOPKG_WI-UN-f1-5,55,train_candidate_target_set_entropy_mean,0,1781090858260,0.0
learn,EOPKG-WI,EOPKGTopologyConditionedWI,d0cd559af6bc4bcd986fb11b0ed56877,854778689611649472,_EOPKG_WI-UN-f1-5-55_loan_v1_v5_simulated_GATv2,_EOPKG_WI-UN-f1-5,55,train_candidate_target_set_entropy_mean,0,1781090963637,0.0
learn,EOPKG-WI,EOPKGTopologyConditionedWI,d0cd559af6bc4bcd986fb11b0ed56877,854778689611649472,_EOPKG_WI-UN-f1-5-55_loan_v1_v5_simulated_GATv2,_EOPKG_WI-UN-f1-5,55,train_candidate_target_set_entropy_mean,0,1781090963637,0.0
learn,EOPKG-WI,EOPKGTopologyConditionedWI,d0cd559af6bc4bcd986fb11b0ed56877,854778689611649472,_EOPKG_WI-UN-f1-5-55_loan_v1_v5_simulated_GATv2,_EOPKG_WI-UN-f1-5,55,train_candidate_target_set_entropy_mean,0,1781091064277,0.0
learn,EOPKG-WI,EOPKGTopologyConditionedWI,d0cd559af6bc4bcd986fb11b0ed56877,854778689611649472,_EOPKG_WI-UN-f1-5-55_loan_v1_v5_simulated_GATv2,_EOPKG_WI-UN-f1-5,55,train_candidate_target_set_entropy_mean,0,1781091064277,0.0
learn,EOPKG-WI,EOPKGTopologyConditionedWI,d0cd559af6bc4bcd986fb11b0ed56877,854778689611649472,_EOPKG_WI-UN-f1-5-55_loan_v1_v5_simulated_GATv2,_EOPKG_WI-UN-f1-5,55,train_candidate_target_set_entropy_mean,0,1781091165777,0.0
learn,EOPKG-WI,EOPKGTopologyConditionedWI,d0cd559af6bc4bcd986fb11b0ed56877,854778689611649472,_EOPKG_WI-UN-f1-5-55_loan_v1_v5_simulated_GATv2,_EOPKG_WI-UN-f1-5,55,train_candidate_target_set_entropy_mean,0,1781091165777,0.0
learn,EOPKG-WI,EOPKGTopologyConditionedWI,d0cd559af6bc4bcd986fb11b0ed56877,854778689611649472,_EOPKG_WI-UN-f1-5-55_loan_v1_v5_simulated_GATv2,_EOPKG_WI-UN-f1-5,55,train_candidate_target_set_entropy_mean,0,1781091270833,0.0
learn,EOPKG-WI,EOPKGTopologyConditionedWI,d0cd559af6bc4bcd986fb11b0ed56877,854778689611649472,_EOPKG_WI-UN-f1-5-55_loan_v1_v5_simulated_GATv2,_EOPKG_WI-UN-f1-5,55,train_candidate_target_set_entropy_mean,0,1781091270833,0.0
