run_set,paper_model,model_type,run_id,experiment_id,run_name,preset_name,seed,metric,step,timestamp,value
learn,EOPKG,EOPKGTopologyConditioned,43c4e96d97544cea9eae53251dac57de,854778689611649472,_EOPKG_TC-UN-f1-5-penalty3l-32_loan_v1_v5_simulated_GATv2,_EOPKG_TC-UN-f1-5-penalty3l,32,train_grad_norm_struct_xattn,0,1781418801263,0.0
learn,EOPKG,EOPKGTopologyConditioned,43c4e96d97544cea9eae53251dac57de,854778689611649472,_EOPKG_TC-UN-f1-5-penalty3l-32_loan_v1_v5_simulated_GATv2,_EOPKG_TC-UN-f1-5-penalty3l,32,train_grad_norm_struct_xattn,0,1781418801263,0.0
learn,EOPKG,EOPKGTopologyConditioned,43c4e96d97544cea9eae53251dac57de,854778689611649472,_EOPKG_TC-UN-f1-5-penalty3l-32_loan_v1_v5_simulated_GATv2,_EOPKG_TC-UN-f1-5-penalty3l,32,train_grad_norm_struct_xattn,0,1781419069000,0.0
learn,EOPKG,EOPKGTopologyConditioned,43c4e96d97544cea9eae53251dac57de,854778689611649472,_EOPKG_TC-UN-f1-5-penalty3l-32_loan_v1_v5_simulated_GATv2,_EOPKG_TC-UN-f1-5-penalty3l,32,train_grad_norm_struct_xattn,0,1781419069000,0.0
learn,EOPKG,EOPKGTopologyConditioned,43c4e96d97544cea9eae53251dac57de,854778689611649472,_EOPKG_TC-UN-f1-5-penalty3l-32_loan_v1_v5_simulated_GATv2,_EOPKG_TC-UN-f1-5-penalty3l,32,train_grad_norm_struct_xattn,0,1781419326748,0.0
learn,EOPKG,EOPKGTopologyConditioned,43c4e96d97544cea9eae53251dac57de,854778689611649472,_EOPKG_TC-UN-f1-5-penalty3l-32_loan_v1_v5_simulated_GATv2,_EOPKG_TC-UN-f1-5-penalty3l,32,train_grad_norm_struct_xattn,0,1781419326748,0.0
learn,EOPKG,EOPKGTopologyConditioned,43c4e96d97544cea9eae53251dac57de,854778689611649472,_EOPKG_TC-UN-f1-5-penalty3l-32_loan_v1_v5_simulated_GATv2,_EOPKG_TC-UN-f1-5-penalty3l,32,train_grad_norm_struct_xattn,0,1781419616306,0.0
learn,EOPKG,EOPKGTopologyConditioned,43c4e96d97544cea9eae53251dac57de,854778689611649472,_EOPKG_TC-UN-f1-5-penalty3l-32_loan_v1_v5_simulated_GATv2,_EOPKG_TC-UN-f1-5-penalty3l,32,train_grad_norm_struct_xattn,0,1781419616306,0.0
learn,EOPKG,EOPKGTopologyConditioned,43c4e96d97544cea9eae53251dac57de,854778689611649472,_EOPKG_TC-UN-f1-5-penalty3l-32_loan_v1_v5_simulated_GATv2,_EOPKG_TC-UN-f1-5-penalty3l,32,train_grad_norm_struct_xattn,0,1781419898365,0.0
learn,EOPKG,EOPKGTopologyConditioned,43c4e96d97544cea9eae53251dac57de,854778689611649472,_EOPKG_TC-UN-f1-5-penalty3l-32_loan_v1_v5_simulated_GATv2,_EOPKG_TC-UN-f1-5-penalty3l,32,train_grad_norm_struct_xattn,0,1781419898365,0.0
learn,EOPKG,EOPKGTopologyConditioned,43c4e96d97544cea9eae53251dac57de,854778689611649472,_EOPKG_TC-UN-f1-5-penalty3l-32_loan_v1_v5_simulated_GATv2,_EOPKG_TC-UN-f1-5-penalty3l,32,train_grad_norm_struct_xattn,0,1781420161706,0.0
learn,EOPKG,EOPKGTopologyConditioned,43c4e96d97544cea9eae53251dac57de,854778689611649472,_EOPKG_TC-UN-f1-5-penalty3l-32_loan_v1_v5_simulated_GATv2,_EOPKG_TC-UN-f1-5-penalty3l,32,train_grad_norm_struct_xattn,0,1781420161706,0.0
learn,EOPKG,EOPKGTopologyConditioned,43c4e96d97544cea9eae53251dac57de,854778689611649472,_EOPKG_TC-UN-f1-5-penalty3l-32_loan_v1_v5_simulated_GATv2,_EOPKG_TC-UN-f1-5-penalty3l,32,train_grad_norm_struct_xattn,0,1781420419880,0.0
learn,EOPKG,EOPKGTopologyConditioned,43c4e96d97544cea9eae53251dac57de,854778689611649472,_EOPKG_TC-UN-f1-5-penalty3l-32_loan_v1_v5_simulated_GATv2,_EOPKG_TC-UN-f1-5-penalty3l,32,train_grad_norm_struct_xattn,0,1781420419880,0.0
learn,EOPKG,EOPKGTopologyConditioned,43c4e96d97544cea9eae53251dac57de,854778689611649472,_EOPKG_TC-UN-f1-5-penalty3l-32_loan_v1_v5_simulated_GATv2,_EOPKG_TC-UN-f1-5-penalty3l,32,train_grad_norm_struct_xattn,0,1781420679704,0.0
learn,EOPKG,EOPKGTopologyConditioned,43c4e96d97544cea9eae53251dac57de,854778689611649472,_EOPKG_TC-UN-f1-5-penalty3l-32_loan_v1_v5_simulated_GATv2,_EOPKG_TC-UN-f1-5-penalty3l,32,train_grad_norm_struct_xattn,0,1781420679704,0.0
learn,EOPKG,EOPKGTopologyConditioned,43c4e96d97544cea9eae53251dac57de,854778689611649472,_EOPKG_TC-UN-f1-5-penalty3l-32_loan_v1_v5_simulated_GATv2,_EOPKG_TC-UN-f1-5-penalty3l,32,train_grad_norm_struct_xattn,0,1781420946554,0.0
learn,EOPKG,EOPKGTopologyConditioned,43c4e96d97544cea9eae53251dac57de,854778689611649472,_EOPKG_TC-UN-f1-5-penalty3l-32_loan_v1_v5_simulated_GATv2,_EOPKG_TC-UN-f1-5-penalty3l,32,train_grad_norm_struct_xattn,0,1781420946554,0.0
learn,EOPKG,EOPKGTopologyConditioned,43c4e96d97544cea9eae53251dac57de,854778689611649472,_EOPKG_TC-UN-f1-5-penalty3l-32_loan_v1_v5_simulated_GATv2,_EOPKG_TC-UN-f1-5-penalty3l,32,train_grad_norm_struct_xattn,0,1781421199626,0.0
learn,EOPKG,EOPKGTopologyConditioned,43c4e96d97544cea9eae53251dac57de,854778689611649472,_EOPKG_TC-UN-f1-5-penalty3l-32_loan_v1_v5_simulated_GATv2,_EOPKG_TC-UN-f1-5-penalty3l,32,train_grad_norm_struct_xattn,0,1781421199626,0.0
learn,EOPKG,EOPKGTopologyConditioned,43c4e96d97544cea9eae53251dac57de,854778689611649472,_EOPKG_TC-UN-f1-5-penalty3l-32_loan_v1_v5_simulated_GATv2,_EOPKG_TC-UN-f1-5-penalty3l,32,train_grad_norm_struct_xattn,0,1781421694597,0.0
learn,EOPKG,EOPKGTopologyConditioned,43c4e96d97544cea9eae53251dac57de,854778689611649472,_EOPKG_TC-UN-f1-5-penalty3l-32_loan_v1_v5_simulated_GATv2,_EOPKG_TC-UN-f1-5-penalty3l,32,train_grad_norm_struct_xattn,0,1781421694597,0.0
learn,EOPKG,EOPKGTopologyConditioned,43c4e96d97544cea9eae53251dac57de,854778689611649472,_EOPKG_TC-UN-f1-5-penalty3l-32_loan_v1_v5_simulated_GATv2,_EOPKG_TC-UN-f1-5-penalty3l,32,train_grad_norm_struct_xattn,0,1781422005751,0.0
learn,EOPKG,EOPKGTopologyConditioned,43c4e96d97544cea9eae53251dac57de,854778689611649472,_EOPKG_TC-UN-f1-5-penalty3l-32_loan_v1_v5_simulated_GATv2,_EOPKG_TC-UN-f1-5-penalty3l,32,train_grad_norm_struct_xattn,0,1781422005751,0.0
learn,EOPKG,EOPKGTopologyConditioned,43c4e96d97544cea9eae53251dac57de,854778689611649472,_EOPKG_TC-UN-f1-5-penalty3l-32_loan_v1_v5_simulated_GATv2,_EOPKG_TC-UN-f1-5-penalty3l,32,train_grad_norm_struct_xattn,0,1781422466477,0.0
learn,EOPKG,EOPKGTopologyConditioned,43c4e96d97544cea9eae53251dac57de,854778689611649472,_EOPKG_TC-UN-f1-5-penalty3l-32_loan_v1_v5_simulated_GATv2,_EOPKG_TC-UN-f1-5-penalty3l,32,train_grad_norm_struct_xattn,0,1781422466477,0.0
learn,EOPKG,EOPKGTopologyConditioned,43c4e96d97544cea9eae53251dac57de,854778689611649472,_EOPKG_TC-UN-f1-5-penalty3l-32_loan_v1_v5_simulated_GATv2,_EOPKG_TC-UN-f1-5-penalty3l,32,train_grad_norm_struct_xattn,0,1781422754345,0.0
learn,EOPKG,EOPKGTopologyConditioned,43c4e96d97544cea9eae53251dac57de,854778689611649472,_EOPKG_TC-UN-f1-5-penalty3l-32_loan_v1_v5_simulated_GATv2,_EOPKG_TC-UN-f1-5-penalty3l,32,train_grad_norm_struct_xattn,0,1781422754345,0.0
learn,EOPKG,EOPKGTopologyConditioned,43c4e96d97544cea9eae53251dac57de,854778689611649472,_EOPKG_TC-UN-f1-5-penalty3l-32_loan_v1_v5_simulated_GATv2,_EOPKG_TC-UN-f1-5-penalty3l,32,train_grad_norm_struct_xattn,0,1781423038296,0.0
learn,EOPKG,EOPKGTopologyConditioned,43c4e96d97544cea9eae53251dac57de,854778689611649472,_EOPKG_TC-UN-f1-5-penalty3l-32_loan_v1_v5_simulated_GATv2,_EOPKG_TC-UN-f1-5-penalty3l,32,train_grad_norm_struct_xattn,0,1781423038296,0.0
learn,EOPKG,EOPKGTopologyConditioned,43c4e96d97544cea9eae53251dac57de,854778689611649472,_EOPKG_TC-UN-f1-5-penalty3l-32_loan_v1_v5_simulated_GATv2,_EOPKG_TC-UN-f1-5-penalty3l,32,train_grad_norm_struct_xattn,0,1781423408070,0.0
learn,EOPKG,EOPKGTopologyConditioned,43c4e96d97544cea9eae53251dac57de,854778689611649472,_EOPKG_TC-UN-f1-5-penalty3l-32_loan_v1_v5_simulated_GATv2,_EOPKG_TC-UN-f1-5-penalty3l,32,train_grad_norm_struct_xattn,0,1781423408070,0.0
learn,EOPKG,EOPKGTopologyConditioned,43c4e96d97544cea9eae53251dac57de,854778689611649472,_EOPKG_TC-UN-f1-5-penalty3l-32_loan_v1_v5_simulated_GATv2,_EOPKG_TC-UN-f1-5-penalty3l,32,train_grad_norm_struct_xattn,0,1781423713695,0.0
learn,EOPKG,EOPKGTopologyConditioned,43c4e96d97544cea9eae53251dac57de,854778689611649472,_EOPKG_TC-UN-f1-5-penalty3l-32_loan_v1_v5_simulated_GATv2,_EOPKG_TC-UN-f1-5-penalty3l,32,train_grad_norm_struct_xattn,0,1781423713695,0.0
learn,EOPKG,EOPKGTopologyConditioned,43c4e96d97544cea9eae53251dac57de,854778689611649472,_EOPKG_TC-UN-f1-5-penalty3l-32_loan_v1_v5_simulated_GATv2,_EOPKG_TC-UN-f1-5-penalty3l,32,train_grad_norm_struct_xattn,0,1781423995469,0.0
learn,EOPKG,EOPKGTopologyConditioned,43c4e96d97544cea9eae53251dac57de,854778689611649472,_EOPKG_TC-UN-f1-5-penalty3l-32_loan_v1_v5_simulated_GATv2,_EOPKG_TC-UN-f1-5-penalty3l,32,train_grad_norm_struct_xattn,0,1781423995469,0.0
learn,EOPKG,EOPKGTopologyConditioned,43c4e96d97544cea9eae53251dac57de,854778689611649472,_EOPKG_TC-UN-f1-5-penalty3l-32_loan_v1_v5_simulated_GATv2,_EOPKG_TC-UN-f1-5-penalty3l,32,train_grad_norm_struct_xattn,0,1781424256040,0.0
learn,EOPKG,EOPKGTopologyConditioned,43c4e96d97544cea9eae53251dac57de,854778689611649472,_EOPKG_TC-UN-f1-5-penalty3l-32_loan_v1_v5_simulated_GATv2,_EOPKG_TC-UN-f1-5-penalty3l,32,train_grad_norm_struct_xattn,0,1781424256040,0.0
learn,EOPKG,EOPKGTopologyConditioned,43c4e96d97544cea9eae53251dac57de,854778689611649472,_EOPKG_TC-UN-f1-5-penalty3l-32_loan_v1_v5_simulated_GATv2,_EOPKG_TC-UN-f1-5-penalty3l,32,train_grad_norm_struct_xattn,0,1781424514687,0.0
learn,EOPKG,EOPKGTopologyConditioned,43c4e96d97544cea9eae53251dac57de,854778689611649472,_EOPKG_TC-UN-f1-5-penalty3l-32_loan_v1_v5_simulated_GATv2,_EOPKG_TC-UN-f1-5-penalty3l,32,train_grad_norm_struct_xattn,0,1781424514687,0.0
learn,EOPKG,EOPKGTopologyConditioned,43c4e96d97544cea9eae53251dac57de,854778689611649472,_EOPKG_TC-UN-f1-5-penalty3l-32_loan_v1_v5_simulated_GATv2,_EOPKG_TC-UN-f1-5-penalty3l,32,train_grad_norm_struct_xattn,0,1781424772849,0.0
learn,EOPKG,EOPKGTopologyConditioned,43c4e96d97544cea9eae53251dac57de,854778689611649472,_EOPKG_TC-UN-f1-5-penalty3l-32_loan_v1_v5_simulated_GATv2,_EOPKG_TC-UN-f1-5-penalty3l,32,train_grad_norm_struct_xattn,0,1781424772849,0.0
learn,EOPKG,EOPKGTopologyConditioned,43c4e96d97544cea9eae53251dac57de,854778689611649472,_EOPKG_TC-UN-f1-5-penalty3l-32_loan_v1_v5_simulated_GATv2,_EOPKG_TC-UN-f1-5-penalty3l,32,train_grad_norm_struct_xattn,0,1781425032700,0.0
learn,EOPKG,EOPKGTopologyConditioned,43c4e96d97544cea9eae53251dac57de,854778689611649472,_EOPKG_TC-UN-f1-5-penalty3l-32_loan_v1_v5_simulated_GATv2,_EOPKG_TC-UN-f1-5-penalty3l,32,train_grad_norm_struct_xattn,0,1781425032700,0.0
learn,EOPKG,EOPKGTopologyConditioned,43c4e96d97544cea9eae53251dac57de,854778689611649472,_EOPKG_TC-UN-f1-5-penalty3l-32_loan_v1_v5_simulated_GATv2,_EOPKG_TC-UN-f1-5-penalty3l,32,train_grad_norm_struct_xattn,0,1781425291549,0.0
learn,EOPKG,EOPKGTopologyConditioned,43c4e96d97544cea9eae53251dac57de,854778689611649472,_EOPKG_TC-UN-f1-5-penalty3l-32_loan_v1_v5_simulated_GATv2,_EOPKG_TC-UN-f1-5-penalty3l,32,train_grad_norm_struct_xattn,0,1781425291549,0.0
learn,EOPKG,EOPKGTopologyConditioned,43c4e96d97544cea9eae53251dac57de,854778689611649472,_EOPKG_TC-UN-f1-5-penalty3l-32_loan_v1_v5_simulated_GATv2,_EOPKG_TC-UN-f1-5-penalty3l,32,train_grad_norm_struct_xattn,0,1781425554446,0.0
learn,EOPKG,EOPKGTopologyConditioned,43c4e96d97544cea9eae53251dac57de,854778689611649472,_EOPKG_TC-UN-f1-5-penalty3l-32_loan_v1_v5_simulated_GATv2,_EOPKG_TC-UN-f1-5-penalty3l,32,train_grad_norm_struct_xattn,0,1781425554446,0.0
learn,EOPKG,EOPKGTopologyConditioned,43c4e96d97544cea9eae53251dac57de,854778689611649472,_EOPKG_TC-UN-f1-5-penalty3l-32_loan_v1_v5_simulated_GATv2,_EOPKG_TC-UN-f1-5-penalty3l,32,train_grad_norm_struct_xattn,0,1781425819623,0.0
learn,EOPKG,EOPKGTopologyConditioned,43c4e96d97544cea9eae53251dac57de,854778689611649472,_EOPKG_TC-UN-f1-5-penalty3l-32_loan_v1_v5_simulated_GATv2,_EOPKG_TC-UN-f1-5-penalty3l,32,train_grad_norm_struct_xattn,0,1781425819623,0.0
learn,EOPKG,EOPKGTopologyConditioned,43c4e96d97544cea9eae53251dac57de,854778689611649472,_EOPKG_TC-UN-f1-5-penalty3l-32_loan_v1_v5_simulated_GATv2,_EOPKG_TC-UN-f1-5-penalty3l,32,train_grad_norm_struct_xattn,0,1781426078567,0.0
learn,EOPKG,EOPKGTopologyConditioned,43c4e96d97544cea9eae53251dac57de,854778689611649472,_EOPKG_TC-UN-f1-5-penalty3l-32_loan_v1_v5_simulated_GATv2,_EOPKG_TC-UN-f1-5-penalty3l,32,train_grad_norm_struct_xattn,0,1781426078567,0.0
learn,EOPKG,EOPKGTopologyConditioned,43c4e96d97544cea9eae53251dac57de,854778689611649472,_EOPKG_TC-UN-f1-5-penalty3l-32_loan_v1_v5_simulated_GATv2,_EOPKG_TC-UN-f1-5-penalty3l,32,train_grad_norm_struct_xattn,0,1781426341170,0.0
learn,EOPKG,EOPKGTopologyConditioned,43c4e96d97544cea9eae53251dac57de,854778689611649472,_EOPKG_TC-UN-f1-5-penalty3l-32_loan_v1_v5_simulated_GATv2,_EOPKG_TC-UN-f1-5-penalty3l,32,train_grad_norm_struct_xattn,0,1781426341170,0.0
learn,EOPKG,EOPKGTopologyConditioned,43c4e96d97544cea9eae53251dac57de,854778689611649472,_EOPKG_TC-UN-f1-5-penalty3l-32_loan_v1_v5_simulated_GATv2,_EOPKG_TC-UN-f1-5-penalty3l,32,train_grad_norm_struct_xattn,0,1781426599232,0.0
learn,EOPKG,EOPKGTopologyConditioned,43c4e96d97544cea9eae53251dac57de,854778689611649472,_EOPKG_TC-UN-f1-5-penalty3l-32_loan_v1_v5_simulated_GATv2,_EOPKG_TC-UN-f1-5-penalty3l,32,train_grad_norm_struct_xattn,0,1781426599232,0.0
learn,EOPKG,EOPKGTopologyConditioned,43c4e96d97544cea9eae53251dac57de,854778689611649472,_EOPKG_TC-UN-f1-5-penalty3l-32_loan_v1_v5_simulated_GATv2,_EOPKG_TC-UN-f1-5-penalty3l,32,train_grad_norm_struct_xattn,0,1781426858836,0.0
learn,EOPKG,EOPKGTopologyConditioned,43c4e96d97544cea9eae53251dac57de,854778689611649472,_EOPKG_TC-UN-f1-5-penalty3l-32_loan_v1_v5_simulated_GATv2,_EOPKG_TC-UN-f1-5-penalty3l,32,train_grad_norm_struct_xattn,0,1781426858836,0.0
learn,EOPKG,EOPKGTopologyConditioned,43c4e96d97544cea9eae53251dac57de,854778689611649472,_EOPKG_TC-UN-f1-5-penalty3l-32_loan_v1_v5_simulated_GATv2,_EOPKG_TC-UN-f1-5-penalty3l,32,train_grad_norm_struct_xattn,0,1781427117124,0.0
learn,EOPKG,EOPKGTopologyConditioned,43c4e96d97544cea9eae53251dac57de,854778689611649472,_EOPKG_TC-UN-f1-5-penalty3l-32_loan_v1_v5_simulated_GATv2,_EOPKG_TC-UN-f1-5-penalty3l,32,train_grad_norm_struct_xattn,0,1781427117124,0.0
learn,EOPKG,EOPKGTopologyConditioned,43c4e96d97544cea9eae53251dac57de,854778689611649472,_EOPKG_TC-UN-f1-5-penalty3l-32_loan_v1_v5_simulated_GATv2,_EOPKG_TC-UN-f1-5-penalty3l,32,train_grad_norm_struct_xattn,0,1781427378251,0.0
learn,EOPKG,EOPKGTopologyConditioned,43c4e96d97544cea9eae53251dac57de,854778689611649472,_EOPKG_TC-UN-f1-5-penalty3l-32_loan_v1_v5_simulated_GATv2,_EOPKG_TC-UN-f1-5-penalty3l,32,train_grad_norm_struct_xattn,0,1781427378251,0.0
learn,EOPKG,EOPKGTopologyConditioned,5e56c5c7531d4675b4c740f509ff678f,854778689611649472,_EOPKG_TC-UN-f1-5-penalty3l-42_loan_v1_v5_simulated_GATv2,_EOPKG_TC-UN-f1-5-penalty3l,42,train_grad_norm_struct_xattn,0,1780655630956,0.0
learn,EOPKG,EOPKGTopologyConditioned,5e56c5c7531d4675b4c740f509ff678f,854778689611649472,_EOPKG_TC-UN-f1-5-penalty3l-42_loan_v1_v5_simulated_GATv2,_EOPKG_TC-UN-f1-5-penalty3l,42,train_grad_norm_struct_xattn,0,1780655630956,0.0
learn,EOPKG,EOPKGTopologyConditioned,5e56c5c7531d4675b4c740f509ff678f,854778689611649472,_EOPKG_TC-UN-f1-5-penalty3l-42_loan_v1_v5_simulated_GATv2,_EOPKG_TC-UN-f1-5-penalty3l,42,train_grad_norm_struct_xattn,0,1780655937795,0.0
learn,EOPKG,EOPKGTopologyConditioned,5e56c5c7531d4675b4c740f509ff678f,854778689611649472,_EOPKG_TC-UN-f1-5-penalty3l-42_loan_v1_v5_simulated_GATv2,_EOPKG_TC-UN-f1-5-penalty3l,42,train_grad_norm_struct_xattn,0,1780655937795,0.0
learn,EOPKG,EOPKGTopologyConditioned,5e56c5c7531d4675b4c740f509ff678f,854778689611649472,_EOPKG_TC-UN-f1-5-penalty3l-42_loan_v1_v5_simulated_GATv2,_EOPKG_TC-UN-f1-5-penalty3l,42,train_grad_norm_struct_xattn,0,1780656248842,0.0
learn,EOPKG,EOPKGTopologyConditioned,5e56c5c7531d4675b4c740f509ff678f,854778689611649472,_EOPKG_TC-UN-f1-5-penalty3l-42_loan_v1_v5_simulated_GATv2,_EOPKG_TC-UN-f1-5-penalty3l,42,train_grad_norm_struct_xattn,0,1780656248842,0.0
learn,EOPKG,EOPKGTopologyConditioned,5e56c5c7531d4675b4c740f509ff678f,854778689611649472,_EOPKG_TC-UN-f1-5-penalty3l-42_loan_v1_v5_simulated_GATv2,_EOPKG_TC-UN-f1-5-penalty3l,42,train_grad_norm_struct_xattn,0,1780656566470,0.0
learn,EOPKG,EOPKGTopologyConditioned,5e56c5c7531d4675b4c740f509ff678f,854778689611649472,_EOPKG_TC-UN-f1-5-penalty3l-42_loan_v1_v5_simulated_GATv2,_EOPKG_TC-UN-f1-5-penalty3l,42,train_grad_norm_struct_xattn,0,1780656566470,0.0
learn,EOPKG,EOPKGTopologyConditioned,5e56c5c7531d4675b4c740f509ff678f,854778689611649472,_EOPKG_TC-UN-f1-5-penalty3l-42_loan_v1_v5_simulated_GATv2,_EOPKG_TC-UN-f1-5-penalty3l,42,train_grad_norm_struct_xattn,0,1780656891006,0.0
learn,EOPKG,EOPKGTopologyConditioned,5e56c5c7531d4675b4c740f509ff678f,854778689611649472,_EOPKG_TC-UN-f1-5-penalty3l-42_loan_v1_v5_simulated_GATv2,_EOPKG_TC-UN-f1-5-penalty3l,42,train_grad_norm_struct_xattn,0,1780656891006,0.0
learn,EOPKG,EOPKGTopologyConditioned,5e56c5c7531d4675b4c740f509ff678f,854778689611649472,_EOPKG_TC-UN-f1-5-penalty3l-42_loan_v1_v5_simulated_GATv2,_EOPKG_TC-UN-f1-5-penalty3l,42,train_grad_norm_struct_xattn,0,1780657279681,0.0
learn,EOPKG,EOPKGTopologyConditioned,5e56c5c7531d4675b4c740f509ff678f,854778689611649472,_EOPKG_TC-UN-f1-5-penalty3l-42_loan_v1_v5_simulated_GATv2,_EOPKG_TC-UN-f1-5-penalty3l,42,train_grad_norm_struct_xattn,0,1780657279681,0.0
learn,EOPKG,EOPKGTopologyConditioned,5e56c5c7531d4675b4c740f509ff678f,854778689611649472,_EOPKG_TC-UN-f1-5-penalty3l-42_loan_v1_v5_simulated_GATv2,_EOPKG_TC-UN-f1-5-penalty3l,42,train_grad_norm_struct_xattn,0,1780657643327,0.0
learn,EOPKG,EOPKGTopologyConditioned,5e56c5c7531d4675b4c740f509ff678f,854778689611649472,_EOPKG_TC-UN-f1-5-penalty3l-42_loan_v1_v5_simulated_GATv2,_EOPKG_TC-UN-f1-5-penalty3l,42,train_grad_norm_struct_xattn,0,1780657643327,0.0
learn,EOPKG,EOPKGTopologyConditioned,5e56c5c7531d4675b4c740f509ff678f,854778689611649472,_EOPKG_TC-UN-f1-5-penalty3l-42_loan_v1_v5_simulated_GATv2,_EOPKG_TC-UN-f1-5-penalty3l,42,train_grad_norm_struct_xattn,0,1780657998317,0.0
learn,EOPKG,EOPKGTopologyConditioned,5e56c5c7531d4675b4c740f509ff678f,854778689611649472,_EOPKG_TC-UN-f1-5-penalty3l-42_loan_v1_v5_simulated_GATv2,_EOPKG_TC-UN-f1-5-penalty3l,42,train_grad_norm_struct_xattn,0,1780657998317,0.0
learn,EOPKG,EOPKGTopologyConditioned,5e56c5c7531d4675b4c740f509ff678f,854778689611649472,_EOPKG_TC-UN-f1-5-penalty3l-42_loan_v1_v5_simulated_GATv2,_EOPKG_TC-UN-f1-5-penalty3l,42,train_grad_norm_struct_xattn,0,1780658338378,0.0
learn,EOPKG,EOPKGTopologyConditioned,5e56c5c7531d4675b4c740f509ff678f,854778689611649472,_EOPKG_TC-UN-f1-5-penalty3l-42_loan_v1_v5_simulated_GATv2,_EOPKG_TC-UN-f1-5-penalty3l,42,train_grad_norm_struct_xattn,0,1780658338378,0.0
learn,EOPKG,EOPKGTopologyConditioned,5e56c5c7531d4675b4c740f509ff678f,854778689611649472,_EOPKG_TC-UN-f1-5-penalty3l-42_loan_v1_v5_simulated_GATv2,_EOPKG_TC-UN-f1-5-penalty3l,42,train_grad_norm_struct_xattn,0,1780658730034,0.0
learn,EOPKG,EOPKGTopologyConditioned,5e56c5c7531d4675b4c740f509ff678f,854778689611649472,_EOPKG_TC-UN-f1-5-penalty3l-42_loan_v1_v5_simulated_GATv2,_EOPKG_TC-UN-f1-5-penalty3l,42,train_grad_norm_struct_xattn,0,1780658730034,0.0
learn,EOPKG,EOPKGTopologyConditioned,5e56c5c7531d4675b4c740f509ff678f,854778689611649472,_EOPKG_TC-UN-f1-5-penalty3l-42_loan_v1_v5_simulated_GATv2,_EOPKG_TC-UN-f1-5-penalty3l,42,train_grad_norm_struct_xattn,0,1780659032336,0.0
learn,EOPKG,EOPKGTopologyConditioned,5e56c5c7531d4675b4c740f509ff678f,854778689611649472,_EOPKG_TC-UN-f1-5-penalty3l-42_loan_v1_v5_simulated_GATv2,_EOPKG_TC-UN-f1-5-penalty3l,42,train_grad_norm_struct_xattn,0,1780659032336,0.0
learn,EOPKG,EOPKGTopologyConditioned,5e56c5c7531d4675b4c740f509ff678f,854778689611649472,_EOPKG_TC-UN-f1-5-penalty3l-42_loan_v1_v5_simulated_GATv2,_EOPKG_TC-UN-f1-5-penalty3l,42,train_grad_norm_struct_xattn,0,1780659335126,0.0
learn,EOPKG,EOPKGTopologyConditioned,5e56c5c7531d4675b4c740f509ff678f,854778689611649472,_EOPKG_TC-UN-f1-5-penalty3l-42_loan_v1_v5_simulated_GATv2,_EOPKG_TC-UN-f1-5-penalty3l,42,train_grad_norm_struct_xattn,0,1780659335126,0.0
learn,EOPKG,EOPKGTopologyConditioned,5e56c5c7531d4675b4c740f509ff678f,854778689611649472,_EOPKG_TC-UN-f1-5-penalty3l-42_loan_v1_v5_simulated_GATv2,_EOPKG_TC-UN-f1-5-penalty3l,42,train_grad_norm_struct_xattn,0,1780659688638,0.0
learn,EOPKG,EOPKGTopologyConditioned,5e56c5c7531d4675b4c740f509ff678f,854778689611649472,_EOPKG_TC-UN-f1-5-penalty3l-42_loan_v1_v5_simulated_GATv2,_EOPKG_TC-UN-f1-5-penalty3l,42,train_grad_norm_struct_xattn,0,1780659688638,0.0
learn,EOPKG,EOPKGTopologyConditioned,5e56c5c7531d4675b4c740f509ff678f,854778689611649472,_EOPKG_TC-UN-f1-5-penalty3l-42_loan_v1_v5_simulated_GATv2,_EOPKG_TC-UN-f1-5-penalty3l,42,train_grad_norm_struct_xattn,0,1780659991942,0.0
learn,EOPKG,EOPKGTopologyConditioned,5e56c5c7531d4675b4c740f509ff678f,854778689611649472,_EOPKG_TC-UN-f1-5-penalty3l-42_loan_v1_v5_simulated_GATv2,_EOPKG_TC-UN-f1-5-penalty3l,42,train_grad_norm_struct_xattn,0,1780659991942,0.0
learn,EOPKG,EOPKGTopologyConditioned,5e56c5c7531d4675b4c740f509ff678f,854778689611649472,_EOPKG_TC-UN-f1-5-penalty3l-42_loan_v1_v5_simulated_GATv2,_EOPKG_TC-UN-f1-5-penalty3l,42,train_grad_norm_struct_xattn,0,1780660381415,0.0
learn,EOPKG,EOPKGTopologyConditioned,5e56c5c7531d4675b4c740f509ff678f,854778689611649472,_EOPKG_TC-UN-f1-5-penalty3l-42_loan_v1_v5_simulated_GATv2,_EOPKG_TC-UN-f1-5-penalty3l,42,train_grad_norm_struct_xattn,0,1780660381415,0.0
learn,EOPKG,EOPKGTopologyConditioned,5e56c5c7531d4675b4c740f509ff678f,854778689611649472,_EOPKG_TC-UN-f1-5-penalty3l-42_loan_v1_v5_simulated_GATv2,_EOPKG_TC-UN-f1-5-penalty3l,42,train_grad_norm_struct_xattn,0,1780660696469,0.0
learn,EOPKG,EOPKGTopologyConditioned,5e56c5c7531d4675b4c740f509ff678f,854778689611649472,_EOPKG_TC-UN-f1-5-penalty3l-42_loan_v1_v5_simulated_GATv2,_EOPKG_TC-UN-f1-5-penalty3l,42,train_grad_norm_struct_xattn,0,1780660696469,0.0
learn,EOPKG,EOPKGTopologyConditioned,5e56c5c7531d4675b4c740f509ff678f,854778689611649472,_EOPKG_TC-UN-f1-5-penalty3l-42_loan_v1_v5_simulated_GATv2,_EOPKG_TC-UN-f1-5-penalty3l,42,train_grad_norm_struct_xattn,0,1780661032333,0.0
learn,EOPKG,EOPKGTopologyConditioned,5e56c5c7531d4675b4c740f509ff678f,854778689611649472,_EOPKG_TC-UN-f1-5-penalty3l-42_loan_v1_v5_simulated_GATv2,_EOPKG_TC-UN-f1-5-penalty3l,42,train_grad_norm_struct_xattn,0,1780661032333,0.0
learn,EOPKG,EOPKGTopologyConditioned,5e56c5c7531d4675b4c740f509ff678f,854778689611649472,_EOPKG_TC-UN-f1-5-penalty3l-42_loan_v1_v5_simulated_GATv2,_EOPKG_TC-UN-f1-5-penalty3l,42,train_grad_norm_struct_xattn,0,1780661318609,0.0
learn,EOPKG,EOPKGTopologyConditioned,5e56c5c7531d4675b4c740f509ff678f,854778689611649472,_EOPKG_TC-UN-f1-5-penalty3l-42_loan_v1_v5_simulated_GATv2,_EOPKG_TC-UN-f1-5-penalty3l,42,train_grad_norm_struct_xattn,0,1780661318609,0.0
learn,EOPKG,EOPKGTopologyConditioned,5e56c5c7531d4675b4c740f509ff678f,854778689611649472,_EOPKG_TC-UN-f1-5-penalty3l-42_loan_v1_v5_simulated_GATv2,_EOPKG_TC-UN-f1-5-penalty3l,42,train_grad_norm_struct_xattn,0,1780661592325,0.0
learn,EOPKG,EOPKGTopologyConditioned,5e56c5c7531d4675b4c740f509ff678f,854778689611649472,_EOPKG_TC-UN-f1-5-penalty3l-42_loan_v1_v5_simulated_GATv2,_EOPKG_TC-UN-f1-5-penalty3l,42,train_grad_norm_struct_xattn,0,1780661592325,0.0
learn,EOPKG,EOPKGTopologyConditioned,5e56c5c7531d4675b4c740f509ff678f,854778689611649472,_EOPKG_TC-UN-f1-5-penalty3l-42_loan_v1_v5_simulated_GATv2,_EOPKG_TC-UN-f1-5-penalty3l,42,train_grad_norm_struct_xattn,0,1780661866608,0.0
learn,EOPKG,EOPKGTopologyConditioned,5e56c5c7531d4675b4c740f509ff678f,854778689611649472,_EOPKG_TC-UN-f1-5-penalty3l-42_loan_v1_v5_simulated_GATv2,_EOPKG_TC-UN-f1-5-penalty3l,42,train_grad_norm_struct_xattn,0,1780661866608,0.0
learn,EOPKG,EOPKGTopologyConditioned,5e56c5c7531d4675b4c740f509ff678f,854778689611649472,_EOPKG_TC-UN-f1-5-penalty3l-42_loan_v1_v5_simulated_GATv2,_EOPKG_TC-UN-f1-5-penalty3l,42,train_grad_norm_struct_xattn,0,1780662136244,0.0
learn,EOPKG,EOPKGTopologyConditioned,5e56c5c7531d4675b4c740f509ff678f,854778689611649472,_EOPKG_TC-UN-f1-5-penalty3l-42_loan_v1_v5_simulated_GATv2,_EOPKG_TC-UN-f1-5-penalty3l,42,train_grad_norm_struct_xattn,0,1780662136244,0.0
learn,EOPKG,EOPKGTopologyConditioned,5e56c5c7531d4675b4c740f509ff678f,854778689611649472,_EOPKG_TC-UN-f1-5-penalty3l-42_loan_v1_v5_simulated_GATv2,_EOPKG_TC-UN-f1-5-penalty3l,42,train_grad_norm_struct_xattn,0,1780662407684,0.0
learn,EOPKG,EOPKGTopologyConditioned,5e56c5c7531d4675b4c740f509ff678f,854778689611649472,_EOPKG_TC-UN-f1-5-penalty3l-42_loan_v1_v5_simulated_GATv2,_EOPKG_TC-UN-f1-5-penalty3l,42,train_grad_norm_struct_xattn,0,1780662407684,0.0
learn,EOPKG,EOPKGTopologyConditioned,5e56c5c7531d4675b4c740f509ff678f,854778689611649472,_EOPKG_TC-UN-f1-5-penalty3l-42_loan_v1_v5_simulated_GATv2,_EOPKG_TC-UN-f1-5-penalty3l,42,train_grad_norm_struct_xattn,0,1780662676614,0.0
learn,EOPKG,EOPKGTopologyConditioned,5e56c5c7531d4675b4c740f509ff678f,854778689611649472,_EOPKG_TC-UN-f1-5-penalty3l-42_loan_v1_v5_simulated_GATv2,_EOPKG_TC-UN-f1-5-penalty3l,42,train_grad_norm_struct_xattn,0,1780662676614,0.0
learn,EOPKG,EOPKGTopologyConditioned,5e56c5c7531d4675b4c740f509ff678f,854778689611649472,_EOPKG_TC-UN-f1-5-penalty3l-42_loan_v1_v5_simulated_GATv2,_EOPKG_TC-UN-f1-5-penalty3l,42,train_grad_norm_struct_xattn,0,1780662947469,0.0
learn,EOPKG,EOPKGTopologyConditioned,5e56c5c7531d4675b4c740f509ff678f,854778689611649472,_EOPKG_TC-UN-f1-5-penalty3l-42_loan_v1_v5_simulated_GATv2,_EOPKG_TC-UN-f1-5-penalty3l,42,train_grad_norm_struct_xattn,0,1780662947469,0.0
learn,EOPKG,EOPKGTopologyConditioned,5e56c5c7531d4675b4c740f509ff678f,854778689611649472,_EOPKG_TC-UN-f1-5-penalty3l-42_loan_v1_v5_simulated_GATv2,_EOPKG_TC-UN-f1-5-penalty3l,42,train_grad_norm_struct_xattn,0,1780663217996,0.0
learn,EOPKG,EOPKGTopologyConditioned,5e56c5c7531d4675b4c740f509ff678f,854778689611649472,_EOPKG_TC-UN-f1-5-penalty3l-42_loan_v1_v5_simulated_GATv2,_EOPKG_TC-UN-f1-5-penalty3l,42,train_grad_norm_struct_xattn,0,1780663217996,0.0
learn,EOPKG,EOPKGTopologyConditioned,5e56c5c7531d4675b4c740f509ff678f,854778689611649472,_EOPKG_TC-UN-f1-5-penalty3l-42_loan_v1_v5_simulated_GATv2,_EOPKG_TC-UN-f1-5-penalty3l,42,train_grad_norm_struct_xattn,0,1780663486743,0.0
learn,EOPKG,EOPKGTopologyConditioned,5e56c5c7531d4675b4c740f509ff678f,854778689611649472,_EOPKG_TC-UN-f1-5-penalty3l-42_loan_v1_v5_simulated_GATv2,_EOPKG_TC-UN-f1-5-penalty3l,42,train_grad_norm_struct_xattn,0,1780663486743,0.0
learn,EOPKG,EOPKGTopologyConditioned,5e56c5c7531d4675b4c740f509ff678f,854778689611649472,_EOPKG_TC-UN-f1-5-penalty3l-42_loan_v1_v5_simulated_GATv2,_EOPKG_TC-UN-f1-5-penalty3l,42,train_grad_norm_struct_xattn,0,1780663760458,0.0
learn,EOPKG,EOPKGTopologyConditioned,5e56c5c7531d4675b4c740f509ff678f,854778689611649472,_EOPKG_TC-UN-f1-5-penalty3l-42_loan_v1_v5_simulated_GATv2,_EOPKG_TC-UN-f1-5-penalty3l,42,train_grad_norm_struct_xattn,0,1780663760458,0.0
learn,EOPKG,EOPKGTopologyConditioned,5e56c5c7531d4675b4c740f509ff678f,854778689611649472,_EOPKG_TC-UN-f1-5-penalty3l-42_loan_v1_v5_simulated_GATv2,_EOPKG_TC-UN-f1-5-penalty3l,42,train_grad_norm_struct_xattn,0,1780664029713,0.0
learn,EOPKG,EOPKGTopologyConditioned,5e56c5c7531d4675b4c740f509ff678f,854778689611649472,_EOPKG_TC-UN-f1-5-penalty3l-42_loan_v1_v5_simulated_GATv2,_EOPKG_TC-UN-f1-5-penalty3l,42,train_grad_norm_struct_xattn,0,1780664029713,0.0
learn,EOPKG,EOPKGTopologyConditioned,5e56c5c7531d4675b4c740f509ff678f,854778689611649472,_EOPKG_TC-UN-f1-5-penalty3l-42_loan_v1_v5_simulated_GATv2,_EOPKG_TC-UN-f1-5-penalty3l,42,train_grad_norm_struct_xattn,0,1780664298594,0.0
learn,EOPKG,EOPKGTopologyConditioned,5e56c5c7531d4675b4c740f509ff678f,854778689611649472,_EOPKG_TC-UN-f1-5-penalty3l-42_loan_v1_v5_simulated_GATv2,_EOPKG_TC-UN-f1-5-penalty3l,42,train_grad_norm_struct_xattn,0,1780664298594,0.0
learn,EOPKG,EOPKGTopologyConditioned,5e56c5c7531d4675b4c740f509ff678f,854778689611649472,_EOPKG_TC-UN-f1-5-penalty3l-42_loan_v1_v5_simulated_GATv2,_EOPKG_TC-UN-f1-5-penalty3l,42,train_grad_norm_struct_xattn,0,1780664568052,0.0
learn,EOPKG,EOPKGTopologyConditioned,5e56c5c7531d4675b4c740f509ff678f,854778689611649472,_EOPKG_TC-UN-f1-5-penalty3l-42_loan_v1_v5_simulated_GATv2,_EOPKG_TC-UN-f1-5-penalty3l,42,train_grad_norm_struct_xattn,0,1780664568052,0.0
learn,EOPKG,EOPKGTopologyConditioned,5e56c5c7531d4675b4c740f509ff678f,854778689611649472,_EOPKG_TC-UN-f1-5-penalty3l-42_loan_v1_v5_simulated_GATv2,_EOPKG_TC-UN-f1-5-penalty3l,42,train_grad_norm_struct_xattn,0,1780664848419,0.0
learn,EOPKG,EOPKGTopologyConditioned,5e56c5c7531d4675b4c740f509ff678f,854778689611649472,_EOPKG_TC-UN-f1-5-penalty3l-42_loan_v1_v5_simulated_GATv2,_EOPKG_TC-UN-f1-5-penalty3l,42,train_grad_norm_struct_xattn,0,1780664848419,0.0
learn,EOPKG,EOPKGTopologyConditioned,5e56c5c7531d4675b4c740f509ff678f,854778689611649472,_EOPKG_TC-UN-f1-5-penalty3l-42_loan_v1_v5_simulated_GATv2,_EOPKG_TC-UN-f1-5-penalty3l,42,train_grad_norm_struct_xattn,0,1780665119142,0.0
learn,EOPKG,EOPKGTopologyConditioned,5e56c5c7531d4675b4c740f509ff678f,854778689611649472,_EOPKG_TC-UN-f1-5-penalty3l-42_loan_v1_v5_simulated_GATv2,_EOPKG_TC-UN-f1-5-penalty3l,42,train_grad_norm_struct_xattn,0,1780665119142,0.0
learn,EOPKG,EOPKGTopologyConditioned,5e56c5c7531d4675b4c740f509ff678f,854778689611649472,_EOPKG_TC-UN-f1-5-penalty3l-42_loan_v1_v5_simulated_GATv2,_EOPKG_TC-UN-f1-5-penalty3l,42,train_grad_norm_struct_xattn,0,1780665389755,0.0
learn,EOPKG,EOPKGTopologyConditioned,5e56c5c7531d4675b4c740f509ff678f,854778689611649472,_EOPKG_TC-UN-f1-5-penalty3l-42_loan_v1_v5_simulated_GATv2,_EOPKG_TC-UN-f1-5-penalty3l,42,train_grad_norm_struct_xattn,0,1780665389755,0.0
learn,EOPKG,EOPKGTopologyConditioned,5e56c5c7531d4675b4c740f509ff678f,854778689611649472,_EOPKG_TC-UN-f1-5-penalty3l-42_loan_v1_v5_simulated_GATv2,_EOPKG_TC-UN-f1-5-penalty3l,42,train_grad_norm_struct_xattn,0,1780665661355,0.0
learn,EOPKG,EOPKGTopologyConditioned,5e56c5c7531d4675b4c740f509ff678f,854778689611649472,_EOPKG_TC-UN-f1-5-penalty3l-42_loan_v1_v5_simulated_GATv2,_EOPKG_TC-UN-f1-5-penalty3l,42,train_grad_norm_struct_xattn,0,1780665661355,0.0
learn,EOPKG,EOPKGTopologyConditioned,5e56c5c7531d4675b4c740f509ff678f,854778689611649472,_EOPKG_TC-UN-f1-5-penalty3l-42_loan_v1_v5_simulated_GATv2,_EOPKG_TC-UN-f1-5-penalty3l,42,train_grad_norm_struct_xattn,0,1780665931878,0.0
learn,EOPKG,EOPKGTopologyConditioned,5e56c5c7531d4675b4c740f509ff678f,854778689611649472,_EOPKG_TC-UN-f1-5-penalty3l-42_loan_v1_v5_simulated_GATv2,_EOPKG_TC-UN-f1-5-penalty3l,42,train_grad_norm_struct_xattn,0,1780665931878,0.0
learn,EOPKG,EOPKGTopologyConditioned,5e56c5c7531d4675b4c740f509ff678f,854778689611649472,_EOPKG_TC-UN-f1-5-penalty3l-42_loan_v1_v5_simulated_GATv2,_EOPKG_TC-UN-f1-5-penalty3l,42,train_grad_norm_struct_xattn,0,1780666267081,0.0
learn,EOPKG,EOPKGTopologyConditioned,5e56c5c7531d4675b4c740f509ff678f,854778689611649472,_EOPKG_TC-UN-f1-5-penalty3l-42_loan_v1_v5_simulated_GATv2,_EOPKG_TC-UN-f1-5-penalty3l,42,train_grad_norm_struct_xattn,0,1780666267081,0.0
learn,EOPKG,EOPKGTopologyConditioned,5e56c5c7531d4675b4c740f509ff678f,854778689611649472,_EOPKG_TC-UN-f1-5-penalty3l-42_loan_v1_v5_simulated_GATv2,_EOPKG_TC-UN-f1-5-penalty3l,42,train_grad_norm_struct_xattn,0,1780666540431,0.0
learn,EOPKG,EOPKGTopologyConditioned,5e56c5c7531d4675b4c740f509ff678f,854778689611649472,_EOPKG_TC-UN-f1-5-penalty3l-42_loan_v1_v5_simulated_GATv2,_EOPKG_TC-UN-f1-5-penalty3l,42,train_grad_norm_struct_xattn,0,1780666540431,0.0
learn,EOPKG,EOPKGTopologyConditioned,5e56c5c7531d4675b4c740f509ff678f,854778689611649472,_EOPKG_TC-UN-f1-5-penalty3l-42_loan_v1_v5_simulated_GATv2,_EOPKG_TC-UN-f1-5-penalty3l,42,train_grad_norm_struct_xattn,0,1780666813493,0.0
learn,EOPKG,EOPKGTopologyConditioned,5e56c5c7531d4675b4c740f509ff678f,854778689611649472,_EOPKG_TC-UN-f1-5-penalty3l-42_loan_v1_v5_simulated_GATv2,_EOPKG_TC-UN-f1-5-penalty3l,42,train_grad_norm_struct_xattn,0,1780666813493,0.0
learn,EOPKG,EOPKGTopologyConditioned,5e56c5c7531d4675b4c740f509ff678f,854778689611649472,_EOPKG_TC-UN-f1-5-penalty3l-42_loan_v1_v5_simulated_GATv2,_EOPKG_TC-UN-f1-5-penalty3l,42,train_grad_norm_struct_xattn,0,1780667120849,0.0
learn,EOPKG,EOPKGTopologyConditioned,5e56c5c7531d4675b4c740f509ff678f,854778689611649472,_EOPKG_TC-UN-f1-5-penalty3l-42_loan_v1_v5_simulated_GATv2,_EOPKG_TC-UN-f1-5-penalty3l,42,train_grad_norm_struct_xattn,0,1780667120849,0.0
learn,EOPKG,EOPKGTopologyConditioned,5e56c5c7531d4675b4c740f509ff678f,854778689611649472,_EOPKG_TC-UN-f1-5-penalty3l-42_loan_v1_v5_simulated_GATv2,_EOPKG_TC-UN-f1-5-penalty3l,42,train_grad_norm_struct_xattn,0,1780670051555,0.0
learn,EOPKG,EOPKGTopologyConditioned,5e56c5c7531d4675b4c740f509ff678f,854778689611649472,_EOPKG_TC-UN-f1-5-penalty3l-42_loan_v1_v5_simulated_GATv2,_EOPKG_TC-UN-f1-5-penalty3l,42,train_grad_norm_struct_xattn,0,1780670051555,0.0
learn,EOPKG,EOPKGTopologyConditioned,5e56c5c7531d4675b4c740f509ff678f,854778689611649472,_EOPKG_TC-UN-f1-5-penalty3l-42_loan_v1_v5_simulated_GATv2,_EOPKG_TC-UN-f1-5-penalty3l,42,train_grad_norm_struct_xattn,0,1780670319864,0.0
learn,EOPKG,EOPKGTopologyConditioned,5e56c5c7531d4675b4c740f509ff678f,854778689611649472,_EOPKG_TC-UN-f1-5-penalty3l-42_loan_v1_v5_simulated_GATv2,_EOPKG_TC-UN-f1-5-penalty3l,42,train_grad_norm_struct_xattn,0,1780670319864,0.0
learn,EOPKG,EOPKGTopologyConditioned,5e56c5c7531d4675b4c740f509ff678f,854778689611649472,_EOPKG_TC-UN-f1-5-penalty3l-42_loan_v1_v5_simulated_GATv2,_EOPKG_TC-UN-f1-5-penalty3l,42,train_grad_norm_struct_xattn,0,1780670595877,0.0
learn,EOPKG,EOPKGTopologyConditioned,5e56c5c7531d4675b4c740f509ff678f,854778689611649472,_EOPKG_TC-UN-f1-5-penalty3l-42_loan_v1_v5_simulated_GATv2,_EOPKG_TC-UN-f1-5-penalty3l,42,train_grad_norm_struct_xattn,0,1780670595877,0.0
learn,EOPKG,EOPKGTopologyConditioned,5e56c5c7531d4675b4c740f509ff678f,854778689611649472,_EOPKG_TC-UN-f1-5-penalty3l-42_loan_v1_v5_simulated_GATv2,_EOPKG_TC-UN-f1-5-penalty3l,42,train_grad_norm_struct_xattn,0,1780670863895,0.0
learn,EOPKG,EOPKGTopologyConditioned,5e56c5c7531d4675b4c740f509ff678f,854778689611649472,_EOPKG_TC-UN-f1-5-penalty3l-42_loan_v1_v5_simulated_GATv2,_EOPKG_TC-UN-f1-5-penalty3l,42,train_grad_norm_struct_xattn,0,1780670863895,0.0
learn,EOPKG,EOPKGTopologyConditioned,5e56c5c7531d4675b4c740f509ff678f,854778689611649472,_EOPKG_TC-UN-f1-5-penalty3l-42_loan_v1_v5_simulated_GATv2,_EOPKG_TC-UN-f1-5-penalty3l,42,train_grad_norm_struct_xattn,0,1780671145016,0.0
learn,EOPKG,EOPKGTopologyConditioned,5e56c5c7531d4675b4c740f509ff678f,854778689611649472,_EOPKG_TC-UN-f1-5-penalty3l-42_loan_v1_v5_simulated_GATv2,_EOPKG_TC-UN-f1-5-penalty3l,42,train_grad_norm_struct_xattn,0,1780671145016,0.0
learn,EOPKG,EOPKGTopologyConditioned,5fcc89889b1d45c489329f5e3df9a5a2,854778689611649472,_EOPKG_TC-UN-f1-5-penalty3l-78_loan_v1_v5_simulated_GATv2,_EOPKG_TC-UN-f1-5-penalty3l,78,train_grad_norm_struct_xattn,0,1780870772210,0.0
learn,EOPKG,EOPKGTopologyConditioned,5fcc89889b1d45c489329f5e3df9a5a2,854778689611649472,_EOPKG_TC-UN-f1-5-penalty3l-78_loan_v1_v5_simulated_GATv2,_EOPKG_TC-UN-f1-5-penalty3l,78,train_grad_norm_struct_xattn,0,1780870772210,0.0
learn,EOPKG,EOPKGTopologyConditioned,5fcc89889b1d45c489329f5e3df9a5a2,854778689611649472,_EOPKG_TC-UN-f1-5-penalty3l-78_loan_v1_v5_simulated_GATv2,_EOPKG_TC-UN-f1-5-penalty3l,78,train_grad_norm_struct_xattn,0,1780871357897,0.0
learn,EOPKG,EOPKGTopologyConditioned,5fcc89889b1d45c489329f5e3df9a5a2,854778689611649472,_EOPKG_TC-UN-f1-5-penalty3l-78_loan_v1_v5_simulated_GATv2,_EOPKG_TC-UN-f1-5-penalty3l,78,train_grad_norm_struct_xattn,0,1780871357897,0.0
learn,EOPKG,EOPKGTopologyConditioned,5fcc89889b1d45c489329f5e3df9a5a2,854778689611649472,_EOPKG_TC-UN-f1-5-penalty3l-78_loan_v1_v5_simulated_GATv2,_EOPKG_TC-UN-f1-5-penalty3l,78,train_grad_norm_struct_xattn,0,1780871908181,0.0
learn,EOPKG,EOPKGTopologyConditioned,5fcc89889b1d45c489329f5e3df9a5a2,854778689611649472,_EOPKG_TC-UN-f1-5-penalty3l-78_loan_v1_v5_simulated_GATv2,_EOPKG_TC-UN-f1-5-penalty3l,78,train_grad_norm_struct_xattn,0,1780871908181,0.0
learn,EOPKG,EOPKGTopologyConditioned,5fcc89889b1d45c489329f5e3df9a5a2,854778689611649472,_EOPKG_TC-UN-f1-5-penalty3l-78_loan_v1_v5_simulated_GATv2,_EOPKG_TC-UN-f1-5-penalty3l,78,train_grad_norm_struct_xattn,0,1780872470423,0.0
learn,EOPKG,EOPKGTopologyConditioned,5fcc89889b1d45c489329f5e3df9a5a2,854778689611649472,_EOPKG_TC-UN-f1-5-penalty3l-78_loan_v1_v5_simulated_GATv2,_EOPKG_TC-UN-f1-5-penalty3l,78,train_grad_norm_struct_xattn,0,1780872470423,0.0
learn,EOPKG,EOPKGTopologyConditioned,5fcc89889b1d45c489329f5e3df9a5a2,854778689611649472,_EOPKG_TC-UN-f1-5-penalty3l-78_loan_v1_v5_simulated_GATv2,_EOPKG_TC-UN-f1-5-penalty3l,78,train_grad_norm_struct_xattn,0,1780892111619,0.0
learn,EOPKG,EOPKGTopologyConditioned,5fcc89889b1d45c489329f5e3df9a5a2,854778689611649472,_EOPKG_TC-UN-f1-5-penalty3l-78_loan_v1_v5_simulated_GATv2,_EOPKG_TC-UN-f1-5-penalty3l,78,train_grad_norm_struct_xattn,0,1780892111619,0.0
learn,EOPKG,EOPKGTopologyConditioned,5fcc89889b1d45c489329f5e3df9a5a2,854778689611649472,_EOPKG_TC-UN-f1-5-penalty3l-78_loan_v1_v5_simulated_GATv2,_EOPKG_TC-UN-f1-5-penalty3l,78,train_grad_norm_struct_xattn,0,1780892365165,0.0
learn,EOPKG,EOPKGTopologyConditioned,5fcc89889b1d45c489329f5e3df9a5a2,854778689611649472,_EOPKG_TC-UN-f1-5-penalty3l-78_loan_v1_v5_simulated_GATv2,_EOPKG_TC-UN-f1-5-penalty3l,78,train_grad_norm_struct_xattn,0,1780892365165,0.0
learn,EOPKG,EOPKGTopologyConditioned,5fcc89889b1d45c489329f5e3df9a5a2,854778689611649472,_EOPKG_TC-UN-f1-5-penalty3l-78_loan_v1_v5_simulated_GATv2,_EOPKG_TC-UN-f1-5-penalty3l,78,train_grad_norm_struct_xattn,0,1780892627061,0.0
learn,EOPKG,EOPKGTopologyConditioned,5fcc89889b1d45c489329f5e3df9a5a2,854778689611649472,_EOPKG_TC-UN-f1-5-penalty3l-78_loan_v1_v5_simulated_GATv2,_EOPKG_TC-UN-f1-5-penalty3l,78,train_grad_norm_struct_xattn,0,1780892627061,0.0
learn,EOPKG,EOPKGTopologyConditioned,5fcc89889b1d45c489329f5e3df9a5a2,854778689611649472,_EOPKG_TC-UN-f1-5-penalty3l-78_loan_v1_v5_simulated_GATv2,_EOPKG_TC-UN-f1-5-penalty3l,78,train_grad_norm_struct_xattn,0,1780892895990,0.0
learn,EOPKG,EOPKGTopologyConditioned,5fcc89889b1d45c489329f5e3df9a5a2,854778689611649472,_EOPKG_TC-UN-f1-5-penalty3l-78_loan_v1_v5_simulated_GATv2,_EOPKG_TC-UN-f1-5-penalty3l,78,train_grad_norm_struct_xattn,0,1780892895990,0.0
learn,EOPKG,EOPKGTopologyConditioned,5fcc89889b1d45c489329f5e3df9a5a2,854778689611649472,_EOPKG_TC-UN-f1-5-penalty3l-78_loan_v1_v5_simulated_GATv2,_EOPKG_TC-UN-f1-5-penalty3l,78,train_grad_norm_struct_xattn,0,1780893158134,0.0
learn,EOPKG,EOPKGTopologyConditioned,5fcc89889b1d45c489329f5e3df9a5a2,854778689611649472,_EOPKG_TC-UN-f1-5-penalty3l-78_loan_v1_v5_simulated_GATv2,_EOPKG_TC-UN-f1-5-penalty3l,78,train_grad_norm_struct_xattn,0,1780893158134,0.0
learn,EOPKG,EOPKGTopologyConditioned,5fcc89889b1d45c489329f5e3df9a5a2,854778689611649472,_EOPKG_TC-UN-f1-5-penalty3l-78_loan_v1_v5_simulated_GATv2,_EOPKG_TC-UN-f1-5-penalty3l,78,train_grad_norm_struct_xattn,0,1780893421711,0.0
learn,EOPKG,EOPKGTopologyConditioned,5fcc89889b1d45c489329f5e3df9a5a2,854778689611649472,_EOPKG_TC-UN-f1-5-penalty3l-78_loan_v1_v5_simulated_GATv2,_EOPKG_TC-UN-f1-5-penalty3l,78,train_grad_norm_struct_xattn,0,1780893421711,0.0
learn,EOPKG,EOPKGTopologyConditioned,5fcc89889b1d45c489329f5e3df9a5a2,854778689611649472,_EOPKG_TC-UN-f1-5-penalty3l-78_loan_v1_v5_simulated_GATv2,_EOPKG_TC-UN-f1-5-penalty3l,78,train_grad_norm_struct_xattn,0,1780893690242,0.0
learn,EOPKG,EOPKGTopologyConditioned,5fcc89889b1d45c489329f5e3df9a5a2,854778689611649472,_EOPKG_TC-UN-f1-5-penalty3l-78_loan_v1_v5_simulated_GATv2,_EOPKG_TC-UN-f1-5-penalty3l,78,train_grad_norm_struct_xattn,0,1780893690242,0.0
learn,EOPKG,EOPKGTopologyConditioned,5fcc89889b1d45c489329f5e3df9a5a2,854778689611649472,_EOPKG_TC-UN-f1-5-penalty3l-78_loan_v1_v5_simulated_GATv2,_EOPKG_TC-UN-f1-5-penalty3l,78,train_grad_norm_struct_xattn,0,1780893966374,0.0
learn,EOPKG,EOPKGTopologyConditioned,5fcc89889b1d45c489329f5e3df9a5a2,854778689611649472,_EOPKG_TC-UN-f1-5-penalty3l-78_loan_v1_v5_simulated_GATv2,_EOPKG_TC-UN-f1-5-penalty3l,78,train_grad_norm_struct_xattn,0,1780893966374,0.0
learn,EOPKG,EOPKGTopologyConditioned,5fcc89889b1d45c489329f5e3df9a5a2,854778689611649472,_EOPKG_TC-UN-f1-5-penalty3l-78_loan_v1_v5_simulated_GATv2,_EOPKG_TC-UN-f1-5-penalty3l,78,train_grad_norm_struct_xattn,0,1780894246940,0.0
learn,EOPKG,EOPKGTopologyConditioned,5fcc89889b1d45c489329f5e3df9a5a2,854778689611649472,_EOPKG_TC-UN-f1-5-penalty3l-78_loan_v1_v5_simulated_GATv2,_EOPKG_TC-UN-f1-5-penalty3l,78,train_grad_norm_struct_xattn,0,1780894246940,0.0
learn,EOPKG,EOPKGTopologyConditioned,5fcc89889b1d45c489329f5e3df9a5a2,854778689611649472,_EOPKG_TC-UN-f1-5-penalty3l-78_loan_v1_v5_simulated_GATv2,_EOPKG_TC-UN-f1-5-penalty3l,78,train_grad_norm_struct_xattn,0,1780894524827,0.0
learn,EOPKG,EOPKGTopologyConditioned,5fcc89889b1d45c489329f5e3df9a5a2,854778689611649472,_EOPKG_TC-UN-f1-5-penalty3l-78_loan_v1_v5_simulated_GATv2,_EOPKG_TC-UN-f1-5-penalty3l,78,train_grad_norm_struct_xattn,0,1780894524827,0.0
learn,EOPKG,EOPKGTopologyConditioned,5fcc89889b1d45c489329f5e3df9a5a2,854778689611649472,_EOPKG_TC-UN-f1-5-penalty3l-78_loan_v1_v5_simulated_GATv2,_EOPKG_TC-UN-f1-5-penalty3l,78,train_grad_norm_struct_xattn,0,1780894818422,0.0
learn,EOPKG,EOPKGTopologyConditioned,5fcc89889b1d45c489329f5e3df9a5a2,854778689611649472,_EOPKG_TC-UN-f1-5-penalty3l-78_loan_v1_v5_simulated_GATv2,_EOPKG_TC-UN-f1-5-penalty3l,78,train_grad_norm_struct_xattn,0,1780894818422,0.0
learn,EOPKG,EOPKGTopologyConditioned,5fcc89889b1d45c489329f5e3df9a5a2,854778689611649472,_EOPKG_TC-UN-f1-5-penalty3l-78_loan_v1_v5_simulated_GATv2,_EOPKG_TC-UN-f1-5-penalty3l,78,train_grad_norm_struct_xattn,0,1780895167365,0.0
learn,EOPKG,EOPKGTopologyConditioned,5fcc89889b1d45c489329f5e3df9a5a2,854778689611649472,_EOPKG_TC-UN-f1-5-penalty3l-78_loan_v1_v5_simulated_GATv2,_EOPKG_TC-UN-f1-5-penalty3l,78,train_grad_norm_struct_xattn,0,1780895167365,0.0
learn,EOPKG,EOPKGTopologyConditioned,5fcc89889b1d45c489329f5e3df9a5a2,854778689611649472,_EOPKG_TC-UN-f1-5-penalty3l-78_loan_v1_v5_simulated_GATv2,_EOPKG_TC-UN-f1-5-penalty3l,78,train_grad_norm_struct_xattn,0,1780895498969,0.0
learn,EOPKG,EOPKGTopologyConditioned,5fcc89889b1d45c489329f5e3df9a5a2,854778689611649472,_EOPKG_TC-UN-f1-5-penalty3l-78_loan_v1_v5_simulated_GATv2,_EOPKG_TC-UN-f1-5-penalty3l,78,train_grad_norm_struct_xattn,0,1780895498969,0.0
learn,EOPKG,EOPKGTopologyConditioned,5fcc89889b1d45c489329f5e3df9a5a2,854778689611649472,_EOPKG_TC-UN-f1-5-penalty3l-78_loan_v1_v5_simulated_GATv2,_EOPKG_TC-UN-f1-5-penalty3l,78,train_grad_norm_struct_xattn,0,1780895781850,0.0
learn,EOPKG,EOPKGTopologyConditioned,5fcc89889b1d45c489329f5e3df9a5a2,854778689611649472,_EOPKG_TC-UN-f1-5-penalty3l-78_loan_v1_v5_simulated_GATv2,_EOPKG_TC-UN-f1-5-penalty3l,78,train_grad_norm_struct_xattn,0,1780895781850,0.0
learn,EOPKG,EOPKGTopologyConditioned,5fcc89889b1d45c489329f5e3df9a5a2,854778689611649472,_EOPKG_TC-UN-f1-5-penalty3l-78_loan_v1_v5_simulated_GATv2,_EOPKG_TC-UN-f1-5-penalty3l,78,train_grad_norm_struct_xattn,0,1780896072551,0.0
learn,EOPKG,EOPKGTopologyConditioned,5fcc89889b1d45c489329f5e3df9a5a2,854778689611649472,_EOPKG_TC-UN-f1-5-penalty3l-78_loan_v1_v5_simulated_GATv2,_EOPKG_TC-UN-f1-5-penalty3l,78,train_grad_norm_struct_xattn,0,1780896072551,0.0
learn,EOPKG,EOPKGTopologyConditioned,5fcc89889b1d45c489329f5e3df9a5a2,854778689611649472,_EOPKG_TC-UN-f1-5-penalty3l-78_loan_v1_v5_simulated_GATv2,_EOPKG_TC-UN-f1-5-penalty3l,78,train_grad_norm_struct_xattn,0,1780896332556,0.0
learn,EOPKG,EOPKGTopologyConditioned,5fcc89889b1d45c489329f5e3df9a5a2,854778689611649472,_EOPKG_TC-UN-f1-5-penalty3l-78_loan_v1_v5_simulated_GATv2,_EOPKG_TC-UN-f1-5-penalty3l,78,train_grad_norm_struct_xattn,0,1780896332556,0.0
learn,EOPKG,EOPKGTopologyConditioned,5fcc89889b1d45c489329f5e3df9a5a2,854778689611649472,_EOPKG_TC-UN-f1-5-penalty3l-78_loan_v1_v5_simulated_GATv2,_EOPKG_TC-UN-f1-5-penalty3l,78,train_grad_norm_struct_xattn,0,1780896618996,0.0
learn,EOPKG,EOPKGTopologyConditioned,5fcc89889b1d45c489329f5e3df9a5a2,854778689611649472,_EOPKG_TC-UN-f1-5-penalty3l-78_loan_v1_v5_simulated_GATv2,_EOPKG_TC-UN-f1-5-penalty3l,78,train_grad_norm_struct_xattn,0,1780896618996,0.0
learn,EOPKG,EOPKGTopologyConditioned,5fcc89889b1d45c489329f5e3df9a5a2,854778689611649472,_EOPKG_TC-UN-f1-5-penalty3l-78_loan_v1_v5_simulated_GATv2,_EOPKG_TC-UN-f1-5-penalty3l,78,train_grad_norm_struct_xattn,0,1780896878053,0.0
learn,EOPKG,EOPKGTopologyConditioned,5fcc89889b1d45c489329f5e3df9a5a2,854778689611649472,_EOPKG_TC-UN-f1-5-penalty3l-78_loan_v1_v5_simulated_GATv2,_EOPKG_TC-UN-f1-5-penalty3l,78,train_grad_norm_struct_xattn,0,1780896878053,0.0
learn,EOPKG,EOPKGTopologyConditioned,5fcc89889b1d45c489329f5e3df9a5a2,854778689611649472,_EOPKG_TC-UN-f1-5-penalty3l-78_loan_v1_v5_simulated_GATv2,_EOPKG_TC-UN-f1-5-penalty3l,78,train_grad_norm_struct_xattn,0,1780897165352,0.0
learn,EOPKG,EOPKGTopologyConditioned,5fcc89889b1d45c489329f5e3df9a5a2,854778689611649472,_EOPKG_TC-UN-f1-5-penalty3l-78_loan_v1_v5_simulated_GATv2,_EOPKG_TC-UN-f1-5-penalty3l,78,train_grad_norm_struct_xattn,0,1780897165352,0.0
learn,EOPKG,EOPKGTopologyConditioned,5fcc89889b1d45c489329f5e3df9a5a2,854778689611649472,_EOPKG_TC-UN-f1-5-penalty3l-78_loan_v1_v5_simulated_GATv2,_EOPKG_TC-UN-f1-5-penalty3l,78,train_grad_norm_struct_xattn,0,1780897422215,0.0
learn,EOPKG,EOPKGTopologyConditioned,5fcc89889b1d45c489329f5e3df9a5a2,854778689611649472,_EOPKG_TC-UN-f1-5-penalty3l-78_loan_v1_v5_simulated_GATv2,_EOPKG_TC-UN-f1-5-penalty3l,78,train_grad_norm_struct_xattn,0,1780897422215,0.0
learn,EOPKG,EOPKGTopologyConditioned,5fcc89889b1d45c489329f5e3df9a5a2,854778689611649472,_EOPKG_TC-UN-f1-5-penalty3l-78_loan_v1_v5_simulated_GATv2,_EOPKG_TC-UN-f1-5-penalty3l,78,train_grad_norm_struct_xattn,0,1780897681693,0.0
learn,EOPKG,EOPKGTopologyConditioned,5fcc89889b1d45c489329f5e3df9a5a2,854778689611649472,_EOPKG_TC-UN-f1-5-penalty3l-78_loan_v1_v5_simulated_GATv2,_EOPKG_TC-UN-f1-5-penalty3l,78,train_grad_norm_struct_xattn,0,1780897681693,0.0
learn,EOPKG,EOPKGTopologyConditioned,5fcc89889b1d45c489329f5e3df9a5a2,854778689611649472,_EOPKG_TC-UN-f1-5-penalty3l-78_loan_v1_v5_simulated_GATv2,_EOPKG_TC-UN-f1-5-penalty3l,78,train_grad_norm_struct_xattn,0,1780897945913,0.0
learn,EOPKG,EOPKGTopologyConditioned,5fcc89889b1d45c489329f5e3df9a5a2,854778689611649472,_EOPKG_TC-UN-f1-5-penalty3l-78_loan_v1_v5_simulated_GATv2,_EOPKG_TC-UN-f1-5-penalty3l,78,train_grad_norm_struct_xattn,0,1780897945913,0.0
learn,EOPKG,EOPKGTopologyConditioned,5fcc89889b1d45c489329f5e3df9a5a2,854778689611649472,_EOPKG_TC-UN-f1-5-penalty3l-78_loan_v1_v5_simulated_GATv2,_EOPKG_TC-UN-f1-5-penalty3l,78,train_grad_norm_struct_xattn,0,1780898204562,0.0
learn,EOPKG,EOPKGTopologyConditioned,5fcc89889b1d45c489329f5e3df9a5a2,854778689611649472,_EOPKG_TC-UN-f1-5-penalty3l-78_loan_v1_v5_simulated_GATv2,_EOPKG_TC-UN-f1-5-penalty3l,78,train_grad_norm_struct_xattn,0,1780898204562,0.0
learn,EOPKG,EOPKGTopologyConditioned,5fcc89889b1d45c489329f5e3df9a5a2,854778689611649472,_EOPKG_TC-UN-f1-5-penalty3l-78_loan_v1_v5_simulated_GATv2,_EOPKG_TC-UN-f1-5-penalty3l,78,train_grad_norm_struct_xattn,0,1780898494242,0.0
learn,EOPKG,EOPKGTopologyConditioned,5fcc89889b1d45c489329f5e3df9a5a2,854778689611649472,_EOPKG_TC-UN-f1-5-penalty3l-78_loan_v1_v5_simulated_GATv2,_EOPKG_TC-UN-f1-5-penalty3l,78,train_grad_norm_struct_xattn,0,1780898494242,0.0
learn,EOPKG,EOPKGTopologyConditioned,5fcc89889b1d45c489329f5e3df9a5a2,854778689611649472,_EOPKG_TC-UN-f1-5-penalty3l-78_loan_v1_v5_simulated_GATv2,_EOPKG_TC-UN-f1-5-penalty3l,78,train_grad_norm_struct_xattn,0,1780898757588,0.0
learn,EOPKG,EOPKGTopologyConditioned,5fcc89889b1d45c489329f5e3df9a5a2,854778689611649472,_EOPKG_TC-UN-f1-5-penalty3l-78_loan_v1_v5_simulated_GATv2,_EOPKG_TC-UN-f1-5-penalty3l,78,train_grad_norm_struct_xattn,0,1780898757588,0.0
learn,EOPKG,EOPKGTopologyConditioned,5fcc89889b1d45c489329f5e3df9a5a2,854778689611649472,_EOPKG_TC-UN-f1-5-penalty3l-78_loan_v1_v5_simulated_GATv2,_EOPKG_TC-UN-f1-5-penalty3l,78,train_grad_norm_struct_xattn,0,1780899040060,0.0
learn,EOPKG,EOPKGTopologyConditioned,5fcc89889b1d45c489329f5e3df9a5a2,854778689611649472,_EOPKG_TC-UN-f1-5-penalty3l-78_loan_v1_v5_simulated_GATv2,_EOPKG_TC-UN-f1-5-penalty3l,78,train_grad_norm_struct_xattn,0,1780899040060,0.0
learn,EOPKG,EOPKGTopologyConditioned,5fcc89889b1d45c489329f5e3df9a5a2,854778689611649472,_EOPKG_TC-UN-f1-5-penalty3l-78_loan_v1_v5_simulated_GATv2,_EOPKG_TC-UN-f1-5-penalty3l,78,train_grad_norm_struct_xattn,0,1780899317420,0.0
learn,EOPKG,EOPKGTopologyConditioned,5fcc89889b1d45c489329f5e3df9a5a2,854778689611649472,_EOPKG_TC-UN-f1-5-penalty3l-78_loan_v1_v5_simulated_GATv2,_EOPKG_TC-UN-f1-5-penalty3l,78,train_grad_norm_struct_xattn,0,1780899317420,0.0
learn,EOPKG,EOPKGTopologyConditioned,5fcc89889b1d45c489329f5e3df9a5a2,854778689611649472,_EOPKG_TC-UN-f1-5-penalty3l-78_loan_v1_v5_simulated_GATv2,_EOPKG_TC-UN-f1-5-penalty3l,78,train_grad_norm_struct_xattn,0,1780899609730,0.0
learn,EOPKG,EOPKGTopologyConditioned,5fcc89889b1d45c489329f5e3df9a5a2,854778689611649472,_EOPKG_TC-UN-f1-5-penalty3l-78_loan_v1_v5_simulated_GATv2,_EOPKG_TC-UN-f1-5-penalty3l,78,train_grad_norm_struct_xattn,0,1780899609730,0.0
learn,EOPKG,EOPKGTopologyConditioned,5fcc89889b1d45c489329f5e3df9a5a2,854778689611649472,_EOPKG_TC-UN-f1-5-penalty3l-78_loan_v1_v5_simulated_GATv2,_EOPKG_TC-UN-f1-5-penalty3l,78,train_grad_norm_struct_xattn,0,1780899884564,0.0
learn,EOPKG,EOPKGTopologyConditioned,5fcc89889b1d45c489329f5e3df9a5a2,854778689611649472,_EOPKG_TC-UN-f1-5-penalty3l-78_loan_v1_v5_simulated_GATv2,_EOPKG_TC-UN-f1-5-penalty3l,78,train_grad_norm_struct_xattn,0,1780899884564,0.0
learn,EOPKG,EOPKGTopologyConditioned,5fcc89889b1d45c489329f5e3df9a5a2,854778689611649472,_EOPKG_TC-UN-f1-5-penalty3l-78_loan_v1_v5_simulated_GATv2,_EOPKG_TC-UN-f1-5-penalty3l,78,train_grad_norm_struct_xattn,0,1780900143225,0.0
learn,EOPKG,EOPKGTopologyConditioned,5fcc89889b1d45c489329f5e3df9a5a2,854778689611649472,_EOPKG_TC-UN-f1-5-penalty3l-78_loan_v1_v5_simulated_GATv2,_EOPKG_TC-UN-f1-5-penalty3l,78,train_grad_norm_struct_xattn,0,1780900143225,0.0
learn,EOPKG,EOPKGTopologyConditioned,5fcc89889b1d45c489329f5e3df9a5a2,854778689611649472,_EOPKG_TC-UN-f1-5-penalty3l-78_loan_v1_v5_simulated_GATv2,_EOPKG_TC-UN-f1-5-penalty3l,78,train_grad_norm_struct_xattn,0,1780900410814,0.0
learn,EOPKG,EOPKGTopologyConditioned,5fcc89889b1d45c489329f5e3df9a5a2,854778689611649472,_EOPKG_TC-UN-f1-5-penalty3l-78_loan_v1_v5_simulated_GATv2,_EOPKG_TC-UN-f1-5-penalty3l,78,train_grad_norm_struct_xattn,0,1780900410814,0.0
learn,EOPKG,EOPKGTopologyConditioned,5fcc89889b1d45c489329f5e3df9a5a2,854778689611649472,_EOPKG_TC-UN-f1-5-penalty3l-78_loan_v1_v5_simulated_GATv2,_EOPKG_TC-UN-f1-5-penalty3l,78,train_grad_norm_struct_xattn,0,1780900678770,0.0
learn,EOPKG,EOPKGTopologyConditioned,5fcc89889b1d45c489329f5e3df9a5a2,854778689611649472,_EOPKG_TC-UN-f1-5-penalty3l-78_loan_v1_v5_simulated_GATv2,_EOPKG_TC-UN-f1-5-penalty3l,78,train_grad_norm_struct_xattn,0,1780900678770,0.0
learn,EOPKG,EOPKGTopologyConditioned,5fcc89889b1d45c489329f5e3df9a5a2,854778689611649472,_EOPKG_TC-UN-f1-5-penalty3l-78_loan_v1_v5_simulated_GATv2,_EOPKG_TC-UN-f1-5-penalty3l,78,train_grad_norm_struct_xattn,0,1780900938263,0.0
learn,EOPKG,EOPKGTopologyConditioned,5fcc89889b1d45c489329f5e3df9a5a2,854778689611649472,_EOPKG_TC-UN-f1-5-penalty3l-78_loan_v1_v5_simulated_GATv2,_EOPKG_TC-UN-f1-5-penalty3l,78,train_grad_norm_struct_xattn,0,1780900938263,0.0
learn,EOPKG,EOPKGTopologyConditioned,5fcc89889b1d45c489329f5e3df9a5a2,854778689611649472,_EOPKG_TC-UN-f1-5-penalty3l-78_loan_v1_v5_simulated_GATv2,_EOPKG_TC-UN-f1-5-penalty3l,78,train_grad_norm_struct_xattn,0,1780901193312,0.0
learn,EOPKG,EOPKGTopologyConditioned,5fcc89889b1d45c489329f5e3df9a5a2,854778689611649472,_EOPKG_TC-UN-f1-5-penalty3l-78_loan_v1_v5_simulated_GATv2,_EOPKG_TC-UN-f1-5-penalty3l,78,train_grad_norm_struct_xattn,0,1780901193312,0.0
learn,EOPKG,EOPKGTopologyConditioned,5fcc89889b1d45c489329f5e3df9a5a2,854778689611649472,_EOPKG_TC-UN-f1-5-penalty3l-78_loan_v1_v5_simulated_GATv2,_EOPKG_TC-UN-f1-5-penalty3l,78,train_grad_norm_struct_xattn,0,1780901453202,0.0
learn,EOPKG,EOPKGTopologyConditioned,5fcc89889b1d45c489329f5e3df9a5a2,854778689611649472,_EOPKG_TC-UN-f1-5-penalty3l-78_loan_v1_v5_simulated_GATv2,_EOPKG_TC-UN-f1-5-penalty3l,78,train_grad_norm_struct_xattn,0,1780901453202,0.0
learn,EOPKG,EOPKGTopologyConditioned,5fcc89889b1d45c489329f5e3df9a5a2,854778689611649472,_EOPKG_TC-UN-f1-5-penalty3l-78_loan_v1_v5_simulated_GATv2,_EOPKG_TC-UN-f1-5-penalty3l,78,train_grad_norm_struct_xattn,0,1780901714165,0.0
learn,EOPKG,EOPKGTopologyConditioned,5fcc89889b1d45c489329f5e3df9a5a2,854778689611649472,_EOPKG_TC-UN-f1-5-penalty3l-78_loan_v1_v5_simulated_GATv2,_EOPKG_TC-UN-f1-5-penalty3l,78,train_grad_norm_struct_xattn,0,1780901714165,0.0
learn,EOPKG,EOPKGTopologyConditioned,5fcc89889b1d45c489329f5e3df9a5a2,854778689611649472,_EOPKG_TC-UN-f1-5-penalty3l-78_loan_v1_v5_simulated_GATv2,_EOPKG_TC-UN-f1-5-penalty3l,78,train_grad_norm_struct_xattn,0,1780901974710,0.0
learn,EOPKG,EOPKGTopologyConditioned,5fcc89889b1d45c489329f5e3df9a5a2,854778689611649472,_EOPKG_TC-UN-f1-5-penalty3l-78_loan_v1_v5_simulated_GATv2,_EOPKG_TC-UN-f1-5-penalty3l,78,train_grad_norm_struct_xattn,0,1780901974710,0.0
learn,EOPKG,EOPKGTopologyConditioned,a9ec65c003b14176b0d853a15471bbbb,854778689611649472,_EOPKG_TC-UN-f1-5-penalty3l-13_loan_v1_v5_simulated_GATv2,_EOPKG_TC-UN-f1-5-penalty3l,13,train_grad_norm_struct_xattn,0,1780837198439,0.0
learn,EOPKG,EOPKGTopologyConditioned,a9ec65c003b14176b0d853a15471bbbb,854778689611649472,_EOPKG_TC-UN-f1-5-penalty3l-13_loan_v1_v5_simulated_GATv2,_EOPKG_TC-UN-f1-5-penalty3l,13,train_grad_norm_struct_xattn,0,1780837198439,0.0
learn,EOPKG,EOPKGTopologyConditioned,a9ec65c003b14176b0d853a15471bbbb,854778689611649472,_EOPKG_TC-UN-f1-5-penalty3l-13_loan_v1_v5_simulated_GATv2,_EOPKG_TC-UN-f1-5-penalty3l,13,train_grad_norm_struct_xattn,0,1780837465122,0.0
learn,EOPKG,EOPKGTopologyConditioned,a9ec65c003b14176b0d853a15471bbbb,854778689611649472,_EOPKG_TC-UN-f1-5-penalty3l-13_loan_v1_v5_simulated_GATv2,_EOPKG_TC-UN-f1-5-penalty3l,13,train_grad_norm_struct_xattn,0,1780837465122,0.0
learn,EOPKG,EOPKGTopologyConditioned,a9ec65c003b14176b0d853a15471bbbb,854778689611649472,_EOPKG_TC-UN-f1-5-penalty3l-13_loan_v1_v5_simulated_GATv2,_EOPKG_TC-UN-f1-5-penalty3l,13,train_grad_norm_struct_xattn,0,1780837714422,0.0
learn,EOPKG,EOPKGTopologyConditioned,a9ec65c003b14176b0d853a15471bbbb,854778689611649472,_EOPKG_TC-UN-f1-5-penalty3l-13_loan_v1_v5_simulated_GATv2,_EOPKG_TC-UN-f1-5-penalty3l,13,train_grad_norm_struct_xattn,0,1780837714422,0.0
learn,EOPKG,EOPKGTopologyConditioned,a9ec65c003b14176b0d853a15471bbbb,854778689611649472,_EOPKG_TC-UN-f1-5-penalty3l-13_loan_v1_v5_simulated_GATv2,_EOPKG_TC-UN-f1-5-penalty3l,13,train_grad_norm_struct_xattn,0,1780837962416,0.0
learn,EOPKG,EOPKGTopologyConditioned,a9ec65c003b14176b0d853a15471bbbb,854778689611649472,_EOPKG_TC-UN-f1-5-penalty3l-13_loan_v1_v5_simulated_GATv2,_EOPKG_TC-UN-f1-5-penalty3l,13,train_grad_norm_struct_xattn,0,1780837962416,0.0
learn,EOPKG,EOPKGTopologyConditioned,a9ec65c003b14176b0d853a15471bbbb,854778689611649472,_EOPKG_TC-UN-f1-5-penalty3l-13_loan_v1_v5_simulated_GATv2,_EOPKG_TC-UN-f1-5-penalty3l,13,train_grad_norm_struct_xattn,0,1780838213237,0.0
learn,EOPKG,EOPKGTopologyConditioned,a9ec65c003b14176b0d853a15471bbbb,854778689611649472,_EOPKG_TC-UN-f1-5-penalty3l-13_loan_v1_v5_simulated_GATv2,_EOPKG_TC-UN-f1-5-penalty3l,13,train_grad_norm_struct_xattn,0,1780838213237,0.0
learn,EOPKG,EOPKGTopologyConditioned,a9ec65c003b14176b0d853a15471bbbb,854778689611649472,_EOPKG_TC-UN-f1-5-penalty3l-13_loan_v1_v5_simulated_GATv2,_EOPKG_TC-UN-f1-5-penalty3l,13,train_grad_norm_struct_xattn,0,1780838460494,0.0
learn,EOPKG,EOPKGTopologyConditioned,a9ec65c003b14176b0d853a15471bbbb,854778689611649472,_EOPKG_TC-UN-f1-5-penalty3l-13_loan_v1_v5_simulated_GATv2,_EOPKG_TC-UN-f1-5-penalty3l,13,train_grad_norm_struct_xattn,0,1780838460494,0.0
learn,EOPKG,EOPKGTopologyConditioned,a9ec65c003b14176b0d853a15471bbbb,854778689611649472,_EOPKG_TC-UN-f1-5-penalty3l-13_loan_v1_v5_simulated_GATv2,_EOPKG_TC-UN-f1-5-penalty3l,13,train_grad_norm_struct_xattn,0,1780838706551,0.0
learn,EOPKG,EOPKGTopologyConditioned,a9ec65c003b14176b0d853a15471bbbb,854778689611649472,_EOPKG_TC-UN-f1-5-penalty3l-13_loan_v1_v5_simulated_GATv2,_EOPKG_TC-UN-f1-5-penalty3l,13,train_grad_norm_struct_xattn,0,1780838706551,0.0
learn,EOPKG,EOPKGTopologyConditioned,a9ec65c003b14176b0d853a15471bbbb,854778689611649472,_EOPKG_TC-UN-f1-5-penalty3l-13_loan_v1_v5_simulated_GATv2,_EOPKG_TC-UN-f1-5-penalty3l,13,train_grad_norm_struct_xattn,0,1780838951763,0.0
learn,EOPKG,EOPKGTopologyConditioned,a9ec65c003b14176b0d853a15471bbbb,854778689611649472,_EOPKG_TC-UN-f1-5-penalty3l-13_loan_v1_v5_simulated_GATv2,_EOPKG_TC-UN-f1-5-penalty3l,13,train_grad_norm_struct_xattn,0,1780838951763,0.0
learn,EOPKG,EOPKGTopologyConditioned,a9ec65c003b14176b0d853a15471bbbb,854778689611649472,_EOPKG_TC-UN-f1-5-penalty3l-13_loan_v1_v5_simulated_GATv2,_EOPKG_TC-UN-f1-5-penalty3l,13,train_grad_norm_struct_xattn,0,1780839203247,0.0
learn,EOPKG,EOPKGTopologyConditioned,a9ec65c003b14176b0d853a15471bbbb,854778689611649472,_EOPKG_TC-UN-f1-5-penalty3l-13_loan_v1_v5_simulated_GATv2,_EOPKG_TC-UN-f1-5-penalty3l,13,train_grad_norm_struct_xattn,0,1780839203247,0.0
learn,EOPKG,EOPKGTopologyConditioned,a9ec65c003b14176b0d853a15471bbbb,854778689611649472,_EOPKG_TC-UN-f1-5-penalty3l-13_loan_v1_v5_simulated_GATv2,_EOPKG_TC-UN-f1-5-penalty3l,13,train_grad_norm_struct_xattn,0,1780839453561,0.0
learn,EOPKG,EOPKGTopologyConditioned,a9ec65c003b14176b0d853a15471bbbb,854778689611649472,_EOPKG_TC-UN-f1-5-penalty3l-13_loan_v1_v5_simulated_GATv2,_EOPKG_TC-UN-f1-5-penalty3l,13,train_grad_norm_struct_xattn,0,1780839453561,0.0
learn,EOPKG,EOPKGTopologyConditioned,a9ec65c003b14176b0d853a15471bbbb,854778689611649472,_EOPKG_TC-UN-f1-5-penalty3l-13_loan_v1_v5_simulated_GATv2,_EOPKG_TC-UN-f1-5-penalty3l,13,train_grad_norm_struct_xattn,0,1780839700191,0.0
learn,EOPKG,EOPKGTopologyConditioned,a9ec65c003b14176b0d853a15471bbbb,854778689611649472,_EOPKG_TC-UN-f1-5-penalty3l-13_loan_v1_v5_simulated_GATv2,_EOPKG_TC-UN-f1-5-penalty3l,13,train_grad_norm_struct_xattn,0,1780839700191,0.0
learn,EOPKG,EOPKGTopologyConditioned,a9ec65c003b14176b0d853a15471bbbb,854778689611649472,_EOPKG_TC-UN-f1-5-penalty3l-13_loan_v1_v5_simulated_GATv2,_EOPKG_TC-UN-f1-5-penalty3l,13,train_grad_norm_struct_xattn,0,1780839950586,0.0
learn,EOPKG,EOPKGTopologyConditioned,a9ec65c003b14176b0d853a15471bbbb,854778689611649472,_EOPKG_TC-UN-f1-5-penalty3l-13_loan_v1_v5_simulated_GATv2,_EOPKG_TC-UN-f1-5-penalty3l,13,train_grad_norm_struct_xattn,0,1780839950586,0.0
learn,EOPKG,EOPKGTopologyConditioned,a9ec65c003b14176b0d853a15471bbbb,854778689611649472,_EOPKG_TC-UN-f1-5-penalty3l-13_loan_v1_v5_simulated_GATv2,_EOPKG_TC-UN-f1-5-penalty3l,13,train_grad_norm_struct_xattn,0,1780840202527,0.0
learn,EOPKG,EOPKGTopologyConditioned,a9ec65c003b14176b0d853a15471bbbb,854778689611649472,_EOPKG_TC-UN-f1-5-penalty3l-13_loan_v1_v5_simulated_GATv2,_EOPKG_TC-UN-f1-5-penalty3l,13,train_grad_norm_struct_xattn,0,1780840202527,0.0
learn,EOPKG,EOPKGTopologyConditioned,a9ec65c003b14176b0d853a15471bbbb,854778689611649472,_EOPKG_TC-UN-f1-5-penalty3l-13_loan_v1_v5_simulated_GATv2,_EOPKG_TC-UN-f1-5-penalty3l,13,train_grad_norm_struct_xattn,0,1780840450681,0.0
learn,EOPKG,EOPKGTopologyConditioned,a9ec65c003b14176b0d853a15471bbbb,854778689611649472,_EOPKG_TC-UN-f1-5-penalty3l-13_loan_v1_v5_simulated_GATv2,_EOPKG_TC-UN-f1-5-penalty3l,13,train_grad_norm_struct_xattn,0,1780840450681,0.0
learn,EOPKG,EOPKGTopologyConditioned,a9ec65c003b14176b0d853a15471bbbb,854778689611649472,_EOPKG_TC-UN-f1-5-penalty3l-13_loan_v1_v5_simulated_GATv2,_EOPKG_TC-UN-f1-5-penalty3l,13,train_grad_norm_struct_xattn,0,1780840695815,0.0
learn,EOPKG,EOPKGTopologyConditioned,a9ec65c003b14176b0d853a15471bbbb,854778689611649472,_EOPKG_TC-UN-f1-5-penalty3l-13_loan_v1_v5_simulated_GATv2,_EOPKG_TC-UN-f1-5-penalty3l,13,train_grad_norm_struct_xattn,0,1780840695815,0.0
learn,EOPKG,EOPKGTopologyConditioned,a9ec65c003b14176b0d853a15471bbbb,854778689611649472,_EOPKG_TC-UN-f1-5-penalty3l-13_loan_v1_v5_simulated_GATv2,_EOPKG_TC-UN-f1-5-penalty3l,13,train_grad_norm_struct_xattn,0,1780840942206,0.0
learn,EOPKG,EOPKGTopologyConditioned,a9ec65c003b14176b0d853a15471bbbb,854778689611649472,_EOPKG_TC-UN-f1-5-penalty3l-13_loan_v1_v5_simulated_GATv2,_EOPKG_TC-UN-f1-5-penalty3l,13,train_grad_norm_struct_xattn,0,1780840942206,0.0
learn,EOPKG,EOPKGTopologyConditioned,a9ec65c003b14176b0d853a15471bbbb,854778689611649472,_EOPKG_TC-UN-f1-5-penalty3l-13_loan_v1_v5_simulated_GATv2,_EOPKG_TC-UN-f1-5-penalty3l,13,train_grad_norm_struct_xattn,0,1780841188194,0.0
learn,EOPKG,EOPKGTopologyConditioned,a9ec65c003b14176b0d853a15471bbbb,854778689611649472,_EOPKG_TC-UN-f1-5-penalty3l-13_loan_v1_v5_simulated_GATv2,_EOPKG_TC-UN-f1-5-penalty3l,13,train_grad_norm_struct_xattn,0,1780841188194,0.0
learn,EOPKG,EOPKGTopologyConditioned,a9ec65c003b14176b0d853a15471bbbb,854778689611649472,_EOPKG_TC-UN-f1-5-penalty3l-13_loan_v1_v5_simulated_GATv2,_EOPKG_TC-UN-f1-5-penalty3l,13,train_grad_norm_struct_xattn,0,1780841436939,0.0
learn,EOPKG,EOPKGTopologyConditioned,a9ec65c003b14176b0d853a15471bbbb,854778689611649472,_EOPKG_TC-UN-f1-5-penalty3l-13_loan_v1_v5_simulated_GATv2,_EOPKG_TC-UN-f1-5-penalty3l,13,train_grad_norm_struct_xattn,0,1780841436939,0.0
learn,EOPKG,EOPKGTopologyConditioned,a9ec65c003b14176b0d853a15471bbbb,854778689611649472,_EOPKG_TC-UN-f1-5-penalty3l-13_loan_v1_v5_simulated_GATv2,_EOPKG_TC-UN-f1-5-penalty3l,13,train_grad_norm_struct_xattn,0,1780841683880,0.0
learn,EOPKG,EOPKGTopologyConditioned,a9ec65c003b14176b0d853a15471bbbb,854778689611649472,_EOPKG_TC-UN-f1-5-penalty3l-13_loan_v1_v5_simulated_GATv2,_EOPKG_TC-UN-f1-5-penalty3l,13,train_grad_norm_struct_xattn,0,1780841683880,0.0
learn,EOPKG,EOPKGTopologyConditioned,a9ec65c003b14176b0d853a15471bbbb,854778689611649472,_EOPKG_TC-UN-f1-5-penalty3l-13_loan_v1_v5_simulated_GATv2,_EOPKG_TC-UN-f1-5-penalty3l,13,train_grad_norm_struct_xattn,0,1780841929415,0.0
learn,EOPKG,EOPKGTopologyConditioned,a9ec65c003b14176b0d853a15471bbbb,854778689611649472,_EOPKG_TC-UN-f1-5-penalty3l-13_loan_v1_v5_simulated_GATv2,_EOPKG_TC-UN-f1-5-penalty3l,13,train_grad_norm_struct_xattn,0,1780841929415,0.0
learn,EOPKG,EOPKGTopologyConditioned,a9ec65c003b14176b0d853a15471bbbb,854778689611649472,_EOPKG_TC-UN-f1-5-penalty3l-13_loan_v1_v5_simulated_GATv2,_EOPKG_TC-UN-f1-5-penalty3l,13,train_grad_norm_struct_xattn,0,1780842175466,0.0
learn,EOPKG,EOPKGTopologyConditioned,a9ec65c003b14176b0d853a15471bbbb,854778689611649472,_EOPKG_TC-UN-f1-5-penalty3l-13_loan_v1_v5_simulated_GATv2,_EOPKG_TC-UN-f1-5-penalty3l,13,train_grad_norm_struct_xattn,0,1780842175466,0.0
learn,EOPKG,EOPKGTopologyConditioned,a9ec65c003b14176b0d853a15471bbbb,854778689611649472,_EOPKG_TC-UN-f1-5-penalty3l-13_loan_v1_v5_simulated_GATv2,_EOPKG_TC-UN-f1-5-penalty3l,13,train_grad_norm_struct_xattn,0,1780842420653,0.0
learn,EOPKG,EOPKGTopologyConditioned,a9ec65c003b14176b0d853a15471bbbb,854778689611649472,_EOPKG_TC-UN-f1-5-penalty3l-13_loan_v1_v5_simulated_GATv2,_EOPKG_TC-UN-f1-5-penalty3l,13,train_grad_norm_struct_xattn,0,1780842420653,0.0
learn,EOPKG,EOPKGTopologyConditioned,a9ec65c003b14176b0d853a15471bbbb,854778689611649472,_EOPKG_TC-UN-f1-5-penalty3l-13_loan_v1_v5_simulated_GATv2,_EOPKG_TC-UN-f1-5-penalty3l,13,train_grad_norm_struct_xattn,0,1780842668828,0.0
learn,EOPKG,EOPKGTopologyConditioned,a9ec65c003b14176b0d853a15471bbbb,854778689611649472,_EOPKG_TC-UN-f1-5-penalty3l-13_loan_v1_v5_simulated_GATv2,_EOPKG_TC-UN-f1-5-penalty3l,13,train_grad_norm_struct_xattn,0,1780842668828,0.0
learn,EOPKG,EOPKGTopologyConditioned,a9ec65c003b14176b0d853a15471bbbb,854778689611649472,_EOPKG_TC-UN-f1-5-penalty3l-13_loan_v1_v5_simulated_GATv2,_EOPKG_TC-UN-f1-5-penalty3l,13,train_grad_norm_struct_xattn,0,1780842915751,0.0
learn,EOPKG,EOPKGTopologyConditioned,a9ec65c003b14176b0d853a15471bbbb,854778689611649472,_EOPKG_TC-UN-f1-5-penalty3l-13_loan_v1_v5_simulated_GATv2,_EOPKG_TC-UN-f1-5-penalty3l,13,train_grad_norm_struct_xattn,0,1780842915751,0.0
learn,EOPKG,EOPKGTopologyConditioned,a9ec65c003b14176b0d853a15471bbbb,854778689611649472,_EOPKG_TC-UN-f1-5-penalty3l-13_loan_v1_v5_simulated_GATv2,_EOPKG_TC-UN-f1-5-penalty3l,13,train_grad_norm_struct_xattn,0,1780843165269,0.0
learn,EOPKG,EOPKGTopologyConditioned,a9ec65c003b14176b0d853a15471bbbb,854778689611649472,_EOPKG_TC-UN-f1-5-penalty3l-13_loan_v1_v5_simulated_GATv2,_EOPKG_TC-UN-f1-5-penalty3l,13,train_grad_norm_struct_xattn,0,1780843165269,0.0
learn,EOPKG,EOPKGTopologyConditioned,a9ec65c003b14176b0d853a15471bbbb,854778689611649472,_EOPKG_TC-UN-f1-5-penalty3l-13_loan_v1_v5_simulated_GATv2,_EOPKG_TC-UN-f1-5-penalty3l,13,train_grad_norm_struct_xattn,0,1780843414491,0.0
learn,EOPKG,EOPKGTopologyConditioned,a9ec65c003b14176b0d853a15471bbbb,854778689611649472,_EOPKG_TC-UN-f1-5-penalty3l-13_loan_v1_v5_simulated_GATv2,_EOPKG_TC-UN-f1-5-penalty3l,13,train_grad_norm_struct_xattn,0,1780843414491,0.0
learn,EOPKG,EOPKGTopologyConditioned,a9ec65c003b14176b0d853a15471bbbb,854778689611649472,_EOPKG_TC-UN-f1-5-penalty3l-13_loan_v1_v5_simulated_GATv2,_EOPKG_TC-UN-f1-5-penalty3l,13,train_grad_norm_struct_xattn,0,1780843663045,0.0
learn,EOPKG,EOPKGTopologyConditioned,a9ec65c003b14176b0d853a15471bbbb,854778689611649472,_EOPKG_TC-UN-f1-5-penalty3l-13_loan_v1_v5_simulated_GATv2,_EOPKG_TC-UN-f1-5-penalty3l,13,train_grad_norm_struct_xattn,0,1780843663045,0.0
learn,EOPKG,EOPKGTopologyConditioned,a9ec65c003b14176b0d853a15471bbbb,854778689611649472,_EOPKG_TC-UN-f1-5-penalty3l-13_loan_v1_v5_simulated_GATv2,_EOPKG_TC-UN-f1-5-penalty3l,13,train_grad_norm_struct_xattn,0,1780843909383,0.0
learn,EOPKG,EOPKGTopologyConditioned,a9ec65c003b14176b0d853a15471bbbb,854778689611649472,_EOPKG_TC-UN-f1-5-penalty3l-13_loan_v1_v5_simulated_GATv2,_EOPKG_TC-UN-f1-5-penalty3l,13,train_grad_norm_struct_xattn,0,1780843909383,0.0
learn,EOPKG,EOPKGTopologyConditioned,a9ec65c003b14176b0d853a15471bbbb,854778689611649472,_EOPKG_TC-UN-f1-5-penalty3l-13_loan_v1_v5_simulated_GATv2,_EOPKG_TC-UN-f1-5-penalty3l,13,train_grad_norm_struct_xattn,0,1780844155831,0.0
learn,EOPKG,EOPKGTopologyConditioned,a9ec65c003b14176b0d853a15471bbbb,854778689611649472,_EOPKG_TC-UN-f1-5-penalty3l-13_loan_v1_v5_simulated_GATv2,_EOPKG_TC-UN-f1-5-penalty3l,13,train_grad_norm_struct_xattn,0,1780844155831,0.0
learn,EOPKG,EOPKGTopologyConditioned,a9ec65c003b14176b0d853a15471bbbb,854778689611649472,_EOPKG_TC-UN-f1-5-penalty3l-13_loan_v1_v5_simulated_GATv2,_EOPKG_TC-UN-f1-5-penalty3l,13,train_grad_norm_struct_xattn,0,1780844401264,0.0
learn,EOPKG,EOPKGTopologyConditioned,a9ec65c003b14176b0d853a15471bbbb,854778689611649472,_EOPKG_TC-UN-f1-5-penalty3l-13_loan_v1_v5_simulated_GATv2,_EOPKG_TC-UN-f1-5-penalty3l,13,train_grad_norm_struct_xattn,0,1780844401264,0.0
learn,EOPKG,EOPKGTopologyConditioned,a9ec65c003b14176b0d853a15471bbbb,854778689611649472,_EOPKG_TC-UN-f1-5-penalty3l-13_loan_v1_v5_simulated_GATv2,_EOPKG_TC-UN-f1-5-penalty3l,13,train_grad_norm_struct_xattn,0,1780844649074,0.0
learn,EOPKG,EOPKGTopologyConditioned,a9ec65c003b14176b0d853a15471bbbb,854778689611649472,_EOPKG_TC-UN-f1-5-penalty3l-13_loan_v1_v5_simulated_GATv2,_EOPKG_TC-UN-f1-5-penalty3l,13,train_grad_norm_struct_xattn,0,1780844649074,0.0
learn,EOPKG,EOPKGTopologyConditioned,a9ec65c003b14176b0d853a15471bbbb,854778689611649472,_EOPKG_TC-UN-f1-5-penalty3l-13_loan_v1_v5_simulated_GATv2,_EOPKG_TC-UN-f1-5-penalty3l,13,train_grad_norm_struct_xattn,0,1780844897862,0.0
learn,EOPKG,EOPKGTopologyConditioned,a9ec65c003b14176b0d853a15471bbbb,854778689611649472,_EOPKG_TC-UN-f1-5-penalty3l-13_loan_v1_v5_simulated_GATv2,_EOPKG_TC-UN-f1-5-penalty3l,13,train_grad_norm_struct_xattn,0,1780844897862,0.0
learn,EOPKG,EOPKGTopologyConditioned,a9ec65c003b14176b0d853a15471bbbb,854778689611649472,_EOPKG_TC-UN-f1-5-penalty3l-13_loan_v1_v5_simulated_GATv2,_EOPKG_TC-UN-f1-5-penalty3l,13,train_grad_norm_struct_xattn,0,1780845149391,0.0
learn,EOPKG,EOPKGTopologyConditioned,a9ec65c003b14176b0d853a15471bbbb,854778689611649472,_EOPKG_TC-UN-f1-5-penalty3l-13_loan_v1_v5_simulated_GATv2,_EOPKG_TC-UN-f1-5-penalty3l,13,train_grad_norm_struct_xattn,0,1780845149391,0.0
learn,EOPKG,EOPKGTopologyConditioned,a9ec65c003b14176b0d853a15471bbbb,854778689611649472,_EOPKG_TC-UN-f1-5-penalty3l-13_loan_v1_v5_simulated_GATv2,_EOPKG_TC-UN-f1-5-penalty3l,13,train_grad_norm_struct_xattn,0,1780845393686,0.0
learn,EOPKG,EOPKGTopologyConditioned,a9ec65c003b14176b0d853a15471bbbb,854778689611649472,_EOPKG_TC-UN-f1-5-penalty3l-13_loan_v1_v5_simulated_GATv2,_EOPKG_TC-UN-f1-5-penalty3l,13,train_grad_norm_struct_xattn,0,1780845393686,0.0
learn,EOPKG,EOPKGTopologyConditioned,a9ec65c003b14176b0d853a15471bbbb,854778689611649472,_EOPKG_TC-UN-f1-5-penalty3l-13_loan_v1_v5_simulated_GATv2,_EOPKG_TC-UN-f1-5-penalty3l,13,train_grad_norm_struct_xattn,0,1780845640786,0.0
learn,EOPKG,EOPKGTopologyConditioned,a9ec65c003b14176b0d853a15471bbbb,854778689611649472,_EOPKG_TC-UN-f1-5-penalty3l-13_loan_v1_v5_simulated_GATv2,_EOPKG_TC-UN-f1-5-penalty3l,13,train_grad_norm_struct_xattn,0,1780845640786,0.0
learn,EOPKG,EOPKGTopologyConditioned,a9ec65c003b14176b0d853a15471bbbb,854778689611649472,_EOPKG_TC-UN-f1-5-penalty3l-13_loan_v1_v5_simulated_GATv2,_EOPKG_TC-UN-f1-5-penalty3l,13,train_grad_norm_struct_xattn,0,1780845886379,0.0
learn,EOPKG,EOPKGTopologyConditioned,a9ec65c003b14176b0d853a15471bbbb,854778689611649472,_EOPKG_TC-UN-f1-5-penalty3l-13_loan_v1_v5_simulated_GATv2,_EOPKG_TC-UN-f1-5-penalty3l,13,train_grad_norm_struct_xattn,0,1780845886379,0.0
learn,EOPKG,EOPKGTopologyConditioned,a9ec65c003b14176b0d853a15471bbbb,854778689611649472,_EOPKG_TC-UN-f1-5-penalty3l-13_loan_v1_v5_simulated_GATv2,_EOPKG_TC-UN-f1-5-penalty3l,13,train_grad_norm_struct_xattn,0,1780846133204,0.0
learn,EOPKG,EOPKGTopologyConditioned,a9ec65c003b14176b0d853a15471bbbb,854778689611649472,_EOPKG_TC-UN-f1-5-penalty3l-13_loan_v1_v5_simulated_GATv2,_EOPKG_TC-UN-f1-5-penalty3l,13,train_grad_norm_struct_xattn,0,1780846133204,0.0
learn,EOPKG,EOPKGTopologyConditioned,a9ec65c003b14176b0d853a15471bbbb,854778689611649472,_EOPKG_TC-UN-f1-5-penalty3l-13_loan_v1_v5_simulated_GATv2,_EOPKG_TC-UN-f1-5-penalty3l,13,train_grad_norm_struct_xattn,0,1780846381356,0.0
learn,EOPKG,EOPKGTopologyConditioned,a9ec65c003b14176b0d853a15471bbbb,854778689611649472,_EOPKG_TC-UN-f1-5-penalty3l-13_loan_v1_v5_simulated_GATv2,_EOPKG_TC-UN-f1-5-penalty3l,13,train_grad_norm_struct_xattn,0,1780846381356,0.0
learn,EOPKG,EOPKGTopologyConditioned,a9ec65c003b14176b0d853a15471bbbb,854778689611649472,_EOPKG_TC-UN-f1-5-penalty3l-13_loan_v1_v5_simulated_GATv2,_EOPKG_TC-UN-f1-5-penalty3l,13,train_grad_norm_struct_xattn,0,1780846626626,0.0
learn,EOPKG,EOPKGTopologyConditioned,a9ec65c003b14176b0d853a15471bbbb,854778689611649472,_EOPKG_TC-UN-f1-5-penalty3l-13_loan_v1_v5_simulated_GATv2,_EOPKG_TC-UN-f1-5-penalty3l,13,train_grad_norm_struct_xattn,0,1780846626626,0.0
learn,EOPKG,EOPKGTopologyConditioned,b8f6130db97f4f28b27d4528497aa1f3,854778689611649472,_EOPKG_TC-UN-f1-5-penalty3l-55_loan_v1_v5_simulated_GATv2,_EOPKG_TC-UN-f1-5-penalty3l,55,train_grad_norm_struct_xattn,0,1780851153314,0.0
learn,EOPKG,EOPKGTopologyConditioned,b8f6130db97f4f28b27d4528497aa1f3,854778689611649472,_EOPKG_TC-UN-f1-5-penalty3l-55_loan_v1_v5_simulated_GATv2,_EOPKG_TC-UN-f1-5-penalty3l,55,train_grad_norm_struct_xattn,0,1780851153314,0.0
learn,EOPKG,EOPKGTopologyConditioned,b8f6130db97f4f28b27d4528497aa1f3,854778689611649472,_EOPKG_TC-UN-f1-5-penalty3l-55_loan_v1_v5_simulated_GATv2,_EOPKG_TC-UN-f1-5-penalty3l,55,train_grad_norm_struct_xattn,0,1780851413465,0.0
learn,EOPKG,EOPKGTopologyConditioned,b8f6130db97f4f28b27d4528497aa1f3,854778689611649472,_EOPKG_TC-UN-f1-5-penalty3l-55_loan_v1_v5_simulated_GATv2,_EOPKG_TC-UN-f1-5-penalty3l,55,train_grad_norm_struct_xattn,0,1780851413465,0.0
learn,EOPKG,EOPKGTopologyConditioned,b8f6130db97f4f28b27d4528497aa1f3,854778689611649472,_EOPKG_TC-UN-f1-5-penalty3l-55_loan_v1_v5_simulated_GATv2,_EOPKG_TC-UN-f1-5-penalty3l,55,train_grad_norm_struct_xattn,0,1780851663669,0.0
learn,EOPKG,EOPKGTopologyConditioned,b8f6130db97f4f28b27d4528497aa1f3,854778689611649472,_EOPKG_TC-UN-f1-5-penalty3l-55_loan_v1_v5_simulated_GATv2,_EOPKG_TC-UN-f1-5-penalty3l,55,train_grad_norm_struct_xattn,0,1780851663669,0.0
learn,EOPKG,EOPKGTopologyConditioned,b8f6130db97f4f28b27d4528497aa1f3,854778689611649472,_EOPKG_TC-UN-f1-5-penalty3l-55_loan_v1_v5_simulated_GATv2,_EOPKG_TC-UN-f1-5-penalty3l,55,train_grad_norm_struct_xattn,0,1780851910930,0.0
learn,EOPKG,EOPKGTopologyConditioned,b8f6130db97f4f28b27d4528497aa1f3,854778689611649472,_EOPKG_TC-UN-f1-5-penalty3l-55_loan_v1_v5_simulated_GATv2,_EOPKG_TC-UN-f1-5-penalty3l,55,train_grad_norm_struct_xattn,0,1780851910930,0.0
learn,EOPKG,EOPKGTopologyConditioned,b8f6130db97f4f28b27d4528497aa1f3,854778689611649472,_EOPKG_TC-UN-f1-5-penalty3l-55_loan_v1_v5_simulated_GATv2,_EOPKG_TC-UN-f1-5-penalty3l,55,train_grad_norm_struct_xattn,0,1780852161720,0.0
learn,EOPKG,EOPKGTopologyConditioned,b8f6130db97f4f28b27d4528497aa1f3,854778689611649472,_EOPKG_TC-UN-f1-5-penalty3l-55_loan_v1_v5_simulated_GATv2,_EOPKG_TC-UN-f1-5-penalty3l,55,train_grad_norm_struct_xattn,0,1780852161720,0.0
learn,EOPKG,EOPKGTopologyConditioned,b8f6130db97f4f28b27d4528497aa1f3,854778689611649472,_EOPKG_TC-UN-f1-5-penalty3l-55_loan_v1_v5_simulated_GATv2,_EOPKG_TC-UN-f1-5-penalty3l,55,train_grad_norm_struct_xattn,0,1780852420943,0.0
learn,EOPKG,EOPKGTopologyConditioned,b8f6130db97f4f28b27d4528497aa1f3,854778689611649472,_EOPKG_TC-UN-f1-5-penalty3l-55_loan_v1_v5_simulated_GATv2,_EOPKG_TC-UN-f1-5-penalty3l,55,train_grad_norm_struct_xattn,0,1780852420943,0.0
learn,EOPKG,EOPKGTopologyConditioned,b8f6130db97f4f28b27d4528497aa1f3,854778689611649472,_EOPKG_TC-UN-f1-5-penalty3l-55_loan_v1_v5_simulated_GATv2,_EOPKG_TC-UN-f1-5-penalty3l,55,train_grad_norm_struct_xattn,0,1780852666496,0.0
learn,EOPKG,EOPKGTopologyConditioned,b8f6130db97f4f28b27d4528497aa1f3,854778689611649472,_EOPKG_TC-UN-f1-5-penalty3l-55_loan_v1_v5_simulated_GATv2,_EOPKG_TC-UN-f1-5-penalty3l,55,train_grad_norm_struct_xattn,0,1780852666496,0.0
learn,EOPKG,EOPKGTopologyConditioned,b8f6130db97f4f28b27d4528497aa1f3,854778689611649472,_EOPKG_TC-UN-f1-5-penalty3l-55_loan_v1_v5_simulated_GATv2,_EOPKG_TC-UN-f1-5-penalty3l,55,train_grad_norm_struct_xattn,0,1780852915679,0.0
learn,EOPKG,EOPKGTopologyConditioned,b8f6130db97f4f28b27d4528497aa1f3,854778689611649472,_EOPKG_TC-UN-f1-5-penalty3l-55_loan_v1_v5_simulated_GATv2,_EOPKG_TC-UN-f1-5-penalty3l,55,train_grad_norm_struct_xattn,0,1780852915679,0.0
learn,EOPKG,EOPKGTopologyConditioned,b8f6130db97f4f28b27d4528497aa1f3,854778689611649472,_EOPKG_TC-UN-f1-5-penalty3l-55_loan_v1_v5_simulated_GATv2,_EOPKG_TC-UN-f1-5-penalty3l,55,train_grad_norm_struct_xattn,0,1780853171195,0.0
learn,EOPKG,EOPKGTopologyConditioned,b8f6130db97f4f28b27d4528497aa1f3,854778689611649472,_EOPKG_TC-UN-f1-5-penalty3l-55_loan_v1_v5_simulated_GATv2,_EOPKG_TC-UN-f1-5-penalty3l,55,train_grad_norm_struct_xattn,0,1780853171195,0.0
learn,EOPKG,EOPKGTopologyConditioned,b8f6130db97f4f28b27d4528497aa1f3,854778689611649472,_EOPKG_TC-UN-f1-5-penalty3l-55_loan_v1_v5_simulated_GATv2,_EOPKG_TC-UN-f1-5-penalty3l,55,train_grad_norm_struct_xattn,0,1780853418799,0.0
learn,EOPKG,EOPKGTopologyConditioned,b8f6130db97f4f28b27d4528497aa1f3,854778689611649472,_EOPKG_TC-UN-f1-5-penalty3l-55_loan_v1_v5_simulated_GATv2,_EOPKG_TC-UN-f1-5-penalty3l,55,train_grad_norm_struct_xattn,0,1780853418799,0.0
learn,EOPKG,EOPKGTopologyConditioned,b8f6130db97f4f28b27d4528497aa1f3,854778689611649472,_EOPKG_TC-UN-f1-5-penalty3l-55_loan_v1_v5_simulated_GATv2,_EOPKG_TC-UN-f1-5-penalty3l,55,train_grad_norm_struct_xattn,0,1780853672281,0.0
learn,EOPKG,EOPKGTopologyConditioned,b8f6130db97f4f28b27d4528497aa1f3,854778689611649472,_EOPKG_TC-UN-f1-5-penalty3l-55_loan_v1_v5_simulated_GATv2,_EOPKG_TC-UN-f1-5-penalty3l,55,train_grad_norm_struct_xattn,0,1780853672281,0.0
learn,EOPKG,EOPKGTopologyConditioned,b8f6130db97f4f28b27d4528497aa1f3,854778689611649472,_EOPKG_TC-UN-f1-5-penalty3l-55_loan_v1_v5_simulated_GATv2,_EOPKG_TC-UN-f1-5-penalty3l,55,train_grad_norm_struct_xattn,0,1780853921106,0.0
learn,EOPKG,EOPKGTopologyConditioned,b8f6130db97f4f28b27d4528497aa1f3,854778689611649472,_EOPKG_TC-UN-f1-5-penalty3l-55_loan_v1_v5_simulated_GATv2,_EOPKG_TC-UN-f1-5-penalty3l,55,train_grad_norm_struct_xattn,0,1780853921106,0.0
learn,EOPKG,EOPKGTopologyConditioned,b8f6130db97f4f28b27d4528497aa1f3,854778689611649472,_EOPKG_TC-UN-f1-5-penalty3l-55_loan_v1_v5_simulated_GATv2,_EOPKG_TC-UN-f1-5-penalty3l,55,train_grad_norm_struct_xattn,0,1780854169676,0.0
learn,EOPKG,EOPKGTopologyConditioned,b8f6130db97f4f28b27d4528497aa1f3,854778689611649472,_EOPKG_TC-UN-f1-5-penalty3l-55_loan_v1_v5_simulated_GATv2,_EOPKG_TC-UN-f1-5-penalty3l,55,train_grad_norm_struct_xattn,0,1780854169676,0.0
learn,EOPKG,EOPKGTopologyConditioned,b8f6130db97f4f28b27d4528497aa1f3,854778689611649472,_EOPKG_TC-UN-f1-5-penalty3l-55_loan_v1_v5_simulated_GATv2,_EOPKG_TC-UN-f1-5-penalty3l,55,train_grad_norm_struct_xattn,0,1780854456863,0.0
learn,EOPKG,EOPKGTopologyConditioned,b8f6130db97f4f28b27d4528497aa1f3,854778689611649472,_EOPKG_TC-UN-f1-5-penalty3l-55_loan_v1_v5_simulated_GATv2,_EOPKG_TC-UN-f1-5-penalty3l,55,train_grad_norm_struct_xattn,0,1780854456863,0.0
learn,EOPKG,EOPKGTopologyConditioned,b8f6130db97f4f28b27d4528497aa1f3,854778689611649472,_EOPKG_TC-UN-f1-5-penalty3l-55_loan_v1_v5_simulated_GATv2,_EOPKG_TC-UN-f1-5-penalty3l,55,train_grad_norm_struct_xattn,0,1780854739640,0.0
learn,EOPKG,EOPKGTopologyConditioned,b8f6130db97f4f28b27d4528497aa1f3,854778689611649472,_EOPKG_TC-UN-f1-5-penalty3l-55_loan_v1_v5_simulated_GATv2,_EOPKG_TC-UN-f1-5-penalty3l,55,train_grad_norm_struct_xattn,0,1780854739640,0.0
learn,EOPKG,EOPKGTopologyConditioned,b8f6130db97f4f28b27d4528497aa1f3,854778689611649472,_EOPKG_TC-UN-f1-5-penalty3l-55_loan_v1_v5_simulated_GATv2,_EOPKG_TC-UN-f1-5-penalty3l,55,train_grad_norm_struct_xattn,0,1780854983062,0.0
learn,EOPKG,EOPKGTopologyConditioned,b8f6130db97f4f28b27d4528497aa1f3,854778689611649472,_EOPKG_TC-UN-f1-5-penalty3l-55_loan_v1_v5_simulated_GATv2,_EOPKG_TC-UN-f1-5-penalty3l,55,train_grad_norm_struct_xattn,0,1780854983062,0.0
learn,EOPKG,EOPKGTopologyConditioned,b8f6130db97f4f28b27d4528497aa1f3,854778689611649472,_EOPKG_TC-UN-f1-5-penalty3l-55_loan_v1_v5_simulated_GATv2,_EOPKG_TC-UN-f1-5-penalty3l,55,train_grad_norm_struct_xattn,0,1780855226849,0.0
learn,EOPKG,EOPKGTopologyConditioned,b8f6130db97f4f28b27d4528497aa1f3,854778689611649472,_EOPKG_TC-UN-f1-5-penalty3l-55_loan_v1_v5_simulated_GATv2,_EOPKG_TC-UN-f1-5-penalty3l,55,train_grad_norm_struct_xattn,0,1780855226849,0.0
learn,EOPKG,EOPKGTopologyConditioned,b8f6130db97f4f28b27d4528497aa1f3,854778689611649472,_EOPKG_TC-UN-f1-5-penalty3l-55_loan_v1_v5_simulated_GATv2,_EOPKG_TC-UN-f1-5-penalty3l,55,train_grad_norm_struct_xattn,0,1780855471080,0.0
learn,EOPKG,EOPKGTopologyConditioned,b8f6130db97f4f28b27d4528497aa1f3,854778689611649472,_EOPKG_TC-UN-f1-5-penalty3l-55_loan_v1_v5_simulated_GATv2,_EOPKG_TC-UN-f1-5-penalty3l,55,train_grad_norm_struct_xattn,0,1780855471080,0.0
learn,EOPKG,EOPKGTopologyConditioned,b8f6130db97f4f28b27d4528497aa1f3,854778689611649472,_EOPKG_TC-UN-f1-5-penalty3l-55_loan_v1_v5_simulated_GATv2,_EOPKG_TC-UN-f1-5-penalty3l,55,train_grad_norm_struct_xattn,0,1780855707323,0.0
learn,EOPKG,EOPKGTopologyConditioned,b8f6130db97f4f28b27d4528497aa1f3,854778689611649472,_EOPKG_TC-UN-f1-5-penalty3l-55_loan_v1_v5_simulated_GATv2,_EOPKG_TC-UN-f1-5-penalty3l,55,train_grad_norm_struct_xattn,0,1780855707323,0.0
learn,EOPKG,EOPKGTopologyConditioned,b8f6130db97f4f28b27d4528497aa1f3,854778689611649472,_EOPKG_TC-UN-f1-5-penalty3l-55_loan_v1_v5_simulated_GATv2,_EOPKG_TC-UN-f1-5-penalty3l,55,train_grad_norm_struct_xattn,0,1780855953941,0.0
learn,EOPKG,EOPKGTopologyConditioned,b8f6130db97f4f28b27d4528497aa1f3,854778689611649472,_EOPKG_TC-UN-f1-5-penalty3l-55_loan_v1_v5_simulated_GATv2,_EOPKG_TC-UN-f1-5-penalty3l,55,train_grad_norm_struct_xattn,0,1780855953941,0.0
learn,EOPKG,EOPKGTopologyConditioned,b8f6130db97f4f28b27d4528497aa1f3,854778689611649472,_EOPKG_TC-UN-f1-5-penalty3l-55_loan_v1_v5_simulated_GATv2,_EOPKG_TC-UN-f1-5-penalty3l,55,train_grad_norm_struct_xattn,0,1780856195659,0.0
learn,EOPKG,EOPKGTopologyConditioned,b8f6130db97f4f28b27d4528497aa1f3,854778689611649472,_EOPKG_TC-UN-f1-5-penalty3l-55_loan_v1_v5_simulated_GATv2,_EOPKG_TC-UN-f1-5-penalty3l,55,train_grad_norm_struct_xattn,0,1780856195659,0.0
learn,EOPKG,EOPKGTopologyConditioned,b8f6130db97f4f28b27d4528497aa1f3,854778689611649472,_EOPKG_TC-UN-f1-5-penalty3l-55_loan_v1_v5_simulated_GATv2,_EOPKG_TC-UN-f1-5-penalty3l,55,train_grad_norm_struct_xattn,0,1780856432468,0.0
learn,EOPKG,EOPKGTopologyConditioned,b8f6130db97f4f28b27d4528497aa1f3,854778689611649472,_EOPKG_TC-UN-f1-5-penalty3l-55_loan_v1_v5_simulated_GATv2,_EOPKG_TC-UN-f1-5-penalty3l,55,train_grad_norm_struct_xattn,0,1780856432468,0.0
learn,EOPKG,EOPKGTopologyConditioned,b8f6130db97f4f28b27d4528497aa1f3,854778689611649472,_EOPKG_TC-UN-f1-5-penalty3l-55_loan_v1_v5_simulated_GATv2,_EOPKG_TC-UN-f1-5-penalty3l,55,train_grad_norm_struct_xattn,0,1780856666054,0.0
learn,EOPKG,EOPKGTopologyConditioned,b8f6130db97f4f28b27d4528497aa1f3,854778689611649472,_EOPKG_TC-UN-f1-5-penalty3l-55_loan_v1_v5_simulated_GATv2,_EOPKG_TC-UN-f1-5-penalty3l,55,train_grad_norm_struct_xattn,0,1780856666054,0.0
learn,EOPKG,EOPKGTopologyConditioned,b8f6130db97f4f28b27d4528497aa1f3,854778689611649472,_EOPKG_TC-UN-f1-5-penalty3l-55_loan_v1_v5_simulated_GATv2,_EOPKG_TC-UN-f1-5-penalty3l,55,train_grad_norm_struct_xattn,0,1780856899325,0.0
learn,EOPKG,EOPKGTopologyConditioned,b8f6130db97f4f28b27d4528497aa1f3,854778689611649472,_EOPKG_TC-UN-f1-5-penalty3l-55_loan_v1_v5_simulated_GATv2,_EOPKG_TC-UN-f1-5-penalty3l,55,train_grad_norm_struct_xattn,0,1780856899325,0.0
learn,EOPKG,EOPKGTopologyConditioned,b8f6130db97f4f28b27d4528497aa1f3,854778689611649472,_EOPKG_TC-UN-f1-5-penalty3l-55_loan_v1_v5_simulated_GATv2,_EOPKG_TC-UN-f1-5-penalty3l,55,train_grad_norm_struct_xattn,0,1780857161048,0.0
learn,EOPKG,EOPKGTopologyConditioned,b8f6130db97f4f28b27d4528497aa1f3,854778689611649472,_EOPKG_TC-UN-f1-5-penalty3l-55_loan_v1_v5_simulated_GATv2,_EOPKG_TC-UN-f1-5-penalty3l,55,train_grad_norm_struct_xattn,0,1780857161048,0.0
learn,EOPKG,EOPKGTopologyConditioned,b8f6130db97f4f28b27d4528497aa1f3,854778689611649472,_EOPKG_TC-UN-f1-5-penalty3l-55_loan_v1_v5_simulated_GATv2,_EOPKG_TC-UN-f1-5-penalty3l,55,train_grad_norm_struct_xattn,0,1780857410929,0.0
learn,EOPKG,EOPKGTopologyConditioned,b8f6130db97f4f28b27d4528497aa1f3,854778689611649472,_EOPKG_TC-UN-f1-5-penalty3l-55_loan_v1_v5_simulated_GATv2,_EOPKG_TC-UN-f1-5-penalty3l,55,train_grad_norm_struct_xattn,0,1780857410929,0.0
learn,EOPKG,EOPKGTopologyConditioned,b8f6130db97f4f28b27d4528497aa1f3,854778689611649472,_EOPKG_TC-UN-f1-5-penalty3l-55_loan_v1_v5_simulated_GATv2,_EOPKG_TC-UN-f1-5-penalty3l,55,train_grad_norm_struct_xattn,0,1780857663146,0.0
learn,EOPKG,EOPKGTopologyConditioned,b8f6130db97f4f28b27d4528497aa1f3,854778689611649472,_EOPKG_TC-UN-f1-5-penalty3l-55_loan_v1_v5_simulated_GATv2,_EOPKG_TC-UN-f1-5-penalty3l,55,train_grad_norm_struct_xattn,0,1780857663146,0.0
learn,EOPKG,EOPKGTopologyConditioned,b8f6130db97f4f28b27d4528497aa1f3,854778689611649472,_EOPKG_TC-UN-f1-5-penalty3l-55_loan_v1_v5_simulated_GATv2,_EOPKG_TC-UN-f1-5-penalty3l,55,train_grad_norm_struct_xattn,0,1780857912925,0.0
learn,EOPKG,EOPKGTopologyConditioned,b8f6130db97f4f28b27d4528497aa1f3,854778689611649472,_EOPKG_TC-UN-f1-5-penalty3l-55_loan_v1_v5_simulated_GATv2,_EOPKG_TC-UN-f1-5-penalty3l,55,train_grad_norm_struct_xattn,0,1780857912925,0.0
learn,EOPKG,EOPKGTopologyConditioned,b8f6130db97f4f28b27d4528497aa1f3,854778689611649472,_EOPKG_TC-UN-f1-5-penalty3l-55_loan_v1_v5_simulated_GATv2,_EOPKG_TC-UN-f1-5-penalty3l,55,train_grad_norm_struct_xattn,0,1780858158097,0.0
learn,EOPKG,EOPKGTopologyConditioned,b8f6130db97f4f28b27d4528497aa1f3,854778689611649472,_EOPKG_TC-UN-f1-5-penalty3l-55_loan_v1_v5_simulated_GATv2,_EOPKG_TC-UN-f1-5-penalty3l,55,train_grad_norm_struct_xattn,0,1780858158097,0.0
learn,EOPKG,EOPKGTopologyConditioned,b8f6130db97f4f28b27d4528497aa1f3,854778689611649472,_EOPKG_TC-UN-f1-5-penalty3l-55_loan_v1_v5_simulated_GATv2,_EOPKG_TC-UN-f1-5-penalty3l,55,train_grad_norm_struct_xattn,0,1780858409424,0.0
learn,EOPKG,EOPKGTopologyConditioned,b8f6130db97f4f28b27d4528497aa1f3,854778689611649472,_EOPKG_TC-UN-f1-5-penalty3l-55_loan_v1_v5_simulated_GATv2,_EOPKG_TC-UN-f1-5-penalty3l,55,train_grad_norm_struct_xattn,0,1780858409424,0.0
learn,EOPKG,EOPKGTopologyConditioned,b8f6130db97f4f28b27d4528497aa1f3,854778689611649472,_EOPKG_TC-UN-f1-5-penalty3l-55_loan_v1_v5_simulated_GATv2,_EOPKG_TC-UN-f1-5-penalty3l,55,train_grad_norm_struct_xattn,0,1780858663940,0.0
learn,EOPKG,EOPKGTopologyConditioned,b8f6130db97f4f28b27d4528497aa1f3,854778689611649472,_EOPKG_TC-UN-f1-5-penalty3l-55_loan_v1_v5_simulated_GATv2,_EOPKG_TC-UN-f1-5-penalty3l,55,train_grad_norm_struct_xattn,0,1780858663940,0.0
learn,EOPKG,EOPKGTopologyConditioned,b8f6130db97f4f28b27d4528497aa1f3,854778689611649472,_EOPKG_TC-UN-f1-5-penalty3l-55_loan_v1_v5_simulated_GATv2,_EOPKG_TC-UN-f1-5-penalty3l,55,train_grad_norm_struct_xattn,0,1780858913139,0.0
learn,EOPKG,EOPKGTopologyConditioned,b8f6130db97f4f28b27d4528497aa1f3,854778689611649472,_EOPKG_TC-UN-f1-5-penalty3l-55_loan_v1_v5_simulated_GATv2,_EOPKG_TC-UN-f1-5-penalty3l,55,train_grad_norm_struct_xattn,0,1780858913139,0.0
learn,EOPKG,EOPKGTopologyConditioned,b8f6130db97f4f28b27d4528497aa1f3,854778689611649472,_EOPKG_TC-UN-f1-5-penalty3l-55_loan_v1_v5_simulated_GATv2,_EOPKG_TC-UN-f1-5-penalty3l,55,train_grad_norm_struct_xattn,0,1780859162185,0.0
learn,EOPKG,EOPKGTopologyConditioned,b8f6130db97f4f28b27d4528497aa1f3,854778689611649472,_EOPKG_TC-UN-f1-5-penalty3l-55_loan_v1_v5_simulated_GATv2,_EOPKG_TC-UN-f1-5-penalty3l,55,train_grad_norm_struct_xattn,0,1780859162185,0.0
learn,EOPKG,EOPKGTopologyConditioned,b8f6130db97f4f28b27d4528497aa1f3,854778689611649472,_EOPKG_TC-UN-f1-5-penalty3l-55_loan_v1_v5_simulated_GATv2,_EOPKG_TC-UN-f1-5-penalty3l,55,train_grad_norm_struct_xattn,0,1780859406798,0.0
learn,EOPKG,EOPKGTopologyConditioned,b8f6130db97f4f28b27d4528497aa1f3,854778689611649472,_EOPKG_TC-UN-f1-5-penalty3l-55_loan_v1_v5_simulated_GATv2,_EOPKG_TC-UN-f1-5-penalty3l,55,train_grad_norm_struct_xattn,0,1780859406798,0.0
learn,EOPKG,EOPKGTopologyConditioned,b8f6130db97f4f28b27d4528497aa1f3,854778689611649472,_EOPKG_TC-UN-f1-5-penalty3l-55_loan_v1_v5_simulated_GATv2,_EOPKG_TC-UN-f1-5-penalty3l,55,train_grad_norm_struct_xattn,0,1780859654525,0.0
learn,EOPKG,EOPKGTopologyConditioned,b8f6130db97f4f28b27d4528497aa1f3,854778689611649472,_EOPKG_TC-UN-f1-5-penalty3l-55_loan_v1_v5_simulated_GATv2,_EOPKG_TC-UN-f1-5-penalty3l,55,train_grad_norm_struct_xattn,0,1780859654525,0.0
learn,EOPKG,EOPKGTopologyConditioned,b8f6130db97f4f28b27d4528497aa1f3,854778689611649472,_EOPKG_TC-UN-f1-5-penalty3l-55_loan_v1_v5_simulated_GATv2,_EOPKG_TC-UN-f1-5-penalty3l,55,train_grad_norm_struct_xattn,0,1780859899461,0.0
learn,EOPKG,EOPKGTopologyConditioned,b8f6130db97f4f28b27d4528497aa1f3,854778689611649472,_EOPKG_TC-UN-f1-5-penalty3l-55_loan_v1_v5_simulated_GATv2,_EOPKG_TC-UN-f1-5-penalty3l,55,train_grad_norm_struct_xattn,0,1780859899461,0.0
learn,EOPKG,EOPKGTopologyConditioned,b8f6130db97f4f28b27d4528497aa1f3,854778689611649472,_EOPKG_TC-UN-f1-5-penalty3l-55_loan_v1_v5_simulated_GATv2,_EOPKG_TC-UN-f1-5-penalty3l,55,train_grad_norm_struct_xattn,0,1780860153106,0.0
learn,EOPKG,EOPKGTopologyConditioned,b8f6130db97f4f28b27d4528497aa1f3,854778689611649472,_EOPKG_TC-UN-f1-5-penalty3l-55_loan_v1_v5_simulated_GATv2,_EOPKG_TC-UN-f1-5-penalty3l,55,train_grad_norm_struct_xattn,0,1780860153106,0.0
learn,EOPKG,EOPKGTopologyConditioned,b8f6130db97f4f28b27d4528497aa1f3,854778689611649472,_EOPKG_TC-UN-f1-5-penalty3l-55_loan_v1_v5_simulated_GATv2,_EOPKG_TC-UN-f1-5-penalty3l,55,train_grad_norm_struct_xattn,0,1780860619840,0.0
learn,EOPKG,EOPKGTopologyConditioned,b8f6130db97f4f28b27d4528497aa1f3,854778689611649472,_EOPKG_TC-UN-f1-5-penalty3l-55_loan_v1_v5_simulated_GATv2,_EOPKG_TC-UN-f1-5-penalty3l,55,train_grad_norm_struct_xattn,0,1780860619840,0.0
learn,EOPKG,EOPKGTopologyConditioned,b8f6130db97f4f28b27d4528497aa1f3,854778689611649472,_EOPKG_TC-UN-f1-5-penalty3l-55_loan_v1_v5_simulated_GATv2,_EOPKG_TC-UN-f1-5-penalty3l,55,train_grad_norm_struct_xattn,0,1780860986242,0.0
learn,EOPKG,EOPKGTopologyConditioned,b8f6130db97f4f28b27d4528497aa1f3,854778689611649472,_EOPKG_TC-UN-f1-5-penalty3l-55_loan_v1_v5_simulated_GATv2,_EOPKG_TC-UN-f1-5-penalty3l,55,train_grad_norm_struct_xattn,0,1780860986242,0.0
learn,EOPKG,EOPKGTopologyConditioned,b8f6130db97f4f28b27d4528497aa1f3,854778689611649472,_EOPKG_TC-UN-f1-5-penalty3l-55_loan_v1_v5_simulated_GATv2,_EOPKG_TC-UN-f1-5-penalty3l,55,train_grad_norm_struct_xattn,0,1780861493909,0.0
learn,EOPKG,EOPKGTopologyConditioned,b8f6130db97f4f28b27d4528497aa1f3,854778689611649472,_EOPKG_TC-UN-f1-5-penalty3l-55_loan_v1_v5_simulated_GATv2,_EOPKG_TC-UN-f1-5-penalty3l,55,train_grad_norm_struct_xattn,0,1780861493909,0.0
learn,EOPKG,EOPKGTopologyConditioned,b8f6130db97f4f28b27d4528497aa1f3,854778689611649472,_EOPKG_TC-UN-f1-5-penalty3l-55_loan_v1_v5_simulated_GATv2,_EOPKG_TC-UN-f1-5-penalty3l,55,train_grad_norm_struct_xattn,0,1780861918988,0.0
learn,EOPKG,EOPKGTopologyConditioned,b8f6130db97f4f28b27d4528497aa1f3,854778689611649472,_EOPKG_TC-UN-f1-5-penalty3l-55_loan_v1_v5_simulated_GATv2,_EOPKG_TC-UN-f1-5-penalty3l,55,train_grad_norm_struct_xattn,0,1780861918988,0.0
learn,EOPKG,EOPKGTopologyConditioned,b8f6130db97f4f28b27d4528497aa1f3,854778689611649472,_EOPKG_TC-UN-f1-5-penalty3l-55_loan_v1_v5_simulated_GATv2,_EOPKG_TC-UN-f1-5-penalty3l,55,train_grad_norm_struct_xattn,0,1780862421680,0.0
learn,EOPKG,EOPKGTopologyConditioned,b8f6130db97f4f28b27d4528497aa1f3,854778689611649472,_EOPKG_TC-UN-f1-5-penalty3l-55_loan_v1_v5_simulated_GATv2,_EOPKG_TC-UN-f1-5-penalty3l,55,train_grad_norm_struct_xattn,0,1780862421680,0.0
learn,EOPKG,EOPKGTopologyConditioned,b8f6130db97f4f28b27d4528497aa1f3,854778689611649472,_EOPKG_TC-UN-f1-5-penalty3l-55_loan_v1_v5_simulated_GATv2,_EOPKG_TC-UN-f1-5-penalty3l,55,train_grad_norm_struct_xattn,0,1780862893587,0.0
learn,EOPKG,EOPKGTopologyConditioned,b8f6130db97f4f28b27d4528497aa1f3,854778689611649472,_EOPKG_TC-UN-f1-5-penalty3l-55_loan_v1_v5_simulated_GATv2,_EOPKG_TC-UN-f1-5-penalty3l,55,train_grad_norm_struct_xattn,0,1780862893587,0.0
learn,EOPKG,EOPKGTopologyConditioned,c9399e3109674246bfa4894487904d27,854778689611649472,_EOPKG_TC-UN-f1-5-penalty3l-99_loan_v1_v5_simulated_GATv2,_EOPKG_TC-UN-f1-5-penalty3l,99,train_grad_norm_struct_xattn,0,1781381277670,0.0
learn,EOPKG,EOPKGTopologyConditioned,c9399e3109674246bfa4894487904d27,854778689611649472,_EOPKG_TC-UN-f1-5-penalty3l-99_loan_v1_v5_simulated_GATv2,_EOPKG_TC-UN-f1-5-penalty3l,99,train_grad_norm_struct_xattn,0,1781381277670,0.0
learn,EOPKG,EOPKGTopologyConditioned,c9399e3109674246bfa4894487904d27,854778689611649472,_EOPKG_TC-UN-f1-5-penalty3l-99_loan_v1_v5_simulated_GATv2,_EOPKG_TC-UN-f1-5-penalty3l,99,train_grad_norm_struct_xattn,0,1781381541407,0.0
learn,EOPKG,EOPKGTopologyConditioned,c9399e3109674246bfa4894487904d27,854778689611649472,_EOPKG_TC-UN-f1-5-penalty3l-99_loan_v1_v5_simulated_GATv2,_EOPKG_TC-UN-f1-5-penalty3l,99,train_grad_norm_struct_xattn,0,1781381541407,0.0
learn,EOPKG,EOPKGTopologyConditioned,c9399e3109674246bfa4894487904d27,854778689611649472,_EOPKG_TC-UN-f1-5-penalty3l-99_loan_v1_v5_simulated_GATv2,_EOPKG_TC-UN-f1-5-penalty3l,99,train_grad_norm_struct_xattn,0,1781381798084,0.0
learn,EOPKG,EOPKGTopologyConditioned,c9399e3109674246bfa4894487904d27,854778689611649472,_EOPKG_TC-UN-f1-5-penalty3l-99_loan_v1_v5_simulated_GATv2,_EOPKG_TC-UN-f1-5-penalty3l,99,train_grad_norm_struct_xattn,0,1781381798084,0.0
learn,EOPKG,EOPKGTopologyConditioned,c9399e3109674246bfa4894487904d27,854778689611649472,_EOPKG_TC-UN-f1-5-penalty3l-99_loan_v1_v5_simulated_GATv2,_EOPKG_TC-UN-f1-5-penalty3l,99,train_grad_norm_struct_xattn,0,1781382053107,0.0
learn,EOPKG,EOPKGTopologyConditioned,c9399e3109674246bfa4894487904d27,854778689611649472,_EOPKG_TC-UN-f1-5-penalty3l-99_loan_v1_v5_simulated_GATv2,_EOPKG_TC-UN-f1-5-penalty3l,99,train_grad_norm_struct_xattn,0,1781382053107,0.0
learn,EOPKG,EOPKGTopologyConditioned,c9399e3109674246bfa4894487904d27,854778689611649472,_EOPKG_TC-UN-f1-5-penalty3l-99_loan_v1_v5_simulated_GATv2,_EOPKG_TC-UN-f1-5-penalty3l,99,train_grad_norm_struct_xattn,0,1781382311950,0.0
learn,EOPKG,EOPKGTopologyConditioned,c9399e3109674246bfa4894487904d27,854778689611649472,_EOPKG_TC-UN-f1-5-penalty3l-99_loan_v1_v5_simulated_GATv2,_EOPKG_TC-UN-f1-5-penalty3l,99,train_grad_norm_struct_xattn,0,1781382311950,0.0
learn,EOPKG,EOPKGTopologyConditioned,c9399e3109674246bfa4894487904d27,854778689611649472,_EOPKG_TC-UN-f1-5-penalty3l-99_loan_v1_v5_simulated_GATv2,_EOPKG_TC-UN-f1-5-penalty3l,99,train_grad_norm_struct_xattn,0,1781382568262,0.0
learn,EOPKG,EOPKGTopologyConditioned,c9399e3109674246bfa4894487904d27,854778689611649472,_EOPKG_TC-UN-f1-5-penalty3l-99_loan_v1_v5_simulated_GATv2,_EOPKG_TC-UN-f1-5-penalty3l,99,train_grad_norm_struct_xattn,0,1781382568262,0.0
learn,EOPKG,EOPKGTopologyConditioned,c9399e3109674246bfa4894487904d27,854778689611649472,_EOPKG_TC-UN-f1-5-penalty3l-99_loan_v1_v5_simulated_GATv2,_EOPKG_TC-UN-f1-5-penalty3l,99,train_grad_norm_struct_xattn,0,1781382829023,0.0
learn,EOPKG,EOPKGTopologyConditioned,c9399e3109674246bfa4894487904d27,854778689611649472,_EOPKG_TC-UN-f1-5-penalty3l-99_loan_v1_v5_simulated_GATv2,_EOPKG_TC-UN-f1-5-penalty3l,99,train_grad_norm_struct_xattn,0,1781382829023,0.0
learn,EOPKG,EOPKGTopologyConditioned,c9399e3109674246bfa4894487904d27,854778689611649472,_EOPKG_TC-UN-f1-5-penalty3l-99_loan_v1_v5_simulated_GATv2,_EOPKG_TC-UN-f1-5-penalty3l,99,train_grad_norm_struct_xattn,0,1781383085305,0.0
learn,EOPKG,EOPKGTopologyConditioned,c9399e3109674246bfa4894487904d27,854778689611649472,_EOPKG_TC-UN-f1-5-penalty3l-99_loan_v1_v5_simulated_GATv2,_EOPKG_TC-UN-f1-5-penalty3l,99,train_grad_norm_struct_xattn,0,1781383085305,0.0
learn,EOPKG,EOPKGTopologyConditioned,c9399e3109674246bfa4894487904d27,854778689611649472,_EOPKG_TC-UN-f1-5-penalty3l-99_loan_v1_v5_simulated_GATv2,_EOPKG_TC-UN-f1-5-penalty3l,99,train_grad_norm_struct_xattn,0,1781383341767,0.0
learn,EOPKG,EOPKGTopologyConditioned,c9399e3109674246bfa4894487904d27,854778689611649472,_EOPKG_TC-UN-f1-5-penalty3l-99_loan_v1_v5_simulated_GATv2,_EOPKG_TC-UN-f1-5-penalty3l,99,train_grad_norm_struct_xattn,0,1781383341767,0.0
learn,EOPKG,EOPKGTopologyConditioned,c9399e3109674246bfa4894487904d27,854778689611649472,_EOPKG_TC-UN-f1-5-penalty3l-99_loan_v1_v5_simulated_GATv2,_EOPKG_TC-UN-f1-5-penalty3l,99,train_grad_norm_struct_xattn,0,1781383598700,0.0
learn,EOPKG,EOPKGTopologyConditioned,c9399e3109674246bfa4894487904d27,854778689611649472,_EOPKG_TC-UN-f1-5-penalty3l-99_loan_v1_v5_simulated_GATv2,_EOPKG_TC-UN-f1-5-penalty3l,99,train_grad_norm_struct_xattn,0,1781383598700,0.0
learn,EOPKG,EOPKGTopologyConditioned,c9399e3109674246bfa4894487904d27,854778689611649472,_EOPKG_TC-UN-f1-5-penalty3l-99_loan_v1_v5_simulated_GATv2,_EOPKG_TC-UN-f1-5-penalty3l,99,train_grad_norm_struct_xattn,0,1781383855874,0.0
learn,EOPKG,EOPKGTopologyConditioned,c9399e3109674246bfa4894487904d27,854778689611649472,_EOPKG_TC-UN-f1-5-penalty3l-99_loan_v1_v5_simulated_GATv2,_EOPKG_TC-UN-f1-5-penalty3l,99,train_grad_norm_struct_xattn,0,1781383855874,0.0
learn,EOPKG,EOPKGTopologyConditioned,c9399e3109674246bfa4894487904d27,854778689611649472,_EOPKG_TC-UN-f1-5-penalty3l-99_loan_v1_v5_simulated_GATv2,_EOPKG_TC-UN-f1-5-penalty3l,99,train_grad_norm_struct_xattn,0,1781384114821,0.0
learn,EOPKG,EOPKGTopologyConditioned,c9399e3109674246bfa4894487904d27,854778689611649472,_EOPKG_TC-UN-f1-5-penalty3l-99_loan_v1_v5_simulated_GATv2,_EOPKG_TC-UN-f1-5-penalty3l,99,train_grad_norm_struct_xattn,0,1781384114821,0.0
learn,EOPKG,EOPKGTopologyConditioned,c9399e3109674246bfa4894487904d27,854778689611649472,_EOPKG_TC-UN-f1-5-penalty3l-99_loan_v1_v5_simulated_GATv2,_EOPKG_TC-UN-f1-5-penalty3l,99,train_grad_norm_struct_xattn,0,1781384370081,0.0
learn,EOPKG,EOPKGTopologyConditioned,c9399e3109674246bfa4894487904d27,854778689611649472,_EOPKG_TC-UN-f1-5-penalty3l-99_loan_v1_v5_simulated_GATv2,_EOPKG_TC-UN-f1-5-penalty3l,99,train_grad_norm_struct_xattn,0,1781384370081,0.0
learn,EOPKG,EOPKGTopologyConditioned,c9399e3109674246bfa4894487904d27,854778689611649472,_EOPKG_TC-UN-f1-5-penalty3l-99_loan_v1_v5_simulated_GATv2,_EOPKG_TC-UN-f1-5-penalty3l,99,train_grad_norm_struct_xattn,0,1781384625727,0.0
learn,EOPKG,EOPKGTopologyConditioned,c9399e3109674246bfa4894487904d27,854778689611649472,_EOPKG_TC-UN-f1-5-penalty3l-99_loan_v1_v5_simulated_GATv2,_EOPKG_TC-UN-f1-5-penalty3l,99,train_grad_norm_struct_xattn,0,1781384625727,0.0
learn,EOPKG,EOPKGTopologyConditioned,c9399e3109674246bfa4894487904d27,854778689611649472,_EOPKG_TC-UN-f1-5-penalty3l-99_loan_v1_v5_simulated_GATv2,_EOPKG_TC-UN-f1-5-penalty3l,99,train_grad_norm_struct_xattn,0,1781384881388,0.0
learn,EOPKG,EOPKGTopologyConditioned,c9399e3109674246bfa4894487904d27,854778689611649472,_EOPKG_TC-UN-f1-5-penalty3l-99_loan_v1_v5_simulated_GATv2,_EOPKG_TC-UN-f1-5-penalty3l,99,train_grad_norm_struct_xattn,0,1781384881388,0.0
learn,EOPKG,EOPKGTopologyConditioned,c9399e3109674246bfa4894487904d27,854778689611649472,_EOPKG_TC-UN-f1-5-penalty3l-99_loan_v1_v5_simulated_GATv2,_EOPKG_TC-UN-f1-5-penalty3l,99,train_grad_norm_struct_xattn,0,1781385136249,0.0
learn,EOPKG,EOPKGTopologyConditioned,c9399e3109674246bfa4894487904d27,854778689611649472,_EOPKG_TC-UN-f1-5-penalty3l-99_loan_v1_v5_simulated_GATv2,_EOPKG_TC-UN-f1-5-penalty3l,99,train_grad_norm_struct_xattn,0,1781385136249,0.0
learn,EOPKG,EOPKGTopologyConditioned,c9399e3109674246bfa4894487904d27,854778689611649472,_EOPKG_TC-UN-f1-5-penalty3l-99_loan_v1_v5_simulated_GATv2,_EOPKG_TC-UN-f1-5-penalty3l,99,train_grad_norm_struct_xattn,0,1781385390915,0.0
learn,EOPKG,EOPKGTopologyConditioned,c9399e3109674246bfa4894487904d27,854778689611649472,_EOPKG_TC-UN-f1-5-penalty3l-99_loan_v1_v5_simulated_GATv2,_EOPKG_TC-UN-f1-5-penalty3l,99,train_grad_norm_struct_xattn,0,1781385390915,0.0
learn,EOPKG,EOPKGTopologyConditioned,c9399e3109674246bfa4894487904d27,854778689611649472,_EOPKG_TC-UN-f1-5-penalty3l-99_loan_v1_v5_simulated_GATv2,_EOPKG_TC-UN-f1-5-penalty3l,99,train_grad_norm_struct_xattn,0,1781385645844,0.0
learn,EOPKG,EOPKGTopologyConditioned,c9399e3109674246bfa4894487904d27,854778689611649472,_EOPKG_TC-UN-f1-5-penalty3l-99_loan_v1_v5_simulated_GATv2,_EOPKG_TC-UN-f1-5-penalty3l,99,train_grad_norm_struct_xattn,0,1781385645844,0.0
learn,EOPKG,EOPKGTopologyConditioned,c9399e3109674246bfa4894487904d27,854778689611649472,_EOPKG_TC-UN-f1-5-penalty3l-99_loan_v1_v5_simulated_GATv2,_EOPKG_TC-UN-f1-5-penalty3l,99,train_grad_norm_struct_xattn,0,1781385907405,0.0
learn,EOPKG,EOPKGTopologyConditioned,c9399e3109674246bfa4894487904d27,854778689611649472,_EOPKG_TC-UN-f1-5-penalty3l-99_loan_v1_v5_simulated_GATv2,_EOPKG_TC-UN-f1-5-penalty3l,99,train_grad_norm_struct_xattn,0,1781385907405,0.0
learn,EOPKG,EOPKGTopologyConditioned,c9399e3109674246bfa4894487904d27,854778689611649472,_EOPKG_TC-UN-f1-5-penalty3l-99_loan_v1_v5_simulated_GATv2,_EOPKG_TC-UN-f1-5-penalty3l,99,train_grad_norm_struct_xattn,0,1781386163166,0.0
learn,EOPKG,EOPKGTopologyConditioned,c9399e3109674246bfa4894487904d27,854778689611649472,_EOPKG_TC-UN-f1-5-penalty3l-99_loan_v1_v5_simulated_GATv2,_EOPKG_TC-UN-f1-5-penalty3l,99,train_grad_norm_struct_xattn,0,1781386163166,0.0
learn,EOPKG,EOPKGTopologyConditioned,c9399e3109674246bfa4894487904d27,854778689611649472,_EOPKG_TC-UN-f1-5-penalty3l-99_loan_v1_v5_simulated_GATv2,_EOPKG_TC-UN-f1-5-penalty3l,99,train_grad_norm_struct_xattn,0,1781386418438,0.0
learn,EOPKG,EOPKGTopologyConditioned,c9399e3109674246bfa4894487904d27,854778689611649472,_EOPKG_TC-UN-f1-5-penalty3l-99_loan_v1_v5_simulated_GATv2,_EOPKG_TC-UN-f1-5-penalty3l,99,train_grad_norm_struct_xattn,0,1781386418438,0.0
learn,EOPKG,EOPKGTopologyConditioned,c9399e3109674246bfa4894487904d27,854778689611649472,_EOPKG_TC-UN-f1-5-penalty3l-99_loan_v1_v5_simulated_GATv2,_EOPKG_TC-UN-f1-5-penalty3l,99,train_grad_norm_struct_xattn,0,1781386673205,0.0
learn,EOPKG,EOPKGTopologyConditioned,c9399e3109674246bfa4894487904d27,854778689611649472,_EOPKG_TC-UN-f1-5-penalty3l-99_loan_v1_v5_simulated_GATv2,_EOPKG_TC-UN-f1-5-penalty3l,99,train_grad_norm_struct_xattn,0,1781386673205,0.0
learn,EOPKG,EOPKGTopologyConditioned,c9399e3109674246bfa4894487904d27,854778689611649472,_EOPKG_TC-UN-f1-5-penalty3l-99_loan_v1_v5_simulated_GATv2,_EOPKG_TC-UN-f1-5-penalty3l,99,train_grad_norm_struct_xattn,0,1781386929139,0.0
learn,EOPKG,EOPKGTopologyConditioned,c9399e3109674246bfa4894487904d27,854778689611649472,_EOPKG_TC-UN-f1-5-penalty3l-99_loan_v1_v5_simulated_GATv2,_EOPKG_TC-UN-f1-5-penalty3l,99,train_grad_norm_struct_xattn,0,1781386929139,0.0
learn,EOPKG,EOPKGTopologyConditioned,c9399e3109674246bfa4894487904d27,854778689611649472,_EOPKG_TC-UN-f1-5-penalty3l-99_loan_v1_v5_simulated_GATv2,_EOPKG_TC-UN-f1-5-penalty3l,99,train_grad_norm_struct_xattn,0,1781387185449,0.0
learn,EOPKG,EOPKGTopologyConditioned,c9399e3109674246bfa4894487904d27,854778689611649472,_EOPKG_TC-UN-f1-5-penalty3l-99_loan_v1_v5_simulated_GATv2,_EOPKG_TC-UN-f1-5-penalty3l,99,train_grad_norm_struct_xattn,0,1781387185449,0.0
learn,EOPKG,EOPKGTopologyConditioned,c9399e3109674246bfa4894487904d27,854778689611649472,_EOPKG_TC-UN-f1-5-penalty3l-99_loan_v1_v5_simulated_GATv2,_EOPKG_TC-UN-f1-5-penalty3l,99,train_grad_norm_struct_xattn,0,1781387442114,0.0
learn,EOPKG,EOPKGTopologyConditioned,c9399e3109674246bfa4894487904d27,854778689611649472,_EOPKG_TC-UN-f1-5-penalty3l-99_loan_v1_v5_simulated_GATv2,_EOPKG_TC-UN-f1-5-penalty3l,99,train_grad_norm_struct_xattn,0,1781387442114,0.0
learn,EOPKG,EOPKGTopologyConditioned,c9399e3109674246bfa4894487904d27,854778689611649472,_EOPKG_TC-UN-f1-5-penalty3l-99_loan_v1_v5_simulated_GATv2,_EOPKG_TC-UN-f1-5-penalty3l,99,train_grad_norm_struct_xattn,0,1781387697942,0.0
learn,EOPKG,EOPKGTopologyConditioned,c9399e3109674246bfa4894487904d27,854778689611649472,_EOPKG_TC-UN-f1-5-penalty3l-99_loan_v1_v5_simulated_GATv2,_EOPKG_TC-UN-f1-5-penalty3l,99,train_grad_norm_struct_xattn,0,1781387697942,0.0
learn,EOPKG,EOPKGTopologyConditioned,c9399e3109674246bfa4894487904d27,854778689611649472,_EOPKG_TC-UN-f1-5-penalty3l-99_loan_v1_v5_simulated_GATv2,_EOPKG_TC-UN-f1-5-penalty3l,99,train_grad_norm_struct_xattn,0,1781387955563,0.0
learn,EOPKG,EOPKGTopologyConditioned,c9399e3109674246bfa4894487904d27,854778689611649472,_EOPKG_TC-UN-f1-5-penalty3l-99_loan_v1_v5_simulated_GATv2,_EOPKG_TC-UN-f1-5-penalty3l,99,train_grad_norm_struct_xattn,0,1781387955563,0.0
learn,EOPKG,EOPKGTopologyConditioned,c9399e3109674246bfa4894487904d27,854778689611649472,_EOPKG_TC-UN-f1-5-penalty3l-99_loan_v1_v5_simulated_GATv2,_EOPKG_TC-UN-f1-5-penalty3l,99,train_grad_norm_struct_xattn,0,1781388213941,0.0
learn,EOPKG,EOPKGTopologyConditioned,c9399e3109674246bfa4894487904d27,854778689611649472,_EOPKG_TC-UN-f1-5-penalty3l-99_loan_v1_v5_simulated_GATv2,_EOPKG_TC-UN-f1-5-penalty3l,99,train_grad_norm_struct_xattn,0,1781388213941,0.0
learn,EOPKG,EOPKGTopologyConditioned,c9399e3109674246bfa4894487904d27,854778689611649472,_EOPKG_TC-UN-f1-5-penalty3l-99_loan_v1_v5_simulated_GATv2,_EOPKG_TC-UN-f1-5-penalty3l,99,train_grad_norm_struct_xattn,0,1781388469486,0.0
learn,EOPKG,EOPKGTopologyConditioned,c9399e3109674246bfa4894487904d27,854778689611649472,_EOPKG_TC-UN-f1-5-penalty3l-99_loan_v1_v5_simulated_GATv2,_EOPKG_TC-UN-f1-5-penalty3l,99,train_grad_norm_struct_xattn,0,1781388469486,0.0
learn,EOPKG,EOPKGTopologyConditioned,c9399e3109674246bfa4894487904d27,854778689611649472,_EOPKG_TC-UN-f1-5-penalty3l-99_loan_v1_v5_simulated_GATv2,_EOPKG_TC-UN-f1-5-penalty3l,99,train_grad_norm_struct_xattn,0,1781388724909,0.0
learn,EOPKG,EOPKGTopologyConditioned,c9399e3109674246bfa4894487904d27,854778689611649472,_EOPKG_TC-UN-f1-5-penalty3l-99_loan_v1_v5_simulated_GATv2,_EOPKG_TC-UN-f1-5-penalty3l,99,train_grad_norm_struct_xattn,0,1781388724909,0.0
learn,EOPKG,EOPKGTopologyConditioned,c9399e3109674246bfa4894487904d27,854778689611649472,_EOPKG_TC-UN-f1-5-penalty3l-99_loan_v1_v5_simulated_GATv2,_EOPKG_TC-UN-f1-5-penalty3l,99,train_grad_norm_struct_xattn,0,1781388980599,0.0
learn,EOPKG,EOPKGTopologyConditioned,c9399e3109674246bfa4894487904d27,854778689611649472,_EOPKG_TC-UN-f1-5-penalty3l-99_loan_v1_v5_simulated_GATv2,_EOPKG_TC-UN-f1-5-penalty3l,99,train_grad_norm_struct_xattn,0,1781388980599,0.0
learn,EOPKG,EOPKGTopologyConditioned,c9399e3109674246bfa4894487904d27,854778689611649472,_EOPKG_TC-UN-f1-5-penalty3l-99_loan_v1_v5_simulated_GATv2,_EOPKG_TC-UN-f1-5-penalty3l,99,train_grad_norm_struct_xattn,0,1781389236052,0.0
learn,EOPKG,EOPKGTopologyConditioned,c9399e3109674246bfa4894487904d27,854778689611649472,_EOPKG_TC-UN-f1-5-penalty3l-99_loan_v1_v5_simulated_GATv2,_EOPKG_TC-UN-f1-5-penalty3l,99,train_grad_norm_struct_xattn,0,1781389236052,0.0
learn,EOPKG,EOPKGTopologyConditioned,c9399e3109674246bfa4894487904d27,854778689611649472,_EOPKG_TC-UN-f1-5-penalty3l-99_loan_v1_v5_simulated_GATv2,_EOPKG_TC-UN-f1-5-penalty3l,99,train_grad_norm_struct_xattn,0,1781389493028,0.0
learn,EOPKG,EOPKGTopologyConditioned,c9399e3109674246bfa4894487904d27,854778689611649472,_EOPKG_TC-UN-f1-5-penalty3l-99_loan_v1_v5_simulated_GATv2,_EOPKG_TC-UN-f1-5-penalty3l,99,train_grad_norm_struct_xattn,0,1781389493028,0.0
learn,EOPKG,EOPKGTopologyConditioned,c9399e3109674246bfa4894487904d27,854778689611649472,_EOPKG_TC-UN-f1-5-penalty3l-99_loan_v1_v5_simulated_GATv2,_EOPKG_TC-UN-f1-5-penalty3l,99,train_grad_norm_struct_xattn,0,1781389748610,0.0
learn,EOPKG,EOPKGTopologyConditioned,c9399e3109674246bfa4894487904d27,854778689611649472,_EOPKG_TC-UN-f1-5-penalty3l-99_loan_v1_v5_simulated_GATv2,_EOPKG_TC-UN-f1-5-penalty3l,99,train_grad_norm_struct_xattn,0,1781389748610,0.0
learn,EOPKG,EOPKGTopologyConditioned,c9399e3109674246bfa4894487904d27,854778689611649472,_EOPKG_TC-UN-f1-5-penalty3l-99_loan_v1_v5_simulated_GATv2,_EOPKG_TC-UN-f1-5-penalty3l,99,train_grad_norm_struct_xattn,0,1781390007403,0.0
learn,EOPKG,EOPKGTopologyConditioned,c9399e3109674246bfa4894487904d27,854778689611649472,_EOPKG_TC-UN-f1-5-penalty3l-99_loan_v1_v5_simulated_GATv2,_EOPKG_TC-UN-f1-5-penalty3l,99,train_grad_norm_struct_xattn,0,1781390007403,0.0
learn,EOPKG,EOPKGTopologyConditioned,c9399e3109674246bfa4894487904d27,854778689611649472,_EOPKG_TC-UN-f1-5-penalty3l-99_loan_v1_v5_simulated_GATv2,_EOPKG_TC-UN-f1-5-penalty3l,99,train_grad_norm_struct_xattn,0,1781390265299,0.0
learn,EOPKG,EOPKGTopologyConditioned,c9399e3109674246bfa4894487904d27,854778689611649472,_EOPKG_TC-UN-f1-5-penalty3l-99_loan_v1_v5_simulated_GATv2,_EOPKG_TC-UN-f1-5-penalty3l,99,train_grad_norm_struct_xattn,0,1781390265299,0.0
learn,EOPKG,EOPKGTopologyConditioned,c9399e3109674246bfa4894487904d27,854778689611649472,_EOPKG_TC-UN-f1-5-penalty3l-99_loan_v1_v5_simulated_GATv2,_EOPKG_TC-UN-f1-5-penalty3l,99,train_grad_norm_struct_xattn,0,1781390521551,0.0
learn,EOPKG,EOPKGTopologyConditioned,c9399e3109674246bfa4894487904d27,854778689611649472,_EOPKG_TC-UN-f1-5-penalty3l-99_loan_v1_v5_simulated_GATv2,_EOPKG_TC-UN-f1-5-penalty3l,99,train_grad_norm_struct_xattn,0,1781390521551,0.0
learn,EOPKG,EOPKGTopologyConditioned,c9399e3109674246bfa4894487904d27,854778689611649472,_EOPKG_TC-UN-f1-5-penalty3l-99_loan_v1_v5_simulated_GATv2,_EOPKG_TC-UN-f1-5-penalty3l,99,train_grad_norm_struct_xattn,0,1781390778536,0.0
learn,EOPKG,EOPKGTopologyConditioned,c9399e3109674246bfa4894487904d27,854778689611649472,_EOPKG_TC-UN-f1-5-penalty3l-99_loan_v1_v5_simulated_GATv2,_EOPKG_TC-UN-f1-5-penalty3l,99,train_grad_norm_struct_xattn,0,1781390778536,0.0
learn,EOPKG,EOPKGTopologyConditioned,c9399e3109674246bfa4894487904d27,854778689611649472,_EOPKG_TC-UN-f1-5-penalty3l-99_loan_v1_v5_simulated_GATv2,_EOPKG_TC-UN-f1-5-penalty3l,99,train_grad_norm_struct_xattn,0,1781391033891,0.0
learn,EOPKG,EOPKGTopologyConditioned,c9399e3109674246bfa4894487904d27,854778689611649472,_EOPKG_TC-UN-f1-5-penalty3l-99_loan_v1_v5_simulated_GATv2,_EOPKG_TC-UN-f1-5-penalty3l,99,train_grad_norm_struct_xattn,0,1781391033891,0.0
learn,EOPKG,EOPKGTopologyConditioned,ebdfb988ea654392a4a4fc270f9e7c71,854778689611649472,_EOPKG_TC-UN-f1-5-penalty3l-67_loan_v1_v5_simulated_GATv2,_EOPKG_TC-UN-f1-5-penalty3l,67,train_grad_norm_struct_xattn,0,1780673123446,0.0
learn,EOPKG,EOPKGTopologyConditioned,ebdfb988ea654392a4a4fc270f9e7c71,854778689611649472,_EOPKG_TC-UN-f1-5-penalty3l-67_loan_v1_v5_simulated_GATv2,_EOPKG_TC-UN-f1-5-penalty3l,67,train_grad_norm_struct_xattn,0,1780673123446,0.0
learn,EOPKG,EOPKGTopologyConditioned,ebdfb988ea654392a4a4fc270f9e7c71,854778689611649472,_EOPKG_TC-UN-f1-5-penalty3l-67_loan_v1_v5_simulated_GATv2,_EOPKG_TC-UN-f1-5-penalty3l,67,train_grad_norm_struct_xattn,0,1780673642317,0.0
learn,EOPKG,EOPKGTopologyConditioned,ebdfb988ea654392a4a4fc270f9e7c71,854778689611649472,_EOPKG_TC-UN-f1-5-penalty3l-67_loan_v1_v5_simulated_GATv2,_EOPKG_TC-UN-f1-5-penalty3l,67,train_grad_norm_struct_xattn,0,1780673642317,0.0
learn,EOPKG,EOPKGTopologyConditioned,ebdfb988ea654392a4a4fc270f9e7c71,854778689611649472,_EOPKG_TC-UN-f1-5-penalty3l-67_loan_v1_v5_simulated_GATv2,_EOPKG_TC-UN-f1-5-penalty3l,67,train_grad_norm_struct_xattn,0,1780674006716,0.0
learn,EOPKG,EOPKGTopologyConditioned,ebdfb988ea654392a4a4fc270f9e7c71,854778689611649472,_EOPKG_TC-UN-f1-5-penalty3l-67_loan_v1_v5_simulated_GATv2,_EOPKG_TC-UN-f1-5-penalty3l,67,train_grad_norm_struct_xattn,0,1780674006716,0.0
learn,EOPKG,EOPKGTopologyConditioned,ebdfb988ea654392a4a4fc270f9e7c71,854778689611649472,_EOPKG_TC-UN-f1-5-penalty3l-67_loan_v1_v5_simulated_GATv2,_EOPKG_TC-UN-f1-5-penalty3l,67,train_grad_norm_struct_xattn,0,1780674282275,0.0
learn,EOPKG,EOPKGTopologyConditioned,ebdfb988ea654392a4a4fc270f9e7c71,854778689611649472,_EOPKG_TC-UN-f1-5-penalty3l-67_loan_v1_v5_simulated_GATv2,_EOPKG_TC-UN-f1-5-penalty3l,67,train_grad_norm_struct_xattn,0,1780674282275,0.0
learn,EOPKG,EOPKGTopologyConditioned,ebdfb988ea654392a4a4fc270f9e7c71,854778689611649472,_EOPKG_TC-UN-f1-5-penalty3l-67_loan_v1_v5_simulated_GATv2,_EOPKG_TC-UN-f1-5-penalty3l,67,train_grad_norm_struct_xattn,0,1780674537252,0.0
learn,EOPKG,EOPKGTopologyConditioned,ebdfb988ea654392a4a4fc270f9e7c71,854778689611649472,_EOPKG_TC-UN-f1-5-penalty3l-67_loan_v1_v5_simulated_GATv2,_EOPKG_TC-UN-f1-5-penalty3l,67,train_grad_norm_struct_xattn,0,1780674537252,0.0
learn,EOPKG,EOPKGTopologyConditioned,ebdfb988ea654392a4a4fc270f9e7c71,854778689611649472,_EOPKG_TC-UN-f1-5-penalty3l-67_loan_v1_v5_simulated_GATv2,_EOPKG_TC-UN-f1-5-penalty3l,67,train_grad_norm_struct_xattn,0,1780674827917,0.0
learn,EOPKG,EOPKGTopologyConditioned,ebdfb988ea654392a4a4fc270f9e7c71,854778689611649472,_EOPKG_TC-UN-f1-5-penalty3l-67_loan_v1_v5_simulated_GATv2,_EOPKG_TC-UN-f1-5-penalty3l,67,train_grad_norm_struct_xattn,0,1780674827917,0.0
learn,EOPKG,EOPKGTopologyConditioned,ebdfb988ea654392a4a4fc270f9e7c71,854778689611649472,_EOPKG_TC-UN-f1-5-penalty3l-67_loan_v1_v5_simulated_GATv2,_EOPKG_TC-UN-f1-5-penalty3l,67,train_grad_norm_struct_xattn,0,1780675233899,0.0
learn,EOPKG,EOPKGTopologyConditioned,ebdfb988ea654392a4a4fc270f9e7c71,854778689611649472,_EOPKG_TC-UN-f1-5-penalty3l-67_loan_v1_v5_simulated_GATv2,_EOPKG_TC-UN-f1-5-penalty3l,67,train_grad_norm_struct_xattn,0,1780675233899,0.0
learn,EOPKG,EOPKGTopologyConditioned,ebdfb988ea654392a4a4fc270f9e7c71,854778689611649472,_EOPKG_TC-UN-f1-5-penalty3l-67_loan_v1_v5_simulated_GATv2,_EOPKG_TC-UN-f1-5-penalty3l,67,train_grad_norm_struct_xattn,0,1780675627556,0.0
learn,EOPKG,EOPKGTopologyConditioned,ebdfb988ea654392a4a4fc270f9e7c71,854778689611649472,_EOPKG_TC-UN-f1-5-penalty3l-67_loan_v1_v5_simulated_GATv2,_EOPKG_TC-UN-f1-5-penalty3l,67,train_grad_norm_struct_xattn,0,1780675627556,0.0
learn,EOPKG,EOPKGTopologyConditioned,ebdfb988ea654392a4a4fc270f9e7c71,854778689611649472,_EOPKG_TC-UN-f1-5-penalty3l-67_loan_v1_v5_simulated_GATv2,_EOPKG_TC-UN-f1-5-penalty3l,67,train_grad_norm_struct_xattn,0,1780675965962,0.0
learn,EOPKG,EOPKGTopologyConditioned,ebdfb988ea654392a4a4fc270f9e7c71,854778689611649472,_EOPKG_TC-UN-f1-5-penalty3l-67_loan_v1_v5_simulated_GATv2,_EOPKG_TC-UN-f1-5-penalty3l,67,train_grad_norm_struct_xattn,0,1780675965962,0.0
learn,EOPKG,EOPKGTopologyConditioned,ebdfb988ea654392a4a4fc270f9e7c71,854778689611649472,_EOPKG_TC-UN-f1-5-penalty3l-67_loan_v1_v5_simulated_GATv2,_EOPKG_TC-UN-f1-5-penalty3l,67,train_grad_norm_struct_xattn,0,1780676238284,0.0
learn,EOPKG,EOPKGTopologyConditioned,ebdfb988ea654392a4a4fc270f9e7c71,854778689611649472,_EOPKG_TC-UN-f1-5-penalty3l-67_loan_v1_v5_simulated_GATv2,_EOPKG_TC-UN-f1-5-penalty3l,67,train_grad_norm_struct_xattn,0,1780676238284,0.0
learn,EOPKG,EOPKGTopologyConditioned,ebdfb988ea654392a4a4fc270f9e7c71,854778689611649472,_EOPKG_TC-UN-f1-5-penalty3l-67_loan_v1_v5_simulated_GATv2,_EOPKG_TC-UN-f1-5-penalty3l,67,train_grad_norm_struct_xattn,0,1780676499231,0.0
learn,EOPKG,EOPKGTopologyConditioned,ebdfb988ea654392a4a4fc270f9e7c71,854778689611649472,_EOPKG_TC-UN-f1-5-penalty3l-67_loan_v1_v5_simulated_GATv2,_EOPKG_TC-UN-f1-5-penalty3l,67,train_grad_norm_struct_xattn,0,1780676499231,0.0
learn,EOPKG,EOPKGTopologyConditioned,ebdfb988ea654392a4a4fc270f9e7c71,854778689611649472,_EOPKG_TC-UN-f1-5-penalty3l-67_loan_v1_v5_simulated_GATv2,_EOPKG_TC-UN-f1-5-penalty3l,67,train_grad_norm_struct_xattn,0,1780676759812,0.0
learn,EOPKG,EOPKGTopologyConditioned,ebdfb988ea654392a4a4fc270f9e7c71,854778689611649472,_EOPKG_TC-UN-f1-5-penalty3l-67_loan_v1_v5_simulated_GATv2,_EOPKG_TC-UN-f1-5-penalty3l,67,train_grad_norm_struct_xattn,0,1780676759812,0.0
learn,EOPKG,EOPKGTopologyConditioned,ebdfb988ea654392a4a4fc270f9e7c71,854778689611649472,_EOPKG_TC-UN-f1-5-penalty3l-67_loan_v1_v5_simulated_GATv2,_EOPKG_TC-UN-f1-5-penalty3l,67,train_grad_norm_struct_xattn,0,1780677038015,0.0
learn,EOPKG,EOPKGTopologyConditioned,ebdfb988ea654392a4a4fc270f9e7c71,854778689611649472,_EOPKG_TC-UN-f1-5-penalty3l-67_loan_v1_v5_simulated_GATv2,_EOPKG_TC-UN-f1-5-penalty3l,67,train_grad_norm_struct_xattn,0,1780677038015,0.0
learn,EOPKG,EOPKGTopologyConditioned,ebdfb988ea654392a4a4fc270f9e7c71,854778689611649472,_EOPKG_TC-UN-f1-5-penalty3l-67_loan_v1_v5_simulated_GATv2,_EOPKG_TC-UN-f1-5-penalty3l,67,train_grad_norm_struct_xattn,0,1780677365335,0.0
learn,EOPKG,EOPKGTopologyConditioned,ebdfb988ea654392a4a4fc270f9e7c71,854778689611649472,_EOPKG_TC-UN-f1-5-penalty3l-67_loan_v1_v5_simulated_GATv2,_EOPKG_TC-UN-f1-5-penalty3l,67,train_grad_norm_struct_xattn,0,1780677365335,0.0
learn,EOPKG,EOPKGTopologyConditioned,ebdfb988ea654392a4a4fc270f9e7c71,854778689611649472,_EOPKG_TC-UN-f1-5-penalty3l-67_loan_v1_v5_simulated_GATv2,_EOPKG_TC-UN-f1-5-penalty3l,67,train_grad_norm_struct_xattn,0,1780677746891,0.0
learn,EOPKG,EOPKGTopologyConditioned,ebdfb988ea654392a4a4fc270f9e7c71,854778689611649472,_EOPKG_TC-UN-f1-5-penalty3l-67_loan_v1_v5_simulated_GATv2,_EOPKG_TC-UN-f1-5-penalty3l,67,train_grad_norm_struct_xattn,0,1780677746891,0.0
learn,EOPKG,EOPKGTopologyConditioned,ebdfb988ea654392a4a4fc270f9e7c71,854778689611649472,_EOPKG_TC-UN-f1-5-penalty3l-67_loan_v1_v5_simulated_GATv2,_EOPKG_TC-UN-f1-5-penalty3l,67,train_grad_norm_struct_xattn,0,1780678062300,0.0
learn,EOPKG,EOPKGTopologyConditioned,ebdfb988ea654392a4a4fc270f9e7c71,854778689611649472,_EOPKG_TC-UN-f1-5-penalty3l-67_loan_v1_v5_simulated_GATv2,_EOPKG_TC-UN-f1-5-penalty3l,67,train_grad_norm_struct_xattn,0,1780678062300,0.0
learn,EOPKG,EOPKGTopologyConditioned,ebdfb988ea654392a4a4fc270f9e7c71,854778689611649472,_EOPKG_TC-UN-f1-5-penalty3l-67_loan_v1_v5_simulated_GATv2,_EOPKG_TC-UN-f1-5-penalty3l,67,train_grad_norm_struct_xattn,0,1780678337136,0.0
learn,EOPKG,EOPKGTopologyConditioned,ebdfb988ea654392a4a4fc270f9e7c71,854778689611649472,_EOPKG_TC-UN-f1-5-penalty3l-67_loan_v1_v5_simulated_GATv2,_EOPKG_TC-UN-f1-5-penalty3l,67,train_grad_norm_struct_xattn,0,1780678337136,0.0
learn,EOPKG,EOPKGTopologyConditioned,ebdfb988ea654392a4a4fc270f9e7c71,854778689611649472,_EOPKG_TC-UN-f1-5-penalty3l-67_loan_v1_v5_simulated_GATv2,_EOPKG_TC-UN-f1-5-penalty3l,67,train_grad_norm_struct_xattn,0,1780678640455,0.0
learn,EOPKG,EOPKGTopologyConditioned,ebdfb988ea654392a4a4fc270f9e7c71,854778689611649472,_EOPKG_TC-UN-f1-5-penalty3l-67_loan_v1_v5_simulated_GATv2,_EOPKG_TC-UN-f1-5-penalty3l,67,train_grad_norm_struct_xattn,0,1780678640455,0.0
learn,EOPKG,EOPKGTopologyConditioned,ebdfb988ea654392a4a4fc270f9e7c71,854778689611649472,_EOPKG_TC-UN-f1-5-penalty3l-67_loan_v1_v5_simulated_GATv2,_EOPKG_TC-UN-f1-5-penalty3l,67,train_grad_norm_struct_xattn,0,1780679068312,0.0
learn,EOPKG,EOPKGTopologyConditioned,ebdfb988ea654392a4a4fc270f9e7c71,854778689611649472,_EOPKG_TC-UN-f1-5-penalty3l-67_loan_v1_v5_simulated_GATv2,_EOPKG_TC-UN-f1-5-penalty3l,67,train_grad_norm_struct_xattn,0,1780679068312,0.0
learn,EOPKG,EOPKGTopologyConditioned,ebdfb988ea654392a4a4fc270f9e7c71,854778689611649472,_EOPKG_TC-UN-f1-5-penalty3l-67_loan_v1_v5_simulated_GATv2,_EOPKG_TC-UN-f1-5-penalty3l,67,train_grad_norm_struct_xattn,0,1780679432005,0.0
learn,EOPKG,EOPKGTopologyConditioned,ebdfb988ea654392a4a4fc270f9e7c71,854778689611649472,_EOPKG_TC-UN-f1-5-penalty3l-67_loan_v1_v5_simulated_GATv2,_EOPKG_TC-UN-f1-5-penalty3l,67,train_grad_norm_struct_xattn,0,1780679432005,0.0
learn,EOPKG,EOPKGTopologyConditioned,ebdfb988ea654392a4a4fc270f9e7c71,854778689611649472,_EOPKG_TC-UN-f1-5-penalty3l-67_loan_v1_v5_simulated_GATv2,_EOPKG_TC-UN-f1-5-penalty3l,67,train_grad_norm_struct_xattn,0,1780679732572,0.0
learn,EOPKG,EOPKGTopologyConditioned,ebdfb988ea654392a4a4fc270f9e7c71,854778689611649472,_EOPKG_TC-UN-f1-5-penalty3l-67_loan_v1_v5_simulated_GATv2,_EOPKG_TC-UN-f1-5-penalty3l,67,train_grad_norm_struct_xattn,0,1780679732572,0.0
learn,EOPKG,EOPKGTopologyConditioned,ebdfb988ea654392a4a4fc270f9e7c71,854778689611649472,_EOPKG_TC-UN-f1-5-penalty3l-67_loan_v1_v5_simulated_GATv2,_EOPKG_TC-UN-f1-5-penalty3l,67,train_grad_norm_struct_xattn,0,1780679996465,0.0
learn,EOPKG,EOPKGTopologyConditioned,ebdfb988ea654392a4a4fc270f9e7c71,854778689611649472,_EOPKG_TC-UN-f1-5-penalty3l-67_loan_v1_v5_simulated_GATv2,_EOPKG_TC-UN-f1-5-penalty3l,67,train_grad_norm_struct_xattn,0,1780679996465,0.0
learn,EOPKG,EOPKGTopologyConditioned,ebdfb988ea654392a4a4fc270f9e7c71,854778689611649472,_EOPKG_TC-UN-f1-5-penalty3l-67_loan_v1_v5_simulated_GATv2,_EOPKG_TC-UN-f1-5-penalty3l,67,train_grad_norm_struct_xattn,0,1780680264370,0.0
learn,EOPKG,EOPKGTopologyConditioned,ebdfb988ea654392a4a4fc270f9e7c71,854778689611649472,_EOPKG_TC-UN-f1-5-penalty3l-67_loan_v1_v5_simulated_GATv2,_EOPKG_TC-UN-f1-5-penalty3l,67,train_grad_norm_struct_xattn,0,1780680264370,0.0
learn,EOPKG,EOPKGTopologyConditioned,ebdfb988ea654392a4a4fc270f9e7c71,854778689611649472,_EOPKG_TC-UN-f1-5-penalty3l-67_loan_v1_v5_simulated_GATv2,_EOPKG_TC-UN-f1-5-penalty3l,67,train_grad_norm_struct_xattn,0,1780680518573,0.0
learn,EOPKG,EOPKGTopologyConditioned,ebdfb988ea654392a4a4fc270f9e7c71,854778689611649472,_EOPKG_TC-UN-f1-5-penalty3l-67_loan_v1_v5_simulated_GATv2,_EOPKG_TC-UN-f1-5-penalty3l,67,train_grad_norm_struct_xattn,0,1780680518573,0.0
learn,EOPKG,EOPKGTopologyConditioned,ebdfb988ea654392a4a4fc270f9e7c71,854778689611649472,_EOPKG_TC-UN-f1-5-penalty3l-67_loan_v1_v5_simulated_GATv2,_EOPKG_TC-UN-f1-5-penalty3l,67,train_grad_norm_struct_xattn,0,1780680773539,0.0
learn,EOPKG,EOPKGTopologyConditioned,ebdfb988ea654392a4a4fc270f9e7c71,854778689611649472,_EOPKG_TC-UN-f1-5-penalty3l-67_loan_v1_v5_simulated_GATv2,_EOPKG_TC-UN-f1-5-penalty3l,67,train_grad_norm_struct_xattn,0,1780680773539,0.0
learn,EOPKG,EOPKGTopologyConditioned,ebdfb988ea654392a4a4fc270f9e7c71,854778689611649472,_EOPKG_TC-UN-f1-5-penalty3l-67_loan_v1_v5_simulated_GATv2,_EOPKG_TC-UN-f1-5-penalty3l,67,train_grad_norm_struct_xattn,0,1780681030097,0.0
learn,EOPKG,EOPKGTopologyConditioned,ebdfb988ea654392a4a4fc270f9e7c71,854778689611649472,_EOPKG_TC-UN-f1-5-penalty3l-67_loan_v1_v5_simulated_GATv2,_EOPKG_TC-UN-f1-5-penalty3l,67,train_grad_norm_struct_xattn,0,1780681030097,0.0
learn,EOPKG,EOPKGTopologyConditioned,ebdfb988ea654392a4a4fc270f9e7c71,854778689611649472,_EOPKG_TC-UN-f1-5-penalty3l-67_loan_v1_v5_simulated_GATv2,_EOPKG_TC-UN-f1-5-penalty3l,67,train_grad_norm_struct_xattn,0,1780681353971,0.0
learn,EOPKG,EOPKGTopologyConditioned,ebdfb988ea654392a4a4fc270f9e7c71,854778689611649472,_EOPKG_TC-UN-f1-5-penalty3l-67_loan_v1_v5_simulated_GATv2,_EOPKG_TC-UN-f1-5-penalty3l,67,train_grad_norm_struct_xattn,0,1780681353971,0.0
learn,EOPKG,EOPKGTopologyConditioned,ebdfb988ea654392a4a4fc270f9e7c71,854778689611649472,_EOPKG_TC-UN-f1-5-penalty3l-67_loan_v1_v5_simulated_GATv2,_EOPKG_TC-UN-f1-5-penalty3l,67,train_grad_norm_struct_xattn,0,1780681706696,0.0
learn,EOPKG,EOPKGTopologyConditioned,ebdfb988ea654392a4a4fc270f9e7c71,854778689611649472,_EOPKG_TC-UN-f1-5-penalty3l-67_loan_v1_v5_simulated_GATv2,_EOPKG_TC-UN-f1-5-penalty3l,67,train_grad_norm_struct_xattn,0,1780681706696,0.0
learn,EOPKG,EOPKGTopologyConditioned,ebdfb988ea654392a4a4fc270f9e7c71,854778689611649472,_EOPKG_TC-UN-f1-5-penalty3l-67_loan_v1_v5_simulated_GATv2,_EOPKG_TC-UN-f1-5-penalty3l,67,train_grad_norm_struct_xattn,0,1780682217875,0.0
learn,EOPKG,EOPKGTopologyConditioned,ebdfb988ea654392a4a4fc270f9e7c71,854778689611649472,_EOPKG_TC-UN-f1-5-penalty3l-67_loan_v1_v5_simulated_GATv2,_EOPKG_TC-UN-f1-5-penalty3l,67,train_grad_norm_struct_xattn,0,1780682217875,0.0
learn,EOPKG,EOPKGTopologyConditioned,ebdfb988ea654392a4a4fc270f9e7c71,854778689611649472,_EOPKG_TC-UN-f1-5-penalty3l-67_loan_v1_v5_simulated_GATv2,_EOPKG_TC-UN-f1-5-penalty3l,67,train_grad_norm_struct_xattn,0,1780682639764,0.0
learn,EOPKG,EOPKGTopologyConditioned,ebdfb988ea654392a4a4fc270f9e7c71,854778689611649472,_EOPKG_TC-UN-f1-5-penalty3l-67_loan_v1_v5_simulated_GATv2,_EOPKG_TC-UN-f1-5-penalty3l,67,train_grad_norm_struct_xattn,0,1780682639764,0.0
learn,EOPKG,EOPKGTopologyConditioned,ebdfb988ea654392a4a4fc270f9e7c71,854778689611649472,_EOPKG_TC-UN-f1-5-penalty3l-67_loan_v1_v5_simulated_GATv2,_EOPKG_TC-UN-f1-5-penalty3l,67,train_grad_norm_struct_xattn,0,1780682918257,0.0
learn,EOPKG,EOPKGTopologyConditioned,ebdfb988ea654392a4a4fc270f9e7c71,854778689611649472,_EOPKG_TC-UN-f1-5-penalty3l-67_loan_v1_v5_simulated_GATv2,_EOPKG_TC-UN-f1-5-penalty3l,67,train_grad_norm_struct_xattn,0,1780682918257,0.0
learn,EOPKG,EOPKGTopologyConditioned,ebdfb988ea654392a4a4fc270f9e7c71,854778689611649472,_EOPKG_TC-UN-f1-5-penalty3l-67_loan_v1_v5_simulated_GATv2,_EOPKG_TC-UN-f1-5-penalty3l,67,train_grad_norm_struct_xattn,0,1780683219313,0.0
learn,EOPKG,EOPKGTopologyConditioned,ebdfb988ea654392a4a4fc270f9e7c71,854778689611649472,_EOPKG_TC-UN-f1-5-penalty3l-67_loan_v1_v5_simulated_GATv2,_EOPKG_TC-UN-f1-5-penalty3l,67,train_grad_norm_struct_xattn,0,1780683219313,0.0
learn,EOPKG,EOPKGTopologyConditioned,ebdfb988ea654392a4a4fc270f9e7c71,854778689611649472,_EOPKG_TC-UN-f1-5-penalty3l-67_loan_v1_v5_simulated_GATv2,_EOPKG_TC-UN-f1-5-penalty3l,67,train_grad_norm_struct_xattn,0,1780683566450,0.0
learn,EOPKG,EOPKGTopologyConditioned,ebdfb988ea654392a4a4fc270f9e7c71,854778689611649472,_EOPKG_TC-UN-f1-5-penalty3l-67_loan_v1_v5_simulated_GATv2,_EOPKG_TC-UN-f1-5-penalty3l,67,train_grad_norm_struct_xattn,0,1780683566450,0.0
learn,EOPKG,EOPKGTopologyConditioned,ebdfb988ea654392a4a4fc270f9e7c71,854778689611649472,_EOPKG_TC-UN-f1-5-penalty3l-67_loan_v1_v5_simulated_GATv2,_EOPKG_TC-UN-f1-5-penalty3l,67,train_grad_norm_struct_xattn,0,1780683880983,0.0
learn,EOPKG,EOPKGTopologyConditioned,ebdfb988ea654392a4a4fc270f9e7c71,854778689611649472,_EOPKG_TC-UN-f1-5-penalty3l-67_loan_v1_v5_simulated_GATv2,_EOPKG_TC-UN-f1-5-penalty3l,67,train_grad_norm_struct_xattn,0,1780683880983,0.0
learn,EOPKG,EOPKGTopologyConditioned,ebdfb988ea654392a4a4fc270f9e7c71,854778689611649472,_EOPKG_TC-UN-f1-5-penalty3l-67_loan_v1_v5_simulated_GATv2,_EOPKG_TC-UN-f1-5-penalty3l,67,train_grad_norm_struct_xattn,0,1780684194450,0.0
learn,EOPKG,EOPKGTopologyConditioned,ebdfb988ea654392a4a4fc270f9e7c71,854778689611649472,_EOPKG_TC-UN-f1-5-penalty3l-67_loan_v1_v5_simulated_GATv2,_EOPKG_TC-UN-f1-5-penalty3l,67,train_grad_norm_struct_xattn,0,1780684194450,0.0
learn,EOPKG,EOPKGTopologyConditioned,ebdfb988ea654392a4a4fc270f9e7c71,854778689611649472,_EOPKG_TC-UN-f1-5-penalty3l-67_loan_v1_v5_simulated_GATv2,_EOPKG_TC-UN-f1-5-penalty3l,67,train_grad_norm_struct_xattn,0,1780684516133,0.0
learn,EOPKG,EOPKGTopologyConditioned,ebdfb988ea654392a4a4fc270f9e7c71,854778689611649472,_EOPKG_TC-UN-f1-5-penalty3l-67_loan_v1_v5_simulated_GATv2,_EOPKG_TC-UN-f1-5-penalty3l,67,train_grad_norm_struct_xattn,0,1780684516133,0.0
learn,EOPKG,EOPKGTopologyConditioned,ebdfb988ea654392a4a4fc270f9e7c71,854778689611649472,_EOPKG_TC-UN-f1-5-penalty3l-67_loan_v1_v5_simulated_GATv2,_EOPKG_TC-UN-f1-5-penalty3l,67,train_grad_norm_struct_xattn,0,1780684787625,0.0
learn,EOPKG,EOPKGTopologyConditioned,ebdfb988ea654392a4a4fc270f9e7c71,854778689611649472,_EOPKG_TC-UN-f1-5-penalty3l-67_loan_v1_v5_simulated_GATv2,_EOPKG_TC-UN-f1-5-penalty3l,67,train_grad_norm_struct_xattn,0,1780684787625,0.0
learn,EOPKG,EOPKGTopologyConditioned,ebdfb988ea654392a4a4fc270f9e7c71,854778689611649472,_EOPKG_TC-UN-f1-5-penalty3l-67_loan_v1_v5_simulated_GATv2,_EOPKG_TC-UN-f1-5-penalty3l,67,train_grad_norm_struct_xattn,0,1780685047419,0.0
learn,EOPKG,EOPKGTopologyConditioned,ebdfb988ea654392a4a4fc270f9e7c71,854778689611649472,_EOPKG_TC-UN-f1-5-penalty3l-67_loan_v1_v5_simulated_GATv2,_EOPKG_TC-UN-f1-5-penalty3l,67,train_grad_norm_struct_xattn,0,1780685047419,0.0
learn,EOPKG,EOPKGTopologyConditioned,ebdfb988ea654392a4a4fc270f9e7c71,854778689611649472,_EOPKG_TC-UN-f1-5-penalty3l-67_loan_v1_v5_simulated_GATv2,_EOPKG_TC-UN-f1-5-penalty3l,67,train_grad_norm_struct_xattn,0,1780685302613,0.0
learn,EOPKG,EOPKGTopologyConditioned,ebdfb988ea654392a4a4fc270f9e7c71,854778689611649472,_EOPKG_TC-UN-f1-5-penalty3l-67_loan_v1_v5_simulated_GATv2,_EOPKG_TC-UN-f1-5-penalty3l,67,train_grad_norm_struct_xattn,0,1780685302613,0.0
learn,EOPKG,EOPKGTopologyConditioned,ebdfb988ea654392a4a4fc270f9e7c71,854778689611649472,_EOPKG_TC-UN-f1-5-penalty3l-67_loan_v1_v5_simulated_GATv2,_EOPKG_TC-UN-f1-5-penalty3l,67,train_grad_norm_struct_xattn,0,1780685556660,0.0
learn,EOPKG,EOPKGTopologyConditioned,ebdfb988ea654392a4a4fc270f9e7c71,854778689611649472,_EOPKG_TC-UN-f1-5-penalty3l-67_loan_v1_v5_simulated_GATv2,_EOPKG_TC-UN-f1-5-penalty3l,67,train_grad_norm_struct_xattn,0,1780685556660,0.0
learn,EOPKG,EOPKGTopologyConditioned,ebdfb988ea654392a4a4fc270f9e7c71,854778689611649472,_EOPKG_TC-UN-f1-5-penalty3l-67_loan_v1_v5_simulated_GATv2,_EOPKG_TC-UN-f1-5-penalty3l,67,train_grad_norm_struct_xattn,0,1780685810990,0.0
learn,EOPKG,EOPKGTopologyConditioned,ebdfb988ea654392a4a4fc270f9e7c71,854778689611649472,_EOPKG_TC-UN-f1-5-penalty3l-67_loan_v1_v5_simulated_GATv2,_EOPKG_TC-UN-f1-5-penalty3l,67,train_grad_norm_struct_xattn,0,1780685810990,0.0
learn,EOPKG,EOPKGTopologyConditioned,ebdfb988ea654392a4a4fc270f9e7c71,854778689611649472,_EOPKG_TC-UN-f1-5-penalty3l-67_loan_v1_v5_simulated_GATv2,_EOPKG_TC-UN-f1-5-penalty3l,67,train_grad_norm_struct_xattn,0,1780686073661,0.0
learn,EOPKG,EOPKGTopologyConditioned,ebdfb988ea654392a4a4fc270f9e7c71,854778689611649472,_EOPKG_TC-UN-f1-5-penalty3l-67_loan_v1_v5_simulated_GATv2,_EOPKG_TC-UN-f1-5-penalty3l,67,train_grad_norm_struct_xattn,0,1780686073661,0.0
learn,EOPKG-WI,EOPKGTopologyConditionedWI,65fb28926d0d45709ad89ec7cf9aef59,854778689611649472,_EOPKG_WI-UN-f1-5-32_loan_v1_v5_simulated_GATv2,_EOPKG_WI-UN-f1-5,32,train_grad_norm_struct_xattn,0,1781533352001,0.0
learn,EOPKG-WI,EOPKGTopologyConditionedWI,65fb28926d0d45709ad89ec7cf9aef59,854778689611649472,_EOPKG_WI-UN-f1-5-32_loan_v1_v5_simulated_GATv2,_EOPKG_WI-UN-f1-5,32,train_grad_norm_struct_xattn,0,1781533352001,0.0
learn,EOPKG-WI,EOPKGTopologyConditionedWI,65fb28926d0d45709ad89ec7cf9aef59,854778689611649472,_EOPKG_WI-UN-f1-5-32_loan_v1_v5_simulated_GATv2,_EOPKG_WI-UN-f1-5,32,train_grad_norm_struct_xattn,0,1781533724277,0.0
learn,EOPKG-WI,EOPKGTopologyConditionedWI,65fb28926d0d45709ad89ec7cf9aef59,854778689611649472,_EOPKG_WI-UN-f1-5-32_loan_v1_v5_simulated_GATv2,_EOPKG_WI-UN-f1-5,32,train_grad_norm_struct_xattn,0,1781533724277,0.0
learn,EOPKG-WI,EOPKGTopologyConditionedWI,65fb28926d0d45709ad89ec7cf9aef59,854778689611649472,_EOPKG_WI-UN-f1-5-32_loan_v1_v5_simulated_GATv2,_EOPKG_WI-UN-f1-5,32,train_grad_norm_struct_xattn,0,1781534086456,0.0
learn,EOPKG-WI,EOPKGTopologyConditionedWI,65fb28926d0d45709ad89ec7cf9aef59,854778689611649472,_EOPKG_WI-UN-f1-5-32_loan_v1_v5_simulated_GATv2,_EOPKG_WI-UN-f1-5,32,train_grad_norm_struct_xattn,0,1781534086456,0.0
learn,EOPKG-WI,EOPKGTopologyConditionedWI,65fb28926d0d45709ad89ec7cf9aef59,854778689611649472,_EOPKG_WI-UN-f1-5-32_loan_v1_v5_simulated_GATv2,_EOPKG_WI-UN-f1-5,32,train_grad_norm_struct_xattn,0,1781534483241,0.0
learn,EOPKG-WI,EOPKGTopologyConditionedWI,65fb28926d0d45709ad89ec7cf9aef59,854778689611649472,_EOPKG_WI-UN-f1-5-32_loan_v1_v5_simulated_GATv2,_EOPKG_WI-UN-f1-5,32,train_grad_norm_struct_xattn,0,1781534483241,0.0
learn,EOPKG-WI,EOPKGTopologyConditionedWI,65fb28926d0d45709ad89ec7cf9aef59,854778689611649472,_EOPKG_WI-UN-f1-5-32_loan_v1_v5_simulated_GATv2,_EOPKG_WI-UN-f1-5,32,train_grad_norm_struct_xattn,0,1781534686879,0.0
learn,EOPKG-WI,EOPKGTopologyConditionedWI,65fb28926d0d45709ad89ec7cf9aef59,854778689611649472,_EOPKG_WI-UN-f1-5-32_loan_v1_v5_simulated_GATv2,_EOPKG_WI-UN-f1-5,32,train_grad_norm_struct_xattn,0,1781534686879,0.0
learn,EOPKG-WI,EOPKGTopologyConditionedWI,65fb28926d0d45709ad89ec7cf9aef59,854778689611649472,_EOPKG_WI-UN-f1-5-32_loan_v1_v5_simulated_GATv2,_EOPKG_WI-UN-f1-5,32,train_grad_norm_struct_xattn,0,1781534842272,0.0
learn,EOPKG-WI,EOPKGTopologyConditionedWI,65fb28926d0d45709ad89ec7cf9aef59,854778689611649472,_EOPKG_WI-UN-f1-5-32_loan_v1_v5_simulated_GATv2,_EOPKG_WI-UN-f1-5,32,train_grad_norm_struct_xattn,0,1781534842272,0.0
learn,EOPKG-WI,EOPKGTopologyConditionedWI,65fb28926d0d45709ad89ec7cf9aef59,854778689611649472,_EOPKG_WI-UN-f1-5-32_loan_v1_v5_simulated_GATv2,_EOPKG_WI-UN-f1-5,32,train_grad_norm_struct_xattn,0,1781535119288,0.0
learn,EOPKG-WI,EOPKGTopologyConditionedWI,65fb28926d0d45709ad89ec7cf9aef59,854778689611649472,_EOPKG_WI-UN-f1-5-32_loan_v1_v5_simulated_GATv2,_EOPKG_WI-UN-f1-5,32,train_grad_norm_struct_xattn,0,1781535119288,0.0
learn,EOPKG-WI,EOPKGTopologyConditionedWI,65fb28926d0d45709ad89ec7cf9aef59,854778689611649472,_EOPKG_WI-UN-f1-5-32_loan_v1_v5_simulated_GATv2,_EOPKG_WI-UN-f1-5,32,train_grad_norm_struct_xattn,0,1781535486270,0.0
learn,EOPKG-WI,EOPKGTopologyConditionedWI,65fb28926d0d45709ad89ec7cf9aef59,854778689611649472,_EOPKG_WI-UN-f1-5-32_loan_v1_v5_simulated_GATv2,_EOPKG_WI-UN-f1-5,32,train_grad_norm_struct_xattn,0,1781535486270,0.0
learn,EOPKG-WI,EOPKGTopologyConditionedWI,65fb28926d0d45709ad89ec7cf9aef59,854778689611649472,_EOPKG_WI-UN-f1-5-32_loan_v1_v5_simulated_GATv2,_EOPKG_WI-UN-f1-5,32,train_grad_norm_struct_xattn,0,1781535767450,0.0
learn,EOPKG-WI,EOPKGTopologyConditionedWI,65fb28926d0d45709ad89ec7cf9aef59,854778689611649472,_EOPKG_WI-UN-f1-5-32_loan_v1_v5_simulated_GATv2,_EOPKG_WI-UN-f1-5,32,train_grad_norm_struct_xattn,0,1781535767450,0.0
learn,EOPKG-WI,EOPKGTopologyConditionedWI,65fb28926d0d45709ad89ec7cf9aef59,854778689611649472,_EOPKG_WI-UN-f1-5-32_loan_v1_v5_simulated_GATv2,_EOPKG_WI-UN-f1-5,32,train_grad_norm_struct_xattn,0,1781535910365,0.0
learn,EOPKG-WI,EOPKGTopologyConditionedWI,65fb28926d0d45709ad89ec7cf9aef59,854778689611649472,_EOPKG_WI-UN-f1-5-32_loan_v1_v5_simulated_GATv2,_EOPKG_WI-UN-f1-5,32,train_grad_norm_struct_xattn,0,1781535910365,0.0
learn,EOPKG-WI,EOPKGTopologyConditionedWI,65fb28926d0d45709ad89ec7cf9aef59,854778689611649472,_EOPKG_WI-UN-f1-5-32_loan_v1_v5_simulated_GATv2,_EOPKG_WI-UN-f1-5,32,train_grad_norm_struct_xattn,0,1781536188669,0.0
learn,EOPKG-WI,EOPKGTopologyConditionedWI,65fb28926d0d45709ad89ec7cf9aef59,854778689611649472,_EOPKG_WI-UN-f1-5-32_loan_v1_v5_simulated_GATv2,_EOPKG_WI-UN-f1-5,32,train_grad_norm_struct_xattn,0,1781536188669,0.0
learn,EOPKG-WI,EOPKGTopologyConditionedWI,65fb28926d0d45709ad89ec7cf9aef59,854778689611649472,_EOPKG_WI-UN-f1-5-32_loan_v1_v5_simulated_GATv2,_EOPKG_WI-UN-f1-5,32,train_grad_norm_struct_xattn,0,1781536425807,0.0
learn,EOPKG-WI,EOPKGTopologyConditionedWI,65fb28926d0d45709ad89ec7cf9aef59,854778689611649472,_EOPKG_WI-UN-f1-5-32_loan_v1_v5_simulated_GATv2,_EOPKG_WI-UN-f1-5,32,train_grad_norm_struct_xattn,0,1781536425807,0.0
learn,EOPKG-WI,EOPKGTopologyConditionedWI,65fb28926d0d45709ad89ec7cf9aef59,854778689611649472,_EOPKG_WI-UN-f1-5-32_loan_v1_v5_simulated_GATv2,_EOPKG_WI-UN-f1-5,32,train_grad_norm_struct_xattn,0,1781536619327,0.0
learn,EOPKG-WI,EOPKGTopologyConditionedWI,65fb28926d0d45709ad89ec7cf9aef59,854778689611649472,_EOPKG_WI-UN-f1-5-32_loan_v1_v5_simulated_GATv2,_EOPKG_WI-UN-f1-5,32,train_grad_norm_struct_xattn,0,1781536619327,0.0
learn,EOPKG-WI,EOPKGTopologyConditionedWI,65fb28926d0d45709ad89ec7cf9aef59,854778689611649472,_EOPKG_WI-UN-f1-5-32_loan_v1_v5_simulated_GATv2,_EOPKG_WI-UN-f1-5,32,train_grad_norm_struct_xattn,0,1781536791991,0.0
learn,EOPKG-WI,EOPKGTopologyConditionedWI,65fb28926d0d45709ad89ec7cf9aef59,854778689611649472,_EOPKG_WI-UN-f1-5-32_loan_v1_v5_simulated_GATv2,_EOPKG_WI-UN-f1-5,32,train_grad_norm_struct_xattn,0,1781536791991,0.0
learn,EOPKG-WI,EOPKGTopologyConditionedWI,65fb28926d0d45709ad89ec7cf9aef59,854778689611649472,_EOPKG_WI-UN-f1-5-32_loan_v1_v5_simulated_GATv2,_EOPKG_WI-UN-f1-5,32,train_grad_norm_struct_xattn,0,1781536948948,0.0
learn,EOPKG-WI,EOPKGTopologyConditionedWI,65fb28926d0d45709ad89ec7cf9aef59,854778689611649472,_EOPKG_WI-UN-f1-5-32_loan_v1_v5_simulated_GATv2,_EOPKG_WI-UN-f1-5,32,train_grad_norm_struct_xattn,0,1781536948948,0.0
learn,EOPKG-WI,EOPKGTopologyConditionedWI,65fb28926d0d45709ad89ec7cf9aef59,854778689611649472,_EOPKG_WI-UN-f1-5-32_loan_v1_v5_simulated_GATv2,_EOPKG_WI-UN-f1-5,32,train_grad_norm_struct_xattn,0,1781537084987,0.0
learn,EOPKG-WI,EOPKGTopologyConditionedWI,65fb28926d0d45709ad89ec7cf9aef59,854778689611649472,_EOPKG_WI-UN-f1-5-32_loan_v1_v5_simulated_GATv2,_EOPKG_WI-UN-f1-5,32,train_grad_norm_struct_xattn,0,1781537084987,0.0
learn,EOPKG-WI,EOPKGTopologyConditionedWI,65fb28926d0d45709ad89ec7cf9aef59,854778689611649472,_EOPKG_WI-UN-f1-5-32_loan_v1_v5_simulated_GATv2,_EOPKG_WI-UN-f1-5,32,train_grad_norm_struct_xattn,0,1781537399654,0.0
learn,EOPKG-WI,EOPKGTopologyConditionedWI,65fb28926d0d45709ad89ec7cf9aef59,854778689611649472,_EOPKG_WI-UN-f1-5-32_loan_v1_v5_simulated_GATv2,_EOPKG_WI-UN-f1-5,32,train_grad_norm_struct_xattn,0,1781537399654,0.0
learn,EOPKG-WI,EOPKGTopologyConditionedWI,65fb28926d0d45709ad89ec7cf9aef59,854778689611649472,_EOPKG_WI-UN-f1-5-32_loan_v1_v5_simulated_GATv2,_EOPKG_WI-UN-f1-5,32,train_grad_norm_struct_xattn,0,1781537608711,0.0
learn,EOPKG-WI,EOPKGTopologyConditionedWI,65fb28926d0d45709ad89ec7cf9aef59,854778689611649472,_EOPKG_WI-UN-f1-5-32_loan_v1_v5_simulated_GATv2,_EOPKG_WI-UN-f1-5,32,train_grad_norm_struct_xattn,0,1781537608711,0.0
learn,EOPKG-WI,EOPKGTopologyConditionedWI,65fb28926d0d45709ad89ec7cf9aef59,854778689611649472,_EOPKG_WI-UN-f1-5-32_loan_v1_v5_simulated_GATv2,_EOPKG_WI-UN-f1-5,32,train_grad_norm_struct_xattn,0,1781537812936,0.0
learn,EOPKG-WI,EOPKGTopologyConditionedWI,65fb28926d0d45709ad89ec7cf9aef59,854778689611649472,_EOPKG_WI-UN-f1-5-32_loan_v1_v5_simulated_GATv2,_EOPKG_WI-UN-f1-5,32,train_grad_norm_struct_xattn,0,1781537812936,0.0
learn,EOPKG-WI,EOPKGTopologyConditionedWI,65fb28926d0d45709ad89ec7cf9aef59,854778689611649472,_EOPKG_WI-UN-f1-5-32_loan_v1_v5_simulated_GATv2,_EOPKG_WI-UN-f1-5,32,train_grad_norm_struct_xattn,0,1781537948614,0.0
learn,EOPKG-WI,EOPKGTopologyConditionedWI,65fb28926d0d45709ad89ec7cf9aef59,854778689611649472,_EOPKG_WI-UN-f1-5-32_loan_v1_v5_simulated_GATv2,_EOPKG_WI-UN-f1-5,32,train_grad_norm_struct_xattn,0,1781537948614,0.0
learn,EOPKG-WI,EOPKGTopologyConditionedWI,65fb28926d0d45709ad89ec7cf9aef59,854778689611649472,_EOPKG_WI-UN-f1-5-32_loan_v1_v5_simulated_GATv2,_EOPKG_WI-UN-f1-5,32,train_grad_norm_struct_xattn,0,1781538137979,0.0
learn,EOPKG-WI,EOPKGTopologyConditionedWI,65fb28926d0d45709ad89ec7cf9aef59,854778689611649472,_EOPKG_WI-UN-f1-5-32_loan_v1_v5_simulated_GATv2,_EOPKG_WI-UN-f1-5,32,train_grad_norm_struct_xattn,0,1781538137979,0.0
learn,EOPKG-WI,EOPKGTopologyConditionedWI,65fb28926d0d45709ad89ec7cf9aef59,854778689611649472,_EOPKG_WI-UN-f1-5-32_loan_v1_v5_simulated_GATv2,_EOPKG_WI-UN-f1-5,32,train_grad_norm_struct_xattn,0,1781538299250,0.0
learn,EOPKG-WI,EOPKGTopologyConditionedWI,65fb28926d0d45709ad89ec7cf9aef59,854778689611649472,_EOPKG_WI-UN-f1-5-32_loan_v1_v5_simulated_GATv2,_EOPKG_WI-UN-f1-5,32,train_grad_norm_struct_xattn,0,1781538299250,0.0
learn,EOPKG-WI,EOPKGTopologyConditionedWI,65fb28926d0d45709ad89ec7cf9aef59,854778689611649472,_EOPKG_WI-UN-f1-5-32_loan_v1_v5_simulated_GATv2,_EOPKG_WI-UN-f1-5,32,train_grad_norm_struct_xattn,0,1781538420819,0.0
learn,EOPKG-WI,EOPKGTopologyConditionedWI,65fb28926d0d45709ad89ec7cf9aef59,854778689611649472,_EOPKG_WI-UN-f1-5-32_loan_v1_v5_simulated_GATv2,_EOPKG_WI-UN-f1-5,32,train_grad_norm_struct_xattn,0,1781538420819,0.0
learn,EOPKG-WI,EOPKGTopologyConditionedWI,65fb28926d0d45709ad89ec7cf9aef59,854778689611649472,_EOPKG_WI-UN-f1-5-32_loan_v1_v5_simulated_GATv2,_EOPKG_WI-UN-f1-5,32,train_grad_norm_struct_xattn,0,1781538545358,0.0
learn,EOPKG-WI,EOPKGTopologyConditionedWI,65fb28926d0d45709ad89ec7cf9aef59,854778689611649472,_EOPKG_WI-UN-f1-5-32_loan_v1_v5_simulated_GATv2,_EOPKG_WI-UN-f1-5,32,train_grad_norm_struct_xattn,0,1781538545358,0.0
learn,EOPKG-WI,EOPKGTopologyConditionedWI,65fb28926d0d45709ad89ec7cf9aef59,854778689611649472,_EOPKG_WI-UN-f1-5-32_loan_v1_v5_simulated_GATv2,_EOPKG_WI-UN-f1-5,32,train_grad_norm_struct_xattn,0,1781538655436,0.0
learn,EOPKG-WI,EOPKGTopologyConditionedWI,65fb28926d0d45709ad89ec7cf9aef59,854778689611649472,_EOPKG_WI-UN-f1-5-32_loan_v1_v5_simulated_GATv2,_EOPKG_WI-UN-f1-5,32,train_grad_norm_struct_xattn,0,1781538655436,0.0
learn,EOPKG-WI,EOPKGTopologyConditionedWI,65fb28926d0d45709ad89ec7cf9aef59,854778689611649472,_EOPKG_WI-UN-f1-5-32_loan_v1_v5_simulated_GATv2,_EOPKG_WI-UN-f1-5,32,train_grad_norm_struct_xattn,0,1781538775778,0.0
learn,EOPKG-WI,EOPKGTopologyConditionedWI,65fb28926d0d45709ad89ec7cf9aef59,854778689611649472,_EOPKG_WI-UN-f1-5-32_loan_v1_v5_simulated_GATv2,_EOPKG_WI-UN-f1-5,32,train_grad_norm_struct_xattn,0,1781538775778,0.0
learn,EOPKG-WI,EOPKGTopologyConditionedWI,65fb28926d0d45709ad89ec7cf9aef59,854778689611649472,_EOPKG_WI-UN-f1-5-32_loan_v1_v5_simulated_GATv2,_EOPKG_WI-UN-f1-5,32,train_grad_norm_struct_xattn,0,1781538916193,0.0
learn,EOPKG-WI,EOPKGTopologyConditionedWI,65fb28926d0d45709ad89ec7cf9aef59,854778689611649472,_EOPKG_WI-UN-f1-5-32_loan_v1_v5_simulated_GATv2,_EOPKG_WI-UN-f1-5,32,train_grad_norm_struct_xattn,0,1781538916193,0.0
learn,EOPKG-WI,EOPKGTopologyConditionedWI,65fb28926d0d45709ad89ec7cf9aef59,854778689611649472,_EOPKG_WI-UN-f1-5-32_loan_v1_v5_simulated_GATv2,_EOPKG_WI-UN-f1-5,32,train_grad_norm_struct_xattn,0,1781539074225,0.0
learn,EOPKG-WI,EOPKGTopologyConditionedWI,65fb28926d0d45709ad89ec7cf9aef59,854778689611649472,_EOPKG_WI-UN-f1-5-32_loan_v1_v5_simulated_GATv2,_EOPKG_WI-UN-f1-5,32,train_grad_norm_struct_xattn,0,1781539074225,0.0
learn,EOPKG-WI,EOPKGTopologyConditionedWI,65fb28926d0d45709ad89ec7cf9aef59,854778689611649472,_EOPKG_WI-UN-f1-5-32_loan_v1_v5_simulated_GATv2,_EOPKG_WI-UN-f1-5,32,train_grad_norm_struct_xattn,0,1781539242429,0.0
learn,EOPKG-WI,EOPKGTopologyConditionedWI,65fb28926d0d45709ad89ec7cf9aef59,854778689611649472,_EOPKG_WI-UN-f1-5-32_loan_v1_v5_simulated_GATv2,_EOPKG_WI-UN-f1-5,32,train_grad_norm_struct_xattn,0,1781539242429,0.0
learn,EOPKG-WI,EOPKGTopologyConditionedWI,65fb28926d0d45709ad89ec7cf9aef59,854778689611649472,_EOPKG_WI-UN-f1-5-32_loan_v1_v5_simulated_GATv2,_EOPKG_WI-UN-f1-5,32,train_grad_norm_struct_xattn,0,1781539401195,0.0
learn,EOPKG-WI,EOPKGTopologyConditionedWI,65fb28926d0d45709ad89ec7cf9aef59,854778689611649472,_EOPKG_WI-UN-f1-5-32_loan_v1_v5_simulated_GATv2,_EOPKG_WI-UN-f1-5,32,train_grad_norm_struct_xattn,0,1781539401195,0.0
learn,EOPKG-WI,EOPKGTopologyConditionedWI,65fb28926d0d45709ad89ec7cf9aef59,854778689611649472,_EOPKG_WI-UN-f1-5-32_loan_v1_v5_simulated_GATv2,_EOPKG_WI-UN-f1-5,32,train_grad_norm_struct_xattn,0,1781539528908,0.0
learn,EOPKG-WI,EOPKGTopologyConditionedWI,65fb28926d0d45709ad89ec7cf9aef59,854778689611649472,_EOPKG_WI-UN-f1-5-32_loan_v1_v5_simulated_GATv2,_EOPKG_WI-UN-f1-5,32,train_grad_norm_struct_xattn,0,1781539528908,0.0
learn,EOPKG-WI,EOPKGTopologyConditionedWI,65fb28926d0d45709ad89ec7cf9aef59,854778689611649472,_EOPKG_WI-UN-f1-5-32_loan_v1_v5_simulated_GATv2,_EOPKG_WI-UN-f1-5,32,train_grad_norm_struct_xattn,0,1781539647755,0.0
learn,EOPKG-WI,EOPKGTopologyConditionedWI,65fb28926d0d45709ad89ec7cf9aef59,854778689611649472,_EOPKG_WI-UN-f1-5-32_loan_v1_v5_simulated_GATv2,_EOPKG_WI-UN-f1-5,32,train_grad_norm_struct_xattn,0,1781539647755,0.0
learn,EOPKG-WI,EOPKGTopologyConditionedWI,65fb28926d0d45709ad89ec7cf9aef59,854778689611649472,_EOPKG_WI-UN-f1-5-32_loan_v1_v5_simulated_GATv2,_EOPKG_WI-UN-f1-5,32,train_grad_norm_struct_xattn,0,1781539776890,0.0
learn,EOPKG-WI,EOPKGTopologyConditionedWI,65fb28926d0d45709ad89ec7cf9aef59,854778689611649472,_EOPKG_WI-UN-f1-5-32_loan_v1_v5_simulated_GATv2,_EOPKG_WI-UN-f1-5,32,train_grad_norm_struct_xattn,0,1781539776890,0.0
learn,EOPKG-WI,EOPKGTopologyConditionedWI,65fb28926d0d45709ad89ec7cf9aef59,854778689611649472,_EOPKG_WI-UN-f1-5-32_loan_v1_v5_simulated_GATv2,_EOPKG_WI-UN-f1-5,32,train_grad_norm_struct_xattn,0,1781540021273,0.0
learn,EOPKG-WI,EOPKGTopologyConditionedWI,65fb28926d0d45709ad89ec7cf9aef59,854778689611649472,_EOPKG_WI-UN-f1-5-32_loan_v1_v5_simulated_GATv2,_EOPKG_WI-UN-f1-5,32,train_grad_norm_struct_xattn,0,1781540021273,0.0
learn,EOPKG-WI,EOPKGTopologyConditionedWI,65fb28926d0d45709ad89ec7cf9aef59,854778689611649472,_EOPKG_WI-UN-f1-5-32_loan_v1_v5_simulated_GATv2,_EOPKG_WI-UN-f1-5,32,train_grad_norm_struct_xattn,0,1781540229563,0.0
learn,EOPKG-WI,EOPKGTopologyConditionedWI,65fb28926d0d45709ad89ec7cf9aef59,854778689611649472,_EOPKG_WI-UN-f1-5-32_loan_v1_v5_simulated_GATv2,_EOPKG_WI-UN-f1-5,32,train_grad_norm_struct_xattn,0,1781540229563,0.0
learn,EOPKG-WI,EOPKGTopologyConditionedWI,65fb28926d0d45709ad89ec7cf9aef59,854778689611649472,_EOPKG_WI-UN-f1-5-32_loan_v1_v5_simulated_GATv2,_EOPKG_WI-UN-f1-5,32,train_grad_norm_struct_xattn,0,1781540351042,0.0
learn,EOPKG-WI,EOPKGTopologyConditionedWI,65fb28926d0d45709ad89ec7cf9aef59,854778689611649472,_EOPKG_WI-UN-f1-5-32_loan_v1_v5_simulated_GATv2,_EOPKG_WI-UN-f1-5,32,train_grad_norm_struct_xattn,0,1781540351042,0.0
learn,EOPKG-WI,EOPKGTopologyConditionedWI,65fb28926d0d45709ad89ec7cf9aef59,854778689611649472,_EOPKG_WI-UN-f1-5-32_loan_v1_v5_simulated_GATv2,_EOPKG_WI-UN-f1-5,32,train_grad_norm_struct_xattn,0,1781540511329,0.0
learn,EOPKG-WI,EOPKGTopologyConditionedWI,65fb28926d0d45709ad89ec7cf9aef59,854778689611649472,_EOPKG_WI-UN-f1-5-32_loan_v1_v5_simulated_GATv2,_EOPKG_WI-UN-f1-5,32,train_grad_norm_struct_xattn,0,1781540511329,0.0
learn,EOPKG-WI,EOPKGTopologyConditionedWI,65fb28926d0d45709ad89ec7cf9aef59,854778689611649472,_EOPKG_WI-UN-f1-5-32_loan_v1_v5_simulated_GATv2,_EOPKG_WI-UN-f1-5,32,train_grad_norm_struct_xattn,0,1781540771477,0.0
learn,EOPKG-WI,EOPKGTopologyConditionedWI,65fb28926d0d45709ad89ec7cf9aef59,854778689611649472,_EOPKG_WI-UN-f1-5-32_loan_v1_v5_simulated_GATv2,_EOPKG_WI-UN-f1-5,32,train_grad_norm_struct_xattn,0,1781540771477,0.0
learn,EOPKG-WI,EOPKGTopologyConditionedWI,65fb28926d0d45709ad89ec7cf9aef59,854778689611649472,_EOPKG_WI-UN-f1-5-32_loan_v1_v5_simulated_GATv2,_EOPKG_WI-UN-f1-5,32,train_grad_norm_struct_xattn,0,1781540886894,0.0
learn,EOPKG-WI,EOPKGTopologyConditionedWI,65fb28926d0d45709ad89ec7cf9aef59,854778689611649472,_EOPKG_WI-UN-f1-5-32_loan_v1_v5_simulated_GATv2,_EOPKG_WI-UN-f1-5,32,train_grad_norm_struct_xattn,0,1781540886894,0.0
learn,EOPKG-WI,EOPKGTopologyConditionedWI,65fb28926d0d45709ad89ec7cf9aef59,854778689611649472,_EOPKG_WI-UN-f1-5-32_loan_v1_v5_simulated_GATv2,_EOPKG_WI-UN-f1-5,32,train_grad_norm_struct_xattn,0,1781541002879,0.0
learn,EOPKG-WI,EOPKGTopologyConditionedWI,65fb28926d0d45709ad89ec7cf9aef59,854778689611649472,_EOPKG_WI-UN-f1-5-32_loan_v1_v5_simulated_GATv2,_EOPKG_WI-UN-f1-5,32,train_grad_norm_struct_xattn,0,1781541002879,0.0
learn,EOPKG-WI,EOPKGTopologyConditionedWI,65fb28926d0d45709ad89ec7cf9aef59,854778689611649472,_EOPKG_WI-UN-f1-5-32_loan_v1_v5_simulated_GATv2,_EOPKG_WI-UN-f1-5,32,train_grad_norm_struct_xattn,0,1781541111044,0.0
learn,EOPKG-WI,EOPKGTopologyConditionedWI,65fb28926d0d45709ad89ec7cf9aef59,854778689611649472,_EOPKG_WI-UN-f1-5-32_loan_v1_v5_simulated_GATv2,_EOPKG_WI-UN-f1-5,32,train_grad_norm_struct_xattn,0,1781541111044,0.0
learn,EOPKG-WI,EOPKGTopologyConditionedWI,65fb28926d0d45709ad89ec7cf9aef59,854778689611649472,_EOPKG_WI-UN-f1-5-32_loan_v1_v5_simulated_GATv2,_EOPKG_WI-UN-f1-5,32,train_grad_norm_struct_xattn,0,1781541231670,0.0
learn,EOPKG-WI,EOPKGTopologyConditionedWI,65fb28926d0d45709ad89ec7cf9aef59,854778689611649472,_EOPKG_WI-UN-f1-5-32_loan_v1_v5_simulated_GATv2,_EOPKG_WI-UN-f1-5,32,train_grad_norm_struct_xattn,0,1781541231670,0.0
learn,EOPKG-WI,EOPKGTopologyConditionedWI,65fb28926d0d45709ad89ec7cf9aef59,854778689611649472,_EOPKG_WI-UN-f1-5-32_loan_v1_v5_simulated_GATv2,_EOPKG_WI-UN-f1-5,32,train_grad_norm_struct_xattn,0,1781541344846,0.0
learn,EOPKG-WI,EOPKGTopologyConditionedWI,65fb28926d0d45709ad89ec7cf9aef59,854778689611649472,_EOPKG_WI-UN-f1-5-32_loan_v1_v5_simulated_GATv2,_EOPKG_WI-UN-f1-5,32,train_grad_norm_struct_xattn,0,1781541344846,0.0
learn,EOPKG-WI,EOPKGTopologyConditionedWI,65fb28926d0d45709ad89ec7cf9aef59,854778689611649472,_EOPKG_WI-UN-f1-5-32_loan_v1_v5_simulated_GATv2,_EOPKG_WI-UN-f1-5,32,train_grad_norm_struct_xattn,0,1781541454696,0.0
learn,EOPKG-WI,EOPKGTopologyConditionedWI,65fb28926d0d45709ad89ec7cf9aef59,854778689611649472,_EOPKG_WI-UN-f1-5-32_loan_v1_v5_simulated_GATv2,_EOPKG_WI-UN-f1-5,32,train_grad_norm_struct_xattn,0,1781541454696,0.0
learn,EOPKG-WI,EOPKGTopologyConditionedWI,65fb28926d0d45709ad89ec7cf9aef59,854778689611649472,_EOPKG_WI-UN-f1-5-32_loan_v1_v5_simulated_GATv2,_EOPKG_WI-UN-f1-5,32,train_grad_norm_struct_xattn,0,1781541566264,0.0
learn,EOPKG-WI,EOPKGTopologyConditionedWI,65fb28926d0d45709ad89ec7cf9aef59,854778689611649472,_EOPKG_WI-UN-f1-5-32_loan_v1_v5_simulated_GATv2,_EOPKG_WI-UN-f1-5,32,train_grad_norm_struct_xattn,0,1781541566264,0.0
learn,EOPKG-WI,EOPKGTopologyConditionedWI,65fb28926d0d45709ad89ec7cf9aef59,854778689611649472,_EOPKG_WI-UN-f1-5-32_loan_v1_v5_simulated_GATv2,_EOPKG_WI-UN-f1-5,32,train_grad_norm_struct_xattn,0,1781541679014,0.0
learn,EOPKG-WI,EOPKGTopologyConditionedWI,65fb28926d0d45709ad89ec7cf9aef59,854778689611649472,_EOPKG_WI-UN-f1-5-32_loan_v1_v5_simulated_GATv2,_EOPKG_WI-UN-f1-5,32,train_grad_norm_struct_xattn,0,1781541679014,0.0
learn,EOPKG-WI,EOPKGTopologyConditionedWI,65fb28926d0d45709ad89ec7cf9aef59,854778689611649472,_EOPKG_WI-UN-f1-5-32_loan_v1_v5_simulated_GATv2,_EOPKG_WI-UN-f1-5,32,train_grad_norm_struct_xattn,0,1781541787112,0.0
learn,EOPKG-WI,EOPKGTopologyConditionedWI,65fb28926d0d45709ad89ec7cf9aef59,854778689611649472,_EOPKG_WI-UN-f1-5-32_loan_v1_v5_simulated_GATv2,_EOPKG_WI-UN-f1-5,32,train_grad_norm_struct_xattn,0,1781541787112,0.0
learn,EOPKG-WI,EOPKGTopologyConditionedWI,65fb28926d0d45709ad89ec7cf9aef59,854778689611649472,_EOPKG_WI-UN-f1-5-32_loan_v1_v5_simulated_GATv2,_EOPKG_WI-UN-f1-5,32,train_grad_norm_struct_xattn,0,1781541892117,0.0
learn,EOPKG-WI,EOPKGTopologyConditionedWI,65fb28926d0d45709ad89ec7cf9aef59,854778689611649472,_EOPKG_WI-UN-f1-5-32_loan_v1_v5_simulated_GATv2,_EOPKG_WI-UN-f1-5,32,train_grad_norm_struct_xattn,0,1781541892117,0.0
learn,EOPKG-WI,EOPKGTopologyConditionedWI,65fb28926d0d45709ad89ec7cf9aef59,854778689611649472,_EOPKG_WI-UN-f1-5-32_loan_v1_v5_simulated_GATv2,_EOPKG_WI-UN-f1-5,32,train_grad_norm_struct_xattn,0,1781542001068,0.0
learn,EOPKG-WI,EOPKGTopologyConditionedWI,65fb28926d0d45709ad89ec7cf9aef59,854778689611649472,_EOPKG_WI-UN-f1-5-32_loan_v1_v5_simulated_GATv2,_EOPKG_WI-UN-f1-5,32,train_grad_norm_struct_xattn,0,1781542001068,0.0
learn,EOPKG-WI,EOPKGTopologyConditionedWI,65fb28926d0d45709ad89ec7cf9aef59,854778689611649472,_EOPKG_WI-UN-f1-5-32_loan_v1_v5_simulated_GATv2,_EOPKG_WI-UN-f1-5,32,train_grad_norm_struct_xattn,0,1781542106183,0.0
learn,EOPKG-WI,EOPKGTopologyConditionedWI,65fb28926d0d45709ad89ec7cf9aef59,854778689611649472,_EOPKG_WI-UN-f1-5-32_loan_v1_v5_simulated_GATv2,_EOPKG_WI-UN-f1-5,32,train_grad_norm_struct_xattn,0,1781542106183,0.0
learn,EOPKG-WI,EOPKGTopologyConditionedWI,88e10c5c5b45467e935548e0decdf824,854778689611649472,_EOPKG_WI-UN-f1-5-78_loan_v1_v5_simulated_GATv2,_EOPKG_WI-UN-f1-5,78,train_grad_norm_struct_xattn,0,1781092063048,0.0
learn,EOPKG-WI,EOPKGTopologyConditionedWI,88e10c5c5b45467e935548e0decdf824,854778689611649472,_EOPKG_WI-UN-f1-5-78_loan_v1_v5_simulated_GATv2,_EOPKG_WI-UN-f1-5,78,train_grad_norm_struct_xattn,0,1781092063048,0.0
learn,EOPKG-WI,EOPKGTopologyConditionedWI,88e10c5c5b45467e935548e0decdf824,854778689611649472,_EOPKG_WI-UN-f1-5-78_loan_v1_v5_simulated_GATv2,_EOPKG_WI-UN-f1-5,78,train_grad_norm_struct_xattn,0,1781092210887,0.0
learn,EOPKG-WI,EOPKGTopologyConditionedWI,88e10c5c5b45467e935548e0decdf824,854778689611649472,_EOPKG_WI-UN-f1-5-78_loan_v1_v5_simulated_GATv2,_EOPKG_WI-UN-f1-5,78,train_grad_norm_struct_xattn,0,1781092210887,0.0
learn,EOPKG-WI,EOPKGTopologyConditionedWI,88e10c5c5b45467e935548e0decdf824,854778689611649472,_EOPKG_WI-UN-f1-5-78_loan_v1_v5_simulated_GATv2,_EOPKG_WI-UN-f1-5,78,train_grad_norm_struct_xattn,0,1781092323615,0.0
learn,EOPKG-WI,EOPKGTopologyConditionedWI,88e10c5c5b45467e935548e0decdf824,854778689611649472,_EOPKG_WI-UN-f1-5-78_loan_v1_v5_simulated_GATv2,_EOPKG_WI-UN-f1-5,78,train_grad_norm_struct_xattn,0,1781092323615,0.0
learn,EOPKG-WI,EOPKGTopologyConditionedWI,88e10c5c5b45467e935548e0decdf824,854778689611649472,_EOPKG_WI-UN-f1-5-78_loan_v1_v5_simulated_GATv2,_EOPKG_WI-UN-f1-5,78,train_grad_norm_struct_xattn,0,1781092443731,0.0
learn,EOPKG-WI,EOPKGTopologyConditionedWI,88e10c5c5b45467e935548e0decdf824,854778689611649472,_EOPKG_WI-UN-f1-5-78_loan_v1_v5_simulated_GATv2,_EOPKG_WI-UN-f1-5,78,train_grad_norm_struct_xattn,0,1781092443731,0.0
learn,EOPKG-WI,EOPKGTopologyConditionedWI,88e10c5c5b45467e935548e0decdf824,854778689611649472,_EOPKG_WI-UN-f1-5-78_loan_v1_v5_simulated_GATv2,_EOPKG_WI-UN-f1-5,78,train_grad_norm_struct_xattn,0,1781092568132,0.0
learn,EOPKG-WI,EOPKGTopologyConditionedWI,88e10c5c5b45467e935548e0decdf824,854778689611649472,_EOPKG_WI-UN-f1-5-78_loan_v1_v5_simulated_GATv2,_EOPKG_WI-UN-f1-5,78,train_grad_norm_struct_xattn,0,1781092568132,0.0
learn,EOPKG-WI,EOPKGTopologyConditionedWI,88e10c5c5b45467e935548e0decdf824,854778689611649472,_EOPKG_WI-UN-f1-5-78_loan_v1_v5_simulated_GATv2,_EOPKG_WI-UN-f1-5,78,train_grad_norm_struct_xattn,0,1781092680791,0.0
learn,EOPKG-WI,EOPKGTopologyConditionedWI,88e10c5c5b45467e935548e0decdf824,854778689611649472,_EOPKG_WI-UN-f1-5-78_loan_v1_v5_simulated_GATv2,_EOPKG_WI-UN-f1-5,78,train_grad_norm_struct_xattn,0,1781092680791,0.0
learn,EOPKG-WI,EOPKGTopologyConditionedWI,88e10c5c5b45467e935548e0decdf824,854778689611649472,_EOPKG_WI-UN-f1-5-78_loan_v1_v5_simulated_GATv2,_EOPKG_WI-UN-f1-5,78,train_grad_norm_struct_xattn,0,1781092793867,0.0
learn,EOPKG-WI,EOPKGTopologyConditionedWI,88e10c5c5b45467e935548e0decdf824,854778689611649472,_EOPKG_WI-UN-f1-5-78_loan_v1_v5_simulated_GATv2,_EOPKG_WI-UN-f1-5,78,train_grad_norm_struct_xattn,0,1781092793867,0.0
learn,EOPKG-WI,EOPKGTopologyConditionedWI,88e10c5c5b45467e935548e0decdf824,854778689611649472,_EOPKG_WI-UN-f1-5-78_loan_v1_v5_simulated_GATv2,_EOPKG_WI-UN-f1-5,78,train_grad_norm_struct_xattn,0,1781092915816,0.0
learn,EOPKG-WI,EOPKGTopologyConditionedWI,88e10c5c5b45467e935548e0decdf824,854778689611649472,_EOPKG_WI-UN-f1-5-78_loan_v1_v5_simulated_GATv2,_EOPKG_WI-UN-f1-5,78,train_grad_norm_struct_xattn,0,1781092915816,0.0
learn,EOPKG-WI,EOPKGTopologyConditionedWI,88e10c5c5b45467e935548e0decdf824,854778689611649472,_EOPKG_WI-UN-f1-5-78_loan_v1_v5_simulated_GATv2,_EOPKG_WI-UN-f1-5,78,train_grad_norm_struct_xattn,0,1781093034105,0.0
learn,EOPKG-WI,EOPKGTopologyConditionedWI,88e10c5c5b45467e935548e0decdf824,854778689611649472,_EOPKG_WI-UN-f1-5-78_loan_v1_v5_simulated_GATv2,_EOPKG_WI-UN-f1-5,78,train_grad_norm_struct_xattn,0,1781093034105,0.0
learn,EOPKG-WI,EOPKGTopologyConditionedWI,88e10c5c5b45467e935548e0decdf824,854778689611649472,_EOPKG_WI-UN-f1-5-78_loan_v1_v5_simulated_GATv2,_EOPKG_WI-UN-f1-5,78,train_grad_norm_struct_xattn,0,1781093150856,0.0
learn,EOPKG-WI,EOPKGTopologyConditionedWI,88e10c5c5b45467e935548e0decdf824,854778689611649472,_EOPKG_WI-UN-f1-5-78_loan_v1_v5_simulated_GATv2,_EOPKG_WI-UN-f1-5,78,train_grad_norm_struct_xattn,0,1781093150856,0.0
learn,EOPKG-WI,EOPKGTopologyConditionedWI,88e10c5c5b45467e935548e0decdf824,854778689611649472,_EOPKG_WI-UN-f1-5-78_loan_v1_v5_simulated_GATv2,_EOPKG_WI-UN-f1-5,78,train_grad_norm_struct_xattn,0,1781093258915,0.0
learn,EOPKG-WI,EOPKGTopologyConditionedWI,88e10c5c5b45467e935548e0decdf824,854778689611649472,_EOPKG_WI-UN-f1-5-78_loan_v1_v5_simulated_GATv2,_EOPKG_WI-UN-f1-5,78,train_grad_norm_struct_xattn,0,1781093258915,0.0
learn,EOPKG-WI,EOPKGTopologyConditionedWI,88e10c5c5b45467e935548e0decdf824,854778689611649472,_EOPKG_WI-UN-f1-5-78_loan_v1_v5_simulated_GATv2,_EOPKG_WI-UN-f1-5,78,train_grad_norm_struct_xattn,0,1781093361366,0.0
learn,EOPKG-WI,EOPKGTopologyConditionedWI,88e10c5c5b45467e935548e0decdf824,854778689611649472,_EOPKG_WI-UN-f1-5-78_loan_v1_v5_simulated_GATv2,_EOPKG_WI-UN-f1-5,78,train_grad_norm_struct_xattn,0,1781093361366,0.0
learn,EOPKG-WI,EOPKGTopologyConditionedWI,88e10c5c5b45467e935548e0decdf824,854778689611649472,_EOPKG_WI-UN-f1-5-78_loan_v1_v5_simulated_GATv2,_EOPKG_WI-UN-f1-5,78,train_grad_norm_struct_xattn,0,1781093463480,0.0
learn,EOPKG-WI,EOPKGTopologyConditionedWI,88e10c5c5b45467e935548e0decdf824,854778689611649472,_EOPKG_WI-UN-f1-5-78_loan_v1_v5_simulated_GATv2,_EOPKG_WI-UN-f1-5,78,train_grad_norm_struct_xattn,0,1781093463480,0.0
learn,EOPKG-WI,EOPKGTopologyConditionedWI,88e10c5c5b45467e935548e0decdf824,854778689611649472,_EOPKG_WI-UN-f1-5-78_loan_v1_v5_simulated_GATv2,_EOPKG_WI-UN-f1-5,78,train_grad_norm_struct_xattn,0,1781093575329,0.0
learn,EOPKG-WI,EOPKGTopologyConditionedWI,88e10c5c5b45467e935548e0decdf824,854778689611649472,_EOPKG_WI-UN-f1-5-78_loan_v1_v5_simulated_GATv2,_EOPKG_WI-UN-f1-5,78,train_grad_norm_struct_xattn,0,1781093575329,0.0
learn,EOPKG-WI,EOPKGTopologyConditionedWI,88e10c5c5b45467e935548e0decdf824,854778689611649472,_EOPKG_WI-UN-f1-5-78_loan_v1_v5_simulated_GATv2,_EOPKG_WI-UN-f1-5,78,train_grad_norm_struct_xattn,0,1781093684282,0.0
learn,EOPKG-WI,EOPKGTopologyConditionedWI,88e10c5c5b45467e935548e0decdf824,854778689611649472,_EOPKG_WI-UN-f1-5-78_loan_v1_v5_simulated_GATv2,_EOPKG_WI-UN-f1-5,78,train_grad_norm_struct_xattn,0,1781093684282,0.0
learn,EOPKG-WI,EOPKGTopologyConditionedWI,88e10c5c5b45467e935548e0decdf824,854778689611649472,_EOPKG_WI-UN-f1-5-78_loan_v1_v5_simulated_GATv2,_EOPKG_WI-UN-f1-5,78,train_grad_norm_struct_xattn,0,1781093798844,0.0
learn,EOPKG-WI,EOPKGTopologyConditionedWI,88e10c5c5b45467e935548e0decdf824,854778689611649472,_EOPKG_WI-UN-f1-5-78_loan_v1_v5_simulated_GATv2,_EOPKG_WI-UN-f1-5,78,train_grad_norm_struct_xattn,0,1781093798844,0.0
learn,EOPKG-WI,EOPKGTopologyConditionedWI,88e10c5c5b45467e935548e0decdf824,854778689611649472,_EOPKG_WI-UN-f1-5-78_loan_v1_v5_simulated_GATv2,_EOPKG_WI-UN-f1-5,78,train_grad_norm_struct_xattn,0,1781093928098,0.0
learn,EOPKG-WI,EOPKGTopologyConditionedWI,88e10c5c5b45467e935548e0decdf824,854778689611649472,_EOPKG_WI-UN-f1-5-78_loan_v1_v5_simulated_GATv2,_EOPKG_WI-UN-f1-5,78,train_grad_norm_struct_xattn,0,1781093928098,0.0
learn,EOPKG-WI,EOPKGTopologyConditionedWI,88e10c5c5b45467e935548e0decdf824,854778689611649472,_EOPKG_WI-UN-f1-5-78_loan_v1_v5_simulated_GATv2,_EOPKG_WI-UN-f1-5,78,train_grad_norm_struct_xattn,0,1781094041204,0.0
learn,EOPKG-WI,EOPKGTopologyConditionedWI,88e10c5c5b45467e935548e0decdf824,854778689611649472,_EOPKG_WI-UN-f1-5-78_loan_v1_v5_simulated_GATv2,_EOPKG_WI-UN-f1-5,78,train_grad_norm_struct_xattn,0,1781094041204,0.0
learn,EOPKG-WI,EOPKGTopologyConditionedWI,88e10c5c5b45467e935548e0decdf824,854778689611649472,_EOPKG_WI-UN-f1-5-78_loan_v1_v5_simulated_GATv2,_EOPKG_WI-UN-f1-5,78,train_grad_norm_struct_xattn,0,1781094183929,0.0
learn,EOPKG-WI,EOPKGTopologyConditionedWI,88e10c5c5b45467e935548e0decdf824,854778689611649472,_EOPKG_WI-UN-f1-5-78_loan_v1_v5_simulated_GATv2,_EOPKG_WI-UN-f1-5,78,train_grad_norm_struct_xattn,0,1781094183929,0.0
learn,EOPKG-WI,EOPKGTopologyConditionedWI,88e10c5c5b45467e935548e0decdf824,854778689611649472,_EOPKG_WI-UN-f1-5-78_loan_v1_v5_simulated_GATv2,_EOPKG_WI-UN-f1-5,78,train_grad_norm_struct_xattn,0,1781094358148,0.0
learn,EOPKG-WI,EOPKGTopologyConditionedWI,88e10c5c5b45467e935548e0decdf824,854778689611649472,_EOPKG_WI-UN-f1-5-78_loan_v1_v5_simulated_GATv2,_EOPKG_WI-UN-f1-5,78,train_grad_norm_struct_xattn,0,1781094358148,0.0
learn,EOPKG-WI,EOPKGTopologyConditionedWI,88e10c5c5b45467e935548e0decdf824,854778689611649472,_EOPKG_WI-UN-f1-5-78_loan_v1_v5_simulated_GATv2,_EOPKG_WI-UN-f1-5,78,train_grad_norm_struct_xattn,0,1781094544407,0.0
learn,EOPKG-WI,EOPKGTopologyConditionedWI,88e10c5c5b45467e935548e0decdf824,854778689611649472,_EOPKG_WI-UN-f1-5-78_loan_v1_v5_simulated_GATv2,_EOPKG_WI-UN-f1-5,78,train_grad_norm_struct_xattn,0,1781094544407,0.0
learn,EOPKG-WI,EOPKGTopologyConditionedWI,88e10c5c5b45467e935548e0decdf824,854778689611649472,_EOPKG_WI-UN-f1-5-78_loan_v1_v5_simulated_GATv2,_EOPKG_WI-UN-f1-5,78,train_grad_norm_struct_xattn,0,1781094710449,0.0
learn,EOPKG-WI,EOPKGTopologyConditionedWI,88e10c5c5b45467e935548e0decdf824,854778689611649472,_EOPKG_WI-UN-f1-5-78_loan_v1_v5_simulated_GATv2,_EOPKG_WI-UN-f1-5,78,train_grad_norm_struct_xattn,0,1781094710449,0.0
learn,EOPKG-WI,EOPKGTopologyConditionedWI,88e10c5c5b45467e935548e0decdf824,854778689611649472,_EOPKG_WI-UN-f1-5-78_loan_v1_v5_simulated_GATv2,_EOPKG_WI-UN-f1-5,78,train_grad_norm_struct_xattn,0,1781094824835,0.0
learn,EOPKG-WI,EOPKGTopologyConditionedWI,88e10c5c5b45467e935548e0decdf824,854778689611649472,_EOPKG_WI-UN-f1-5-78_loan_v1_v5_simulated_GATv2,_EOPKG_WI-UN-f1-5,78,train_grad_norm_struct_xattn,0,1781094824835,0.0
learn,EOPKG-WI,EOPKGTopologyConditionedWI,88e10c5c5b45467e935548e0decdf824,854778689611649472,_EOPKG_WI-UN-f1-5-78_loan_v1_v5_simulated_GATv2,_EOPKG_WI-UN-f1-5,78,train_grad_norm_struct_xattn,0,1781094946815,0.0
learn,EOPKG-WI,EOPKGTopologyConditionedWI,88e10c5c5b45467e935548e0decdf824,854778689611649472,_EOPKG_WI-UN-f1-5-78_loan_v1_v5_simulated_GATv2,_EOPKG_WI-UN-f1-5,78,train_grad_norm_struct_xattn,0,1781094946815,0.0
learn,EOPKG-WI,EOPKGTopologyConditionedWI,88e10c5c5b45467e935548e0decdf824,854778689611649472,_EOPKG_WI-UN-f1-5-78_loan_v1_v5_simulated_GATv2,_EOPKG_WI-UN-f1-5,78,train_grad_norm_struct_xattn,0,1781095065683,0.0
learn,EOPKG-WI,EOPKGTopologyConditionedWI,88e10c5c5b45467e935548e0decdf824,854778689611649472,_EOPKG_WI-UN-f1-5-78_loan_v1_v5_simulated_GATv2,_EOPKG_WI-UN-f1-5,78,train_grad_norm_struct_xattn,0,1781095065683,0.0
learn,EOPKG-WI,EOPKGTopologyConditionedWI,88e10c5c5b45467e935548e0decdf824,854778689611649472,_EOPKG_WI-UN-f1-5-78_loan_v1_v5_simulated_GATv2,_EOPKG_WI-UN-f1-5,78,train_grad_norm_struct_xattn,0,1781095197727,0.0
learn,EOPKG-WI,EOPKGTopologyConditionedWI,88e10c5c5b45467e935548e0decdf824,854778689611649472,_EOPKG_WI-UN-f1-5-78_loan_v1_v5_simulated_GATv2,_EOPKG_WI-UN-f1-5,78,train_grad_norm_struct_xattn,0,1781095197727,0.0
learn,EOPKG-WI,EOPKGTopologyConditionedWI,88e10c5c5b45467e935548e0decdf824,854778689611649472,_EOPKG_WI-UN-f1-5-78_loan_v1_v5_simulated_GATv2,_EOPKG_WI-UN-f1-5,78,train_grad_norm_struct_xattn,0,1781095304902,0.0
learn,EOPKG-WI,EOPKGTopologyConditionedWI,88e10c5c5b45467e935548e0decdf824,854778689611649472,_EOPKG_WI-UN-f1-5-78_loan_v1_v5_simulated_GATv2,_EOPKG_WI-UN-f1-5,78,train_grad_norm_struct_xattn,0,1781095304902,0.0
learn,EOPKG-WI,EOPKGTopologyConditionedWI,88e10c5c5b45467e935548e0decdf824,854778689611649472,_EOPKG_WI-UN-f1-5-78_loan_v1_v5_simulated_GATv2,_EOPKG_WI-UN-f1-5,78,train_grad_norm_struct_xattn,0,1781095408075,0.0
learn,EOPKG-WI,EOPKGTopologyConditionedWI,88e10c5c5b45467e935548e0decdf824,854778689611649472,_EOPKG_WI-UN-f1-5-78_loan_v1_v5_simulated_GATv2,_EOPKG_WI-UN-f1-5,78,train_grad_norm_struct_xattn,0,1781095408075,0.0
learn,EOPKG-WI,EOPKGTopologyConditionedWI,88e10c5c5b45467e935548e0decdf824,854778689611649472,_EOPKG_WI-UN-f1-5-78_loan_v1_v5_simulated_GATv2,_EOPKG_WI-UN-f1-5,78,train_grad_norm_struct_xattn,0,1781095511928,0.0
learn,EOPKG-WI,EOPKGTopologyConditionedWI,88e10c5c5b45467e935548e0decdf824,854778689611649472,_EOPKG_WI-UN-f1-5-78_loan_v1_v5_simulated_GATv2,_EOPKG_WI-UN-f1-5,78,train_grad_norm_struct_xattn,0,1781095511928,0.0
learn,EOPKG-WI,EOPKGTopologyConditionedWI,88e10c5c5b45467e935548e0decdf824,854778689611649472,_EOPKG_WI-UN-f1-5-78_loan_v1_v5_simulated_GATv2,_EOPKG_WI-UN-f1-5,78,train_grad_norm_struct_xattn,0,1781095612297,0.0
learn,EOPKG-WI,EOPKGTopologyConditionedWI,88e10c5c5b45467e935548e0decdf824,854778689611649472,_EOPKG_WI-UN-f1-5-78_loan_v1_v5_simulated_GATv2,_EOPKG_WI-UN-f1-5,78,train_grad_norm_struct_xattn,0,1781095612297,0.0
learn,EOPKG-WI,EOPKGTopologyConditionedWI,88e10c5c5b45467e935548e0decdf824,854778689611649472,_EOPKG_WI-UN-f1-5-78_loan_v1_v5_simulated_GATv2,_EOPKG_WI-UN-f1-5,78,train_grad_norm_struct_xattn,0,1781095712019,0.0
learn,EOPKG-WI,EOPKGTopologyConditionedWI,88e10c5c5b45467e935548e0decdf824,854778689611649472,_EOPKG_WI-UN-f1-5-78_loan_v1_v5_simulated_GATv2,_EOPKG_WI-UN-f1-5,78,train_grad_norm_struct_xattn,0,1781095712019,0.0
learn,EOPKG-WI,EOPKGTopologyConditionedWI,88e10c5c5b45467e935548e0decdf824,854778689611649472,_EOPKG_WI-UN-f1-5-78_loan_v1_v5_simulated_GATv2,_EOPKG_WI-UN-f1-5,78,train_grad_norm_struct_xattn,0,1781095811355,0.0
learn,EOPKG-WI,EOPKGTopologyConditionedWI,88e10c5c5b45467e935548e0decdf824,854778689611649472,_EOPKG_WI-UN-f1-5-78_loan_v1_v5_simulated_GATv2,_EOPKG_WI-UN-f1-5,78,train_grad_norm_struct_xattn,0,1781095811355,0.0
learn,EOPKG-WI,EOPKGTopologyConditionedWI,88e10c5c5b45467e935548e0decdf824,854778689611649472,_EOPKG_WI-UN-f1-5-78_loan_v1_v5_simulated_GATv2,_EOPKG_WI-UN-f1-5,78,train_grad_norm_struct_xattn,0,1781095909531,0.0
learn,EOPKG-WI,EOPKGTopologyConditionedWI,88e10c5c5b45467e935548e0decdf824,854778689611649472,_EOPKG_WI-UN-f1-5-78_loan_v1_v5_simulated_GATv2,_EOPKG_WI-UN-f1-5,78,train_grad_norm_struct_xattn,0,1781095909531,0.0
learn,EOPKG-WI,EOPKGTopologyConditionedWI,88e10c5c5b45467e935548e0decdf824,854778689611649472,_EOPKG_WI-UN-f1-5-78_loan_v1_v5_simulated_GATv2,_EOPKG_WI-UN-f1-5,78,train_grad_norm_struct_xattn,0,1781096007915,0.0
learn,EOPKG-WI,EOPKGTopologyConditionedWI,88e10c5c5b45467e935548e0decdf824,854778689611649472,_EOPKG_WI-UN-f1-5-78_loan_v1_v5_simulated_GATv2,_EOPKG_WI-UN-f1-5,78,train_grad_norm_struct_xattn,0,1781096007915,0.0
learn,EOPKG-WI,EOPKGTopologyConditionedWI,88e10c5c5b45467e935548e0decdf824,854778689611649472,_EOPKG_WI-UN-f1-5-78_loan_v1_v5_simulated_GATv2,_EOPKG_WI-UN-f1-5,78,train_grad_norm_struct_xattn,0,1781096107029,0.0
learn,EOPKG-WI,EOPKGTopologyConditionedWI,88e10c5c5b45467e935548e0decdf824,854778689611649472,_EOPKG_WI-UN-f1-5-78_loan_v1_v5_simulated_GATv2,_EOPKG_WI-UN-f1-5,78,train_grad_norm_struct_xattn,0,1781096107029,0.0
learn,EOPKG-WI,EOPKGTopologyConditionedWI,88e10c5c5b45467e935548e0decdf824,854778689611649472,_EOPKG_WI-UN-f1-5-78_loan_v1_v5_simulated_GATv2,_EOPKG_WI-UN-f1-5,78,train_grad_norm_struct_xattn,0,1781096206293,0.0
learn,EOPKG-WI,EOPKGTopologyConditionedWI,88e10c5c5b45467e935548e0decdf824,854778689611649472,_EOPKG_WI-UN-f1-5-78_loan_v1_v5_simulated_GATv2,_EOPKG_WI-UN-f1-5,78,train_grad_norm_struct_xattn,0,1781096206293,0.0
learn,EOPKG-WI,EOPKGTopologyConditionedWI,88e10c5c5b45467e935548e0decdf824,854778689611649472,_EOPKG_WI-UN-f1-5-78_loan_v1_v5_simulated_GATv2,_EOPKG_WI-UN-f1-5,78,train_grad_norm_struct_xattn,0,1781096304186,0.0
learn,EOPKG-WI,EOPKGTopologyConditionedWI,88e10c5c5b45467e935548e0decdf824,854778689611649472,_EOPKG_WI-UN-f1-5-78_loan_v1_v5_simulated_GATv2,_EOPKG_WI-UN-f1-5,78,train_grad_norm_struct_xattn,0,1781096304186,0.0
learn,EOPKG-WI,EOPKGTopologyConditionedWI,88e10c5c5b45467e935548e0decdf824,854778689611649472,_EOPKG_WI-UN-f1-5-78_loan_v1_v5_simulated_GATv2,_EOPKG_WI-UN-f1-5,78,train_grad_norm_struct_xattn,0,1781096402835,0.0
learn,EOPKG-WI,EOPKGTopologyConditionedWI,88e10c5c5b45467e935548e0decdf824,854778689611649472,_EOPKG_WI-UN-f1-5-78_loan_v1_v5_simulated_GATv2,_EOPKG_WI-UN-f1-5,78,train_grad_norm_struct_xattn,0,1781096402835,0.0
learn,EOPKG-WI,EOPKGTopologyConditionedWI,88e10c5c5b45467e935548e0decdf824,854778689611649472,_EOPKG_WI-UN-f1-5-78_loan_v1_v5_simulated_GATv2,_EOPKG_WI-UN-f1-5,78,train_grad_norm_struct_xattn,0,1781096502139,0.0
learn,EOPKG-WI,EOPKGTopologyConditionedWI,88e10c5c5b45467e935548e0decdf824,854778689611649472,_EOPKG_WI-UN-f1-5-78_loan_v1_v5_simulated_GATv2,_EOPKG_WI-UN-f1-5,78,train_grad_norm_struct_xattn,0,1781096502139,0.0
learn,EOPKG-WI,EOPKGTopologyConditionedWI,88e10c5c5b45467e935548e0decdf824,854778689611649472,_EOPKG_WI-UN-f1-5-78_loan_v1_v5_simulated_GATv2,_EOPKG_WI-UN-f1-5,78,train_grad_norm_struct_xattn,0,1781096600571,0.0
learn,EOPKG-WI,EOPKGTopologyConditionedWI,88e10c5c5b45467e935548e0decdf824,854778689611649472,_EOPKG_WI-UN-f1-5-78_loan_v1_v5_simulated_GATv2,_EOPKG_WI-UN-f1-5,78,train_grad_norm_struct_xattn,0,1781096600571,0.0
learn,EOPKG-WI,EOPKGTopologyConditionedWI,88e10c5c5b45467e935548e0decdf824,854778689611649472,_EOPKG_WI-UN-f1-5-78_loan_v1_v5_simulated_GATv2,_EOPKG_WI-UN-f1-5,78,train_grad_norm_struct_xattn,0,1781096699890,0.0
learn,EOPKG-WI,EOPKGTopologyConditionedWI,88e10c5c5b45467e935548e0decdf824,854778689611649472,_EOPKG_WI-UN-f1-5-78_loan_v1_v5_simulated_GATv2,_EOPKG_WI-UN-f1-5,78,train_grad_norm_struct_xattn,0,1781096699890,0.0
learn,EOPKG-WI,EOPKGTopologyConditionedWI,88e10c5c5b45467e935548e0decdf824,854778689611649472,_EOPKG_WI-UN-f1-5-78_loan_v1_v5_simulated_GATv2,_EOPKG_WI-UN-f1-5,78,train_grad_norm_struct_xattn,0,1781096798763,0.0
learn,EOPKG-WI,EOPKGTopologyConditionedWI,88e10c5c5b45467e935548e0decdf824,854778689611649472,_EOPKG_WI-UN-f1-5-78_loan_v1_v5_simulated_GATv2,_EOPKG_WI-UN-f1-5,78,train_grad_norm_struct_xattn,0,1781096798763,0.0
learn,EOPKG-WI,EOPKGTopologyConditionedWI,88e10c5c5b45467e935548e0decdf824,854778689611649472,_EOPKG_WI-UN-f1-5-78_loan_v1_v5_simulated_GATv2,_EOPKG_WI-UN-f1-5,78,train_grad_norm_struct_xattn,0,1781096897739,0.0
learn,EOPKG-WI,EOPKGTopologyConditionedWI,88e10c5c5b45467e935548e0decdf824,854778689611649472,_EOPKG_WI-UN-f1-5-78_loan_v1_v5_simulated_GATv2,_EOPKG_WI-UN-f1-5,78,train_grad_norm_struct_xattn,0,1781096897739,0.0
learn,EOPKG-WI,EOPKGTopologyConditionedWI,88e10c5c5b45467e935548e0decdf824,854778689611649472,_EOPKG_WI-UN-f1-5-78_loan_v1_v5_simulated_GATv2,_EOPKG_WI-UN-f1-5,78,train_grad_norm_struct_xattn,0,1781096996995,0.0
learn,EOPKG-WI,EOPKGTopologyConditionedWI,88e10c5c5b45467e935548e0decdf824,854778689611649472,_EOPKG_WI-UN-f1-5-78_loan_v1_v5_simulated_GATv2,_EOPKG_WI-UN-f1-5,78,train_grad_norm_struct_xattn,0,1781096996995,0.0
learn,EOPKG-WI,EOPKGTopologyConditionedWI,88e10c5c5b45467e935548e0decdf824,854778689611649472,_EOPKG_WI-UN-f1-5-78_loan_v1_v5_simulated_GATv2,_EOPKG_WI-UN-f1-5,78,train_grad_norm_struct_xattn,0,1781097096036,0.0
learn,EOPKG-WI,EOPKGTopologyConditionedWI,88e10c5c5b45467e935548e0decdf824,854778689611649472,_EOPKG_WI-UN-f1-5-78_loan_v1_v5_simulated_GATv2,_EOPKG_WI-UN-f1-5,78,train_grad_norm_struct_xattn,0,1781097096036,0.0
learn,EOPKG-WI,EOPKGTopologyConditionedWI,88e10c5c5b45467e935548e0decdf824,854778689611649472,_EOPKG_WI-UN-f1-5-78_loan_v1_v5_simulated_GATv2,_EOPKG_WI-UN-f1-5,78,train_grad_norm_struct_xattn,0,1781097196842,0.0
learn,EOPKG-WI,EOPKGTopologyConditionedWI,88e10c5c5b45467e935548e0decdf824,854778689611649472,_EOPKG_WI-UN-f1-5-78_loan_v1_v5_simulated_GATv2,_EOPKG_WI-UN-f1-5,78,train_grad_norm_struct_xattn,0,1781097196842,0.0
learn,EOPKG-WI,EOPKGTopologyConditionedWI,88e10c5c5b45467e935548e0decdf824,854778689611649472,_EOPKG_WI-UN-f1-5-78_loan_v1_v5_simulated_GATv2,_EOPKG_WI-UN-f1-5,78,train_grad_norm_struct_xattn,0,1781097296586,0.0
learn,EOPKG-WI,EOPKGTopologyConditionedWI,88e10c5c5b45467e935548e0decdf824,854778689611649472,_EOPKG_WI-UN-f1-5-78_loan_v1_v5_simulated_GATv2,_EOPKG_WI-UN-f1-5,78,train_grad_norm_struct_xattn,0,1781097296586,0.0
learn,EOPKG-WI,EOPKGTopologyConditionedWI,88e10c5c5b45467e935548e0decdf824,854778689611649472,_EOPKG_WI-UN-f1-5-78_loan_v1_v5_simulated_GATv2,_EOPKG_WI-UN-f1-5,78,train_grad_norm_struct_xattn,0,1781097396788,0.0
learn,EOPKG-WI,EOPKGTopologyConditionedWI,88e10c5c5b45467e935548e0decdf824,854778689611649472,_EOPKG_WI-UN-f1-5-78_loan_v1_v5_simulated_GATv2,_EOPKG_WI-UN-f1-5,78,train_grad_norm_struct_xattn,0,1781097396788,0.0
learn,EOPKG-WI,EOPKGTopologyConditionedWI,88e10c5c5b45467e935548e0decdf824,854778689611649472,_EOPKG_WI-UN-f1-5-78_loan_v1_v5_simulated_GATv2,_EOPKG_WI-UN-f1-5,78,train_grad_norm_struct_xattn,0,1781097495950,0.0
learn,EOPKG-WI,EOPKGTopologyConditionedWI,88e10c5c5b45467e935548e0decdf824,854778689611649472,_EOPKG_WI-UN-f1-5-78_loan_v1_v5_simulated_GATv2,_EOPKG_WI-UN-f1-5,78,train_grad_norm_struct_xattn,0,1781097495950,0.0
learn,EOPKG-WI,EOPKGTopologyConditionedWI,88e10c5c5b45467e935548e0decdf824,854778689611649472,_EOPKG_WI-UN-f1-5-78_loan_v1_v5_simulated_GATv2,_EOPKG_WI-UN-f1-5,78,train_grad_norm_struct_xattn,0,1781097595226,0.0
learn,EOPKG-WI,EOPKGTopologyConditionedWI,88e10c5c5b45467e935548e0decdf824,854778689611649472,_EOPKG_WI-UN-f1-5-78_loan_v1_v5_simulated_GATv2,_EOPKG_WI-UN-f1-5,78,train_grad_norm_struct_xattn,0,1781097595226,0.0
learn,EOPKG-WI,EOPKGTopologyConditionedWI,8b07202c23874e298ad9b3445b49872d,854778689611649472,_EOPKG_WI-UN-f1-5-42_loan_v1_v5_simulated_GATv2,_EOPKG_WI-UN-f1-5,42,train_grad_norm_struct_xattn,0,1781630523048,0.0
learn,EOPKG-WI,EOPKGTopologyConditionedWI,8b07202c23874e298ad9b3445b49872d,854778689611649472,_EOPKG_WI-UN-f1-5-42_loan_v1_v5_simulated_GATv2,_EOPKG_WI-UN-f1-5,42,train_grad_norm_struct_xattn,0,1781630523048,0.0
learn,EOPKG-WI,EOPKGTopologyConditionedWI,8b07202c23874e298ad9b3445b49872d,854778689611649472,_EOPKG_WI-UN-f1-5-42_loan_v1_v5_simulated_GATv2,_EOPKG_WI-UN-f1-5,42,train_grad_norm_struct_xattn,0,1781630648409,0.0
learn,EOPKG-WI,EOPKGTopologyConditionedWI,8b07202c23874e298ad9b3445b49872d,854778689611649472,_EOPKG_WI-UN-f1-5-42_loan_v1_v5_simulated_GATv2,_EOPKG_WI-UN-f1-5,42,train_grad_norm_struct_xattn,0,1781630648409,0.0
learn,EOPKG-WI,EOPKGTopologyConditionedWI,8b07202c23874e298ad9b3445b49872d,854778689611649472,_EOPKG_WI-UN-f1-5-42_loan_v1_v5_simulated_GATv2,_EOPKG_WI-UN-f1-5,42,train_grad_norm_struct_xattn,0,1781630757042,0.0
learn,EOPKG-WI,EOPKGTopologyConditionedWI,8b07202c23874e298ad9b3445b49872d,854778689611649472,_EOPKG_WI-UN-f1-5-42_loan_v1_v5_simulated_GATv2,_EOPKG_WI-UN-f1-5,42,train_grad_norm_struct_xattn,0,1781630757042,0.0
learn,EOPKG-WI,EOPKGTopologyConditionedWI,8b07202c23874e298ad9b3445b49872d,854778689611649472,_EOPKG_WI-UN-f1-5-42_loan_v1_v5_simulated_GATv2,_EOPKG_WI-UN-f1-5,42,train_grad_norm_struct_xattn,0,1781630891958,0.0
learn,EOPKG-WI,EOPKGTopologyConditionedWI,8b07202c23874e298ad9b3445b49872d,854778689611649472,_EOPKG_WI-UN-f1-5-42_loan_v1_v5_simulated_GATv2,_EOPKG_WI-UN-f1-5,42,train_grad_norm_struct_xattn,0,1781630891958,0.0
learn,EOPKG-WI,EOPKGTopologyConditionedWI,8b07202c23874e298ad9b3445b49872d,854778689611649472,_EOPKG_WI-UN-f1-5-42_loan_v1_v5_simulated_GATv2,_EOPKG_WI-UN-f1-5,42,train_grad_norm_struct_xattn,0,1781631008028,0.0
learn,EOPKG-WI,EOPKGTopologyConditionedWI,8b07202c23874e298ad9b3445b49872d,854778689611649472,_EOPKG_WI-UN-f1-5-42_loan_v1_v5_simulated_GATv2,_EOPKG_WI-UN-f1-5,42,train_grad_norm_struct_xattn,0,1781631008028,0.0
learn,EOPKG-WI,EOPKGTopologyConditionedWI,8b07202c23874e298ad9b3445b49872d,854778689611649472,_EOPKG_WI-UN-f1-5-42_loan_v1_v5_simulated_GATv2,_EOPKG_WI-UN-f1-5,42,train_grad_norm_struct_xattn,0,1781631171745,0.0
learn,EOPKG-WI,EOPKGTopologyConditionedWI,8b07202c23874e298ad9b3445b49872d,854778689611649472,_EOPKG_WI-UN-f1-5-42_loan_v1_v5_simulated_GATv2,_EOPKG_WI-UN-f1-5,42,train_grad_norm_struct_xattn,0,1781631171745,0.0
learn,EOPKG-WI,EOPKGTopologyConditionedWI,8b07202c23874e298ad9b3445b49872d,854778689611649472,_EOPKG_WI-UN-f1-5-42_loan_v1_v5_simulated_GATv2,_EOPKG_WI-UN-f1-5,42,train_grad_norm_struct_xattn,0,1781631306830,0.0
learn,EOPKG-WI,EOPKGTopologyConditionedWI,8b07202c23874e298ad9b3445b49872d,854778689611649472,_EOPKG_WI-UN-f1-5-42_loan_v1_v5_simulated_GATv2,_EOPKG_WI-UN-f1-5,42,train_grad_norm_struct_xattn,0,1781631306830,0.0
learn,EOPKG-WI,EOPKGTopologyConditionedWI,8b07202c23874e298ad9b3445b49872d,854778689611649472,_EOPKG_WI-UN-f1-5-42_loan_v1_v5_simulated_GATv2,_EOPKG_WI-UN-f1-5,42,train_grad_norm_struct_xattn,0,1781631445465,0.0
learn,EOPKG-WI,EOPKGTopologyConditionedWI,8b07202c23874e298ad9b3445b49872d,854778689611649472,_EOPKG_WI-UN-f1-5-42_loan_v1_v5_simulated_GATv2,_EOPKG_WI-UN-f1-5,42,train_grad_norm_struct_xattn,0,1781631445465,0.0
learn,EOPKG-WI,EOPKGTopologyConditionedWI,8b07202c23874e298ad9b3445b49872d,854778689611649472,_EOPKG_WI-UN-f1-5-42_loan_v1_v5_simulated_GATv2,_EOPKG_WI-UN-f1-5,42,train_grad_norm_struct_xattn,0,1781631595756,0.0
learn,EOPKG-WI,EOPKGTopologyConditionedWI,8b07202c23874e298ad9b3445b49872d,854778689611649472,_EOPKG_WI-UN-f1-5-42_loan_v1_v5_simulated_GATv2,_EOPKG_WI-UN-f1-5,42,train_grad_norm_struct_xattn,0,1781631595756,0.0
learn,EOPKG-WI,EOPKGTopologyConditionedWI,8b07202c23874e298ad9b3445b49872d,854778689611649472,_EOPKG_WI-UN-f1-5-42_loan_v1_v5_simulated_GATv2,_EOPKG_WI-UN-f1-5,42,train_grad_norm_struct_xattn,0,1781631735627,0.0
learn,EOPKG-WI,EOPKGTopologyConditionedWI,8b07202c23874e298ad9b3445b49872d,854778689611649472,_EOPKG_WI-UN-f1-5-42_loan_v1_v5_simulated_GATv2,_EOPKG_WI-UN-f1-5,42,train_grad_norm_struct_xattn,0,1781631735627,0.0
learn,EOPKG-WI,EOPKGTopologyConditionedWI,8b07202c23874e298ad9b3445b49872d,854778689611649472,_EOPKG_WI-UN-f1-5-42_loan_v1_v5_simulated_GATv2,_EOPKG_WI-UN-f1-5,42,train_grad_norm_struct_xattn,0,1781631879450,0.0
learn,EOPKG-WI,EOPKGTopologyConditionedWI,8b07202c23874e298ad9b3445b49872d,854778689611649472,_EOPKG_WI-UN-f1-5-42_loan_v1_v5_simulated_GATv2,_EOPKG_WI-UN-f1-5,42,train_grad_norm_struct_xattn,0,1781631879450,0.0
learn,EOPKG-WI,EOPKGTopologyConditionedWI,8b07202c23874e298ad9b3445b49872d,854778689611649472,_EOPKG_WI-UN-f1-5-42_loan_v1_v5_simulated_GATv2,_EOPKG_WI-UN-f1-5,42,train_grad_norm_struct_xattn,0,1781632016178,0.0
learn,EOPKG-WI,EOPKGTopologyConditionedWI,8b07202c23874e298ad9b3445b49872d,854778689611649472,_EOPKG_WI-UN-f1-5-42_loan_v1_v5_simulated_GATv2,_EOPKG_WI-UN-f1-5,42,train_grad_norm_struct_xattn,0,1781632016178,0.0
learn,EOPKG-WI,EOPKGTopologyConditionedWI,8b07202c23874e298ad9b3445b49872d,854778689611649472,_EOPKG_WI-UN-f1-5-42_loan_v1_v5_simulated_GATv2,_EOPKG_WI-UN-f1-5,42,train_grad_norm_struct_xattn,0,1781632162015,0.0
learn,EOPKG-WI,EOPKGTopologyConditionedWI,8b07202c23874e298ad9b3445b49872d,854778689611649472,_EOPKG_WI-UN-f1-5-42_loan_v1_v5_simulated_GATv2,_EOPKG_WI-UN-f1-5,42,train_grad_norm_struct_xattn,0,1781632162015,0.0
learn,EOPKG-WI,EOPKGTopologyConditionedWI,8b07202c23874e298ad9b3445b49872d,854778689611649472,_EOPKG_WI-UN-f1-5-42_loan_v1_v5_simulated_GATv2,_EOPKG_WI-UN-f1-5,42,train_grad_norm_struct_xattn,0,1781632311078,0.0
learn,EOPKG-WI,EOPKGTopologyConditionedWI,8b07202c23874e298ad9b3445b49872d,854778689611649472,_EOPKG_WI-UN-f1-5-42_loan_v1_v5_simulated_GATv2,_EOPKG_WI-UN-f1-5,42,train_grad_norm_struct_xattn,0,1781632311078,0.0
learn,EOPKG-WI,EOPKGTopologyConditionedWI,8b07202c23874e298ad9b3445b49872d,854778689611649472,_EOPKG_WI-UN-f1-5-42_loan_v1_v5_simulated_GATv2,_EOPKG_WI-UN-f1-5,42,train_grad_norm_struct_xattn,0,1781632444104,0.0
learn,EOPKG-WI,EOPKGTopologyConditionedWI,8b07202c23874e298ad9b3445b49872d,854778689611649472,_EOPKG_WI-UN-f1-5-42_loan_v1_v5_simulated_GATv2,_EOPKG_WI-UN-f1-5,42,train_grad_norm_struct_xattn,0,1781632444104,0.0
learn,EOPKG-WI,EOPKGTopologyConditionedWI,8b07202c23874e298ad9b3445b49872d,854778689611649472,_EOPKG_WI-UN-f1-5-42_loan_v1_v5_simulated_GATv2,_EOPKG_WI-UN-f1-5,42,train_grad_norm_struct_xattn,0,1781632586378,0.0
learn,EOPKG-WI,EOPKGTopologyConditionedWI,8b07202c23874e298ad9b3445b49872d,854778689611649472,_EOPKG_WI-UN-f1-5-42_loan_v1_v5_simulated_GATv2,_EOPKG_WI-UN-f1-5,42,train_grad_norm_struct_xattn,0,1781632586378,0.0
learn,EOPKG-WI,EOPKGTopologyConditionedWI,8b07202c23874e298ad9b3445b49872d,854778689611649472,_EOPKG_WI-UN-f1-5-42_loan_v1_v5_simulated_GATv2,_EOPKG_WI-UN-f1-5,42,train_grad_norm_struct_xattn,0,1781632766947,0.0
learn,EOPKG-WI,EOPKGTopologyConditionedWI,8b07202c23874e298ad9b3445b49872d,854778689611649472,_EOPKG_WI-UN-f1-5-42_loan_v1_v5_simulated_GATv2,_EOPKG_WI-UN-f1-5,42,train_grad_norm_struct_xattn,0,1781632766947,0.0
learn,EOPKG-WI,EOPKGTopologyConditionedWI,8b07202c23874e298ad9b3445b49872d,854778689611649472,_EOPKG_WI-UN-f1-5-42_loan_v1_v5_simulated_GATv2,_EOPKG_WI-UN-f1-5,42,train_grad_norm_struct_xattn,0,1781632922086,0.0
learn,EOPKG-WI,EOPKGTopologyConditionedWI,8b07202c23874e298ad9b3445b49872d,854778689611649472,_EOPKG_WI-UN-f1-5-42_loan_v1_v5_simulated_GATv2,_EOPKG_WI-UN-f1-5,42,train_grad_norm_struct_xattn,0,1781632922086,0.0
learn,EOPKG-WI,EOPKGTopologyConditionedWI,8b07202c23874e298ad9b3445b49872d,854778689611649472,_EOPKG_WI-UN-f1-5-42_loan_v1_v5_simulated_GATv2,_EOPKG_WI-UN-f1-5,42,train_grad_norm_struct_xattn,0,1781633078520,0.0
learn,EOPKG-WI,EOPKGTopologyConditionedWI,8b07202c23874e298ad9b3445b49872d,854778689611649472,_EOPKG_WI-UN-f1-5-42_loan_v1_v5_simulated_GATv2,_EOPKG_WI-UN-f1-5,42,train_grad_norm_struct_xattn,0,1781633078520,0.0
learn,EOPKG-WI,EOPKGTopologyConditionedWI,8b07202c23874e298ad9b3445b49872d,854778689611649472,_EOPKG_WI-UN-f1-5-42_loan_v1_v5_simulated_GATv2,_EOPKG_WI-UN-f1-5,42,train_grad_norm_struct_xattn,0,1781633218008,0.0
learn,EOPKG-WI,EOPKGTopologyConditionedWI,8b07202c23874e298ad9b3445b49872d,854778689611649472,_EOPKG_WI-UN-f1-5-42_loan_v1_v5_simulated_GATv2,_EOPKG_WI-UN-f1-5,42,train_grad_norm_struct_xattn,0,1781633218008,0.0
learn,EOPKG-WI,EOPKGTopologyConditionedWI,8b07202c23874e298ad9b3445b49872d,854778689611649472,_EOPKG_WI-UN-f1-5-42_loan_v1_v5_simulated_GATv2,_EOPKG_WI-UN-f1-5,42,train_grad_norm_struct_xattn,0,1781633334921,0.0
learn,EOPKG-WI,EOPKGTopologyConditionedWI,8b07202c23874e298ad9b3445b49872d,854778689611649472,_EOPKG_WI-UN-f1-5-42_loan_v1_v5_simulated_GATv2,_EOPKG_WI-UN-f1-5,42,train_grad_norm_struct_xattn,0,1781633334921,0.0
learn,EOPKG-WI,EOPKGTopologyConditionedWI,8b07202c23874e298ad9b3445b49872d,854778689611649472,_EOPKG_WI-UN-f1-5-42_loan_v1_v5_simulated_GATv2,_EOPKG_WI-UN-f1-5,42,train_grad_norm_struct_xattn,0,1781633447936,0.0
learn,EOPKG-WI,EOPKGTopologyConditionedWI,8b07202c23874e298ad9b3445b49872d,854778689611649472,_EOPKG_WI-UN-f1-5-42_loan_v1_v5_simulated_GATv2,_EOPKG_WI-UN-f1-5,42,train_grad_norm_struct_xattn,0,1781633447936,0.0
learn,EOPKG-WI,EOPKGTopologyConditionedWI,8b07202c23874e298ad9b3445b49872d,854778689611649472,_EOPKG_WI-UN-f1-5-42_loan_v1_v5_simulated_GATv2,_EOPKG_WI-UN-f1-5,42,train_grad_norm_struct_xattn,0,1781633561591,0.0
learn,EOPKG-WI,EOPKGTopologyConditionedWI,8b07202c23874e298ad9b3445b49872d,854778689611649472,_EOPKG_WI-UN-f1-5-42_loan_v1_v5_simulated_GATv2,_EOPKG_WI-UN-f1-5,42,train_grad_norm_struct_xattn,0,1781633561591,0.0
learn,EOPKG-WI,EOPKGTopologyConditionedWI,8b07202c23874e298ad9b3445b49872d,854778689611649472,_EOPKG_WI-UN-f1-5-42_loan_v1_v5_simulated_GATv2,_EOPKG_WI-UN-f1-5,42,train_grad_norm_struct_xattn,0,1781633675725,0.0
learn,EOPKG-WI,EOPKGTopologyConditionedWI,8b07202c23874e298ad9b3445b49872d,854778689611649472,_EOPKG_WI-UN-f1-5-42_loan_v1_v5_simulated_GATv2,_EOPKG_WI-UN-f1-5,42,train_grad_norm_struct_xattn,0,1781633675725,0.0
learn,EOPKG-WI,EOPKGTopologyConditionedWI,8b07202c23874e298ad9b3445b49872d,854778689611649472,_EOPKG_WI-UN-f1-5-42_loan_v1_v5_simulated_GATv2,_EOPKG_WI-UN-f1-5,42,train_grad_norm_struct_xattn,0,1781633792829,0.0
learn,EOPKG-WI,EOPKGTopologyConditionedWI,8b07202c23874e298ad9b3445b49872d,854778689611649472,_EOPKG_WI-UN-f1-5-42_loan_v1_v5_simulated_GATv2,_EOPKG_WI-UN-f1-5,42,train_grad_norm_struct_xattn,0,1781633792829,0.0
learn,EOPKG-WI,EOPKGTopologyConditionedWI,8b07202c23874e298ad9b3445b49872d,854778689611649472,_EOPKG_WI-UN-f1-5-42_loan_v1_v5_simulated_GATv2,_EOPKG_WI-UN-f1-5,42,train_grad_norm_struct_xattn,0,1781633910031,0.0
learn,EOPKG-WI,EOPKGTopologyConditionedWI,8b07202c23874e298ad9b3445b49872d,854778689611649472,_EOPKG_WI-UN-f1-5-42_loan_v1_v5_simulated_GATv2,_EOPKG_WI-UN-f1-5,42,train_grad_norm_struct_xattn,0,1781633910031,0.0
learn,EOPKG-WI,EOPKGTopologyConditionedWI,8b07202c23874e298ad9b3445b49872d,854778689611649472,_EOPKG_WI-UN-f1-5-42_loan_v1_v5_simulated_GATv2,_EOPKG_WI-UN-f1-5,42,train_grad_norm_struct_xattn,0,1781634204941,0.0
learn,EOPKG-WI,EOPKGTopologyConditionedWI,8b07202c23874e298ad9b3445b49872d,854778689611649472,_EOPKG_WI-UN-f1-5-42_loan_v1_v5_simulated_GATv2,_EOPKG_WI-UN-f1-5,42,train_grad_norm_struct_xattn,0,1781634204941,0.0
learn,EOPKG-WI,EOPKGTopologyConditionedWI,8b07202c23874e298ad9b3445b49872d,854778689611649472,_EOPKG_WI-UN-f1-5-42_loan_v1_v5_simulated_GATv2,_EOPKG_WI-UN-f1-5,42,train_grad_norm_struct_xattn,0,1781634372786,0.0
learn,EOPKG-WI,EOPKGTopologyConditionedWI,8b07202c23874e298ad9b3445b49872d,854778689611649472,_EOPKG_WI-UN-f1-5-42_loan_v1_v5_simulated_GATv2,_EOPKG_WI-UN-f1-5,42,train_grad_norm_struct_xattn,0,1781634372786,0.0
learn,EOPKG-WI,EOPKGTopologyConditionedWI,8b07202c23874e298ad9b3445b49872d,854778689611649472,_EOPKG_WI-UN-f1-5-42_loan_v1_v5_simulated_GATv2,_EOPKG_WI-UN-f1-5,42,train_grad_norm_struct_xattn,0,1781634482776,0.0
learn,EOPKG-WI,EOPKGTopologyConditionedWI,8b07202c23874e298ad9b3445b49872d,854778689611649472,_EOPKG_WI-UN-f1-5-42_loan_v1_v5_simulated_GATv2,_EOPKG_WI-UN-f1-5,42,train_grad_norm_struct_xattn,0,1781634482776,0.0
learn,EOPKG-WI,EOPKGTopologyConditionedWI,8b07202c23874e298ad9b3445b49872d,854778689611649472,_EOPKG_WI-UN-f1-5-42_loan_v1_v5_simulated_GATv2,_EOPKG_WI-UN-f1-5,42,train_grad_norm_struct_xattn,0,1781634595379,0.0
learn,EOPKG-WI,EOPKGTopologyConditionedWI,8b07202c23874e298ad9b3445b49872d,854778689611649472,_EOPKG_WI-UN-f1-5-42_loan_v1_v5_simulated_GATv2,_EOPKG_WI-UN-f1-5,42,train_grad_norm_struct_xattn,0,1781634595379,0.0
learn,EOPKG-WI,EOPKGTopologyConditionedWI,8b07202c23874e298ad9b3445b49872d,854778689611649472,_EOPKG_WI-UN-f1-5-42_loan_v1_v5_simulated_GATv2,_EOPKG_WI-UN-f1-5,42,train_grad_norm_struct_xattn,0,1781634703434,0.0
learn,EOPKG-WI,EOPKGTopologyConditionedWI,8b07202c23874e298ad9b3445b49872d,854778689611649472,_EOPKG_WI-UN-f1-5-42_loan_v1_v5_simulated_GATv2,_EOPKG_WI-UN-f1-5,42,train_grad_norm_struct_xattn,0,1781634703434,0.0
learn,EOPKG-WI,EOPKGTopologyConditionedWI,8b07202c23874e298ad9b3445b49872d,854778689611649472,_EOPKG_WI-UN-f1-5-42_loan_v1_v5_simulated_GATv2,_EOPKG_WI-UN-f1-5,42,train_grad_norm_struct_xattn,0,1781634835772,0.0
learn,EOPKG-WI,EOPKGTopologyConditionedWI,8b07202c23874e298ad9b3445b49872d,854778689611649472,_EOPKG_WI-UN-f1-5-42_loan_v1_v5_simulated_GATv2,_EOPKG_WI-UN-f1-5,42,train_grad_norm_struct_xattn,0,1781634835772,0.0
learn,EOPKG-WI,EOPKGTopologyConditionedWI,8b07202c23874e298ad9b3445b49872d,854778689611649472,_EOPKG_WI-UN-f1-5-42_loan_v1_v5_simulated_GATv2,_EOPKG_WI-UN-f1-5,42,train_grad_norm_struct_xattn,0,1781635030758,0.0
learn,EOPKG-WI,EOPKGTopologyConditionedWI,8b07202c23874e298ad9b3445b49872d,854778689611649472,_EOPKG_WI-UN-f1-5-42_loan_v1_v5_simulated_GATv2,_EOPKG_WI-UN-f1-5,42,train_grad_norm_struct_xattn,0,1781635030758,0.0
learn,EOPKG-WI,EOPKGTopologyConditionedWI,8b07202c23874e298ad9b3445b49872d,854778689611649472,_EOPKG_WI-UN-f1-5-42_loan_v1_v5_simulated_GATv2,_EOPKG_WI-UN-f1-5,42,train_grad_norm_struct_xattn,0,1781635237312,0.0
learn,EOPKG-WI,EOPKGTopologyConditionedWI,8b07202c23874e298ad9b3445b49872d,854778689611649472,_EOPKG_WI-UN-f1-5-42_loan_v1_v5_simulated_GATv2,_EOPKG_WI-UN-f1-5,42,train_grad_norm_struct_xattn,0,1781635237312,0.0
learn,EOPKG-WI,EOPKGTopologyConditionedWI,8b07202c23874e298ad9b3445b49872d,854778689611649472,_EOPKG_WI-UN-f1-5-42_loan_v1_v5_simulated_GATv2,_EOPKG_WI-UN-f1-5,42,train_grad_norm_struct_xattn,0,1781635445337,0.0
learn,EOPKG-WI,EOPKGTopologyConditionedWI,8b07202c23874e298ad9b3445b49872d,854778689611649472,_EOPKG_WI-UN-f1-5-42_loan_v1_v5_simulated_GATv2,_EOPKG_WI-UN-f1-5,42,train_grad_norm_struct_xattn,0,1781635445337,0.0
learn,EOPKG-WI,EOPKGTopologyConditionedWI,8b07202c23874e298ad9b3445b49872d,854778689611649472,_EOPKG_WI-UN-f1-5-42_loan_v1_v5_simulated_GATv2,_EOPKG_WI-UN-f1-5,42,train_grad_norm_struct_xattn,0,1781635637607,0.0
learn,EOPKG-WI,EOPKGTopologyConditionedWI,8b07202c23874e298ad9b3445b49872d,854778689611649472,_EOPKG_WI-UN-f1-5-42_loan_v1_v5_simulated_GATv2,_EOPKG_WI-UN-f1-5,42,train_grad_norm_struct_xattn,0,1781635637607,0.0
learn,EOPKG-WI,EOPKGTopologyConditionedWI,8b07202c23874e298ad9b3445b49872d,854778689611649472,_EOPKG_WI-UN-f1-5-42_loan_v1_v5_simulated_GATv2,_EOPKG_WI-UN-f1-5,42,train_grad_norm_struct_xattn,0,1781635836547,0.0
learn,EOPKG-WI,EOPKGTopologyConditionedWI,8b07202c23874e298ad9b3445b49872d,854778689611649472,_EOPKG_WI-UN-f1-5-42_loan_v1_v5_simulated_GATv2,_EOPKG_WI-UN-f1-5,42,train_grad_norm_struct_xattn,0,1781635836547,0.0
learn,EOPKG-WI,EOPKGTopologyConditionedWI,8b07202c23874e298ad9b3445b49872d,854778689611649472,_EOPKG_WI-UN-f1-5-42_loan_v1_v5_simulated_GATv2,_EOPKG_WI-UN-f1-5,42,train_grad_norm_struct_xattn,0,1781636028967,0.0
learn,EOPKG-WI,EOPKGTopologyConditionedWI,8b07202c23874e298ad9b3445b49872d,854778689611649472,_EOPKG_WI-UN-f1-5-42_loan_v1_v5_simulated_GATv2,_EOPKG_WI-UN-f1-5,42,train_grad_norm_struct_xattn,0,1781636028967,0.0
learn,EOPKG-WI,EOPKGTopologyConditionedWI,8b07202c23874e298ad9b3445b49872d,854778689611649472,_EOPKG_WI-UN-f1-5-42_loan_v1_v5_simulated_GATv2,_EOPKG_WI-UN-f1-5,42,train_grad_norm_struct_xattn,0,1781636228914,0.0
learn,EOPKG-WI,EOPKGTopologyConditionedWI,8b07202c23874e298ad9b3445b49872d,854778689611649472,_EOPKG_WI-UN-f1-5-42_loan_v1_v5_simulated_GATv2,_EOPKG_WI-UN-f1-5,42,train_grad_norm_struct_xattn,0,1781636228914,0.0
learn,EOPKG-WI,EOPKGTopologyConditionedWI,8b07202c23874e298ad9b3445b49872d,854778689611649472,_EOPKG_WI-UN-f1-5-42_loan_v1_v5_simulated_GATv2,_EOPKG_WI-UN-f1-5,42,train_grad_norm_struct_xattn,0,1781636440170,0.0
learn,EOPKG-WI,EOPKGTopologyConditionedWI,8b07202c23874e298ad9b3445b49872d,854778689611649472,_EOPKG_WI-UN-f1-5-42_loan_v1_v5_simulated_GATv2,_EOPKG_WI-UN-f1-5,42,train_grad_norm_struct_xattn,0,1781636440170,0.0
learn,EOPKG-WI,EOPKGTopologyConditionedWI,8b07202c23874e298ad9b3445b49872d,854778689611649472,_EOPKG_WI-UN-f1-5-42_loan_v1_v5_simulated_GATv2,_EOPKG_WI-UN-f1-5,42,train_grad_norm_struct_xattn,0,1781636637157,0.0
learn,EOPKG-WI,EOPKGTopologyConditionedWI,8b07202c23874e298ad9b3445b49872d,854778689611649472,_EOPKG_WI-UN-f1-5-42_loan_v1_v5_simulated_GATv2,_EOPKG_WI-UN-f1-5,42,train_grad_norm_struct_xattn,0,1781636637157,0.0
learn,EOPKG-WI,EOPKGTopologyConditionedWI,8b07202c23874e298ad9b3445b49872d,854778689611649472,_EOPKG_WI-UN-f1-5-42_loan_v1_v5_simulated_GATv2,_EOPKG_WI-UN-f1-5,42,train_grad_norm_struct_xattn,0,1781636836308,0.0
learn,EOPKG-WI,EOPKGTopologyConditionedWI,8b07202c23874e298ad9b3445b49872d,854778689611649472,_EOPKG_WI-UN-f1-5-42_loan_v1_v5_simulated_GATv2,_EOPKG_WI-UN-f1-5,42,train_grad_norm_struct_xattn,0,1781636836308,0.0
learn,EOPKG-WI,EOPKGTopologyConditionedWI,8b07202c23874e298ad9b3445b49872d,854778689611649472,_EOPKG_WI-UN-f1-5-42_loan_v1_v5_simulated_GATv2,_EOPKG_WI-UN-f1-5,42,train_grad_norm_struct_xattn,0,1781636979513,0.0
learn,EOPKG-WI,EOPKGTopologyConditionedWI,8b07202c23874e298ad9b3445b49872d,854778689611649472,_EOPKG_WI-UN-f1-5-42_loan_v1_v5_simulated_GATv2,_EOPKG_WI-UN-f1-5,42,train_grad_norm_struct_xattn,0,1781636979513,0.0
learn,EOPKG-WI,EOPKGTopologyConditionedWI,8b07202c23874e298ad9b3445b49872d,854778689611649472,_EOPKG_WI-UN-f1-5-42_loan_v1_v5_simulated_GATv2,_EOPKG_WI-UN-f1-5,42,train_grad_norm_struct_xattn,0,1781637101118,0.0
learn,EOPKG-WI,EOPKGTopologyConditionedWI,8b07202c23874e298ad9b3445b49872d,854778689611649472,_EOPKG_WI-UN-f1-5-42_loan_v1_v5_simulated_GATv2,_EOPKG_WI-UN-f1-5,42,train_grad_norm_struct_xattn,0,1781637101118,0.0
learn,EOPKG-WI,EOPKGTopologyConditionedWI,8b07202c23874e298ad9b3445b49872d,854778689611649472,_EOPKG_WI-UN-f1-5-42_loan_v1_v5_simulated_GATv2,_EOPKG_WI-UN-f1-5,42,train_grad_norm_struct_xattn,0,1781637226889,0.0
learn,EOPKG-WI,EOPKGTopologyConditionedWI,8b07202c23874e298ad9b3445b49872d,854778689611649472,_EOPKG_WI-UN-f1-5-42_loan_v1_v5_simulated_GATv2,_EOPKG_WI-UN-f1-5,42,train_grad_norm_struct_xattn,0,1781637226889,0.0
learn,EOPKG-WI,EOPKGTopologyConditionedWI,8b07202c23874e298ad9b3445b49872d,854778689611649472,_EOPKG_WI-UN-f1-5-42_loan_v1_v5_simulated_GATv2,_EOPKG_WI-UN-f1-5,42,train_grad_norm_struct_xattn,0,1781637369681,0.0
learn,EOPKG-WI,EOPKGTopologyConditionedWI,8b07202c23874e298ad9b3445b49872d,854778689611649472,_EOPKG_WI-UN-f1-5-42_loan_v1_v5_simulated_GATv2,_EOPKG_WI-UN-f1-5,42,train_grad_norm_struct_xattn,0,1781637369681,0.0
learn,EOPKG-WI,EOPKGTopologyConditionedWI,8b07202c23874e298ad9b3445b49872d,854778689611649472,_EOPKG_WI-UN-f1-5-42_loan_v1_v5_simulated_GATv2,_EOPKG_WI-UN-f1-5,42,train_grad_norm_struct_xattn,0,1781637490815,0.0
learn,EOPKG-WI,EOPKGTopologyConditionedWI,8b07202c23874e298ad9b3445b49872d,854778689611649472,_EOPKG_WI-UN-f1-5-42_loan_v1_v5_simulated_GATv2,_EOPKG_WI-UN-f1-5,42,train_grad_norm_struct_xattn,0,1781637490815,0.0
learn,EOPKG-WI,EOPKGTopologyConditionedWI,8b07202c23874e298ad9b3445b49872d,854778689611649472,_EOPKG_WI-UN-f1-5-42_loan_v1_v5_simulated_GATv2,_EOPKG_WI-UN-f1-5,42,train_grad_norm_struct_xattn,0,1781637619575,0.0
learn,EOPKG-WI,EOPKGTopologyConditionedWI,8b07202c23874e298ad9b3445b49872d,854778689611649472,_EOPKG_WI-UN-f1-5-42_loan_v1_v5_simulated_GATv2,_EOPKG_WI-UN-f1-5,42,train_grad_norm_struct_xattn,0,1781637619575,0.0
learn,EOPKG-WI,EOPKGTopologyConditionedWI,8b07202c23874e298ad9b3445b49872d,854778689611649472,_EOPKG_WI-UN-f1-5-42_loan_v1_v5_simulated_GATv2,_EOPKG_WI-UN-f1-5,42,train_grad_norm_struct_xattn,0,1781637740494,0.0
learn,EOPKG-WI,EOPKGTopologyConditionedWI,8b07202c23874e298ad9b3445b49872d,854778689611649472,_EOPKG_WI-UN-f1-5-42_loan_v1_v5_simulated_GATv2,_EOPKG_WI-UN-f1-5,42,train_grad_norm_struct_xattn,0,1781637740494,0.0
learn,EOPKG-WI,EOPKGTopologyConditionedWI,8b07202c23874e298ad9b3445b49872d,854778689611649472,_EOPKG_WI-UN-f1-5-42_loan_v1_v5_simulated_GATv2,_EOPKG_WI-UN-f1-5,42,train_grad_norm_struct_xattn,0,1781637861430,0.0
learn,EOPKG-WI,EOPKGTopologyConditionedWI,8b07202c23874e298ad9b3445b49872d,854778689611649472,_EOPKG_WI-UN-f1-5-42_loan_v1_v5_simulated_GATv2,_EOPKG_WI-UN-f1-5,42,train_grad_norm_struct_xattn,0,1781637861430,0.0
learn,EOPKG-WI,EOPKGTopologyConditionedWI,8d2a911a18bb4d61a536433690b744f0,854778689611649472,_EOPKG_WI-UN-f1-5-13_loan_v1_v5_simulated_GATv2,_EOPKG_WI-UN-f1-5,13,train_grad_norm_struct_xattn,0,1781078383078,0.0
learn,EOPKG-WI,EOPKGTopologyConditionedWI,8d2a911a18bb4d61a536433690b744f0,854778689611649472,_EOPKG_WI-UN-f1-5-13_loan_v1_v5_simulated_GATv2,_EOPKG_WI-UN-f1-5,13,train_grad_norm_struct_xattn,0,1781078383078,0.0
learn,EOPKG-WI,EOPKGTopologyConditionedWI,8d2a911a18bb4d61a536433690b744f0,854778689611649472,_EOPKG_WI-UN-f1-5-13_loan_v1_v5_simulated_GATv2,_EOPKG_WI-UN-f1-5,13,train_grad_norm_struct_xattn,0,1781078518173,0.0
learn,EOPKG-WI,EOPKGTopologyConditionedWI,8d2a911a18bb4d61a536433690b744f0,854778689611649472,_EOPKG_WI-UN-f1-5-13_loan_v1_v5_simulated_GATv2,_EOPKG_WI-UN-f1-5,13,train_grad_norm_struct_xattn,0,1781078518173,0.0
learn,EOPKG-WI,EOPKGTopologyConditionedWI,8d2a911a18bb4d61a536433690b744f0,854778689611649472,_EOPKG_WI-UN-f1-5-13_loan_v1_v5_simulated_GATv2,_EOPKG_WI-UN-f1-5,13,train_grad_norm_struct_xattn,0,1781078638837,0.0
learn,EOPKG-WI,EOPKGTopologyConditionedWI,8d2a911a18bb4d61a536433690b744f0,854778689611649472,_EOPKG_WI-UN-f1-5-13_loan_v1_v5_simulated_GATv2,_EOPKG_WI-UN-f1-5,13,train_grad_norm_struct_xattn,0,1781078638837,0.0
learn,EOPKG-WI,EOPKGTopologyConditionedWI,8d2a911a18bb4d61a536433690b744f0,854778689611649472,_EOPKG_WI-UN-f1-5-13_loan_v1_v5_simulated_GATv2,_EOPKG_WI-UN-f1-5,13,train_grad_norm_struct_xattn,0,1781078757886,0.0
learn,EOPKG-WI,EOPKGTopologyConditionedWI,8d2a911a18bb4d61a536433690b744f0,854778689611649472,_EOPKG_WI-UN-f1-5-13_loan_v1_v5_simulated_GATv2,_EOPKG_WI-UN-f1-5,13,train_grad_norm_struct_xattn,0,1781078757886,0.0
learn,EOPKG-WI,EOPKGTopologyConditionedWI,8d2a911a18bb4d61a536433690b744f0,854778689611649472,_EOPKG_WI-UN-f1-5-13_loan_v1_v5_simulated_GATv2,_EOPKG_WI-UN-f1-5,13,train_grad_norm_struct_xattn,0,1781078887708,0.0
learn,EOPKG-WI,EOPKGTopologyConditionedWI,8d2a911a18bb4d61a536433690b744f0,854778689611649472,_EOPKG_WI-UN-f1-5-13_loan_v1_v5_simulated_GATv2,_EOPKG_WI-UN-f1-5,13,train_grad_norm_struct_xattn,0,1781078887708,0.0
learn,EOPKG-WI,EOPKGTopologyConditionedWI,8d2a911a18bb4d61a536433690b744f0,854778689611649472,_EOPKG_WI-UN-f1-5-13_loan_v1_v5_simulated_GATv2,_EOPKG_WI-UN-f1-5,13,train_grad_norm_struct_xattn,0,1781078998932,0.0
learn,EOPKG-WI,EOPKGTopologyConditionedWI,8d2a911a18bb4d61a536433690b744f0,854778689611649472,_EOPKG_WI-UN-f1-5-13_loan_v1_v5_simulated_GATv2,_EOPKG_WI-UN-f1-5,13,train_grad_norm_struct_xattn,0,1781078998932,0.0
learn,EOPKG-WI,EOPKGTopologyConditionedWI,8d2a911a18bb4d61a536433690b744f0,854778689611649472,_EOPKG_WI-UN-f1-5-13_loan_v1_v5_simulated_GATv2,_EOPKG_WI-UN-f1-5,13,train_grad_norm_struct_xattn,0,1781079111845,0.0
learn,EOPKG-WI,EOPKGTopologyConditionedWI,8d2a911a18bb4d61a536433690b744f0,854778689611649472,_EOPKG_WI-UN-f1-5-13_loan_v1_v5_simulated_GATv2,_EOPKG_WI-UN-f1-5,13,train_grad_norm_struct_xattn,0,1781079111845,0.0
learn,EOPKG-WI,EOPKGTopologyConditionedWI,8d2a911a18bb4d61a536433690b744f0,854778689611649472,_EOPKG_WI-UN-f1-5-13_loan_v1_v5_simulated_GATv2,_EOPKG_WI-UN-f1-5,13,train_grad_norm_struct_xattn,0,1781079219721,0.0
learn,EOPKG-WI,EOPKGTopologyConditionedWI,8d2a911a18bb4d61a536433690b744f0,854778689611649472,_EOPKG_WI-UN-f1-5-13_loan_v1_v5_simulated_GATv2,_EOPKG_WI-UN-f1-5,13,train_grad_norm_struct_xattn,0,1781079219721,0.0
learn,EOPKG-WI,EOPKGTopologyConditionedWI,8d2a911a18bb4d61a536433690b744f0,854778689611649472,_EOPKG_WI-UN-f1-5-13_loan_v1_v5_simulated_GATv2,_EOPKG_WI-UN-f1-5,13,train_grad_norm_struct_xattn,0,1781079332987,0.0
learn,EOPKG-WI,EOPKGTopologyConditionedWI,8d2a911a18bb4d61a536433690b744f0,854778689611649472,_EOPKG_WI-UN-f1-5-13_loan_v1_v5_simulated_GATv2,_EOPKG_WI-UN-f1-5,13,train_grad_norm_struct_xattn,0,1781079332987,0.0
learn,EOPKG-WI,EOPKGTopologyConditionedWI,8d2a911a18bb4d61a536433690b744f0,854778689611649472,_EOPKG_WI-UN-f1-5-13_loan_v1_v5_simulated_GATv2,_EOPKG_WI-UN-f1-5,13,train_grad_norm_struct_xattn,0,1781079447355,0.0
learn,EOPKG-WI,EOPKGTopologyConditionedWI,8d2a911a18bb4d61a536433690b744f0,854778689611649472,_EOPKG_WI-UN-f1-5-13_loan_v1_v5_simulated_GATv2,_EOPKG_WI-UN-f1-5,13,train_grad_norm_struct_xattn,0,1781079447355,0.0
learn,EOPKG-WI,EOPKGTopologyConditionedWI,8d2a911a18bb4d61a536433690b744f0,854778689611649472,_EOPKG_WI-UN-f1-5-13_loan_v1_v5_simulated_GATv2,_EOPKG_WI-UN-f1-5,13,train_grad_norm_struct_xattn,0,1781079552333,0.0
learn,EOPKG-WI,EOPKGTopologyConditionedWI,8d2a911a18bb4d61a536433690b744f0,854778689611649472,_EOPKG_WI-UN-f1-5-13_loan_v1_v5_simulated_GATv2,_EOPKG_WI-UN-f1-5,13,train_grad_norm_struct_xattn,0,1781079552333,0.0
learn,EOPKG-WI,EOPKGTopologyConditionedWI,8d2a911a18bb4d61a536433690b744f0,854778689611649472,_EOPKG_WI-UN-f1-5-13_loan_v1_v5_simulated_GATv2,_EOPKG_WI-UN-f1-5,13,train_grad_norm_struct_xattn,0,1781079657451,0.0
learn,EOPKG-WI,EOPKGTopologyConditionedWI,8d2a911a18bb4d61a536433690b744f0,854778689611649472,_EOPKG_WI-UN-f1-5-13_loan_v1_v5_simulated_GATv2,_EOPKG_WI-UN-f1-5,13,train_grad_norm_struct_xattn,0,1781079657451,0.0
learn,EOPKG-WI,EOPKGTopologyConditionedWI,8d2a911a18bb4d61a536433690b744f0,854778689611649472,_EOPKG_WI-UN-f1-5-13_loan_v1_v5_simulated_GATv2,_EOPKG_WI-UN-f1-5,13,train_grad_norm_struct_xattn,0,1781079756841,0.0
learn,EOPKG-WI,EOPKGTopologyConditionedWI,8d2a911a18bb4d61a536433690b744f0,854778689611649472,_EOPKG_WI-UN-f1-5-13_loan_v1_v5_simulated_GATv2,_EOPKG_WI-UN-f1-5,13,train_grad_norm_struct_xattn,0,1781079756841,0.0
learn,EOPKG-WI,EOPKGTopologyConditionedWI,8d2a911a18bb4d61a536433690b744f0,854778689611649472,_EOPKG_WI-UN-f1-5-13_loan_v1_v5_simulated_GATv2,_EOPKG_WI-UN-f1-5,13,train_grad_norm_struct_xattn,0,1781079885667,0.0
learn,EOPKG-WI,EOPKGTopologyConditionedWI,8d2a911a18bb4d61a536433690b744f0,854778689611649472,_EOPKG_WI-UN-f1-5-13_loan_v1_v5_simulated_GATv2,_EOPKG_WI-UN-f1-5,13,train_grad_norm_struct_xattn,0,1781079885667,0.0
learn,EOPKG-WI,EOPKGTopologyConditionedWI,8d2a911a18bb4d61a536433690b744f0,854778689611649472,_EOPKG_WI-UN-f1-5-13_loan_v1_v5_simulated_GATv2,_EOPKG_WI-UN-f1-5,13,train_grad_norm_struct_xattn,0,1781080042009,0.0
learn,EOPKG-WI,EOPKGTopologyConditionedWI,8d2a911a18bb4d61a536433690b744f0,854778689611649472,_EOPKG_WI-UN-f1-5-13_loan_v1_v5_simulated_GATv2,_EOPKG_WI-UN-f1-5,13,train_grad_norm_struct_xattn,0,1781080042009,0.0
learn,EOPKG-WI,EOPKGTopologyConditionedWI,8d2a911a18bb4d61a536433690b744f0,854778689611649472,_EOPKG_WI-UN-f1-5-13_loan_v1_v5_simulated_GATv2,_EOPKG_WI-UN-f1-5,13,train_grad_norm_struct_xattn,0,1781080206383,0.0
learn,EOPKG-WI,EOPKGTopologyConditionedWI,8d2a911a18bb4d61a536433690b744f0,854778689611649472,_EOPKG_WI-UN-f1-5-13_loan_v1_v5_simulated_GATv2,_EOPKG_WI-UN-f1-5,13,train_grad_norm_struct_xattn,0,1781080206383,0.0
learn,EOPKG-WI,EOPKGTopologyConditionedWI,8d2a911a18bb4d61a536433690b744f0,854778689611649472,_EOPKG_WI-UN-f1-5-13_loan_v1_v5_simulated_GATv2,_EOPKG_WI-UN-f1-5,13,train_grad_norm_struct_xattn,0,1781080358498,0.0
learn,EOPKG-WI,EOPKGTopologyConditionedWI,8d2a911a18bb4d61a536433690b744f0,854778689611649472,_EOPKG_WI-UN-f1-5-13_loan_v1_v5_simulated_GATv2,_EOPKG_WI-UN-f1-5,13,train_grad_norm_struct_xattn,0,1781080358498,0.0
learn,EOPKG-WI,EOPKGTopologyConditionedWI,8d2a911a18bb4d61a536433690b744f0,854778689611649472,_EOPKG_WI-UN-f1-5-13_loan_v1_v5_simulated_GATv2,_EOPKG_WI-UN-f1-5,13,train_grad_norm_struct_xattn,0,1781080497678,0.0
learn,EOPKG-WI,EOPKGTopologyConditionedWI,8d2a911a18bb4d61a536433690b744f0,854778689611649472,_EOPKG_WI-UN-f1-5-13_loan_v1_v5_simulated_GATv2,_EOPKG_WI-UN-f1-5,13,train_grad_norm_struct_xattn,0,1781080497678,0.0
learn,EOPKG-WI,EOPKGTopologyConditionedWI,8d2a911a18bb4d61a536433690b744f0,854778689611649472,_EOPKG_WI-UN-f1-5-13_loan_v1_v5_simulated_GATv2,_EOPKG_WI-UN-f1-5,13,train_grad_norm_struct_xattn,0,1781080644995,0.0
learn,EOPKG-WI,EOPKGTopologyConditionedWI,8d2a911a18bb4d61a536433690b744f0,854778689611649472,_EOPKG_WI-UN-f1-5-13_loan_v1_v5_simulated_GATv2,_EOPKG_WI-UN-f1-5,13,train_grad_norm_struct_xattn,0,1781080644995,0.0
learn,EOPKG-WI,EOPKGTopologyConditionedWI,8d2a911a18bb4d61a536433690b744f0,854778689611649472,_EOPKG_WI-UN-f1-5-13_loan_v1_v5_simulated_GATv2,_EOPKG_WI-UN-f1-5,13,train_grad_norm_struct_xattn,0,1781080776966,0.0
learn,EOPKG-WI,EOPKGTopologyConditionedWI,8d2a911a18bb4d61a536433690b744f0,854778689611649472,_EOPKG_WI-UN-f1-5-13_loan_v1_v5_simulated_GATv2,_EOPKG_WI-UN-f1-5,13,train_grad_norm_struct_xattn,0,1781080776966,0.0
learn,EOPKG-WI,EOPKGTopologyConditionedWI,8d2a911a18bb4d61a536433690b744f0,854778689611649472,_EOPKG_WI-UN-f1-5-13_loan_v1_v5_simulated_GATv2,_EOPKG_WI-UN-f1-5,13,train_grad_norm_struct_xattn,0,1781080902756,0.0
learn,EOPKG-WI,EOPKGTopologyConditionedWI,8d2a911a18bb4d61a536433690b744f0,854778689611649472,_EOPKG_WI-UN-f1-5-13_loan_v1_v5_simulated_GATv2,_EOPKG_WI-UN-f1-5,13,train_grad_norm_struct_xattn,0,1781080902756,0.0
learn,EOPKG-WI,EOPKGTopologyConditionedWI,8d2a911a18bb4d61a536433690b744f0,854778689611649472,_EOPKG_WI-UN-f1-5-13_loan_v1_v5_simulated_GATv2,_EOPKG_WI-UN-f1-5,13,train_grad_norm_struct_xattn,0,1781081046319,0.0
learn,EOPKG-WI,EOPKGTopologyConditionedWI,8d2a911a18bb4d61a536433690b744f0,854778689611649472,_EOPKG_WI-UN-f1-5-13_loan_v1_v5_simulated_GATv2,_EOPKG_WI-UN-f1-5,13,train_grad_norm_struct_xattn,0,1781081046319,0.0
learn,EOPKG-WI,EOPKGTopologyConditionedWI,8d2a911a18bb4d61a536433690b744f0,854778689611649472,_EOPKG_WI-UN-f1-5-13_loan_v1_v5_simulated_GATv2,_EOPKG_WI-UN-f1-5,13,train_grad_norm_struct_xattn,0,1781081184899,0.0
learn,EOPKG-WI,EOPKGTopologyConditionedWI,8d2a911a18bb4d61a536433690b744f0,854778689611649472,_EOPKG_WI-UN-f1-5-13_loan_v1_v5_simulated_GATv2,_EOPKG_WI-UN-f1-5,13,train_grad_norm_struct_xattn,0,1781081184899,0.0
learn,EOPKG-WI,EOPKGTopologyConditionedWI,8d2a911a18bb4d61a536433690b744f0,854778689611649472,_EOPKG_WI-UN-f1-5-13_loan_v1_v5_simulated_GATv2,_EOPKG_WI-UN-f1-5,13,train_grad_norm_struct_xattn,0,1781081333485,0.0
learn,EOPKG-WI,EOPKGTopologyConditionedWI,8d2a911a18bb4d61a536433690b744f0,854778689611649472,_EOPKG_WI-UN-f1-5-13_loan_v1_v5_simulated_GATv2,_EOPKG_WI-UN-f1-5,13,train_grad_norm_struct_xattn,0,1781081333485,0.0
learn,EOPKG-WI,EOPKGTopologyConditionedWI,8d2a911a18bb4d61a536433690b744f0,854778689611649472,_EOPKG_WI-UN-f1-5-13_loan_v1_v5_simulated_GATv2,_EOPKG_WI-UN-f1-5,13,train_grad_norm_struct_xattn,0,1781081467344,0.0
learn,EOPKG-WI,EOPKGTopologyConditionedWI,8d2a911a18bb4d61a536433690b744f0,854778689611649472,_EOPKG_WI-UN-f1-5-13_loan_v1_v5_simulated_GATv2,_EOPKG_WI-UN-f1-5,13,train_grad_norm_struct_xattn,0,1781081467344,0.0
learn,EOPKG-WI,EOPKGTopologyConditionedWI,8d2a911a18bb4d61a536433690b744f0,854778689611649472,_EOPKG_WI-UN-f1-5-13_loan_v1_v5_simulated_GATv2,_EOPKG_WI-UN-f1-5,13,train_grad_norm_struct_xattn,0,1781081583130,0.0
learn,EOPKG-WI,EOPKGTopologyConditionedWI,8d2a911a18bb4d61a536433690b744f0,854778689611649472,_EOPKG_WI-UN-f1-5-13_loan_v1_v5_simulated_GATv2,_EOPKG_WI-UN-f1-5,13,train_grad_norm_struct_xattn,0,1781081583130,0.0
learn,EOPKG-WI,EOPKGTopologyConditionedWI,8d2a911a18bb4d61a536433690b744f0,854778689611649472,_EOPKG_WI-UN-f1-5-13_loan_v1_v5_simulated_GATv2,_EOPKG_WI-UN-f1-5,13,train_grad_norm_struct_xattn,0,1781081725685,0.0
learn,EOPKG-WI,EOPKGTopologyConditionedWI,8d2a911a18bb4d61a536433690b744f0,854778689611649472,_EOPKG_WI-UN-f1-5-13_loan_v1_v5_simulated_GATv2,_EOPKG_WI-UN-f1-5,13,train_grad_norm_struct_xattn,0,1781081725685,0.0
learn,EOPKG-WI,EOPKGTopologyConditionedWI,8d2a911a18bb4d61a536433690b744f0,854778689611649472,_EOPKG_WI-UN-f1-5-13_loan_v1_v5_simulated_GATv2,_EOPKG_WI-UN-f1-5,13,train_grad_norm_struct_xattn,0,1781081837837,0.0
learn,EOPKG-WI,EOPKGTopologyConditionedWI,8d2a911a18bb4d61a536433690b744f0,854778689611649472,_EOPKG_WI-UN-f1-5-13_loan_v1_v5_simulated_GATv2,_EOPKG_WI-UN-f1-5,13,train_grad_norm_struct_xattn,0,1781081837837,0.0
learn,EOPKG-WI,EOPKGTopologyConditionedWI,8d2a911a18bb4d61a536433690b744f0,854778689611649472,_EOPKG_WI-UN-f1-5-13_loan_v1_v5_simulated_GATv2,_EOPKG_WI-UN-f1-5,13,train_grad_norm_struct_xattn,0,1781081952467,0.0
learn,EOPKG-WI,EOPKGTopologyConditionedWI,8d2a911a18bb4d61a536433690b744f0,854778689611649472,_EOPKG_WI-UN-f1-5-13_loan_v1_v5_simulated_GATv2,_EOPKG_WI-UN-f1-5,13,train_grad_norm_struct_xattn,0,1781081952467,0.0
learn,EOPKG-WI,EOPKGTopologyConditionedWI,8d2a911a18bb4d61a536433690b744f0,854778689611649472,_EOPKG_WI-UN-f1-5-13_loan_v1_v5_simulated_GATv2,_EOPKG_WI-UN-f1-5,13,train_grad_norm_struct_xattn,0,1781082063780,0.0
learn,EOPKG-WI,EOPKGTopologyConditionedWI,8d2a911a18bb4d61a536433690b744f0,854778689611649472,_EOPKG_WI-UN-f1-5-13_loan_v1_v5_simulated_GATv2,_EOPKG_WI-UN-f1-5,13,train_grad_norm_struct_xattn,0,1781082063780,0.0
learn,EOPKG-WI,EOPKGTopologyConditionedWI,8d2a911a18bb4d61a536433690b744f0,854778689611649472,_EOPKG_WI-UN-f1-5-13_loan_v1_v5_simulated_GATv2,_EOPKG_WI-UN-f1-5,13,train_grad_norm_struct_xattn,0,1781082168906,0.0
learn,EOPKG-WI,EOPKGTopologyConditionedWI,8d2a911a18bb4d61a536433690b744f0,854778689611649472,_EOPKG_WI-UN-f1-5-13_loan_v1_v5_simulated_GATv2,_EOPKG_WI-UN-f1-5,13,train_grad_norm_struct_xattn,0,1781082168906,0.0
learn,EOPKG-WI,EOPKGTopologyConditionedWI,8d2a911a18bb4d61a536433690b744f0,854778689611649472,_EOPKG_WI-UN-f1-5-13_loan_v1_v5_simulated_GATv2,_EOPKG_WI-UN-f1-5,13,train_grad_norm_struct_xattn,0,1781082275402,0.0
learn,EOPKG-WI,EOPKGTopologyConditionedWI,8d2a911a18bb4d61a536433690b744f0,854778689611649472,_EOPKG_WI-UN-f1-5-13_loan_v1_v5_simulated_GATv2,_EOPKG_WI-UN-f1-5,13,train_grad_norm_struct_xattn,0,1781082275402,0.0
learn,EOPKG-WI,EOPKGTopologyConditionedWI,8d2a911a18bb4d61a536433690b744f0,854778689611649472,_EOPKG_WI-UN-f1-5-13_loan_v1_v5_simulated_GATv2,_EOPKG_WI-UN-f1-5,13,train_grad_norm_struct_xattn,0,1781082378421,0.0
learn,EOPKG-WI,EOPKGTopologyConditionedWI,8d2a911a18bb4d61a536433690b744f0,854778689611649472,_EOPKG_WI-UN-f1-5-13_loan_v1_v5_simulated_GATv2,_EOPKG_WI-UN-f1-5,13,train_grad_norm_struct_xattn,0,1781082378421,0.0
learn,EOPKG-WI,EOPKGTopologyConditionedWI,8d2a911a18bb4d61a536433690b744f0,854778689611649472,_EOPKG_WI-UN-f1-5-13_loan_v1_v5_simulated_GATv2,_EOPKG_WI-UN-f1-5,13,train_grad_norm_struct_xattn,0,1781082478920,0.0
learn,EOPKG-WI,EOPKGTopologyConditionedWI,8d2a911a18bb4d61a536433690b744f0,854778689611649472,_EOPKG_WI-UN-f1-5-13_loan_v1_v5_simulated_GATv2,_EOPKG_WI-UN-f1-5,13,train_grad_norm_struct_xattn,0,1781082478920,0.0
learn,EOPKG-WI,EOPKGTopologyConditionedWI,8d2a911a18bb4d61a536433690b744f0,854778689611649472,_EOPKG_WI-UN-f1-5-13_loan_v1_v5_simulated_GATv2,_EOPKG_WI-UN-f1-5,13,train_grad_norm_struct_xattn,0,1781082578765,0.0
learn,EOPKG-WI,EOPKGTopologyConditionedWI,8d2a911a18bb4d61a536433690b744f0,854778689611649472,_EOPKG_WI-UN-f1-5-13_loan_v1_v5_simulated_GATv2,_EOPKG_WI-UN-f1-5,13,train_grad_norm_struct_xattn,0,1781082578765,0.0
learn,EOPKG-WI,EOPKGTopologyConditionedWI,8d2a911a18bb4d61a536433690b744f0,854778689611649472,_EOPKG_WI-UN-f1-5-13_loan_v1_v5_simulated_GATv2,_EOPKG_WI-UN-f1-5,13,train_grad_norm_struct_xattn,0,1781082678355,0.0
learn,EOPKG-WI,EOPKGTopologyConditionedWI,8d2a911a18bb4d61a536433690b744f0,854778689611649472,_EOPKG_WI-UN-f1-5-13_loan_v1_v5_simulated_GATv2,_EOPKG_WI-UN-f1-5,13,train_grad_norm_struct_xattn,0,1781082678355,0.0
learn,EOPKG-WI,EOPKGTopologyConditionedWI,8d2a911a18bb4d61a536433690b744f0,854778689611649472,_EOPKG_WI-UN-f1-5-13_loan_v1_v5_simulated_GATv2,_EOPKG_WI-UN-f1-5,13,train_grad_norm_struct_xattn,0,1781082779866,0.0
learn,EOPKG-WI,EOPKGTopologyConditionedWI,8d2a911a18bb4d61a536433690b744f0,854778689611649472,_EOPKG_WI-UN-f1-5-13_loan_v1_v5_simulated_GATv2,_EOPKG_WI-UN-f1-5,13,train_grad_norm_struct_xattn,0,1781082779866,0.0
learn,EOPKG-WI,EOPKGTopologyConditionedWI,8d2a911a18bb4d61a536433690b744f0,854778689611649472,_EOPKG_WI-UN-f1-5-13_loan_v1_v5_simulated_GATv2,_EOPKG_WI-UN-f1-5,13,train_grad_norm_struct_xattn,0,1781082882579,0.0
learn,EOPKG-WI,EOPKGTopologyConditionedWI,8d2a911a18bb4d61a536433690b744f0,854778689611649472,_EOPKG_WI-UN-f1-5-13_loan_v1_v5_simulated_GATv2,_EOPKG_WI-UN-f1-5,13,train_grad_norm_struct_xattn,0,1781082882579,0.0
learn,EOPKG-WI,EOPKGTopologyConditionedWI,8d2a911a18bb4d61a536433690b744f0,854778689611649472,_EOPKG_WI-UN-f1-5-13_loan_v1_v5_simulated_GATv2,_EOPKG_WI-UN-f1-5,13,train_grad_norm_struct_xattn,0,1781082983578,0.0
learn,EOPKG-WI,EOPKGTopologyConditionedWI,8d2a911a18bb4d61a536433690b744f0,854778689611649472,_EOPKG_WI-UN-f1-5-13_loan_v1_v5_simulated_GATv2,_EOPKG_WI-UN-f1-5,13,train_grad_norm_struct_xattn,0,1781082983578,0.0
learn,EOPKG-WI,EOPKGTopologyConditionedWI,8d2a911a18bb4d61a536433690b744f0,854778689611649472,_EOPKG_WI-UN-f1-5-13_loan_v1_v5_simulated_GATv2,_EOPKG_WI-UN-f1-5,13,train_grad_norm_struct_xattn,0,1781083082777,0.0
learn,EOPKG-WI,EOPKGTopologyConditionedWI,8d2a911a18bb4d61a536433690b744f0,854778689611649472,_EOPKG_WI-UN-f1-5-13_loan_v1_v5_simulated_GATv2,_EOPKG_WI-UN-f1-5,13,train_grad_norm_struct_xattn,0,1781083082777,0.0
learn,EOPKG-WI,EOPKGTopologyConditionedWI,8d2a911a18bb4d61a536433690b744f0,854778689611649472,_EOPKG_WI-UN-f1-5-13_loan_v1_v5_simulated_GATv2,_EOPKG_WI-UN-f1-5,13,train_grad_norm_struct_xattn,0,1781083177960,0.0
learn,EOPKG-WI,EOPKGTopologyConditionedWI,8d2a911a18bb4d61a536433690b744f0,854778689611649472,_EOPKG_WI-UN-f1-5-13_loan_v1_v5_simulated_GATv2,_EOPKG_WI-UN-f1-5,13,train_grad_norm_struct_xattn,0,1781083177960,0.0
learn,EOPKG-WI,EOPKGTopologyConditionedWI,8d2a911a18bb4d61a536433690b744f0,854778689611649472,_EOPKG_WI-UN-f1-5-13_loan_v1_v5_simulated_GATv2,_EOPKG_WI-UN-f1-5,13,train_grad_norm_struct_xattn,0,1781083276205,0.0
learn,EOPKG-WI,EOPKGTopologyConditionedWI,8d2a911a18bb4d61a536433690b744f0,854778689611649472,_EOPKG_WI-UN-f1-5-13_loan_v1_v5_simulated_GATv2,_EOPKG_WI-UN-f1-5,13,train_grad_norm_struct_xattn,0,1781083276205,0.0
learn,EOPKG-WI,EOPKGTopologyConditionedWI,8d2a911a18bb4d61a536433690b744f0,854778689611649472,_EOPKG_WI-UN-f1-5-13_loan_v1_v5_simulated_GATv2,_EOPKG_WI-UN-f1-5,13,train_grad_norm_struct_xattn,0,1781083373939,0.0
learn,EOPKG-WI,EOPKGTopologyConditionedWI,8d2a911a18bb4d61a536433690b744f0,854778689611649472,_EOPKG_WI-UN-f1-5-13_loan_v1_v5_simulated_GATv2,_EOPKG_WI-UN-f1-5,13,train_grad_norm_struct_xattn,0,1781083373939,0.0
learn,EOPKG-WI,EOPKGTopologyConditionedWI,8d2a911a18bb4d61a536433690b744f0,854778689611649472,_EOPKG_WI-UN-f1-5-13_loan_v1_v5_simulated_GATv2,_EOPKG_WI-UN-f1-5,13,train_grad_norm_struct_xattn,0,1781083470016,0.0
learn,EOPKG-WI,EOPKGTopologyConditionedWI,8d2a911a18bb4d61a536433690b744f0,854778689611649472,_EOPKG_WI-UN-f1-5-13_loan_v1_v5_simulated_GATv2,_EOPKG_WI-UN-f1-5,13,train_grad_norm_struct_xattn,0,1781083470016,0.0
learn,EOPKG-WI,EOPKGTopologyConditionedWI,8d2a911a18bb4d61a536433690b744f0,854778689611649472,_EOPKG_WI-UN-f1-5-13_loan_v1_v5_simulated_GATv2,_EOPKG_WI-UN-f1-5,13,train_grad_norm_struct_xattn,0,1781083590263,0.0
learn,EOPKG-WI,EOPKGTopologyConditionedWI,8d2a911a18bb4d61a536433690b744f0,854778689611649472,_EOPKG_WI-UN-f1-5-13_loan_v1_v5_simulated_GATv2,_EOPKG_WI-UN-f1-5,13,train_grad_norm_struct_xattn,0,1781083590263,0.0
learn,EOPKG-WI,EOPKGTopologyConditionedWI,8d2a911a18bb4d61a536433690b744f0,854778689611649472,_EOPKG_WI-UN-f1-5-13_loan_v1_v5_simulated_GATv2,_EOPKG_WI-UN-f1-5,13,train_grad_norm_struct_xattn,0,1781083696708,0.0
learn,EOPKG-WI,EOPKGTopologyConditionedWI,8d2a911a18bb4d61a536433690b744f0,854778689611649472,_EOPKG_WI-UN-f1-5-13_loan_v1_v5_simulated_GATv2,_EOPKG_WI-UN-f1-5,13,train_grad_norm_struct_xattn,0,1781083696708,0.0
learn,EOPKG-WI,EOPKGTopologyConditionedWI,8d2a911a18bb4d61a536433690b744f0,854778689611649472,_EOPKG_WI-UN-f1-5-13_loan_v1_v5_simulated_GATv2,_EOPKG_WI-UN-f1-5,13,train_grad_norm_struct_xattn,0,1781083825939,0.0
learn,EOPKG-WI,EOPKGTopologyConditionedWI,8d2a911a18bb4d61a536433690b744f0,854778689611649472,_EOPKG_WI-UN-f1-5-13_loan_v1_v5_simulated_GATv2,_EOPKG_WI-UN-f1-5,13,train_grad_norm_struct_xattn,0,1781083825939,0.0
learn,EOPKG-WI,EOPKGTopologyConditionedWI,8d2a911a18bb4d61a536433690b744f0,854778689611649472,_EOPKG_WI-UN-f1-5-13_loan_v1_v5_simulated_GATv2,_EOPKG_WI-UN-f1-5,13,train_grad_norm_struct_xattn,0,1781083945601,0.0
learn,EOPKG-WI,EOPKGTopologyConditionedWI,8d2a911a18bb4d61a536433690b744f0,854778689611649472,_EOPKG_WI-UN-f1-5-13_loan_v1_v5_simulated_GATv2,_EOPKG_WI-UN-f1-5,13,train_grad_norm_struct_xattn,0,1781083945601,0.0
learn,EOPKG-WI,EOPKGTopologyConditionedWI,8d2a911a18bb4d61a536433690b744f0,854778689611649472,_EOPKG_WI-UN-f1-5-13_loan_v1_v5_simulated_GATv2,_EOPKG_WI-UN-f1-5,13,train_grad_norm_struct_xattn,0,1781084069237,0.0
learn,EOPKG-WI,EOPKGTopologyConditionedWI,8d2a911a18bb4d61a536433690b744f0,854778689611649472,_EOPKG_WI-UN-f1-5-13_loan_v1_v5_simulated_GATv2,_EOPKG_WI-UN-f1-5,13,train_grad_norm_struct_xattn,0,1781084069237,0.0
learn,EOPKG-WI,EOPKGTopologyConditionedWI,8d2a911a18bb4d61a536433690b744f0,854778689611649472,_EOPKG_WI-UN-f1-5-13_loan_v1_v5_simulated_GATv2,_EOPKG_WI-UN-f1-5,13,train_grad_norm_struct_xattn,0,1781084187930,0.0
learn,EOPKG-WI,EOPKGTopologyConditionedWI,8d2a911a18bb4d61a536433690b744f0,854778689611649472,_EOPKG_WI-UN-f1-5-13_loan_v1_v5_simulated_GATv2,_EOPKG_WI-UN-f1-5,13,train_grad_norm_struct_xattn,0,1781084187930,0.0
learn,EOPKG-WI,EOPKGTopologyConditionedWI,a6f92d038fdd4015af0c2ca3d4d657de,854778689611649472,_EOPKG_WI-UN-f1-5-99_loan_v1_v5_simulated_GATv2,_EOPKG_WI-UN-f1-5,99,train_grad_norm_struct_xattn,0,1781524510287,0.0
learn,EOPKG-WI,EOPKGTopologyConditionedWI,a6f92d038fdd4015af0c2ca3d4d657de,854778689611649472,_EOPKG_WI-UN-f1-5-99_loan_v1_v5_simulated_GATv2,_EOPKG_WI-UN-f1-5,99,train_grad_norm_struct_xattn,0,1781524510287,0.0
learn,EOPKG-WI,EOPKGTopologyConditionedWI,a6f92d038fdd4015af0c2ca3d4d657de,854778689611649472,_EOPKG_WI-UN-f1-5-99_loan_v1_v5_simulated_GATv2,_EOPKG_WI-UN-f1-5,99,train_grad_norm_struct_xattn,0,1781524664869,0.0
learn,EOPKG-WI,EOPKGTopologyConditionedWI,a6f92d038fdd4015af0c2ca3d4d657de,854778689611649472,_EOPKG_WI-UN-f1-5-99_loan_v1_v5_simulated_GATv2,_EOPKG_WI-UN-f1-5,99,train_grad_norm_struct_xattn,0,1781524664869,0.0
learn,EOPKG-WI,EOPKGTopologyConditionedWI,a6f92d038fdd4015af0c2ca3d4d657de,854778689611649472,_EOPKG_WI-UN-f1-5-99_loan_v1_v5_simulated_GATv2,_EOPKG_WI-UN-f1-5,99,train_grad_norm_struct_xattn,0,1781524796668,0.0
learn,EOPKG-WI,EOPKGTopologyConditionedWI,a6f92d038fdd4015af0c2ca3d4d657de,854778689611649472,_EOPKG_WI-UN-f1-5-99_loan_v1_v5_simulated_GATv2,_EOPKG_WI-UN-f1-5,99,train_grad_norm_struct_xattn,0,1781524796668,0.0
learn,EOPKG-WI,EOPKGTopologyConditionedWI,a6f92d038fdd4015af0c2ca3d4d657de,854778689611649472,_EOPKG_WI-UN-f1-5-99_loan_v1_v5_simulated_GATv2,_EOPKG_WI-UN-f1-5,99,train_grad_norm_struct_xattn,0,1781524937719,0.0
learn,EOPKG-WI,EOPKGTopologyConditionedWI,a6f92d038fdd4015af0c2ca3d4d657de,854778689611649472,_EOPKG_WI-UN-f1-5-99_loan_v1_v5_simulated_GATv2,_EOPKG_WI-UN-f1-5,99,train_grad_norm_struct_xattn,0,1781524937719,0.0
learn,EOPKG-WI,EOPKGTopologyConditionedWI,a6f92d038fdd4015af0c2ca3d4d657de,854778689611649472,_EOPKG_WI-UN-f1-5-99_loan_v1_v5_simulated_GATv2,_EOPKG_WI-UN-f1-5,99,train_grad_norm_struct_xattn,0,1781525077177,0.0
learn,EOPKG-WI,EOPKGTopologyConditionedWI,a6f92d038fdd4015af0c2ca3d4d657de,854778689611649472,_EOPKG_WI-UN-f1-5-99_loan_v1_v5_simulated_GATv2,_EOPKG_WI-UN-f1-5,99,train_grad_norm_struct_xattn,0,1781525077177,0.0
learn,EOPKG-WI,EOPKGTopologyConditionedWI,a6f92d038fdd4015af0c2ca3d4d657de,854778689611649472,_EOPKG_WI-UN-f1-5-99_loan_v1_v5_simulated_GATv2,_EOPKG_WI-UN-f1-5,99,train_grad_norm_struct_xattn,0,1781525208052,0.0
learn,EOPKG-WI,EOPKGTopologyConditionedWI,a6f92d038fdd4015af0c2ca3d4d657de,854778689611649472,_EOPKG_WI-UN-f1-5-99_loan_v1_v5_simulated_GATv2,_EOPKG_WI-UN-f1-5,99,train_grad_norm_struct_xattn,0,1781525208052,0.0
learn,EOPKG-WI,EOPKGTopologyConditionedWI,a6f92d038fdd4015af0c2ca3d4d657de,854778689611649472,_EOPKG_WI-UN-f1-5-99_loan_v1_v5_simulated_GATv2,_EOPKG_WI-UN-f1-5,99,train_grad_norm_struct_xattn,0,1781525379939,0.0
learn,EOPKG-WI,EOPKGTopologyConditionedWI,a6f92d038fdd4015af0c2ca3d4d657de,854778689611649472,_EOPKG_WI-UN-f1-5-99_loan_v1_v5_simulated_GATv2,_EOPKG_WI-UN-f1-5,99,train_grad_norm_struct_xattn,0,1781525379939,0.0
learn,EOPKG-WI,EOPKGTopologyConditionedWI,a6f92d038fdd4015af0c2ca3d4d657de,854778689611649472,_EOPKG_WI-UN-f1-5-99_loan_v1_v5_simulated_GATv2,_EOPKG_WI-UN-f1-5,99,train_grad_norm_struct_xattn,0,1781525777829,0.0
learn,EOPKG-WI,EOPKGTopologyConditionedWI,a6f92d038fdd4015af0c2ca3d4d657de,854778689611649472,_EOPKG_WI-UN-f1-5-99_loan_v1_v5_simulated_GATv2,_EOPKG_WI-UN-f1-5,99,train_grad_norm_struct_xattn,0,1781525777829,0.0
learn,EOPKG-WI,EOPKGTopologyConditionedWI,a6f92d038fdd4015af0c2ca3d4d657de,854778689611649472,_EOPKG_WI-UN-f1-5-99_loan_v1_v5_simulated_GATv2,_EOPKG_WI-UN-f1-5,99,train_grad_norm_struct_xattn,0,1781526075603,0.0
learn,EOPKG-WI,EOPKGTopologyConditionedWI,a6f92d038fdd4015af0c2ca3d4d657de,854778689611649472,_EOPKG_WI-UN-f1-5-99_loan_v1_v5_simulated_GATv2,_EOPKG_WI-UN-f1-5,99,train_grad_norm_struct_xattn,0,1781526075603,0.0
learn,EOPKG-WI,EOPKGTopologyConditionedWI,a6f92d038fdd4015af0c2ca3d4d657de,854778689611649472,_EOPKG_WI-UN-f1-5-99_loan_v1_v5_simulated_GATv2,_EOPKG_WI-UN-f1-5,99,train_grad_norm_struct_xattn,0,1781526300858,0.0
learn,EOPKG-WI,EOPKGTopologyConditionedWI,a6f92d038fdd4015af0c2ca3d4d657de,854778689611649472,_EOPKG_WI-UN-f1-5-99_loan_v1_v5_simulated_GATv2,_EOPKG_WI-UN-f1-5,99,train_grad_norm_struct_xattn,0,1781526300858,0.0
learn,EOPKG-WI,EOPKGTopologyConditionedWI,a6f92d038fdd4015af0c2ca3d4d657de,854778689611649472,_EOPKG_WI-UN-f1-5-99_loan_v1_v5_simulated_GATv2,_EOPKG_WI-UN-f1-5,99,train_grad_norm_struct_xattn,0,1781526644271,0.0
learn,EOPKG-WI,EOPKGTopologyConditionedWI,a6f92d038fdd4015af0c2ca3d4d657de,854778689611649472,_EOPKG_WI-UN-f1-5-99_loan_v1_v5_simulated_GATv2,_EOPKG_WI-UN-f1-5,99,train_grad_norm_struct_xattn,0,1781526644271,0.0
learn,EOPKG-WI,EOPKGTopologyConditionedWI,a6f92d038fdd4015af0c2ca3d4d657de,854778689611649472,_EOPKG_WI-UN-f1-5-99_loan_v1_v5_simulated_GATv2,_EOPKG_WI-UN-f1-5,99,train_grad_norm_struct_xattn,0,1781526909189,0.0
learn,EOPKG-WI,EOPKGTopologyConditionedWI,a6f92d038fdd4015af0c2ca3d4d657de,854778689611649472,_EOPKG_WI-UN-f1-5-99_loan_v1_v5_simulated_GATv2,_EOPKG_WI-UN-f1-5,99,train_grad_norm_struct_xattn,0,1781526909189,0.0
learn,EOPKG-WI,EOPKGTopologyConditionedWI,a6f92d038fdd4015af0c2ca3d4d657de,854778689611649472,_EOPKG_WI-UN-f1-5-99_loan_v1_v5_simulated_GATv2,_EOPKG_WI-UN-f1-5,99,train_grad_norm_struct_xattn,0,1781527239023,0.0
learn,EOPKG-WI,EOPKGTopologyConditionedWI,a6f92d038fdd4015af0c2ca3d4d657de,854778689611649472,_EOPKG_WI-UN-f1-5-99_loan_v1_v5_simulated_GATv2,_EOPKG_WI-UN-f1-5,99,train_grad_norm_struct_xattn,0,1781527239023,0.0
learn,EOPKG-WI,EOPKGTopologyConditionedWI,a6f92d038fdd4015af0c2ca3d4d657de,854778689611649472,_EOPKG_WI-UN-f1-5-99_loan_v1_v5_simulated_GATv2,_EOPKG_WI-UN-f1-5,99,train_grad_norm_struct_xattn,0,1781527426953,0.0
learn,EOPKG-WI,EOPKGTopologyConditionedWI,a6f92d038fdd4015af0c2ca3d4d657de,854778689611649472,_EOPKG_WI-UN-f1-5-99_loan_v1_v5_simulated_GATv2,_EOPKG_WI-UN-f1-5,99,train_grad_norm_struct_xattn,0,1781527426953,0.0
learn,EOPKG-WI,EOPKGTopologyConditionedWI,a6f92d038fdd4015af0c2ca3d4d657de,854778689611649472,_EOPKG_WI-UN-f1-5-99_loan_v1_v5_simulated_GATv2,_EOPKG_WI-UN-f1-5,99,train_grad_norm_struct_xattn,0,1781527584960,0.0
learn,EOPKG-WI,EOPKGTopologyConditionedWI,a6f92d038fdd4015af0c2ca3d4d657de,854778689611649472,_EOPKG_WI-UN-f1-5-99_loan_v1_v5_simulated_GATv2,_EOPKG_WI-UN-f1-5,99,train_grad_norm_struct_xattn,0,1781527584960,0.0
learn,EOPKG-WI,EOPKGTopologyConditionedWI,a6f92d038fdd4015af0c2ca3d4d657de,854778689611649472,_EOPKG_WI-UN-f1-5-99_loan_v1_v5_simulated_GATv2,_EOPKG_WI-UN-f1-5,99,train_grad_norm_struct_xattn,0,1781527735687,0.0
learn,EOPKG-WI,EOPKGTopologyConditionedWI,a6f92d038fdd4015af0c2ca3d4d657de,854778689611649472,_EOPKG_WI-UN-f1-5-99_loan_v1_v5_simulated_GATv2,_EOPKG_WI-UN-f1-5,99,train_grad_norm_struct_xattn,0,1781527735687,0.0
learn,EOPKG-WI,EOPKGTopologyConditionedWI,a6f92d038fdd4015af0c2ca3d4d657de,854778689611649472,_EOPKG_WI-UN-f1-5-99_loan_v1_v5_simulated_GATv2,_EOPKG_WI-UN-f1-5,99,train_grad_norm_struct_xattn,0,1781527856362,0.0
learn,EOPKG-WI,EOPKGTopologyConditionedWI,a6f92d038fdd4015af0c2ca3d4d657de,854778689611649472,_EOPKG_WI-UN-f1-5-99_loan_v1_v5_simulated_GATv2,_EOPKG_WI-UN-f1-5,99,train_grad_norm_struct_xattn,0,1781527856362,0.0
learn,EOPKG-WI,EOPKGTopologyConditionedWI,a6f92d038fdd4015af0c2ca3d4d657de,854778689611649472,_EOPKG_WI-UN-f1-5-99_loan_v1_v5_simulated_GATv2,_EOPKG_WI-UN-f1-5,99,train_grad_norm_struct_xattn,0,1781527981640,0.0
learn,EOPKG-WI,EOPKGTopologyConditionedWI,a6f92d038fdd4015af0c2ca3d4d657de,854778689611649472,_EOPKG_WI-UN-f1-5-99_loan_v1_v5_simulated_GATv2,_EOPKG_WI-UN-f1-5,99,train_grad_norm_struct_xattn,0,1781527981640,0.0
learn,EOPKG-WI,EOPKGTopologyConditionedWI,a6f92d038fdd4015af0c2ca3d4d657de,854778689611649472,_EOPKG_WI-UN-f1-5-99_loan_v1_v5_simulated_GATv2,_EOPKG_WI-UN-f1-5,99,train_grad_norm_struct_xattn,0,1781528104434,0.0
learn,EOPKG-WI,EOPKGTopologyConditionedWI,a6f92d038fdd4015af0c2ca3d4d657de,854778689611649472,_EOPKG_WI-UN-f1-5-99_loan_v1_v5_simulated_GATv2,_EOPKG_WI-UN-f1-5,99,train_grad_norm_struct_xattn,0,1781528104434,0.0
learn,EOPKG-WI,EOPKGTopologyConditionedWI,a6f92d038fdd4015af0c2ca3d4d657de,854778689611649472,_EOPKG_WI-UN-f1-5-99_loan_v1_v5_simulated_GATv2,_EOPKG_WI-UN-f1-5,99,train_grad_norm_struct_xattn,0,1781528226174,0.0
learn,EOPKG-WI,EOPKGTopologyConditionedWI,a6f92d038fdd4015af0c2ca3d4d657de,854778689611649472,_EOPKG_WI-UN-f1-5-99_loan_v1_v5_simulated_GATv2,_EOPKG_WI-UN-f1-5,99,train_grad_norm_struct_xattn,0,1781528226174,0.0
learn,EOPKG-WI,EOPKGTopologyConditionedWI,a6f92d038fdd4015af0c2ca3d4d657de,854778689611649472,_EOPKG_WI-UN-f1-5-99_loan_v1_v5_simulated_GATv2,_EOPKG_WI-UN-f1-5,99,train_grad_norm_struct_xattn,0,1781528341119,0.0
learn,EOPKG-WI,EOPKGTopologyConditionedWI,a6f92d038fdd4015af0c2ca3d4d657de,854778689611649472,_EOPKG_WI-UN-f1-5-99_loan_v1_v5_simulated_GATv2,_EOPKG_WI-UN-f1-5,99,train_grad_norm_struct_xattn,0,1781528341119,0.0
learn,EOPKG-WI,EOPKGTopologyConditionedWI,a6f92d038fdd4015af0c2ca3d4d657de,854778689611649472,_EOPKG_WI-UN-f1-5-99_loan_v1_v5_simulated_GATv2,_EOPKG_WI-UN-f1-5,99,train_grad_norm_struct_xattn,0,1781528483675,0.0
learn,EOPKG-WI,EOPKGTopologyConditionedWI,a6f92d038fdd4015af0c2ca3d4d657de,854778689611649472,_EOPKG_WI-UN-f1-5-99_loan_v1_v5_simulated_GATv2,_EOPKG_WI-UN-f1-5,99,train_grad_norm_struct_xattn,0,1781528483675,0.0
learn,EOPKG-WI,EOPKGTopologyConditionedWI,a6f92d038fdd4015af0c2ca3d4d657de,854778689611649472,_EOPKG_WI-UN-f1-5-99_loan_v1_v5_simulated_GATv2,_EOPKG_WI-UN-f1-5,99,train_grad_norm_struct_xattn,0,1781528791437,0.0
learn,EOPKG-WI,EOPKGTopologyConditionedWI,a6f92d038fdd4015af0c2ca3d4d657de,854778689611649472,_EOPKG_WI-UN-f1-5-99_loan_v1_v5_simulated_GATv2,_EOPKG_WI-UN-f1-5,99,train_grad_norm_struct_xattn,0,1781528791437,0.0
learn,EOPKG-WI,EOPKGTopologyConditionedWI,a6f92d038fdd4015af0c2ca3d4d657de,854778689611649472,_EOPKG_WI-UN-f1-5-99_loan_v1_v5_simulated_GATv2,_EOPKG_WI-UN-f1-5,99,train_grad_norm_struct_xattn,0,1781528974439,0.0
learn,EOPKG-WI,EOPKGTopologyConditionedWI,a6f92d038fdd4015af0c2ca3d4d657de,854778689611649472,_EOPKG_WI-UN-f1-5-99_loan_v1_v5_simulated_GATv2,_EOPKG_WI-UN-f1-5,99,train_grad_norm_struct_xattn,0,1781528974439,0.0
learn,EOPKG-WI,EOPKGTopologyConditionedWI,a6f92d038fdd4015af0c2ca3d4d657de,854778689611649472,_EOPKG_WI-UN-f1-5-99_loan_v1_v5_simulated_GATv2,_EOPKG_WI-UN-f1-5,99,train_grad_norm_struct_xattn,0,1781529154612,0.0
learn,EOPKG-WI,EOPKGTopologyConditionedWI,a6f92d038fdd4015af0c2ca3d4d657de,854778689611649472,_EOPKG_WI-UN-f1-5-99_loan_v1_v5_simulated_GATv2,_EOPKG_WI-UN-f1-5,99,train_grad_norm_struct_xattn,0,1781529154612,0.0
learn,EOPKG-WI,EOPKGTopologyConditionedWI,a6f92d038fdd4015af0c2ca3d4d657de,854778689611649472,_EOPKG_WI-UN-f1-5-99_loan_v1_v5_simulated_GATv2,_EOPKG_WI-UN-f1-5,99,train_grad_norm_struct_xattn,0,1781529331934,0.0
learn,EOPKG-WI,EOPKGTopologyConditionedWI,a6f92d038fdd4015af0c2ca3d4d657de,854778689611649472,_EOPKG_WI-UN-f1-5-99_loan_v1_v5_simulated_GATv2,_EOPKG_WI-UN-f1-5,99,train_grad_norm_struct_xattn,0,1781529331934,0.0
learn,EOPKG-WI,EOPKGTopologyConditionedWI,a6f92d038fdd4015af0c2ca3d4d657de,854778689611649472,_EOPKG_WI-UN-f1-5-99_loan_v1_v5_simulated_GATv2,_EOPKG_WI-UN-f1-5,99,train_grad_norm_struct_xattn,0,1781529485825,0.0
learn,EOPKG-WI,EOPKGTopologyConditionedWI,a6f92d038fdd4015af0c2ca3d4d657de,854778689611649472,_EOPKG_WI-UN-f1-5-99_loan_v1_v5_simulated_GATv2,_EOPKG_WI-UN-f1-5,99,train_grad_norm_struct_xattn,0,1781529485825,0.0
learn,EOPKG-WI,EOPKGTopologyConditionedWI,a6f92d038fdd4015af0c2ca3d4d657de,854778689611649472,_EOPKG_WI-UN-f1-5-99_loan_v1_v5_simulated_GATv2,_EOPKG_WI-UN-f1-5,99,train_grad_norm_struct_xattn,0,1781529598579,0.0
learn,EOPKG-WI,EOPKGTopologyConditionedWI,a6f92d038fdd4015af0c2ca3d4d657de,854778689611649472,_EOPKG_WI-UN-f1-5-99_loan_v1_v5_simulated_GATv2,_EOPKG_WI-UN-f1-5,99,train_grad_norm_struct_xattn,0,1781529598579,0.0
learn,EOPKG-WI,EOPKGTopologyConditionedWI,a6f92d038fdd4015af0c2ca3d4d657de,854778689611649472,_EOPKG_WI-UN-f1-5-99_loan_v1_v5_simulated_GATv2,_EOPKG_WI-UN-f1-5,99,train_grad_norm_struct_xattn,0,1781529713045,0.0
learn,EOPKG-WI,EOPKGTopologyConditionedWI,a6f92d038fdd4015af0c2ca3d4d657de,854778689611649472,_EOPKG_WI-UN-f1-5-99_loan_v1_v5_simulated_GATv2,_EOPKG_WI-UN-f1-5,99,train_grad_norm_struct_xattn,0,1781529713045,0.0
learn,EOPKG-WI,EOPKGTopologyConditionedWI,a6f92d038fdd4015af0c2ca3d4d657de,854778689611649472,_EOPKG_WI-UN-f1-5-99_loan_v1_v5_simulated_GATv2,_EOPKG_WI-UN-f1-5,99,train_grad_norm_struct_xattn,0,1781529838669,0.0
learn,EOPKG-WI,EOPKGTopologyConditionedWI,a6f92d038fdd4015af0c2ca3d4d657de,854778689611649472,_EOPKG_WI-UN-f1-5-99_loan_v1_v5_simulated_GATv2,_EOPKG_WI-UN-f1-5,99,train_grad_norm_struct_xattn,0,1781529838669,0.0
learn,EOPKG-WI,EOPKGTopologyConditionedWI,a6f92d038fdd4015af0c2ca3d4d657de,854778689611649472,_EOPKG_WI-UN-f1-5-99_loan_v1_v5_simulated_GATv2,_EOPKG_WI-UN-f1-5,99,train_grad_norm_struct_xattn,0,1781529959577,0.0
learn,EOPKG-WI,EOPKGTopologyConditionedWI,a6f92d038fdd4015af0c2ca3d4d657de,854778689611649472,_EOPKG_WI-UN-f1-5-99_loan_v1_v5_simulated_GATv2,_EOPKG_WI-UN-f1-5,99,train_grad_norm_struct_xattn,0,1781529959577,0.0
learn,EOPKG-WI,EOPKGTopologyConditionedWI,a6f92d038fdd4015af0c2ca3d4d657de,854778689611649472,_EOPKG_WI-UN-f1-5-99_loan_v1_v5_simulated_GATv2,_EOPKG_WI-UN-f1-5,99,train_grad_norm_struct_xattn,0,1781530075609,0.0
learn,EOPKG-WI,EOPKGTopologyConditionedWI,a6f92d038fdd4015af0c2ca3d4d657de,854778689611649472,_EOPKG_WI-UN-f1-5-99_loan_v1_v5_simulated_GATv2,_EOPKG_WI-UN-f1-5,99,train_grad_norm_struct_xattn,0,1781530075609,0.0
learn,EOPKG-WI,EOPKGTopologyConditionedWI,a6f92d038fdd4015af0c2ca3d4d657de,854778689611649472,_EOPKG_WI-UN-f1-5-99_loan_v1_v5_simulated_GATv2,_EOPKG_WI-UN-f1-5,99,train_grad_norm_struct_xattn,0,1781530227383,0.0
learn,EOPKG-WI,EOPKGTopologyConditionedWI,a6f92d038fdd4015af0c2ca3d4d657de,854778689611649472,_EOPKG_WI-UN-f1-5-99_loan_v1_v5_simulated_GATv2,_EOPKG_WI-UN-f1-5,99,train_grad_norm_struct_xattn,0,1781530227383,0.0
learn,EOPKG-WI,EOPKGTopologyConditionedWI,a6f92d038fdd4015af0c2ca3d4d657de,854778689611649472,_EOPKG_WI-UN-f1-5-99_loan_v1_v5_simulated_GATv2,_EOPKG_WI-UN-f1-5,99,train_grad_norm_struct_xattn,0,1781530445274,0.0
learn,EOPKG-WI,EOPKGTopologyConditionedWI,a6f92d038fdd4015af0c2ca3d4d657de,854778689611649472,_EOPKG_WI-UN-f1-5-99_loan_v1_v5_simulated_GATv2,_EOPKG_WI-UN-f1-5,99,train_grad_norm_struct_xattn,0,1781530445274,0.0
learn,EOPKG-WI,EOPKGTopologyConditionedWI,a6f92d038fdd4015af0c2ca3d4d657de,854778689611649472,_EOPKG_WI-UN-f1-5-99_loan_v1_v5_simulated_GATv2,_EOPKG_WI-UN-f1-5,99,train_grad_norm_struct_xattn,0,1781530722524,0.0
learn,EOPKG-WI,EOPKGTopologyConditionedWI,a6f92d038fdd4015af0c2ca3d4d657de,854778689611649472,_EOPKG_WI-UN-f1-5-99_loan_v1_v5_simulated_GATv2,_EOPKG_WI-UN-f1-5,99,train_grad_norm_struct_xattn,0,1781530722524,0.0
learn,EOPKG-WI,EOPKGTopologyConditionedWI,a6f92d038fdd4015af0c2ca3d4d657de,854778689611649472,_EOPKG_WI-UN-f1-5-99_loan_v1_v5_simulated_GATv2,_EOPKG_WI-UN-f1-5,99,train_grad_norm_struct_xattn,0,1781531034820,0.0
learn,EOPKG-WI,EOPKGTopologyConditionedWI,a6f92d038fdd4015af0c2ca3d4d657de,854778689611649472,_EOPKG_WI-UN-f1-5-99_loan_v1_v5_simulated_GATv2,_EOPKG_WI-UN-f1-5,99,train_grad_norm_struct_xattn,0,1781531034820,0.0
learn,EOPKG-WI,EOPKGTopologyConditionedWI,a6f92d038fdd4015af0c2ca3d4d657de,854778689611649472,_EOPKG_WI-UN-f1-5-99_loan_v1_v5_simulated_GATv2,_EOPKG_WI-UN-f1-5,99,train_grad_norm_struct_xattn,0,1781531150001,0.0
learn,EOPKG-WI,EOPKGTopologyConditionedWI,a6f92d038fdd4015af0c2ca3d4d657de,854778689611649472,_EOPKG_WI-UN-f1-5-99_loan_v1_v5_simulated_GATv2,_EOPKG_WI-UN-f1-5,99,train_grad_norm_struct_xattn,0,1781531150001,0.0
learn,EOPKG-WI,EOPKGTopologyConditionedWI,a6f92d038fdd4015af0c2ca3d4d657de,854778689611649472,_EOPKG_WI-UN-f1-5-99_loan_v1_v5_simulated_GATv2,_EOPKG_WI-UN-f1-5,99,train_grad_norm_struct_xattn,0,1781531261273,0.0
learn,EOPKG-WI,EOPKGTopologyConditionedWI,a6f92d038fdd4015af0c2ca3d4d657de,854778689611649472,_EOPKG_WI-UN-f1-5-99_loan_v1_v5_simulated_GATv2,_EOPKG_WI-UN-f1-5,99,train_grad_norm_struct_xattn,0,1781531261273,0.0
learn,EOPKG-WI,EOPKGTopologyConditionedWI,a6f92d038fdd4015af0c2ca3d4d657de,854778689611649472,_EOPKG_WI-UN-f1-5-99_loan_v1_v5_simulated_GATv2,_EOPKG_WI-UN-f1-5,99,train_grad_norm_struct_xattn,0,1781531375160,0.0
learn,EOPKG-WI,EOPKGTopologyConditionedWI,a6f92d038fdd4015af0c2ca3d4d657de,854778689611649472,_EOPKG_WI-UN-f1-5-99_loan_v1_v5_simulated_GATv2,_EOPKG_WI-UN-f1-5,99,train_grad_norm_struct_xattn,0,1781531375160,0.0
learn,EOPKG-WI,EOPKGTopologyConditionedWI,a6f92d038fdd4015af0c2ca3d4d657de,854778689611649472,_EOPKG_WI-UN-f1-5-99_loan_v1_v5_simulated_GATv2,_EOPKG_WI-UN-f1-5,99,train_grad_norm_struct_xattn,0,1781531486071,0.0
learn,EOPKG-WI,EOPKGTopologyConditionedWI,a6f92d038fdd4015af0c2ca3d4d657de,854778689611649472,_EOPKG_WI-UN-f1-5-99_loan_v1_v5_simulated_GATv2,_EOPKG_WI-UN-f1-5,99,train_grad_norm_struct_xattn,0,1781531486071,0.0
learn,EOPKG-WI,EOPKGTopologyConditionedWI,a6f92d038fdd4015af0c2ca3d4d657de,854778689611649472,_EOPKG_WI-UN-f1-5-99_loan_v1_v5_simulated_GATv2,_EOPKG_WI-UN-f1-5,99,train_grad_norm_struct_xattn,0,1781531595008,0.0
learn,EOPKG-WI,EOPKGTopologyConditionedWI,a6f92d038fdd4015af0c2ca3d4d657de,854778689611649472,_EOPKG_WI-UN-f1-5-99_loan_v1_v5_simulated_GATv2,_EOPKG_WI-UN-f1-5,99,train_grad_norm_struct_xattn,0,1781531595008,0.0
learn,EOPKG-WI,EOPKGTopologyConditionedWI,a6f92d038fdd4015af0c2ca3d4d657de,854778689611649472,_EOPKG_WI-UN-f1-5-99_loan_v1_v5_simulated_GATv2,_EOPKG_WI-UN-f1-5,99,train_grad_norm_struct_xattn,0,1781531703565,0.0
learn,EOPKG-WI,EOPKGTopologyConditionedWI,a6f92d038fdd4015af0c2ca3d4d657de,854778689611649472,_EOPKG_WI-UN-f1-5-99_loan_v1_v5_simulated_GATv2,_EOPKG_WI-UN-f1-5,99,train_grad_norm_struct_xattn,0,1781531703565,0.0
learn,EOPKG-WI,EOPKGTopologyConditionedWI,a6f92d038fdd4015af0c2ca3d4d657de,854778689611649472,_EOPKG_WI-UN-f1-5-99_loan_v1_v5_simulated_GATv2,_EOPKG_WI-UN-f1-5,99,train_grad_norm_struct_xattn,0,1781531811974,0.0
learn,EOPKG-WI,EOPKGTopologyConditionedWI,a6f92d038fdd4015af0c2ca3d4d657de,854778689611649472,_EOPKG_WI-UN-f1-5-99_loan_v1_v5_simulated_GATv2,_EOPKG_WI-UN-f1-5,99,train_grad_norm_struct_xattn,0,1781531811974,0.0
learn,EOPKG-WI,EOPKGTopologyConditionedWI,a6f92d038fdd4015af0c2ca3d4d657de,854778689611649472,_EOPKG_WI-UN-f1-5-99_loan_v1_v5_simulated_GATv2,_EOPKG_WI-UN-f1-5,99,train_grad_norm_struct_xattn,0,1781531921276,0.0
learn,EOPKG-WI,EOPKGTopologyConditionedWI,a6f92d038fdd4015af0c2ca3d4d657de,854778689611649472,_EOPKG_WI-UN-f1-5-99_loan_v1_v5_simulated_GATv2,_EOPKG_WI-UN-f1-5,99,train_grad_norm_struct_xattn,0,1781531921276,0.0
learn,EOPKG-WI,EOPKGTopologyConditionedWI,a6f92d038fdd4015af0c2ca3d4d657de,854778689611649472,_EOPKG_WI-UN-f1-5-99_loan_v1_v5_simulated_GATv2,_EOPKG_WI-UN-f1-5,99,train_grad_norm_struct_xattn,0,1781532029068,0.0
learn,EOPKG-WI,EOPKGTopologyConditionedWI,a6f92d038fdd4015af0c2ca3d4d657de,854778689611649472,_EOPKG_WI-UN-f1-5-99_loan_v1_v5_simulated_GATv2,_EOPKG_WI-UN-f1-5,99,train_grad_norm_struct_xattn,0,1781532029068,0.0
learn,EOPKG-WI,EOPKGTopologyConditionedWI,a6f92d038fdd4015af0c2ca3d4d657de,854778689611649472,_EOPKG_WI-UN-f1-5-99_loan_v1_v5_simulated_GATv2,_EOPKG_WI-UN-f1-5,99,train_grad_norm_struct_xattn,0,1781532136934,0.0
learn,EOPKG-WI,EOPKGTopologyConditionedWI,a6f92d038fdd4015af0c2ca3d4d657de,854778689611649472,_EOPKG_WI-UN-f1-5-99_loan_v1_v5_simulated_GATv2,_EOPKG_WI-UN-f1-5,99,train_grad_norm_struct_xattn,0,1781532136934,0.0
learn,EOPKG-WI,EOPKGTopologyConditionedWI,a6f92d038fdd4015af0c2ca3d4d657de,854778689611649472,_EOPKG_WI-UN-f1-5-99_loan_v1_v5_simulated_GATv2,_EOPKG_WI-UN-f1-5,99,train_grad_norm_struct_xattn,0,1781532245862,0.0
learn,EOPKG-WI,EOPKGTopologyConditionedWI,a6f92d038fdd4015af0c2ca3d4d657de,854778689611649472,_EOPKG_WI-UN-f1-5-99_loan_v1_v5_simulated_GATv2,_EOPKG_WI-UN-f1-5,99,train_grad_norm_struct_xattn,0,1781532245862,0.0
learn,EOPKG-WI,EOPKGTopologyConditionedWI,a6f92d038fdd4015af0c2ca3d4d657de,854778689611649472,_EOPKG_WI-UN-f1-5-99_loan_v1_v5_simulated_GATv2,_EOPKG_WI-UN-f1-5,99,train_grad_norm_struct_xattn,0,1781532359386,0.0
learn,EOPKG-WI,EOPKGTopologyConditionedWI,a6f92d038fdd4015af0c2ca3d4d657de,854778689611649472,_EOPKG_WI-UN-f1-5-99_loan_v1_v5_simulated_GATv2,_EOPKG_WI-UN-f1-5,99,train_grad_norm_struct_xattn,0,1781532359386,0.0
learn,EOPKG-WI,EOPKGTopologyConditionedWI,a6f92d038fdd4015af0c2ca3d4d657de,854778689611649472,_EOPKG_WI-UN-f1-5-99_loan_v1_v5_simulated_GATv2,_EOPKG_WI-UN-f1-5,99,train_grad_norm_struct_xattn,0,1781532468621,0.0
learn,EOPKG-WI,EOPKGTopologyConditionedWI,a6f92d038fdd4015af0c2ca3d4d657de,854778689611649472,_EOPKG_WI-UN-f1-5-99_loan_v1_v5_simulated_GATv2,_EOPKG_WI-UN-f1-5,99,train_grad_norm_struct_xattn,0,1781532468621,0.0
learn,EOPKG-WI,EOPKGTopologyConditionedWI,a6f92d038fdd4015af0c2ca3d4d657de,854778689611649472,_EOPKG_WI-UN-f1-5-99_loan_v1_v5_simulated_GATv2,_EOPKG_WI-UN-f1-5,99,train_grad_norm_struct_xattn,0,1781532578843,0.0
learn,EOPKG-WI,EOPKGTopologyConditionedWI,a6f92d038fdd4015af0c2ca3d4d657de,854778689611649472,_EOPKG_WI-UN-f1-5-99_loan_v1_v5_simulated_GATv2,_EOPKG_WI-UN-f1-5,99,train_grad_norm_struct_xattn,0,1781532578843,0.0
learn,EOPKG-WI,EOPKGTopologyConditionedWI,d0cd559af6bc4bcd986fb11b0ed56877,854778689611649472,_EOPKG_WI-UN-f1-5-55_loan_v1_v5_simulated_GATv2,_EOPKG_WI-UN-f1-5,55,train_grad_norm_struct_xattn,0,1781084760897,0.0
learn,EOPKG-WI,EOPKGTopologyConditionedWI,d0cd559af6bc4bcd986fb11b0ed56877,854778689611649472,_EOPKG_WI-UN-f1-5-55_loan_v1_v5_simulated_GATv2,_EOPKG_WI-UN-f1-5,55,train_grad_norm_struct_xattn,0,1781084760897,0.0
learn,EOPKG-WI,EOPKGTopologyConditionedWI,d0cd559af6bc4bcd986fb11b0ed56877,854778689611649472,_EOPKG_WI-UN-f1-5-55_loan_v1_v5_simulated_GATv2,_EOPKG_WI-UN-f1-5,55,train_grad_norm_struct_xattn,0,1781084905660,0.0
learn,EOPKG-WI,EOPKGTopologyConditionedWI,d0cd559af6bc4bcd986fb11b0ed56877,854778689611649472,_EOPKG_WI-UN-f1-5-55_loan_v1_v5_simulated_GATv2,_EOPKG_WI-UN-f1-5,55,train_grad_norm_struct_xattn,0,1781084905660,0.0
learn,EOPKG-WI,EOPKGTopologyConditionedWI,d0cd559af6bc4bcd986fb11b0ed56877,854778689611649472,_EOPKG_WI-UN-f1-5-55_loan_v1_v5_simulated_GATv2,_EOPKG_WI-UN-f1-5,55,train_grad_norm_struct_xattn,0,1781085019126,0.0
learn,EOPKG-WI,EOPKGTopologyConditionedWI,d0cd559af6bc4bcd986fb11b0ed56877,854778689611649472,_EOPKG_WI-UN-f1-5-55_loan_v1_v5_simulated_GATv2,_EOPKG_WI-UN-f1-5,55,train_grad_norm_struct_xattn,0,1781085019126,0.0
learn,EOPKG-WI,EOPKGTopologyConditionedWI,d0cd559af6bc4bcd986fb11b0ed56877,854778689611649472,_EOPKG_WI-UN-f1-5-55_loan_v1_v5_simulated_GATv2,_EOPKG_WI-UN-f1-5,55,train_grad_norm_struct_xattn,0,1781085130655,0.0
learn,EOPKG-WI,EOPKGTopologyConditionedWI,d0cd559af6bc4bcd986fb11b0ed56877,854778689611649472,_EOPKG_WI-UN-f1-5-55_loan_v1_v5_simulated_GATv2,_EOPKG_WI-UN-f1-5,55,train_grad_norm_struct_xattn,0,1781085130655,0.0
learn,EOPKG-WI,EOPKGTopologyConditionedWI,d0cd559af6bc4bcd986fb11b0ed56877,854778689611649472,_EOPKG_WI-UN-f1-5-55_loan_v1_v5_simulated_GATv2,_EOPKG_WI-UN-f1-5,55,train_grad_norm_struct_xattn,0,1781085250690,0.0
learn,EOPKG-WI,EOPKGTopologyConditionedWI,d0cd559af6bc4bcd986fb11b0ed56877,854778689611649472,_EOPKG_WI-UN-f1-5-55_loan_v1_v5_simulated_GATv2,_EOPKG_WI-UN-f1-5,55,train_grad_norm_struct_xattn,0,1781085250690,0.0
learn,EOPKG-WI,EOPKGTopologyConditionedWI,d0cd559af6bc4bcd986fb11b0ed56877,854778689611649472,_EOPKG_WI-UN-f1-5-55_loan_v1_v5_simulated_GATv2,_EOPKG_WI-UN-f1-5,55,train_grad_norm_struct_xattn,0,1781085376421,0.0
learn,EOPKG-WI,EOPKGTopologyConditionedWI,d0cd559af6bc4bcd986fb11b0ed56877,854778689611649472,_EOPKG_WI-UN-f1-5-55_loan_v1_v5_simulated_GATv2,_EOPKG_WI-UN-f1-5,55,train_grad_norm_struct_xattn,0,1781085376421,0.0
learn,EOPKG-WI,EOPKGTopologyConditionedWI,d0cd559af6bc4bcd986fb11b0ed56877,854778689611649472,_EOPKG_WI-UN-f1-5-55_loan_v1_v5_simulated_GATv2,_EOPKG_WI-UN-f1-5,55,train_grad_norm_struct_xattn,0,1781085480070,0.0
learn,EOPKG-WI,EOPKGTopologyConditionedWI,d0cd559af6bc4bcd986fb11b0ed56877,854778689611649472,_EOPKG_WI-UN-f1-5-55_loan_v1_v5_simulated_GATv2,_EOPKG_WI-UN-f1-5,55,train_grad_norm_struct_xattn,0,1781085480070,0.0
learn,EOPKG-WI,EOPKGTopologyConditionedWI,d0cd559af6bc4bcd986fb11b0ed56877,854778689611649472,_EOPKG_WI-UN-f1-5-55_loan_v1_v5_simulated_GATv2,_EOPKG_WI-UN-f1-5,55,train_grad_norm_struct_xattn,0,1781085594505,0.0
learn,EOPKG-WI,EOPKGTopologyConditionedWI,d0cd559af6bc4bcd986fb11b0ed56877,854778689611649472,_EOPKG_WI-UN-f1-5-55_loan_v1_v5_simulated_GATv2,_EOPKG_WI-UN-f1-5,55,train_grad_norm_struct_xattn,0,1781085594505,0.0
learn,EOPKG-WI,EOPKGTopologyConditionedWI,d0cd559af6bc4bcd986fb11b0ed56877,854778689611649472,_EOPKG_WI-UN-f1-5-55_loan_v1_v5_simulated_GATv2,_EOPKG_WI-UN-f1-5,55,train_grad_norm_struct_xattn,0,1781085722320,0.0
learn,EOPKG-WI,EOPKGTopologyConditionedWI,d0cd559af6bc4bcd986fb11b0ed56877,854778689611649472,_EOPKG_WI-UN-f1-5-55_loan_v1_v5_simulated_GATv2,_EOPKG_WI-UN-f1-5,55,train_grad_norm_struct_xattn,0,1781085722320,0.0
learn,EOPKG-WI,EOPKGTopologyConditionedWI,d0cd559af6bc4bcd986fb11b0ed56877,854778689611649472,_EOPKG_WI-UN-f1-5-55_loan_v1_v5_simulated_GATv2,_EOPKG_WI-UN-f1-5,55,train_grad_norm_struct_xattn,0,1781085847319,0.0
learn,EOPKG-WI,EOPKGTopologyConditionedWI,d0cd559af6bc4bcd986fb11b0ed56877,854778689611649472,_EOPKG_WI-UN-f1-5-55_loan_v1_v5_simulated_GATv2,_EOPKG_WI-UN-f1-5,55,train_grad_norm_struct_xattn,0,1781085847319,0.0
learn,EOPKG-WI,EOPKGTopologyConditionedWI,d0cd559af6bc4bcd986fb11b0ed56877,854778689611649472,_EOPKG_WI-UN-f1-5-55_loan_v1_v5_simulated_GATv2,_EOPKG_WI-UN-f1-5,55,train_grad_norm_struct_xattn,0,1781085974251,0.0
learn,EOPKG-WI,EOPKGTopologyConditionedWI,d0cd559af6bc4bcd986fb11b0ed56877,854778689611649472,_EOPKG_WI-UN-f1-5-55_loan_v1_v5_simulated_GATv2,_EOPKG_WI-UN-f1-5,55,train_grad_norm_struct_xattn,0,1781085974251,0.0
learn,EOPKG-WI,EOPKGTopologyConditionedWI,d0cd559af6bc4bcd986fb11b0ed56877,854778689611649472,_EOPKG_WI-UN-f1-5-55_loan_v1_v5_simulated_GATv2,_EOPKG_WI-UN-f1-5,55,train_grad_norm_struct_xattn,0,1781086100226,0.0
learn,EOPKG-WI,EOPKGTopologyConditionedWI,d0cd559af6bc4bcd986fb11b0ed56877,854778689611649472,_EOPKG_WI-UN-f1-5-55_loan_v1_v5_simulated_GATv2,_EOPKG_WI-UN-f1-5,55,train_grad_norm_struct_xattn,0,1781086100226,0.0
learn,EOPKG-WI,EOPKGTopologyConditionedWI,d0cd559af6bc4bcd986fb11b0ed56877,854778689611649472,_EOPKG_WI-UN-f1-5-55_loan_v1_v5_simulated_GATv2,_EOPKG_WI-UN-f1-5,55,train_grad_norm_struct_xattn,0,1781086240798,0.0
learn,EOPKG-WI,EOPKGTopologyConditionedWI,d0cd559af6bc4bcd986fb11b0ed56877,854778689611649472,_EOPKG_WI-UN-f1-5-55_loan_v1_v5_simulated_GATv2,_EOPKG_WI-UN-f1-5,55,train_grad_norm_struct_xattn,0,1781086240798,0.0
learn,EOPKG-WI,EOPKGTopologyConditionedWI,d0cd559af6bc4bcd986fb11b0ed56877,854778689611649472,_EOPKG_WI-UN-f1-5-55_loan_v1_v5_simulated_GATv2,_EOPKG_WI-UN-f1-5,55,train_grad_norm_struct_xattn,0,1781086377344,0.0
learn,EOPKG-WI,EOPKGTopologyConditionedWI,d0cd559af6bc4bcd986fb11b0ed56877,854778689611649472,_EOPKG_WI-UN-f1-5-55_loan_v1_v5_simulated_GATv2,_EOPKG_WI-UN-f1-5,55,train_grad_norm_struct_xattn,0,1781086377344,0.0
learn,EOPKG-WI,EOPKGTopologyConditionedWI,d0cd559af6bc4bcd986fb11b0ed56877,854778689611649472,_EOPKG_WI-UN-f1-5-55_loan_v1_v5_simulated_GATv2,_EOPKG_WI-UN-f1-5,55,train_grad_norm_struct_xattn,0,1781086498657,0.0
learn,EOPKG-WI,EOPKGTopologyConditionedWI,d0cd559af6bc4bcd986fb11b0ed56877,854778689611649472,_EOPKG_WI-UN-f1-5-55_loan_v1_v5_simulated_GATv2,_EOPKG_WI-UN-f1-5,55,train_grad_norm_struct_xattn,0,1781086498657,0.0
learn,EOPKG-WI,EOPKGTopologyConditionedWI,d0cd559af6bc4bcd986fb11b0ed56877,854778689611649472,_EOPKG_WI-UN-f1-5-55_loan_v1_v5_simulated_GATv2,_EOPKG_WI-UN-f1-5,55,train_grad_norm_struct_xattn,0,1781086635700,0.0
learn,EOPKG-WI,EOPKGTopologyConditionedWI,d0cd559af6bc4bcd986fb11b0ed56877,854778689611649472,_EOPKG_WI-UN-f1-5-55_loan_v1_v5_simulated_GATv2,_EOPKG_WI-UN-f1-5,55,train_grad_norm_struct_xattn,0,1781086635700,0.0
learn,EOPKG-WI,EOPKGTopologyConditionedWI,d0cd559af6bc4bcd986fb11b0ed56877,854778689611649472,_EOPKG_WI-UN-f1-5-55_loan_v1_v5_simulated_GATv2,_EOPKG_WI-UN-f1-5,55,train_grad_norm_struct_xattn,0,1781086763265,0.0
learn,EOPKG-WI,EOPKGTopologyConditionedWI,d0cd559af6bc4bcd986fb11b0ed56877,854778689611649472,_EOPKG_WI-UN-f1-5-55_loan_v1_v5_simulated_GATv2,_EOPKG_WI-UN-f1-5,55,train_grad_norm_struct_xattn,0,1781086763265,0.0
learn,EOPKG-WI,EOPKGTopologyConditionedWI,d0cd559af6bc4bcd986fb11b0ed56877,854778689611649472,_EOPKG_WI-UN-f1-5-55_loan_v1_v5_simulated_GATv2,_EOPKG_WI-UN-f1-5,55,train_grad_norm_struct_xattn,0,1781086916996,0.0
learn,EOPKG-WI,EOPKGTopologyConditionedWI,d0cd559af6bc4bcd986fb11b0ed56877,854778689611649472,_EOPKG_WI-UN-f1-5-55_loan_v1_v5_simulated_GATv2,_EOPKG_WI-UN-f1-5,55,train_grad_norm_struct_xattn,0,1781086916996,0.0
learn,EOPKG-WI,EOPKGTopologyConditionedWI,d0cd559af6bc4bcd986fb11b0ed56877,854778689611649472,_EOPKG_WI-UN-f1-5-55_loan_v1_v5_simulated_GATv2,_EOPKG_WI-UN-f1-5,55,train_grad_norm_struct_xattn,0,1781087042234,0.0
learn,EOPKG-WI,EOPKGTopologyConditionedWI,d0cd559af6bc4bcd986fb11b0ed56877,854778689611649472,_EOPKG_WI-UN-f1-5-55_loan_v1_v5_simulated_GATv2,_EOPKG_WI-UN-f1-5,55,train_grad_norm_struct_xattn,0,1781087042234,0.0
learn,EOPKG-WI,EOPKGTopologyConditionedWI,d0cd559af6bc4bcd986fb11b0ed56877,854778689611649472,_EOPKG_WI-UN-f1-5-55_loan_v1_v5_simulated_GATv2,_EOPKG_WI-UN-f1-5,55,train_grad_norm_struct_xattn,0,1781087169191,0.0
learn,EOPKG-WI,EOPKGTopologyConditionedWI,d0cd559af6bc4bcd986fb11b0ed56877,854778689611649472,_EOPKG_WI-UN-f1-5-55_loan_v1_v5_simulated_GATv2,_EOPKG_WI-UN-f1-5,55,train_grad_norm_struct_xattn,0,1781087169191,0.0
learn,EOPKG-WI,EOPKGTopologyConditionedWI,d0cd559af6bc4bcd986fb11b0ed56877,854778689611649472,_EOPKG_WI-UN-f1-5-55_loan_v1_v5_simulated_GATv2,_EOPKG_WI-UN-f1-5,55,train_grad_norm_struct_xattn,0,1781087301313,0.0
learn,EOPKG-WI,EOPKGTopologyConditionedWI,d0cd559af6bc4bcd986fb11b0ed56877,854778689611649472,_EOPKG_WI-UN-f1-5-55_loan_v1_v5_simulated_GATv2,_EOPKG_WI-UN-f1-5,55,train_grad_norm_struct_xattn,0,1781087301313,0.0
learn,EOPKG-WI,EOPKGTopologyConditionedWI,d0cd559af6bc4bcd986fb11b0ed56877,854778689611649472,_EOPKG_WI-UN-f1-5-55_loan_v1_v5_simulated_GATv2,_EOPKG_WI-UN-f1-5,55,train_grad_norm_struct_xattn,0,1781087467372,0.0
learn,EOPKG-WI,EOPKGTopologyConditionedWI,d0cd559af6bc4bcd986fb11b0ed56877,854778689611649472,_EOPKG_WI-UN-f1-5-55_loan_v1_v5_simulated_GATv2,_EOPKG_WI-UN-f1-5,55,train_grad_norm_struct_xattn,0,1781087467372,0.0
learn,EOPKG-WI,EOPKGTopologyConditionedWI,d0cd559af6bc4bcd986fb11b0ed56877,854778689611649472,_EOPKG_WI-UN-f1-5-55_loan_v1_v5_simulated_GATv2,_EOPKG_WI-UN-f1-5,55,train_grad_norm_struct_xattn,0,1781087686556,0.0
learn,EOPKG-WI,EOPKGTopologyConditionedWI,d0cd559af6bc4bcd986fb11b0ed56877,854778689611649472,_EOPKG_WI-UN-f1-5-55_loan_v1_v5_simulated_GATv2,_EOPKG_WI-UN-f1-5,55,train_grad_norm_struct_xattn,0,1781087686556,0.0
learn,EOPKG-WI,EOPKGTopologyConditionedWI,d0cd559af6bc4bcd986fb11b0ed56877,854778689611649472,_EOPKG_WI-UN-f1-5-55_loan_v1_v5_simulated_GATv2,_EOPKG_WI-UN-f1-5,55,train_grad_norm_struct_xattn,0,1781087866899,0.0
learn,EOPKG-WI,EOPKGTopologyConditionedWI,d0cd559af6bc4bcd986fb11b0ed56877,854778689611649472,_EOPKG_WI-UN-f1-5-55_loan_v1_v5_simulated_GATv2,_EOPKG_WI-UN-f1-5,55,train_grad_norm_struct_xattn,0,1781087866899,0.0
learn,EOPKG-WI,EOPKGTopologyConditionedWI,d0cd559af6bc4bcd986fb11b0ed56877,854778689611649472,_EOPKG_WI-UN-f1-5-55_loan_v1_v5_simulated_GATv2,_EOPKG_WI-UN-f1-5,55,train_grad_norm_struct_xattn,0,1781088061560,0.0
learn,EOPKG-WI,EOPKGTopologyConditionedWI,d0cd559af6bc4bcd986fb11b0ed56877,854778689611649472,_EOPKG_WI-UN-f1-5-55_loan_v1_v5_simulated_GATv2,_EOPKG_WI-UN-f1-5,55,train_grad_norm_struct_xattn,0,1781088061560,0.0
learn,EOPKG-WI,EOPKGTopologyConditionedWI,d0cd559af6bc4bcd986fb11b0ed56877,854778689611649472,_EOPKG_WI-UN-f1-5-55_loan_v1_v5_simulated_GATv2,_EOPKG_WI-UN-f1-5,55,train_grad_norm_struct_xattn,0,1781088197123,0.0
learn,EOPKG-WI,EOPKGTopologyConditionedWI,d0cd559af6bc4bcd986fb11b0ed56877,854778689611649472,_EOPKG_WI-UN-f1-5-55_loan_v1_v5_simulated_GATv2,_EOPKG_WI-UN-f1-5,55,train_grad_norm_struct_xattn,0,1781088197123,0.0
learn,EOPKG-WI,EOPKGTopologyConditionedWI,d0cd559af6bc4bcd986fb11b0ed56877,854778689611649472,_EOPKG_WI-UN-f1-5-55_loan_v1_v5_simulated_GATv2,_EOPKG_WI-UN-f1-5,55,train_grad_norm_struct_xattn,0,1781088322330,0.0
learn,EOPKG-WI,EOPKGTopologyConditionedWI,d0cd559af6bc4bcd986fb11b0ed56877,854778689611649472,_EOPKG_WI-UN-f1-5-55_loan_v1_v5_simulated_GATv2,_EOPKG_WI-UN-f1-5,55,train_grad_norm_struct_xattn,0,1781088322330,0.0
learn,EOPKG-WI,EOPKGTopologyConditionedWI,d0cd559af6bc4bcd986fb11b0ed56877,854778689611649472,_EOPKG_WI-UN-f1-5-55_loan_v1_v5_simulated_GATv2,_EOPKG_WI-UN-f1-5,55,train_grad_norm_struct_xattn,0,1781088439765,0.0
learn,EOPKG-WI,EOPKGTopologyConditionedWI,d0cd559af6bc4bcd986fb11b0ed56877,854778689611649472,_EOPKG_WI-UN-f1-5-55_loan_v1_v5_simulated_GATv2,_EOPKG_WI-UN-f1-5,55,train_grad_norm_struct_xattn,0,1781088439765,0.0
learn,EOPKG-WI,EOPKGTopologyConditionedWI,d0cd559af6bc4bcd986fb11b0ed56877,854778689611649472,_EOPKG_WI-UN-f1-5-55_loan_v1_v5_simulated_GATv2,_EOPKG_WI-UN-f1-5,55,train_grad_norm_struct_xattn,0,1781088560936,0.0
learn,EOPKG-WI,EOPKGTopologyConditionedWI,d0cd559af6bc4bcd986fb11b0ed56877,854778689611649472,_EOPKG_WI-UN-f1-5-55_loan_v1_v5_simulated_GATv2,_EOPKG_WI-UN-f1-5,55,train_grad_norm_struct_xattn,0,1781088560936,0.0
learn,EOPKG-WI,EOPKGTopologyConditionedWI,d0cd559af6bc4bcd986fb11b0ed56877,854778689611649472,_EOPKG_WI-UN-f1-5-55_loan_v1_v5_simulated_GATv2,_EOPKG_WI-UN-f1-5,55,train_grad_norm_struct_xattn,0,1781088685284,0.0
learn,EOPKG-WI,EOPKGTopologyConditionedWI,d0cd559af6bc4bcd986fb11b0ed56877,854778689611649472,_EOPKG_WI-UN-f1-5-55_loan_v1_v5_simulated_GATv2,_EOPKG_WI-UN-f1-5,55,train_grad_norm_struct_xattn,0,1781088685284,0.0
learn,EOPKG-WI,EOPKGTopologyConditionedWI,d0cd559af6bc4bcd986fb11b0ed56877,854778689611649472,_EOPKG_WI-UN-f1-5-55_loan_v1_v5_simulated_GATv2,_EOPKG_WI-UN-f1-5,55,train_grad_norm_struct_xattn,0,1781088850788,0.0
learn,EOPKG-WI,EOPKGTopologyConditionedWI,d0cd559af6bc4bcd986fb11b0ed56877,854778689611649472,_EOPKG_WI-UN-f1-5-55_loan_v1_v5_simulated_GATv2,_EOPKG_WI-UN-f1-5,55,train_grad_norm_struct_xattn,0,1781088850788,0.0
learn,EOPKG-WI,EOPKGTopologyConditionedWI,d0cd559af6bc4bcd986fb11b0ed56877,854778689611649472,_EOPKG_WI-UN-f1-5-55_loan_v1_v5_simulated_GATv2,_EOPKG_WI-UN-f1-5,55,train_grad_norm_struct_xattn,0,1781089029323,0.0
learn,EOPKG-WI,EOPKGTopologyConditionedWI,d0cd559af6bc4bcd986fb11b0ed56877,854778689611649472,_EOPKG_WI-UN-f1-5-55_loan_v1_v5_simulated_GATv2,_EOPKG_WI-UN-f1-5,55,train_grad_norm_struct_xattn,0,1781089029323,0.0
learn,EOPKG-WI,EOPKGTopologyConditionedWI,d0cd559af6bc4bcd986fb11b0ed56877,854778689611649472,_EOPKG_WI-UN-f1-5-55_loan_v1_v5_simulated_GATv2,_EOPKG_WI-UN-f1-5,55,train_grad_norm_struct_xattn,0,1781089181250,0.0
learn,EOPKG-WI,EOPKGTopologyConditionedWI,d0cd559af6bc4bcd986fb11b0ed56877,854778689611649472,_EOPKG_WI-UN-f1-5-55_loan_v1_v5_simulated_GATv2,_EOPKG_WI-UN-f1-5,55,train_grad_norm_struct_xattn,0,1781089181250,0.0
learn,EOPKG-WI,EOPKGTopologyConditionedWI,d0cd559af6bc4bcd986fb11b0ed56877,854778689611649472,_EOPKG_WI-UN-f1-5-55_loan_v1_v5_simulated_GATv2,_EOPKG_WI-UN-f1-5,55,train_grad_norm_struct_xattn,0,1781089294792,0.0
learn,EOPKG-WI,EOPKGTopologyConditionedWI,d0cd559af6bc4bcd986fb11b0ed56877,854778689611649472,_EOPKG_WI-UN-f1-5-55_loan_v1_v5_simulated_GATv2,_EOPKG_WI-UN-f1-5,55,train_grad_norm_struct_xattn,0,1781089294792,0.0
learn,EOPKG-WI,EOPKGTopologyConditionedWI,d0cd559af6bc4bcd986fb11b0ed56877,854778689611649472,_EOPKG_WI-UN-f1-5-55_loan_v1_v5_simulated_GATv2,_EOPKG_WI-UN-f1-5,55,train_grad_norm_struct_xattn,0,1781089419006,0.0
learn,EOPKG-WI,EOPKGTopologyConditionedWI,d0cd559af6bc4bcd986fb11b0ed56877,854778689611649472,_EOPKG_WI-UN-f1-5-55_loan_v1_v5_simulated_GATv2,_EOPKG_WI-UN-f1-5,55,train_grad_norm_struct_xattn,0,1781089419006,0.0
learn,EOPKG-WI,EOPKGTopologyConditionedWI,d0cd559af6bc4bcd986fb11b0ed56877,854778689611649472,_EOPKG_WI-UN-f1-5-55_loan_v1_v5_simulated_GATv2,_EOPKG_WI-UN-f1-5,55,train_grad_norm_struct_xattn,0,1781089531844,0.0
learn,EOPKG-WI,EOPKGTopologyConditionedWI,d0cd559af6bc4bcd986fb11b0ed56877,854778689611649472,_EOPKG_WI-UN-f1-5-55_loan_v1_v5_simulated_GATv2,_EOPKG_WI-UN-f1-5,55,train_grad_norm_struct_xattn,0,1781089531844,0.0
learn,EOPKG-WI,EOPKGTopologyConditionedWI,d0cd559af6bc4bcd986fb11b0ed56877,854778689611649472,_EOPKG_WI-UN-f1-5-55_loan_v1_v5_simulated_GATv2,_EOPKG_WI-UN-f1-5,55,train_grad_norm_struct_xattn,0,1781089685239,0.0
learn,EOPKG-WI,EOPKGTopologyConditionedWI,d0cd559af6bc4bcd986fb11b0ed56877,854778689611649472,_EOPKG_WI-UN-f1-5-55_loan_v1_v5_simulated_GATv2,_EOPKG_WI-UN-f1-5,55,train_grad_norm_struct_xattn,0,1781089685239,0.0
learn,EOPKG-WI,EOPKGTopologyConditionedWI,d0cd559af6bc4bcd986fb11b0ed56877,854778689611649472,_EOPKG_WI-UN-f1-5-55_loan_v1_v5_simulated_GATv2,_EOPKG_WI-UN-f1-5,55,train_grad_norm_struct_xattn,0,1781089795891,0.0
learn,EOPKG-WI,EOPKGTopologyConditionedWI,d0cd559af6bc4bcd986fb11b0ed56877,854778689611649472,_EOPKG_WI-UN-f1-5-55_loan_v1_v5_simulated_GATv2,_EOPKG_WI-UN-f1-5,55,train_grad_norm_struct_xattn,0,1781089795891,0.0
learn,EOPKG-WI,EOPKGTopologyConditionedWI,d0cd559af6bc4bcd986fb11b0ed56877,854778689611649472,_EOPKG_WI-UN-f1-5-55_loan_v1_v5_simulated_GATv2,_EOPKG_WI-UN-f1-5,55,train_grad_norm_struct_xattn,0,1781089904515,0.0
learn,EOPKG-WI,EOPKGTopologyConditionedWI,d0cd559af6bc4bcd986fb11b0ed56877,854778689611649472,_EOPKG_WI-UN-f1-5-55_loan_v1_v5_simulated_GATv2,_EOPKG_WI-UN-f1-5,55,train_grad_norm_struct_xattn,0,1781089904515,0.0
learn,EOPKG-WI,EOPKGTopologyConditionedWI,d0cd559af6bc4bcd986fb11b0ed56877,854778689611649472,_EOPKG_WI-UN-f1-5-55_loan_v1_v5_simulated_GATv2,_EOPKG_WI-UN-f1-5,55,train_grad_norm_struct_xattn,0,1781090053373,0.0
learn,EOPKG-WI,EOPKGTopologyConditionedWI,d0cd559af6bc4bcd986fb11b0ed56877,854778689611649472,_EOPKG_WI-UN-f1-5-55_loan_v1_v5_simulated_GATv2,_EOPKG_WI-UN-f1-5,55,train_grad_norm_struct_xattn,0,1781090053373,0.0
learn,EOPKG-WI,EOPKGTopologyConditionedWI,d0cd559af6bc4bcd986fb11b0ed56877,854778689611649472,_EOPKG_WI-UN-f1-5-55_loan_v1_v5_simulated_GATv2,_EOPKG_WI-UN-f1-5,55,train_grad_norm_struct_xattn,0,1781090215831,0.0
learn,EOPKG-WI,EOPKGTopologyConditionedWI,d0cd559af6bc4bcd986fb11b0ed56877,854778689611649472,_EOPKG_WI-UN-f1-5-55_loan_v1_v5_simulated_GATv2,_EOPKG_WI-UN-f1-5,55,train_grad_norm_struct_xattn,0,1781090215831,0.0
learn,EOPKG-WI,EOPKGTopologyConditionedWI,d0cd559af6bc4bcd986fb11b0ed56877,854778689611649472,_EOPKG_WI-UN-f1-5-55_loan_v1_v5_simulated_GATv2,_EOPKG_WI-UN-f1-5,55,train_grad_norm_struct_xattn,0,1781090386501,0.0
learn,EOPKG-WI,EOPKGTopologyConditionedWI,d0cd559af6bc4bcd986fb11b0ed56877,854778689611649472,_EOPKG_WI-UN-f1-5-55_loan_v1_v5_simulated_GATv2,_EOPKG_WI-UN-f1-5,55,train_grad_norm_struct_xattn,0,1781090386501,0.0
learn,EOPKG-WI,EOPKGTopologyConditionedWI,d0cd559af6bc4bcd986fb11b0ed56877,854778689611649472,_EOPKG_WI-UN-f1-5-55_loan_v1_v5_simulated_GATv2,_EOPKG_WI-UN-f1-5,55,train_grad_norm_struct_xattn,0,1781090525123,0.0
learn,EOPKG-WI,EOPKGTopologyConditionedWI,d0cd559af6bc4bcd986fb11b0ed56877,854778689611649472,_EOPKG_WI-UN-f1-5-55_loan_v1_v5_simulated_GATv2,_EOPKG_WI-UN-f1-5,55,train_grad_norm_struct_xattn,0,1781090525123,0.0
learn,EOPKG-WI,EOPKGTopologyConditionedWI,d0cd559af6bc4bcd986fb11b0ed56877,854778689611649472,_EOPKG_WI-UN-f1-5-55_loan_v1_v5_simulated_GATv2,_EOPKG_WI-UN-f1-5,55,train_grad_norm_struct_xattn,0,1781090639810,0.0
learn,EOPKG-WI,EOPKGTopologyConditionedWI,d0cd559af6bc4bcd986fb11b0ed56877,854778689611649472,_EOPKG_WI-UN-f1-5-55_loan_v1_v5_simulated_GATv2,_EOPKG_WI-UN-f1-5,55,train_grad_norm_struct_xattn,0,1781090639810,0.0
learn,EOPKG-WI,EOPKGTopologyConditionedWI,d0cd559af6bc4bcd986fb11b0ed56877,854778689611649472,_EOPKG_WI-UN-f1-5-55_loan_v1_v5_simulated_GATv2,_EOPKG_WI-UN-f1-5,55,train_grad_norm_struct_xattn,0,1781090748255,0.0
learn,EOPKG-WI,EOPKGTopologyConditionedWI,d0cd559af6bc4bcd986fb11b0ed56877,854778689611649472,_EOPKG_WI-UN-f1-5-55_loan_v1_v5_simulated_GATv2,_EOPKG_WI-UN-f1-5,55,train_grad_norm_struct_xattn,0,1781090748255,0.0
learn,EOPKG-WI,EOPKGTopologyConditionedWI,d0cd559af6bc4bcd986fb11b0ed56877,854778689611649472,_EOPKG_WI-UN-f1-5-55_loan_v1_v5_simulated_GATv2,_EOPKG_WI-UN-f1-5,55,train_grad_norm_struct_xattn,0,1781090858317,0.0
learn,EOPKG-WI,EOPKGTopologyConditionedWI,d0cd559af6bc4bcd986fb11b0ed56877,854778689611649472,_EOPKG_WI-UN-f1-5-55_loan_v1_v5_simulated_GATv2,_EOPKG_WI-UN-f1-5,55,train_grad_norm_struct_xattn,0,1781090858317,0.0
learn,EOPKG-WI,EOPKGTopologyConditionedWI,d0cd559af6bc4bcd986fb11b0ed56877,854778689611649472,_EOPKG_WI-UN-f1-5-55_loan_v1_v5_simulated_GATv2,_EOPKG_WI-UN-f1-5,55,train_grad_norm_struct_xattn,0,1781090963692,0.0
learn,EOPKG-WI,EOPKGTopologyConditionedWI,d0cd559af6bc4bcd986fb11b0ed56877,854778689611649472,_EOPKG_WI-UN-f1-5-55_loan_v1_v5_simulated_GATv2,_EOPKG_WI-UN-f1-5,55,train_grad_norm_struct_xattn,0,1781090963692,0.0
learn,EOPKG-WI,EOPKGTopologyConditionedWI,d0cd559af6bc4bcd986fb11b0ed56877,854778689611649472,_EOPKG_WI-UN-f1-5-55_loan_v1_v5_simulated_GATv2,_EOPKG_WI-UN-f1-5,55,train_grad_norm_struct_xattn,0,1781091064336,0.0
learn,EOPKG-WI,EOPKGTopologyConditionedWI,d0cd559af6bc4bcd986fb11b0ed56877,854778689611649472,_EOPKG_WI-UN-f1-5-55_loan_v1_v5_simulated_GATv2,_EOPKG_WI-UN-f1-5,55,train_grad_norm_struct_xattn,0,1781091064336,0.0
learn,EOPKG-WI,EOPKGTopologyConditionedWI,d0cd559af6bc4bcd986fb11b0ed56877,854778689611649472,_EOPKG_WI-UN-f1-5-55_loan_v1_v5_simulated_GATv2,_EOPKG_WI-UN-f1-5,55,train_grad_norm_struct_xattn,0,1781091165835,0.0
learn,EOPKG-WI,EOPKGTopologyConditionedWI,d0cd559af6bc4bcd986fb11b0ed56877,854778689611649472,_EOPKG_WI-UN-f1-5-55_loan_v1_v5_simulated_GATv2,_EOPKG_WI-UN-f1-5,55,train_grad_norm_struct_xattn,0,1781091165835,0.0
learn,EOPKG-WI,EOPKGTopologyConditionedWI,d0cd559af6bc4bcd986fb11b0ed56877,854778689611649472,_EOPKG_WI-UN-f1-5-55_loan_v1_v5_simulated_GATv2,_EOPKG_WI-UN-f1-5,55,train_grad_norm_struct_xattn,0,1781091270889,0.0
learn,EOPKG-WI,EOPKGTopologyConditionedWI,d0cd559af6bc4bcd986fb11b0ed56877,854778689611649472,_EOPKG_WI-UN-f1-5-55_loan_v1_v5_simulated_GATv2,_EOPKG_WI-UN-f1-5,55,train_grad_norm_struct_xattn,0,1781091270889,0.0
learn,EOPKG-WI,EOPKGTopologyConditionedWI,d3b7c7404a1b432b8dd330d96271b528,854778689611649472,_EOPKG_WI-UN-f1-5-67_loan_v1_v5_simulated_GATv2,_EOPKG_WI-UN-f1-5,67,train_grad_norm_struct_xattn,0,1781608059506,0.0
learn,EOPKG-WI,EOPKGTopologyConditionedWI,d3b7c7404a1b432b8dd330d96271b528,854778689611649472,_EOPKG_WI-UN-f1-5-67_loan_v1_v5_simulated_GATv2,_EOPKG_WI-UN-f1-5,67,train_grad_norm_struct_xattn,0,1781608059506,0.0
learn,EOPKG-WI,EOPKGTopologyConditionedWI,d3b7c7404a1b432b8dd330d96271b528,854778689611649472,_EOPKG_WI-UN-f1-5-67_loan_v1_v5_simulated_GATv2,_EOPKG_WI-UN-f1-5,67,train_grad_norm_struct_xattn,0,1781608204519,0.0
learn,EOPKG-WI,EOPKGTopologyConditionedWI,d3b7c7404a1b432b8dd330d96271b528,854778689611649472,_EOPKG_WI-UN-f1-5-67_loan_v1_v5_simulated_GATv2,_EOPKG_WI-UN-f1-5,67,train_grad_norm_struct_xattn,0,1781608204519,0.0
learn,EOPKG-WI,EOPKGTopologyConditionedWI,d3b7c7404a1b432b8dd330d96271b528,854778689611649472,_EOPKG_WI-UN-f1-5-67_loan_v1_v5_simulated_GATv2,_EOPKG_WI-UN-f1-5,67,train_grad_norm_struct_xattn,0,1781608324352,0.0
learn,EOPKG-WI,EOPKGTopologyConditionedWI,d3b7c7404a1b432b8dd330d96271b528,854778689611649472,_EOPKG_WI-UN-f1-5-67_loan_v1_v5_simulated_GATv2,_EOPKG_WI-UN-f1-5,67,train_grad_norm_struct_xattn,0,1781608324352,0.0
learn,EOPKG-WI,EOPKGTopologyConditionedWI,d3b7c7404a1b432b8dd330d96271b528,854778689611649472,_EOPKG_WI-UN-f1-5-67_loan_v1_v5_simulated_GATv2,_EOPKG_WI-UN-f1-5,67,train_grad_norm_struct_xattn,0,1781608447461,0.0
learn,EOPKG-WI,EOPKGTopologyConditionedWI,d3b7c7404a1b432b8dd330d96271b528,854778689611649472,_EOPKG_WI-UN-f1-5-67_loan_v1_v5_simulated_GATv2,_EOPKG_WI-UN-f1-5,67,train_grad_norm_struct_xattn,0,1781608447461,0.0
learn,EOPKG-WI,EOPKGTopologyConditionedWI,d3b7c7404a1b432b8dd330d96271b528,854778689611649472,_EOPKG_WI-UN-f1-5-67_loan_v1_v5_simulated_GATv2,_EOPKG_WI-UN-f1-5,67,train_grad_norm_struct_xattn,0,1781608589414,0.0
learn,EOPKG-WI,EOPKGTopologyConditionedWI,d3b7c7404a1b432b8dd330d96271b528,854778689611649472,_EOPKG_WI-UN-f1-5-67_loan_v1_v5_simulated_GATv2,_EOPKG_WI-UN-f1-5,67,train_grad_norm_struct_xattn,0,1781608589414,0.0
learn,EOPKG-WI,EOPKGTopologyConditionedWI,d3b7c7404a1b432b8dd330d96271b528,854778689611649472,_EOPKG_WI-UN-f1-5-67_loan_v1_v5_simulated_GATv2,_EOPKG_WI-UN-f1-5,67,train_grad_norm_struct_xattn,0,1781608717091,0.0
learn,EOPKG-WI,EOPKGTopologyConditionedWI,d3b7c7404a1b432b8dd330d96271b528,854778689611649472,_EOPKG_WI-UN-f1-5-67_loan_v1_v5_simulated_GATv2,_EOPKG_WI-UN-f1-5,67,train_grad_norm_struct_xattn,0,1781608717091,0.0
learn,EOPKG-WI,EOPKGTopologyConditionedWI,d3b7c7404a1b432b8dd330d96271b528,854778689611649472,_EOPKG_WI-UN-f1-5-67_loan_v1_v5_simulated_GATv2,_EOPKG_WI-UN-f1-5,67,train_grad_norm_struct_xattn,0,1781608838150,0.0
learn,EOPKG-WI,EOPKGTopologyConditionedWI,d3b7c7404a1b432b8dd330d96271b528,854778689611649472,_EOPKG_WI-UN-f1-5-67_loan_v1_v5_simulated_GATv2,_EOPKG_WI-UN-f1-5,67,train_grad_norm_struct_xattn,0,1781608838150,0.0
learn,EOPKG-WI,EOPKGTopologyConditionedWI,d3b7c7404a1b432b8dd330d96271b528,854778689611649472,_EOPKG_WI-UN-f1-5-67_loan_v1_v5_simulated_GATv2,_EOPKG_WI-UN-f1-5,67,train_grad_norm_struct_xattn,0,1781608957605,0.0
learn,EOPKG-WI,EOPKGTopologyConditionedWI,d3b7c7404a1b432b8dd330d96271b528,854778689611649472,_EOPKG_WI-UN-f1-5-67_loan_v1_v5_simulated_GATv2,_EOPKG_WI-UN-f1-5,67,train_grad_norm_struct_xattn,0,1781608957605,0.0
learn,EOPKG-WI,EOPKGTopologyConditionedWI,d3b7c7404a1b432b8dd330d96271b528,854778689611649472,_EOPKG_WI-UN-f1-5-67_loan_v1_v5_simulated_GATv2,_EOPKG_WI-UN-f1-5,67,train_grad_norm_struct_xattn,0,1781609074048,0.0
learn,EOPKG-WI,EOPKGTopologyConditionedWI,d3b7c7404a1b432b8dd330d96271b528,854778689611649472,_EOPKG_WI-UN-f1-5-67_loan_v1_v5_simulated_GATv2,_EOPKG_WI-UN-f1-5,67,train_grad_norm_struct_xattn,0,1781609074048,0.0
learn,EOPKG-WI,EOPKGTopologyConditionedWI,d3b7c7404a1b432b8dd330d96271b528,854778689611649472,_EOPKG_WI-UN-f1-5-67_loan_v1_v5_simulated_GATv2,_EOPKG_WI-UN-f1-5,67,train_grad_norm_struct_xattn,0,1781609194155,0.0
learn,EOPKG-WI,EOPKGTopologyConditionedWI,d3b7c7404a1b432b8dd330d96271b528,854778689611649472,_EOPKG_WI-UN-f1-5-67_loan_v1_v5_simulated_GATv2,_EOPKG_WI-UN-f1-5,67,train_grad_norm_struct_xattn,0,1781609194155,0.0
learn,EOPKG-WI,EOPKGTopologyConditionedWI,d3b7c7404a1b432b8dd330d96271b528,854778689611649472,_EOPKG_WI-UN-f1-5-67_loan_v1_v5_simulated_GATv2,_EOPKG_WI-UN-f1-5,67,train_grad_norm_struct_xattn,0,1781609312605,0.0
learn,EOPKG-WI,EOPKGTopologyConditionedWI,d3b7c7404a1b432b8dd330d96271b528,854778689611649472,_EOPKG_WI-UN-f1-5-67_loan_v1_v5_simulated_GATv2,_EOPKG_WI-UN-f1-5,67,train_grad_norm_struct_xattn,0,1781609312605,0.0
learn,EOPKG-WI,EOPKGTopologyConditionedWI,d3b7c7404a1b432b8dd330d96271b528,854778689611649472,_EOPKG_WI-UN-f1-5-67_loan_v1_v5_simulated_GATv2,_EOPKG_WI-UN-f1-5,67,train_grad_norm_struct_xattn,0,1781609433773,0.0
learn,EOPKG-WI,EOPKGTopologyConditionedWI,d3b7c7404a1b432b8dd330d96271b528,854778689611649472,_EOPKG_WI-UN-f1-5-67_loan_v1_v5_simulated_GATv2,_EOPKG_WI-UN-f1-5,67,train_grad_norm_struct_xattn,0,1781609433773,0.0
learn,EOPKG-WI,EOPKGTopologyConditionedWI,d3b7c7404a1b432b8dd330d96271b528,854778689611649472,_EOPKG_WI-UN-f1-5-67_loan_v1_v5_simulated_GATv2,_EOPKG_WI-UN-f1-5,67,train_grad_norm_struct_xattn,0,1781609580432,0.0
learn,EOPKG-WI,EOPKGTopologyConditionedWI,d3b7c7404a1b432b8dd330d96271b528,854778689611649472,_EOPKG_WI-UN-f1-5-67_loan_v1_v5_simulated_GATv2,_EOPKG_WI-UN-f1-5,67,train_grad_norm_struct_xattn,0,1781609580432,0.0
learn,EOPKG-WI,EOPKGTopologyConditionedWI,d3b7c7404a1b432b8dd330d96271b528,854778689611649472,_EOPKG_WI-UN-f1-5-67_loan_v1_v5_simulated_GATv2,_EOPKG_WI-UN-f1-5,67,train_grad_norm_struct_xattn,0,1781609717649,0.0
learn,EOPKG-WI,EOPKGTopologyConditionedWI,d3b7c7404a1b432b8dd330d96271b528,854778689611649472,_EOPKG_WI-UN-f1-5-67_loan_v1_v5_simulated_GATv2,_EOPKG_WI-UN-f1-5,67,train_grad_norm_struct_xattn,0,1781609717649,0.0
learn,EOPKG-WI,EOPKGTopologyConditionedWI,d3b7c7404a1b432b8dd330d96271b528,854778689611649472,_EOPKG_WI-UN-f1-5-67_loan_v1_v5_simulated_GATv2,_EOPKG_WI-UN-f1-5,67,train_grad_norm_struct_xattn,0,1781609839309,0.0
learn,EOPKG-WI,EOPKGTopologyConditionedWI,d3b7c7404a1b432b8dd330d96271b528,854778689611649472,_EOPKG_WI-UN-f1-5-67_loan_v1_v5_simulated_GATv2,_EOPKG_WI-UN-f1-5,67,train_grad_norm_struct_xattn,0,1781609839309,0.0
learn,EOPKG-WI,EOPKGTopologyConditionedWI,d3b7c7404a1b432b8dd330d96271b528,854778689611649472,_EOPKG_WI-UN-f1-5-67_loan_v1_v5_simulated_GATv2,_EOPKG_WI-UN-f1-5,67,train_grad_norm_struct_xattn,0,1781609968457,0.0
learn,EOPKG-WI,EOPKGTopologyConditionedWI,d3b7c7404a1b432b8dd330d96271b528,854778689611649472,_EOPKG_WI-UN-f1-5-67_loan_v1_v5_simulated_GATv2,_EOPKG_WI-UN-f1-5,67,train_grad_norm_struct_xattn,0,1781609968457,0.0
learn,EOPKG-WI,EOPKGTopologyConditionedWI,d3b7c7404a1b432b8dd330d96271b528,854778689611649472,_EOPKG_WI-UN-f1-5-67_loan_v1_v5_simulated_GATv2,_EOPKG_WI-UN-f1-5,67,train_grad_norm_struct_xattn,0,1781610098573,0.0
learn,EOPKG-WI,EOPKGTopologyConditionedWI,d3b7c7404a1b432b8dd330d96271b528,854778689611649472,_EOPKG_WI-UN-f1-5-67_loan_v1_v5_simulated_GATv2,_EOPKG_WI-UN-f1-5,67,train_grad_norm_struct_xattn,0,1781610098573,0.0
learn,EOPKG-WI,EOPKGTopologyConditionedWI,d3b7c7404a1b432b8dd330d96271b528,854778689611649472,_EOPKG_WI-UN-f1-5-67_loan_v1_v5_simulated_GATv2,_EOPKG_WI-UN-f1-5,67,train_grad_norm_struct_xattn,0,1781610213575,0.0
learn,EOPKG-WI,EOPKGTopologyConditionedWI,d3b7c7404a1b432b8dd330d96271b528,854778689611649472,_EOPKG_WI-UN-f1-5-67_loan_v1_v5_simulated_GATv2,_EOPKG_WI-UN-f1-5,67,train_grad_norm_struct_xattn,0,1781610213575,0.0
learn,EOPKG-WI,EOPKGTopologyConditionedWI,d3b7c7404a1b432b8dd330d96271b528,854778689611649472,_EOPKG_WI-UN-f1-5-67_loan_v1_v5_simulated_GATv2,_EOPKG_WI-UN-f1-5,67,train_grad_norm_struct_xattn,0,1781610318413,0.0
learn,EOPKG-WI,EOPKGTopologyConditionedWI,d3b7c7404a1b432b8dd330d96271b528,854778689611649472,_EOPKG_WI-UN-f1-5-67_loan_v1_v5_simulated_GATv2,_EOPKG_WI-UN-f1-5,67,train_grad_norm_struct_xattn,0,1781610318413,0.0
learn,EOPKG-WI,EOPKGTopologyConditionedWI,d3b7c7404a1b432b8dd330d96271b528,854778689611649472,_EOPKG_WI-UN-f1-5-67_loan_v1_v5_simulated_GATv2,_EOPKG_WI-UN-f1-5,67,train_grad_norm_struct_xattn,0,1781610429319,0.0
learn,EOPKG-WI,EOPKGTopologyConditionedWI,d3b7c7404a1b432b8dd330d96271b528,854778689611649472,_EOPKG_WI-UN-f1-5-67_loan_v1_v5_simulated_GATv2,_EOPKG_WI-UN-f1-5,67,train_grad_norm_struct_xattn,0,1781610429319,0.0
learn,EOPKG-WI,EOPKGTopologyConditionedWI,d3b7c7404a1b432b8dd330d96271b528,854778689611649472,_EOPKG_WI-UN-f1-5-67_loan_v1_v5_simulated_GATv2,_EOPKG_WI-UN-f1-5,67,train_grad_norm_struct_xattn,0,1781610541716,0.0
learn,EOPKG-WI,EOPKGTopologyConditionedWI,d3b7c7404a1b432b8dd330d96271b528,854778689611649472,_EOPKG_WI-UN-f1-5-67_loan_v1_v5_simulated_GATv2,_EOPKG_WI-UN-f1-5,67,train_grad_norm_struct_xattn,0,1781610541716,0.0
learn,EOPKG-WI,EOPKGTopologyConditionedWI,d3b7c7404a1b432b8dd330d96271b528,854778689611649472,_EOPKG_WI-UN-f1-5-67_loan_v1_v5_simulated_GATv2,_EOPKG_WI-UN-f1-5,67,train_grad_norm_struct_xattn,0,1781610653975,0.0
learn,EOPKG-WI,EOPKGTopologyConditionedWI,d3b7c7404a1b432b8dd330d96271b528,854778689611649472,_EOPKG_WI-UN-f1-5-67_loan_v1_v5_simulated_GATv2,_EOPKG_WI-UN-f1-5,67,train_grad_norm_struct_xattn,0,1781610653975,0.0
learn,EOPKG-WI,EOPKGTopologyConditionedWI,d3b7c7404a1b432b8dd330d96271b528,854778689611649472,_EOPKG_WI-UN-f1-5-67_loan_v1_v5_simulated_GATv2,_EOPKG_WI-UN-f1-5,67,train_grad_norm_struct_xattn,0,1781610760098,0.0
learn,EOPKG-WI,EOPKGTopologyConditionedWI,d3b7c7404a1b432b8dd330d96271b528,854778689611649472,_EOPKG_WI-UN-f1-5-67_loan_v1_v5_simulated_GATv2,_EOPKG_WI-UN-f1-5,67,train_grad_norm_struct_xattn,0,1781610760098,0.0
learn,EOPKG-WI,EOPKGTopologyConditionedWI,d3b7c7404a1b432b8dd330d96271b528,854778689611649472,_EOPKG_WI-UN-f1-5-67_loan_v1_v5_simulated_GATv2,_EOPKG_WI-UN-f1-5,67,train_grad_norm_struct_xattn,0,1781610866496,0.0
learn,EOPKG-WI,EOPKGTopologyConditionedWI,d3b7c7404a1b432b8dd330d96271b528,854778689611649472,_EOPKG_WI-UN-f1-5-67_loan_v1_v5_simulated_GATv2,_EOPKG_WI-UN-f1-5,67,train_grad_norm_struct_xattn,0,1781610866496,0.0
learn,EOPKG-WI,EOPKGTopologyConditionedWI,d3b7c7404a1b432b8dd330d96271b528,854778689611649472,_EOPKG_WI-UN-f1-5-67_loan_v1_v5_simulated_GATv2,_EOPKG_WI-UN-f1-5,67,train_grad_norm_struct_xattn,0,1781610971914,0.0
learn,EOPKG-WI,EOPKGTopologyConditionedWI,d3b7c7404a1b432b8dd330d96271b528,854778689611649472,_EOPKG_WI-UN-f1-5-67_loan_v1_v5_simulated_GATv2,_EOPKG_WI-UN-f1-5,67,train_grad_norm_struct_xattn,0,1781610971914,0.0
learn,EOPKG-WI,EOPKGTopologyConditionedWI,d3b7c7404a1b432b8dd330d96271b528,854778689611649472,_EOPKG_WI-UN-f1-5-67_loan_v1_v5_simulated_GATv2,_EOPKG_WI-UN-f1-5,67,train_grad_norm_struct_xattn,0,1781611080701,0.0
learn,EOPKG-WI,EOPKGTopologyConditionedWI,d3b7c7404a1b432b8dd330d96271b528,854778689611649472,_EOPKG_WI-UN-f1-5-67_loan_v1_v5_simulated_GATv2,_EOPKG_WI-UN-f1-5,67,train_grad_norm_struct_xattn,0,1781611080701,0.0
learn,EOPKG-WI,EOPKGTopologyConditionedWI,d3b7c7404a1b432b8dd330d96271b528,854778689611649472,_EOPKG_WI-UN-f1-5-67_loan_v1_v5_simulated_GATv2,_EOPKG_WI-UN-f1-5,67,train_grad_norm_struct_xattn,0,1781611185878,0.0
learn,EOPKG-WI,EOPKGTopologyConditionedWI,d3b7c7404a1b432b8dd330d96271b528,854778689611649472,_EOPKG_WI-UN-f1-5-67_loan_v1_v5_simulated_GATv2,_EOPKG_WI-UN-f1-5,67,train_grad_norm_struct_xattn,0,1781611185878,0.0
learn,EOPKG-WI,EOPKGTopologyConditionedWI,d3b7c7404a1b432b8dd330d96271b528,854778689611649472,_EOPKG_WI-UN-f1-5-67_loan_v1_v5_simulated_GATv2,_EOPKG_WI-UN-f1-5,67,train_grad_norm_struct_xattn,0,1781611293577,0.0
learn,EOPKG-WI,EOPKGTopologyConditionedWI,d3b7c7404a1b432b8dd330d96271b528,854778689611649472,_EOPKG_WI-UN-f1-5-67_loan_v1_v5_simulated_GATv2,_EOPKG_WI-UN-f1-5,67,train_grad_norm_struct_xattn,0,1781611293577,0.0
learn,EOPKG-WI,EOPKGTopologyConditionedWI,d3b7c7404a1b432b8dd330d96271b528,854778689611649472,_EOPKG_WI-UN-f1-5-67_loan_v1_v5_simulated_GATv2,_EOPKG_WI-UN-f1-5,67,train_grad_norm_struct_xattn,0,1781611398428,0.0
learn,EOPKG-WI,EOPKGTopologyConditionedWI,d3b7c7404a1b432b8dd330d96271b528,854778689611649472,_EOPKG_WI-UN-f1-5-67_loan_v1_v5_simulated_GATv2,_EOPKG_WI-UN-f1-5,67,train_grad_norm_struct_xattn,0,1781611398428,0.0
learn,EOPKG-WI,EOPKGTopologyConditionedWI,d3b7c7404a1b432b8dd330d96271b528,854778689611649472,_EOPKG_WI-UN-f1-5-67_loan_v1_v5_simulated_GATv2,_EOPKG_WI-UN-f1-5,67,train_grad_norm_struct_xattn,0,1781611504503,0.0
learn,EOPKG-WI,EOPKGTopologyConditionedWI,d3b7c7404a1b432b8dd330d96271b528,854778689611649472,_EOPKG_WI-UN-f1-5-67_loan_v1_v5_simulated_GATv2,_EOPKG_WI-UN-f1-5,67,train_grad_norm_struct_xattn,0,1781611504503,0.0
learn,EOPKG-WI,EOPKGTopologyConditionedWI,d3b7c7404a1b432b8dd330d96271b528,854778689611649472,_EOPKG_WI-UN-f1-5-67_loan_v1_v5_simulated_GATv2,_EOPKG_WI-UN-f1-5,67,train_grad_norm_struct_xattn,0,1781611611307,0.0
learn,EOPKG-WI,EOPKGTopologyConditionedWI,d3b7c7404a1b432b8dd330d96271b528,854778689611649472,_EOPKG_WI-UN-f1-5-67_loan_v1_v5_simulated_GATv2,_EOPKG_WI-UN-f1-5,67,train_grad_norm_struct_xattn,0,1781611611307,0.0
learn,EOPKG-WI,EOPKGTopologyConditionedWI,d3b7c7404a1b432b8dd330d96271b528,854778689611649472,_EOPKG_WI-UN-f1-5-67_loan_v1_v5_simulated_GATv2,_EOPKG_WI-UN-f1-5,67,train_grad_norm_struct_xattn,0,1781611715757,0.0
learn,EOPKG-WI,EOPKGTopologyConditionedWI,d3b7c7404a1b432b8dd330d96271b528,854778689611649472,_EOPKG_WI-UN-f1-5-67_loan_v1_v5_simulated_GATv2,_EOPKG_WI-UN-f1-5,67,train_grad_norm_struct_xattn,0,1781611715757,0.0
learn,EOPKG-WI,EOPKGTopologyConditionedWI,d3b7c7404a1b432b8dd330d96271b528,854778689611649472,_EOPKG_WI-UN-f1-5-67_loan_v1_v5_simulated_GATv2,_EOPKG_WI-UN-f1-5,67,train_grad_norm_struct_xattn,0,1781611821753,0.0
learn,EOPKG-WI,EOPKGTopologyConditionedWI,d3b7c7404a1b432b8dd330d96271b528,854778689611649472,_EOPKG_WI-UN-f1-5-67_loan_v1_v5_simulated_GATv2,_EOPKG_WI-UN-f1-5,67,train_grad_norm_struct_xattn,0,1781611821753,0.0
learn,EOPKG-WI,EOPKGTopologyConditionedWI,d3b7c7404a1b432b8dd330d96271b528,854778689611649472,_EOPKG_WI-UN-f1-5-67_loan_v1_v5_simulated_GATv2,_EOPKG_WI-UN-f1-5,67,train_grad_norm_struct_xattn,0,1781611926874,0.0
learn,EOPKG-WI,EOPKGTopologyConditionedWI,d3b7c7404a1b432b8dd330d96271b528,854778689611649472,_EOPKG_WI-UN-f1-5-67_loan_v1_v5_simulated_GATv2,_EOPKG_WI-UN-f1-5,67,train_grad_norm_struct_xattn,0,1781611926874,0.0
learn,EOPKG-WI,EOPKGTopologyConditionedWI,d3b7c7404a1b432b8dd330d96271b528,854778689611649472,_EOPKG_WI-UN-f1-5-67_loan_v1_v5_simulated_GATv2,_EOPKG_WI-UN-f1-5,67,train_grad_norm_struct_xattn,0,1781612031770,0.0
learn,EOPKG-WI,EOPKGTopologyConditionedWI,d3b7c7404a1b432b8dd330d96271b528,854778689611649472,_EOPKG_WI-UN-f1-5-67_loan_v1_v5_simulated_GATv2,_EOPKG_WI-UN-f1-5,67,train_grad_norm_struct_xattn,0,1781612031770,0.0
learn,EOPKG-WI,EOPKGTopologyConditionedWI,d3b7c7404a1b432b8dd330d96271b528,854778689611649472,_EOPKG_WI-UN-f1-5-67_loan_v1_v5_simulated_GATv2,_EOPKG_WI-UN-f1-5,67,train_grad_norm_struct_xattn,0,1781612137020,0.0
learn,EOPKG-WI,EOPKGTopologyConditionedWI,d3b7c7404a1b432b8dd330d96271b528,854778689611649472,_EOPKG_WI-UN-f1-5-67_loan_v1_v5_simulated_GATv2,_EOPKG_WI-UN-f1-5,67,train_grad_norm_struct_xattn,0,1781612137020,0.0
learn,EOPKG-WI,EOPKGTopologyConditionedWI,d3b7c7404a1b432b8dd330d96271b528,854778689611649472,_EOPKG_WI-UN-f1-5-67_loan_v1_v5_simulated_GATv2,_EOPKG_WI-UN-f1-5,67,train_grad_norm_struct_xattn,0,1781612242193,0.0
learn,EOPKG-WI,EOPKGTopologyConditionedWI,d3b7c7404a1b432b8dd330d96271b528,854778689611649472,_EOPKG_WI-UN-f1-5-67_loan_v1_v5_simulated_GATv2,_EOPKG_WI-UN-f1-5,67,train_grad_norm_struct_xattn,0,1781612242193,0.0
learn,EOPKG-WI,EOPKGTopologyConditionedWI,d3b7c7404a1b432b8dd330d96271b528,854778689611649472,_EOPKG_WI-UN-f1-5-67_loan_v1_v5_simulated_GATv2,_EOPKG_WI-UN-f1-5,67,train_grad_norm_struct_xattn,0,1781612363148,0.0
learn,EOPKG-WI,EOPKGTopologyConditionedWI,d3b7c7404a1b432b8dd330d96271b528,854778689611649472,_EOPKG_WI-UN-f1-5-67_loan_v1_v5_simulated_GATv2,_EOPKG_WI-UN-f1-5,67,train_grad_norm_struct_xattn,0,1781612363148,0.0
learn,EOPKG-WI,EOPKGTopologyConditionedWI,d3b7c7404a1b432b8dd330d96271b528,854778689611649472,_EOPKG_WI-UN-f1-5-67_loan_v1_v5_simulated_GATv2,_EOPKG_WI-UN-f1-5,67,train_grad_norm_struct_xattn,0,1781612468711,0.0
learn,EOPKG-WI,EOPKGTopologyConditionedWI,d3b7c7404a1b432b8dd330d96271b528,854778689611649472,_EOPKG_WI-UN-f1-5-67_loan_v1_v5_simulated_GATv2,_EOPKG_WI-UN-f1-5,67,train_grad_norm_struct_xattn,0,1781612468711,0.0
learn,EOPKG-WI,EOPKGTopologyConditionedWI,d3b7c7404a1b432b8dd330d96271b528,854778689611649472,_EOPKG_WI-UN-f1-5-67_loan_v1_v5_simulated_GATv2,_EOPKG_WI-UN-f1-5,67,train_grad_norm_struct_xattn,0,1781612573038,0.0
learn,EOPKG-WI,EOPKGTopologyConditionedWI,d3b7c7404a1b432b8dd330d96271b528,854778689611649472,_EOPKG_WI-UN-f1-5-67_loan_v1_v5_simulated_GATv2,_EOPKG_WI-UN-f1-5,67,train_grad_norm_struct_xattn,0,1781612573038,0.0
learn,EOPKG-WI,EOPKGTopologyConditionedWI,d3b7c7404a1b432b8dd330d96271b528,854778689611649472,_EOPKG_WI-UN-f1-5-67_loan_v1_v5_simulated_GATv2,_EOPKG_WI-UN-f1-5,67,train_grad_norm_struct_xattn,0,1781612676895,0.0
learn,EOPKG-WI,EOPKGTopologyConditionedWI,d3b7c7404a1b432b8dd330d96271b528,854778689611649472,_EOPKG_WI-UN-f1-5-67_loan_v1_v5_simulated_GATv2,_EOPKG_WI-UN-f1-5,67,train_grad_norm_struct_xattn,0,1781612676895,0.0
learn,EOPKG-WI,EOPKGTopologyConditionedWI,d3b7c7404a1b432b8dd330d96271b528,854778689611649472,_EOPKG_WI-UN-f1-5-67_loan_v1_v5_simulated_GATv2,_EOPKG_WI-UN-f1-5,67,train_grad_norm_struct_xattn,0,1781612781615,0.0
learn,EOPKG-WI,EOPKGTopologyConditionedWI,d3b7c7404a1b432b8dd330d96271b528,854778689611649472,_EOPKG_WI-UN-f1-5-67_loan_v1_v5_simulated_GATv2,_EOPKG_WI-UN-f1-5,67,train_grad_norm_struct_xattn,0,1781612781615,0.0
learn,EOPKG-WI,EOPKGTopologyConditionedWI,d3b7c7404a1b432b8dd330d96271b528,854778689611649472,_EOPKG_WI-UN-f1-5-67_loan_v1_v5_simulated_GATv2,_EOPKG_WI-UN-f1-5,67,train_grad_norm_struct_xattn,0,1781612885808,0.0
learn,EOPKG-WI,EOPKGTopologyConditionedWI,d3b7c7404a1b432b8dd330d96271b528,854778689611649472,_EOPKG_WI-UN-f1-5-67_loan_v1_v5_simulated_GATv2,_EOPKG_WI-UN-f1-5,67,train_grad_norm_struct_xattn,0,1781612885808,0.0
learn,EOPKG-WI,EOPKGTopologyConditionedWI,d3b7c7404a1b432b8dd330d96271b528,854778689611649472,_EOPKG_WI-UN-f1-5-67_loan_v1_v5_simulated_GATv2,_EOPKG_WI-UN-f1-5,67,train_grad_norm_struct_xattn,0,1781612990407,0.0
learn,EOPKG-WI,EOPKGTopologyConditionedWI,d3b7c7404a1b432b8dd330d96271b528,854778689611649472,_EOPKG_WI-UN-f1-5-67_loan_v1_v5_simulated_GATv2,_EOPKG_WI-UN-f1-5,67,train_grad_norm_struct_xattn,0,1781612990407,0.0
learn,EOPKG-WI,EOPKGTopologyConditionedWI,d3b7c7404a1b432b8dd330d96271b528,854778689611649472,_EOPKG_WI-UN-f1-5-67_loan_v1_v5_simulated_GATv2,_EOPKG_WI-UN-f1-5,67,train_grad_norm_struct_xattn,0,1781613095931,0.0
learn,EOPKG-WI,EOPKGTopologyConditionedWI,d3b7c7404a1b432b8dd330d96271b528,854778689611649472,_EOPKG_WI-UN-f1-5-67_loan_v1_v5_simulated_GATv2,_EOPKG_WI-UN-f1-5,67,train_grad_norm_struct_xattn,0,1781613095931,0.0
learn,EOPKG-WI,EOPKGTopologyConditionedWI,d3b7c7404a1b432b8dd330d96271b528,854778689611649472,_EOPKG_WI-UN-f1-5-67_loan_v1_v5_simulated_GATv2,_EOPKG_WI-UN-f1-5,67,train_grad_norm_struct_xattn,0,1781613199537,0.0
learn,EOPKG-WI,EOPKGTopologyConditionedWI,d3b7c7404a1b432b8dd330d96271b528,854778689611649472,_EOPKG_WI-UN-f1-5-67_loan_v1_v5_simulated_GATv2,_EOPKG_WI-UN-f1-5,67,train_grad_norm_struct_xattn,0,1781613199537,0.0
learn,EOPKG-WI,EOPKGTopologyConditionedWI,d3b7c7404a1b432b8dd330d96271b528,854778689611649472,_EOPKG_WI-UN-f1-5-67_loan_v1_v5_simulated_GATv2,_EOPKG_WI-UN-f1-5,67,train_grad_norm_struct_xattn,0,1781613304126,0.0
learn,EOPKG-WI,EOPKGTopologyConditionedWI,d3b7c7404a1b432b8dd330d96271b528,854778689611649472,_EOPKG_WI-UN-f1-5-67_loan_v1_v5_simulated_GATv2,_EOPKG_WI-UN-f1-5,67,train_grad_norm_struct_xattn,0,1781613304126,0.0
learn,EOPKG-WI,EOPKGTopologyConditionedWI,d3b7c7404a1b432b8dd330d96271b528,854778689611649472,_EOPKG_WI-UN-f1-5-67_loan_v1_v5_simulated_GATv2,_EOPKG_WI-UN-f1-5,67,train_grad_norm_struct_xattn,0,1781613408764,0.0
learn,EOPKG-WI,EOPKGTopologyConditionedWI,d3b7c7404a1b432b8dd330d96271b528,854778689611649472,_EOPKG_WI-UN-f1-5-67_loan_v1_v5_simulated_GATv2,_EOPKG_WI-UN-f1-5,67,train_grad_norm_struct_xattn,0,1781613408764,0.0
learn,EOPKG-WI,EOPKGTopologyConditionedWI,d3b7c7404a1b432b8dd330d96271b528,854778689611649472,_EOPKG_WI-UN-f1-5-67_loan_v1_v5_simulated_GATv2,_EOPKG_WI-UN-f1-5,67,train_grad_norm_struct_xattn,0,1781613514521,0.0
learn,EOPKG-WI,EOPKGTopologyConditionedWI,d3b7c7404a1b432b8dd330d96271b528,854778689611649472,_EOPKG_WI-UN-f1-5-67_loan_v1_v5_simulated_GATv2,_EOPKG_WI-UN-f1-5,67,train_grad_norm_struct_xattn,0,1781613514521,0.0
learn,EOPKG-WI,EOPKGTopologyConditionedWI,d3b7c7404a1b432b8dd330d96271b528,854778689611649472,_EOPKG_WI-UN-f1-5-67_loan_v1_v5_simulated_GATv2,_EOPKG_WI-UN-f1-5,67,train_grad_norm_struct_xattn,0,1781613620350,0.0
learn,EOPKG-WI,EOPKGTopologyConditionedWI,d3b7c7404a1b432b8dd330d96271b528,854778689611649472,_EOPKG_WI-UN-f1-5-67_loan_v1_v5_simulated_GATv2,_EOPKG_WI-UN-f1-5,67,train_grad_norm_struct_xattn,0,1781613620350,0.0
learn,GATv2,BaselineGATv2,0827dcd6f1a34d1a8330115b73a5f288,854778689611649472,_Base-UN-f1-13_loan_v1_v5_simulated_GATv2,_Base-UN-f1,13,train_grad_norm_struct_xattn,0,1780914587213,0.0
learn,GATv2,BaselineGATv2,0827dcd6f1a34d1a8330115b73a5f288,854778689611649472,_Base-UN-f1-13_loan_v1_v5_simulated_GATv2,_Base-UN-f1,13,train_grad_norm_struct_xattn,0,1780914587213,0.0
learn,GATv2,BaselineGATv2,0827dcd6f1a34d1a8330115b73a5f288,854778689611649472,_Base-UN-f1-13_loan_v1_v5_simulated_GATv2,_Base-UN-f1,13,train_grad_norm_struct_xattn,0,1780914741190,0.0
learn,GATv2,BaselineGATv2,0827dcd6f1a34d1a8330115b73a5f288,854778689611649472,_Base-UN-f1-13_loan_v1_v5_simulated_GATv2,_Base-UN-f1,13,train_grad_norm_struct_xattn,0,1780914741190,0.0
learn,GATv2,BaselineGATv2,0827dcd6f1a34d1a8330115b73a5f288,854778689611649472,_Base-UN-f1-13_loan_v1_v5_simulated_GATv2,_Base-UN-f1,13,train_grad_norm_struct_xattn,0,1780914846225,0.0
learn,GATv2,BaselineGATv2,0827dcd6f1a34d1a8330115b73a5f288,854778689611649472,_Base-UN-f1-13_loan_v1_v5_simulated_GATv2,_Base-UN-f1,13,train_grad_norm_struct_xattn,0,1780914846225,0.0
learn,GATv2,BaselineGATv2,0827dcd6f1a34d1a8330115b73a5f288,854778689611649472,_Base-UN-f1-13_loan_v1_v5_simulated_GATv2,_Base-UN-f1,13,train_grad_norm_struct_xattn,0,1780914956259,0.0
learn,GATv2,BaselineGATv2,0827dcd6f1a34d1a8330115b73a5f288,854778689611649472,_Base-UN-f1-13_loan_v1_v5_simulated_GATv2,_Base-UN-f1,13,train_grad_norm_struct_xattn,0,1780914956259,0.0
learn,GATv2,BaselineGATv2,0827dcd6f1a34d1a8330115b73a5f288,854778689611649472,_Base-UN-f1-13_loan_v1_v5_simulated_GATv2,_Base-UN-f1,13,train_grad_norm_struct_xattn,0,1780915052113,0.0
learn,GATv2,BaselineGATv2,0827dcd6f1a34d1a8330115b73a5f288,854778689611649472,_Base-UN-f1-13_loan_v1_v5_simulated_GATv2,_Base-UN-f1,13,train_grad_norm_struct_xattn,0,1780915052113,0.0
learn,GATv2,BaselineGATv2,0827dcd6f1a34d1a8330115b73a5f288,854778689611649472,_Base-UN-f1-13_loan_v1_v5_simulated_GATv2,_Base-UN-f1,13,train_grad_norm_struct_xattn,0,1780915181805,0.0
learn,GATv2,BaselineGATv2,0827dcd6f1a34d1a8330115b73a5f288,854778689611649472,_Base-UN-f1-13_loan_v1_v5_simulated_GATv2,_Base-UN-f1,13,train_grad_norm_struct_xattn,0,1780915181805,0.0
learn,GATv2,BaselineGATv2,0827dcd6f1a34d1a8330115b73a5f288,854778689611649472,_Base-UN-f1-13_loan_v1_v5_simulated_GATv2,_Base-UN-f1,13,train_grad_norm_struct_xattn,0,1780915406835,0.0
learn,GATv2,BaselineGATv2,0827dcd6f1a34d1a8330115b73a5f288,854778689611649472,_Base-UN-f1-13_loan_v1_v5_simulated_GATv2,_Base-UN-f1,13,train_grad_norm_struct_xattn,0,1780915406835,0.0
learn,GATv2,BaselineGATv2,0827dcd6f1a34d1a8330115b73a5f288,854778689611649472,_Base-UN-f1-13_loan_v1_v5_simulated_GATv2,_Base-UN-f1,13,train_grad_norm_struct_xattn,0,1780915560414,0.0
learn,GATv2,BaselineGATv2,0827dcd6f1a34d1a8330115b73a5f288,854778689611649472,_Base-UN-f1-13_loan_v1_v5_simulated_GATv2,_Base-UN-f1,13,train_grad_norm_struct_xattn,0,1780915560414,0.0
learn,GATv2,BaselineGATv2,0827dcd6f1a34d1a8330115b73a5f288,854778689611649472,_Base-UN-f1-13_loan_v1_v5_simulated_GATv2,_Base-UN-f1,13,train_grad_norm_struct_xattn,0,1780915676496,0.0
learn,GATv2,BaselineGATv2,0827dcd6f1a34d1a8330115b73a5f288,854778689611649472,_Base-UN-f1-13_loan_v1_v5_simulated_GATv2,_Base-UN-f1,13,train_grad_norm_struct_xattn,0,1780915676496,0.0
learn,GATv2,BaselineGATv2,0827dcd6f1a34d1a8330115b73a5f288,854778689611649472,_Base-UN-f1-13_loan_v1_v5_simulated_GATv2,_Base-UN-f1,13,train_grad_norm_struct_xattn,0,1780915857515,0.0
learn,GATv2,BaselineGATv2,0827dcd6f1a34d1a8330115b73a5f288,854778689611649472,_Base-UN-f1-13_loan_v1_v5_simulated_GATv2,_Base-UN-f1,13,train_grad_norm_struct_xattn,0,1780915857515,0.0
learn,GATv2,BaselineGATv2,0827dcd6f1a34d1a8330115b73a5f288,854778689611649472,_Base-UN-f1-13_loan_v1_v5_simulated_GATv2,_Base-UN-f1,13,train_grad_norm_struct_xattn,0,1780915995842,0.0
learn,GATv2,BaselineGATv2,0827dcd6f1a34d1a8330115b73a5f288,854778689611649472,_Base-UN-f1-13_loan_v1_v5_simulated_GATv2,_Base-UN-f1,13,train_grad_norm_struct_xattn,0,1780915995842,0.0
learn,GATv2,BaselineGATv2,0827dcd6f1a34d1a8330115b73a5f288,854778689611649472,_Base-UN-f1-13_loan_v1_v5_simulated_GATv2,_Base-UN-f1,13,train_grad_norm_struct_xattn,0,1780916110597,0.0
learn,GATv2,BaselineGATv2,0827dcd6f1a34d1a8330115b73a5f288,854778689611649472,_Base-UN-f1-13_loan_v1_v5_simulated_GATv2,_Base-UN-f1,13,train_grad_norm_struct_xattn,0,1780916110597,0.0
learn,GATv2,BaselineGATv2,0827dcd6f1a34d1a8330115b73a5f288,854778689611649472,_Base-UN-f1-13_loan_v1_v5_simulated_GATv2,_Base-UN-f1,13,train_grad_norm_struct_xattn,0,1780916332515,0.0
learn,GATv2,BaselineGATv2,0827dcd6f1a34d1a8330115b73a5f288,854778689611649472,_Base-UN-f1-13_loan_v1_v5_simulated_GATv2,_Base-UN-f1,13,train_grad_norm_struct_xattn,0,1780916332515,0.0
learn,GATv2,BaselineGATv2,0827dcd6f1a34d1a8330115b73a5f288,854778689611649472,_Base-UN-f1-13_loan_v1_v5_simulated_GATv2,_Base-UN-f1,13,train_grad_norm_struct_xattn,0,1780916518591,0.0
learn,GATv2,BaselineGATv2,0827dcd6f1a34d1a8330115b73a5f288,854778689611649472,_Base-UN-f1-13_loan_v1_v5_simulated_GATv2,_Base-UN-f1,13,train_grad_norm_struct_xattn,0,1780916518591,0.0
learn,GATv2,BaselineGATv2,0827dcd6f1a34d1a8330115b73a5f288,854778689611649472,_Base-UN-f1-13_loan_v1_v5_simulated_GATv2,_Base-UN-f1,13,train_grad_norm_struct_xattn,0,1780916687738,0.0
learn,GATv2,BaselineGATv2,0827dcd6f1a34d1a8330115b73a5f288,854778689611649472,_Base-UN-f1-13_loan_v1_v5_simulated_GATv2,_Base-UN-f1,13,train_grad_norm_struct_xattn,0,1780916687738,0.0
learn,GATv2,BaselineGATv2,0827dcd6f1a34d1a8330115b73a5f288,854778689611649472,_Base-UN-f1-13_loan_v1_v5_simulated_GATv2,_Base-UN-f1,13,train_grad_norm_struct_xattn,0,1780916850541,0.0
learn,GATv2,BaselineGATv2,0827dcd6f1a34d1a8330115b73a5f288,854778689611649472,_Base-UN-f1-13_loan_v1_v5_simulated_GATv2,_Base-UN-f1,13,train_grad_norm_struct_xattn,0,1780916850541,0.0
learn,GATv2,BaselineGATv2,0827dcd6f1a34d1a8330115b73a5f288,854778689611649472,_Base-UN-f1-13_loan_v1_v5_simulated_GATv2,_Base-UN-f1,13,train_grad_norm_struct_xattn,0,1780917018253,0.0
learn,GATv2,BaselineGATv2,0827dcd6f1a34d1a8330115b73a5f288,854778689611649472,_Base-UN-f1-13_loan_v1_v5_simulated_GATv2,_Base-UN-f1,13,train_grad_norm_struct_xattn,0,1780917018253,0.0
learn,GATv2,BaselineGATv2,0827dcd6f1a34d1a8330115b73a5f288,854778689611649472,_Base-UN-f1-13_loan_v1_v5_simulated_GATv2,_Base-UN-f1,13,train_grad_norm_struct_xattn,0,1780917130030,0.0
learn,GATv2,BaselineGATv2,0827dcd6f1a34d1a8330115b73a5f288,854778689611649472,_Base-UN-f1-13_loan_v1_v5_simulated_GATv2,_Base-UN-f1,13,train_grad_norm_struct_xattn,0,1780917130030,0.0
learn,GATv2,BaselineGATv2,0827dcd6f1a34d1a8330115b73a5f288,854778689611649472,_Base-UN-f1-13_loan_v1_v5_simulated_GATv2,_Base-UN-f1,13,train_grad_norm_struct_xattn,0,1780917251997,0.0
learn,GATv2,BaselineGATv2,0827dcd6f1a34d1a8330115b73a5f288,854778689611649472,_Base-UN-f1-13_loan_v1_v5_simulated_GATv2,_Base-UN-f1,13,train_grad_norm_struct_xattn,0,1780917251997,0.0
learn,GATv2,BaselineGATv2,0827dcd6f1a34d1a8330115b73a5f288,854778689611649472,_Base-UN-f1-13_loan_v1_v5_simulated_GATv2,_Base-UN-f1,13,train_grad_norm_struct_xattn,0,1780917399901,0.0
learn,GATv2,BaselineGATv2,0827dcd6f1a34d1a8330115b73a5f288,854778689611649472,_Base-UN-f1-13_loan_v1_v5_simulated_GATv2,_Base-UN-f1,13,train_grad_norm_struct_xattn,0,1780917399901,0.0
learn,GATv2,BaselineGATv2,0827dcd6f1a34d1a8330115b73a5f288,854778689611649472,_Base-UN-f1-13_loan_v1_v5_simulated_GATv2,_Base-UN-f1,13,train_grad_norm_struct_xattn,0,1780917650364,0.0
learn,GATv2,BaselineGATv2,0827dcd6f1a34d1a8330115b73a5f288,854778689611649472,_Base-UN-f1-13_loan_v1_v5_simulated_GATv2,_Base-UN-f1,13,train_grad_norm_struct_xattn,0,1780917650364,0.0
learn,GATv2,BaselineGATv2,0827dcd6f1a34d1a8330115b73a5f288,854778689611649472,_Base-UN-f1-13_loan_v1_v5_simulated_GATv2,_Base-UN-f1,13,train_grad_norm_struct_xattn,0,1780917791172,0.0
learn,GATv2,BaselineGATv2,0827dcd6f1a34d1a8330115b73a5f288,854778689611649472,_Base-UN-f1-13_loan_v1_v5_simulated_GATv2,_Base-UN-f1,13,train_grad_norm_struct_xattn,0,1780917791172,0.0
learn,GATv2,BaselineGATv2,0827dcd6f1a34d1a8330115b73a5f288,854778689611649472,_Base-UN-f1-13_loan_v1_v5_simulated_GATv2,_Base-UN-f1,13,train_grad_norm_struct_xattn,0,1780917919837,0.0
learn,GATv2,BaselineGATv2,0827dcd6f1a34d1a8330115b73a5f288,854778689611649472,_Base-UN-f1-13_loan_v1_v5_simulated_GATv2,_Base-UN-f1,13,train_grad_norm_struct_xattn,0,1780917919837,0.0
learn,GATv2,BaselineGATv2,0827dcd6f1a34d1a8330115b73a5f288,854778689611649472,_Base-UN-f1-13_loan_v1_v5_simulated_GATv2,_Base-UN-f1,13,train_grad_norm_struct_xattn,0,1780918036607,0.0
learn,GATv2,BaselineGATv2,0827dcd6f1a34d1a8330115b73a5f288,854778689611649472,_Base-UN-f1-13_loan_v1_v5_simulated_GATv2,_Base-UN-f1,13,train_grad_norm_struct_xattn,0,1780918036607,0.0
learn,GATv2,BaselineGATv2,0827dcd6f1a34d1a8330115b73a5f288,854778689611649472,_Base-UN-f1-13_loan_v1_v5_simulated_GATv2,_Base-UN-f1,13,train_grad_norm_struct_xattn,0,1780918182668,0.0
learn,GATv2,BaselineGATv2,0827dcd6f1a34d1a8330115b73a5f288,854778689611649472,_Base-UN-f1-13_loan_v1_v5_simulated_GATv2,_Base-UN-f1,13,train_grad_norm_struct_xattn,0,1780918182668,0.0
learn,GATv2,BaselineGATv2,0827dcd6f1a34d1a8330115b73a5f288,854778689611649472,_Base-UN-f1-13_loan_v1_v5_simulated_GATv2,_Base-UN-f1,13,train_grad_norm_struct_xattn,0,1780918334979,0.0
learn,GATv2,BaselineGATv2,0827dcd6f1a34d1a8330115b73a5f288,854778689611649472,_Base-UN-f1-13_loan_v1_v5_simulated_GATv2,_Base-UN-f1,13,train_grad_norm_struct_xattn,0,1780918334979,0.0
learn,GATv2,BaselineGATv2,0827dcd6f1a34d1a8330115b73a5f288,854778689611649472,_Base-UN-f1-13_loan_v1_v5_simulated_GATv2,_Base-UN-f1,13,train_grad_norm_struct_xattn,0,1780918496845,0.0
learn,GATv2,BaselineGATv2,0827dcd6f1a34d1a8330115b73a5f288,854778689611649472,_Base-UN-f1-13_loan_v1_v5_simulated_GATv2,_Base-UN-f1,13,train_grad_norm_struct_xattn,0,1780918496845,0.0
learn,GATv2,BaselineGATv2,0827dcd6f1a34d1a8330115b73a5f288,854778689611649472,_Base-UN-f1-13_loan_v1_v5_simulated_GATv2,_Base-UN-f1,13,train_grad_norm_struct_xattn,0,1780918652889,0.0
learn,GATv2,BaselineGATv2,0827dcd6f1a34d1a8330115b73a5f288,854778689611649472,_Base-UN-f1-13_loan_v1_v5_simulated_GATv2,_Base-UN-f1,13,train_grad_norm_struct_xattn,0,1780918652889,0.0
learn,GATv2,BaselineGATv2,0827dcd6f1a34d1a8330115b73a5f288,854778689611649472,_Base-UN-f1-13_loan_v1_v5_simulated_GATv2,_Base-UN-f1,13,train_grad_norm_struct_xattn,0,1780918789929,0.0
learn,GATv2,BaselineGATv2,0827dcd6f1a34d1a8330115b73a5f288,854778689611649472,_Base-UN-f1-13_loan_v1_v5_simulated_GATv2,_Base-UN-f1,13,train_grad_norm_struct_xattn,0,1780918789929,0.0
learn,GATv2,BaselineGATv2,0827dcd6f1a34d1a8330115b73a5f288,854778689611649472,_Base-UN-f1-13_loan_v1_v5_simulated_GATv2,_Base-UN-f1,13,train_grad_norm_struct_xattn,0,1780918918834,0.0
learn,GATv2,BaselineGATv2,0827dcd6f1a34d1a8330115b73a5f288,854778689611649472,_Base-UN-f1-13_loan_v1_v5_simulated_GATv2,_Base-UN-f1,13,train_grad_norm_struct_xattn,0,1780918918834,0.0
learn,GATv2,BaselineGATv2,0827dcd6f1a34d1a8330115b73a5f288,854778689611649472,_Base-UN-f1-13_loan_v1_v5_simulated_GATv2,_Base-UN-f1,13,train_grad_norm_struct_xattn,0,1780919071330,0.0
learn,GATv2,BaselineGATv2,0827dcd6f1a34d1a8330115b73a5f288,854778689611649472,_Base-UN-f1-13_loan_v1_v5_simulated_GATv2,_Base-UN-f1,13,train_grad_norm_struct_xattn,0,1780919071330,0.0
learn,GATv2,BaselineGATv2,0827dcd6f1a34d1a8330115b73a5f288,854778689611649472,_Base-UN-f1-13_loan_v1_v5_simulated_GATv2,_Base-UN-f1,13,train_grad_norm_struct_xattn,0,1780919199096,0.0
learn,GATv2,BaselineGATv2,0827dcd6f1a34d1a8330115b73a5f288,854778689611649472,_Base-UN-f1-13_loan_v1_v5_simulated_GATv2,_Base-UN-f1,13,train_grad_norm_struct_xattn,0,1780919199096,0.0
learn,GATv2,BaselineGATv2,0827dcd6f1a34d1a8330115b73a5f288,854778689611649472,_Base-UN-f1-13_loan_v1_v5_simulated_GATv2,_Base-UN-f1,13,train_grad_norm_struct_xattn,0,1780919338753,0.0
learn,GATv2,BaselineGATv2,0827dcd6f1a34d1a8330115b73a5f288,854778689611649472,_Base-UN-f1-13_loan_v1_v5_simulated_GATv2,_Base-UN-f1,13,train_grad_norm_struct_xattn,0,1780919338753,0.0
learn,GATv2,BaselineGATv2,0827dcd6f1a34d1a8330115b73a5f288,854778689611649472,_Base-UN-f1-13_loan_v1_v5_simulated_GATv2,_Base-UN-f1,13,train_grad_norm_struct_xattn,0,1780919443454,0.0
learn,GATv2,BaselineGATv2,0827dcd6f1a34d1a8330115b73a5f288,854778689611649472,_Base-UN-f1-13_loan_v1_v5_simulated_GATv2,_Base-UN-f1,13,train_grad_norm_struct_xattn,0,1780919443454,0.0
learn,GATv2,BaselineGATv2,0827dcd6f1a34d1a8330115b73a5f288,854778689611649472,_Base-UN-f1-13_loan_v1_v5_simulated_GATv2,_Base-UN-f1,13,train_grad_norm_struct_xattn,0,1780919542695,0.0
learn,GATv2,BaselineGATv2,0827dcd6f1a34d1a8330115b73a5f288,854778689611649472,_Base-UN-f1-13_loan_v1_v5_simulated_GATv2,_Base-UN-f1,13,train_grad_norm_struct_xattn,0,1780919542695,0.0
learn,GATv2,BaselineGATv2,0827dcd6f1a34d1a8330115b73a5f288,854778689611649472,_Base-UN-f1-13_loan_v1_v5_simulated_GATv2,_Base-UN-f1,13,train_grad_norm_struct_xattn,0,1780919625763,0.0
learn,GATv2,BaselineGATv2,0827dcd6f1a34d1a8330115b73a5f288,854778689611649472,_Base-UN-f1-13_loan_v1_v5_simulated_GATv2,_Base-UN-f1,13,train_grad_norm_struct_xattn,0,1780919625763,0.0
learn,GATv2,BaselineGATv2,0827dcd6f1a34d1a8330115b73a5f288,854778689611649472,_Base-UN-f1-13_loan_v1_v5_simulated_GATv2,_Base-UN-f1,13,train_grad_norm_struct_xattn,0,1780919734491,0.0
learn,GATv2,BaselineGATv2,0827dcd6f1a34d1a8330115b73a5f288,854778689611649472,_Base-UN-f1-13_loan_v1_v5_simulated_GATv2,_Base-UN-f1,13,train_grad_norm_struct_xattn,0,1780919734491,0.0
learn,GATv2,BaselineGATv2,0827dcd6f1a34d1a8330115b73a5f288,854778689611649472,_Base-UN-f1-13_loan_v1_v5_simulated_GATv2,_Base-UN-f1,13,train_grad_norm_struct_xattn,0,1780919827684,0.0
learn,GATv2,BaselineGATv2,0827dcd6f1a34d1a8330115b73a5f288,854778689611649472,_Base-UN-f1-13_loan_v1_v5_simulated_GATv2,_Base-UN-f1,13,train_grad_norm_struct_xattn,0,1780919827684,0.0
learn,GATv2,BaselineGATv2,0827dcd6f1a34d1a8330115b73a5f288,854778689611649472,_Base-UN-f1-13_loan_v1_v5_simulated_GATv2,_Base-UN-f1,13,train_grad_norm_struct_xattn,0,1780919924679,0.0
learn,GATv2,BaselineGATv2,0827dcd6f1a34d1a8330115b73a5f288,854778689611649472,_Base-UN-f1-13_loan_v1_v5_simulated_GATv2,_Base-UN-f1,13,train_grad_norm_struct_xattn,0,1780919924679,0.0
learn,GATv2,BaselineGATv2,0827dcd6f1a34d1a8330115b73a5f288,854778689611649472,_Base-UN-f1-13_loan_v1_v5_simulated_GATv2,_Base-UN-f1,13,train_grad_norm_struct_xattn,0,1780920023125,0.0
learn,GATv2,BaselineGATv2,0827dcd6f1a34d1a8330115b73a5f288,854778689611649472,_Base-UN-f1-13_loan_v1_v5_simulated_GATv2,_Base-UN-f1,13,train_grad_norm_struct_xattn,0,1780920023125,0.0
learn,GATv2,BaselineGATv2,0827dcd6f1a34d1a8330115b73a5f288,854778689611649472,_Base-UN-f1-13_loan_v1_v5_simulated_GATv2,_Base-UN-f1,13,train_grad_norm_struct_xattn,0,1780920102578,0.0
learn,GATv2,BaselineGATv2,0827dcd6f1a34d1a8330115b73a5f288,854778689611649472,_Base-UN-f1-13_loan_v1_v5_simulated_GATv2,_Base-UN-f1,13,train_grad_norm_struct_xattn,0,1780920102578,0.0
learn,GATv2,BaselineGATv2,0827dcd6f1a34d1a8330115b73a5f288,854778689611649472,_Base-UN-f1-13_loan_v1_v5_simulated_GATv2,_Base-UN-f1,13,train_grad_norm_struct_xattn,0,1780920181603,0.0
learn,GATv2,BaselineGATv2,0827dcd6f1a34d1a8330115b73a5f288,854778689611649472,_Base-UN-f1-13_loan_v1_v5_simulated_GATv2,_Base-UN-f1,13,train_grad_norm_struct_xattn,0,1780920181603,0.0
learn,GATv2,BaselineGATv2,0827dcd6f1a34d1a8330115b73a5f288,854778689611649472,_Base-UN-f1-13_loan_v1_v5_simulated_GATv2,_Base-UN-f1,13,train_grad_norm_struct_xattn,0,1780920259043,0.0
learn,GATv2,BaselineGATv2,0827dcd6f1a34d1a8330115b73a5f288,854778689611649472,_Base-UN-f1-13_loan_v1_v5_simulated_GATv2,_Base-UN-f1,13,train_grad_norm_struct_xattn,0,1780920259043,0.0
learn,GATv2,BaselineGATv2,0827dcd6f1a34d1a8330115b73a5f288,854778689611649472,_Base-UN-f1-13_loan_v1_v5_simulated_GATv2,_Base-UN-f1,13,train_grad_norm_struct_xattn,0,1780920338847,0.0
learn,GATv2,BaselineGATv2,0827dcd6f1a34d1a8330115b73a5f288,854778689611649472,_Base-UN-f1-13_loan_v1_v5_simulated_GATv2,_Base-UN-f1,13,train_grad_norm_struct_xattn,0,1780920338847,0.0
learn,GATv2,BaselineGATv2,0827dcd6f1a34d1a8330115b73a5f288,854778689611649472,_Base-UN-f1-13_loan_v1_v5_simulated_GATv2,_Base-UN-f1,13,train_grad_norm_struct_xattn,0,1780920418090,0.0
learn,GATv2,BaselineGATv2,0827dcd6f1a34d1a8330115b73a5f288,854778689611649472,_Base-UN-f1-13_loan_v1_v5_simulated_GATv2,_Base-UN-f1,13,train_grad_norm_struct_xattn,0,1780920418090,0.0
learn,GATv2,BaselineGATv2,0827dcd6f1a34d1a8330115b73a5f288,854778689611649472,_Base-UN-f1-13_loan_v1_v5_simulated_GATv2,_Base-UN-f1,13,train_grad_norm_struct_xattn,0,1780920498552,0.0
learn,GATv2,BaselineGATv2,0827dcd6f1a34d1a8330115b73a5f288,854778689611649472,_Base-UN-f1-13_loan_v1_v5_simulated_GATv2,_Base-UN-f1,13,train_grad_norm_struct_xattn,0,1780920498552,0.0
learn,GATv2,BaselineGATv2,0827dcd6f1a34d1a8330115b73a5f288,854778689611649472,_Base-UN-f1-13_loan_v1_v5_simulated_GATv2,_Base-UN-f1,13,train_grad_norm_struct_xattn,0,1780920578671,0.0
learn,GATv2,BaselineGATv2,0827dcd6f1a34d1a8330115b73a5f288,854778689611649472,_Base-UN-f1-13_loan_v1_v5_simulated_GATv2,_Base-UN-f1,13,train_grad_norm_struct_xattn,0,1780920578671,0.0
learn,GATv2,BaselineGATv2,0827dcd6f1a34d1a8330115b73a5f288,854778689611649472,_Base-UN-f1-13_loan_v1_v5_simulated_GATv2,_Base-UN-f1,13,train_grad_norm_struct_xattn,0,1780920661178,0.0
learn,GATv2,BaselineGATv2,0827dcd6f1a34d1a8330115b73a5f288,854778689611649472,_Base-UN-f1-13_loan_v1_v5_simulated_GATv2,_Base-UN-f1,13,train_grad_norm_struct_xattn,0,1780920661178,0.0
learn,GATv2,BaselineGATv2,0827dcd6f1a34d1a8330115b73a5f288,854778689611649472,_Base-UN-f1-13_loan_v1_v5_simulated_GATv2,_Base-UN-f1,13,train_grad_norm_struct_xattn,0,1780920742337,0.0
learn,GATv2,BaselineGATv2,0827dcd6f1a34d1a8330115b73a5f288,854778689611649472,_Base-UN-f1-13_loan_v1_v5_simulated_GATv2,_Base-UN-f1,13,train_grad_norm_struct_xattn,0,1780920742337,0.0
learn,GATv2,BaselineGATv2,0827dcd6f1a34d1a8330115b73a5f288,854778689611649472,_Base-UN-f1-13_loan_v1_v5_simulated_GATv2,_Base-UN-f1,13,train_grad_norm_struct_xattn,0,1780920822225,0.0
learn,GATv2,BaselineGATv2,0827dcd6f1a34d1a8330115b73a5f288,854778689611649472,_Base-UN-f1-13_loan_v1_v5_simulated_GATv2,_Base-UN-f1,13,train_grad_norm_struct_xattn,0,1780920822225,0.0
learn,GATv2,BaselineGATv2,19d9078ee52942b08295cf257ee764d0,854778689611649472,_Base-UN-f1-55_loan_v1_v5_simulated_GATv2,_Base-UN-f1,55,train_grad_norm_struct_xattn,0,1780926693767,0.0
learn,GATv2,BaselineGATv2,19d9078ee52942b08295cf257ee764d0,854778689611649472,_Base-UN-f1-55_loan_v1_v5_simulated_GATv2,_Base-UN-f1,55,train_grad_norm_struct_xattn,0,1780926693767,0.0
learn,GATv2,BaselineGATv2,19d9078ee52942b08295cf257ee764d0,854778689611649472,_Base-UN-f1-55_loan_v1_v5_simulated_GATv2,_Base-UN-f1,55,train_grad_norm_struct_xattn,0,1780926803648,0.0
learn,GATv2,BaselineGATv2,19d9078ee52942b08295cf257ee764d0,854778689611649472,_Base-UN-f1-55_loan_v1_v5_simulated_GATv2,_Base-UN-f1,55,train_grad_norm_struct_xattn,0,1780926803648,0.0
learn,GATv2,BaselineGATv2,19d9078ee52942b08295cf257ee764d0,854778689611649472,_Base-UN-f1-55_loan_v1_v5_simulated_GATv2,_Base-UN-f1,55,train_grad_norm_struct_xattn,0,1780926917482,0.0
learn,GATv2,BaselineGATv2,19d9078ee52942b08295cf257ee764d0,854778689611649472,_Base-UN-f1-55_loan_v1_v5_simulated_GATv2,_Base-UN-f1,55,train_grad_norm_struct_xattn,0,1780926917482,0.0
learn,GATv2,BaselineGATv2,19d9078ee52942b08295cf257ee764d0,854778689611649472,_Base-UN-f1-55_loan_v1_v5_simulated_GATv2,_Base-UN-f1,55,train_grad_norm_struct_xattn,0,1780927017862,0.0
learn,GATv2,BaselineGATv2,19d9078ee52942b08295cf257ee764d0,854778689611649472,_Base-UN-f1-55_loan_v1_v5_simulated_GATv2,_Base-UN-f1,55,train_grad_norm_struct_xattn,0,1780927017862,0.0
learn,GATv2,BaselineGATv2,19d9078ee52942b08295cf257ee764d0,854778689611649472,_Base-UN-f1-55_loan_v1_v5_simulated_GATv2,_Base-UN-f1,55,train_grad_norm_struct_xattn,0,1780927196581,0.0
learn,GATv2,BaselineGATv2,19d9078ee52942b08295cf257ee764d0,854778689611649472,_Base-UN-f1-55_loan_v1_v5_simulated_GATv2,_Base-UN-f1,55,train_grad_norm_struct_xattn,0,1780927196581,0.0
learn,GATv2,BaselineGATv2,19d9078ee52942b08295cf257ee764d0,854778689611649472,_Base-UN-f1-55_loan_v1_v5_simulated_GATv2,_Base-UN-f1,55,train_grad_norm_struct_xattn,0,1780927455599,0.0
learn,GATv2,BaselineGATv2,19d9078ee52942b08295cf257ee764d0,854778689611649472,_Base-UN-f1-55_loan_v1_v5_simulated_GATv2,_Base-UN-f1,55,train_grad_norm_struct_xattn,0,1780927455599,0.0
learn,GATv2,BaselineGATv2,19d9078ee52942b08295cf257ee764d0,854778689611649472,_Base-UN-f1-55_loan_v1_v5_simulated_GATv2,_Base-UN-f1,55,train_grad_norm_struct_xattn,0,1780927592749,0.0
learn,GATv2,BaselineGATv2,19d9078ee52942b08295cf257ee764d0,854778689611649472,_Base-UN-f1-55_loan_v1_v5_simulated_GATv2,_Base-UN-f1,55,train_grad_norm_struct_xattn,0,1780927592749,0.0
learn,GATv2,BaselineGATv2,19d9078ee52942b08295cf257ee764d0,854778689611649472,_Base-UN-f1-55_loan_v1_v5_simulated_GATv2,_Base-UN-f1,55,train_grad_norm_struct_xattn,0,1780927687499,0.0
learn,GATv2,BaselineGATv2,19d9078ee52942b08295cf257ee764d0,854778689611649472,_Base-UN-f1-55_loan_v1_v5_simulated_GATv2,_Base-UN-f1,55,train_grad_norm_struct_xattn,0,1780927687499,0.0
learn,GATv2,BaselineGATv2,19d9078ee52942b08295cf257ee764d0,854778689611649472,_Base-UN-f1-55_loan_v1_v5_simulated_GATv2,_Base-UN-f1,55,train_grad_norm_struct_xattn,0,1780927787350,0.0
learn,GATv2,BaselineGATv2,19d9078ee52942b08295cf257ee764d0,854778689611649472,_Base-UN-f1-55_loan_v1_v5_simulated_GATv2,_Base-UN-f1,55,train_grad_norm_struct_xattn,0,1780927787350,0.0
learn,GATv2,BaselineGATv2,19d9078ee52942b08295cf257ee764d0,854778689611649472,_Base-UN-f1-55_loan_v1_v5_simulated_GATv2,_Base-UN-f1,55,train_grad_norm_struct_xattn,0,1780927888009,0.0
learn,GATv2,BaselineGATv2,19d9078ee52942b08295cf257ee764d0,854778689611649472,_Base-UN-f1-55_loan_v1_v5_simulated_GATv2,_Base-UN-f1,55,train_grad_norm_struct_xattn,0,1780927888009,0.0
learn,GATv2,BaselineGATv2,19d9078ee52942b08295cf257ee764d0,854778689611649472,_Base-UN-f1-55_loan_v1_v5_simulated_GATv2,_Base-UN-f1,55,train_grad_norm_struct_xattn,0,1780927981750,0.0
learn,GATv2,BaselineGATv2,19d9078ee52942b08295cf257ee764d0,854778689611649472,_Base-UN-f1-55_loan_v1_v5_simulated_GATv2,_Base-UN-f1,55,train_grad_norm_struct_xattn,0,1780927981750,0.0
learn,GATv2,BaselineGATv2,19d9078ee52942b08295cf257ee764d0,854778689611649472,_Base-UN-f1-55_loan_v1_v5_simulated_GATv2,_Base-UN-f1,55,train_grad_norm_struct_xattn,0,1780928068853,0.0
learn,GATv2,BaselineGATv2,19d9078ee52942b08295cf257ee764d0,854778689611649472,_Base-UN-f1-55_loan_v1_v5_simulated_GATv2,_Base-UN-f1,55,train_grad_norm_struct_xattn,0,1780928068853,0.0
learn,GATv2,BaselineGATv2,19d9078ee52942b08295cf257ee764d0,854778689611649472,_Base-UN-f1-55_loan_v1_v5_simulated_GATv2,_Base-UN-f1,55,train_grad_norm_struct_xattn,0,1780928156681,0.0
learn,GATv2,BaselineGATv2,19d9078ee52942b08295cf257ee764d0,854778689611649472,_Base-UN-f1-55_loan_v1_v5_simulated_GATv2,_Base-UN-f1,55,train_grad_norm_struct_xattn,0,1780928156681,0.0
learn,GATv2,BaselineGATv2,19d9078ee52942b08295cf257ee764d0,854778689611649472,_Base-UN-f1-55_loan_v1_v5_simulated_GATv2,_Base-UN-f1,55,train_grad_norm_struct_xattn,0,1780928251043,0.0
learn,GATv2,BaselineGATv2,19d9078ee52942b08295cf257ee764d0,854778689611649472,_Base-UN-f1-55_loan_v1_v5_simulated_GATv2,_Base-UN-f1,55,train_grad_norm_struct_xattn,0,1780928251043,0.0
learn,GATv2,BaselineGATv2,19d9078ee52942b08295cf257ee764d0,854778689611649472,_Base-UN-f1-55_loan_v1_v5_simulated_GATv2,_Base-UN-f1,55,train_grad_norm_struct_xattn,0,1780928345323,0.0
learn,GATv2,BaselineGATv2,19d9078ee52942b08295cf257ee764d0,854778689611649472,_Base-UN-f1-55_loan_v1_v5_simulated_GATv2,_Base-UN-f1,55,train_grad_norm_struct_xattn,0,1780928345323,0.0
learn,GATv2,BaselineGATv2,19d9078ee52942b08295cf257ee764d0,854778689611649472,_Base-UN-f1-55_loan_v1_v5_simulated_GATv2,_Base-UN-f1,55,train_grad_norm_struct_xattn,0,1780928438131,0.0
learn,GATv2,BaselineGATv2,19d9078ee52942b08295cf257ee764d0,854778689611649472,_Base-UN-f1-55_loan_v1_v5_simulated_GATv2,_Base-UN-f1,55,train_grad_norm_struct_xattn,0,1780928438131,0.0
learn,GATv2,BaselineGATv2,19d9078ee52942b08295cf257ee764d0,854778689611649472,_Base-UN-f1-55_loan_v1_v5_simulated_GATv2,_Base-UN-f1,55,train_grad_norm_struct_xattn,0,1780928539245,0.0
learn,GATv2,BaselineGATv2,19d9078ee52942b08295cf257ee764d0,854778689611649472,_Base-UN-f1-55_loan_v1_v5_simulated_GATv2,_Base-UN-f1,55,train_grad_norm_struct_xattn,0,1780928539245,0.0
learn,GATv2,BaselineGATv2,19d9078ee52942b08295cf257ee764d0,854778689611649472,_Base-UN-f1-55_loan_v1_v5_simulated_GATv2,_Base-UN-f1,55,train_grad_norm_struct_xattn,0,1780928632688,0.0
learn,GATv2,BaselineGATv2,19d9078ee52942b08295cf257ee764d0,854778689611649472,_Base-UN-f1-55_loan_v1_v5_simulated_GATv2,_Base-UN-f1,55,train_grad_norm_struct_xattn,0,1780928632688,0.0
learn,GATv2,BaselineGATv2,19d9078ee52942b08295cf257ee764d0,854778689611649472,_Base-UN-f1-55_loan_v1_v5_simulated_GATv2,_Base-UN-f1,55,train_grad_norm_struct_xattn,0,1780928725857,0.0
learn,GATv2,BaselineGATv2,19d9078ee52942b08295cf257ee764d0,854778689611649472,_Base-UN-f1-55_loan_v1_v5_simulated_GATv2,_Base-UN-f1,55,train_grad_norm_struct_xattn,0,1780928725857,0.0
learn,GATv2,BaselineGATv2,19d9078ee52942b08295cf257ee764d0,854778689611649472,_Base-UN-f1-55_loan_v1_v5_simulated_GATv2,_Base-UN-f1,55,train_grad_norm_struct_xattn,0,1780928812965,0.0
learn,GATv2,BaselineGATv2,19d9078ee52942b08295cf257ee764d0,854778689611649472,_Base-UN-f1-55_loan_v1_v5_simulated_GATv2,_Base-UN-f1,55,train_grad_norm_struct_xattn,0,1780928812965,0.0
learn,GATv2,BaselineGATv2,19d9078ee52942b08295cf257ee764d0,854778689611649472,_Base-UN-f1-55_loan_v1_v5_simulated_GATv2,_Base-UN-f1,55,train_grad_norm_struct_xattn,0,1780928896100,0.0
learn,GATv2,BaselineGATv2,19d9078ee52942b08295cf257ee764d0,854778689611649472,_Base-UN-f1-55_loan_v1_v5_simulated_GATv2,_Base-UN-f1,55,train_grad_norm_struct_xattn,0,1780928896100,0.0
learn,GATv2,BaselineGATv2,19d9078ee52942b08295cf257ee764d0,854778689611649472,_Base-UN-f1-55_loan_v1_v5_simulated_GATv2,_Base-UN-f1,55,train_grad_norm_struct_xattn,0,1780928976365,0.0
learn,GATv2,BaselineGATv2,19d9078ee52942b08295cf257ee764d0,854778689611649472,_Base-UN-f1-55_loan_v1_v5_simulated_GATv2,_Base-UN-f1,55,train_grad_norm_struct_xattn,0,1780928976365,0.0
learn,GATv2,BaselineGATv2,19d9078ee52942b08295cf257ee764d0,854778689611649472,_Base-UN-f1-55_loan_v1_v5_simulated_GATv2,_Base-UN-f1,55,train_grad_norm_struct_xattn,0,1780929063456,0.0
learn,GATv2,BaselineGATv2,19d9078ee52942b08295cf257ee764d0,854778689611649472,_Base-UN-f1-55_loan_v1_v5_simulated_GATv2,_Base-UN-f1,55,train_grad_norm_struct_xattn,0,1780929063456,0.0
learn,GATv2,BaselineGATv2,19d9078ee52942b08295cf257ee764d0,854778689611649472,_Base-UN-f1-55_loan_v1_v5_simulated_GATv2,_Base-UN-f1,55,train_grad_norm_struct_xattn,0,1780929144083,0.0
learn,GATv2,BaselineGATv2,19d9078ee52942b08295cf257ee764d0,854778689611649472,_Base-UN-f1-55_loan_v1_v5_simulated_GATv2,_Base-UN-f1,55,train_grad_norm_struct_xattn,0,1780929144083,0.0
learn,GATv2,BaselineGATv2,19d9078ee52942b08295cf257ee764d0,854778689611649472,_Base-UN-f1-55_loan_v1_v5_simulated_GATv2,_Base-UN-f1,55,train_grad_norm_struct_xattn,0,1780929224161,0.0
learn,GATv2,BaselineGATv2,19d9078ee52942b08295cf257ee764d0,854778689611649472,_Base-UN-f1-55_loan_v1_v5_simulated_GATv2,_Base-UN-f1,55,train_grad_norm_struct_xattn,0,1780929224161,0.0
learn,GATv2,BaselineGATv2,19d9078ee52942b08295cf257ee764d0,854778689611649472,_Base-UN-f1-55_loan_v1_v5_simulated_GATv2,_Base-UN-f1,55,train_grad_norm_struct_xattn,0,1780929304956,0.0
learn,GATv2,BaselineGATv2,19d9078ee52942b08295cf257ee764d0,854778689611649472,_Base-UN-f1-55_loan_v1_v5_simulated_GATv2,_Base-UN-f1,55,train_grad_norm_struct_xattn,0,1780929304956,0.0
learn,GATv2,BaselineGATv2,19d9078ee52942b08295cf257ee764d0,854778689611649472,_Base-UN-f1-55_loan_v1_v5_simulated_GATv2,_Base-UN-f1,55,train_grad_norm_struct_xattn,0,1780929383172,0.0
learn,GATv2,BaselineGATv2,19d9078ee52942b08295cf257ee764d0,854778689611649472,_Base-UN-f1-55_loan_v1_v5_simulated_GATv2,_Base-UN-f1,55,train_grad_norm_struct_xattn,0,1780929383172,0.0
learn,GATv2,BaselineGATv2,19d9078ee52942b08295cf257ee764d0,854778689611649472,_Base-UN-f1-55_loan_v1_v5_simulated_GATv2,_Base-UN-f1,55,train_grad_norm_struct_xattn,0,1780929460846,0.0
learn,GATv2,BaselineGATv2,19d9078ee52942b08295cf257ee764d0,854778689611649472,_Base-UN-f1-55_loan_v1_v5_simulated_GATv2,_Base-UN-f1,55,train_grad_norm_struct_xattn,0,1780929460846,0.0
learn,GATv2,BaselineGATv2,19d9078ee52942b08295cf257ee764d0,854778689611649472,_Base-UN-f1-55_loan_v1_v5_simulated_GATv2,_Base-UN-f1,55,train_grad_norm_struct_xattn,0,1780929542189,0.0
learn,GATv2,BaselineGATv2,19d9078ee52942b08295cf257ee764d0,854778689611649472,_Base-UN-f1-55_loan_v1_v5_simulated_GATv2,_Base-UN-f1,55,train_grad_norm_struct_xattn,0,1780929542189,0.0
learn,GATv2,BaselineGATv2,19d9078ee52942b08295cf257ee764d0,854778689611649472,_Base-UN-f1-55_loan_v1_v5_simulated_GATv2,_Base-UN-f1,55,train_grad_norm_struct_xattn,0,1780929624560,0.0
learn,GATv2,BaselineGATv2,19d9078ee52942b08295cf257ee764d0,854778689611649472,_Base-UN-f1-55_loan_v1_v5_simulated_GATv2,_Base-UN-f1,55,train_grad_norm_struct_xattn,0,1780929624560,0.0
learn,GATv2,BaselineGATv2,19d9078ee52942b08295cf257ee764d0,854778689611649472,_Base-UN-f1-55_loan_v1_v5_simulated_GATv2,_Base-UN-f1,55,train_grad_norm_struct_xattn,0,1780929709146,0.0
learn,GATv2,BaselineGATv2,19d9078ee52942b08295cf257ee764d0,854778689611649472,_Base-UN-f1-55_loan_v1_v5_simulated_GATv2,_Base-UN-f1,55,train_grad_norm_struct_xattn,0,1780929709146,0.0
learn,GATv2,BaselineGATv2,19d9078ee52942b08295cf257ee764d0,854778689611649472,_Base-UN-f1-55_loan_v1_v5_simulated_GATv2,_Base-UN-f1,55,train_grad_norm_struct_xattn,0,1780929827600,0.0
learn,GATv2,BaselineGATv2,19d9078ee52942b08295cf257ee764d0,854778689611649472,_Base-UN-f1-55_loan_v1_v5_simulated_GATv2,_Base-UN-f1,55,train_grad_norm_struct_xattn,0,1780929827600,0.0
learn,GATv2,BaselineGATv2,19d9078ee52942b08295cf257ee764d0,854778689611649472,_Base-UN-f1-55_loan_v1_v5_simulated_GATv2,_Base-UN-f1,55,train_grad_norm_struct_xattn,0,1780929930220,0.0
learn,GATv2,BaselineGATv2,19d9078ee52942b08295cf257ee764d0,854778689611649472,_Base-UN-f1-55_loan_v1_v5_simulated_GATv2,_Base-UN-f1,55,train_grad_norm_struct_xattn,0,1780929930220,0.0
learn,GATv2,BaselineGATv2,19d9078ee52942b08295cf257ee764d0,854778689611649472,_Base-UN-f1-55_loan_v1_v5_simulated_GATv2,_Base-UN-f1,55,train_grad_norm_struct_xattn,0,1780930032549,0.0
learn,GATv2,BaselineGATv2,19d9078ee52942b08295cf257ee764d0,854778689611649472,_Base-UN-f1-55_loan_v1_v5_simulated_GATv2,_Base-UN-f1,55,train_grad_norm_struct_xattn,0,1780930032549,0.0
learn,GATv2,BaselineGATv2,19d9078ee52942b08295cf257ee764d0,854778689611649472,_Base-UN-f1-55_loan_v1_v5_simulated_GATv2,_Base-UN-f1,55,train_grad_norm_struct_xattn,0,1780930182769,0.0
learn,GATv2,BaselineGATv2,19d9078ee52942b08295cf257ee764d0,854778689611649472,_Base-UN-f1-55_loan_v1_v5_simulated_GATv2,_Base-UN-f1,55,train_grad_norm_struct_xattn,0,1780930182769,0.0
learn,GATv2,BaselineGATv2,19d9078ee52942b08295cf257ee764d0,854778689611649472,_Base-UN-f1-55_loan_v1_v5_simulated_GATv2,_Base-UN-f1,55,train_grad_norm_struct_xattn,0,1780930342850,0.0
learn,GATv2,BaselineGATv2,19d9078ee52942b08295cf257ee764d0,854778689611649472,_Base-UN-f1-55_loan_v1_v5_simulated_GATv2,_Base-UN-f1,55,train_grad_norm_struct_xattn,0,1780930342850,0.0
learn,GATv2,BaselineGATv2,19d9078ee52942b08295cf257ee764d0,854778689611649472,_Base-UN-f1-55_loan_v1_v5_simulated_GATv2,_Base-UN-f1,55,train_grad_norm_struct_xattn,0,1780930499162,0.0
learn,GATv2,BaselineGATv2,19d9078ee52942b08295cf257ee764d0,854778689611649472,_Base-UN-f1-55_loan_v1_v5_simulated_GATv2,_Base-UN-f1,55,train_grad_norm_struct_xattn,0,1780930499162,0.0
learn,GATv2,BaselineGATv2,19d9078ee52942b08295cf257ee764d0,854778689611649472,_Base-UN-f1-55_loan_v1_v5_simulated_GATv2,_Base-UN-f1,55,train_grad_norm_struct_xattn,0,1780930667340,0.0
learn,GATv2,BaselineGATv2,19d9078ee52942b08295cf257ee764d0,854778689611649472,_Base-UN-f1-55_loan_v1_v5_simulated_GATv2,_Base-UN-f1,55,train_grad_norm_struct_xattn,0,1780930667340,0.0
learn,GATv2,BaselineGATv2,19d9078ee52942b08295cf257ee764d0,854778689611649472,_Base-UN-f1-55_loan_v1_v5_simulated_GATv2,_Base-UN-f1,55,train_grad_norm_struct_xattn,0,1780930845594,0.0
learn,GATv2,BaselineGATv2,19d9078ee52942b08295cf257ee764d0,854778689611649472,_Base-UN-f1-55_loan_v1_v5_simulated_GATv2,_Base-UN-f1,55,train_grad_norm_struct_xattn,0,1780930845594,0.0
learn,GATv2,BaselineGATv2,19d9078ee52942b08295cf257ee764d0,854778689611649472,_Base-UN-f1-55_loan_v1_v5_simulated_GATv2,_Base-UN-f1,55,train_grad_norm_struct_xattn,0,1780931013445,0.0
learn,GATv2,BaselineGATv2,19d9078ee52942b08295cf257ee764d0,854778689611649472,_Base-UN-f1-55_loan_v1_v5_simulated_GATv2,_Base-UN-f1,55,train_grad_norm_struct_xattn,0,1780931013445,0.0
learn,GATv2,BaselineGATv2,19d9078ee52942b08295cf257ee764d0,854778689611649472,_Base-UN-f1-55_loan_v1_v5_simulated_GATv2,_Base-UN-f1,55,train_grad_norm_struct_xattn,0,1780931183501,0.0
learn,GATv2,BaselineGATv2,19d9078ee52942b08295cf257ee764d0,854778689611649472,_Base-UN-f1-55_loan_v1_v5_simulated_GATv2,_Base-UN-f1,55,train_grad_norm_struct_xattn,0,1780931183501,0.0
learn,GATv2,BaselineGATv2,19d9078ee52942b08295cf257ee764d0,854778689611649472,_Base-UN-f1-55_loan_v1_v5_simulated_GATv2,_Base-UN-f1,55,train_grad_norm_struct_xattn,0,1780931349056,0.0
learn,GATv2,BaselineGATv2,19d9078ee52942b08295cf257ee764d0,854778689611649472,_Base-UN-f1-55_loan_v1_v5_simulated_GATv2,_Base-UN-f1,55,train_grad_norm_struct_xattn,0,1780931349056,0.0
learn,GATv2,BaselineGATv2,43bb080720cd41c0919a926a04029b92,854778689611649472,_Base-UN-f1-32_loan_v1_v5_simulated_GATv2,_Base-UN-f1,32,train_grad_norm_struct_xattn,0,1781376147530,0.0
learn,GATv2,BaselineGATv2,43bb080720cd41c0919a926a04029b92,854778689611649472,_Base-UN-f1-32_loan_v1_v5_simulated_GATv2,_Base-UN-f1,32,train_grad_norm_struct_xattn,0,1781376147530,0.0
learn,GATv2,BaselineGATv2,43bb080720cd41c0919a926a04029b92,854778689611649472,_Base-UN-f1-32_loan_v1_v5_simulated_GATv2,_Base-UN-f1,32,train_grad_norm_struct_xattn,0,1781376232954,0.0
learn,GATv2,BaselineGATv2,43bb080720cd41c0919a926a04029b92,854778689611649472,_Base-UN-f1-32_loan_v1_v5_simulated_GATv2,_Base-UN-f1,32,train_grad_norm_struct_xattn,0,1781376232954,0.0
learn,GATv2,BaselineGATv2,43bb080720cd41c0919a926a04029b92,854778689611649472,_Base-UN-f1-32_loan_v1_v5_simulated_GATv2,_Base-UN-f1,32,train_grad_norm_struct_xattn,0,1781376302058,0.0
learn,GATv2,BaselineGATv2,43bb080720cd41c0919a926a04029b92,854778689611649472,_Base-UN-f1-32_loan_v1_v5_simulated_GATv2,_Base-UN-f1,32,train_grad_norm_struct_xattn,0,1781376302058,0.0
learn,GATv2,BaselineGATv2,43bb080720cd41c0919a926a04029b92,854778689611649472,_Base-UN-f1-32_loan_v1_v5_simulated_GATv2,_Base-UN-f1,32,train_grad_norm_struct_xattn,0,1781376372862,0.0
learn,GATv2,BaselineGATv2,43bb080720cd41c0919a926a04029b92,854778689611649472,_Base-UN-f1-32_loan_v1_v5_simulated_GATv2,_Base-UN-f1,32,train_grad_norm_struct_xattn,0,1781376372862,0.0
learn,GATv2,BaselineGATv2,43bb080720cd41c0919a926a04029b92,854778689611649472,_Base-UN-f1-32_loan_v1_v5_simulated_GATv2,_Base-UN-f1,32,train_grad_norm_struct_xattn,0,1781376441820,0.0
learn,GATv2,BaselineGATv2,43bb080720cd41c0919a926a04029b92,854778689611649472,_Base-UN-f1-32_loan_v1_v5_simulated_GATv2,_Base-UN-f1,32,train_grad_norm_struct_xattn,0,1781376441820,0.0
learn,GATv2,BaselineGATv2,43bb080720cd41c0919a926a04029b92,854778689611649472,_Base-UN-f1-32_loan_v1_v5_simulated_GATv2,_Base-UN-f1,32,train_grad_norm_struct_xattn,0,1781376512449,0.0
learn,GATv2,BaselineGATv2,43bb080720cd41c0919a926a04029b92,854778689611649472,_Base-UN-f1-32_loan_v1_v5_simulated_GATv2,_Base-UN-f1,32,train_grad_norm_struct_xattn,0,1781376512449,0.0
learn,GATv2,BaselineGATv2,43bb080720cd41c0919a926a04029b92,854778689611649472,_Base-UN-f1-32_loan_v1_v5_simulated_GATv2,_Base-UN-f1,32,train_grad_norm_struct_xattn,0,1781376581867,0.0
learn,GATv2,BaselineGATv2,43bb080720cd41c0919a926a04029b92,854778689611649472,_Base-UN-f1-32_loan_v1_v5_simulated_GATv2,_Base-UN-f1,32,train_grad_norm_struct_xattn,0,1781376581867,0.0
learn,GATv2,BaselineGATv2,43bb080720cd41c0919a926a04029b92,854778689611649472,_Base-UN-f1-32_loan_v1_v5_simulated_GATv2,_Base-UN-f1,32,train_grad_norm_struct_xattn,0,1781376652183,0.0
learn,GATv2,BaselineGATv2,43bb080720cd41c0919a926a04029b92,854778689611649472,_Base-UN-f1-32_loan_v1_v5_simulated_GATv2,_Base-UN-f1,32,train_grad_norm_struct_xattn,0,1781376652183,0.0
learn,GATv2,BaselineGATv2,43bb080720cd41c0919a926a04029b92,854778689611649472,_Base-UN-f1-32_loan_v1_v5_simulated_GATv2,_Base-UN-f1,32,train_grad_norm_struct_xattn,0,1781376721707,0.0
learn,GATv2,BaselineGATv2,43bb080720cd41c0919a926a04029b92,854778689611649472,_Base-UN-f1-32_loan_v1_v5_simulated_GATv2,_Base-UN-f1,32,train_grad_norm_struct_xattn,0,1781376721707,0.0
learn,GATv2,BaselineGATv2,43bb080720cd41c0919a926a04029b92,854778689611649472,_Base-UN-f1-32_loan_v1_v5_simulated_GATv2,_Base-UN-f1,32,train_grad_norm_struct_xattn,0,1781376791429,0.0
learn,GATv2,BaselineGATv2,43bb080720cd41c0919a926a04029b92,854778689611649472,_Base-UN-f1-32_loan_v1_v5_simulated_GATv2,_Base-UN-f1,32,train_grad_norm_struct_xattn,0,1781376791429,0.0
learn,GATv2,BaselineGATv2,43bb080720cd41c0919a926a04029b92,854778689611649472,_Base-UN-f1-32_loan_v1_v5_simulated_GATv2,_Base-UN-f1,32,train_grad_norm_struct_xattn,0,1781376862714,0.0
learn,GATv2,BaselineGATv2,43bb080720cd41c0919a926a04029b92,854778689611649472,_Base-UN-f1-32_loan_v1_v5_simulated_GATv2,_Base-UN-f1,32,train_grad_norm_struct_xattn,0,1781376862714,0.0
learn,GATv2,BaselineGATv2,43bb080720cd41c0919a926a04029b92,854778689611649472,_Base-UN-f1-32_loan_v1_v5_simulated_GATv2,_Base-UN-f1,32,train_grad_norm_struct_xattn,0,1781376932724,0.0
learn,GATv2,BaselineGATv2,43bb080720cd41c0919a926a04029b92,854778689611649472,_Base-UN-f1-32_loan_v1_v5_simulated_GATv2,_Base-UN-f1,32,train_grad_norm_struct_xattn,0,1781376932724,0.0
learn,GATv2,BaselineGATv2,43bb080720cd41c0919a926a04029b92,854778689611649472,_Base-UN-f1-32_loan_v1_v5_simulated_GATv2,_Base-UN-f1,32,train_grad_norm_struct_xattn,0,1781377002349,0.0
learn,GATv2,BaselineGATv2,43bb080720cd41c0919a926a04029b92,854778689611649472,_Base-UN-f1-32_loan_v1_v5_simulated_GATv2,_Base-UN-f1,32,train_grad_norm_struct_xattn,0,1781377002349,0.0
learn,GATv2,BaselineGATv2,43bb080720cd41c0919a926a04029b92,854778689611649472,_Base-UN-f1-32_loan_v1_v5_simulated_GATv2,_Base-UN-f1,32,train_grad_norm_struct_xattn,0,1781377071492,0.0
learn,GATv2,BaselineGATv2,43bb080720cd41c0919a926a04029b92,854778689611649472,_Base-UN-f1-32_loan_v1_v5_simulated_GATv2,_Base-UN-f1,32,train_grad_norm_struct_xattn,0,1781377071492,0.0
learn,GATv2,BaselineGATv2,43bb080720cd41c0919a926a04029b92,854778689611649472,_Base-UN-f1-32_loan_v1_v5_simulated_GATv2,_Base-UN-f1,32,train_grad_norm_struct_xattn,0,1781377140299,0.0
learn,GATv2,BaselineGATv2,43bb080720cd41c0919a926a04029b92,854778689611649472,_Base-UN-f1-32_loan_v1_v5_simulated_GATv2,_Base-UN-f1,32,train_grad_norm_struct_xattn,0,1781377140299,0.0
learn,GATv2,BaselineGATv2,43bb080720cd41c0919a926a04029b92,854778689611649472,_Base-UN-f1-32_loan_v1_v5_simulated_GATv2,_Base-UN-f1,32,train_grad_norm_struct_xattn,0,1781377210117,0.0
learn,GATv2,BaselineGATv2,43bb080720cd41c0919a926a04029b92,854778689611649472,_Base-UN-f1-32_loan_v1_v5_simulated_GATv2,_Base-UN-f1,32,train_grad_norm_struct_xattn,0,1781377210117,0.0
learn,GATv2,BaselineGATv2,43bb080720cd41c0919a926a04029b92,854778689611649472,_Base-UN-f1-32_loan_v1_v5_simulated_GATv2,_Base-UN-f1,32,train_grad_norm_struct_xattn,0,1781377279756,0.0
learn,GATv2,BaselineGATv2,43bb080720cd41c0919a926a04029b92,854778689611649472,_Base-UN-f1-32_loan_v1_v5_simulated_GATv2,_Base-UN-f1,32,train_grad_norm_struct_xattn,0,1781377279756,0.0
learn,GATv2,BaselineGATv2,43bb080720cd41c0919a926a04029b92,854778689611649472,_Base-UN-f1-32_loan_v1_v5_simulated_GATv2,_Base-UN-f1,32,train_grad_norm_struct_xattn,0,1781377348774,0.0
learn,GATv2,BaselineGATv2,43bb080720cd41c0919a926a04029b92,854778689611649472,_Base-UN-f1-32_loan_v1_v5_simulated_GATv2,_Base-UN-f1,32,train_grad_norm_struct_xattn,0,1781377348774,0.0
learn,GATv2,BaselineGATv2,43bb080720cd41c0919a926a04029b92,854778689611649472,_Base-UN-f1-32_loan_v1_v5_simulated_GATv2,_Base-UN-f1,32,train_grad_norm_struct_xattn,0,1781377418574,0.0
learn,GATv2,BaselineGATv2,43bb080720cd41c0919a926a04029b92,854778689611649472,_Base-UN-f1-32_loan_v1_v5_simulated_GATv2,_Base-UN-f1,32,train_grad_norm_struct_xattn,0,1781377418574,0.0
learn,GATv2,BaselineGATv2,43bb080720cd41c0919a926a04029b92,854778689611649472,_Base-UN-f1-32_loan_v1_v5_simulated_GATv2,_Base-UN-f1,32,train_grad_norm_struct_xattn,0,1781377488216,0.0
learn,GATv2,BaselineGATv2,43bb080720cd41c0919a926a04029b92,854778689611649472,_Base-UN-f1-32_loan_v1_v5_simulated_GATv2,_Base-UN-f1,32,train_grad_norm_struct_xattn,0,1781377488216,0.0
learn,GATv2,BaselineGATv2,43bb080720cd41c0919a926a04029b92,854778689611649472,_Base-UN-f1-32_loan_v1_v5_simulated_GATv2,_Base-UN-f1,32,train_grad_norm_struct_xattn,0,1781377556969,0.0
learn,GATv2,BaselineGATv2,43bb080720cd41c0919a926a04029b92,854778689611649472,_Base-UN-f1-32_loan_v1_v5_simulated_GATv2,_Base-UN-f1,32,train_grad_norm_struct_xattn,0,1781377556969,0.0
learn,GATv2,BaselineGATv2,43bb080720cd41c0919a926a04029b92,854778689611649472,_Base-UN-f1-32_loan_v1_v5_simulated_GATv2,_Base-UN-f1,32,train_grad_norm_struct_xattn,0,1781377626046,0.0
learn,GATv2,BaselineGATv2,43bb080720cd41c0919a926a04029b92,854778689611649472,_Base-UN-f1-32_loan_v1_v5_simulated_GATv2,_Base-UN-f1,32,train_grad_norm_struct_xattn,0,1781377626046,0.0
learn,GATv2,BaselineGATv2,43bb080720cd41c0919a926a04029b92,854778689611649472,_Base-UN-f1-32_loan_v1_v5_simulated_GATv2,_Base-UN-f1,32,train_grad_norm_struct_xattn,0,1781377695018,0.0
learn,GATv2,BaselineGATv2,43bb080720cd41c0919a926a04029b92,854778689611649472,_Base-UN-f1-32_loan_v1_v5_simulated_GATv2,_Base-UN-f1,32,train_grad_norm_struct_xattn,0,1781377695018,0.0
learn,GATv2,BaselineGATv2,43bb080720cd41c0919a926a04029b92,854778689611649472,_Base-UN-f1-32_loan_v1_v5_simulated_GATv2,_Base-UN-f1,32,train_grad_norm_struct_xattn,0,1781377762934,0.0
learn,GATv2,BaselineGATv2,43bb080720cd41c0919a926a04029b92,854778689611649472,_Base-UN-f1-32_loan_v1_v5_simulated_GATv2,_Base-UN-f1,32,train_grad_norm_struct_xattn,0,1781377762934,0.0
learn,GATv2,BaselineGATv2,43bb080720cd41c0919a926a04029b92,854778689611649472,_Base-UN-f1-32_loan_v1_v5_simulated_GATv2,_Base-UN-f1,32,train_grad_norm_struct_xattn,0,1781377858773,0.0
learn,GATv2,BaselineGATv2,43bb080720cd41c0919a926a04029b92,854778689611649472,_Base-UN-f1-32_loan_v1_v5_simulated_GATv2,_Base-UN-f1,32,train_grad_norm_struct_xattn,0,1781377858773,0.0
learn,GATv2,BaselineGATv2,43bb080720cd41c0919a926a04029b92,854778689611649472,_Base-UN-f1-32_loan_v1_v5_simulated_GATv2,_Base-UN-f1,32,train_grad_norm_struct_xattn,0,1781377931963,0.0
learn,GATv2,BaselineGATv2,43bb080720cd41c0919a926a04029b92,854778689611649472,_Base-UN-f1-32_loan_v1_v5_simulated_GATv2,_Base-UN-f1,32,train_grad_norm_struct_xattn,0,1781377931963,0.0
learn,GATv2,BaselineGATv2,43bb080720cd41c0919a926a04029b92,854778689611649472,_Base-UN-f1-32_loan_v1_v5_simulated_GATv2,_Base-UN-f1,32,train_grad_norm_struct_xattn,0,1781378003863,0.0
learn,GATv2,BaselineGATv2,43bb080720cd41c0919a926a04029b92,854778689611649472,_Base-UN-f1-32_loan_v1_v5_simulated_GATv2,_Base-UN-f1,32,train_grad_norm_struct_xattn,0,1781378003863,0.0
learn,GATv2,BaselineGATv2,43bb080720cd41c0919a926a04029b92,854778689611649472,_Base-UN-f1-32_loan_v1_v5_simulated_GATv2,_Base-UN-f1,32,train_grad_norm_struct_xattn,0,1781378076770,0.0
learn,GATv2,BaselineGATv2,43bb080720cd41c0919a926a04029b92,854778689611649472,_Base-UN-f1-32_loan_v1_v5_simulated_GATv2,_Base-UN-f1,32,train_grad_norm_struct_xattn,0,1781378076770,0.0
learn,GATv2,BaselineGATv2,43bb080720cd41c0919a926a04029b92,854778689611649472,_Base-UN-f1-32_loan_v1_v5_simulated_GATv2,_Base-UN-f1,32,train_grad_norm_struct_xattn,0,1781378148288,0.0
learn,GATv2,BaselineGATv2,43bb080720cd41c0919a926a04029b92,854778689611649472,_Base-UN-f1-32_loan_v1_v5_simulated_GATv2,_Base-UN-f1,32,train_grad_norm_struct_xattn,0,1781378148288,0.0
learn,GATv2,BaselineGATv2,43bb080720cd41c0919a926a04029b92,854778689611649472,_Base-UN-f1-32_loan_v1_v5_simulated_GATv2,_Base-UN-f1,32,train_grad_norm_struct_xattn,0,1781378222523,0.0
learn,GATv2,BaselineGATv2,43bb080720cd41c0919a926a04029b92,854778689611649472,_Base-UN-f1-32_loan_v1_v5_simulated_GATv2,_Base-UN-f1,32,train_grad_norm_struct_xattn,0,1781378222523,0.0
learn,GATv2,BaselineGATv2,43bb080720cd41c0919a926a04029b92,854778689611649472,_Base-UN-f1-32_loan_v1_v5_simulated_GATv2,_Base-UN-f1,32,train_grad_norm_struct_xattn,0,1781378309233,0.0
learn,GATv2,BaselineGATv2,43bb080720cd41c0919a926a04029b92,854778689611649472,_Base-UN-f1-32_loan_v1_v5_simulated_GATv2,_Base-UN-f1,32,train_grad_norm_struct_xattn,0,1781378309233,0.0
learn,GATv2,BaselineGATv2,43bb080720cd41c0919a926a04029b92,854778689611649472,_Base-UN-f1-32_loan_v1_v5_simulated_GATv2,_Base-UN-f1,32,train_grad_norm_struct_xattn,0,1781378388221,0.0
learn,GATv2,BaselineGATv2,43bb080720cd41c0919a926a04029b92,854778689611649472,_Base-UN-f1-32_loan_v1_v5_simulated_GATv2,_Base-UN-f1,32,train_grad_norm_struct_xattn,0,1781378388221,0.0
learn,GATv2,BaselineGATv2,43bb080720cd41c0919a926a04029b92,854778689611649472,_Base-UN-f1-32_loan_v1_v5_simulated_GATv2,_Base-UN-f1,32,train_grad_norm_struct_xattn,0,1781378459591,0.0
learn,GATv2,BaselineGATv2,43bb080720cd41c0919a926a04029b92,854778689611649472,_Base-UN-f1-32_loan_v1_v5_simulated_GATv2,_Base-UN-f1,32,train_grad_norm_struct_xattn,0,1781378459591,0.0
learn,GATv2,BaselineGATv2,43bb080720cd41c0919a926a04029b92,854778689611649472,_Base-UN-f1-32_loan_v1_v5_simulated_GATv2,_Base-UN-f1,32,train_grad_norm_struct_xattn,0,1781378528401,0.0
learn,GATv2,BaselineGATv2,43bb080720cd41c0919a926a04029b92,854778689611649472,_Base-UN-f1-32_loan_v1_v5_simulated_GATv2,_Base-UN-f1,32,train_grad_norm_struct_xattn,0,1781378528401,0.0
learn,GATv2,BaselineGATv2,43bb080720cd41c0919a926a04029b92,854778689611649472,_Base-UN-f1-32_loan_v1_v5_simulated_GATv2,_Base-UN-f1,32,train_grad_norm_struct_xattn,0,1781378597322,0.0
learn,GATv2,BaselineGATv2,43bb080720cd41c0919a926a04029b92,854778689611649472,_Base-UN-f1-32_loan_v1_v5_simulated_GATv2,_Base-UN-f1,32,train_grad_norm_struct_xattn,0,1781378597322,0.0
learn,GATv2,BaselineGATv2,43bb080720cd41c0919a926a04029b92,854778689611649472,_Base-UN-f1-32_loan_v1_v5_simulated_GATv2,_Base-UN-f1,32,train_grad_norm_struct_xattn,0,1781378669283,0.0
learn,GATv2,BaselineGATv2,43bb080720cd41c0919a926a04029b92,854778689611649472,_Base-UN-f1-32_loan_v1_v5_simulated_GATv2,_Base-UN-f1,32,train_grad_norm_struct_xattn,0,1781378669283,0.0
learn,GATv2,BaselineGATv2,43bb080720cd41c0919a926a04029b92,854778689611649472,_Base-UN-f1-32_loan_v1_v5_simulated_GATv2,_Base-UN-f1,32,train_grad_norm_struct_xattn,0,1781378737844,0.0
learn,GATv2,BaselineGATv2,43bb080720cd41c0919a926a04029b92,854778689611649472,_Base-UN-f1-32_loan_v1_v5_simulated_GATv2,_Base-UN-f1,32,train_grad_norm_struct_xattn,0,1781378737844,0.0
learn,GATv2,BaselineGATv2,43bb080720cd41c0919a926a04029b92,854778689611649472,_Base-UN-f1-32_loan_v1_v5_simulated_GATv2,_Base-UN-f1,32,train_grad_norm_struct_xattn,0,1781378805683,0.0
learn,GATv2,BaselineGATv2,43bb080720cd41c0919a926a04029b92,854778689611649472,_Base-UN-f1-32_loan_v1_v5_simulated_GATv2,_Base-UN-f1,32,train_grad_norm_struct_xattn,0,1781378805683,0.0
learn,GATv2,BaselineGATv2,43bb080720cd41c0919a926a04029b92,854778689611649472,_Base-UN-f1-32_loan_v1_v5_simulated_GATv2,_Base-UN-f1,32,train_grad_norm_struct_xattn,0,1781378874624,0.0
learn,GATv2,BaselineGATv2,43bb080720cd41c0919a926a04029b92,854778689611649472,_Base-UN-f1-32_loan_v1_v5_simulated_GATv2,_Base-UN-f1,32,train_grad_norm_struct_xattn,0,1781378874624,0.0
learn,GATv2,BaselineGATv2,43bb080720cd41c0919a926a04029b92,854778689611649472,_Base-UN-f1-32_loan_v1_v5_simulated_GATv2,_Base-UN-f1,32,train_grad_norm_struct_xattn,0,1781378943078,0.0
learn,GATv2,BaselineGATv2,43bb080720cd41c0919a926a04029b92,854778689611649472,_Base-UN-f1-32_loan_v1_v5_simulated_GATv2,_Base-UN-f1,32,train_grad_norm_struct_xattn,0,1781378943078,0.0
learn,GATv2,BaselineGATv2,43bb080720cd41c0919a926a04029b92,854778689611649472,_Base-UN-f1-32_loan_v1_v5_simulated_GATv2,_Base-UN-f1,32,train_grad_norm_struct_xattn,0,1781379011452,0.0
learn,GATv2,BaselineGATv2,43bb080720cd41c0919a926a04029b92,854778689611649472,_Base-UN-f1-32_loan_v1_v5_simulated_GATv2,_Base-UN-f1,32,train_grad_norm_struct_xattn,0,1781379011452,0.0
learn,GATv2,BaselineGATv2,43bb080720cd41c0919a926a04029b92,854778689611649472,_Base-UN-f1-32_loan_v1_v5_simulated_GATv2,_Base-UN-f1,32,train_grad_norm_struct_xattn,0,1781379080266,0.0
learn,GATv2,BaselineGATv2,43bb080720cd41c0919a926a04029b92,854778689611649472,_Base-UN-f1-32_loan_v1_v5_simulated_GATv2,_Base-UN-f1,32,train_grad_norm_struct_xattn,0,1781379080266,0.0
learn,GATv2,BaselineGATv2,43bb080720cd41c0919a926a04029b92,854778689611649472,_Base-UN-f1-32_loan_v1_v5_simulated_GATv2,_Base-UN-f1,32,train_grad_norm_struct_xattn,0,1781379148943,0.0
learn,GATv2,BaselineGATv2,43bb080720cd41c0919a926a04029b92,854778689611649472,_Base-UN-f1-32_loan_v1_v5_simulated_GATv2,_Base-UN-f1,32,train_grad_norm_struct_xattn,0,1781379148943,0.0
learn,GATv2,BaselineGATv2,43bb080720cd41c0919a926a04029b92,854778689611649472,_Base-UN-f1-32_loan_v1_v5_simulated_GATv2,_Base-UN-f1,32,train_grad_norm_struct_xattn,0,1781379217265,0.0
learn,GATv2,BaselineGATv2,43bb080720cd41c0919a926a04029b92,854778689611649472,_Base-UN-f1-32_loan_v1_v5_simulated_GATv2,_Base-UN-f1,32,train_grad_norm_struct_xattn,0,1781379217265,0.0
learn,GATv2,BaselineGATv2,43bb080720cd41c0919a926a04029b92,854778689611649472,_Base-UN-f1-32_loan_v1_v5_simulated_GATv2,_Base-UN-f1,32,train_grad_norm_struct_xattn,0,1781379285433,0.0
learn,GATv2,BaselineGATv2,43bb080720cd41c0919a926a04029b92,854778689611649472,_Base-UN-f1-32_loan_v1_v5_simulated_GATv2,_Base-UN-f1,32,train_grad_norm_struct_xattn,0,1781379285433,0.0
learn,GATv2,BaselineGATv2,43bb080720cd41c0919a926a04029b92,854778689611649472,_Base-UN-f1-32_loan_v1_v5_simulated_GATv2,_Base-UN-f1,32,train_grad_norm_struct_xattn,0,1781379354082,0.0
learn,GATv2,BaselineGATv2,43bb080720cd41c0919a926a04029b92,854778689611649472,_Base-UN-f1-32_loan_v1_v5_simulated_GATv2,_Base-UN-f1,32,train_grad_norm_struct_xattn,0,1781379354082,0.0
learn,GATv2,BaselineGATv2,43bb080720cd41c0919a926a04029b92,854778689611649472,_Base-UN-f1-32_loan_v1_v5_simulated_GATv2,_Base-UN-f1,32,train_grad_norm_struct_xattn,0,1781379422605,0.0
learn,GATv2,BaselineGATv2,43bb080720cd41c0919a926a04029b92,854778689611649472,_Base-UN-f1-32_loan_v1_v5_simulated_GATv2,_Base-UN-f1,32,train_grad_norm_struct_xattn,0,1781379422605,0.0
learn,GATv2,BaselineGATv2,43bb080720cd41c0919a926a04029b92,854778689611649472,_Base-UN-f1-32_loan_v1_v5_simulated_GATv2,_Base-UN-f1,32,train_grad_norm_struct_xattn,0,1781379491606,0.0
learn,GATv2,BaselineGATv2,43bb080720cd41c0919a926a04029b92,854778689611649472,_Base-UN-f1-32_loan_v1_v5_simulated_GATv2,_Base-UN-f1,32,train_grad_norm_struct_xattn,0,1781379491606,0.0
learn,GATv2,BaselineGATv2,43bb080720cd41c0919a926a04029b92,854778689611649472,_Base-UN-f1-32_loan_v1_v5_simulated_GATv2,_Base-UN-f1,32,train_grad_norm_struct_xattn,0,1781379560514,0.0
learn,GATv2,BaselineGATv2,43bb080720cd41c0919a926a04029b92,854778689611649472,_Base-UN-f1-32_loan_v1_v5_simulated_GATv2,_Base-UN-f1,32,train_grad_norm_struct_xattn,0,1781379560514,0.0
learn,GATv2,BaselineGATv2,43bb080720cd41c0919a926a04029b92,854778689611649472,_Base-UN-f1-32_loan_v1_v5_simulated_GATv2,_Base-UN-f1,32,train_grad_norm_struct_xattn,0,1781379629454,0.0
learn,GATv2,BaselineGATv2,43bb080720cd41c0919a926a04029b92,854778689611649472,_Base-UN-f1-32_loan_v1_v5_simulated_GATv2,_Base-UN-f1,32,train_grad_norm_struct_xattn,0,1781379629454,0.0
learn,GATv2,BaselineGATv2,4de188c1615448e39860458609d7ba5b,854778689611649472,_Base-UN-f1-67_loan_v1_v5_simulated_GATv2,_Base-UN-f1,67,train_grad_norm_struct_xattn,0,1780907236927,0.0
learn,GATv2,BaselineGATv2,4de188c1615448e39860458609d7ba5b,854778689611649472,_Base-UN-f1-67_loan_v1_v5_simulated_GATv2,_Base-UN-f1,67,train_grad_norm_struct_xattn,0,1780907236927,0.0
learn,GATv2,BaselineGATv2,4de188c1615448e39860458609d7ba5b,854778689611649472,_Base-UN-f1-67_loan_v1_v5_simulated_GATv2,_Base-UN-f1,67,train_grad_norm_struct_xattn,0,1780907381813,0.0
learn,GATv2,BaselineGATv2,4de188c1615448e39860458609d7ba5b,854778689611649472,_Base-UN-f1-67_loan_v1_v5_simulated_GATv2,_Base-UN-f1,67,train_grad_norm_struct_xattn,0,1780907381813,0.0
learn,GATv2,BaselineGATv2,4de188c1615448e39860458609d7ba5b,854778689611649472,_Base-UN-f1-67_loan_v1_v5_simulated_GATv2,_Base-UN-f1,67,train_grad_norm_struct_xattn,0,1780907470958,0.0
learn,GATv2,BaselineGATv2,4de188c1615448e39860458609d7ba5b,854778689611649472,_Base-UN-f1-67_loan_v1_v5_simulated_GATv2,_Base-UN-f1,67,train_grad_norm_struct_xattn,0,1780907470958,0.0
learn,GATv2,BaselineGATv2,4de188c1615448e39860458609d7ba5b,854778689611649472,_Base-UN-f1-67_loan_v1_v5_simulated_GATv2,_Base-UN-f1,67,train_grad_norm_struct_xattn,0,1780907601975,0.0
learn,GATv2,BaselineGATv2,4de188c1615448e39860458609d7ba5b,854778689611649472,_Base-UN-f1-67_loan_v1_v5_simulated_GATv2,_Base-UN-f1,67,train_grad_norm_struct_xattn,0,1780907601975,0.0
learn,GATv2,BaselineGATv2,4de188c1615448e39860458609d7ba5b,854778689611649472,_Base-UN-f1-67_loan_v1_v5_simulated_GATv2,_Base-UN-f1,67,train_grad_norm_struct_xattn,0,1780907693404,0.0
learn,GATv2,BaselineGATv2,4de188c1615448e39860458609d7ba5b,854778689611649472,_Base-UN-f1-67_loan_v1_v5_simulated_GATv2,_Base-UN-f1,67,train_grad_norm_struct_xattn,0,1780907693404,0.0
learn,GATv2,BaselineGATv2,4de188c1615448e39860458609d7ba5b,854778689611649472,_Base-UN-f1-67_loan_v1_v5_simulated_GATv2,_Base-UN-f1,67,train_grad_norm_struct_xattn,0,1780907795505,0.0
learn,GATv2,BaselineGATv2,4de188c1615448e39860458609d7ba5b,854778689611649472,_Base-UN-f1-67_loan_v1_v5_simulated_GATv2,_Base-UN-f1,67,train_grad_norm_struct_xattn,0,1780907795505,0.0
learn,GATv2,BaselineGATv2,4de188c1615448e39860458609d7ba5b,854778689611649472,_Base-UN-f1-67_loan_v1_v5_simulated_GATv2,_Base-UN-f1,67,train_grad_norm_struct_xattn,0,1780907906867,0.0
learn,GATv2,BaselineGATv2,4de188c1615448e39860458609d7ba5b,854778689611649472,_Base-UN-f1-67_loan_v1_v5_simulated_GATv2,_Base-UN-f1,67,train_grad_norm_struct_xattn,0,1780907906867,0.0
learn,GATv2,BaselineGATv2,4de188c1615448e39860458609d7ba5b,854778689611649472,_Base-UN-f1-67_loan_v1_v5_simulated_GATv2,_Base-UN-f1,67,train_grad_norm_struct_xattn,0,1780908021353,0.0
learn,GATv2,BaselineGATv2,4de188c1615448e39860458609d7ba5b,854778689611649472,_Base-UN-f1-67_loan_v1_v5_simulated_GATv2,_Base-UN-f1,67,train_grad_norm_struct_xattn,0,1780908021353,0.0
learn,GATv2,BaselineGATv2,4de188c1615448e39860458609d7ba5b,854778689611649472,_Base-UN-f1-67_loan_v1_v5_simulated_GATv2,_Base-UN-f1,67,train_grad_norm_struct_xattn,0,1780908135583,0.0
learn,GATv2,BaselineGATv2,4de188c1615448e39860458609d7ba5b,854778689611649472,_Base-UN-f1-67_loan_v1_v5_simulated_GATv2,_Base-UN-f1,67,train_grad_norm_struct_xattn,0,1780908135583,0.0
learn,GATv2,BaselineGATv2,4de188c1615448e39860458609d7ba5b,854778689611649472,_Base-UN-f1-67_loan_v1_v5_simulated_GATv2,_Base-UN-f1,67,train_grad_norm_struct_xattn,0,1780908246863,0.0
learn,GATv2,BaselineGATv2,4de188c1615448e39860458609d7ba5b,854778689611649472,_Base-UN-f1-67_loan_v1_v5_simulated_GATv2,_Base-UN-f1,67,train_grad_norm_struct_xattn,0,1780908246863,0.0
learn,GATv2,BaselineGATv2,4de188c1615448e39860458609d7ba5b,854778689611649472,_Base-UN-f1-67_loan_v1_v5_simulated_GATv2,_Base-UN-f1,67,train_grad_norm_struct_xattn,0,1780908369460,0.0
learn,GATv2,BaselineGATv2,4de188c1615448e39860458609d7ba5b,854778689611649472,_Base-UN-f1-67_loan_v1_v5_simulated_GATv2,_Base-UN-f1,67,train_grad_norm_struct_xattn,0,1780908369460,0.0
learn,GATv2,BaselineGATv2,4de188c1615448e39860458609d7ba5b,854778689611649472,_Base-UN-f1-67_loan_v1_v5_simulated_GATv2,_Base-UN-f1,67,train_grad_norm_struct_xattn,0,1780908470728,0.0
learn,GATv2,BaselineGATv2,4de188c1615448e39860458609d7ba5b,854778689611649472,_Base-UN-f1-67_loan_v1_v5_simulated_GATv2,_Base-UN-f1,67,train_grad_norm_struct_xattn,0,1780908470728,0.0
learn,GATv2,BaselineGATv2,4de188c1615448e39860458609d7ba5b,854778689611649472,_Base-UN-f1-67_loan_v1_v5_simulated_GATv2,_Base-UN-f1,67,train_grad_norm_struct_xattn,0,1780908566325,0.0
learn,GATv2,BaselineGATv2,4de188c1615448e39860458609d7ba5b,854778689611649472,_Base-UN-f1-67_loan_v1_v5_simulated_GATv2,_Base-UN-f1,67,train_grad_norm_struct_xattn,0,1780908566325,0.0
learn,GATv2,BaselineGATv2,4de188c1615448e39860458609d7ba5b,854778689611649472,_Base-UN-f1-67_loan_v1_v5_simulated_GATv2,_Base-UN-f1,67,train_grad_norm_struct_xattn,0,1780908661838,0.0
learn,GATv2,BaselineGATv2,4de188c1615448e39860458609d7ba5b,854778689611649472,_Base-UN-f1-67_loan_v1_v5_simulated_GATv2,_Base-UN-f1,67,train_grad_norm_struct_xattn,0,1780908661838,0.0
learn,GATv2,BaselineGATv2,4de188c1615448e39860458609d7ba5b,854778689611649472,_Base-UN-f1-67_loan_v1_v5_simulated_GATv2,_Base-UN-f1,67,train_grad_norm_struct_xattn,0,1780908753794,0.0
learn,GATv2,BaselineGATv2,4de188c1615448e39860458609d7ba5b,854778689611649472,_Base-UN-f1-67_loan_v1_v5_simulated_GATv2,_Base-UN-f1,67,train_grad_norm_struct_xattn,0,1780908753794,0.0
learn,GATv2,BaselineGATv2,4de188c1615448e39860458609d7ba5b,854778689611649472,_Base-UN-f1-67_loan_v1_v5_simulated_GATv2,_Base-UN-f1,67,train_grad_norm_struct_xattn,0,1780908860488,0.0
learn,GATv2,BaselineGATv2,4de188c1615448e39860458609d7ba5b,854778689611649472,_Base-UN-f1-67_loan_v1_v5_simulated_GATv2,_Base-UN-f1,67,train_grad_norm_struct_xattn,0,1780908860488,0.0
learn,GATv2,BaselineGATv2,4de188c1615448e39860458609d7ba5b,854778689611649472,_Base-UN-f1-67_loan_v1_v5_simulated_GATv2,_Base-UN-f1,67,train_grad_norm_struct_xattn,0,1780909083740,0.0
learn,GATv2,BaselineGATv2,4de188c1615448e39860458609d7ba5b,854778689611649472,_Base-UN-f1-67_loan_v1_v5_simulated_GATv2,_Base-UN-f1,67,train_grad_norm_struct_xattn,0,1780909083740,0.0
learn,GATv2,BaselineGATv2,4de188c1615448e39860458609d7ba5b,854778689611649472,_Base-UN-f1-67_loan_v1_v5_simulated_GATv2,_Base-UN-f1,67,train_grad_norm_struct_xattn,0,1780909341799,0.0
learn,GATv2,BaselineGATv2,4de188c1615448e39860458609d7ba5b,854778689611649472,_Base-UN-f1-67_loan_v1_v5_simulated_GATv2,_Base-UN-f1,67,train_grad_norm_struct_xattn,0,1780909341799,0.0
learn,GATv2,BaselineGATv2,4de188c1615448e39860458609d7ba5b,854778689611649472,_Base-UN-f1-67_loan_v1_v5_simulated_GATv2,_Base-UN-f1,67,train_grad_norm_struct_xattn,0,1780909527119,0.0
learn,GATv2,BaselineGATv2,4de188c1615448e39860458609d7ba5b,854778689611649472,_Base-UN-f1-67_loan_v1_v5_simulated_GATv2,_Base-UN-f1,67,train_grad_norm_struct_xattn,0,1780909527119,0.0
learn,GATv2,BaselineGATv2,4de188c1615448e39860458609d7ba5b,854778689611649472,_Base-UN-f1-67_loan_v1_v5_simulated_GATv2,_Base-UN-f1,67,train_grad_norm_struct_xattn,0,1780909646864,0.0
learn,GATv2,BaselineGATv2,4de188c1615448e39860458609d7ba5b,854778689611649472,_Base-UN-f1-67_loan_v1_v5_simulated_GATv2,_Base-UN-f1,67,train_grad_norm_struct_xattn,0,1780909646864,0.0
learn,GATv2,BaselineGATv2,4de188c1615448e39860458609d7ba5b,854778689611649472,_Base-UN-f1-67_loan_v1_v5_simulated_GATv2,_Base-UN-f1,67,train_grad_norm_struct_xattn,0,1780909746879,0.0
learn,GATv2,BaselineGATv2,4de188c1615448e39860458609d7ba5b,854778689611649472,_Base-UN-f1-67_loan_v1_v5_simulated_GATv2,_Base-UN-f1,67,train_grad_norm_struct_xattn,0,1780909746879,0.0
learn,GATv2,BaselineGATv2,4de188c1615448e39860458609d7ba5b,854778689611649472,_Base-UN-f1-67_loan_v1_v5_simulated_GATv2,_Base-UN-f1,67,train_grad_norm_struct_xattn,0,1780909837182,0.0
learn,GATv2,BaselineGATv2,4de188c1615448e39860458609d7ba5b,854778689611649472,_Base-UN-f1-67_loan_v1_v5_simulated_GATv2,_Base-UN-f1,67,train_grad_norm_struct_xattn,0,1780909837182,0.0
learn,GATv2,BaselineGATv2,4de188c1615448e39860458609d7ba5b,854778689611649472,_Base-UN-f1-67_loan_v1_v5_simulated_GATv2,_Base-UN-f1,67,train_grad_norm_struct_xattn,0,1780909938520,0.0
learn,GATv2,BaselineGATv2,4de188c1615448e39860458609d7ba5b,854778689611649472,_Base-UN-f1-67_loan_v1_v5_simulated_GATv2,_Base-UN-f1,67,train_grad_norm_struct_xattn,0,1780909938520,0.0
learn,GATv2,BaselineGATv2,4de188c1615448e39860458609d7ba5b,854778689611649472,_Base-UN-f1-67_loan_v1_v5_simulated_GATv2,_Base-UN-f1,67,train_grad_norm_struct_xattn,0,1780910162807,0.0
learn,GATv2,BaselineGATv2,4de188c1615448e39860458609d7ba5b,854778689611649472,_Base-UN-f1-67_loan_v1_v5_simulated_GATv2,_Base-UN-f1,67,train_grad_norm_struct_xattn,0,1780910162807,0.0
learn,GATv2,BaselineGATv2,4de188c1615448e39860458609d7ba5b,854778689611649472,_Base-UN-f1-67_loan_v1_v5_simulated_GATv2,_Base-UN-f1,67,train_grad_norm_struct_xattn,0,1780910391370,0.0
learn,GATv2,BaselineGATv2,4de188c1615448e39860458609d7ba5b,854778689611649472,_Base-UN-f1-67_loan_v1_v5_simulated_GATv2,_Base-UN-f1,67,train_grad_norm_struct_xattn,0,1780910391370,0.0
learn,GATv2,BaselineGATv2,4de188c1615448e39860458609d7ba5b,854778689611649472,_Base-UN-f1-67_loan_v1_v5_simulated_GATv2,_Base-UN-f1,67,train_grad_norm_struct_xattn,0,1780910605281,0.0
learn,GATv2,BaselineGATv2,4de188c1615448e39860458609d7ba5b,854778689611649472,_Base-UN-f1-67_loan_v1_v5_simulated_GATv2,_Base-UN-f1,67,train_grad_norm_struct_xattn,0,1780910605281,0.0
learn,GATv2,BaselineGATv2,4de188c1615448e39860458609d7ba5b,854778689611649472,_Base-UN-f1-67_loan_v1_v5_simulated_GATv2,_Base-UN-f1,67,train_grad_norm_struct_xattn,0,1780910701811,0.0
learn,GATv2,BaselineGATv2,4de188c1615448e39860458609d7ba5b,854778689611649472,_Base-UN-f1-67_loan_v1_v5_simulated_GATv2,_Base-UN-f1,67,train_grad_norm_struct_xattn,0,1780910701811,0.0
learn,GATv2,BaselineGATv2,4de188c1615448e39860458609d7ba5b,854778689611649472,_Base-UN-f1-67_loan_v1_v5_simulated_GATv2,_Base-UN-f1,67,train_grad_norm_struct_xattn,0,1780910800237,0.0
learn,GATv2,BaselineGATv2,4de188c1615448e39860458609d7ba5b,854778689611649472,_Base-UN-f1-67_loan_v1_v5_simulated_GATv2,_Base-UN-f1,67,train_grad_norm_struct_xattn,0,1780910800237,0.0
learn,GATv2,BaselineGATv2,4de188c1615448e39860458609d7ba5b,854778689611649472,_Base-UN-f1-67_loan_v1_v5_simulated_GATv2,_Base-UN-f1,67,train_grad_norm_struct_xattn,0,1780910909416,0.0
learn,GATv2,BaselineGATv2,4de188c1615448e39860458609d7ba5b,854778689611649472,_Base-UN-f1-67_loan_v1_v5_simulated_GATv2,_Base-UN-f1,67,train_grad_norm_struct_xattn,0,1780910909416,0.0
learn,GATv2,BaselineGATv2,4de188c1615448e39860458609d7ba5b,854778689611649472,_Base-UN-f1-67_loan_v1_v5_simulated_GATv2,_Base-UN-f1,67,train_grad_norm_struct_xattn,0,1780911001529,0.0
learn,GATv2,BaselineGATv2,4de188c1615448e39860458609d7ba5b,854778689611649472,_Base-UN-f1-67_loan_v1_v5_simulated_GATv2,_Base-UN-f1,67,train_grad_norm_struct_xattn,0,1780911001529,0.0
learn,GATv2,BaselineGATv2,4de188c1615448e39860458609d7ba5b,854778689611649472,_Base-UN-f1-67_loan_v1_v5_simulated_GATv2,_Base-UN-f1,67,train_grad_norm_struct_xattn,0,1780911094517,0.0
learn,GATv2,BaselineGATv2,4de188c1615448e39860458609d7ba5b,854778689611649472,_Base-UN-f1-67_loan_v1_v5_simulated_GATv2,_Base-UN-f1,67,train_grad_norm_struct_xattn,0,1780911094517,0.0
learn,GATv2,BaselineGATv2,4de188c1615448e39860458609d7ba5b,854778689611649472,_Base-UN-f1-67_loan_v1_v5_simulated_GATv2,_Base-UN-f1,67,train_grad_norm_struct_xattn,0,1780911183800,0.0
learn,GATv2,BaselineGATv2,4de188c1615448e39860458609d7ba5b,854778689611649472,_Base-UN-f1-67_loan_v1_v5_simulated_GATv2,_Base-UN-f1,67,train_grad_norm_struct_xattn,0,1780911183800,0.0
learn,GATv2,BaselineGATv2,4de188c1615448e39860458609d7ba5b,854778689611649472,_Base-UN-f1-67_loan_v1_v5_simulated_GATv2,_Base-UN-f1,67,train_grad_norm_struct_xattn,0,1780911272729,0.0
learn,GATv2,BaselineGATv2,4de188c1615448e39860458609d7ba5b,854778689611649472,_Base-UN-f1-67_loan_v1_v5_simulated_GATv2,_Base-UN-f1,67,train_grad_norm_struct_xattn,0,1780911272729,0.0
learn,GATv2,BaselineGATv2,4de188c1615448e39860458609d7ba5b,854778689611649472,_Base-UN-f1-67_loan_v1_v5_simulated_GATv2,_Base-UN-f1,67,train_grad_norm_struct_xattn,0,1780911365156,0.0
learn,GATv2,BaselineGATv2,4de188c1615448e39860458609d7ba5b,854778689611649472,_Base-UN-f1-67_loan_v1_v5_simulated_GATv2,_Base-UN-f1,67,train_grad_norm_struct_xattn,0,1780911365156,0.0
learn,GATv2,BaselineGATv2,4de188c1615448e39860458609d7ba5b,854778689611649472,_Base-UN-f1-67_loan_v1_v5_simulated_GATv2,_Base-UN-f1,67,train_grad_norm_struct_xattn,0,1780911456951,0.0
learn,GATv2,BaselineGATv2,4de188c1615448e39860458609d7ba5b,854778689611649472,_Base-UN-f1-67_loan_v1_v5_simulated_GATv2,_Base-UN-f1,67,train_grad_norm_struct_xattn,0,1780911456951,0.0
learn,GATv2,BaselineGATv2,4de188c1615448e39860458609d7ba5b,854778689611649472,_Base-UN-f1-67_loan_v1_v5_simulated_GATv2,_Base-UN-f1,67,train_grad_norm_struct_xattn,0,1780911570830,0.0
learn,GATv2,BaselineGATv2,4de188c1615448e39860458609d7ba5b,854778689611649472,_Base-UN-f1-67_loan_v1_v5_simulated_GATv2,_Base-UN-f1,67,train_grad_norm_struct_xattn,0,1780911570830,0.0
learn,GATv2,BaselineGATv2,4de188c1615448e39860458609d7ba5b,854778689611649472,_Base-UN-f1-67_loan_v1_v5_simulated_GATv2,_Base-UN-f1,67,train_grad_norm_struct_xattn,0,1780911756942,0.0
learn,GATv2,BaselineGATv2,4de188c1615448e39860458609d7ba5b,854778689611649472,_Base-UN-f1-67_loan_v1_v5_simulated_GATv2,_Base-UN-f1,67,train_grad_norm_struct_xattn,0,1780911756942,0.0
learn,GATv2,BaselineGATv2,4de188c1615448e39860458609d7ba5b,854778689611649472,_Base-UN-f1-67_loan_v1_v5_simulated_GATv2,_Base-UN-f1,67,train_grad_norm_struct_xattn,0,1780911859223,0.0
learn,GATv2,BaselineGATv2,4de188c1615448e39860458609d7ba5b,854778689611649472,_Base-UN-f1-67_loan_v1_v5_simulated_GATv2,_Base-UN-f1,67,train_grad_norm_struct_xattn,0,1780911859223,0.0
learn,GATv2,BaselineGATv2,4de188c1615448e39860458609d7ba5b,854778689611649472,_Base-UN-f1-67_loan_v1_v5_simulated_GATv2,_Base-UN-f1,67,train_grad_norm_struct_xattn,0,1780911943674,0.0
learn,GATv2,BaselineGATv2,4de188c1615448e39860458609d7ba5b,854778689611649472,_Base-UN-f1-67_loan_v1_v5_simulated_GATv2,_Base-UN-f1,67,train_grad_norm_struct_xattn,0,1780911943674,0.0
learn,GATv2,BaselineGATv2,4de188c1615448e39860458609d7ba5b,854778689611649472,_Base-UN-f1-67_loan_v1_v5_simulated_GATv2,_Base-UN-f1,67,train_grad_norm_struct_xattn,0,1780912027484,0.0
learn,GATv2,BaselineGATv2,4de188c1615448e39860458609d7ba5b,854778689611649472,_Base-UN-f1-67_loan_v1_v5_simulated_GATv2,_Base-UN-f1,67,train_grad_norm_struct_xattn,0,1780912027484,0.0
learn,GATv2,BaselineGATv2,4de188c1615448e39860458609d7ba5b,854778689611649472,_Base-UN-f1-67_loan_v1_v5_simulated_GATv2,_Base-UN-f1,67,train_grad_norm_struct_xattn,0,1780912128058,0.0
learn,GATv2,BaselineGATv2,4de188c1615448e39860458609d7ba5b,854778689611649472,_Base-UN-f1-67_loan_v1_v5_simulated_GATv2,_Base-UN-f1,67,train_grad_norm_struct_xattn,0,1780912128058,0.0
learn,GATv2,BaselineGATv2,4de188c1615448e39860458609d7ba5b,854778689611649472,_Base-UN-f1-67_loan_v1_v5_simulated_GATv2,_Base-UN-f1,67,train_grad_norm_struct_xattn,0,1780912271917,0.0
learn,GATv2,BaselineGATv2,4de188c1615448e39860458609d7ba5b,854778689611649472,_Base-UN-f1-67_loan_v1_v5_simulated_GATv2,_Base-UN-f1,67,train_grad_norm_struct_xattn,0,1780912271917,0.0
learn,GATv2,BaselineGATv2,4de188c1615448e39860458609d7ba5b,854778689611649472,_Base-UN-f1-67_loan_v1_v5_simulated_GATv2,_Base-UN-f1,67,train_grad_norm_struct_xattn,0,1780912369013,0.0
learn,GATv2,BaselineGATv2,4de188c1615448e39860458609d7ba5b,854778689611649472,_Base-UN-f1-67_loan_v1_v5_simulated_GATv2,_Base-UN-f1,67,train_grad_norm_struct_xattn,0,1780912369013,0.0
learn,GATv2,BaselineGATv2,4de188c1615448e39860458609d7ba5b,854778689611649472,_Base-UN-f1-67_loan_v1_v5_simulated_GATv2,_Base-UN-f1,67,train_grad_norm_struct_xattn,0,1780912457350,0.0
learn,GATv2,BaselineGATv2,4de188c1615448e39860458609d7ba5b,854778689611649472,_Base-UN-f1-67_loan_v1_v5_simulated_GATv2,_Base-UN-f1,67,train_grad_norm_struct_xattn,0,1780912457350,0.0
learn,GATv2,BaselineGATv2,4de188c1615448e39860458609d7ba5b,854778689611649472,_Base-UN-f1-67_loan_v1_v5_simulated_GATv2,_Base-UN-f1,67,train_grad_norm_struct_xattn,0,1780912584424,0.0
learn,GATv2,BaselineGATv2,4de188c1615448e39860458609d7ba5b,854778689611649472,_Base-UN-f1-67_loan_v1_v5_simulated_GATv2,_Base-UN-f1,67,train_grad_norm_struct_xattn,0,1780912584424,0.0
learn,GATv2,BaselineGATv2,4de188c1615448e39860458609d7ba5b,854778689611649472,_Base-UN-f1-67_loan_v1_v5_simulated_GATv2,_Base-UN-f1,67,train_grad_norm_struct_xattn,0,1780912793718,0.0
learn,GATv2,BaselineGATv2,4de188c1615448e39860458609d7ba5b,854778689611649472,_Base-UN-f1-67_loan_v1_v5_simulated_GATv2,_Base-UN-f1,67,train_grad_norm_struct_xattn,0,1780912793718,0.0
learn,GATv2,BaselineGATv2,4de188c1615448e39860458609d7ba5b,854778689611649472,_Base-UN-f1-67_loan_v1_v5_simulated_GATv2,_Base-UN-f1,67,train_grad_norm_struct_xattn,0,1780913030078,0.0
learn,GATv2,BaselineGATv2,4de188c1615448e39860458609d7ba5b,854778689611649472,_Base-UN-f1-67_loan_v1_v5_simulated_GATv2,_Base-UN-f1,67,train_grad_norm_struct_xattn,0,1780913030078,0.0
learn,GATv2,BaselineGATv2,4de188c1615448e39860458609d7ba5b,854778689611649472,_Base-UN-f1-67_loan_v1_v5_simulated_GATv2,_Base-UN-f1,67,train_grad_norm_struct_xattn,0,1780913171495,0.0
learn,GATv2,BaselineGATv2,4de188c1615448e39860458609d7ba5b,854778689611649472,_Base-UN-f1-67_loan_v1_v5_simulated_GATv2,_Base-UN-f1,67,train_grad_norm_struct_xattn,0,1780913171495,0.0
learn,GATv2,BaselineGATv2,4de188c1615448e39860458609d7ba5b,854778689611649472,_Base-UN-f1-67_loan_v1_v5_simulated_GATv2,_Base-UN-f1,67,train_grad_norm_struct_xattn,0,1780913404501,0.0
learn,GATv2,BaselineGATv2,4de188c1615448e39860458609d7ba5b,854778689611649472,_Base-UN-f1-67_loan_v1_v5_simulated_GATv2,_Base-UN-f1,67,train_grad_norm_struct_xattn,0,1780913404501,0.0
learn,GATv2,BaselineGATv2,4de188c1615448e39860458609d7ba5b,854778689611649472,_Base-UN-f1-67_loan_v1_v5_simulated_GATv2,_Base-UN-f1,67,train_grad_norm_struct_xattn,0,1780913588743,0.0
learn,GATv2,BaselineGATv2,4de188c1615448e39860458609d7ba5b,854778689611649472,_Base-UN-f1-67_loan_v1_v5_simulated_GATv2,_Base-UN-f1,67,train_grad_norm_struct_xattn,0,1780913588743,0.0
learn,GATv2,BaselineGATv2,52f73713e211451695967c00ca8a57d0,854778689611649472,_Base-UN-f1-99_loan_v1_v5_simulated_GATv2,_Base-UN-f1,99,train_grad_norm_struct_xattn,0,1781340315494,0.0
learn,GATv2,BaselineGATv2,52f73713e211451695967c00ca8a57d0,854778689611649472,_Base-UN-f1-99_loan_v1_v5_simulated_GATv2,_Base-UN-f1,99,train_grad_norm_struct_xattn,0,1781340315494,0.0
learn,GATv2,BaselineGATv2,52f73713e211451695967c00ca8a57d0,854778689611649472,_Base-UN-f1-99_loan_v1_v5_simulated_GATv2,_Base-UN-f1,99,train_grad_norm_struct_xattn,0,1781340425130,0.0
learn,GATv2,BaselineGATv2,52f73713e211451695967c00ca8a57d0,854778689611649472,_Base-UN-f1-99_loan_v1_v5_simulated_GATv2,_Base-UN-f1,99,train_grad_norm_struct_xattn,0,1781340425130,0.0
learn,GATv2,BaselineGATv2,52f73713e211451695967c00ca8a57d0,854778689611649472,_Base-UN-f1-99_loan_v1_v5_simulated_GATv2,_Base-UN-f1,99,train_grad_norm_struct_xattn,0,1781340507685,0.0
learn,GATv2,BaselineGATv2,52f73713e211451695967c00ca8a57d0,854778689611649472,_Base-UN-f1-99_loan_v1_v5_simulated_GATv2,_Base-UN-f1,99,train_grad_norm_struct_xattn,0,1781340507685,0.0
learn,GATv2,BaselineGATv2,52f73713e211451695967c00ca8a57d0,854778689611649472,_Base-UN-f1-99_loan_v1_v5_simulated_GATv2,_Base-UN-f1,99,train_grad_norm_struct_xattn,0,1781340587057,0.0
learn,GATv2,BaselineGATv2,52f73713e211451695967c00ca8a57d0,854778689611649472,_Base-UN-f1-99_loan_v1_v5_simulated_GATv2,_Base-UN-f1,99,train_grad_norm_struct_xattn,0,1781340587057,0.0
learn,GATv2,BaselineGATv2,52f73713e211451695967c00ca8a57d0,854778689611649472,_Base-UN-f1-99_loan_v1_v5_simulated_GATv2,_Base-UN-f1,99,train_grad_norm_struct_xattn,0,1781340666797,0.0
learn,GATv2,BaselineGATv2,52f73713e211451695967c00ca8a57d0,854778689611649472,_Base-UN-f1-99_loan_v1_v5_simulated_GATv2,_Base-UN-f1,99,train_grad_norm_struct_xattn,0,1781340666797,0.0
learn,GATv2,BaselineGATv2,52f73713e211451695967c00ca8a57d0,854778689611649472,_Base-UN-f1-99_loan_v1_v5_simulated_GATv2,_Base-UN-f1,99,train_grad_norm_struct_xattn,0,1781340746025,0.0
learn,GATv2,BaselineGATv2,52f73713e211451695967c00ca8a57d0,854778689611649472,_Base-UN-f1-99_loan_v1_v5_simulated_GATv2,_Base-UN-f1,99,train_grad_norm_struct_xattn,0,1781340746025,0.0
learn,GATv2,BaselineGATv2,52f73713e211451695967c00ca8a57d0,854778689611649472,_Base-UN-f1-99_loan_v1_v5_simulated_GATv2,_Base-UN-f1,99,train_grad_norm_struct_xattn,0,1781340827060,0.0
learn,GATv2,BaselineGATv2,52f73713e211451695967c00ca8a57d0,854778689611649472,_Base-UN-f1-99_loan_v1_v5_simulated_GATv2,_Base-UN-f1,99,train_grad_norm_struct_xattn,0,1781340827060,0.0
learn,GATv2,BaselineGATv2,52f73713e211451695967c00ca8a57d0,854778689611649472,_Base-UN-f1-99_loan_v1_v5_simulated_GATv2,_Base-UN-f1,99,train_grad_norm_struct_xattn,0,1781340907241,0.0
learn,GATv2,BaselineGATv2,52f73713e211451695967c00ca8a57d0,854778689611649472,_Base-UN-f1-99_loan_v1_v5_simulated_GATv2,_Base-UN-f1,99,train_grad_norm_struct_xattn,0,1781340907241,0.0
learn,GATv2,BaselineGATv2,52f73713e211451695967c00ca8a57d0,854778689611649472,_Base-UN-f1-99_loan_v1_v5_simulated_GATv2,_Base-UN-f1,99,train_grad_norm_struct_xattn,0,1781340987445,0.0
learn,GATv2,BaselineGATv2,52f73713e211451695967c00ca8a57d0,854778689611649472,_Base-UN-f1-99_loan_v1_v5_simulated_GATv2,_Base-UN-f1,99,train_grad_norm_struct_xattn,0,1781340987445,0.0
learn,GATv2,BaselineGATv2,52f73713e211451695967c00ca8a57d0,854778689611649472,_Base-UN-f1-99_loan_v1_v5_simulated_GATv2,_Base-UN-f1,99,train_grad_norm_struct_xattn,0,1781341066870,0.0
learn,GATv2,BaselineGATv2,52f73713e211451695967c00ca8a57d0,854778689611649472,_Base-UN-f1-99_loan_v1_v5_simulated_GATv2,_Base-UN-f1,99,train_grad_norm_struct_xattn,0,1781341066870,0.0
learn,GATv2,BaselineGATv2,52f73713e211451695967c00ca8a57d0,854778689611649472,_Base-UN-f1-99_loan_v1_v5_simulated_GATv2,_Base-UN-f1,99,train_grad_norm_struct_xattn,0,1781341147660,0.0
learn,GATv2,BaselineGATv2,52f73713e211451695967c00ca8a57d0,854778689611649472,_Base-UN-f1-99_loan_v1_v5_simulated_GATv2,_Base-UN-f1,99,train_grad_norm_struct_xattn,0,1781341147660,0.0
learn,GATv2,BaselineGATv2,52f73713e211451695967c00ca8a57d0,854778689611649472,_Base-UN-f1-99_loan_v1_v5_simulated_GATv2,_Base-UN-f1,99,train_grad_norm_struct_xattn,0,1781341227559,0.0
learn,GATv2,BaselineGATv2,52f73713e211451695967c00ca8a57d0,854778689611649472,_Base-UN-f1-99_loan_v1_v5_simulated_GATv2,_Base-UN-f1,99,train_grad_norm_struct_xattn,0,1781341227559,0.0
learn,GATv2,BaselineGATv2,52f73713e211451695967c00ca8a57d0,854778689611649472,_Base-UN-f1-99_loan_v1_v5_simulated_GATv2,_Base-UN-f1,99,train_grad_norm_struct_xattn,0,1781341307198,0.0
learn,GATv2,BaselineGATv2,52f73713e211451695967c00ca8a57d0,854778689611649472,_Base-UN-f1-99_loan_v1_v5_simulated_GATv2,_Base-UN-f1,99,train_grad_norm_struct_xattn,0,1781341307198,0.0
learn,GATv2,BaselineGATv2,52f73713e211451695967c00ca8a57d0,854778689611649472,_Base-UN-f1-99_loan_v1_v5_simulated_GATv2,_Base-UN-f1,99,train_grad_norm_struct_xattn,0,1781341386883,0.0
learn,GATv2,BaselineGATv2,52f73713e211451695967c00ca8a57d0,854778689611649472,_Base-UN-f1-99_loan_v1_v5_simulated_GATv2,_Base-UN-f1,99,train_grad_norm_struct_xattn,0,1781341386883,0.0
learn,GATv2,BaselineGATv2,52f73713e211451695967c00ca8a57d0,854778689611649472,_Base-UN-f1-99_loan_v1_v5_simulated_GATv2,_Base-UN-f1,99,train_grad_norm_struct_xattn,0,1781341469005,0.0
learn,GATv2,BaselineGATv2,52f73713e211451695967c00ca8a57d0,854778689611649472,_Base-UN-f1-99_loan_v1_v5_simulated_GATv2,_Base-UN-f1,99,train_grad_norm_struct_xattn,0,1781341469005,0.0
learn,GATv2,BaselineGATv2,52f73713e211451695967c00ca8a57d0,854778689611649472,_Base-UN-f1-99_loan_v1_v5_simulated_GATv2,_Base-UN-f1,99,train_grad_norm_struct_xattn,0,1781341548415,0.0
learn,GATv2,BaselineGATv2,52f73713e211451695967c00ca8a57d0,854778689611649472,_Base-UN-f1-99_loan_v1_v5_simulated_GATv2,_Base-UN-f1,99,train_grad_norm_struct_xattn,0,1781341548415,0.0
learn,GATv2,BaselineGATv2,52f73713e211451695967c00ca8a57d0,854778689611649472,_Base-UN-f1-99_loan_v1_v5_simulated_GATv2,_Base-UN-f1,99,train_grad_norm_struct_xattn,0,1781341627754,0.0
learn,GATv2,BaselineGATv2,52f73713e211451695967c00ca8a57d0,854778689611649472,_Base-UN-f1-99_loan_v1_v5_simulated_GATv2,_Base-UN-f1,99,train_grad_norm_struct_xattn,0,1781341627754,0.0
learn,GATv2,BaselineGATv2,52f73713e211451695967c00ca8a57d0,854778689611649472,_Base-UN-f1-99_loan_v1_v5_simulated_GATv2,_Base-UN-f1,99,train_grad_norm_struct_xattn,0,1781341715750,0.0
learn,GATv2,BaselineGATv2,52f73713e211451695967c00ca8a57d0,854778689611649472,_Base-UN-f1-99_loan_v1_v5_simulated_GATv2,_Base-UN-f1,99,train_grad_norm_struct_xattn,0,1781341715750,0.0
learn,GATv2,BaselineGATv2,52f73713e211451695967c00ca8a57d0,854778689611649472,_Base-UN-f1-99_loan_v1_v5_simulated_GATv2,_Base-UN-f1,99,train_grad_norm_struct_xattn,0,1781341814361,0.0
learn,GATv2,BaselineGATv2,52f73713e211451695967c00ca8a57d0,854778689611649472,_Base-UN-f1-99_loan_v1_v5_simulated_GATv2,_Base-UN-f1,99,train_grad_norm_struct_xattn,0,1781341814361,0.0
learn,GATv2,BaselineGATv2,52f73713e211451695967c00ca8a57d0,854778689611649472,_Base-UN-f1-99_loan_v1_v5_simulated_GATv2,_Base-UN-f1,99,train_grad_norm_struct_xattn,0,1781341929829,0.0
learn,GATv2,BaselineGATv2,52f73713e211451695967c00ca8a57d0,854778689611649472,_Base-UN-f1-99_loan_v1_v5_simulated_GATv2,_Base-UN-f1,99,train_grad_norm_struct_xattn,0,1781341929829,0.0
learn,GATv2,BaselineGATv2,52f73713e211451695967c00ca8a57d0,854778689611649472,_Base-UN-f1-99_loan_v1_v5_simulated_GATv2,_Base-UN-f1,99,train_grad_norm_struct_xattn,0,1781342024076,0.0
learn,GATv2,BaselineGATv2,52f73713e211451695967c00ca8a57d0,854778689611649472,_Base-UN-f1-99_loan_v1_v5_simulated_GATv2,_Base-UN-f1,99,train_grad_norm_struct_xattn,0,1781342024076,0.0
learn,GATv2,BaselineGATv2,52f73713e211451695967c00ca8a57d0,854778689611649472,_Base-UN-f1-99_loan_v1_v5_simulated_GATv2,_Base-UN-f1,99,train_grad_norm_struct_xattn,0,1781342123681,0.0
learn,GATv2,BaselineGATv2,52f73713e211451695967c00ca8a57d0,854778689611649472,_Base-UN-f1-99_loan_v1_v5_simulated_GATv2,_Base-UN-f1,99,train_grad_norm_struct_xattn,0,1781342123681,0.0
learn,GATv2,BaselineGATv2,52f73713e211451695967c00ca8a57d0,854778689611649472,_Base-UN-f1-99_loan_v1_v5_simulated_GATv2,_Base-UN-f1,99,train_grad_norm_struct_xattn,0,1781342228733,0.0
learn,GATv2,BaselineGATv2,52f73713e211451695967c00ca8a57d0,854778689611649472,_Base-UN-f1-99_loan_v1_v5_simulated_GATv2,_Base-UN-f1,99,train_grad_norm_struct_xattn,0,1781342228733,0.0
learn,GATv2,BaselineGATv2,52f73713e211451695967c00ca8a57d0,854778689611649472,_Base-UN-f1-99_loan_v1_v5_simulated_GATv2,_Base-UN-f1,99,train_grad_norm_struct_xattn,0,1781342317952,0.0
learn,GATv2,BaselineGATv2,52f73713e211451695967c00ca8a57d0,854778689611649472,_Base-UN-f1-99_loan_v1_v5_simulated_GATv2,_Base-UN-f1,99,train_grad_norm_struct_xattn,0,1781342317952,0.0
learn,GATv2,BaselineGATv2,52f73713e211451695967c00ca8a57d0,854778689611649472,_Base-UN-f1-99_loan_v1_v5_simulated_GATv2,_Base-UN-f1,99,train_grad_norm_struct_xattn,0,1781342421452,0.0
learn,GATv2,BaselineGATv2,52f73713e211451695967c00ca8a57d0,854778689611649472,_Base-UN-f1-99_loan_v1_v5_simulated_GATv2,_Base-UN-f1,99,train_grad_norm_struct_xattn,0,1781342421452,0.0
learn,GATv2,BaselineGATv2,52f73713e211451695967c00ca8a57d0,854778689611649472,_Base-UN-f1-99_loan_v1_v5_simulated_GATv2,_Base-UN-f1,99,train_grad_norm_struct_xattn,0,1781342520725,0.0
learn,GATv2,BaselineGATv2,52f73713e211451695967c00ca8a57d0,854778689611649472,_Base-UN-f1-99_loan_v1_v5_simulated_GATv2,_Base-UN-f1,99,train_grad_norm_struct_xattn,0,1781342520725,0.0
learn,GATv2,BaselineGATv2,52f73713e211451695967c00ca8a57d0,854778689611649472,_Base-UN-f1-99_loan_v1_v5_simulated_GATv2,_Base-UN-f1,99,train_grad_norm_struct_xattn,0,1781342602280,0.0
learn,GATv2,BaselineGATv2,52f73713e211451695967c00ca8a57d0,854778689611649472,_Base-UN-f1-99_loan_v1_v5_simulated_GATv2,_Base-UN-f1,99,train_grad_norm_struct_xattn,0,1781342602280,0.0
learn,GATv2,BaselineGATv2,52f73713e211451695967c00ca8a57d0,854778689611649472,_Base-UN-f1-99_loan_v1_v5_simulated_GATv2,_Base-UN-f1,99,train_grad_norm_struct_xattn,0,1781342681984,0.0
learn,GATv2,BaselineGATv2,52f73713e211451695967c00ca8a57d0,854778689611649472,_Base-UN-f1-99_loan_v1_v5_simulated_GATv2,_Base-UN-f1,99,train_grad_norm_struct_xattn,0,1781342681984,0.0
learn,GATv2,BaselineGATv2,52f73713e211451695967c00ca8a57d0,854778689611649472,_Base-UN-f1-99_loan_v1_v5_simulated_GATv2,_Base-UN-f1,99,train_grad_norm_struct_xattn,0,1781342763501,0.0
learn,GATv2,BaselineGATv2,52f73713e211451695967c00ca8a57d0,854778689611649472,_Base-UN-f1-99_loan_v1_v5_simulated_GATv2,_Base-UN-f1,99,train_grad_norm_struct_xattn,0,1781342763501,0.0
learn,GATv2,BaselineGATv2,52f73713e211451695967c00ca8a57d0,854778689611649472,_Base-UN-f1-99_loan_v1_v5_simulated_GATv2,_Base-UN-f1,99,train_grad_norm_struct_xattn,0,1781342853155,0.0
learn,GATv2,BaselineGATv2,52f73713e211451695967c00ca8a57d0,854778689611649472,_Base-UN-f1-99_loan_v1_v5_simulated_GATv2,_Base-UN-f1,99,train_grad_norm_struct_xattn,0,1781342853155,0.0
learn,GATv2,BaselineGATv2,52f73713e211451695967c00ca8a57d0,854778689611649472,_Base-UN-f1-99_loan_v1_v5_simulated_GATv2,_Base-UN-f1,99,train_grad_norm_struct_xattn,0,1781342934764,0.0
learn,GATv2,BaselineGATv2,52f73713e211451695967c00ca8a57d0,854778689611649472,_Base-UN-f1-99_loan_v1_v5_simulated_GATv2,_Base-UN-f1,99,train_grad_norm_struct_xattn,0,1781342934764,0.0
learn,GATv2,BaselineGATv2,52f73713e211451695967c00ca8a57d0,854778689611649472,_Base-UN-f1-99_loan_v1_v5_simulated_GATv2,_Base-UN-f1,99,train_grad_norm_struct_xattn,0,1781343025524,0.0
learn,GATv2,BaselineGATv2,52f73713e211451695967c00ca8a57d0,854778689611649472,_Base-UN-f1-99_loan_v1_v5_simulated_GATv2,_Base-UN-f1,99,train_grad_norm_struct_xattn,0,1781343025524,0.0
learn,GATv2,BaselineGATv2,52f73713e211451695967c00ca8a57d0,854778689611649472,_Base-UN-f1-99_loan_v1_v5_simulated_GATv2,_Base-UN-f1,99,train_grad_norm_struct_xattn,0,1781343106091,0.0
learn,GATv2,BaselineGATv2,52f73713e211451695967c00ca8a57d0,854778689611649472,_Base-UN-f1-99_loan_v1_v5_simulated_GATv2,_Base-UN-f1,99,train_grad_norm_struct_xattn,0,1781343106091,0.0
learn,GATv2,BaselineGATv2,52f73713e211451695967c00ca8a57d0,854778689611649472,_Base-UN-f1-99_loan_v1_v5_simulated_GATv2,_Base-UN-f1,99,train_grad_norm_struct_xattn,0,1781343187633,0.0
learn,GATv2,BaselineGATv2,52f73713e211451695967c00ca8a57d0,854778689611649472,_Base-UN-f1-99_loan_v1_v5_simulated_GATv2,_Base-UN-f1,99,train_grad_norm_struct_xattn,0,1781343187633,0.0
learn,GATv2,BaselineGATv2,52f73713e211451695967c00ca8a57d0,854778689611649472,_Base-UN-f1-99_loan_v1_v5_simulated_GATv2,_Base-UN-f1,99,train_grad_norm_struct_xattn,0,1781343268247,0.0
learn,GATv2,BaselineGATv2,52f73713e211451695967c00ca8a57d0,854778689611649472,_Base-UN-f1-99_loan_v1_v5_simulated_GATv2,_Base-UN-f1,99,train_grad_norm_struct_xattn,0,1781343268247,0.0
learn,GATv2,BaselineGATv2,52f73713e211451695967c00ca8a57d0,854778689611649472,_Base-UN-f1-99_loan_v1_v5_simulated_GATv2,_Base-UN-f1,99,train_grad_norm_struct_xattn,0,1781343349892,0.0
learn,GATv2,BaselineGATv2,52f73713e211451695967c00ca8a57d0,854778689611649472,_Base-UN-f1-99_loan_v1_v5_simulated_GATv2,_Base-UN-f1,99,train_grad_norm_struct_xattn,0,1781343349892,0.0
learn,GATv2,BaselineGATv2,52f73713e211451695967c00ca8a57d0,854778689611649472,_Base-UN-f1-99_loan_v1_v5_simulated_GATv2,_Base-UN-f1,99,train_grad_norm_struct_xattn,0,1781343429081,0.0
learn,GATv2,BaselineGATv2,52f73713e211451695967c00ca8a57d0,854778689611649472,_Base-UN-f1-99_loan_v1_v5_simulated_GATv2,_Base-UN-f1,99,train_grad_norm_struct_xattn,0,1781343429081,0.0
learn,GATv2,BaselineGATv2,52f73713e211451695967c00ca8a57d0,854778689611649472,_Base-UN-f1-99_loan_v1_v5_simulated_GATv2,_Base-UN-f1,99,train_grad_norm_struct_xattn,0,1781343510160,0.0
learn,GATv2,BaselineGATv2,52f73713e211451695967c00ca8a57d0,854778689611649472,_Base-UN-f1-99_loan_v1_v5_simulated_GATv2,_Base-UN-f1,99,train_grad_norm_struct_xattn,0,1781343510160,0.0
learn,GATv2,BaselineGATv2,52f73713e211451695967c00ca8a57d0,854778689611649472,_Base-UN-f1-99_loan_v1_v5_simulated_GATv2,_Base-UN-f1,99,train_grad_norm_struct_xattn,0,1781343590125,0.0
learn,GATv2,BaselineGATv2,52f73713e211451695967c00ca8a57d0,854778689611649472,_Base-UN-f1-99_loan_v1_v5_simulated_GATv2,_Base-UN-f1,99,train_grad_norm_struct_xattn,0,1781343590125,0.0
learn,GATv2,BaselineGATv2,52f73713e211451695967c00ca8a57d0,854778689611649472,_Base-UN-f1-99_loan_v1_v5_simulated_GATv2,_Base-UN-f1,99,train_grad_norm_struct_xattn,0,1781343669559,0.0
learn,GATv2,BaselineGATv2,52f73713e211451695967c00ca8a57d0,854778689611649472,_Base-UN-f1-99_loan_v1_v5_simulated_GATv2,_Base-UN-f1,99,train_grad_norm_struct_xattn,0,1781343669559,0.0
learn,GATv2,BaselineGATv2,52f73713e211451695967c00ca8a57d0,854778689611649472,_Base-UN-f1-99_loan_v1_v5_simulated_GATv2,_Base-UN-f1,99,train_grad_norm_struct_xattn,0,1781343749225,0.0
learn,GATv2,BaselineGATv2,52f73713e211451695967c00ca8a57d0,854778689611649472,_Base-UN-f1-99_loan_v1_v5_simulated_GATv2,_Base-UN-f1,99,train_grad_norm_struct_xattn,0,1781343749225,0.0
learn,GATv2,BaselineGATv2,52f73713e211451695967c00ca8a57d0,854778689611649472,_Base-UN-f1-99_loan_v1_v5_simulated_GATv2,_Base-UN-f1,99,train_grad_norm_struct_xattn,0,1781343830190,0.0
learn,GATv2,BaselineGATv2,52f73713e211451695967c00ca8a57d0,854778689611649472,_Base-UN-f1-99_loan_v1_v5_simulated_GATv2,_Base-UN-f1,99,train_grad_norm_struct_xattn,0,1781343830190,0.0
learn,GATv2,BaselineGATv2,52f73713e211451695967c00ca8a57d0,854778689611649472,_Base-UN-f1-99_loan_v1_v5_simulated_GATv2,_Base-UN-f1,99,train_grad_norm_struct_xattn,0,1781343910582,0.0
learn,GATv2,BaselineGATv2,52f73713e211451695967c00ca8a57d0,854778689611649472,_Base-UN-f1-99_loan_v1_v5_simulated_GATv2,_Base-UN-f1,99,train_grad_norm_struct_xattn,0,1781343910582,0.0
learn,GATv2,BaselineGATv2,52f73713e211451695967c00ca8a57d0,854778689611649472,_Base-UN-f1-99_loan_v1_v5_simulated_GATv2,_Base-UN-f1,99,train_grad_norm_struct_xattn,0,1781343990709,0.0
learn,GATv2,BaselineGATv2,52f73713e211451695967c00ca8a57d0,854778689611649472,_Base-UN-f1-99_loan_v1_v5_simulated_GATv2,_Base-UN-f1,99,train_grad_norm_struct_xattn,0,1781343990709,0.0
learn,GATv2,BaselineGATv2,52f73713e211451695967c00ca8a57d0,854778689611649472,_Base-UN-f1-99_loan_v1_v5_simulated_GATv2,_Base-UN-f1,99,train_grad_norm_struct_xattn,0,1781344074050,0.0
learn,GATv2,BaselineGATv2,52f73713e211451695967c00ca8a57d0,854778689611649472,_Base-UN-f1-99_loan_v1_v5_simulated_GATv2,_Base-UN-f1,99,train_grad_norm_struct_xattn,0,1781344074050,0.0
learn,GATv2,BaselineGATv2,52f73713e211451695967c00ca8a57d0,854778689611649472,_Base-UN-f1-99_loan_v1_v5_simulated_GATv2,_Base-UN-f1,99,train_grad_norm_struct_xattn,0,1781344156037,0.0
learn,GATv2,BaselineGATv2,52f73713e211451695967c00ca8a57d0,854778689611649472,_Base-UN-f1-99_loan_v1_v5_simulated_GATv2,_Base-UN-f1,99,train_grad_norm_struct_xattn,0,1781344156037,0.0
learn,GATv2,BaselineGATv2,52f73713e211451695967c00ca8a57d0,854778689611649472,_Base-UN-f1-99_loan_v1_v5_simulated_GATv2,_Base-UN-f1,99,train_grad_norm_struct_xattn,0,1781344236428,0.0
learn,GATv2,BaselineGATv2,52f73713e211451695967c00ca8a57d0,854778689611649472,_Base-UN-f1-99_loan_v1_v5_simulated_GATv2,_Base-UN-f1,99,train_grad_norm_struct_xattn,0,1781344236428,0.0
learn,GATv2,BaselineGATv2,52f73713e211451695967c00ca8a57d0,854778689611649472,_Base-UN-f1-99_loan_v1_v5_simulated_GATv2,_Base-UN-f1,99,train_grad_norm_struct_xattn,0,1781344315841,0.0
learn,GATv2,BaselineGATv2,52f73713e211451695967c00ca8a57d0,854778689611649472,_Base-UN-f1-99_loan_v1_v5_simulated_GATv2,_Base-UN-f1,99,train_grad_norm_struct_xattn,0,1781344315841,0.0
learn,GATv2,BaselineGATv2,52f73713e211451695967c00ca8a57d0,854778689611649472,_Base-UN-f1-99_loan_v1_v5_simulated_GATv2,_Base-UN-f1,99,train_grad_norm_struct_xattn,0,1781344396582,0.0
learn,GATv2,BaselineGATv2,52f73713e211451695967c00ca8a57d0,854778689611649472,_Base-UN-f1-99_loan_v1_v5_simulated_GATv2,_Base-UN-f1,99,train_grad_norm_struct_xattn,0,1781344396582,0.0
learn,GATv2,BaselineGATv2,52f73713e211451695967c00ca8a57d0,854778689611649472,_Base-UN-f1-99_loan_v1_v5_simulated_GATv2,_Base-UN-f1,99,train_grad_norm_struct_xattn,0,1781344476879,0.0
learn,GATv2,BaselineGATv2,52f73713e211451695967c00ca8a57d0,854778689611649472,_Base-UN-f1-99_loan_v1_v5_simulated_GATv2,_Base-UN-f1,99,train_grad_norm_struct_xattn,0,1781344476879,0.0
learn,GATv2,BaselineGATv2,6ede1f8547d64f9ca43d7c45efbd429f,854778689611649472,_Base-UN-f1-78_loan_v1_v5_simulated_GATv2,_Base-UN-f1,78,train_grad_norm_struct_xattn,0,1780932441679,0.0
learn,GATv2,BaselineGATv2,6ede1f8547d64f9ca43d7c45efbd429f,854778689611649472,_Base-UN-f1-78_loan_v1_v5_simulated_GATv2,_Base-UN-f1,78,train_grad_norm_struct_xattn,0,1780932441679,0.0
learn,GATv2,BaselineGATv2,6ede1f8547d64f9ca43d7c45efbd429f,854778689611649472,_Base-UN-f1-78_loan_v1_v5_simulated_GATv2,_Base-UN-f1,78,train_grad_norm_struct_xattn,0,1780932660623,0.0
learn,GATv2,BaselineGATv2,6ede1f8547d64f9ca43d7c45efbd429f,854778689611649472,_Base-UN-f1-78_loan_v1_v5_simulated_GATv2,_Base-UN-f1,78,train_grad_norm_struct_xattn,0,1780932660623,0.0
learn,GATv2,BaselineGATv2,6ede1f8547d64f9ca43d7c45efbd429f,854778689611649472,_Base-UN-f1-78_loan_v1_v5_simulated_GATv2,_Base-UN-f1,78,train_grad_norm_struct_xattn,0,1780932833824,0.0
learn,GATv2,BaselineGATv2,6ede1f8547d64f9ca43d7c45efbd429f,854778689611649472,_Base-UN-f1-78_loan_v1_v5_simulated_GATv2,_Base-UN-f1,78,train_grad_norm_struct_xattn,0,1780932833824,0.0
learn,GATv2,BaselineGATv2,6ede1f8547d64f9ca43d7c45efbd429f,854778689611649472,_Base-UN-f1-78_loan_v1_v5_simulated_GATv2,_Base-UN-f1,78,train_grad_norm_struct_xattn,0,1780933005367,0.0
learn,GATv2,BaselineGATv2,6ede1f8547d64f9ca43d7c45efbd429f,854778689611649472,_Base-UN-f1-78_loan_v1_v5_simulated_GATv2,_Base-UN-f1,78,train_grad_norm_struct_xattn,0,1780933005367,0.0
learn,GATv2,BaselineGATv2,6ede1f8547d64f9ca43d7c45efbd429f,854778689611649472,_Base-UN-f1-78_loan_v1_v5_simulated_GATv2,_Base-UN-f1,78,train_grad_norm_struct_xattn,0,1780933171973,0.0
learn,GATv2,BaselineGATv2,6ede1f8547d64f9ca43d7c45efbd429f,854778689611649472,_Base-UN-f1-78_loan_v1_v5_simulated_GATv2,_Base-UN-f1,78,train_grad_norm_struct_xattn,0,1780933171973,0.0
learn,GATv2,BaselineGATv2,6ede1f8547d64f9ca43d7c45efbd429f,854778689611649472,_Base-UN-f1-78_loan_v1_v5_simulated_GATv2,_Base-UN-f1,78,train_grad_norm_struct_xattn,0,1780933336625,0.0
learn,GATv2,BaselineGATv2,6ede1f8547d64f9ca43d7c45efbd429f,854778689611649472,_Base-UN-f1-78_loan_v1_v5_simulated_GATv2,_Base-UN-f1,78,train_grad_norm_struct_xattn,0,1780933336625,0.0
learn,GATv2,BaselineGATv2,6ede1f8547d64f9ca43d7c45efbd429f,854778689611649472,_Base-UN-f1-78_loan_v1_v5_simulated_GATv2,_Base-UN-f1,78,train_grad_norm_struct_xattn,0,1780933494164,0.0
learn,GATv2,BaselineGATv2,6ede1f8547d64f9ca43d7c45efbd429f,854778689611649472,_Base-UN-f1-78_loan_v1_v5_simulated_GATv2,_Base-UN-f1,78,train_grad_norm_struct_xattn,0,1780933494164,0.0
learn,GATv2,BaselineGATv2,6ede1f8547d64f9ca43d7c45efbd429f,854778689611649472,_Base-UN-f1-78_loan_v1_v5_simulated_GATv2,_Base-UN-f1,78,train_grad_norm_struct_xattn,0,1780933649477,0.0
learn,GATv2,BaselineGATv2,6ede1f8547d64f9ca43d7c45efbd429f,854778689611649472,_Base-UN-f1-78_loan_v1_v5_simulated_GATv2,_Base-UN-f1,78,train_grad_norm_struct_xattn,0,1780933649477,0.0
learn,GATv2,BaselineGATv2,6ede1f8547d64f9ca43d7c45efbd429f,854778689611649472,_Base-UN-f1-78_loan_v1_v5_simulated_GATv2,_Base-UN-f1,78,train_grad_norm_struct_xattn,0,1780933820490,0.0
learn,GATv2,BaselineGATv2,6ede1f8547d64f9ca43d7c45efbd429f,854778689611649472,_Base-UN-f1-78_loan_v1_v5_simulated_GATv2,_Base-UN-f1,78,train_grad_norm_struct_xattn,0,1780933820490,0.0
learn,GATv2,BaselineGATv2,6ede1f8547d64f9ca43d7c45efbd429f,854778689611649472,_Base-UN-f1-78_loan_v1_v5_simulated_GATv2,_Base-UN-f1,78,train_grad_norm_struct_xattn,0,1780933978933,0.0
learn,GATv2,BaselineGATv2,6ede1f8547d64f9ca43d7c45efbd429f,854778689611649472,_Base-UN-f1-78_loan_v1_v5_simulated_GATv2,_Base-UN-f1,78,train_grad_norm_struct_xattn,0,1780933978933,0.0
learn,GATv2,BaselineGATv2,6ede1f8547d64f9ca43d7c45efbd429f,854778689611649472,_Base-UN-f1-78_loan_v1_v5_simulated_GATv2,_Base-UN-f1,78,train_grad_norm_struct_xattn,0,1780934144724,0.0
learn,GATv2,BaselineGATv2,6ede1f8547d64f9ca43d7c45efbd429f,854778689611649472,_Base-UN-f1-78_loan_v1_v5_simulated_GATv2,_Base-UN-f1,78,train_grad_norm_struct_xattn,0,1780934144724,0.0
learn,GATv2,BaselineGATv2,6ede1f8547d64f9ca43d7c45efbd429f,854778689611649472,_Base-UN-f1-78_loan_v1_v5_simulated_GATv2,_Base-UN-f1,78,train_grad_norm_struct_xattn,0,1780934329563,0.0
learn,GATv2,BaselineGATv2,6ede1f8547d64f9ca43d7c45efbd429f,854778689611649472,_Base-UN-f1-78_loan_v1_v5_simulated_GATv2,_Base-UN-f1,78,train_grad_norm_struct_xattn,0,1780934329563,0.0
learn,GATv2,BaselineGATv2,6ede1f8547d64f9ca43d7c45efbd429f,854778689611649472,_Base-UN-f1-78_loan_v1_v5_simulated_GATv2,_Base-UN-f1,78,train_grad_norm_struct_xattn,0,1780934601498,0.0
learn,GATv2,BaselineGATv2,6ede1f8547d64f9ca43d7c45efbd429f,854778689611649472,_Base-UN-f1-78_loan_v1_v5_simulated_GATv2,_Base-UN-f1,78,train_grad_norm_struct_xattn,0,1780934601498,0.0
learn,GATv2,BaselineGATv2,6ede1f8547d64f9ca43d7c45efbd429f,854778689611649472,_Base-UN-f1-78_loan_v1_v5_simulated_GATv2,_Base-UN-f1,78,train_grad_norm_struct_xattn,0,1780934706034,0.0
learn,GATv2,BaselineGATv2,6ede1f8547d64f9ca43d7c45efbd429f,854778689611649472,_Base-UN-f1-78_loan_v1_v5_simulated_GATv2,_Base-UN-f1,78,train_grad_norm_struct_xattn,0,1780934706034,0.0
learn,GATv2,BaselineGATv2,6ede1f8547d64f9ca43d7c45efbd429f,854778689611649472,_Base-UN-f1-78_loan_v1_v5_simulated_GATv2,_Base-UN-f1,78,train_grad_norm_struct_xattn,0,1780934816720,0.0
learn,GATv2,BaselineGATv2,6ede1f8547d64f9ca43d7c45efbd429f,854778689611649472,_Base-UN-f1-78_loan_v1_v5_simulated_GATv2,_Base-UN-f1,78,train_grad_norm_struct_xattn,0,1780934816720,0.0
learn,GATv2,BaselineGATv2,6ede1f8547d64f9ca43d7c45efbd429f,854778689611649472,_Base-UN-f1-78_loan_v1_v5_simulated_GATv2,_Base-UN-f1,78,train_grad_norm_struct_xattn,0,1780934918364,0.0
learn,GATv2,BaselineGATv2,6ede1f8547d64f9ca43d7c45efbd429f,854778689611649472,_Base-UN-f1-78_loan_v1_v5_simulated_GATv2,_Base-UN-f1,78,train_grad_norm_struct_xattn,0,1780934918364,0.0
learn,GATv2,BaselineGATv2,6ede1f8547d64f9ca43d7c45efbd429f,854778689611649472,_Base-UN-f1-78_loan_v1_v5_simulated_GATv2,_Base-UN-f1,78,train_grad_norm_struct_xattn,0,1780935083505,0.0
learn,GATv2,BaselineGATv2,6ede1f8547d64f9ca43d7c45efbd429f,854778689611649472,_Base-UN-f1-78_loan_v1_v5_simulated_GATv2,_Base-UN-f1,78,train_grad_norm_struct_xattn,0,1780935083505,0.0
learn,GATv2,BaselineGATv2,6ede1f8547d64f9ca43d7c45efbd429f,854778689611649472,_Base-UN-f1-78_loan_v1_v5_simulated_GATv2,_Base-UN-f1,78,train_grad_norm_struct_xattn,0,1780935186288,0.0
learn,GATv2,BaselineGATv2,6ede1f8547d64f9ca43d7c45efbd429f,854778689611649472,_Base-UN-f1-78_loan_v1_v5_simulated_GATv2,_Base-UN-f1,78,train_grad_norm_struct_xattn,0,1780935186288,0.0
learn,GATv2,BaselineGATv2,6ede1f8547d64f9ca43d7c45efbd429f,854778689611649472,_Base-UN-f1-78_loan_v1_v5_simulated_GATv2,_Base-UN-f1,78,train_grad_norm_struct_xattn,0,1780935259187,0.0
learn,GATv2,BaselineGATv2,6ede1f8547d64f9ca43d7c45efbd429f,854778689611649472,_Base-UN-f1-78_loan_v1_v5_simulated_GATv2,_Base-UN-f1,78,train_grad_norm_struct_xattn,0,1780935259187,0.0
learn,GATv2,BaselineGATv2,6ede1f8547d64f9ca43d7c45efbd429f,854778689611649472,_Base-UN-f1-78_loan_v1_v5_simulated_GATv2,_Base-UN-f1,78,train_grad_norm_struct_xattn,0,1780935339259,0.0
learn,GATv2,BaselineGATv2,6ede1f8547d64f9ca43d7c45efbd429f,854778689611649472,_Base-UN-f1-78_loan_v1_v5_simulated_GATv2,_Base-UN-f1,78,train_grad_norm_struct_xattn,0,1780935339259,0.0
learn,GATv2,BaselineGATv2,6ede1f8547d64f9ca43d7c45efbd429f,854778689611649472,_Base-UN-f1-78_loan_v1_v5_simulated_GATv2,_Base-UN-f1,78,train_grad_norm_struct_xattn,0,1780935418811,0.0
learn,GATv2,BaselineGATv2,6ede1f8547d64f9ca43d7c45efbd429f,854778689611649472,_Base-UN-f1-78_loan_v1_v5_simulated_GATv2,_Base-UN-f1,78,train_grad_norm_struct_xattn,0,1780935418811,0.0
learn,GATv2,BaselineGATv2,6ede1f8547d64f9ca43d7c45efbd429f,854778689611649472,_Base-UN-f1-78_loan_v1_v5_simulated_GATv2,_Base-UN-f1,78,train_grad_norm_struct_xattn,0,1780935495955,0.0
learn,GATv2,BaselineGATv2,6ede1f8547d64f9ca43d7c45efbd429f,854778689611649472,_Base-UN-f1-78_loan_v1_v5_simulated_GATv2,_Base-UN-f1,78,train_grad_norm_struct_xattn,0,1780935495955,0.0
learn,GATv2,BaselineGATv2,6ede1f8547d64f9ca43d7c45efbd429f,854778689611649472,_Base-UN-f1-78_loan_v1_v5_simulated_GATv2,_Base-UN-f1,78,train_grad_norm_struct_xattn,0,1780935589749,0.0
learn,GATv2,BaselineGATv2,6ede1f8547d64f9ca43d7c45efbd429f,854778689611649472,_Base-UN-f1-78_loan_v1_v5_simulated_GATv2,_Base-UN-f1,78,train_grad_norm_struct_xattn,0,1780935589749,0.0
learn,GATv2,BaselineGATv2,6ede1f8547d64f9ca43d7c45efbd429f,854778689611649472,_Base-UN-f1-78_loan_v1_v5_simulated_GATv2,_Base-UN-f1,78,train_grad_norm_struct_xattn,0,1780935666856,0.0
learn,GATv2,BaselineGATv2,6ede1f8547d64f9ca43d7c45efbd429f,854778689611649472,_Base-UN-f1-78_loan_v1_v5_simulated_GATv2,_Base-UN-f1,78,train_grad_norm_struct_xattn,0,1780935666856,0.0
learn,GATv2,BaselineGATv2,6ede1f8547d64f9ca43d7c45efbd429f,854778689611649472,_Base-UN-f1-78_loan_v1_v5_simulated_GATv2,_Base-UN-f1,78,train_grad_norm_struct_xattn,0,1780935740599,0.0
learn,GATv2,BaselineGATv2,6ede1f8547d64f9ca43d7c45efbd429f,854778689611649472,_Base-UN-f1-78_loan_v1_v5_simulated_GATv2,_Base-UN-f1,78,train_grad_norm_struct_xattn,0,1780935740599,0.0
learn,GATv2,BaselineGATv2,6ede1f8547d64f9ca43d7c45efbd429f,854778689611649472,_Base-UN-f1-78_loan_v1_v5_simulated_GATv2,_Base-UN-f1,78,train_grad_norm_struct_xattn,0,1780935822260,0.0
learn,GATv2,BaselineGATv2,6ede1f8547d64f9ca43d7c45efbd429f,854778689611649472,_Base-UN-f1-78_loan_v1_v5_simulated_GATv2,_Base-UN-f1,78,train_grad_norm_struct_xattn,0,1780935822260,0.0
learn,GATv2,BaselineGATv2,6ede1f8547d64f9ca43d7c45efbd429f,854778689611649472,_Base-UN-f1-78_loan_v1_v5_simulated_GATv2,_Base-UN-f1,78,train_grad_norm_struct_xattn,0,1780935895582,0.0
learn,GATv2,BaselineGATv2,6ede1f8547d64f9ca43d7c45efbd429f,854778689611649472,_Base-UN-f1-78_loan_v1_v5_simulated_GATv2,_Base-UN-f1,78,train_grad_norm_struct_xattn,0,1780935895582,0.0
learn,GATv2,BaselineGATv2,6ede1f8547d64f9ca43d7c45efbd429f,854778689611649472,_Base-UN-f1-78_loan_v1_v5_simulated_GATv2,_Base-UN-f1,78,train_grad_norm_struct_xattn,0,1780935965873,0.0
learn,GATv2,BaselineGATv2,6ede1f8547d64f9ca43d7c45efbd429f,854778689611649472,_Base-UN-f1-78_loan_v1_v5_simulated_GATv2,_Base-UN-f1,78,train_grad_norm_struct_xattn,0,1780935965873,0.0
learn,GATv2,BaselineGATv2,6ede1f8547d64f9ca43d7c45efbd429f,854778689611649472,_Base-UN-f1-78_loan_v1_v5_simulated_GATv2,_Base-UN-f1,78,train_grad_norm_struct_xattn,0,1780936041537,0.0
learn,GATv2,BaselineGATv2,6ede1f8547d64f9ca43d7c45efbd429f,854778689611649472,_Base-UN-f1-78_loan_v1_v5_simulated_GATv2,_Base-UN-f1,78,train_grad_norm_struct_xattn,0,1780936041537,0.0
learn,GATv2,BaselineGATv2,6ede1f8547d64f9ca43d7c45efbd429f,854778689611649472,_Base-UN-f1-78_loan_v1_v5_simulated_GATv2,_Base-UN-f1,78,train_grad_norm_struct_xattn,0,1780936119727,0.0
learn,GATv2,BaselineGATv2,6ede1f8547d64f9ca43d7c45efbd429f,854778689611649472,_Base-UN-f1-78_loan_v1_v5_simulated_GATv2,_Base-UN-f1,78,train_grad_norm_struct_xattn,0,1780936119727,0.0
learn,GATv2,BaselineGATv2,6ede1f8547d64f9ca43d7c45efbd429f,854778689611649472,_Base-UN-f1-78_loan_v1_v5_simulated_GATv2,_Base-UN-f1,78,train_grad_norm_struct_xattn,0,1780936214204,0.0
learn,GATv2,BaselineGATv2,6ede1f8547d64f9ca43d7c45efbd429f,854778689611649472,_Base-UN-f1-78_loan_v1_v5_simulated_GATv2,_Base-UN-f1,78,train_grad_norm_struct_xattn,0,1780936214204,0.0
learn,GATv2,BaselineGATv2,6ede1f8547d64f9ca43d7c45efbd429f,854778689611649472,_Base-UN-f1-78_loan_v1_v5_simulated_GATv2,_Base-UN-f1,78,train_grad_norm_struct_xattn,0,1780936300512,0.0
learn,GATv2,BaselineGATv2,6ede1f8547d64f9ca43d7c45efbd429f,854778689611649472,_Base-UN-f1-78_loan_v1_v5_simulated_GATv2,_Base-UN-f1,78,train_grad_norm_struct_xattn,0,1780936300512,0.0
learn,GATv2,BaselineGATv2,6ede1f8547d64f9ca43d7c45efbd429f,854778689611649472,_Base-UN-f1-78_loan_v1_v5_simulated_GATv2,_Base-UN-f1,78,train_grad_norm_struct_xattn,0,1780936377320,0.0
learn,GATv2,BaselineGATv2,6ede1f8547d64f9ca43d7c45efbd429f,854778689611649472,_Base-UN-f1-78_loan_v1_v5_simulated_GATv2,_Base-UN-f1,78,train_grad_norm_struct_xattn,0,1780936377320,0.0
learn,GATv2,BaselineGATv2,6ede1f8547d64f9ca43d7c45efbd429f,854778689611649472,_Base-UN-f1-78_loan_v1_v5_simulated_GATv2,_Base-UN-f1,78,train_grad_norm_struct_xattn,0,1780936462698,0.0
learn,GATv2,BaselineGATv2,6ede1f8547d64f9ca43d7c45efbd429f,854778689611649472,_Base-UN-f1-78_loan_v1_v5_simulated_GATv2,_Base-UN-f1,78,train_grad_norm_struct_xattn,0,1780936462698,0.0
learn,GATv2,BaselineGATv2,6ede1f8547d64f9ca43d7c45efbd429f,854778689611649472,_Base-UN-f1-78_loan_v1_v5_simulated_GATv2,_Base-UN-f1,78,train_grad_norm_struct_xattn,0,1780936557053,0.0
learn,GATv2,BaselineGATv2,6ede1f8547d64f9ca43d7c45efbd429f,854778689611649472,_Base-UN-f1-78_loan_v1_v5_simulated_GATv2,_Base-UN-f1,78,train_grad_norm_struct_xattn,0,1780936557053,0.0
learn,GATv2,BaselineGATv2,6ede1f8547d64f9ca43d7c45efbd429f,854778689611649472,_Base-UN-f1-78_loan_v1_v5_simulated_GATv2,_Base-UN-f1,78,train_grad_norm_struct_xattn,0,1780936691564,0.0
learn,GATv2,BaselineGATv2,6ede1f8547d64f9ca43d7c45efbd429f,854778689611649472,_Base-UN-f1-78_loan_v1_v5_simulated_GATv2,_Base-UN-f1,78,train_grad_norm_struct_xattn,0,1780936691564,0.0
learn,GATv2,BaselineGATv2,6ede1f8547d64f9ca43d7c45efbd429f,854778689611649472,_Base-UN-f1-78_loan_v1_v5_simulated_GATv2,_Base-UN-f1,78,train_grad_norm_struct_xattn,0,1780936840578,0.0
learn,GATv2,BaselineGATv2,6ede1f8547d64f9ca43d7c45efbd429f,854778689611649472,_Base-UN-f1-78_loan_v1_v5_simulated_GATv2,_Base-UN-f1,78,train_grad_norm_struct_xattn,0,1780936840578,0.0
learn,GATv2,BaselineGATv2,6ede1f8547d64f9ca43d7c45efbd429f,854778689611649472,_Base-UN-f1-78_loan_v1_v5_simulated_GATv2,_Base-UN-f1,78,train_grad_norm_struct_xattn,0,1780936929857,0.0
learn,GATv2,BaselineGATv2,6ede1f8547d64f9ca43d7c45efbd429f,854778689611649472,_Base-UN-f1-78_loan_v1_v5_simulated_GATv2,_Base-UN-f1,78,train_grad_norm_struct_xattn,0,1780936929857,0.0
learn,GATv2,BaselineGATv2,6ede1f8547d64f9ca43d7c45efbd429f,854778689611649472,_Base-UN-f1-78_loan_v1_v5_simulated_GATv2,_Base-UN-f1,78,train_grad_norm_struct_xattn,0,1780937013549,0.0
learn,GATv2,BaselineGATv2,6ede1f8547d64f9ca43d7c45efbd429f,854778689611649472,_Base-UN-f1-78_loan_v1_v5_simulated_GATv2,_Base-UN-f1,78,train_grad_norm_struct_xattn,0,1780937013549,0.0
learn,GATv2,BaselineGATv2,6ede1f8547d64f9ca43d7c45efbd429f,854778689611649472,_Base-UN-f1-78_loan_v1_v5_simulated_GATv2,_Base-UN-f1,78,train_grad_norm_struct_xattn,0,1780937091139,0.0
learn,GATv2,BaselineGATv2,6ede1f8547d64f9ca43d7c45efbd429f,854778689611649472,_Base-UN-f1-78_loan_v1_v5_simulated_GATv2,_Base-UN-f1,78,train_grad_norm_struct_xattn,0,1780937091139,0.0
learn,GATv2,BaselineGATv2,bbb9ea80d692474a87731fdf952ebe1b,854778689611649472,_Base-UN-f1-42_loan_v1_v5_simulated_GATv2,_Base-UN-f1,42,train_grad_norm_struct_xattn,0,1780610328314,0.0
learn,GATv2,BaselineGATv2,bbb9ea80d692474a87731fdf952ebe1b,854778689611649472,_Base-UN-f1-42_loan_v1_v5_simulated_GATv2,_Base-UN-f1,42,train_grad_norm_struct_xattn,0,1780610328314,0.0
learn,GATv2,BaselineGATv2,bbb9ea80d692474a87731fdf952ebe1b,854778689611649472,_Base-UN-f1-42_loan_v1_v5_simulated_GATv2,_Base-UN-f1,42,train_grad_norm_struct_xattn,0,1780610427384,0.0
learn,GATv2,BaselineGATv2,bbb9ea80d692474a87731fdf952ebe1b,854778689611649472,_Base-UN-f1-42_loan_v1_v5_simulated_GATv2,_Base-UN-f1,42,train_grad_norm_struct_xattn,0,1780610427384,0.0
learn,GATv2,BaselineGATv2,bbb9ea80d692474a87731fdf952ebe1b,854778689611649472,_Base-UN-f1-42_loan_v1_v5_simulated_GATv2,_Base-UN-f1,42,train_grad_norm_struct_xattn,0,1780610498738,0.0
learn,GATv2,BaselineGATv2,bbb9ea80d692474a87731fdf952ebe1b,854778689611649472,_Base-UN-f1-42_loan_v1_v5_simulated_GATv2,_Base-UN-f1,42,train_grad_norm_struct_xattn,0,1780610498738,0.0
learn,GATv2,BaselineGATv2,bbb9ea80d692474a87731fdf952ebe1b,854778689611649472,_Base-UN-f1-42_loan_v1_v5_simulated_GATv2,_Base-UN-f1,42,train_grad_norm_struct_xattn,0,1780610573223,0.0
learn,GATv2,BaselineGATv2,bbb9ea80d692474a87731fdf952ebe1b,854778689611649472,_Base-UN-f1-42_loan_v1_v5_simulated_GATv2,_Base-UN-f1,42,train_grad_norm_struct_xattn,0,1780610573223,0.0
learn,GATv2,BaselineGATv2,bbb9ea80d692474a87731fdf952ebe1b,854778689611649472,_Base-UN-f1-42_loan_v1_v5_simulated_GATv2,_Base-UN-f1,42,train_grad_norm_struct_xattn,0,1780610644463,0.0
learn,GATv2,BaselineGATv2,bbb9ea80d692474a87731fdf952ebe1b,854778689611649472,_Base-UN-f1-42_loan_v1_v5_simulated_GATv2,_Base-UN-f1,42,train_grad_norm_struct_xattn,0,1780610644463,0.0
learn,GATv2,BaselineGATv2,bbb9ea80d692474a87731fdf952ebe1b,854778689611649472,_Base-UN-f1-42_loan_v1_v5_simulated_GATv2,_Base-UN-f1,42,train_grad_norm_struct_xattn,0,1780610715465,0.0
learn,GATv2,BaselineGATv2,bbb9ea80d692474a87731fdf952ebe1b,854778689611649472,_Base-UN-f1-42_loan_v1_v5_simulated_GATv2,_Base-UN-f1,42,train_grad_norm_struct_xattn,0,1780610715465,0.0
learn,GATv2,BaselineGATv2,bbb9ea80d692474a87731fdf952ebe1b,854778689611649472,_Base-UN-f1-42_loan_v1_v5_simulated_GATv2,_Base-UN-f1,42,train_grad_norm_struct_xattn,0,1780610785533,0.0
learn,GATv2,BaselineGATv2,bbb9ea80d692474a87731fdf952ebe1b,854778689611649472,_Base-UN-f1-42_loan_v1_v5_simulated_GATv2,_Base-UN-f1,42,train_grad_norm_struct_xattn,0,1780610785533,0.0
learn,GATv2,BaselineGATv2,bbb9ea80d692474a87731fdf952ebe1b,854778689611649472,_Base-UN-f1-42_loan_v1_v5_simulated_GATv2,_Base-UN-f1,42,train_grad_norm_struct_xattn,0,1780610856925,0.0
learn,GATv2,BaselineGATv2,bbb9ea80d692474a87731fdf952ebe1b,854778689611649472,_Base-UN-f1-42_loan_v1_v5_simulated_GATv2,_Base-UN-f1,42,train_grad_norm_struct_xattn,0,1780610856925,0.0
learn,GATv2,BaselineGATv2,bbb9ea80d692474a87731fdf952ebe1b,854778689611649472,_Base-UN-f1-42_loan_v1_v5_simulated_GATv2,_Base-UN-f1,42,train_grad_norm_struct_xattn,0,1780610928729,0.0
learn,GATv2,BaselineGATv2,bbb9ea80d692474a87731fdf952ebe1b,854778689611649472,_Base-UN-f1-42_loan_v1_v5_simulated_GATv2,_Base-UN-f1,42,train_grad_norm_struct_xattn,0,1780610928729,0.0
learn,GATv2,BaselineGATv2,bbb9ea80d692474a87731fdf952ebe1b,854778689611649472,_Base-UN-f1-42_loan_v1_v5_simulated_GATv2,_Base-UN-f1,42,train_grad_norm_struct_xattn,0,1780610999987,0.0
learn,GATv2,BaselineGATv2,bbb9ea80d692474a87731fdf952ebe1b,854778689611649472,_Base-UN-f1-42_loan_v1_v5_simulated_GATv2,_Base-UN-f1,42,train_grad_norm_struct_xattn,0,1780610999987,0.0
learn,GATv2,BaselineGATv2,bbb9ea80d692474a87731fdf952ebe1b,854778689611649472,_Base-UN-f1-42_loan_v1_v5_simulated_GATv2,_Base-UN-f1,42,train_grad_norm_struct_xattn,0,1780611071448,0.0
learn,GATv2,BaselineGATv2,bbb9ea80d692474a87731fdf952ebe1b,854778689611649472,_Base-UN-f1-42_loan_v1_v5_simulated_GATv2,_Base-UN-f1,42,train_grad_norm_struct_xattn,0,1780611071448,0.0
learn,GATv2,BaselineGATv2,bbb9ea80d692474a87731fdf952ebe1b,854778689611649472,_Base-UN-f1-42_loan_v1_v5_simulated_GATv2,_Base-UN-f1,42,train_grad_norm_struct_xattn,0,1780611145428,0.0
learn,GATv2,BaselineGATv2,bbb9ea80d692474a87731fdf952ebe1b,854778689611649472,_Base-UN-f1-42_loan_v1_v5_simulated_GATv2,_Base-UN-f1,42,train_grad_norm_struct_xattn,0,1780611145428,0.0
learn,GATv2,BaselineGATv2,bbb9ea80d692474a87731fdf952ebe1b,854778689611649472,_Base-UN-f1-42_loan_v1_v5_simulated_GATv2,_Base-UN-f1,42,train_grad_norm_struct_xattn,0,1780611216710,0.0
learn,GATv2,BaselineGATv2,bbb9ea80d692474a87731fdf952ebe1b,854778689611649472,_Base-UN-f1-42_loan_v1_v5_simulated_GATv2,_Base-UN-f1,42,train_grad_norm_struct_xattn,0,1780611216710,0.0
learn,GATv2,BaselineGATv2,bbb9ea80d692474a87731fdf952ebe1b,854778689611649472,_Base-UN-f1-42_loan_v1_v5_simulated_GATv2,_Base-UN-f1,42,train_grad_norm_struct_xattn,0,1780611287799,0.0
learn,GATv2,BaselineGATv2,bbb9ea80d692474a87731fdf952ebe1b,854778689611649472,_Base-UN-f1-42_loan_v1_v5_simulated_GATv2,_Base-UN-f1,42,train_grad_norm_struct_xattn,0,1780611287799,0.0
learn,GATv2,BaselineGATv2,bbb9ea80d692474a87731fdf952ebe1b,854778689611649472,_Base-UN-f1-42_loan_v1_v5_simulated_GATv2,_Base-UN-f1,42,train_grad_norm_struct_xattn,0,1780611359888,0.0
learn,GATv2,BaselineGATv2,bbb9ea80d692474a87731fdf952ebe1b,854778689611649472,_Base-UN-f1-42_loan_v1_v5_simulated_GATv2,_Base-UN-f1,42,train_grad_norm_struct_xattn,0,1780611359888,0.0
learn,GATv2,BaselineGATv2,bbb9ea80d692474a87731fdf952ebe1b,854778689611649472,_Base-UN-f1-42_loan_v1_v5_simulated_GATv2,_Base-UN-f1,42,train_grad_norm_struct_xattn,0,1780611430162,0.0
learn,GATv2,BaselineGATv2,bbb9ea80d692474a87731fdf952ebe1b,854778689611649472,_Base-UN-f1-42_loan_v1_v5_simulated_GATv2,_Base-UN-f1,42,train_grad_norm_struct_xattn,0,1780611430162,0.0
learn,GATv2,BaselineGATv2,bbb9ea80d692474a87731fdf952ebe1b,854778689611649472,_Base-UN-f1-42_loan_v1_v5_simulated_GATv2,_Base-UN-f1,42,train_grad_norm_struct_xattn,0,1780611500715,0.0
learn,GATv2,BaselineGATv2,bbb9ea80d692474a87731fdf952ebe1b,854778689611649472,_Base-UN-f1-42_loan_v1_v5_simulated_GATv2,_Base-UN-f1,42,train_grad_norm_struct_xattn,0,1780611500715,0.0
learn,GATv2,BaselineGATv2,bbb9ea80d692474a87731fdf952ebe1b,854778689611649472,_Base-UN-f1-42_loan_v1_v5_simulated_GATv2,_Base-UN-f1,42,train_grad_norm_struct_xattn,0,1780611571908,0.0
learn,GATv2,BaselineGATv2,bbb9ea80d692474a87731fdf952ebe1b,854778689611649472,_Base-UN-f1-42_loan_v1_v5_simulated_GATv2,_Base-UN-f1,42,train_grad_norm_struct_xattn,0,1780611571908,0.0
learn,GATv2,BaselineGATv2,bbb9ea80d692474a87731fdf952ebe1b,854778689611649472,_Base-UN-f1-42_loan_v1_v5_simulated_GATv2,_Base-UN-f1,42,train_grad_norm_struct_xattn,0,1780611643789,0.0
learn,GATv2,BaselineGATv2,bbb9ea80d692474a87731fdf952ebe1b,854778689611649472,_Base-UN-f1-42_loan_v1_v5_simulated_GATv2,_Base-UN-f1,42,train_grad_norm_struct_xattn,0,1780611643789,0.0
learn,GATv2,BaselineGATv2,bbb9ea80d692474a87731fdf952ebe1b,854778689611649472,_Base-UN-f1-42_loan_v1_v5_simulated_GATv2,_Base-UN-f1,42,train_grad_norm_struct_xattn,0,1780611715492,0.0
learn,GATv2,BaselineGATv2,bbb9ea80d692474a87731fdf952ebe1b,854778689611649472,_Base-UN-f1-42_loan_v1_v5_simulated_GATv2,_Base-UN-f1,42,train_grad_norm_struct_xattn,0,1780611715492,0.0
learn,GATv2,BaselineGATv2,bbb9ea80d692474a87731fdf952ebe1b,854778689611649472,_Base-UN-f1-42_loan_v1_v5_simulated_GATv2,_Base-UN-f1,42,train_grad_norm_struct_xattn,0,1780611786880,0.0
learn,GATv2,BaselineGATv2,bbb9ea80d692474a87731fdf952ebe1b,854778689611649472,_Base-UN-f1-42_loan_v1_v5_simulated_GATv2,_Base-UN-f1,42,train_grad_norm_struct_xattn,0,1780611786880,0.0
learn,GATv2,BaselineGATv2,bbb9ea80d692474a87731fdf952ebe1b,854778689611649472,_Base-UN-f1-42_loan_v1_v5_simulated_GATv2,_Base-UN-f1,42,train_grad_norm_struct_xattn,0,1780611858340,0.0
learn,GATv2,BaselineGATv2,bbb9ea80d692474a87731fdf952ebe1b,854778689611649472,_Base-UN-f1-42_loan_v1_v5_simulated_GATv2,_Base-UN-f1,42,train_grad_norm_struct_xattn,0,1780611858340,0.0
learn,GATv2,BaselineGATv2,bbb9ea80d692474a87731fdf952ebe1b,854778689611649472,_Base-UN-f1-42_loan_v1_v5_simulated_GATv2,_Base-UN-f1,42,train_grad_norm_struct_xattn,0,1780611929738,0.0
learn,GATv2,BaselineGATv2,bbb9ea80d692474a87731fdf952ebe1b,854778689611649472,_Base-UN-f1-42_loan_v1_v5_simulated_GATv2,_Base-UN-f1,42,train_grad_norm_struct_xattn,0,1780611929738,0.0
learn,GATv2,BaselineGATv2,bbb9ea80d692474a87731fdf952ebe1b,854778689611649472,_Base-UN-f1-42_loan_v1_v5_simulated_GATv2,_Base-UN-f1,42,train_grad_norm_struct_xattn,0,1780612000895,0.0
learn,GATv2,BaselineGATv2,bbb9ea80d692474a87731fdf952ebe1b,854778689611649472,_Base-UN-f1-42_loan_v1_v5_simulated_GATv2,_Base-UN-f1,42,train_grad_norm_struct_xattn,0,1780612000895,0.0
learn,GATv2,BaselineGATv2,bbb9ea80d692474a87731fdf952ebe1b,854778689611649472,_Base-UN-f1-42_loan_v1_v5_simulated_GATv2,_Base-UN-f1,42,train_grad_norm_struct_xattn,0,1780612071160,0.0
learn,GATv2,BaselineGATv2,bbb9ea80d692474a87731fdf952ebe1b,854778689611649472,_Base-UN-f1-42_loan_v1_v5_simulated_GATv2,_Base-UN-f1,42,train_grad_norm_struct_xattn,0,1780612071160,0.0
learn,GATv2,BaselineGATv2,bbb9ea80d692474a87731fdf952ebe1b,854778689611649472,_Base-UN-f1-42_loan_v1_v5_simulated_GATv2,_Base-UN-f1,42,train_grad_norm_struct_xattn,0,1780612143064,0.0
learn,GATv2,BaselineGATv2,bbb9ea80d692474a87731fdf952ebe1b,854778689611649472,_Base-UN-f1-42_loan_v1_v5_simulated_GATv2,_Base-UN-f1,42,train_grad_norm_struct_xattn,0,1780612143064,0.0
learn,GATv2,BaselineGATv2,bbb9ea80d692474a87731fdf952ebe1b,854778689611649472,_Base-UN-f1-42_loan_v1_v5_simulated_GATv2,_Base-UN-f1,42,train_grad_norm_struct_xattn,0,1780612216549,0.0
learn,GATv2,BaselineGATv2,bbb9ea80d692474a87731fdf952ebe1b,854778689611649472,_Base-UN-f1-42_loan_v1_v5_simulated_GATv2,_Base-UN-f1,42,train_grad_norm_struct_xattn,0,1780612216549,0.0
learn,GATv2,BaselineGATv2,bbb9ea80d692474a87731fdf952ebe1b,854778689611649472,_Base-UN-f1-42_loan_v1_v5_simulated_GATv2,_Base-UN-f1,42,train_grad_norm_struct_xattn,0,1780612288930,0.0
learn,GATv2,BaselineGATv2,bbb9ea80d692474a87731fdf952ebe1b,854778689611649472,_Base-UN-f1-42_loan_v1_v5_simulated_GATv2,_Base-UN-f1,42,train_grad_norm_struct_xattn,0,1780612288930,0.0
learn,GATv2,BaselineGATv2,bbb9ea80d692474a87731fdf952ebe1b,854778689611649472,_Base-UN-f1-42_loan_v1_v5_simulated_GATv2,_Base-UN-f1,42,train_grad_norm_struct_xattn,0,1780612361167,0.0
learn,GATv2,BaselineGATv2,bbb9ea80d692474a87731fdf952ebe1b,854778689611649472,_Base-UN-f1-42_loan_v1_v5_simulated_GATv2,_Base-UN-f1,42,train_grad_norm_struct_xattn,0,1780612361167,0.0
learn,GATv2,BaselineGATv2,bbb9ea80d692474a87731fdf952ebe1b,854778689611649472,_Base-UN-f1-42_loan_v1_v5_simulated_GATv2,_Base-UN-f1,42,train_grad_norm_struct_xattn,0,1780612432757,0.0
learn,GATv2,BaselineGATv2,bbb9ea80d692474a87731fdf952ebe1b,854778689611649472,_Base-UN-f1-42_loan_v1_v5_simulated_GATv2,_Base-UN-f1,42,train_grad_norm_struct_xattn,0,1780612432757,0.0
learn,GATv2,BaselineGATv2,bbb9ea80d692474a87731fdf952ebe1b,854778689611649472,_Base-UN-f1-42_loan_v1_v5_simulated_GATv2,_Base-UN-f1,42,train_grad_norm_struct_xattn,0,1780612505137,0.0
learn,GATv2,BaselineGATv2,bbb9ea80d692474a87731fdf952ebe1b,854778689611649472,_Base-UN-f1-42_loan_v1_v5_simulated_GATv2,_Base-UN-f1,42,train_grad_norm_struct_xattn,0,1780612505137,0.0
learn,GATv2,BaselineGATv2,bbb9ea80d692474a87731fdf952ebe1b,854778689611649472,_Base-UN-f1-42_loan_v1_v5_simulated_GATv2,_Base-UN-f1,42,train_grad_norm_struct_xattn,0,1780612578038,0.0
learn,GATv2,BaselineGATv2,bbb9ea80d692474a87731fdf952ebe1b,854778689611649472,_Base-UN-f1-42_loan_v1_v5_simulated_GATv2,_Base-UN-f1,42,train_grad_norm_struct_xattn,0,1780612578038,0.0
learn,GATv2,BaselineGATv2,bbb9ea80d692474a87731fdf952ebe1b,854778689611649472,_Base-UN-f1-42_loan_v1_v5_simulated_GATv2,_Base-UN-f1,42,train_grad_norm_struct_xattn,0,1780612650066,0.0
learn,GATv2,BaselineGATv2,bbb9ea80d692474a87731fdf952ebe1b,854778689611649472,_Base-UN-f1-42_loan_v1_v5_simulated_GATv2,_Base-UN-f1,42,train_grad_norm_struct_xattn,0,1780612650066,0.0
learn,GATv2,BaselineGATv2,bbb9ea80d692474a87731fdf952ebe1b,854778689611649472,_Base-UN-f1-42_loan_v1_v5_simulated_GATv2,_Base-UN-f1,42,train_grad_norm_struct_xattn,0,1780612721259,0.0
learn,GATv2,BaselineGATv2,bbb9ea80d692474a87731fdf952ebe1b,854778689611649472,_Base-UN-f1-42_loan_v1_v5_simulated_GATv2,_Base-UN-f1,42,train_grad_norm_struct_xattn,0,1780612721259,0.0
learn,GATv2,BaselineGATv2,bbb9ea80d692474a87731fdf952ebe1b,854778689611649472,_Base-UN-f1-42_loan_v1_v5_simulated_GATv2,_Base-UN-f1,42,train_grad_norm_struct_xattn,0,1780612797781,0.0
learn,GATv2,BaselineGATv2,bbb9ea80d692474a87731fdf952ebe1b,854778689611649472,_Base-UN-f1-42_loan_v1_v5_simulated_GATv2,_Base-UN-f1,42,train_grad_norm_struct_xattn,0,1780612797781,0.0
learn,GATv2,BaselineGATv2,bbb9ea80d692474a87731fdf952ebe1b,854778689611649472,_Base-UN-f1-42_loan_v1_v5_simulated_GATv2,_Base-UN-f1,42,train_grad_norm_struct_xattn,0,1780612872028,0.0
learn,GATv2,BaselineGATv2,bbb9ea80d692474a87731fdf952ebe1b,854778689611649472,_Base-UN-f1-42_loan_v1_v5_simulated_GATv2,_Base-UN-f1,42,train_grad_norm_struct_xattn,0,1780612872028,0.0
learn,GATv2,BaselineGATv2,bbb9ea80d692474a87731fdf952ebe1b,854778689611649472,_Base-UN-f1-42_loan_v1_v5_simulated_GATv2,_Base-UN-f1,42,train_grad_norm_struct_xattn,0,1780612944379,0.0
learn,GATv2,BaselineGATv2,bbb9ea80d692474a87731fdf952ebe1b,854778689611649472,_Base-UN-f1-42_loan_v1_v5_simulated_GATv2,_Base-UN-f1,42,train_grad_norm_struct_xattn,0,1780612944379,0.0
learn,GATv2,BaselineGATv2,bbb9ea80d692474a87731fdf952ebe1b,854778689611649472,_Base-UN-f1-42_loan_v1_v5_simulated_GATv2,_Base-UN-f1,42,train_grad_norm_struct_xattn,0,1780613016342,0.0
learn,GATv2,BaselineGATv2,bbb9ea80d692474a87731fdf952ebe1b,854778689611649472,_Base-UN-f1-42_loan_v1_v5_simulated_GATv2,_Base-UN-f1,42,train_grad_norm_struct_xattn,0,1780613016342,0.0
learn,GATv2,BaselineGATv2,bbb9ea80d692474a87731fdf952ebe1b,854778689611649472,_Base-UN-f1-42_loan_v1_v5_simulated_GATv2,_Base-UN-f1,42,train_grad_norm_struct_xattn,0,1780613087988,0.0
learn,GATv2,BaselineGATv2,bbb9ea80d692474a87731fdf952ebe1b,854778689611649472,_Base-UN-f1-42_loan_v1_v5_simulated_GATv2,_Base-UN-f1,42,train_grad_norm_struct_xattn,0,1780613087988,0.0
learn,GATv2,BaselineGATv2,bbb9ea80d692474a87731fdf952ebe1b,854778689611649472,_Base-UN-f1-42_loan_v1_v5_simulated_GATv2,_Base-UN-f1,42,train_grad_norm_struct_xattn,0,1780613159305,0.0
learn,GATv2,BaselineGATv2,bbb9ea80d692474a87731fdf952ebe1b,854778689611649472,_Base-UN-f1-42_loan_v1_v5_simulated_GATv2,_Base-UN-f1,42,train_grad_norm_struct_xattn,0,1780613159305,0.0
learn,GATv2,BaselineGATv2,bbb9ea80d692474a87731fdf952ebe1b,854778689611649472,_Base-UN-f1-42_loan_v1_v5_simulated_GATv2,_Base-UN-f1,42,train_grad_norm_struct_xattn,0,1780613231902,0.0
learn,GATv2,BaselineGATv2,bbb9ea80d692474a87731fdf952ebe1b,854778689611649472,_Base-UN-f1-42_loan_v1_v5_simulated_GATv2,_Base-UN-f1,42,train_grad_norm_struct_xattn,0,1780613231902,0.0
learn,GATv2,BaselineGATv2,bbb9ea80d692474a87731fdf952ebe1b,854778689611649472,_Base-UN-f1-42_loan_v1_v5_simulated_GATv2,_Base-UN-f1,42,train_grad_norm_struct_xattn,0,1780613311707,0.0
learn,GATv2,BaselineGATv2,bbb9ea80d692474a87731fdf952ebe1b,854778689611649472,_Base-UN-f1-42_loan_v1_v5_simulated_GATv2,_Base-UN-f1,42,train_grad_norm_struct_xattn,0,1780613311707,0.0
learn,GATv2,BaselineGATv2,bbb9ea80d692474a87731fdf952ebe1b,854778689611649472,_Base-UN-f1-42_loan_v1_v5_simulated_GATv2,_Base-UN-f1,42,train_grad_norm_struct_xattn,0,1780613386599,0.0
learn,GATv2,BaselineGATv2,bbb9ea80d692474a87731fdf952ebe1b,854778689611649472,_Base-UN-f1-42_loan_v1_v5_simulated_GATv2,_Base-UN-f1,42,train_grad_norm_struct_xattn,0,1780613386599,0.0
learn,GATv2,BaselineGATv2,bbb9ea80d692474a87731fdf952ebe1b,854778689611649472,_Base-UN-f1-42_loan_v1_v5_simulated_GATv2,_Base-UN-f1,42,train_grad_norm_struct_xattn,0,1780613457538,0.0
learn,GATv2,BaselineGATv2,bbb9ea80d692474a87731fdf952ebe1b,854778689611649472,_Base-UN-f1-42_loan_v1_v5_simulated_GATv2,_Base-UN-f1,42,train_grad_norm_struct_xattn,0,1780613457538,0.0
learn,GATv2,BaselineGATv2,bbb9ea80d692474a87731fdf952ebe1b,854778689611649472,_Base-UN-f1-42_loan_v1_v5_simulated_GATv2,_Base-UN-f1,42,train_grad_norm_struct_xattn,0,1780613529206,0.0
learn,GATv2,BaselineGATv2,bbb9ea80d692474a87731fdf952ebe1b,854778689611649472,_Base-UN-f1-42_loan_v1_v5_simulated_GATv2,_Base-UN-f1,42,train_grad_norm_struct_xattn,0,1780613529206,0.0
learn,GATv2,BaselineGATv2,bbb9ea80d692474a87731fdf952ebe1b,854778689611649472,_Base-UN-f1-42_loan_v1_v5_simulated_GATv2,_Base-UN-f1,42,train_grad_norm_struct_xattn,0,1780613600093,0.0
learn,GATv2,BaselineGATv2,bbb9ea80d692474a87731fdf952ebe1b,854778689611649472,_Base-UN-f1-42_loan_v1_v5_simulated_GATv2,_Base-UN-f1,42,train_grad_norm_struct_xattn,0,1780613600093,0.0
learn,GATv2,BaselineGATv2,bbb9ea80d692474a87731fdf952ebe1b,854778689611649472,_Base-UN-f1-42_loan_v1_v5_simulated_GATv2,_Base-UN-f1,42,train_grad_norm_struct_xattn,0,1780613671268,0.0
learn,GATv2,BaselineGATv2,bbb9ea80d692474a87731fdf952ebe1b,854778689611649472,_Base-UN-f1-42_loan_v1_v5_simulated_GATv2,_Base-UN-f1,42,train_grad_norm_struct_xattn,0,1780613671268,0.0
learn,GATv2,BaselineGATv2,bbb9ea80d692474a87731fdf952ebe1b,854778689611649472,_Base-UN-f1-42_loan_v1_v5_simulated_GATv2,_Base-UN-f1,42,train_grad_norm_struct_xattn,0,1780613742897,0.0
learn,GATv2,BaselineGATv2,bbb9ea80d692474a87731fdf952ebe1b,854778689611649472,_Base-UN-f1-42_loan_v1_v5_simulated_GATv2,_Base-UN-f1,42,train_grad_norm_struct_xattn,0,1780613742897,0.0
learn,GATv2,BaselineGATv2,bbb9ea80d692474a87731fdf952ebe1b,854778689611649472,_Base-UN-f1-42_loan_v1_v5_simulated_GATv2,_Base-UN-f1,42,train_grad_norm_struct_xattn,0,1780613814594,0.0
learn,GATv2,BaselineGATv2,bbb9ea80d692474a87731fdf952ebe1b,854778689611649472,_Base-UN-f1-42_loan_v1_v5_simulated_GATv2,_Base-UN-f1,42,train_grad_norm_struct_xattn,0,1780613814594,0.0
learn,GATv2,BaselineGATv2,bbb9ea80d692474a87731fdf952ebe1b,854778689611649472,_Base-UN-f1-42_loan_v1_v5_simulated_GATv2,_Base-UN-f1,42,train_grad_norm_struct_xattn,0,1780613885788,0.0
learn,GATv2,BaselineGATv2,bbb9ea80d692474a87731fdf952ebe1b,854778689611649472,_Base-UN-f1-42_loan_v1_v5_simulated_GATv2,_Base-UN-f1,42,train_grad_norm_struct_xattn,0,1780613885788,0.0
learn,GATv2+Mask,BaselineGATv2Mask,477ddf290447423086388425acd95d46,854778689611649472,_Base-MN-f1-13_loan_v1_v5_simulated_GATv2,_Base-MN-f1,13,train_grad_norm_struct_xattn,0,1781278444601,0.0
learn,GATv2+Mask,BaselineGATv2Mask,477ddf290447423086388425acd95d46,854778689611649472,_Base-MN-f1-13_loan_v1_v5_simulated_GATv2,_Base-MN-f1,13,train_grad_norm_struct_xattn,0,1781278444601,0.0
learn,GATv2+Mask,BaselineGATv2Mask,477ddf290447423086388425acd95d46,854778689611649472,_Base-MN-f1-13_loan_v1_v5_simulated_GATv2,_Base-MN-f1,13,train_grad_norm_struct_xattn,0,1781278544959,0.0
learn,GATv2+Mask,BaselineGATv2Mask,477ddf290447423086388425acd95d46,854778689611649472,_Base-MN-f1-13_loan_v1_v5_simulated_GATv2,_Base-MN-f1,13,train_grad_norm_struct_xattn,0,1781278544959,0.0
learn,GATv2+Mask,BaselineGATv2Mask,477ddf290447423086388425acd95d46,854778689611649472,_Base-MN-f1-13_loan_v1_v5_simulated_GATv2,_Base-MN-f1,13,train_grad_norm_struct_xattn,0,1781278627105,0.0
learn,GATv2+Mask,BaselineGATv2Mask,477ddf290447423086388425acd95d46,854778689611649472,_Base-MN-f1-13_loan_v1_v5_simulated_GATv2,_Base-MN-f1,13,train_grad_norm_struct_xattn,0,1781278627105,0.0
learn,GATv2+Mask,BaselineGATv2Mask,477ddf290447423086388425acd95d46,854778689611649472,_Base-MN-f1-13_loan_v1_v5_simulated_GATv2,_Base-MN-f1,13,train_grad_norm_struct_xattn,0,1781278709625,0.0
learn,GATv2+Mask,BaselineGATv2Mask,477ddf290447423086388425acd95d46,854778689611649472,_Base-MN-f1-13_loan_v1_v5_simulated_GATv2,_Base-MN-f1,13,train_grad_norm_struct_xattn,0,1781278709625,0.0
learn,GATv2+Mask,BaselineGATv2Mask,477ddf290447423086388425acd95d46,854778689611649472,_Base-MN-f1-13_loan_v1_v5_simulated_GATv2,_Base-MN-f1,13,train_grad_norm_struct_xattn,0,1781278792067,0.0
learn,GATv2+Mask,BaselineGATv2Mask,477ddf290447423086388425acd95d46,854778689611649472,_Base-MN-f1-13_loan_v1_v5_simulated_GATv2,_Base-MN-f1,13,train_grad_norm_struct_xattn,0,1781278792067,0.0
learn,GATv2+Mask,BaselineGATv2Mask,477ddf290447423086388425acd95d46,854778689611649472,_Base-MN-f1-13_loan_v1_v5_simulated_GATv2,_Base-MN-f1,13,train_grad_norm_struct_xattn,0,1781278874507,0.0
learn,GATv2+Mask,BaselineGATv2Mask,477ddf290447423086388425acd95d46,854778689611649472,_Base-MN-f1-13_loan_v1_v5_simulated_GATv2,_Base-MN-f1,13,train_grad_norm_struct_xattn,0,1781278874507,0.0
learn,GATv2+Mask,BaselineGATv2Mask,477ddf290447423086388425acd95d46,854778689611649472,_Base-MN-f1-13_loan_v1_v5_simulated_GATv2,_Base-MN-f1,13,train_grad_norm_struct_xattn,0,1781278956406,0.0
learn,GATv2+Mask,BaselineGATv2Mask,477ddf290447423086388425acd95d46,854778689611649472,_Base-MN-f1-13_loan_v1_v5_simulated_GATv2,_Base-MN-f1,13,train_grad_norm_struct_xattn,0,1781278956406,0.0
learn,GATv2+Mask,BaselineGATv2Mask,477ddf290447423086388425acd95d46,854778689611649472,_Base-MN-f1-13_loan_v1_v5_simulated_GATv2,_Base-MN-f1,13,train_grad_norm_struct_xattn,0,1781279042470,0.0
learn,GATv2+Mask,BaselineGATv2Mask,477ddf290447423086388425acd95d46,854778689611649472,_Base-MN-f1-13_loan_v1_v5_simulated_GATv2,_Base-MN-f1,13,train_grad_norm_struct_xattn,0,1781279042470,0.0
learn,GATv2+Mask,BaselineGATv2Mask,477ddf290447423086388425acd95d46,854778689611649472,_Base-MN-f1-13_loan_v1_v5_simulated_GATv2,_Base-MN-f1,13,train_grad_norm_struct_xattn,0,1781279125202,0.0
learn,GATv2+Mask,BaselineGATv2Mask,477ddf290447423086388425acd95d46,854778689611649472,_Base-MN-f1-13_loan_v1_v5_simulated_GATv2,_Base-MN-f1,13,train_grad_norm_struct_xattn,0,1781279125202,0.0
learn,GATv2+Mask,BaselineGATv2Mask,477ddf290447423086388425acd95d46,854778689611649472,_Base-MN-f1-13_loan_v1_v5_simulated_GATv2,_Base-MN-f1,13,train_grad_norm_struct_xattn,0,1781279207842,0.0
learn,GATv2+Mask,BaselineGATv2Mask,477ddf290447423086388425acd95d46,854778689611649472,_Base-MN-f1-13_loan_v1_v5_simulated_GATv2,_Base-MN-f1,13,train_grad_norm_struct_xattn,0,1781279207842,0.0
learn,GATv2+Mask,BaselineGATv2Mask,477ddf290447423086388425acd95d46,854778689611649472,_Base-MN-f1-13_loan_v1_v5_simulated_GATv2,_Base-MN-f1,13,train_grad_norm_struct_xattn,0,1781279290579,0.0
learn,GATv2+Mask,BaselineGATv2Mask,477ddf290447423086388425acd95d46,854778689611649472,_Base-MN-f1-13_loan_v1_v5_simulated_GATv2,_Base-MN-f1,13,train_grad_norm_struct_xattn,0,1781279290579,0.0
learn,GATv2+Mask,BaselineGATv2Mask,477ddf290447423086388425acd95d46,854778689611649472,_Base-MN-f1-13_loan_v1_v5_simulated_GATv2,_Base-MN-f1,13,train_grad_norm_struct_xattn,0,1781279373745,0.0
learn,GATv2+Mask,BaselineGATv2Mask,477ddf290447423086388425acd95d46,854778689611649472,_Base-MN-f1-13_loan_v1_v5_simulated_GATv2,_Base-MN-f1,13,train_grad_norm_struct_xattn,0,1781279373745,0.0
learn,GATv2+Mask,BaselineGATv2Mask,477ddf290447423086388425acd95d46,854778689611649472,_Base-MN-f1-13_loan_v1_v5_simulated_GATv2,_Base-MN-f1,13,train_grad_norm_struct_xattn,0,1781279456750,0.0
learn,GATv2+Mask,BaselineGATv2Mask,477ddf290447423086388425acd95d46,854778689611649472,_Base-MN-f1-13_loan_v1_v5_simulated_GATv2,_Base-MN-f1,13,train_grad_norm_struct_xattn,0,1781279456750,0.0
learn,GATv2+Mask,BaselineGATv2Mask,477ddf290447423086388425acd95d46,854778689611649472,_Base-MN-f1-13_loan_v1_v5_simulated_GATv2,_Base-MN-f1,13,train_grad_norm_struct_xattn,0,1781279539861,0.0
learn,GATv2+Mask,BaselineGATv2Mask,477ddf290447423086388425acd95d46,854778689611649472,_Base-MN-f1-13_loan_v1_v5_simulated_GATv2,_Base-MN-f1,13,train_grad_norm_struct_xattn,0,1781279539861,0.0
learn,GATv2+Mask,BaselineGATv2Mask,477ddf290447423086388425acd95d46,854778689611649472,_Base-MN-f1-13_loan_v1_v5_simulated_GATv2,_Base-MN-f1,13,train_grad_norm_struct_xattn,0,1781279621658,0.0
learn,GATv2+Mask,BaselineGATv2Mask,477ddf290447423086388425acd95d46,854778689611649472,_Base-MN-f1-13_loan_v1_v5_simulated_GATv2,_Base-MN-f1,13,train_grad_norm_struct_xattn,0,1781279621658,0.0
learn,GATv2+Mask,BaselineGATv2Mask,477ddf290447423086388425acd95d46,854778689611649472,_Base-MN-f1-13_loan_v1_v5_simulated_GATv2,_Base-MN-f1,13,train_grad_norm_struct_xattn,0,1781279704503,0.0
learn,GATv2+Mask,BaselineGATv2Mask,477ddf290447423086388425acd95d46,854778689611649472,_Base-MN-f1-13_loan_v1_v5_simulated_GATv2,_Base-MN-f1,13,train_grad_norm_struct_xattn,0,1781279704503,0.0
learn,GATv2+Mask,BaselineGATv2Mask,477ddf290447423086388425acd95d46,854778689611649472,_Base-MN-f1-13_loan_v1_v5_simulated_GATv2,_Base-MN-f1,13,train_grad_norm_struct_xattn,0,1781279787821,0.0
learn,GATv2+Mask,BaselineGATv2Mask,477ddf290447423086388425acd95d46,854778689611649472,_Base-MN-f1-13_loan_v1_v5_simulated_GATv2,_Base-MN-f1,13,train_grad_norm_struct_xattn,0,1781279787821,0.0
learn,GATv2+Mask,BaselineGATv2Mask,477ddf290447423086388425acd95d46,854778689611649472,_Base-MN-f1-13_loan_v1_v5_simulated_GATv2,_Base-MN-f1,13,train_grad_norm_struct_xattn,0,1781279870260,0.0
learn,GATv2+Mask,BaselineGATv2Mask,477ddf290447423086388425acd95d46,854778689611649472,_Base-MN-f1-13_loan_v1_v5_simulated_GATv2,_Base-MN-f1,13,train_grad_norm_struct_xattn,0,1781279870260,0.0
learn,GATv2+Mask,BaselineGATv2Mask,477ddf290447423086388425acd95d46,854778689611649472,_Base-MN-f1-13_loan_v1_v5_simulated_GATv2,_Base-MN-f1,13,train_grad_norm_struct_xattn,0,1781279953442,0.0
learn,GATv2+Mask,BaselineGATv2Mask,477ddf290447423086388425acd95d46,854778689611649472,_Base-MN-f1-13_loan_v1_v5_simulated_GATv2,_Base-MN-f1,13,train_grad_norm_struct_xattn,0,1781279953442,0.0
learn,GATv2+Mask,BaselineGATv2Mask,477ddf290447423086388425acd95d46,854778689611649472,_Base-MN-f1-13_loan_v1_v5_simulated_GATv2,_Base-MN-f1,13,train_grad_norm_struct_xattn,0,1781280035724,0.0
learn,GATv2+Mask,BaselineGATv2Mask,477ddf290447423086388425acd95d46,854778689611649472,_Base-MN-f1-13_loan_v1_v5_simulated_GATv2,_Base-MN-f1,13,train_grad_norm_struct_xattn,0,1781280035724,0.0
learn,GATv2+Mask,BaselineGATv2Mask,477ddf290447423086388425acd95d46,854778689611649472,_Base-MN-f1-13_loan_v1_v5_simulated_GATv2,_Base-MN-f1,13,train_grad_norm_struct_xattn,0,1781280118051,0.0
learn,GATv2+Mask,BaselineGATv2Mask,477ddf290447423086388425acd95d46,854778689611649472,_Base-MN-f1-13_loan_v1_v5_simulated_GATv2,_Base-MN-f1,13,train_grad_norm_struct_xattn,0,1781280118051,0.0
learn,GATv2+Mask,BaselineGATv2Mask,477ddf290447423086388425acd95d46,854778689611649472,_Base-MN-f1-13_loan_v1_v5_simulated_GATv2,_Base-MN-f1,13,train_grad_norm_struct_xattn,0,1781280200563,0.0
learn,GATv2+Mask,BaselineGATv2Mask,477ddf290447423086388425acd95d46,854778689611649472,_Base-MN-f1-13_loan_v1_v5_simulated_GATv2,_Base-MN-f1,13,train_grad_norm_struct_xattn,0,1781280200563,0.0
learn,GATv2+Mask,BaselineGATv2Mask,477ddf290447423086388425acd95d46,854778689611649472,_Base-MN-f1-13_loan_v1_v5_simulated_GATv2,_Base-MN-f1,13,train_grad_norm_struct_xattn,0,1781280283655,0.0
learn,GATv2+Mask,BaselineGATv2Mask,477ddf290447423086388425acd95d46,854778689611649472,_Base-MN-f1-13_loan_v1_v5_simulated_GATv2,_Base-MN-f1,13,train_grad_norm_struct_xattn,0,1781280283655,0.0
learn,GATv2+Mask,BaselineGATv2Mask,48e638d369504463b16fb3f11d14da88,854778689611649472,_Base-MN-f1-78_loan_v1_v5_simulated_GATv2,_Base-MN-f1,78,train_grad_norm_struct_xattn,0,1781284718929,0.0
learn,GATv2+Mask,BaselineGATv2Mask,48e638d369504463b16fb3f11d14da88,854778689611649472,_Base-MN-f1-78_loan_v1_v5_simulated_GATv2,_Base-MN-f1,78,train_grad_norm_struct_xattn,0,1781284718929,0.0
learn,GATv2+Mask,BaselineGATv2Mask,48e638d369504463b16fb3f11d14da88,854778689611649472,_Base-MN-f1-78_loan_v1_v5_simulated_GATv2,_Base-MN-f1,78,train_grad_norm_struct_xattn,0,1781284828127,0.0
learn,GATv2+Mask,BaselineGATv2Mask,48e638d369504463b16fb3f11d14da88,854778689611649472,_Base-MN-f1-78_loan_v1_v5_simulated_GATv2,_Base-MN-f1,78,train_grad_norm_struct_xattn,0,1781284828127,0.0
learn,GATv2+Mask,BaselineGATv2Mask,48e638d369504463b16fb3f11d14da88,854778689611649472,_Base-MN-f1-78_loan_v1_v5_simulated_GATv2,_Base-MN-f1,78,train_grad_norm_struct_xattn,0,1781284918582,0.0
learn,GATv2+Mask,BaselineGATv2Mask,48e638d369504463b16fb3f11d14da88,854778689611649472,_Base-MN-f1-78_loan_v1_v5_simulated_GATv2,_Base-MN-f1,78,train_grad_norm_struct_xattn,0,1781284918582,0.0
learn,GATv2+Mask,BaselineGATv2Mask,48e638d369504463b16fb3f11d14da88,854778689611649472,_Base-MN-f1-78_loan_v1_v5_simulated_GATv2,_Base-MN-f1,78,train_grad_norm_struct_xattn,0,1781285001077,0.0
learn,GATv2+Mask,BaselineGATv2Mask,48e638d369504463b16fb3f11d14da88,854778689611649472,_Base-MN-f1-78_loan_v1_v5_simulated_GATv2,_Base-MN-f1,78,train_grad_norm_struct_xattn,0,1781285001077,0.0
learn,GATv2+Mask,BaselineGATv2Mask,48e638d369504463b16fb3f11d14da88,854778689611649472,_Base-MN-f1-78_loan_v1_v5_simulated_GATv2,_Base-MN-f1,78,train_grad_norm_struct_xattn,0,1781285082907,0.0
learn,GATv2+Mask,BaselineGATv2Mask,48e638d369504463b16fb3f11d14da88,854778689611649472,_Base-MN-f1-78_loan_v1_v5_simulated_GATv2,_Base-MN-f1,78,train_grad_norm_struct_xattn,0,1781285082907,0.0
learn,GATv2+Mask,BaselineGATv2Mask,48e638d369504463b16fb3f11d14da88,854778689611649472,_Base-MN-f1-78_loan_v1_v5_simulated_GATv2,_Base-MN-f1,78,train_grad_norm_struct_xattn,0,1781285166665,0.0
learn,GATv2+Mask,BaselineGATv2Mask,48e638d369504463b16fb3f11d14da88,854778689611649472,_Base-MN-f1-78_loan_v1_v5_simulated_GATv2,_Base-MN-f1,78,train_grad_norm_struct_xattn,0,1781285166665,0.0
learn,GATv2+Mask,BaselineGATv2Mask,48e638d369504463b16fb3f11d14da88,854778689611649472,_Base-MN-f1-78_loan_v1_v5_simulated_GATv2,_Base-MN-f1,78,train_grad_norm_struct_xattn,0,1781285248693,0.0
learn,GATv2+Mask,BaselineGATv2Mask,48e638d369504463b16fb3f11d14da88,854778689611649472,_Base-MN-f1-78_loan_v1_v5_simulated_GATv2,_Base-MN-f1,78,train_grad_norm_struct_xattn,0,1781285248693,0.0
learn,GATv2+Mask,BaselineGATv2Mask,48e638d369504463b16fb3f11d14da88,854778689611649472,_Base-MN-f1-78_loan_v1_v5_simulated_GATv2,_Base-MN-f1,78,train_grad_norm_struct_xattn,0,1781285331140,0.0
learn,GATv2+Mask,BaselineGATv2Mask,48e638d369504463b16fb3f11d14da88,854778689611649472,_Base-MN-f1-78_loan_v1_v5_simulated_GATv2,_Base-MN-f1,78,train_grad_norm_struct_xattn,0,1781285331140,0.0
learn,GATv2+Mask,BaselineGATv2Mask,48e638d369504463b16fb3f11d14da88,854778689611649472,_Base-MN-f1-78_loan_v1_v5_simulated_GATv2,_Base-MN-f1,78,train_grad_norm_struct_xattn,0,1781285414283,0.0
learn,GATv2+Mask,BaselineGATv2Mask,48e638d369504463b16fb3f11d14da88,854778689611649472,_Base-MN-f1-78_loan_v1_v5_simulated_GATv2,_Base-MN-f1,78,train_grad_norm_struct_xattn,0,1781285414283,0.0
learn,GATv2+Mask,BaselineGATv2Mask,48e638d369504463b16fb3f11d14da88,854778689611649472,_Base-MN-f1-78_loan_v1_v5_simulated_GATv2,_Base-MN-f1,78,train_grad_norm_struct_xattn,0,1781285496006,0.0
learn,GATv2+Mask,BaselineGATv2Mask,48e638d369504463b16fb3f11d14da88,854778689611649472,_Base-MN-f1-78_loan_v1_v5_simulated_GATv2,_Base-MN-f1,78,train_grad_norm_struct_xattn,0,1781285496006,0.0
learn,GATv2+Mask,BaselineGATv2Mask,48e638d369504463b16fb3f11d14da88,854778689611649472,_Base-MN-f1-78_loan_v1_v5_simulated_GATv2,_Base-MN-f1,78,train_grad_norm_struct_xattn,0,1781285578096,0.0
learn,GATv2+Mask,BaselineGATv2Mask,48e638d369504463b16fb3f11d14da88,854778689611649472,_Base-MN-f1-78_loan_v1_v5_simulated_GATv2,_Base-MN-f1,78,train_grad_norm_struct_xattn,0,1781285578096,0.0
learn,GATv2+Mask,BaselineGATv2Mask,48e638d369504463b16fb3f11d14da88,854778689611649472,_Base-MN-f1-78_loan_v1_v5_simulated_GATv2,_Base-MN-f1,78,train_grad_norm_struct_xattn,0,1781285725450,0.0
learn,GATv2+Mask,BaselineGATv2Mask,48e638d369504463b16fb3f11d14da88,854778689611649472,_Base-MN-f1-78_loan_v1_v5_simulated_GATv2,_Base-MN-f1,78,train_grad_norm_struct_xattn,0,1781285725450,0.0
learn,GATv2+Mask,BaselineGATv2Mask,48e638d369504463b16fb3f11d14da88,854778689611649472,_Base-MN-f1-78_loan_v1_v5_simulated_GATv2,_Base-MN-f1,78,train_grad_norm_struct_xattn,0,1781285854905,0.0
learn,GATv2+Mask,BaselineGATv2Mask,48e638d369504463b16fb3f11d14da88,854778689611649472,_Base-MN-f1-78_loan_v1_v5_simulated_GATv2,_Base-MN-f1,78,train_grad_norm_struct_xattn,0,1781285854905,0.0
learn,GATv2+Mask,BaselineGATv2Mask,48e638d369504463b16fb3f11d14da88,854778689611649472,_Base-MN-f1-78_loan_v1_v5_simulated_GATv2,_Base-MN-f1,78,train_grad_norm_struct_xattn,0,1781285966871,0.0
learn,GATv2+Mask,BaselineGATv2Mask,48e638d369504463b16fb3f11d14da88,854778689611649472,_Base-MN-f1-78_loan_v1_v5_simulated_GATv2,_Base-MN-f1,78,train_grad_norm_struct_xattn,0,1781285966871,0.0
learn,GATv2+Mask,BaselineGATv2Mask,48e638d369504463b16fb3f11d14da88,854778689611649472,_Base-MN-f1-78_loan_v1_v5_simulated_GATv2,_Base-MN-f1,78,train_grad_norm_struct_xattn,0,1781286072840,0.0
learn,GATv2+Mask,BaselineGATv2Mask,48e638d369504463b16fb3f11d14da88,854778689611649472,_Base-MN-f1-78_loan_v1_v5_simulated_GATv2,_Base-MN-f1,78,train_grad_norm_struct_xattn,0,1781286072840,0.0
learn,GATv2+Mask,BaselineGATv2Mask,48e638d369504463b16fb3f11d14da88,854778689611649472,_Base-MN-f1-78_loan_v1_v5_simulated_GATv2,_Base-MN-f1,78,train_grad_norm_struct_xattn,0,1781286154827,0.0
learn,GATv2+Mask,BaselineGATv2Mask,48e638d369504463b16fb3f11d14da88,854778689611649472,_Base-MN-f1-78_loan_v1_v5_simulated_GATv2,_Base-MN-f1,78,train_grad_norm_struct_xattn,0,1781286154827,0.0
learn,GATv2+Mask,BaselineGATv2Mask,48e638d369504463b16fb3f11d14da88,854778689611649472,_Base-MN-f1-78_loan_v1_v5_simulated_GATv2,_Base-MN-f1,78,train_grad_norm_struct_xattn,0,1781286237958,0.0
learn,GATv2+Mask,BaselineGATv2Mask,48e638d369504463b16fb3f11d14da88,854778689611649472,_Base-MN-f1-78_loan_v1_v5_simulated_GATv2,_Base-MN-f1,78,train_grad_norm_struct_xattn,0,1781286237958,0.0
learn,GATv2+Mask,BaselineGATv2Mask,48e638d369504463b16fb3f11d14da88,854778689611649472,_Base-MN-f1-78_loan_v1_v5_simulated_GATv2,_Base-MN-f1,78,train_grad_norm_struct_xattn,0,1781286321025,0.0
learn,GATv2+Mask,BaselineGATv2Mask,48e638d369504463b16fb3f11d14da88,854778689611649472,_Base-MN-f1-78_loan_v1_v5_simulated_GATv2,_Base-MN-f1,78,train_grad_norm_struct_xattn,0,1781286321025,0.0
learn,GATv2+Mask,BaselineGATv2Mask,48e638d369504463b16fb3f11d14da88,854778689611649472,_Base-MN-f1-78_loan_v1_v5_simulated_GATv2,_Base-MN-f1,78,train_grad_norm_struct_xattn,0,1781286404432,0.0
learn,GATv2+Mask,BaselineGATv2Mask,48e638d369504463b16fb3f11d14da88,854778689611649472,_Base-MN-f1-78_loan_v1_v5_simulated_GATv2,_Base-MN-f1,78,train_grad_norm_struct_xattn,0,1781286404432,0.0
learn,GATv2+Mask,BaselineGATv2Mask,48e638d369504463b16fb3f11d14da88,854778689611649472,_Base-MN-f1-78_loan_v1_v5_simulated_GATv2,_Base-MN-f1,78,train_grad_norm_struct_xattn,0,1781286487714,0.0
learn,GATv2+Mask,BaselineGATv2Mask,48e638d369504463b16fb3f11d14da88,854778689611649472,_Base-MN-f1-78_loan_v1_v5_simulated_GATv2,_Base-MN-f1,78,train_grad_norm_struct_xattn,0,1781286487714,0.0
learn,GATv2+Mask,BaselineGATv2Mask,48e638d369504463b16fb3f11d14da88,854778689611649472,_Base-MN-f1-78_loan_v1_v5_simulated_GATv2,_Base-MN-f1,78,train_grad_norm_struct_xattn,0,1781286569917,0.0
learn,GATv2+Mask,BaselineGATv2Mask,48e638d369504463b16fb3f11d14da88,854778689611649472,_Base-MN-f1-78_loan_v1_v5_simulated_GATv2,_Base-MN-f1,78,train_grad_norm_struct_xattn,0,1781286569917,0.0
learn,GATv2+Mask,BaselineGATv2Mask,48e638d369504463b16fb3f11d14da88,854778689611649472,_Base-MN-f1-78_loan_v1_v5_simulated_GATv2,_Base-MN-f1,78,train_grad_norm_struct_xattn,0,1781286652015,0.0
learn,GATv2+Mask,BaselineGATv2Mask,48e638d369504463b16fb3f11d14da88,854778689611649472,_Base-MN-f1-78_loan_v1_v5_simulated_GATv2,_Base-MN-f1,78,train_grad_norm_struct_xattn,0,1781286652015,0.0
learn,GATv2+Mask,BaselineGATv2Mask,48e638d369504463b16fb3f11d14da88,854778689611649472,_Base-MN-f1-78_loan_v1_v5_simulated_GATv2,_Base-MN-f1,78,train_grad_norm_struct_xattn,0,1781286735479,0.0
learn,GATv2+Mask,BaselineGATv2Mask,48e638d369504463b16fb3f11d14da88,854778689611649472,_Base-MN-f1-78_loan_v1_v5_simulated_GATv2,_Base-MN-f1,78,train_grad_norm_struct_xattn,0,1781286735479,0.0
learn,GATv2+Mask,BaselineGATv2Mask,b69e5641721747a5bc0357cd3e450a67,854778689611649472,_Base-MN-f1-32_loan_v1_v5_simulated_GATv2,_Base-MN-f1,32,train_grad_norm_struct_xattn,0,1781372487758,0.0
learn,GATv2+Mask,BaselineGATv2Mask,b69e5641721747a5bc0357cd3e450a67,854778689611649472,_Base-MN-f1-32_loan_v1_v5_simulated_GATv2,_Base-MN-f1,32,train_grad_norm_struct_xattn,0,1781372487758,0.0
learn,GATv2+Mask,BaselineGATv2Mask,b69e5641721747a5bc0357cd3e450a67,854778689611649472,_Base-MN-f1-32_loan_v1_v5_simulated_GATv2,_Base-MN-f1,32,train_grad_norm_struct_xattn,0,1781372573879,0.0
learn,GATv2+Mask,BaselineGATv2Mask,b69e5641721747a5bc0357cd3e450a67,854778689611649472,_Base-MN-f1-32_loan_v1_v5_simulated_GATv2,_Base-MN-f1,32,train_grad_norm_struct_xattn,0,1781372573879,0.0
learn,GATv2+Mask,BaselineGATv2Mask,b69e5641721747a5bc0357cd3e450a67,854778689611649472,_Base-MN-f1-32_loan_v1_v5_simulated_GATv2,_Base-MN-f1,32,train_grad_norm_struct_xattn,0,1781372643890,0.0
learn,GATv2+Mask,BaselineGATv2Mask,b69e5641721747a5bc0357cd3e450a67,854778689611649472,_Base-MN-f1-32_loan_v1_v5_simulated_GATv2,_Base-MN-f1,32,train_grad_norm_struct_xattn,0,1781372643890,0.0
learn,GATv2+Mask,BaselineGATv2Mask,b69e5641721747a5bc0357cd3e450a67,854778689611649472,_Base-MN-f1-32_loan_v1_v5_simulated_GATv2,_Base-MN-f1,32,train_grad_norm_struct_xattn,0,1781372715342,0.0
learn,GATv2+Mask,BaselineGATv2Mask,b69e5641721747a5bc0357cd3e450a67,854778689611649472,_Base-MN-f1-32_loan_v1_v5_simulated_GATv2,_Base-MN-f1,32,train_grad_norm_struct_xattn,0,1781372715342,0.0
learn,GATv2+Mask,BaselineGATv2Mask,b69e5641721747a5bc0357cd3e450a67,854778689611649472,_Base-MN-f1-32_loan_v1_v5_simulated_GATv2,_Base-MN-f1,32,train_grad_norm_struct_xattn,0,1781372783700,0.0
learn,GATv2+Mask,BaselineGATv2Mask,b69e5641721747a5bc0357cd3e450a67,854778689611649472,_Base-MN-f1-32_loan_v1_v5_simulated_GATv2,_Base-MN-f1,32,train_grad_norm_struct_xattn,0,1781372783700,0.0
learn,GATv2+Mask,BaselineGATv2Mask,b69e5641721747a5bc0357cd3e450a67,854778689611649472,_Base-MN-f1-32_loan_v1_v5_simulated_GATv2,_Base-MN-f1,32,train_grad_norm_struct_xattn,0,1781372852841,0.0
learn,GATv2+Mask,BaselineGATv2Mask,b69e5641721747a5bc0357cd3e450a67,854778689611649472,_Base-MN-f1-32_loan_v1_v5_simulated_GATv2,_Base-MN-f1,32,train_grad_norm_struct_xattn,0,1781372852841,0.0
learn,GATv2+Mask,BaselineGATv2Mask,b69e5641721747a5bc0357cd3e450a67,854778689611649472,_Base-MN-f1-32_loan_v1_v5_simulated_GATv2,_Base-MN-f1,32,train_grad_norm_struct_xattn,0,1781372921613,0.0
learn,GATv2+Mask,BaselineGATv2Mask,b69e5641721747a5bc0357cd3e450a67,854778689611649472,_Base-MN-f1-32_loan_v1_v5_simulated_GATv2,_Base-MN-f1,32,train_grad_norm_struct_xattn,0,1781372921613,0.0
learn,GATv2+Mask,BaselineGATv2Mask,b69e5641721747a5bc0357cd3e450a67,854778689611649472,_Base-MN-f1-32_loan_v1_v5_simulated_GATv2,_Base-MN-f1,32,train_grad_norm_struct_xattn,0,1781372991450,0.0
learn,GATv2+Mask,BaselineGATv2Mask,b69e5641721747a5bc0357cd3e450a67,854778689611649472,_Base-MN-f1-32_loan_v1_v5_simulated_GATv2,_Base-MN-f1,32,train_grad_norm_struct_xattn,0,1781372991450,0.0
learn,GATv2+Mask,BaselineGATv2Mask,b69e5641721747a5bc0357cd3e450a67,854778689611649472,_Base-MN-f1-32_loan_v1_v5_simulated_GATv2,_Base-MN-f1,32,train_grad_norm_struct_xattn,0,1781373059422,0.0
learn,GATv2+Mask,BaselineGATv2Mask,b69e5641721747a5bc0357cd3e450a67,854778689611649472,_Base-MN-f1-32_loan_v1_v5_simulated_GATv2,_Base-MN-f1,32,train_grad_norm_struct_xattn,0,1781373059422,0.0
learn,GATv2+Mask,BaselineGATv2Mask,b69e5641721747a5bc0357cd3e450a67,854778689611649472,_Base-MN-f1-32_loan_v1_v5_simulated_GATv2,_Base-MN-f1,32,train_grad_norm_struct_xattn,0,1781373129362,0.0
learn,GATv2+Mask,BaselineGATv2Mask,b69e5641721747a5bc0357cd3e450a67,854778689611649472,_Base-MN-f1-32_loan_v1_v5_simulated_GATv2,_Base-MN-f1,32,train_grad_norm_struct_xattn,0,1781373129362,0.0
learn,GATv2+Mask,BaselineGATv2Mask,b69e5641721747a5bc0357cd3e450a67,854778689611649472,_Base-MN-f1-32_loan_v1_v5_simulated_GATv2,_Base-MN-f1,32,train_grad_norm_struct_xattn,0,1781373198873,0.0
learn,GATv2+Mask,BaselineGATv2Mask,b69e5641721747a5bc0357cd3e450a67,854778689611649472,_Base-MN-f1-32_loan_v1_v5_simulated_GATv2,_Base-MN-f1,32,train_grad_norm_struct_xattn,0,1781373198873,0.0
learn,GATv2+Mask,BaselineGATv2Mask,b69e5641721747a5bc0357cd3e450a67,854778689611649472,_Base-MN-f1-32_loan_v1_v5_simulated_GATv2,_Base-MN-f1,32,train_grad_norm_struct_xattn,0,1781373269703,0.0
learn,GATv2+Mask,BaselineGATv2Mask,b69e5641721747a5bc0357cd3e450a67,854778689611649472,_Base-MN-f1-32_loan_v1_v5_simulated_GATv2,_Base-MN-f1,32,train_grad_norm_struct_xattn,0,1781373269703,0.0
learn,GATv2+Mask,BaselineGATv2Mask,b69e5641721747a5bc0357cd3e450a67,854778689611649472,_Base-MN-f1-32_loan_v1_v5_simulated_GATv2,_Base-MN-f1,32,train_grad_norm_struct_xattn,0,1781373339425,0.0
learn,GATv2+Mask,BaselineGATv2Mask,b69e5641721747a5bc0357cd3e450a67,854778689611649472,_Base-MN-f1-32_loan_v1_v5_simulated_GATv2,_Base-MN-f1,32,train_grad_norm_struct_xattn,0,1781373339425,0.0
learn,GATv2+Mask,BaselineGATv2Mask,b69e5641721747a5bc0357cd3e450a67,854778689611649472,_Base-MN-f1-32_loan_v1_v5_simulated_GATv2,_Base-MN-f1,32,train_grad_norm_struct_xattn,0,1781373409314,0.0
learn,GATv2+Mask,BaselineGATv2Mask,b69e5641721747a5bc0357cd3e450a67,854778689611649472,_Base-MN-f1-32_loan_v1_v5_simulated_GATv2,_Base-MN-f1,32,train_grad_norm_struct_xattn,0,1781373409314,0.0
learn,GATv2+Mask,BaselineGATv2Mask,b69e5641721747a5bc0357cd3e450a67,854778689611649472,_Base-MN-f1-32_loan_v1_v5_simulated_GATv2,_Base-MN-f1,32,train_grad_norm_struct_xattn,0,1781373481092,0.0
learn,GATv2+Mask,BaselineGATv2Mask,b69e5641721747a5bc0357cd3e450a67,854778689611649472,_Base-MN-f1-32_loan_v1_v5_simulated_GATv2,_Base-MN-f1,32,train_grad_norm_struct_xattn,0,1781373481092,0.0
learn,GATv2+Mask,BaselineGATv2Mask,b69e5641721747a5bc0357cd3e450a67,854778689611649472,_Base-MN-f1-32_loan_v1_v5_simulated_GATv2,_Base-MN-f1,32,train_grad_norm_struct_xattn,0,1781373550657,0.0
learn,GATv2+Mask,BaselineGATv2Mask,b69e5641721747a5bc0357cd3e450a67,854778689611649472,_Base-MN-f1-32_loan_v1_v5_simulated_GATv2,_Base-MN-f1,32,train_grad_norm_struct_xattn,0,1781373550657,0.0
learn,GATv2+Mask,BaselineGATv2Mask,b69e5641721747a5bc0357cd3e450a67,854778689611649472,_Base-MN-f1-32_loan_v1_v5_simulated_GATv2,_Base-MN-f1,32,train_grad_norm_struct_xattn,0,1781373626436,0.0
learn,GATv2+Mask,BaselineGATv2Mask,b69e5641721747a5bc0357cd3e450a67,854778689611649472,_Base-MN-f1-32_loan_v1_v5_simulated_GATv2,_Base-MN-f1,32,train_grad_norm_struct_xattn,0,1781373626436,0.0
learn,GATv2+Mask,BaselineGATv2Mask,b69e5641721747a5bc0357cd3e450a67,854778689611649472,_Base-MN-f1-32_loan_v1_v5_simulated_GATv2,_Base-MN-f1,32,train_grad_norm_struct_xattn,0,1781373735518,0.0
learn,GATv2+Mask,BaselineGATv2Mask,b69e5641721747a5bc0357cd3e450a67,854778689611649472,_Base-MN-f1-32_loan_v1_v5_simulated_GATv2,_Base-MN-f1,32,train_grad_norm_struct_xattn,0,1781373735518,0.0
learn,GATv2+Mask,BaselineGATv2Mask,b69e5641721747a5bc0357cd3e450a67,854778689611649472,_Base-MN-f1-32_loan_v1_v5_simulated_GATv2,_Base-MN-f1,32,train_grad_norm_struct_xattn,0,1781373833962,0.0
learn,GATv2+Mask,BaselineGATv2Mask,b69e5641721747a5bc0357cd3e450a67,854778689611649472,_Base-MN-f1-32_loan_v1_v5_simulated_GATv2,_Base-MN-f1,32,train_grad_norm_struct_xattn,0,1781373833962,0.0
learn,GATv2+Mask,BaselineGATv2Mask,b69e5641721747a5bc0357cd3e450a67,854778689611649472,_Base-MN-f1-32_loan_v1_v5_simulated_GATv2,_Base-MN-f1,32,train_grad_norm_struct_xattn,0,1781373919709,0.0
learn,GATv2+Mask,BaselineGATv2Mask,b69e5641721747a5bc0357cd3e450a67,854778689611649472,_Base-MN-f1-32_loan_v1_v5_simulated_GATv2,_Base-MN-f1,32,train_grad_norm_struct_xattn,0,1781373919709,0.0
learn,GATv2+Mask,BaselineGATv2Mask,b69e5641721747a5bc0357cd3e450a67,854778689611649472,_Base-MN-f1-32_loan_v1_v5_simulated_GATv2,_Base-MN-f1,32,train_grad_norm_struct_xattn,0,1781374001410,0.0
learn,GATv2+Mask,BaselineGATv2Mask,b69e5641721747a5bc0357cd3e450a67,854778689611649472,_Base-MN-f1-32_loan_v1_v5_simulated_GATv2,_Base-MN-f1,32,train_grad_norm_struct_xattn,0,1781374001410,0.0
learn,GATv2+Mask,BaselineGATv2Mask,b69e5641721747a5bc0357cd3e450a67,854778689611649472,_Base-MN-f1-32_loan_v1_v5_simulated_GATv2,_Base-MN-f1,32,train_grad_norm_struct_xattn,0,1781374084854,0.0
learn,GATv2+Mask,BaselineGATv2Mask,b69e5641721747a5bc0357cd3e450a67,854778689611649472,_Base-MN-f1-32_loan_v1_v5_simulated_GATv2,_Base-MN-f1,32,train_grad_norm_struct_xattn,0,1781374084854,0.0
learn,GATv2+Mask,BaselineGATv2Mask,de7d038476b74690a441bf00a9b6f2fc,854778689611649472,_Base-MN-f1-42_loan_v1_v5_simulated_GATv2,_Base-MN-f1,42,train_grad_norm_struct_xattn,0,1781275679081,0.0
learn,GATv2+Mask,BaselineGATv2Mask,de7d038476b74690a441bf00a9b6f2fc,854778689611649472,_Base-MN-f1-42_loan_v1_v5_simulated_GATv2,_Base-MN-f1,42,train_grad_norm_struct_xattn,0,1781275679081,0.0
learn,GATv2+Mask,BaselineGATv2Mask,de7d038476b74690a441bf00a9b6f2fc,854778689611649472,_Base-MN-f1-42_loan_v1_v5_simulated_GATv2,_Base-MN-f1,42,train_grad_norm_struct_xattn,0,1781275783244,0.0
learn,GATv2+Mask,BaselineGATv2Mask,de7d038476b74690a441bf00a9b6f2fc,854778689611649472,_Base-MN-f1-42_loan_v1_v5_simulated_GATv2,_Base-MN-f1,42,train_grad_norm_struct_xattn,0,1781275783244,0.0
learn,GATv2+Mask,BaselineGATv2Mask,de7d038476b74690a441bf00a9b6f2fc,854778689611649472,_Base-MN-f1-42_loan_v1_v5_simulated_GATv2,_Base-MN-f1,42,train_grad_norm_struct_xattn,0,1781275867143,0.0
learn,GATv2+Mask,BaselineGATv2Mask,de7d038476b74690a441bf00a9b6f2fc,854778689611649472,_Base-MN-f1-42_loan_v1_v5_simulated_GATv2,_Base-MN-f1,42,train_grad_norm_struct_xattn,0,1781275867143,0.0
learn,GATv2+Mask,BaselineGATv2Mask,de7d038476b74690a441bf00a9b6f2fc,854778689611649472,_Base-MN-f1-42_loan_v1_v5_simulated_GATv2,_Base-MN-f1,42,train_grad_norm_struct_xattn,0,1781275948388,0.0
learn,GATv2+Mask,BaselineGATv2Mask,de7d038476b74690a441bf00a9b6f2fc,854778689611649472,_Base-MN-f1-42_loan_v1_v5_simulated_GATv2,_Base-MN-f1,42,train_grad_norm_struct_xattn,0,1781275948388,0.0
learn,GATv2+Mask,BaselineGATv2Mask,de7d038476b74690a441bf00a9b6f2fc,854778689611649472,_Base-MN-f1-42_loan_v1_v5_simulated_GATv2,_Base-MN-f1,42,train_grad_norm_struct_xattn,0,1781276030390,0.0
learn,GATv2+Mask,BaselineGATv2Mask,de7d038476b74690a441bf00a9b6f2fc,854778689611649472,_Base-MN-f1-42_loan_v1_v5_simulated_GATv2,_Base-MN-f1,42,train_grad_norm_struct_xattn,0,1781276030390,0.0
learn,GATv2+Mask,BaselineGATv2Mask,de7d038476b74690a441bf00a9b6f2fc,854778689611649472,_Base-MN-f1-42_loan_v1_v5_simulated_GATv2,_Base-MN-f1,42,train_grad_norm_struct_xattn,0,1781276112989,0.0
learn,GATv2+Mask,BaselineGATv2Mask,de7d038476b74690a441bf00a9b6f2fc,854778689611649472,_Base-MN-f1-42_loan_v1_v5_simulated_GATv2,_Base-MN-f1,42,train_grad_norm_struct_xattn,0,1781276112989,0.0
learn,GATv2+Mask,BaselineGATv2Mask,de7d038476b74690a441bf00a9b6f2fc,854778689611649472,_Base-MN-f1-42_loan_v1_v5_simulated_GATv2,_Base-MN-f1,42,train_grad_norm_struct_xattn,0,1781276194770,0.0
learn,GATv2+Mask,BaselineGATv2Mask,de7d038476b74690a441bf00a9b6f2fc,854778689611649472,_Base-MN-f1-42_loan_v1_v5_simulated_GATv2,_Base-MN-f1,42,train_grad_norm_struct_xattn,0,1781276194770,0.0
learn,GATv2+Mask,BaselineGATv2Mask,de7d038476b74690a441bf00a9b6f2fc,854778689611649472,_Base-MN-f1-42_loan_v1_v5_simulated_GATv2,_Base-MN-f1,42,train_grad_norm_struct_xattn,0,1781276276056,0.0
learn,GATv2+Mask,BaselineGATv2Mask,de7d038476b74690a441bf00a9b6f2fc,854778689611649472,_Base-MN-f1-42_loan_v1_v5_simulated_GATv2,_Base-MN-f1,42,train_grad_norm_struct_xattn,0,1781276276056,0.0
learn,GATv2+Mask,BaselineGATv2Mask,de7d038476b74690a441bf00a9b6f2fc,854778689611649472,_Base-MN-f1-42_loan_v1_v5_simulated_GATv2,_Base-MN-f1,42,train_grad_norm_struct_xattn,0,1781276405536,0.0
learn,GATv2+Mask,BaselineGATv2Mask,de7d038476b74690a441bf00a9b6f2fc,854778689611649472,_Base-MN-f1-42_loan_v1_v5_simulated_GATv2,_Base-MN-f1,42,train_grad_norm_struct_xattn,0,1781276405536,0.0
learn,GATv2+Mask,BaselineGATv2Mask,de7d038476b74690a441bf00a9b6f2fc,854778689611649472,_Base-MN-f1-42_loan_v1_v5_simulated_GATv2,_Base-MN-f1,42,train_grad_norm_struct_xattn,0,1781276535038,0.0
learn,GATv2+Mask,BaselineGATv2Mask,de7d038476b74690a441bf00a9b6f2fc,854778689611649472,_Base-MN-f1-42_loan_v1_v5_simulated_GATv2,_Base-MN-f1,42,train_grad_norm_struct_xattn,0,1781276535038,0.0
learn,GATv2+Mask,BaselineGATv2Mask,de7d038476b74690a441bf00a9b6f2fc,854778689611649472,_Base-MN-f1-42_loan_v1_v5_simulated_GATv2,_Base-MN-f1,42,train_grad_norm_struct_xattn,0,1781276663142,0.0
learn,GATv2+Mask,BaselineGATv2Mask,de7d038476b74690a441bf00a9b6f2fc,854778689611649472,_Base-MN-f1-42_loan_v1_v5_simulated_GATv2,_Base-MN-f1,42,train_grad_norm_struct_xattn,0,1781276663142,0.0
learn,GATv2+Mask,BaselineGATv2Mask,de7d038476b74690a441bf00a9b6f2fc,854778689611649472,_Base-MN-f1-42_loan_v1_v5_simulated_GATv2,_Base-MN-f1,42,train_grad_norm_struct_xattn,0,1781276763274,0.0
learn,GATv2+Mask,BaselineGATv2Mask,de7d038476b74690a441bf00a9b6f2fc,854778689611649472,_Base-MN-f1-42_loan_v1_v5_simulated_GATv2,_Base-MN-f1,42,train_grad_norm_struct_xattn,0,1781276763274,0.0
learn,GATv2+Mask,BaselineGATv2Mask,de7d038476b74690a441bf00a9b6f2fc,854778689611649472,_Base-MN-f1-42_loan_v1_v5_simulated_GATv2,_Base-MN-f1,42,train_grad_norm_struct_xattn,0,1781276849918,0.0
learn,GATv2+Mask,BaselineGATv2Mask,de7d038476b74690a441bf00a9b6f2fc,854778689611649472,_Base-MN-f1-42_loan_v1_v5_simulated_GATv2,_Base-MN-f1,42,train_grad_norm_struct_xattn,0,1781276849918,0.0
learn,GATv2+Mask,BaselineGATv2Mask,de7d038476b74690a441bf00a9b6f2fc,854778689611649472,_Base-MN-f1-42_loan_v1_v5_simulated_GATv2,_Base-MN-f1,42,train_grad_norm_struct_xattn,0,1781276932439,0.0
learn,GATv2+Mask,BaselineGATv2Mask,de7d038476b74690a441bf00a9b6f2fc,854778689611649472,_Base-MN-f1-42_loan_v1_v5_simulated_GATv2,_Base-MN-f1,42,train_grad_norm_struct_xattn,0,1781276932439,0.0
learn,GATv2+Mask,BaselineGATv2Mask,de7d038476b74690a441bf00a9b6f2fc,854778689611649472,_Base-MN-f1-42_loan_v1_v5_simulated_GATv2,_Base-MN-f1,42,train_grad_norm_struct_xattn,0,1781277015420,0.0
learn,GATv2+Mask,BaselineGATv2Mask,de7d038476b74690a441bf00a9b6f2fc,854778689611649472,_Base-MN-f1-42_loan_v1_v5_simulated_GATv2,_Base-MN-f1,42,train_grad_norm_struct_xattn,0,1781277015420,0.0
learn,GATv2+Mask,BaselineGATv2Mask,de7d038476b74690a441bf00a9b6f2fc,854778689611649472,_Base-MN-f1-42_loan_v1_v5_simulated_GATv2,_Base-MN-f1,42,train_grad_norm_struct_xattn,0,1781277097480,0.0
learn,GATv2+Mask,BaselineGATv2Mask,de7d038476b74690a441bf00a9b6f2fc,854778689611649472,_Base-MN-f1-42_loan_v1_v5_simulated_GATv2,_Base-MN-f1,42,train_grad_norm_struct_xattn,0,1781277097480,0.0
learn,GATv2+Mask,BaselineGATv2Mask,de7d038476b74690a441bf00a9b6f2fc,854778689611649472,_Base-MN-f1-42_loan_v1_v5_simulated_GATv2,_Base-MN-f1,42,train_grad_norm_struct_xattn,0,1781277179335,0.0
learn,GATv2+Mask,BaselineGATv2Mask,de7d038476b74690a441bf00a9b6f2fc,854778689611649472,_Base-MN-f1-42_loan_v1_v5_simulated_GATv2,_Base-MN-f1,42,train_grad_norm_struct_xattn,0,1781277179335,0.0
learn,GATv2+Mask,BaselineGATv2Mask,de7d038476b74690a441bf00a9b6f2fc,854778689611649472,_Base-MN-f1-42_loan_v1_v5_simulated_GATv2,_Base-MN-f1,42,train_grad_norm_struct_xattn,0,1781277261771,0.0
learn,GATv2+Mask,BaselineGATv2Mask,de7d038476b74690a441bf00a9b6f2fc,854778689611649472,_Base-MN-f1-42_loan_v1_v5_simulated_GATv2,_Base-MN-f1,42,train_grad_norm_struct_xattn,0,1781277261771,0.0
learn,GATv2+Mask,BaselineGATv2Mask,de7d038476b74690a441bf00a9b6f2fc,854778689611649472,_Base-MN-f1-42_loan_v1_v5_simulated_GATv2,_Base-MN-f1,42,train_grad_norm_struct_xattn,0,1781277344675,0.0
learn,GATv2+Mask,BaselineGATv2Mask,de7d038476b74690a441bf00a9b6f2fc,854778689611649472,_Base-MN-f1-42_loan_v1_v5_simulated_GATv2,_Base-MN-f1,42,train_grad_norm_struct_xattn,0,1781277344675,0.0
learn,GATv2+Mask,BaselineGATv2Mask,de7d038476b74690a441bf00a9b6f2fc,854778689611649472,_Base-MN-f1-42_loan_v1_v5_simulated_GATv2,_Base-MN-f1,42,train_grad_norm_struct_xattn,0,1781277428232,0.0
learn,GATv2+Mask,BaselineGATv2Mask,de7d038476b74690a441bf00a9b6f2fc,854778689611649472,_Base-MN-f1-42_loan_v1_v5_simulated_GATv2,_Base-MN-f1,42,train_grad_norm_struct_xattn,0,1781277428232,0.0
learn,GATv2+Mask,BaselineGATv2Mask,de7d038476b74690a441bf00a9b6f2fc,854778689611649472,_Base-MN-f1-42_loan_v1_v5_simulated_GATv2,_Base-MN-f1,42,train_grad_norm_struct_xattn,0,1781277510498,0.0
learn,GATv2+Mask,BaselineGATv2Mask,de7d038476b74690a441bf00a9b6f2fc,854778689611649472,_Base-MN-f1-42_loan_v1_v5_simulated_GATv2,_Base-MN-f1,42,train_grad_norm_struct_xattn,0,1781277510498,0.0
learn,GATv2+Mask,BaselineGATv2Mask,de7d038476b74690a441bf00a9b6f2fc,854778689611649472,_Base-MN-f1-42_loan_v1_v5_simulated_GATv2,_Base-MN-f1,42,train_grad_norm_struct_xattn,0,1781277639699,0.0
learn,GATv2+Mask,BaselineGATv2Mask,de7d038476b74690a441bf00a9b6f2fc,854778689611649472,_Base-MN-f1-42_loan_v1_v5_simulated_GATv2,_Base-MN-f1,42,train_grad_norm_struct_xattn,0,1781277639699,0.0
learn,GATv2+Mask,BaselineGATv2Mask,de7d038476b74690a441bf00a9b6f2fc,854778689611649472,_Base-MN-f1-42_loan_v1_v5_simulated_GATv2,_Base-MN-f1,42,train_grad_norm_struct_xattn,0,1781277809893,0.0
learn,GATv2+Mask,BaselineGATv2Mask,de7d038476b74690a441bf00a9b6f2fc,854778689611649472,_Base-MN-f1-42_loan_v1_v5_simulated_GATv2,_Base-MN-f1,42,train_grad_norm_struct_xattn,0,1781277809893,0.0
learn,GATv2+Mask,BaselineGATv2Mask,efb7334ec4e74b2d9dcb5c2eeed6beb3,854778689611649472,_Base-MN-f1-55_loan_v1_v5_simulated_GATv2,_Base-MN-f1,55,train_grad_norm_struct_xattn,0,1781281299654,0.0
learn,GATv2+Mask,BaselineGATv2Mask,efb7334ec4e74b2d9dcb5c2eeed6beb3,854778689611649472,_Base-MN-f1-55_loan_v1_v5_simulated_GATv2,_Base-MN-f1,55,train_grad_norm_struct_xattn,0,1781281299654,0.0
learn,GATv2+Mask,BaselineGATv2Mask,efb7334ec4e74b2d9dcb5c2eeed6beb3,854778689611649472,_Base-MN-f1-55_loan_v1_v5_simulated_GATv2,_Base-MN-f1,55,train_grad_norm_struct_xattn,0,1781281402907,0.0
learn,GATv2+Mask,BaselineGATv2Mask,efb7334ec4e74b2d9dcb5c2eeed6beb3,854778689611649472,_Base-MN-f1-55_loan_v1_v5_simulated_GATv2,_Base-MN-f1,55,train_grad_norm_struct_xattn,0,1781281402907,0.0
learn,GATv2+Mask,BaselineGATv2Mask,efb7334ec4e74b2d9dcb5c2eeed6beb3,854778689611649472,_Base-MN-f1-55_loan_v1_v5_simulated_GATv2,_Base-MN-f1,55,train_grad_norm_struct_xattn,0,1781281485880,0.0
learn,GATv2+Mask,BaselineGATv2Mask,efb7334ec4e74b2d9dcb5c2eeed6beb3,854778689611649472,_Base-MN-f1-55_loan_v1_v5_simulated_GATv2,_Base-MN-f1,55,train_grad_norm_struct_xattn,0,1781281485880,0.0
learn,GATv2+Mask,BaselineGATv2Mask,efb7334ec4e74b2d9dcb5c2eeed6beb3,854778689611649472,_Base-MN-f1-55_loan_v1_v5_simulated_GATv2,_Base-MN-f1,55,train_grad_norm_struct_xattn,0,1781281577116,0.0
learn,GATv2+Mask,BaselineGATv2Mask,efb7334ec4e74b2d9dcb5c2eeed6beb3,854778689611649472,_Base-MN-f1-55_loan_v1_v5_simulated_GATv2,_Base-MN-f1,55,train_grad_norm_struct_xattn,0,1781281577116,0.0
learn,GATv2+Mask,BaselineGATv2Mask,efb7334ec4e74b2d9dcb5c2eeed6beb3,854778689611649472,_Base-MN-f1-55_loan_v1_v5_simulated_GATv2,_Base-MN-f1,55,train_grad_norm_struct_xattn,0,1781281659808,0.0
learn,GATv2+Mask,BaselineGATv2Mask,efb7334ec4e74b2d9dcb5c2eeed6beb3,854778689611649472,_Base-MN-f1-55_loan_v1_v5_simulated_GATv2,_Base-MN-f1,55,train_grad_norm_struct_xattn,0,1781281659808,0.0
learn,GATv2+Mask,BaselineGATv2Mask,efb7334ec4e74b2d9dcb5c2eeed6beb3,854778689611649472,_Base-MN-f1-55_loan_v1_v5_simulated_GATv2,_Base-MN-f1,55,train_grad_norm_struct_xattn,0,1781281742654,0.0
learn,GATv2+Mask,BaselineGATv2Mask,efb7334ec4e74b2d9dcb5c2eeed6beb3,854778689611649472,_Base-MN-f1-55_loan_v1_v5_simulated_GATv2,_Base-MN-f1,55,train_grad_norm_struct_xattn,0,1781281742654,0.0
learn,GATv2+Mask,BaselineGATv2Mask,efb7334ec4e74b2d9dcb5c2eeed6beb3,854778689611649472,_Base-MN-f1-55_loan_v1_v5_simulated_GATv2,_Base-MN-f1,55,train_grad_norm_struct_xattn,0,1781281825411,0.0
learn,GATv2+Mask,BaselineGATv2Mask,efb7334ec4e74b2d9dcb5c2eeed6beb3,854778689611649472,_Base-MN-f1-55_loan_v1_v5_simulated_GATv2,_Base-MN-f1,55,train_grad_norm_struct_xattn,0,1781281825411,0.0
learn,GATv2+Mask,BaselineGATv2Mask,efb7334ec4e74b2d9dcb5c2eeed6beb3,854778689611649472,_Base-MN-f1-55_loan_v1_v5_simulated_GATv2,_Base-MN-f1,55,train_grad_norm_struct_xattn,0,1781281908768,0.0
learn,GATv2+Mask,BaselineGATv2Mask,efb7334ec4e74b2d9dcb5c2eeed6beb3,854778689611649472,_Base-MN-f1-55_loan_v1_v5_simulated_GATv2,_Base-MN-f1,55,train_grad_norm_struct_xattn,0,1781281908768,0.0
learn,GATv2+Mask,BaselineGATv2Mask,efb7334ec4e74b2d9dcb5c2eeed6beb3,854778689611649472,_Base-MN-f1-55_loan_v1_v5_simulated_GATv2,_Base-MN-f1,55,train_grad_norm_struct_xattn,0,1781281992584,0.0
learn,GATv2+Mask,BaselineGATv2Mask,efb7334ec4e74b2d9dcb5c2eeed6beb3,854778689611649472,_Base-MN-f1-55_loan_v1_v5_simulated_GATv2,_Base-MN-f1,55,train_grad_norm_struct_xattn,0,1781281992584,0.0
learn,GATv2+Mask,BaselineGATv2Mask,efb7334ec4e74b2d9dcb5c2eeed6beb3,854778689611649472,_Base-MN-f1-55_loan_v1_v5_simulated_GATv2,_Base-MN-f1,55,train_grad_norm_struct_xattn,0,1781282075870,0.0
learn,GATv2+Mask,BaselineGATv2Mask,efb7334ec4e74b2d9dcb5c2eeed6beb3,854778689611649472,_Base-MN-f1-55_loan_v1_v5_simulated_GATv2,_Base-MN-f1,55,train_grad_norm_struct_xattn,0,1781282075870,0.0
learn,GATv2+Mask,BaselineGATv2Mask,efb7334ec4e74b2d9dcb5c2eeed6beb3,854778689611649472,_Base-MN-f1-55_loan_v1_v5_simulated_GATv2,_Base-MN-f1,55,train_grad_norm_struct_xattn,0,1781282161020,0.0
learn,GATv2+Mask,BaselineGATv2Mask,efb7334ec4e74b2d9dcb5c2eeed6beb3,854778689611649472,_Base-MN-f1-55_loan_v1_v5_simulated_GATv2,_Base-MN-f1,55,train_grad_norm_struct_xattn,0,1781282161020,0.0
learn,GATv2+Mask,BaselineGATv2Mask,efb7334ec4e74b2d9dcb5c2eeed6beb3,854778689611649472,_Base-MN-f1-55_loan_v1_v5_simulated_GATv2,_Base-MN-f1,55,train_grad_norm_struct_xattn,0,1781282243116,0.0
learn,GATv2+Mask,BaselineGATv2Mask,efb7334ec4e74b2d9dcb5c2eeed6beb3,854778689611649472,_Base-MN-f1-55_loan_v1_v5_simulated_GATv2,_Base-MN-f1,55,train_grad_norm_struct_xattn,0,1781282243116,0.0
learn,GATv2+Mask,BaselineGATv2Mask,efb7334ec4e74b2d9dcb5c2eeed6beb3,854778689611649472,_Base-MN-f1-55_loan_v1_v5_simulated_GATv2,_Base-MN-f1,55,train_grad_norm_struct_xattn,0,1781282328554,0.0
learn,GATv2+Mask,BaselineGATv2Mask,efb7334ec4e74b2d9dcb5c2eeed6beb3,854778689611649472,_Base-MN-f1-55_loan_v1_v5_simulated_GATv2,_Base-MN-f1,55,train_grad_norm_struct_xattn,0,1781282328554,0.0
learn,GATv2+Mask,BaselineGATv2Mask,efb7334ec4e74b2d9dcb5c2eeed6beb3,854778689611649472,_Base-MN-f1-55_loan_v1_v5_simulated_GATv2,_Base-MN-f1,55,train_grad_norm_struct_xattn,0,1781282442286,0.0
learn,GATv2+Mask,BaselineGATv2Mask,efb7334ec4e74b2d9dcb5c2eeed6beb3,854778689611649472,_Base-MN-f1-55_loan_v1_v5_simulated_GATv2,_Base-MN-f1,55,train_grad_norm_struct_xattn,0,1781282442286,0.0
learn,GATv2+Mask,BaselineGATv2Mask,efb7334ec4e74b2d9dcb5c2eeed6beb3,854778689611649472,_Base-MN-f1-55_loan_v1_v5_simulated_GATv2,_Base-MN-f1,55,train_grad_norm_struct_xattn,0,1781282557713,0.0
learn,GATv2+Mask,BaselineGATv2Mask,efb7334ec4e74b2d9dcb5c2eeed6beb3,854778689611649472,_Base-MN-f1-55_loan_v1_v5_simulated_GATv2,_Base-MN-f1,55,train_grad_norm_struct_xattn,0,1781282557713,0.0
learn,GATv2+Mask,BaselineGATv2Mask,efb7334ec4e74b2d9dcb5c2eeed6beb3,854778689611649472,_Base-MN-f1-55_loan_v1_v5_simulated_GATv2,_Base-MN-f1,55,train_grad_norm_struct_xattn,0,1781282664931,0.0
learn,GATv2+Mask,BaselineGATv2Mask,efb7334ec4e74b2d9dcb5c2eeed6beb3,854778689611649472,_Base-MN-f1-55_loan_v1_v5_simulated_GATv2,_Base-MN-f1,55,train_grad_norm_struct_xattn,0,1781282664931,0.0
learn,GATv2+Mask,BaselineGATv2Mask,efb7334ec4e74b2d9dcb5c2eeed6beb3,854778689611649472,_Base-MN-f1-55_loan_v1_v5_simulated_GATv2,_Base-MN-f1,55,train_grad_norm_struct_xattn,0,1781282748627,0.0
learn,GATv2+Mask,BaselineGATv2Mask,efb7334ec4e74b2d9dcb5c2eeed6beb3,854778689611649472,_Base-MN-f1-55_loan_v1_v5_simulated_GATv2,_Base-MN-f1,55,train_grad_norm_struct_xattn,0,1781282748627,0.0
learn,GATv2+Mask,BaselineGATv2Mask,efb7334ec4e74b2d9dcb5c2eeed6beb3,854778689611649472,_Base-MN-f1-55_loan_v1_v5_simulated_GATv2,_Base-MN-f1,55,train_grad_norm_struct_xattn,0,1781282833879,0.0
learn,GATv2+Mask,BaselineGATv2Mask,efb7334ec4e74b2d9dcb5c2eeed6beb3,854778689611649472,_Base-MN-f1-55_loan_v1_v5_simulated_GATv2,_Base-MN-f1,55,train_grad_norm_struct_xattn,0,1781282833879,0.0
learn,GATv2+Mask,BaselineGATv2Mask,efb7334ec4e74b2d9dcb5c2eeed6beb3,854778689611649472,_Base-MN-f1-55_loan_v1_v5_simulated_GATv2,_Base-MN-f1,55,train_grad_norm_struct_xattn,0,1781282919443,0.0
learn,GATv2+Mask,BaselineGATv2Mask,efb7334ec4e74b2d9dcb5c2eeed6beb3,854778689611649472,_Base-MN-f1-55_loan_v1_v5_simulated_GATv2,_Base-MN-f1,55,train_grad_norm_struct_xattn,0,1781282919443,0.0
learn,GATv2+Mask,BaselineGATv2Mask,efb7334ec4e74b2d9dcb5c2eeed6beb3,854778689611649472,_Base-MN-f1-55_loan_v1_v5_simulated_GATv2,_Base-MN-f1,55,train_grad_norm_struct_xattn,0,1781283002955,0.0
learn,GATv2+Mask,BaselineGATv2Mask,efb7334ec4e74b2d9dcb5c2eeed6beb3,854778689611649472,_Base-MN-f1-55_loan_v1_v5_simulated_GATv2,_Base-MN-f1,55,train_grad_norm_struct_xattn,0,1781283002955,0.0
learn,GATv2+Mask,BaselineGATv2Mask,efb7334ec4e74b2d9dcb5c2eeed6beb3,854778689611649472,_Base-MN-f1-55_loan_v1_v5_simulated_GATv2,_Base-MN-f1,55,train_grad_norm_struct_xattn,0,1781283086885,0.0
learn,GATv2+Mask,BaselineGATv2Mask,efb7334ec4e74b2d9dcb5c2eeed6beb3,854778689611649472,_Base-MN-f1-55_loan_v1_v5_simulated_GATv2,_Base-MN-f1,55,train_grad_norm_struct_xattn,0,1781283086885,0.0
learn,GATv2+Mask,BaselineGATv2Mask,efb7334ec4e74b2d9dcb5c2eeed6beb3,854778689611649472,_Base-MN-f1-55_loan_v1_v5_simulated_GATv2,_Base-MN-f1,55,train_grad_norm_struct_xattn,0,1781283169733,0.0
learn,GATv2+Mask,BaselineGATv2Mask,efb7334ec4e74b2d9dcb5c2eeed6beb3,854778689611649472,_Base-MN-f1-55_loan_v1_v5_simulated_GATv2,_Base-MN-f1,55,train_grad_norm_struct_xattn,0,1781283169733,0.0
learn,GATv2+Mask,BaselineGATv2Mask,efb7334ec4e74b2d9dcb5c2eeed6beb3,854778689611649472,_Base-MN-f1-55_loan_v1_v5_simulated_GATv2,_Base-MN-f1,55,train_grad_norm_struct_xattn,0,1781283275031,0.0
learn,GATv2+Mask,BaselineGATv2Mask,efb7334ec4e74b2d9dcb5c2eeed6beb3,854778689611649472,_Base-MN-f1-55_loan_v1_v5_simulated_GATv2,_Base-MN-f1,55,train_grad_norm_struct_xattn,0,1781283275031,0.0
learn,GATv2+Mask,BaselineGATv2Mask,efb7334ec4e74b2d9dcb5c2eeed6beb3,854778689611649472,_Base-MN-f1-55_loan_v1_v5_simulated_GATv2,_Base-MN-f1,55,train_grad_norm_struct_xattn,0,1781283403474,0.0
learn,GATv2+Mask,BaselineGATv2Mask,efb7334ec4e74b2d9dcb5c2eeed6beb3,854778689611649472,_Base-MN-f1-55_loan_v1_v5_simulated_GATv2,_Base-MN-f1,55,train_grad_norm_struct_xattn,0,1781283403474,0.0
learn,GATv2+Mask,BaselineGATv2Mask,efb7334ec4e74b2d9dcb5c2eeed6beb3,854778689611649472,_Base-MN-f1-55_loan_v1_v5_simulated_GATv2,_Base-MN-f1,55,train_grad_norm_struct_xattn,0,1781283511762,0.0
learn,GATv2+Mask,BaselineGATv2Mask,efb7334ec4e74b2d9dcb5c2eeed6beb3,854778689611649472,_Base-MN-f1-55_loan_v1_v5_simulated_GATv2,_Base-MN-f1,55,train_grad_norm_struct_xattn,0,1781283511762,0.0
learn,GATv2+Mask,BaselineGATv2Mask,f22f95e6487c4d62ae00ec6a81ddfbb2,854778689611649472,_Base-MN-f1-99_loan_v1_v5_simulated_GATv2,_Base-MN-f1,99,train_grad_norm_struct_xattn,0,1781336709182,0.0
learn,GATv2+Mask,BaselineGATv2Mask,f22f95e6487c4d62ae00ec6a81ddfbb2,854778689611649472,_Base-MN-f1-99_loan_v1_v5_simulated_GATv2,_Base-MN-f1,99,train_grad_norm_struct_xattn,0,1781336709182,0.0
learn,GATv2+Mask,BaselineGATv2Mask,f22f95e6487c4d62ae00ec6a81ddfbb2,854778689611649472,_Base-MN-f1-99_loan_v1_v5_simulated_GATv2,_Base-MN-f1,99,train_grad_norm_struct_xattn,0,1781336835657,0.0
learn,GATv2+Mask,BaselineGATv2Mask,f22f95e6487c4d62ae00ec6a81ddfbb2,854778689611649472,_Base-MN-f1-99_loan_v1_v5_simulated_GATv2,_Base-MN-f1,99,train_grad_norm_struct_xattn,0,1781336835657,0.0
learn,GATv2+Mask,BaselineGATv2Mask,f22f95e6487c4d62ae00ec6a81ddfbb2,854778689611649472,_Base-MN-f1-99_loan_v1_v5_simulated_GATv2,_Base-MN-f1,99,train_grad_norm_struct_xattn,0,1781336929411,0.0
learn,GATv2+Mask,BaselineGATv2Mask,f22f95e6487c4d62ae00ec6a81ddfbb2,854778689611649472,_Base-MN-f1-99_loan_v1_v5_simulated_GATv2,_Base-MN-f1,99,train_grad_norm_struct_xattn,0,1781336929411,0.0
learn,GATv2+Mask,BaselineGATv2Mask,f22f95e6487c4d62ae00ec6a81ddfbb2,854778689611649472,_Base-MN-f1-99_loan_v1_v5_simulated_GATv2,_Base-MN-f1,99,train_grad_norm_struct_xattn,0,1781337012011,0.0
learn,GATv2+Mask,BaselineGATv2Mask,f22f95e6487c4d62ae00ec6a81ddfbb2,854778689611649472,_Base-MN-f1-99_loan_v1_v5_simulated_GATv2,_Base-MN-f1,99,train_grad_norm_struct_xattn,0,1781337012011,0.0
learn,GATv2+Mask,BaselineGATv2Mask,f22f95e6487c4d62ae00ec6a81ddfbb2,854778689611649472,_Base-MN-f1-99_loan_v1_v5_simulated_GATv2,_Base-MN-f1,99,train_grad_norm_struct_xattn,0,1781337101899,0.0
learn,GATv2+Mask,BaselineGATv2Mask,f22f95e6487c4d62ae00ec6a81ddfbb2,854778689611649472,_Base-MN-f1-99_loan_v1_v5_simulated_GATv2,_Base-MN-f1,99,train_grad_norm_struct_xattn,0,1781337101899,0.0
learn,GATv2+Mask,BaselineGATv2Mask,f22f95e6487c4d62ae00ec6a81ddfbb2,854778689611649472,_Base-MN-f1-99_loan_v1_v5_simulated_GATv2,_Base-MN-f1,99,train_grad_norm_struct_xattn,0,1781337195936,0.0
learn,GATv2+Mask,BaselineGATv2Mask,f22f95e6487c4d62ae00ec6a81ddfbb2,854778689611649472,_Base-MN-f1-99_loan_v1_v5_simulated_GATv2,_Base-MN-f1,99,train_grad_norm_struct_xattn,0,1781337195936,0.0
learn,GATv2+Mask,BaselineGATv2Mask,f22f95e6487c4d62ae00ec6a81ddfbb2,854778689611649472,_Base-MN-f1-99_loan_v1_v5_simulated_GATv2,_Base-MN-f1,99,train_grad_norm_struct_xattn,0,1781337296423,0.0
learn,GATv2+Mask,BaselineGATv2Mask,f22f95e6487c4d62ae00ec6a81ddfbb2,854778689611649472,_Base-MN-f1-99_loan_v1_v5_simulated_GATv2,_Base-MN-f1,99,train_grad_norm_struct_xattn,0,1781337296423,0.0
learn,GATv2+Mask,BaselineGATv2Mask,f22f95e6487c4d62ae00ec6a81ddfbb2,854778689611649472,_Base-MN-f1-99_loan_v1_v5_simulated_GATv2,_Base-MN-f1,99,train_grad_norm_struct_xattn,0,1781337380522,0.0
learn,GATv2+Mask,BaselineGATv2Mask,f22f95e6487c4d62ae00ec6a81ddfbb2,854778689611649472,_Base-MN-f1-99_loan_v1_v5_simulated_GATv2,_Base-MN-f1,99,train_grad_norm_struct_xattn,0,1781337380522,0.0
learn,GATv2+Mask,BaselineGATv2Mask,f22f95e6487c4d62ae00ec6a81ddfbb2,854778689611649472,_Base-MN-f1-99_loan_v1_v5_simulated_GATv2,_Base-MN-f1,99,train_grad_norm_struct_xattn,0,1781337464103,0.0
learn,GATv2+Mask,BaselineGATv2Mask,f22f95e6487c4d62ae00ec6a81ddfbb2,854778689611649472,_Base-MN-f1-99_loan_v1_v5_simulated_GATv2,_Base-MN-f1,99,train_grad_norm_struct_xattn,0,1781337464103,0.0
learn,GATv2+Mask,BaselineGATv2Mask,f22f95e6487c4d62ae00ec6a81ddfbb2,854778689611649472,_Base-MN-f1-99_loan_v1_v5_simulated_GATv2,_Base-MN-f1,99,train_grad_norm_struct_xattn,0,1781337553340,0.0
learn,GATv2+Mask,BaselineGATv2Mask,f22f95e6487c4d62ae00ec6a81ddfbb2,854778689611649472,_Base-MN-f1-99_loan_v1_v5_simulated_GATv2,_Base-MN-f1,99,train_grad_norm_struct_xattn,0,1781337553340,0.0
learn,GATv2+Mask,BaselineGATv2Mask,f22f95e6487c4d62ae00ec6a81ddfbb2,854778689611649472,_Base-MN-f1-99_loan_v1_v5_simulated_GATv2,_Base-MN-f1,99,train_grad_norm_struct_xattn,0,1781337651480,0.0
learn,GATv2+Mask,BaselineGATv2Mask,f22f95e6487c4d62ae00ec6a81ddfbb2,854778689611649472,_Base-MN-f1-99_loan_v1_v5_simulated_GATv2,_Base-MN-f1,99,train_grad_norm_struct_xattn,0,1781337651480,0.0
learn,GATv2+Mask,BaselineGATv2Mask,f22f95e6487c4d62ae00ec6a81ddfbb2,854778689611649472,_Base-MN-f1-99_loan_v1_v5_simulated_GATv2,_Base-MN-f1,99,train_grad_norm_struct_xattn,0,1781337732119,0.0
learn,GATv2+Mask,BaselineGATv2Mask,f22f95e6487c4d62ae00ec6a81ddfbb2,854778689611649472,_Base-MN-f1-99_loan_v1_v5_simulated_GATv2,_Base-MN-f1,99,train_grad_norm_struct_xattn,0,1781337732119,0.0
learn,GATv2+Mask,BaselineGATv2Mask,f22f95e6487c4d62ae00ec6a81ddfbb2,854778689611649472,_Base-MN-f1-99_loan_v1_v5_simulated_GATv2,_Base-MN-f1,99,train_grad_norm_struct_xattn,0,1781337814293,0.0
learn,GATv2+Mask,BaselineGATv2Mask,f22f95e6487c4d62ae00ec6a81ddfbb2,854778689611649472,_Base-MN-f1-99_loan_v1_v5_simulated_GATv2,_Base-MN-f1,99,train_grad_norm_struct_xattn,0,1781337814293,0.0
learn,GATv2+Mask,BaselineGATv2Mask,f22f95e6487c4d62ae00ec6a81ddfbb2,854778689611649472,_Base-MN-f1-99_loan_v1_v5_simulated_GATv2,_Base-MN-f1,99,train_grad_norm_struct_xattn,0,1781337904183,0.0
learn,GATv2+Mask,BaselineGATv2Mask,f22f95e6487c4d62ae00ec6a81ddfbb2,854778689611649472,_Base-MN-f1-99_loan_v1_v5_simulated_GATv2,_Base-MN-f1,99,train_grad_norm_struct_xattn,0,1781337904183,0.0
learn,GATv2+Mask,BaselineGATv2Mask,f22f95e6487c4d62ae00ec6a81ddfbb2,854778689611649472,_Base-MN-f1-99_loan_v1_v5_simulated_GATv2,_Base-MN-f1,99,train_grad_norm_struct_xattn,0,1781338000328,0.0
learn,GATv2+Mask,BaselineGATv2Mask,f22f95e6487c4d62ae00ec6a81ddfbb2,854778689611649472,_Base-MN-f1-99_loan_v1_v5_simulated_GATv2,_Base-MN-f1,99,train_grad_norm_struct_xattn,0,1781338000328,0.0
learn,GATv2+Mask,BaselineGATv2Mask,f22f95e6487c4d62ae00ec6a81ddfbb2,854778689611649472,_Base-MN-f1-99_loan_v1_v5_simulated_GATv2,_Base-MN-f1,99,train_grad_norm_struct_xattn,0,1781338091165,0.0
learn,GATv2+Mask,BaselineGATv2Mask,f22f95e6487c4d62ae00ec6a81ddfbb2,854778689611649472,_Base-MN-f1-99_loan_v1_v5_simulated_GATv2,_Base-MN-f1,99,train_grad_norm_struct_xattn,0,1781338091165,0.0
learn,GATv2+Mask,BaselineGATv2Mask,f22f95e6487c4d62ae00ec6a81ddfbb2,854778689611649472,_Base-MN-f1-99_loan_v1_v5_simulated_GATv2,_Base-MN-f1,99,train_grad_norm_struct_xattn,0,1781338186448,0.0
learn,GATv2+Mask,BaselineGATv2Mask,f22f95e6487c4d62ae00ec6a81ddfbb2,854778689611649472,_Base-MN-f1-99_loan_v1_v5_simulated_GATv2,_Base-MN-f1,99,train_grad_norm_struct_xattn,0,1781338186448,0.0
learn,GATv2+Mask,BaselineGATv2Mask,f22f95e6487c4d62ae00ec6a81ddfbb2,854778689611649472,_Base-MN-f1-99_loan_v1_v5_simulated_GATv2,_Base-MN-f1,99,train_grad_norm_struct_xattn,0,1781338289936,0.0
learn,GATv2+Mask,BaselineGATv2Mask,f22f95e6487c4d62ae00ec6a81ddfbb2,854778689611649472,_Base-MN-f1-99_loan_v1_v5_simulated_GATv2,_Base-MN-f1,99,train_grad_norm_struct_xattn,0,1781338289936,0.0
learn,GATv2+Mask,BaselineGATv2Mask,f22f95e6487c4d62ae00ec6a81ddfbb2,854778689611649472,_Base-MN-f1-99_loan_v1_v5_simulated_GATv2,_Base-MN-f1,99,train_grad_norm_struct_xattn,0,1781338377710,0.0
learn,GATv2+Mask,BaselineGATv2Mask,f22f95e6487c4d62ae00ec6a81ddfbb2,854778689611649472,_Base-MN-f1-99_loan_v1_v5_simulated_GATv2,_Base-MN-f1,99,train_grad_norm_struct_xattn,0,1781338377710,0.0
learn,GATv2+Mask,BaselineGATv2Mask,f22f95e6487c4d62ae00ec6a81ddfbb2,854778689611649472,_Base-MN-f1-99_loan_v1_v5_simulated_GATv2,_Base-MN-f1,99,train_grad_norm_struct_xattn,0,1781338476651,0.0
learn,GATv2+Mask,BaselineGATv2Mask,f22f95e6487c4d62ae00ec6a81ddfbb2,854778689611649472,_Base-MN-f1-99_loan_v1_v5_simulated_GATv2,_Base-MN-f1,99,train_grad_norm_struct_xattn,0,1781338476651,0.0
learn,GATv2+Mask,BaselineGATv2Mask,f22f95e6487c4d62ae00ec6a81ddfbb2,854778689611649472,_Base-MN-f1-99_loan_v1_v5_simulated_GATv2,_Base-MN-f1,99,train_grad_norm_struct_xattn,0,1781338562215,0.0
learn,GATv2+Mask,BaselineGATv2Mask,f22f95e6487c4d62ae00ec6a81ddfbb2,854778689611649472,_Base-MN-f1-99_loan_v1_v5_simulated_GATv2,_Base-MN-f1,99,train_grad_norm_struct_xattn,0,1781338562215,0.0
learn,GATv2+Mask,BaselineGATv2Mask,f22f95e6487c4d62ae00ec6a81ddfbb2,854778689611649472,_Base-MN-f1-99_loan_v1_v5_simulated_GATv2,_Base-MN-f1,99,train_grad_norm_struct_xattn,0,1781338645940,0.0
learn,GATv2+Mask,BaselineGATv2Mask,f22f95e6487c4d62ae00ec6a81ddfbb2,854778689611649472,_Base-MN-f1-99_loan_v1_v5_simulated_GATv2,_Base-MN-f1,99,train_grad_norm_struct_xattn,0,1781338645940,0.0
learn,GATv2+Mask,BaselineGATv2Mask,f22f95e6487c4d62ae00ec6a81ddfbb2,854778689611649472,_Base-MN-f1-99_loan_v1_v5_simulated_GATv2,_Base-MN-f1,99,train_grad_norm_struct_xattn,0,1781338747920,0.0
learn,GATv2+Mask,BaselineGATv2Mask,f22f95e6487c4d62ae00ec6a81ddfbb2,854778689611649472,_Base-MN-f1-99_loan_v1_v5_simulated_GATv2,_Base-MN-f1,99,train_grad_norm_struct_xattn,0,1781338747920,0.0
learn,GATv2+Mask,BaselineGATv2Mask,f22f95e6487c4d62ae00ec6a81ddfbb2,854778689611649472,_Base-MN-f1-99_loan_v1_v5_simulated_GATv2,_Base-MN-f1,99,train_grad_norm_struct_xattn,0,1781338840444,0.0
learn,GATv2+Mask,BaselineGATv2Mask,f22f95e6487c4d62ae00ec6a81ddfbb2,854778689611649472,_Base-MN-f1-99_loan_v1_v5_simulated_GATv2,_Base-MN-f1,99,train_grad_norm_struct_xattn,0,1781338840444,0.0
learn,GATv2+Mask,BaselineGATv2Mask,fd61176a11094a29bec34a4accb6a2e7,854778689611649472,_Base-MN-f1-67_loan_v1_v5_simulated_GATv2,_Base-MN-f1,67,train_grad_norm_struct_xattn,0,1781265869695,0.0
learn,GATv2+Mask,BaselineGATv2Mask,fd61176a11094a29bec34a4accb6a2e7,854778689611649472,_Base-MN-f1-67_loan_v1_v5_simulated_GATv2,_Base-MN-f1,67,train_grad_norm_struct_xattn,0,1781265869695,0.0
learn,GATv2+Mask,BaselineGATv2Mask,fd61176a11094a29bec34a4accb6a2e7,854778689611649472,_Base-MN-f1-67_loan_v1_v5_simulated_GATv2,_Base-MN-f1,67,train_grad_norm_struct_xattn,0,1781265970901,0.0
learn,GATv2+Mask,BaselineGATv2Mask,fd61176a11094a29bec34a4accb6a2e7,854778689611649472,_Base-MN-f1-67_loan_v1_v5_simulated_GATv2,_Base-MN-f1,67,train_grad_norm_struct_xattn,0,1781265970901,0.0
learn,GATv2+Mask,BaselineGATv2Mask,fd61176a11094a29bec34a4accb6a2e7,854778689611649472,_Base-MN-f1-67_loan_v1_v5_simulated_GATv2,_Base-MN-f1,67,train_grad_norm_struct_xattn,0,1781266079718,0.0
learn,GATv2+Mask,BaselineGATv2Mask,fd61176a11094a29bec34a4accb6a2e7,854778689611649472,_Base-MN-f1-67_loan_v1_v5_simulated_GATv2,_Base-MN-f1,67,train_grad_norm_struct_xattn,0,1781266079718,0.0
learn,GATv2+Mask,BaselineGATv2Mask,fd61176a11094a29bec34a4accb6a2e7,854778689611649472,_Base-MN-f1-67_loan_v1_v5_simulated_GATv2,_Base-MN-f1,67,train_grad_norm_struct_xattn,0,1781266184750,0.0
learn,GATv2+Mask,BaselineGATv2Mask,fd61176a11094a29bec34a4accb6a2e7,854778689611649472,_Base-MN-f1-67_loan_v1_v5_simulated_GATv2,_Base-MN-f1,67,train_grad_norm_struct_xattn,0,1781266184750,0.0
learn,GATv2+Mask,BaselineGATv2Mask,fd61176a11094a29bec34a4accb6a2e7,854778689611649472,_Base-MN-f1-67_loan_v1_v5_simulated_GATv2,_Base-MN-f1,67,train_grad_norm_struct_xattn,0,1781266291185,0.0
learn,GATv2+Mask,BaselineGATv2Mask,fd61176a11094a29bec34a4accb6a2e7,854778689611649472,_Base-MN-f1-67_loan_v1_v5_simulated_GATv2,_Base-MN-f1,67,train_grad_norm_struct_xattn,0,1781266291185,0.0
learn,GATv2+Mask,BaselineGATv2Mask,fd61176a11094a29bec34a4accb6a2e7,854778689611649472,_Base-MN-f1-67_loan_v1_v5_simulated_GATv2,_Base-MN-f1,67,train_grad_norm_struct_xattn,0,1781266370568,0.0
learn,GATv2+Mask,BaselineGATv2Mask,fd61176a11094a29bec34a4accb6a2e7,854778689611649472,_Base-MN-f1-67_loan_v1_v5_simulated_GATv2,_Base-MN-f1,67,train_grad_norm_struct_xattn,0,1781266370568,0.0
learn,GATv2+Mask,BaselineGATv2Mask,fd61176a11094a29bec34a4accb6a2e7,854778689611649472,_Base-MN-f1-67_loan_v1_v5_simulated_GATv2,_Base-MN-f1,67,train_grad_norm_struct_xattn,0,1781266453356,0.0
learn,GATv2+Mask,BaselineGATv2Mask,fd61176a11094a29bec34a4accb6a2e7,854778689611649472,_Base-MN-f1-67_loan_v1_v5_simulated_GATv2,_Base-MN-f1,67,train_grad_norm_struct_xattn,0,1781266453356,0.0
learn,GATv2+Mask,BaselineGATv2Mask,fd61176a11094a29bec34a4accb6a2e7,854778689611649472,_Base-MN-f1-67_loan_v1_v5_simulated_GATv2,_Base-MN-f1,67,train_grad_norm_struct_xattn,0,1781266544748,0.0
learn,GATv2+Mask,BaselineGATv2Mask,fd61176a11094a29bec34a4accb6a2e7,854778689611649472,_Base-MN-f1-67_loan_v1_v5_simulated_GATv2,_Base-MN-f1,67,train_grad_norm_struct_xattn,0,1781266544748,0.0
learn,GATv2+Mask,BaselineGATv2Mask,fd61176a11094a29bec34a4accb6a2e7,854778689611649472,_Base-MN-f1-67_loan_v1_v5_simulated_GATv2,_Base-MN-f1,67,train_grad_norm_struct_xattn,0,1781266653231,0.0
learn,GATv2+Mask,BaselineGATv2Mask,fd61176a11094a29bec34a4accb6a2e7,854778689611649472,_Base-MN-f1-67_loan_v1_v5_simulated_GATv2,_Base-MN-f1,67,train_grad_norm_struct_xattn,0,1781266653231,0.0
learn,GATv2+Mask,BaselineGATv2Mask,fd61176a11094a29bec34a4accb6a2e7,854778689611649472,_Base-MN-f1-67_loan_v1_v5_simulated_GATv2,_Base-MN-f1,67,train_grad_norm_struct_xattn,0,1781266756709,0.0
learn,GATv2+Mask,BaselineGATv2Mask,fd61176a11094a29bec34a4accb6a2e7,854778689611649472,_Base-MN-f1-67_loan_v1_v5_simulated_GATv2,_Base-MN-f1,67,train_grad_norm_struct_xattn,0,1781266756709,0.0
learn,GATv2+Mask,BaselineGATv2Mask,fd61176a11094a29bec34a4accb6a2e7,854778689611649472,_Base-MN-f1-67_loan_v1_v5_simulated_GATv2,_Base-MN-f1,67,train_grad_norm_struct_xattn,0,1781266864011,0.0
learn,GATv2+Mask,BaselineGATv2Mask,fd61176a11094a29bec34a4accb6a2e7,854778689611649472,_Base-MN-f1-67_loan_v1_v5_simulated_GATv2,_Base-MN-f1,67,train_grad_norm_struct_xattn,0,1781266864011,0.0
learn,GATv2+Mask,BaselineGATv2Mask,fd61176a11094a29bec34a4accb6a2e7,854778689611649472,_Base-MN-f1-67_loan_v1_v5_simulated_GATv2,_Base-MN-f1,67,train_grad_norm_struct_xattn,0,1781266943878,0.0
learn,GATv2+Mask,BaselineGATv2Mask,fd61176a11094a29bec34a4accb6a2e7,854778689611649472,_Base-MN-f1-67_loan_v1_v5_simulated_GATv2,_Base-MN-f1,67,train_grad_norm_struct_xattn,0,1781266943878,0.0
learn,GATv2+Mask,BaselineGATv2Mask,fd61176a11094a29bec34a4accb6a2e7,854778689611649472,_Base-MN-f1-67_loan_v1_v5_simulated_GATv2,_Base-MN-f1,67,train_grad_norm_struct_xattn,0,1781267023037,0.0
learn,GATv2+Mask,BaselineGATv2Mask,fd61176a11094a29bec34a4accb6a2e7,854778689611649472,_Base-MN-f1-67_loan_v1_v5_simulated_GATv2,_Base-MN-f1,67,train_grad_norm_struct_xattn,0,1781267023037,0.0
learn,GATv2+Mask,BaselineGATv2Mask,fd61176a11094a29bec34a4accb6a2e7,854778689611649472,_Base-MN-f1-67_loan_v1_v5_simulated_GATv2,_Base-MN-f1,67,train_grad_norm_struct_xattn,0,1781267105572,0.0
learn,GATv2+Mask,BaselineGATv2Mask,fd61176a11094a29bec34a4accb6a2e7,854778689611649472,_Base-MN-f1-67_loan_v1_v5_simulated_GATv2,_Base-MN-f1,67,train_grad_norm_struct_xattn,0,1781267105572,0.0
learn,GATv2+Mask,BaselineGATv2Mask,fd61176a11094a29bec34a4accb6a2e7,854778689611649472,_Base-MN-f1-67_loan_v1_v5_simulated_GATv2,_Base-MN-f1,67,train_grad_norm_struct_xattn,0,1781267186855,0.0
learn,GATv2+Mask,BaselineGATv2Mask,fd61176a11094a29bec34a4accb6a2e7,854778689611649472,_Base-MN-f1-67_loan_v1_v5_simulated_GATv2,_Base-MN-f1,67,train_grad_norm_struct_xattn,0,1781267186855,0.0
learn,GATv2+Mask,BaselineGATv2Mask,fd61176a11094a29bec34a4accb6a2e7,854778689611649472,_Base-MN-f1-67_loan_v1_v5_simulated_GATv2,_Base-MN-f1,67,train_grad_norm_struct_xattn,0,1781267266717,0.0
learn,GATv2+Mask,BaselineGATv2Mask,fd61176a11094a29bec34a4accb6a2e7,854778689611649472,_Base-MN-f1-67_loan_v1_v5_simulated_GATv2,_Base-MN-f1,67,train_grad_norm_struct_xattn,0,1781267266717,0.0
learn,GATv2+Mask,BaselineGATv2Mask,fd61176a11094a29bec34a4accb6a2e7,854778689611649472,_Base-MN-f1-67_loan_v1_v5_simulated_GATv2,_Base-MN-f1,67,train_grad_norm_struct_xattn,0,1781267348254,0.0
learn,GATv2+Mask,BaselineGATv2Mask,fd61176a11094a29bec34a4accb6a2e7,854778689611649472,_Base-MN-f1-67_loan_v1_v5_simulated_GATv2,_Base-MN-f1,67,train_grad_norm_struct_xattn,0,1781267348254,0.0
learn,GATv2+Mask,BaselineGATv2Mask,fd61176a11094a29bec34a4accb6a2e7,854778689611649472,_Base-MN-f1-67_loan_v1_v5_simulated_GATv2,_Base-MN-f1,67,train_grad_norm_struct_xattn,0,1781267426956,0.0
learn,GATv2+Mask,BaselineGATv2Mask,fd61176a11094a29bec34a4accb6a2e7,854778689611649472,_Base-MN-f1-67_loan_v1_v5_simulated_GATv2,_Base-MN-f1,67,train_grad_norm_struct_xattn,0,1781267426956,0.0
learn,GATv2+Mask,BaselineGATv2Mask,fd61176a11094a29bec34a4accb6a2e7,854778689611649472,_Base-MN-f1-67_loan_v1_v5_simulated_GATv2,_Base-MN-f1,67,train_grad_norm_struct_xattn,0,1781267505849,0.0
learn,GATv2+Mask,BaselineGATv2Mask,fd61176a11094a29bec34a4accb6a2e7,854778689611649472,_Base-MN-f1-67_loan_v1_v5_simulated_GATv2,_Base-MN-f1,67,train_grad_norm_struct_xattn,0,1781267505849,0.0
learn,GATv2+Mask,BaselineGATv2Mask,fd61176a11094a29bec34a4accb6a2e7,854778689611649472,_Base-MN-f1-67_loan_v1_v5_simulated_GATv2,_Base-MN-f1,67,train_grad_norm_struct_xattn,0,1781267592253,0.0
learn,GATv2+Mask,BaselineGATv2Mask,fd61176a11094a29bec34a4accb6a2e7,854778689611649472,_Base-MN-f1-67_loan_v1_v5_simulated_GATv2,_Base-MN-f1,67,train_grad_norm_struct_xattn,0,1781267592253,0.0
learn,GATv2+Mask,BaselineGATv2Mask,fd61176a11094a29bec34a4accb6a2e7,854778689611649472,_Base-MN-f1-67_loan_v1_v5_simulated_GATv2,_Base-MN-f1,67,train_grad_norm_struct_xattn,0,1781267672057,0.0
learn,GATv2+Mask,BaselineGATv2Mask,fd61176a11094a29bec34a4accb6a2e7,854778689611649472,_Base-MN-f1-67_loan_v1_v5_simulated_GATv2,_Base-MN-f1,67,train_grad_norm_struct_xattn,0,1781267672057,0.0
learn,GATv2+Mask,BaselineGATv2Mask,fd61176a11094a29bec34a4accb6a2e7,854778689611649472,_Base-MN-f1-67_loan_v1_v5_simulated_GATv2,_Base-MN-f1,67,train_grad_norm_struct_xattn,0,1781267752346,0.0
learn,GATv2+Mask,BaselineGATv2Mask,fd61176a11094a29bec34a4accb6a2e7,854778689611649472,_Base-MN-f1-67_loan_v1_v5_simulated_GATv2,_Base-MN-f1,67,train_grad_norm_struct_xattn,0,1781267752346,0.0
learn,GATv2+Mask,BaselineGATv2Mask,fd61176a11094a29bec34a4accb6a2e7,854778689611649472,_Base-MN-f1-67_loan_v1_v5_simulated_GATv2,_Base-MN-f1,67,train_grad_norm_struct_xattn,0,1781267832022,0.0
learn,GATv2+Mask,BaselineGATv2Mask,fd61176a11094a29bec34a4accb6a2e7,854778689611649472,_Base-MN-f1-67_loan_v1_v5_simulated_GATv2,_Base-MN-f1,67,train_grad_norm_struct_xattn,0,1781267832022,0.0
learn,LSTM,LSTM_Baseline,28783e1f90934a3c9261e69c322f731a,854778689611649472,_LSTM-UN-f1-5-99_loan_v1_v5_simulated_LSTM,_LSTM-UN-f1-5,99,train_grad_norm_struct_xattn,0,1781461881126,0.0
learn,LSTM,LSTM_Baseline,28783e1f90934a3c9261e69c322f731a,854778689611649472,_LSTM-UN-f1-5-99_loan_v1_v5_simulated_LSTM,_LSTM-UN-f1-5,99,train_grad_norm_struct_xattn,0,1781461881126,0.0
learn,LSTM,LSTM_Baseline,28783e1f90934a3c9261e69c322f731a,854778689611649472,_LSTM-UN-f1-5-99_loan_v1_v5_simulated_LSTM,_LSTM-UN-f1-5,99,train_grad_norm_struct_xattn,0,1781462047359,0.0
learn,LSTM,LSTM_Baseline,28783e1f90934a3c9261e69c322f731a,854778689611649472,_LSTM-UN-f1-5-99_loan_v1_v5_simulated_LSTM,_LSTM-UN-f1-5,99,train_grad_norm_struct_xattn,0,1781462047359,0.0
learn,LSTM,LSTM_Baseline,28783e1f90934a3c9261e69c322f731a,854778689611649472,_LSTM-UN-f1-5-99_loan_v1_v5_simulated_LSTM,_LSTM-UN-f1-5,99,train_grad_norm_struct_xattn,0,1781462189113,0.0
learn,LSTM,LSTM_Baseline,28783e1f90934a3c9261e69c322f731a,854778689611649472,_LSTM-UN-f1-5-99_loan_v1_v5_simulated_LSTM,_LSTM-UN-f1-5,99,train_grad_norm_struct_xattn,0,1781462189113,0.0
learn,LSTM,LSTM_Baseline,28783e1f90934a3c9261e69c322f731a,854778689611649472,_LSTM-UN-f1-5-99_loan_v1_v5_simulated_LSTM,_LSTM-UN-f1-5,99,train_grad_norm_struct_xattn,0,1781462334200,0.0
learn,LSTM,LSTM_Baseline,28783e1f90934a3c9261e69c322f731a,854778689611649472,_LSTM-UN-f1-5-99_loan_v1_v5_simulated_LSTM,_LSTM-UN-f1-5,99,train_grad_norm_struct_xattn,0,1781462334200,0.0
learn,LSTM,LSTM_Baseline,28783e1f90934a3c9261e69c322f731a,854778689611649472,_LSTM-UN-f1-5-99_loan_v1_v5_simulated_LSTM,_LSTM-UN-f1-5,99,train_grad_norm_struct_xattn,0,1781462476734,0.0
learn,LSTM,LSTM_Baseline,28783e1f90934a3c9261e69c322f731a,854778689611649472,_LSTM-UN-f1-5-99_loan_v1_v5_simulated_LSTM,_LSTM-UN-f1-5,99,train_grad_norm_struct_xattn,0,1781462476734,0.0
learn,LSTM,LSTM_Baseline,28783e1f90934a3c9261e69c322f731a,854778689611649472,_LSTM-UN-f1-5-99_loan_v1_v5_simulated_LSTM,_LSTM-UN-f1-5,99,train_grad_norm_struct_xattn,0,1781462621561,0.0
learn,LSTM,LSTM_Baseline,28783e1f90934a3c9261e69c322f731a,854778689611649472,_LSTM-UN-f1-5-99_loan_v1_v5_simulated_LSTM,_LSTM-UN-f1-5,99,train_grad_norm_struct_xattn,0,1781462621561,0.0
learn,LSTM,LSTM_Baseline,28783e1f90934a3c9261e69c322f731a,854778689611649472,_LSTM-UN-f1-5-99_loan_v1_v5_simulated_LSTM,_LSTM-UN-f1-5,99,train_grad_norm_struct_xattn,0,1781462770182,0.0
learn,LSTM,LSTM_Baseline,28783e1f90934a3c9261e69c322f731a,854778689611649472,_LSTM-UN-f1-5-99_loan_v1_v5_simulated_LSTM,_LSTM-UN-f1-5,99,train_grad_norm_struct_xattn,0,1781462770182,0.0
learn,LSTM,LSTM_Baseline,28783e1f90934a3c9261e69c322f731a,854778689611649472,_LSTM-UN-f1-5-99_loan_v1_v5_simulated_LSTM,_LSTM-UN-f1-5,99,train_grad_norm_struct_xattn,0,1781462922804,0.0
learn,LSTM,LSTM_Baseline,28783e1f90934a3c9261e69c322f731a,854778689611649472,_LSTM-UN-f1-5-99_loan_v1_v5_simulated_LSTM,_LSTM-UN-f1-5,99,train_grad_norm_struct_xattn,0,1781462922804,0.0
learn,LSTM,LSTM_Baseline,28783e1f90934a3c9261e69c322f731a,854778689611649472,_LSTM-UN-f1-5-99_loan_v1_v5_simulated_LSTM,_LSTM-UN-f1-5,99,train_grad_norm_struct_xattn,0,1781463067260,0.0
learn,LSTM,LSTM_Baseline,28783e1f90934a3c9261e69c322f731a,854778689611649472,_LSTM-UN-f1-5-99_loan_v1_v5_simulated_LSTM,_LSTM-UN-f1-5,99,train_grad_norm_struct_xattn,0,1781463067260,0.0
learn,LSTM,LSTM_Baseline,28783e1f90934a3c9261e69c322f731a,854778689611649472,_LSTM-UN-f1-5-99_loan_v1_v5_simulated_LSTM,_LSTM-UN-f1-5,99,train_grad_norm_struct_xattn,0,1781463218047,0.0
learn,LSTM,LSTM_Baseline,28783e1f90934a3c9261e69c322f731a,854778689611649472,_LSTM-UN-f1-5-99_loan_v1_v5_simulated_LSTM,_LSTM-UN-f1-5,99,train_grad_norm_struct_xattn,0,1781463218047,0.0
learn,LSTM,LSTM_Baseline,28783e1f90934a3c9261e69c322f731a,854778689611649472,_LSTM-UN-f1-5-99_loan_v1_v5_simulated_LSTM,_LSTM-UN-f1-5,99,train_grad_norm_struct_xattn,0,1781463358803,0.0
learn,LSTM,LSTM_Baseline,28783e1f90934a3c9261e69c322f731a,854778689611649472,_LSTM-UN-f1-5-99_loan_v1_v5_simulated_LSTM,_LSTM-UN-f1-5,99,train_grad_norm_struct_xattn,0,1781463358803,0.0
learn,LSTM,LSTM_Baseline,28783e1f90934a3c9261e69c322f731a,854778689611649472,_LSTM-UN-f1-5-99_loan_v1_v5_simulated_LSTM,_LSTM-UN-f1-5,99,train_grad_norm_struct_xattn,0,1781463506686,0.0
learn,LSTM,LSTM_Baseline,28783e1f90934a3c9261e69c322f731a,854778689611649472,_LSTM-UN-f1-5-99_loan_v1_v5_simulated_LSTM,_LSTM-UN-f1-5,99,train_grad_norm_struct_xattn,0,1781463506686,0.0
learn,LSTM,LSTM_Baseline,28783e1f90934a3c9261e69c322f731a,854778689611649472,_LSTM-UN-f1-5-99_loan_v1_v5_simulated_LSTM,_LSTM-UN-f1-5,99,train_grad_norm_struct_xattn,0,1781463658446,0.0
learn,LSTM,LSTM_Baseline,28783e1f90934a3c9261e69c322f731a,854778689611649472,_LSTM-UN-f1-5-99_loan_v1_v5_simulated_LSTM,_LSTM-UN-f1-5,99,train_grad_norm_struct_xattn,0,1781463658446,0.0
learn,LSTM,LSTM_Baseline,28783e1f90934a3c9261e69c322f731a,854778689611649472,_LSTM-UN-f1-5-99_loan_v1_v5_simulated_LSTM,_LSTM-UN-f1-5,99,train_grad_norm_struct_xattn,0,1781463799298,0.0
learn,LSTM,LSTM_Baseline,28783e1f90934a3c9261e69c322f731a,854778689611649472,_LSTM-UN-f1-5-99_loan_v1_v5_simulated_LSTM,_LSTM-UN-f1-5,99,train_grad_norm_struct_xattn,0,1781463799298,0.0
learn,LSTM,LSTM_Baseline,28783e1f90934a3c9261e69c322f731a,854778689611649472,_LSTM-UN-f1-5-99_loan_v1_v5_simulated_LSTM,_LSTM-UN-f1-5,99,train_grad_norm_struct_xattn,0,1781463942398,0.0
learn,LSTM,LSTM_Baseline,28783e1f90934a3c9261e69c322f731a,854778689611649472,_LSTM-UN-f1-5-99_loan_v1_v5_simulated_LSTM,_LSTM-UN-f1-5,99,train_grad_norm_struct_xattn,0,1781463942398,0.0
learn,LSTM,LSTM_Baseline,28783e1f90934a3c9261e69c322f731a,854778689611649472,_LSTM-UN-f1-5-99_loan_v1_v5_simulated_LSTM,_LSTM-UN-f1-5,99,train_grad_norm_struct_xattn,0,1781464086673,0.0
learn,LSTM,LSTM_Baseline,28783e1f90934a3c9261e69c322f731a,854778689611649472,_LSTM-UN-f1-5-99_loan_v1_v5_simulated_LSTM,_LSTM-UN-f1-5,99,train_grad_norm_struct_xattn,0,1781464086673,0.0
learn,LSTM,LSTM_Baseline,28783e1f90934a3c9261e69c322f731a,854778689611649472,_LSTM-UN-f1-5-99_loan_v1_v5_simulated_LSTM,_LSTM-UN-f1-5,99,train_grad_norm_struct_xattn,0,1781464230580,0.0
learn,LSTM,LSTM_Baseline,28783e1f90934a3c9261e69c322f731a,854778689611649472,_LSTM-UN-f1-5-99_loan_v1_v5_simulated_LSTM,_LSTM-UN-f1-5,99,train_grad_norm_struct_xattn,0,1781464230580,0.0
learn,LSTM,LSTM_Baseline,28783e1f90934a3c9261e69c322f731a,854778689611649472,_LSTM-UN-f1-5-99_loan_v1_v5_simulated_LSTM,_LSTM-UN-f1-5,99,train_grad_norm_struct_xattn,0,1781464371524,0.0
learn,LSTM,LSTM_Baseline,28783e1f90934a3c9261e69c322f731a,854778689611649472,_LSTM-UN-f1-5-99_loan_v1_v5_simulated_LSTM,_LSTM-UN-f1-5,99,train_grad_norm_struct_xattn,0,1781464371524,0.0
learn,LSTM,LSTM_Baseline,28783e1f90934a3c9261e69c322f731a,854778689611649472,_LSTM-UN-f1-5-99_loan_v1_v5_simulated_LSTM,_LSTM-UN-f1-5,99,train_grad_norm_struct_xattn,0,1781464512648,0.0
learn,LSTM,LSTM_Baseline,28783e1f90934a3c9261e69c322f731a,854778689611649472,_LSTM-UN-f1-5-99_loan_v1_v5_simulated_LSTM,_LSTM-UN-f1-5,99,train_grad_norm_struct_xattn,0,1781464512648,0.0
learn,LSTM,LSTM_Baseline,28783e1f90934a3c9261e69c322f731a,854778689611649472,_LSTM-UN-f1-5-99_loan_v1_v5_simulated_LSTM,_LSTM-UN-f1-5,99,train_grad_norm_struct_xattn,0,1781464653949,0.0
learn,LSTM,LSTM_Baseline,28783e1f90934a3c9261e69c322f731a,854778689611649472,_LSTM-UN-f1-5-99_loan_v1_v5_simulated_LSTM,_LSTM-UN-f1-5,99,train_grad_norm_struct_xattn,0,1781464653949,0.0
learn,LSTM,LSTM_Baseline,28783e1f90934a3c9261e69c322f731a,854778689611649472,_LSTM-UN-f1-5-99_loan_v1_v5_simulated_LSTM,_LSTM-UN-f1-5,99,train_grad_norm_struct_xattn,0,1781464795240,0.0
learn,LSTM,LSTM_Baseline,28783e1f90934a3c9261e69c322f731a,854778689611649472,_LSTM-UN-f1-5-99_loan_v1_v5_simulated_LSTM,_LSTM-UN-f1-5,99,train_grad_norm_struct_xattn,0,1781464795240,0.0
learn,LSTM,LSTM_Baseline,28783e1f90934a3c9261e69c322f731a,854778689611649472,_LSTM-UN-f1-5-99_loan_v1_v5_simulated_LSTM,_LSTM-UN-f1-5,99,train_grad_norm_struct_xattn,0,1781464938352,0.0
learn,LSTM,LSTM_Baseline,28783e1f90934a3c9261e69c322f731a,854778689611649472,_LSTM-UN-f1-5-99_loan_v1_v5_simulated_LSTM,_LSTM-UN-f1-5,99,train_grad_norm_struct_xattn,0,1781464938352,0.0
learn,LSTM,LSTM_Baseline,28783e1f90934a3c9261e69c322f731a,854778689611649472,_LSTM-UN-f1-5-99_loan_v1_v5_simulated_LSTM,_LSTM-UN-f1-5,99,train_grad_norm_struct_xattn,0,1781465078792,0.0
learn,LSTM,LSTM_Baseline,28783e1f90934a3c9261e69c322f731a,854778689611649472,_LSTM-UN-f1-5-99_loan_v1_v5_simulated_LSTM,_LSTM-UN-f1-5,99,train_grad_norm_struct_xattn,0,1781465078792,0.0
learn,LSTM,LSTM_Baseline,28783e1f90934a3c9261e69c322f731a,854778689611649472,_LSTM-UN-f1-5-99_loan_v1_v5_simulated_LSTM,_LSTM-UN-f1-5,99,train_grad_norm_struct_xattn,0,1781465220024,0.0
learn,LSTM,LSTM_Baseline,28783e1f90934a3c9261e69c322f731a,854778689611649472,_LSTM-UN-f1-5-99_loan_v1_v5_simulated_LSTM,_LSTM-UN-f1-5,99,train_grad_norm_struct_xattn,0,1781465220024,0.0
learn,LSTM,LSTM_Baseline,28783e1f90934a3c9261e69c322f731a,854778689611649472,_LSTM-UN-f1-5-99_loan_v1_v5_simulated_LSTM,_LSTM-UN-f1-5,99,train_grad_norm_struct_xattn,0,1781465373347,0.0
learn,LSTM,LSTM_Baseline,28783e1f90934a3c9261e69c322f731a,854778689611649472,_LSTM-UN-f1-5-99_loan_v1_v5_simulated_LSTM,_LSTM-UN-f1-5,99,train_grad_norm_struct_xattn,0,1781465373347,0.0
learn,LSTM,LSTM_Baseline,28783e1f90934a3c9261e69c322f731a,854778689611649472,_LSTM-UN-f1-5-99_loan_v1_v5_simulated_LSTM,_LSTM-UN-f1-5,99,train_grad_norm_struct_xattn,0,1781465514981,0.0
learn,LSTM,LSTM_Baseline,28783e1f90934a3c9261e69c322f731a,854778689611649472,_LSTM-UN-f1-5-99_loan_v1_v5_simulated_LSTM,_LSTM-UN-f1-5,99,train_grad_norm_struct_xattn,0,1781465514981,0.0
learn,LSTM,LSTM_Baseline,28783e1f90934a3c9261e69c322f731a,854778689611649472,_LSTM-UN-f1-5-99_loan_v1_v5_simulated_LSTM,_LSTM-UN-f1-5,99,train_grad_norm_struct_xattn,0,1781465655540,0.0
learn,LSTM,LSTM_Baseline,28783e1f90934a3c9261e69c322f731a,854778689611649472,_LSTM-UN-f1-5-99_loan_v1_v5_simulated_LSTM,_LSTM-UN-f1-5,99,train_grad_norm_struct_xattn,0,1781465655540,0.0
learn,LSTM,LSTM_Baseline,28783e1f90934a3c9261e69c322f731a,854778689611649472,_LSTM-UN-f1-5-99_loan_v1_v5_simulated_LSTM,_LSTM-UN-f1-5,99,train_grad_norm_struct_xattn,0,1781465796293,0.0
learn,LSTM,LSTM_Baseline,28783e1f90934a3c9261e69c322f731a,854778689611649472,_LSTM-UN-f1-5-99_loan_v1_v5_simulated_LSTM,_LSTM-UN-f1-5,99,train_grad_norm_struct_xattn,0,1781465796293,0.0
learn,LSTM,LSTM_Baseline,28783e1f90934a3c9261e69c322f731a,854778689611649472,_LSTM-UN-f1-5-99_loan_v1_v5_simulated_LSTM,_LSTM-UN-f1-5,99,train_grad_norm_struct_xattn,0,1781465936695,0.0
learn,LSTM,LSTM_Baseline,28783e1f90934a3c9261e69c322f731a,854778689611649472,_LSTM-UN-f1-5-99_loan_v1_v5_simulated_LSTM,_LSTM-UN-f1-5,99,train_grad_norm_struct_xattn,0,1781465936695,0.0
learn,LSTM,LSTM_Baseline,28783e1f90934a3c9261e69c322f731a,854778689611649472,_LSTM-UN-f1-5-99_loan_v1_v5_simulated_LSTM,_LSTM-UN-f1-5,99,train_grad_norm_struct_xattn,0,1781466076918,0.0
learn,LSTM,LSTM_Baseline,28783e1f90934a3c9261e69c322f731a,854778689611649472,_LSTM-UN-f1-5-99_loan_v1_v5_simulated_LSTM,_LSTM-UN-f1-5,99,train_grad_norm_struct_xattn,0,1781466076918,0.0
learn,LSTM,LSTM_Baseline,28783e1f90934a3c9261e69c322f731a,854778689611649472,_LSTM-UN-f1-5-99_loan_v1_v5_simulated_LSTM,_LSTM-UN-f1-5,99,train_grad_norm_struct_xattn,0,1781466218130,0.0
learn,LSTM,LSTM_Baseline,28783e1f90934a3c9261e69c322f731a,854778689611649472,_LSTM-UN-f1-5-99_loan_v1_v5_simulated_LSTM,_LSTM-UN-f1-5,99,train_grad_norm_struct_xattn,0,1781466218130,0.0
learn,LSTM,LSTM_Baseline,28783e1f90934a3c9261e69c322f731a,854778689611649472,_LSTM-UN-f1-5-99_loan_v1_v5_simulated_LSTM,_LSTM-UN-f1-5,99,train_grad_norm_struct_xattn,0,1781466360634,0.0
learn,LSTM,LSTM_Baseline,28783e1f90934a3c9261e69c322f731a,854778689611649472,_LSTM-UN-f1-5-99_loan_v1_v5_simulated_LSTM,_LSTM-UN-f1-5,99,train_grad_norm_struct_xattn,0,1781466360634,0.0
learn,LSTM,LSTM_Baseline,28783e1f90934a3c9261e69c322f731a,854778689611649472,_LSTM-UN-f1-5-99_loan_v1_v5_simulated_LSTM,_LSTM-UN-f1-5,99,train_grad_norm_struct_xattn,0,1781466503620,0.0
learn,LSTM,LSTM_Baseline,28783e1f90934a3c9261e69c322f731a,854778689611649472,_LSTM-UN-f1-5-99_loan_v1_v5_simulated_LSTM,_LSTM-UN-f1-5,99,train_grad_norm_struct_xattn,0,1781466503620,0.0
learn,LSTM,LSTM_Baseline,91bf625c79f04aeeb993f58ff30e43bb,854778689611649472,_LSTM-UN-f1-5-67_loan_v1_v5_simulated_LSTM,_LSTM-UN-f1-5,67,train_grad_norm_struct_xattn,0,1780945756174,0.0
learn,LSTM,LSTM_Baseline,91bf625c79f04aeeb993f58ff30e43bb,854778689611649472,_LSTM-UN-f1-5-67_loan_v1_v5_simulated_LSTM,_LSTM-UN-f1-5,67,train_grad_norm_struct_xattn,0,1780945756174,0.0
learn,LSTM,LSTM_Baseline,91bf625c79f04aeeb993f58ff30e43bb,854778689611649472,_LSTM-UN-f1-5-67_loan_v1_v5_simulated_LSTM,_LSTM-UN-f1-5,67,train_grad_norm_struct_xattn,0,1780946093418,0.0
learn,LSTM,LSTM_Baseline,91bf625c79f04aeeb993f58ff30e43bb,854778689611649472,_LSTM-UN-f1-5-67_loan_v1_v5_simulated_LSTM,_LSTM-UN-f1-5,67,train_grad_norm_struct_xattn,0,1780946093418,0.0
learn,LSTM,LSTM_Baseline,91bf625c79f04aeeb993f58ff30e43bb,854778689611649472,_LSTM-UN-f1-5-67_loan_v1_v5_simulated_LSTM,_LSTM-UN-f1-5,67,train_grad_norm_struct_xattn,0,1780946266043,0.0
learn,LSTM,LSTM_Baseline,91bf625c79f04aeeb993f58ff30e43bb,854778689611649472,_LSTM-UN-f1-5-67_loan_v1_v5_simulated_LSTM,_LSTM-UN-f1-5,67,train_grad_norm_struct_xattn,0,1780946266043,0.0
learn,LSTM,LSTM_Baseline,91bf625c79f04aeeb993f58ff30e43bb,854778689611649472,_LSTM-UN-f1-5-67_loan_v1_v5_simulated_LSTM,_LSTM-UN-f1-5,67,train_grad_norm_struct_xattn,0,1780946482861,0.0
learn,LSTM,LSTM_Baseline,91bf625c79f04aeeb993f58ff30e43bb,854778689611649472,_LSTM-UN-f1-5-67_loan_v1_v5_simulated_LSTM,_LSTM-UN-f1-5,67,train_grad_norm_struct_xattn,0,1780946482861,0.0
learn,LSTM,LSTM_Baseline,91bf625c79f04aeeb993f58ff30e43bb,854778689611649472,_LSTM-UN-f1-5-67_loan_v1_v5_simulated_LSTM,_LSTM-UN-f1-5,67,train_grad_norm_struct_xattn,0,1780946650648,0.0
learn,LSTM,LSTM_Baseline,91bf625c79f04aeeb993f58ff30e43bb,854778689611649472,_LSTM-UN-f1-5-67_loan_v1_v5_simulated_LSTM,_LSTM-UN-f1-5,67,train_grad_norm_struct_xattn,0,1780946650648,0.0
learn,LSTM,LSTM_Baseline,91bf625c79f04aeeb993f58ff30e43bb,854778689611649472,_LSTM-UN-f1-5-67_loan_v1_v5_simulated_LSTM,_LSTM-UN-f1-5,67,train_grad_norm_struct_xattn,0,1780946855249,0.0
learn,LSTM,LSTM_Baseline,91bf625c79f04aeeb993f58ff30e43bb,854778689611649472,_LSTM-UN-f1-5-67_loan_v1_v5_simulated_LSTM,_LSTM-UN-f1-5,67,train_grad_norm_struct_xattn,0,1780946855249,0.0
learn,LSTM,LSTM_Baseline,91bf625c79f04aeeb993f58ff30e43bb,854778689611649472,_LSTM-UN-f1-5-67_loan_v1_v5_simulated_LSTM,_LSTM-UN-f1-5,67,train_grad_norm_struct_xattn,0,1780947057031,0.0
learn,LSTM,LSTM_Baseline,91bf625c79f04aeeb993f58ff30e43bb,854778689611649472,_LSTM-UN-f1-5-67_loan_v1_v5_simulated_LSTM,_LSTM-UN-f1-5,67,train_grad_norm_struct_xattn,0,1780947057031,0.0
learn,LSTM,LSTM_Baseline,91bf625c79f04aeeb993f58ff30e43bb,854778689611649472,_LSTM-UN-f1-5-67_loan_v1_v5_simulated_LSTM,_LSTM-UN-f1-5,67,train_grad_norm_struct_xattn,0,1780947232507,0.0
learn,LSTM,LSTM_Baseline,91bf625c79f04aeeb993f58ff30e43bb,854778689611649472,_LSTM-UN-f1-5-67_loan_v1_v5_simulated_LSTM,_LSTM-UN-f1-5,67,train_grad_norm_struct_xattn,0,1780947232507,0.0
learn,LSTM,LSTM_Baseline,91bf625c79f04aeeb993f58ff30e43bb,854778689611649472,_LSTM-UN-f1-5-67_loan_v1_v5_simulated_LSTM,_LSTM-UN-f1-5,67,train_grad_norm_struct_xattn,0,1780947412887,0.0
learn,LSTM,LSTM_Baseline,91bf625c79f04aeeb993f58ff30e43bb,854778689611649472,_LSTM-UN-f1-5-67_loan_v1_v5_simulated_LSTM,_LSTM-UN-f1-5,67,train_grad_norm_struct_xattn,0,1780947412887,0.0
learn,LSTM,LSTM_Baseline,91bf625c79f04aeeb993f58ff30e43bb,854778689611649472,_LSTM-UN-f1-5-67_loan_v1_v5_simulated_LSTM,_LSTM-UN-f1-5,67,train_grad_norm_struct_xattn,0,1780947610843,0.0
learn,LSTM,LSTM_Baseline,91bf625c79f04aeeb993f58ff30e43bb,854778689611649472,_LSTM-UN-f1-5-67_loan_v1_v5_simulated_LSTM,_LSTM-UN-f1-5,67,train_grad_norm_struct_xattn,0,1780947610843,0.0
learn,LSTM,LSTM_Baseline,91bf625c79f04aeeb993f58ff30e43bb,854778689611649472,_LSTM-UN-f1-5-67_loan_v1_v5_simulated_LSTM,_LSTM-UN-f1-5,67,train_grad_norm_struct_xattn,0,1780947792127,0.0
learn,LSTM,LSTM_Baseline,91bf625c79f04aeeb993f58ff30e43bb,854778689611649472,_LSTM-UN-f1-5-67_loan_v1_v5_simulated_LSTM,_LSTM-UN-f1-5,67,train_grad_norm_struct_xattn,0,1780947792127,0.0
learn,LSTM,LSTM_Baseline,91bf625c79f04aeeb993f58ff30e43bb,854778689611649472,_LSTM-UN-f1-5-67_loan_v1_v5_simulated_LSTM,_LSTM-UN-f1-5,67,train_grad_norm_struct_xattn,0,1780947964627,0.0
learn,LSTM,LSTM_Baseline,91bf625c79f04aeeb993f58ff30e43bb,854778689611649472,_LSTM-UN-f1-5-67_loan_v1_v5_simulated_LSTM,_LSTM-UN-f1-5,67,train_grad_norm_struct_xattn,0,1780947964627,0.0
learn,LSTM,LSTM_Baseline,91bf625c79f04aeeb993f58ff30e43bb,854778689611649472,_LSTM-UN-f1-5-67_loan_v1_v5_simulated_LSTM,_LSTM-UN-f1-5,67,train_grad_norm_struct_xattn,0,1780948145140,0.0
learn,LSTM,LSTM_Baseline,91bf625c79f04aeeb993f58ff30e43bb,854778689611649472,_LSTM-UN-f1-5-67_loan_v1_v5_simulated_LSTM,_LSTM-UN-f1-5,67,train_grad_norm_struct_xattn,0,1780948145140,0.0
learn,LSTM,LSTM_Baseline,91bf625c79f04aeeb993f58ff30e43bb,854778689611649472,_LSTM-UN-f1-5-67_loan_v1_v5_simulated_LSTM,_LSTM-UN-f1-5,67,train_grad_norm_struct_xattn,0,1780948334107,0.0
learn,LSTM,LSTM_Baseline,91bf625c79f04aeeb993f58ff30e43bb,854778689611649472,_LSTM-UN-f1-5-67_loan_v1_v5_simulated_LSTM,_LSTM-UN-f1-5,67,train_grad_norm_struct_xattn,0,1780948334107,0.0
learn,LSTM,LSTM_Baseline,91bf625c79f04aeeb993f58ff30e43bb,854778689611649472,_LSTM-UN-f1-5-67_loan_v1_v5_simulated_LSTM,_LSTM-UN-f1-5,67,train_grad_norm_struct_xattn,0,1780948566432,0.0
learn,LSTM,LSTM_Baseline,91bf625c79f04aeeb993f58ff30e43bb,854778689611649472,_LSTM-UN-f1-5-67_loan_v1_v5_simulated_LSTM,_LSTM-UN-f1-5,67,train_grad_norm_struct_xattn,0,1780948566432,0.0
learn,LSTM,LSTM_Baseline,91bf625c79f04aeeb993f58ff30e43bb,854778689611649472,_LSTM-UN-f1-5-67_loan_v1_v5_simulated_LSTM,_LSTM-UN-f1-5,67,train_grad_norm_struct_xattn,0,1780948759289,0.0
learn,LSTM,LSTM_Baseline,91bf625c79f04aeeb993f58ff30e43bb,854778689611649472,_LSTM-UN-f1-5-67_loan_v1_v5_simulated_LSTM,_LSTM-UN-f1-5,67,train_grad_norm_struct_xattn,0,1780948759289,0.0
learn,LSTM,LSTM_Baseline,91bf625c79f04aeeb993f58ff30e43bb,854778689611649472,_LSTM-UN-f1-5-67_loan_v1_v5_simulated_LSTM,_LSTM-UN-f1-5,67,train_grad_norm_struct_xattn,0,1780948946130,0.0
learn,LSTM,LSTM_Baseline,91bf625c79f04aeeb993f58ff30e43bb,854778689611649472,_LSTM-UN-f1-5-67_loan_v1_v5_simulated_LSTM,_LSTM-UN-f1-5,67,train_grad_norm_struct_xattn,0,1780948946130,0.0
learn,LSTM,LSTM_Baseline,91bf625c79f04aeeb993f58ff30e43bb,854778689611649472,_LSTM-UN-f1-5-67_loan_v1_v5_simulated_LSTM,_LSTM-UN-f1-5,67,train_grad_norm_struct_xattn,0,1780949132423,0.0
learn,LSTM,LSTM_Baseline,91bf625c79f04aeeb993f58ff30e43bb,854778689611649472,_LSTM-UN-f1-5-67_loan_v1_v5_simulated_LSTM,_LSTM-UN-f1-5,67,train_grad_norm_struct_xattn,0,1780949132423,0.0
learn,LSTM,LSTM_Baseline,91bf625c79f04aeeb993f58ff30e43bb,854778689611649472,_LSTM-UN-f1-5-67_loan_v1_v5_simulated_LSTM,_LSTM-UN-f1-5,67,train_grad_norm_struct_xattn,0,1780949336258,0.0
learn,LSTM,LSTM_Baseline,91bf625c79f04aeeb993f58ff30e43bb,854778689611649472,_LSTM-UN-f1-5-67_loan_v1_v5_simulated_LSTM,_LSTM-UN-f1-5,67,train_grad_norm_struct_xattn,0,1780949336258,0.0
learn,LSTM,LSTM_Baseline,91bf625c79f04aeeb993f58ff30e43bb,854778689611649472,_LSTM-UN-f1-5-67_loan_v1_v5_simulated_LSTM,_LSTM-UN-f1-5,67,train_grad_norm_struct_xattn,0,1780949629705,0.0
learn,LSTM,LSTM_Baseline,91bf625c79f04aeeb993f58ff30e43bb,854778689611649472,_LSTM-UN-f1-5-67_loan_v1_v5_simulated_LSTM,_LSTM-UN-f1-5,67,train_grad_norm_struct_xattn,0,1780949629705,0.0
learn,LSTM,LSTM_Baseline,91bf625c79f04aeeb993f58ff30e43bb,854778689611649472,_LSTM-UN-f1-5-67_loan_v1_v5_simulated_LSTM,_LSTM-UN-f1-5,67,train_grad_norm_struct_xattn,0,1780949860678,0.0
learn,LSTM,LSTM_Baseline,91bf625c79f04aeeb993f58ff30e43bb,854778689611649472,_LSTM-UN-f1-5-67_loan_v1_v5_simulated_LSTM,_LSTM-UN-f1-5,67,train_grad_norm_struct_xattn,0,1780949860678,0.0
learn,LSTM,LSTM_Baseline,91bf625c79f04aeeb993f58ff30e43bb,854778689611649472,_LSTM-UN-f1-5-67_loan_v1_v5_simulated_LSTM,_LSTM-UN-f1-5,67,train_grad_norm_struct_xattn,0,1780950022186,0.0
learn,LSTM,LSTM_Baseline,91bf625c79f04aeeb993f58ff30e43bb,854778689611649472,_LSTM-UN-f1-5-67_loan_v1_v5_simulated_LSTM,_LSTM-UN-f1-5,67,train_grad_norm_struct_xattn,0,1780950022186,0.0
learn,LSTM,LSTM_Baseline,91bf625c79f04aeeb993f58ff30e43bb,854778689611649472,_LSTM-UN-f1-5-67_loan_v1_v5_simulated_LSTM,_LSTM-UN-f1-5,67,train_grad_norm_struct_xattn,0,1780950179642,0.0
learn,LSTM,LSTM_Baseline,91bf625c79f04aeeb993f58ff30e43bb,854778689611649472,_LSTM-UN-f1-5-67_loan_v1_v5_simulated_LSTM,_LSTM-UN-f1-5,67,train_grad_norm_struct_xattn,0,1780950179642,0.0
learn,LSTM,LSTM_Baseline,91bf625c79f04aeeb993f58ff30e43bb,854778689611649472,_LSTM-UN-f1-5-67_loan_v1_v5_simulated_LSTM,_LSTM-UN-f1-5,67,train_grad_norm_struct_xattn,0,1780950333880,0.0
learn,LSTM,LSTM_Baseline,91bf625c79f04aeeb993f58ff30e43bb,854778689611649472,_LSTM-UN-f1-5-67_loan_v1_v5_simulated_LSTM,_LSTM-UN-f1-5,67,train_grad_norm_struct_xattn,0,1780950333880,0.0
learn,LSTM,LSTM_Baseline,91bf625c79f04aeeb993f58ff30e43bb,854778689611649472,_LSTM-UN-f1-5-67_loan_v1_v5_simulated_LSTM,_LSTM-UN-f1-5,67,train_grad_norm_struct_xattn,0,1780950486089,0.0
learn,LSTM,LSTM_Baseline,91bf625c79f04aeeb993f58ff30e43bb,854778689611649472,_LSTM-UN-f1-5-67_loan_v1_v5_simulated_LSTM,_LSTM-UN-f1-5,67,train_grad_norm_struct_xattn,0,1780950486089,0.0
learn,LSTM,LSTM_Baseline,91bf625c79f04aeeb993f58ff30e43bb,854778689611649472,_LSTM-UN-f1-5-67_loan_v1_v5_simulated_LSTM,_LSTM-UN-f1-5,67,train_grad_norm_struct_xattn,0,1780950660856,0.0
learn,LSTM,LSTM_Baseline,91bf625c79f04aeeb993f58ff30e43bb,854778689611649472,_LSTM-UN-f1-5-67_loan_v1_v5_simulated_LSTM,_LSTM-UN-f1-5,67,train_grad_norm_struct_xattn,0,1780950660856,0.0
learn,LSTM,LSTM_Baseline,91bf625c79f04aeeb993f58ff30e43bb,854778689611649472,_LSTM-UN-f1-5-67_loan_v1_v5_simulated_LSTM,_LSTM-UN-f1-5,67,train_grad_norm_struct_xattn,0,1780950835391,0.0
learn,LSTM,LSTM_Baseline,91bf625c79f04aeeb993f58ff30e43bb,854778689611649472,_LSTM-UN-f1-5-67_loan_v1_v5_simulated_LSTM,_LSTM-UN-f1-5,67,train_grad_norm_struct_xattn,0,1780950835391,0.0
learn,LSTM,LSTM_Baseline,91bf625c79f04aeeb993f58ff30e43bb,854778689611649472,_LSTM-UN-f1-5-67_loan_v1_v5_simulated_LSTM,_LSTM-UN-f1-5,67,train_grad_norm_struct_xattn,0,1780950985794,0.0
learn,LSTM,LSTM_Baseline,91bf625c79f04aeeb993f58ff30e43bb,854778689611649472,_LSTM-UN-f1-5-67_loan_v1_v5_simulated_LSTM,_LSTM-UN-f1-5,67,train_grad_norm_struct_xattn,0,1780950985794,0.0
learn,LSTM,LSTM_Baseline,91bf625c79f04aeeb993f58ff30e43bb,854778689611649472,_LSTM-UN-f1-5-67_loan_v1_v5_simulated_LSTM,_LSTM-UN-f1-5,67,train_grad_norm_struct_xattn,0,1780951137161,0.0
learn,LSTM,LSTM_Baseline,91bf625c79f04aeeb993f58ff30e43bb,854778689611649472,_LSTM-UN-f1-5-67_loan_v1_v5_simulated_LSTM,_LSTM-UN-f1-5,67,train_grad_norm_struct_xattn,0,1780951137161,0.0
learn,LSTM,LSTM_Baseline,91bf625c79f04aeeb993f58ff30e43bb,854778689611649472,_LSTM-UN-f1-5-67_loan_v1_v5_simulated_LSTM,_LSTM-UN-f1-5,67,train_grad_norm_struct_xattn,0,1780951287476,0.0
learn,LSTM,LSTM_Baseline,91bf625c79f04aeeb993f58ff30e43bb,854778689611649472,_LSTM-UN-f1-5-67_loan_v1_v5_simulated_LSTM,_LSTM-UN-f1-5,67,train_grad_norm_struct_xattn,0,1780951287476,0.0
learn,LSTM,LSTM_Baseline,91bf625c79f04aeeb993f58ff30e43bb,854778689611649472,_LSTM-UN-f1-5-67_loan_v1_v5_simulated_LSTM,_LSTM-UN-f1-5,67,train_grad_norm_struct_xattn,0,1780951437707,0.0
learn,LSTM,LSTM_Baseline,91bf625c79f04aeeb993f58ff30e43bb,854778689611649472,_LSTM-UN-f1-5-67_loan_v1_v5_simulated_LSTM,_LSTM-UN-f1-5,67,train_grad_norm_struct_xattn,0,1780951437707,0.0
learn,LSTM,LSTM_Baseline,91bf625c79f04aeeb993f58ff30e43bb,854778689611649472,_LSTM-UN-f1-5-67_loan_v1_v5_simulated_LSTM,_LSTM-UN-f1-5,67,train_grad_norm_struct_xattn,0,1780951588325,0.0
learn,LSTM,LSTM_Baseline,91bf625c79f04aeeb993f58ff30e43bb,854778689611649472,_LSTM-UN-f1-5-67_loan_v1_v5_simulated_LSTM,_LSTM-UN-f1-5,67,train_grad_norm_struct_xattn,0,1780951588325,0.0
learn,LSTM,LSTM_Baseline,91bf625c79f04aeeb993f58ff30e43bb,854778689611649472,_LSTM-UN-f1-5-67_loan_v1_v5_simulated_LSTM,_LSTM-UN-f1-5,67,train_grad_norm_struct_xattn,0,1780951739048,0.0
learn,LSTM,LSTM_Baseline,91bf625c79f04aeeb993f58ff30e43bb,854778689611649472,_LSTM-UN-f1-5-67_loan_v1_v5_simulated_LSTM,_LSTM-UN-f1-5,67,train_grad_norm_struct_xattn,0,1780951739048,0.0
learn,LSTM,LSTM_Baseline,91bf625c79f04aeeb993f58ff30e43bb,854778689611649472,_LSTM-UN-f1-5-67_loan_v1_v5_simulated_LSTM,_LSTM-UN-f1-5,67,train_grad_norm_struct_xattn,0,1780951890252,0.0
learn,LSTM,LSTM_Baseline,91bf625c79f04aeeb993f58ff30e43bb,854778689611649472,_LSTM-UN-f1-5-67_loan_v1_v5_simulated_LSTM,_LSTM-UN-f1-5,67,train_grad_norm_struct_xattn,0,1780951890252,0.0
learn,LSTM,LSTM_Baseline,97a69231f63141a7bb7f6780b16c17fe,854778689611649472,_LSTM-UN-f1-5-13_loan_v1_v5_simulated_LSTM,_LSTM-UN-f1-5,13,train_grad_norm_struct_xattn,0,1780979341054,0.0
learn,LSTM,LSTM_Baseline,97a69231f63141a7bb7f6780b16c17fe,854778689611649472,_LSTM-UN-f1-5-13_loan_v1_v5_simulated_LSTM,_LSTM-UN-f1-5,13,train_grad_norm_struct_xattn,0,1780979341054,0.0
learn,LSTM,LSTM_Baseline,97a69231f63141a7bb7f6780b16c17fe,854778689611649472,_LSTM-UN-f1-5-13_loan_v1_v5_simulated_LSTM,_LSTM-UN-f1-5,13,train_grad_norm_struct_xattn,0,1780979522111,0.0
learn,LSTM,LSTM_Baseline,97a69231f63141a7bb7f6780b16c17fe,854778689611649472,_LSTM-UN-f1-5-13_loan_v1_v5_simulated_LSTM,_LSTM-UN-f1-5,13,train_grad_norm_struct_xattn,0,1780979522111,0.0
learn,LSTM,LSTM_Baseline,97a69231f63141a7bb7f6780b16c17fe,854778689611649472,_LSTM-UN-f1-5-13_loan_v1_v5_simulated_LSTM,_LSTM-UN-f1-5,13,train_grad_norm_struct_xattn,0,1780979778765,0.0
learn,LSTM,LSTM_Baseline,97a69231f63141a7bb7f6780b16c17fe,854778689611649472,_LSTM-UN-f1-5-13_loan_v1_v5_simulated_LSTM,_LSTM-UN-f1-5,13,train_grad_norm_struct_xattn,0,1780979778765,0.0
learn,LSTM,LSTM_Baseline,97a69231f63141a7bb7f6780b16c17fe,854778689611649472,_LSTM-UN-f1-5-13_loan_v1_v5_simulated_LSTM,_LSTM-UN-f1-5,13,train_grad_norm_struct_xattn,0,1780979984449,0.0
learn,LSTM,LSTM_Baseline,97a69231f63141a7bb7f6780b16c17fe,854778689611649472,_LSTM-UN-f1-5-13_loan_v1_v5_simulated_LSTM,_LSTM-UN-f1-5,13,train_grad_norm_struct_xattn,0,1780979984449,0.0
learn,LSTM,LSTM_Baseline,97a69231f63141a7bb7f6780b16c17fe,854778689611649472,_LSTM-UN-f1-5-13_loan_v1_v5_simulated_LSTM,_LSTM-UN-f1-5,13,train_grad_norm_struct_xattn,0,1780980151958,0.0
learn,LSTM,LSTM_Baseline,97a69231f63141a7bb7f6780b16c17fe,854778689611649472,_LSTM-UN-f1-5-13_loan_v1_v5_simulated_LSTM,_LSTM-UN-f1-5,13,train_grad_norm_struct_xattn,0,1780980151958,0.0
learn,LSTM,LSTM_Baseline,97a69231f63141a7bb7f6780b16c17fe,854778689611649472,_LSTM-UN-f1-5-13_loan_v1_v5_simulated_LSTM,_LSTM-UN-f1-5,13,train_grad_norm_struct_xattn,0,1780980319405,0.0
learn,LSTM,LSTM_Baseline,97a69231f63141a7bb7f6780b16c17fe,854778689611649472,_LSTM-UN-f1-5-13_loan_v1_v5_simulated_LSTM,_LSTM-UN-f1-5,13,train_grad_norm_struct_xattn,0,1780980319405,0.0
learn,LSTM,LSTM_Baseline,97a69231f63141a7bb7f6780b16c17fe,854778689611649472,_LSTM-UN-f1-5-13_loan_v1_v5_simulated_LSTM,_LSTM-UN-f1-5,13,train_grad_norm_struct_xattn,0,1780980490189,0.0
learn,LSTM,LSTM_Baseline,97a69231f63141a7bb7f6780b16c17fe,854778689611649472,_LSTM-UN-f1-5-13_loan_v1_v5_simulated_LSTM,_LSTM-UN-f1-5,13,train_grad_norm_struct_xattn,0,1780980490189,0.0
learn,LSTM,LSTM_Baseline,97a69231f63141a7bb7f6780b16c17fe,854778689611649472,_LSTM-UN-f1-5-13_loan_v1_v5_simulated_LSTM,_LSTM-UN-f1-5,13,train_grad_norm_struct_xattn,0,1780980649378,0.0
learn,LSTM,LSTM_Baseline,97a69231f63141a7bb7f6780b16c17fe,854778689611649472,_LSTM-UN-f1-5-13_loan_v1_v5_simulated_LSTM,_LSTM-UN-f1-5,13,train_grad_norm_struct_xattn,0,1780980649378,0.0
learn,LSTM,LSTM_Baseline,97a69231f63141a7bb7f6780b16c17fe,854778689611649472,_LSTM-UN-f1-5-13_loan_v1_v5_simulated_LSTM,_LSTM-UN-f1-5,13,train_grad_norm_struct_xattn,0,1780980802676,0.0
learn,LSTM,LSTM_Baseline,97a69231f63141a7bb7f6780b16c17fe,854778689611649472,_LSTM-UN-f1-5-13_loan_v1_v5_simulated_LSTM,_LSTM-UN-f1-5,13,train_grad_norm_struct_xattn,0,1780980802676,0.0
learn,LSTM,LSTM_Baseline,97a69231f63141a7bb7f6780b16c17fe,854778689611649472,_LSTM-UN-f1-5-13_loan_v1_v5_simulated_LSTM,_LSTM-UN-f1-5,13,train_grad_norm_struct_xattn,0,1780980954156,0.0
learn,LSTM,LSTM_Baseline,97a69231f63141a7bb7f6780b16c17fe,854778689611649472,_LSTM-UN-f1-5-13_loan_v1_v5_simulated_LSTM,_LSTM-UN-f1-5,13,train_grad_norm_struct_xattn,0,1780980954156,0.0
learn,LSTM,LSTM_Baseline,97a69231f63141a7bb7f6780b16c17fe,854778689611649472,_LSTM-UN-f1-5-13_loan_v1_v5_simulated_LSTM,_LSTM-UN-f1-5,13,train_grad_norm_struct_xattn,0,1780981105197,0.0
learn,LSTM,LSTM_Baseline,97a69231f63141a7bb7f6780b16c17fe,854778689611649472,_LSTM-UN-f1-5-13_loan_v1_v5_simulated_LSTM,_LSTM-UN-f1-5,13,train_grad_norm_struct_xattn,0,1780981105197,0.0
learn,LSTM,LSTM_Baseline,97a69231f63141a7bb7f6780b16c17fe,854778689611649472,_LSTM-UN-f1-5-13_loan_v1_v5_simulated_LSTM,_LSTM-UN-f1-5,13,train_grad_norm_struct_xattn,0,1780981256839,0.0
learn,LSTM,LSTM_Baseline,97a69231f63141a7bb7f6780b16c17fe,854778689611649472,_LSTM-UN-f1-5-13_loan_v1_v5_simulated_LSTM,_LSTM-UN-f1-5,13,train_grad_norm_struct_xattn,0,1780981256839,0.0
learn,LSTM,LSTM_Baseline,97a69231f63141a7bb7f6780b16c17fe,854778689611649472,_LSTM-UN-f1-5-13_loan_v1_v5_simulated_LSTM,_LSTM-UN-f1-5,13,train_grad_norm_struct_xattn,0,1780981407237,0.0
learn,LSTM,LSTM_Baseline,97a69231f63141a7bb7f6780b16c17fe,854778689611649472,_LSTM-UN-f1-5-13_loan_v1_v5_simulated_LSTM,_LSTM-UN-f1-5,13,train_grad_norm_struct_xattn,0,1780981407237,0.0
learn,LSTM,LSTM_Baseline,97a69231f63141a7bb7f6780b16c17fe,854778689611649472,_LSTM-UN-f1-5-13_loan_v1_v5_simulated_LSTM,_LSTM-UN-f1-5,13,train_grad_norm_struct_xattn,0,1780981578361,0.0
learn,LSTM,LSTM_Baseline,97a69231f63141a7bb7f6780b16c17fe,854778689611649472,_LSTM-UN-f1-5-13_loan_v1_v5_simulated_LSTM,_LSTM-UN-f1-5,13,train_grad_norm_struct_xattn,0,1780981578361,0.0
learn,LSTM,LSTM_Baseline,97a69231f63141a7bb7f6780b16c17fe,854778689611649472,_LSTM-UN-f1-5-13_loan_v1_v5_simulated_LSTM,_LSTM-UN-f1-5,13,train_grad_norm_struct_xattn,0,1780981761191,0.0
learn,LSTM,LSTM_Baseline,97a69231f63141a7bb7f6780b16c17fe,854778689611649472,_LSTM-UN-f1-5-13_loan_v1_v5_simulated_LSTM,_LSTM-UN-f1-5,13,train_grad_norm_struct_xattn,0,1780981761191,0.0
learn,LSTM,LSTM_Baseline,97a69231f63141a7bb7f6780b16c17fe,854778689611649472,_LSTM-UN-f1-5-13_loan_v1_v5_simulated_LSTM,_LSTM-UN-f1-5,13,train_grad_norm_struct_xattn,0,1780981936905,0.0
learn,LSTM,LSTM_Baseline,97a69231f63141a7bb7f6780b16c17fe,854778689611649472,_LSTM-UN-f1-5-13_loan_v1_v5_simulated_LSTM,_LSTM-UN-f1-5,13,train_grad_norm_struct_xattn,0,1780981936905,0.0
learn,LSTM,LSTM_Baseline,97a69231f63141a7bb7f6780b16c17fe,854778689611649472,_LSTM-UN-f1-5-13_loan_v1_v5_simulated_LSTM,_LSTM-UN-f1-5,13,train_grad_norm_struct_xattn,0,1780982105774,0.0
learn,LSTM,LSTM_Baseline,97a69231f63141a7bb7f6780b16c17fe,854778689611649472,_LSTM-UN-f1-5-13_loan_v1_v5_simulated_LSTM,_LSTM-UN-f1-5,13,train_grad_norm_struct_xattn,0,1780982105774,0.0
learn,LSTM,LSTM_Baseline,97a69231f63141a7bb7f6780b16c17fe,854778689611649472,_LSTM-UN-f1-5-13_loan_v1_v5_simulated_LSTM,_LSTM-UN-f1-5,13,train_grad_norm_struct_xattn,0,1780982259640,0.0
learn,LSTM,LSTM_Baseline,97a69231f63141a7bb7f6780b16c17fe,854778689611649472,_LSTM-UN-f1-5-13_loan_v1_v5_simulated_LSTM,_LSTM-UN-f1-5,13,train_grad_norm_struct_xattn,0,1780982259640,0.0
learn,LSTM,LSTM_Baseline,97a69231f63141a7bb7f6780b16c17fe,854778689611649472,_LSTM-UN-f1-5-13_loan_v1_v5_simulated_LSTM,_LSTM-UN-f1-5,13,train_grad_norm_struct_xattn,0,1780982416083,0.0
learn,LSTM,LSTM_Baseline,97a69231f63141a7bb7f6780b16c17fe,854778689611649472,_LSTM-UN-f1-5-13_loan_v1_v5_simulated_LSTM,_LSTM-UN-f1-5,13,train_grad_norm_struct_xattn,0,1780982416083,0.0
learn,LSTM,LSTM_Baseline,97a69231f63141a7bb7f6780b16c17fe,854778689611649472,_LSTM-UN-f1-5-13_loan_v1_v5_simulated_LSTM,_LSTM-UN-f1-5,13,train_grad_norm_struct_xattn,0,1780982567510,0.0
learn,LSTM,LSTM_Baseline,97a69231f63141a7bb7f6780b16c17fe,854778689611649472,_LSTM-UN-f1-5-13_loan_v1_v5_simulated_LSTM,_LSTM-UN-f1-5,13,train_grad_norm_struct_xattn,0,1780982567510,0.0
learn,LSTM,LSTM_Baseline,97a69231f63141a7bb7f6780b16c17fe,854778689611649472,_LSTM-UN-f1-5-13_loan_v1_v5_simulated_LSTM,_LSTM-UN-f1-5,13,train_grad_norm_struct_xattn,0,1780982739162,0.0
learn,LSTM,LSTM_Baseline,97a69231f63141a7bb7f6780b16c17fe,854778689611649472,_LSTM-UN-f1-5-13_loan_v1_v5_simulated_LSTM,_LSTM-UN-f1-5,13,train_grad_norm_struct_xattn,0,1780982739162,0.0
learn,LSTM,LSTM_Baseline,97a69231f63141a7bb7f6780b16c17fe,854778689611649472,_LSTM-UN-f1-5-13_loan_v1_v5_simulated_LSTM,_LSTM-UN-f1-5,13,train_grad_norm_struct_xattn,0,1780982903331,0.0
learn,LSTM,LSTM_Baseline,97a69231f63141a7bb7f6780b16c17fe,854778689611649472,_LSTM-UN-f1-5-13_loan_v1_v5_simulated_LSTM,_LSTM-UN-f1-5,13,train_grad_norm_struct_xattn,0,1780982903331,0.0
learn,LSTM,LSTM_Baseline,97a69231f63141a7bb7f6780b16c17fe,854778689611649472,_LSTM-UN-f1-5-13_loan_v1_v5_simulated_LSTM,_LSTM-UN-f1-5,13,train_grad_norm_struct_xattn,0,1780983055814,0.0
learn,LSTM,LSTM_Baseline,97a69231f63141a7bb7f6780b16c17fe,854778689611649472,_LSTM-UN-f1-5-13_loan_v1_v5_simulated_LSTM,_LSTM-UN-f1-5,13,train_grad_norm_struct_xattn,0,1780983055814,0.0
learn,LSTM,LSTM_Baseline,97a69231f63141a7bb7f6780b16c17fe,854778689611649472,_LSTM-UN-f1-5-13_loan_v1_v5_simulated_LSTM,_LSTM-UN-f1-5,13,train_grad_norm_struct_xattn,0,1780983233133,0.0
learn,LSTM,LSTM_Baseline,97a69231f63141a7bb7f6780b16c17fe,854778689611649472,_LSTM-UN-f1-5-13_loan_v1_v5_simulated_LSTM,_LSTM-UN-f1-5,13,train_grad_norm_struct_xattn,0,1780983233133,0.0
learn,LSTM,LSTM_Baseline,97a69231f63141a7bb7f6780b16c17fe,854778689611649472,_LSTM-UN-f1-5-13_loan_v1_v5_simulated_LSTM,_LSTM-UN-f1-5,13,train_grad_norm_struct_xattn,0,1780983386792,0.0
learn,LSTM,LSTM_Baseline,97a69231f63141a7bb7f6780b16c17fe,854778689611649472,_LSTM-UN-f1-5-13_loan_v1_v5_simulated_LSTM,_LSTM-UN-f1-5,13,train_grad_norm_struct_xattn,0,1780983386792,0.0
learn,LSTM,LSTM_Baseline,97a69231f63141a7bb7f6780b16c17fe,854778689611649472,_LSTM-UN-f1-5-13_loan_v1_v5_simulated_LSTM,_LSTM-UN-f1-5,13,train_grad_norm_struct_xattn,0,1780983540130,0.0
learn,LSTM,LSTM_Baseline,97a69231f63141a7bb7f6780b16c17fe,854778689611649472,_LSTM-UN-f1-5-13_loan_v1_v5_simulated_LSTM,_LSTM-UN-f1-5,13,train_grad_norm_struct_xattn,0,1780983540130,0.0
learn,LSTM,LSTM_Baseline,97a69231f63141a7bb7f6780b16c17fe,854778689611649472,_LSTM-UN-f1-5-13_loan_v1_v5_simulated_LSTM,_LSTM-UN-f1-5,13,train_grad_norm_struct_xattn,0,1780983738481,0.0
learn,LSTM,LSTM_Baseline,97a69231f63141a7bb7f6780b16c17fe,854778689611649472,_LSTM-UN-f1-5-13_loan_v1_v5_simulated_LSTM,_LSTM-UN-f1-5,13,train_grad_norm_struct_xattn,0,1780983738481,0.0
learn,LSTM,LSTM_Baseline,97a69231f63141a7bb7f6780b16c17fe,854778689611649472,_LSTM-UN-f1-5-13_loan_v1_v5_simulated_LSTM,_LSTM-UN-f1-5,13,train_grad_norm_struct_xattn,0,1780983925765,0.0
learn,LSTM,LSTM_Baseline,97a69231f63141a7bb7f6780b16c17fe,854778689611649472,_LSTM-UN-f1-5-13_loan_v1_v5_simulated_LSTM,_LSTM-UN-f1-5,13,train_grad_norm_struct_xattn,0,1780983925765,0.0
learn,LSTM,LSTM_Baseline,97a69231f63141a7bb7f6780b16c17fe,854778689611649472,_LSTM-UN-f1-5-13_loan_v1_v5_simulated_LSTM,_LSTM-UN-f1-5,13,train_grad_norm_struct_xattn,0,1780984131360,0.0
learn,LSTM,LSTM_Baseline,97a69231f63141a7bb7f6780b16c17fe,854778689611649472,_LSTM-UN-f1-5-13_loan_v1_v5_simulated_LSTM,_LSTM-UN-f1-5,13,train_grad_norm_struct_xattn,0,1780984131360,0.0
learn,LSTM,LSTM_Baseline,97a69231f63141a7bb7f6780b16c17fe,854778689611649472,_LSTM-UN-f1-5-13_loan_v1_v5_simulated_LSTM,_LSTM-UN-f1-5,13,train_grad_norm_struct_xattn,0,1780984305151,0.0
learn,LSTM,LSTM_Baseline,97a69231f63141a7bb7f6780b16c17fe,854778689611649472,_LSTM-UN-f1-5-13_loan_v1_v5_simulated_LSTM,_LSTM-UN-f1-5,13,train_grad_norm_struct_xattn,0,1780984305151,0.0
learn,LSTM,LSTM_Baseline,97a69231f63141a7bb7f6780b16c17fe,854778689611649472,_LSTM-UN-f1-5-13_loan_v1_v5_simulated_LSTM,_LSTM-UN-f1-5,13,train_grad_norm_struct_xattn,0,1780984527304,0.0
learn,LSTM,LSTM_Baseline,97a69231f63141a7bb7f6780b16c17fe,854778689611649472,_LSTM-UN-f1-5-13_loan_v1_v5_simulated_LSTM,_LSTM-UN-f1-5,13,train_grad_norm_struct_xattn,0,1780984527304,0.0
learn,LSTM,LSTM_Baseline,97a69231f63141a7bb7f6780b16c17fe,854778689611649472,_LSTM-UN-f1-5-13_loan_v1_v5_simulated_LSTM,_LSTM-UN-f1-5,13,train_grad_norm_struct_xattn,0,1780984710309,0.0
learn,LSTM,LSTM_Baseline,97a69231f63141a7bb7f6780b16c17fe,854778689611649472,_LSTM-UN-f1-5-13_loan_v1_v5_simulated_LSTM,_LSTM-UN-f1-5,13,train_grad_norm_struct_xattn,0,1780984710309,0.0
learn,LSTM,LSTM_Baseline,97a69231f63141a7bb7f6780b16c17fe,854778689611649472,_LSTM-UN-f1-5-13_loan_v1_v5_simulated_LSTM,_LSTM-UN-f1-5,13,train_grad_norm_struct_xattn,0,1780984925262,0.0
learn,LSTM,LSTM_Baseline,97a69231f63141a7bb7f6780b16c17fe,854778689611649472,_LSTM-UN-f1-5-13_loan_v1_v5_simulated_LSTM,_LSTM-UN-f1-5,13,train_grad_norm_struct_xattn,0,1780984925262,0.0
learn,LSTM,LSTM_Baseline,97a69231f63141a7bb7f6780b16c17fe,854778689611649472,_LSTM-UN-f1-5-13_loan_v1_v5_simulated_LSTM,_LSTM-UN-f1-5,13,train_grad_norm_struct_xattn,0,1780985117270,0.0
learn,LSTM,LSTM_Baseline,97a69231f63141a7bb7f6780b16c17fe,854778689611649472,_LSTM-UN-f1-5-13_loan_v1_v5_simulated_LSTM,_LSTM-UN-f1-5,13,train_grad_norm_struct_xattn,0,1780985117270,0.0
learn,LSTM,LSTM_Baseline,ad4f63e79ee3447ca17d3036caa46702,854778689611649472,_LSTM-UN-f1-5-32_loan_v1_v5_simulated_LSTM,_LSTM-UN-f1-5,32,train_grad_norm_struct_xattn,0,1781512088068,0.0
learn,LSTM,LSTM_Baseline,ad4f63e79ee3447ca17d3036caa46702,854778689611649472,_LSTM-UN-f1-5-32_loan_v1_v5_simulated_LSTM,_LSTM-UN-f1-5,32,train_grad_norm_struct_xattn,0,1781512088068,0.0
learn,LSTM,LSTM_Baseline,ad4f63e79ee3447ca17d3036caa46702,854778689611649472,_LSTM-UN-f1-5-32_loan_v1_v5_simulated_LSTM,_LSTM-UN-f1-5,32,train_grad_norm_struct_xattn,0,1781512231730,0.0
learn,LSTM,LSTM_Baseline,ad4f63e79ee3447ca17d3036caa46702,854778689611649472,_LSTM-UN-f1-5-32_loan_v1_v5_simulated_LSTM,_LSTM-UN-f1-5,32,train_grad_norm_struct_xattn,0,1781512231730,0.0
learn,LSTM,LSTM_Baseline,ad4f63e79ee3447ca17d3036caa46702,854778689611649472,_LSTM-UN-f1-5-32_loan_v1_v5_simulated_LSTM,_LSTM-UN-f1-5,32,train_grad_norm_struct_xattn,0,1781512360965,0.0
learn,LSTM,LSTM_Baseline,ad4f63e79ee3447ca17d3036caa46702,854778689611649472,_LSTM-UN-f1-5-32_loan_v1_v5_simulated_LSTM,_LSTM-UN-f1-5,32,train_grad_norm_struct_xattn,0,1781512360965,0.0
learn,LSTM,LSTM_Baseline,ad4f63e79ee3447ca17d3036caa46702,854778689611649472,_LSTM-UN-f1-5-32_loan_v1_v5_simulated_LSTM,_LSTM-UN-f1-5,32,train_grad_norm_struct_xattn,0,1781512491581,0.0
learn,LSTM,LSTM_Baseline,ad4f63e79ee3447ca17d3036caa46702,854778689611649472,_LSTM-UN-f1-5-32_loan_v1_v5_simulated_LSTM,_LSTM-UN-f1-5,32,train_grad_norm_struct_xattn,0,1781512491581,0.0
learn,LSTM,LSTM_Baseline,ad4f63e79ee3447ca17d3036caa46702,854778689611649472,_LSTM-UN-f1-5-32_loan_v1_v5_simulated_LSTM,_LSTM-UN-f1-5,32,train_grad_norm_struct_xattn,0,1781512628433,0.0
learn,LSTM,LSTM_Baseline,ad4f63e79ee3447ca17d3036caa46702,854778689611649472,_LSTM-UN-f1-5-32_loan_v1_v5_simulated_LSTM,_LSTM-UN-f1-5,32,train_grad_norm_struct_xattn,0,1781512628433,0.0
learn,LSTM,LSTM_Baseline,ad4f63e79ee3447ca17d3036caa46702,854778689611649472,_LSTM-UN-f1-5-32_loan_v1_v5_simulated_LSTM,_LSTM-UN-f1-5,32,train_grad_norm_struct_xattn,0,1781512768185,0.0
learn,LSTM,LSTM_Baseline,ad4f63e79ee3447ca17d3036caa46702,854778689611649472,_LSTM-UN-f1-5-32_loan_v1_v5_simulated_LSTM,_LSTM-UN-f1-5,32,train_grad_norm_struct_xattn,0,1781512768185,0.0
learn,LSTM,LSTM_Baseline,ad4f63e79ee3447ca17d3036caa46702,854778689611649472,_LSTM-UN-f1-5-32_loan_v1_v5_simulated_LSTM,_LSTM-UN-f1-5,32,train_grad_norm_struct_xattn,0,1781512906903,0.0
learn,LSTM,LSTM_Baseline,ad4f63e79ee3447ca17d3036caa46702,854778689611649472,_LSTM-UN-f1-5-32_loan_v1_v5_simulated_LSTM,_LSTM-UN-f1-5,32,train_grad_norm_struct_xattn,0,1781512906903,0.0
learn,LSTM,LSTM_Baseline,ad4f63e79ee3447ca17d3036caa46702,854778689611649472,_LSTM-UN-f1-5-32_loan_v1_v5_simulated_LSTM,_LSTM-UN-f1-5,32,train_grad_norm_struct_xattn,0,1781513048866,0.0
learn,LSTM,LSTM_Baseline,ad4f63e79ee3447ca17d3036caa46702,854778689611649472,_LSTM-UN-f1-5-32_loan_v1_v5_simulated_LSTM,_LSTM-UN-f1-5,32,train_grad_norm_struct_xattn,0,1781513048866,0.0
learn,LSTM,LSTM_Baseline,ad4f63e79ee3447ca17d3036caa46702,854778689611649472,_LSTM-UN-f1-5-32_loan_v1_v5_simulated_LSTM,_LSTM-UN-f1-5,32,train_grad_norm_struct_xattn,0,1781513187988,0.0
learn,LSTM,LSTM_Baseline,ad4f63e79ee3447ca17d3036caa46702,854778689611649472,_LSTM-UN-f1-5-32_loan_v1_v5_simulated_LSTM,_LSTM-UN-f1-5,32,train_grad_norm_struct_xattn,0,1781513187988,0.0
learn,LSTM,LSTM_Baseline,ad4f63e79ee3447ca17d3036caa46702,854778689611649472,_LSTM-UN-f1-5-32_loan_v1_v5_simulated_LSTM,_LSTM-UN-f1-5,32,train_grad_norm_struct_xattn,0,1781513329218,0.0
learn,LSTM,LSTM_Baseline,ad4f63e79ee3447ca17d3036caa46702,854778689611649472,_LSTM-UN-f1-5-32_loan_v1_v5_simulated_LSTM,_LSTM-UN-f1-5,32,train_grad_norm_struct_xattn,0,1781513329218,0.0
learn,LSTM,LSTM_Baseline,ad4f63e79ee3447ca17d3036caa46702,854778689611649472,_LSTM-UN-f1-5-32_loan_v1_v5_simulated_LSTM,_LSTM-UN-f1-5,32,train_grad_norm_struct_xattn,0,1781513469117,0.0
learn,LSTM,LSTM_Baseline,ad4f63e79ee3447ca17d3036caa46702,854778689611649472,_LSTM-UN-f1-5-32_loan_v1_v5_simulated_LSTM,_LSTM-UN-f1-5,32,train_grad_norm_struct_xattn,0,1781513469117,0.0
learn,LSTM,LSTM_Baseline,ad4f63e79ee3447ca17d3036caa46702,854778689611649472,_LSTM-UN-f1-5-32_loan_v1_v5_simulated_LSTM,_LSTM-UN-f1-5,32,train_grad_norm_struct_xattn,0,1781513610399,0.0
learn,LSTM,LSTM_Baseline,ad4f63e79ee3447ca17d3036caa46702,854778689611649472,_LSTM-UN-f1-5-32_loan_v1_v5_simulated_LSTM,_LSTM-UN-f1-5,32,train_grad_norm_struct_xattn,0,1781513610399,0.0
learn,LSTM,LSTM_Baseline,ad4f63e79ee3447ca17d3036caa46702,854778689611649472,_LSTM-UN-f1-5-32_loan_v1_v5_simulated_LSTM,_LSTM-UN-f1-5,32,train_grad_norm_struct_xattn,0,1781513778012,0.0
learn,LSTM,LSTM_Baseline,ad4f63e79ee3447ca17d3036caa46702,854778689611649472,_LSTM-UN-f1-5-32_loan_v1_v5_simulated_LSTM,_LSTM-UN-f1-5,32,train_grad_norm_struct_xattn,0,1781513778012,0.0
learn,LSTM,LSTM_Baseline,ad4f63e79ee3447ca17d3036caa46702,854778689611649472,_LSTM-UN-f1-5-32_loan_v1_v5_simulated_LSTM,_LSTM-UN-f1-5,32,train_grad_norm_struct_xattn,0,1781513918763,0.0
learn,LSTM,LSTM_Baseline,ad4f63e79ee3447ca17d3036caa46702,854778689611649472,_LSTM-UN-f1-5-32_loan_v1_v5_simulated_LSTM,_LSTM-UN-f1-5,32,train_grad_norm_struct_xattn,0,1781513918763,0.0
learn,LSTM,LSTM_Baseline,ad4f63e79ee3447ca17d3036caa46702,854778689611649472,_LSTM-UN-f1-5-32_loan_v1_v5_simulated_LSTM,_LSTM-UN-f1-5,32,train_grad_norm_struct_xattn,0,1781514059314,0.0
learn,LSTM,LSTM_Baseline,ad4f63e79ee3447ca17d3036caa46702,854778689611649472,_LSTM-UN-f1-5-32_loan_v1_v5_simulated_LSTM,_LSTM-UN-f1-5,32,train_grad_norm_struct_xattn,0,1781514059314,0.0
learn,LSTM,LSTM_Baseline,ad4f63e79ee3447ca17d3036caa46702,854778689611649472,_LSTM-UN-f1-5-32_loan_v1_v5_simulated_LSTM,_LSTM-UN-f1-5,32,train_grad_norm_struct_xattn,0,1781514201225,0.0
learn,LSTM,LSTM_Baseline,ad4f63e79ee3447ca17d3036caa46702,854778689611649472,_LSTM-UN-f1-5-32_loan_v1_v5_simulated_LSTM,_LSTM-UN-f1-5,32,train_grad_norm_struct_xattn,0,1781514201225,0.0
learn,LSTM,LSTM_Baseline,ad4f63e79ee3447ca17d3036caa46702,854778689611649472,_LSTM-UN-f1-5-32_loan_v1_v5_simulated_LSTM,_LSTM-UN-f1-5,32,train_grad_norm_struct_xattn,0,1781514341665,0.0
learn,LSTM,LSTM_Baseline,ad4f63e79ee3447ca17d3036caa46702,854778689611649472,_LSTM-UN-f1-5-32_loan_v1_v5_simulated_LSTM,_LSTM-UN-f1-5,32,train_grad_norm_struct_xattn,0,1781514341665,0.0
learn,LSTM,LSTM_Baseline,ad4f63e79ee3447ca17d3036caa46702,854778689611649472,_LSTM-UN-f1-5-32_loan_v1_v5_simulated_LSTM,_LSTM-UN-f1-5,32,train_grad_norm_struct_xattn,0,1781514481783,0.0
learn,LSTM,LSTM_Baseline,ad4f63e79ee3447ca17d3036caa46702,854778689611649472,_LSTM-UN-f1-5-32_loan_v1_v5_simulated_LSTM,_LSTM-UN-f1-5,32,train_grad_norm_struct_xattn,0,1781514481783,0.0
learn,LSTM,LSTM_Baseline,ad4f63e79ee3447ca17d3036caa46702,854778689611649472,_LSTM-UN-f1-5-32_loan_v1_v5_simulated_LSTM,_LSTM-UN-f1-5,32,train_grad_norm_struct_xattn,0,1781514621344,0.0
learn,LSTM,LSTM_Baseline,ad4f63e79ee3447ca17d3036caa46702,854778689611649472,_LSTM-UN-f1-5-32_loan_v1_v5_simulated_LSTM,_LSTM-UN-f1-5,32,train_grad_norm_struct_xattn,0,1781514621344,0.0
learn,LSTM,LSTM_Baseline,ad4f63e79ee3447ca17d3036caa46702,854778689611649472,_LSTM-UN-f1-5-32_loan_v1_v5_simulated_LSTM,_LSTM-UN-f1-5,32,train_grad_norm_struct_xattn,0,1781514759934,0.0
learn,LSTM,LSTM_Baseline,ad4f63e79ee3447ca17d3036caa46702,854778689611649472,_LSTM-UN-f1-5-32_loan_v1_v5_simulated_LSTM,_LSTM-UN-f1-5,32,train_grad_norm_struct_xattn,0,1781514759934,0.0
learn,LSTM,LSTM_Baseline,ad4f63e79ee3447ca17d3036caa46702,854778689611649472,_LSTM-UN-f1-5-32_loan_v1_v5_simulated_LSTM,_LSTM-UN-f1-5,32,train_grad_norm_struct_xattn,0,1781514899714,0.0
learn,LSTM,LSTM_Baseline,ad4f63e79ee3447ca17d3036caa46702,854778689611649472,_LSTM-UN-f1-5-32_loan_v1_v5_simulated_LSTM,_LSTM-UN-f1-5,32,train_grad_norm_struct_xattn,0,1781514899714,0.0
learn,LSTM,LSTM_Baseline,ad4f63e79ee3447ca17d3036caa46702,854778689611649472,_LSTM-UN-f1-5-32_loan_v1_v5_simulated_LSTM,_LSTM-UN-f1-5,32,train_grad_norm_struct_xattn,0,1781515041984,0.0
learn,LSTM,LSTM_Baseline,ad4f63e79ee3447ca17d3036caa46702,854778689611649472,_LSTM-UN-f1-5-32_loan_v1_v5_simulated_LSTM,_LSTM-UN-f1-5,32,train_grad_norm_struct_xattn,0,1781515041984,0.0
learn,LSTM,LSTM_Baseline,ad4f63e79ee3447ca17d3036caa46702,854778689611649472,_LSTM-UN-f1-5-32_loan_v1_v5_simulated_LSTM,_LSTM-UN-f1-5,32,train_grad_norm_struct_xattn,0,1781515184987,0.0
learn,LSTM,LSTM_Baseline,ad4f63e79ee3447ca17d3036caa46702,854778689611649472,_LSTM-UN-f1-5-32_loan_v1_v5_simulated_LSTM,_LSTM-UN-f1-5,32,train_grad_norm_struct_xattn,0,1781515184987,0.0
learn,LSTM,LSTM_Baseline,ad4f63e79ee3447ca17d3036caa46702,854778689611649472,_LSTM-UN-f1-5-32_loan_v1_v5_simulated_LSTM,_LSTM-UN-f1-5,32,train_grad_norm_struct_xattn,0,1781515456357,0.0
learn,LSTM,LSTM_Baseline,ad4f63e79ee3447ca17d3036caa46702,854778689611649472,_LSTM-UN-f1-5-32_loan_v1_v5_simulated_LSTM,_LSTM-UN-f1-5,32,train_grad_norm_struct_xattn,0,1781515456357,0.0
learn,LSTM,LSTM_Baseline,ad4f63e79ee3447ca17d3036caa46702,854778689611649472,_LSTM-UN-f1-5-32_loan_v1_v5_simulated_LSTM,_LSTM-UN-f1-5,32,train_grad_norm_struct_xattn,0,1781515930399,0.0
learn,LSTM,LSTM_Baseline,ad4f63e79ee3447ca17d3036caa46702,854778689611649472,_LSTM-UN-f1-5-32_loan_v1_v5_simulated_LSTM,_LSTM-UN-f1-5,32,train_grad_norm_struct_xattn,0,1781515930399,0.0
learn,LSTM,LSTM_Baseline,ad4f63e79ee3447ca17d3036caa46702,854778689611649472,_LSTM-UN-f1-5-32_loan_v1_v5_simulated_LSTM,_LSTM-UN-f1-5,32,train_grad_norm_struct_xattn,0,1781516299151,0.0
learn,LSTM,LSTM_Baseline,ad4f63e79ee3447ca17d3036caa46702,854778689611649472,_LSTM-UN-f1-5-32_loan_v1_v5_simulated_LSTM,_LSTM-UN-f1-5,32,train_grad_norm_struct_xattn,0,1781516299151,0.0
learn,LSTM,LSTM_Baseline,ad4f63e79ee3447ca17d3036caa46702,854778689611649472,_LSTM-UN-f1-5-32_loan_v1_v5_simulated_LSTM,_LSTM-UN-f1-5,32,train_grad_norm_struct_xattn,0,1781516582516,0.0
learn,LSTM,LSTM_Baseline,ad4f63e79ee3447ca17d3036caa46702,854778689611649472,_LSTM-UN-f1-5-32_loan_v1_v5_simulated_LSTM,_LSTM-UN-f1-5,32,train_grad_norm_struct_xattn,0,1781516582516,0.0
learn,LSTM,LSTM_Baseline,ad4f63e79ee3447ca17d3036caa46702,854778689611649472,_LSTM-UN-f1-5-32_loan_v1_v5_simulated_LSTM,_LSTM-UN-f1-5,32,train_grad_norm_struct_xattn,0,1781516822856,0.0
learn,LSTM,LSTM_Baseline,ad4f63e79ee3447ca17d3036caa46702,854778689611649472,_LSTM-UN-f1-5-32_loan_v1_v5_simulated_LSTM,_LSTM-UN-f1-5,32,train_grad_norm_struct_xattn,0,1781516822856,0.0
learn,LSTM,LSTM_Baseline,ad4f63e79ee3447ca17d3036caa46702,854778689611649472,_LSTM-UN-f1-5-32_loan_v1_v5_simulated_LSTM,_LSTM-UN-f1-5,32,train_grad_norm_struct_xattn,0,1781517118134,0.0
learn,LSTM,LSTM_Baseline,ad4f63e79ee3447ca17d3036caa46702,854778689611649472,_LSTM-UN-f1-5-32_loan_v1_v5_simulated_LSTM,_LSTM-UN-f1-5,32,train_grad_norm_struct_xattn,0,1781517118134,0.0
learn,LSTM,LSTM_Baseline,ad4f63e79ee3447ca17d3036caa46702,854778689611649472,_LSTM-UN-f1-5-32_loan_v1_v5_simulated_LSTM,_LSTM-UN-f1-5,32,train_grad_norm_struct_xattn,0,1781517401092,0.0
learn,LSTM,LSTM_Baseline,ad4f63e79ee3447ca17d3036caa46702,854778689611649472,_LSTM-UN-f1-5-32_loan_v1_v5_simulated_LSTM,_LSTM-UN-f1-5,32,train_grad_norm_struct_xattn,0,1781517401092,0.0
learn,LSTM,LSTM_Baseline,ad4f63e79ee3447ca17d3036caa46702,854778689611649472,_LSTM-UN-f1-5-32_loan_v1_v5_simulated_LSTM,_LSTM-UN-f1-5,32,train_grad_norm_struct_xattn,0,1781517682026,0.0
learn,LSTM,LSTM_Baseline,ad4f63e79ee3447ca17d3036caa46702,854778689611649472,_LSTM-UN-f1-5-32_loan_v1_v5_simulated_LSTM,_LSTM-UN-f1-5,32,train_grad_norm_struct_xattn,0,1781517682026,0.0
learn,LSTM,LSTM_Baseline,ad4f63e79ee3447ca17d3036caa46702,854778689611649472,_LSTM-UN-f1-5-32_loan_v1_v5_simulated_LSTM,_LSTM-UN-f1-5,32,train_grad_norm_struct_xattn,0,1781517997178,0.0
learn,LSTM,LSTM_Baseline,ad4f63e79ee3447ca17d3036caa46702,854778689611649472,_LSTM-UN-f1-5-32_loan_v1_v5_simulated_LSTM,_LSTM-UN-f1-5,32,train_grad_norm_struct_xattn,0,1781517997178,0.0
learn,LSTM,LSTM_Baseline,ad4f63e79ee3447ca17d3036caa46702,854778689611649472,_LSTM-UN-f1-5-32_loan_v1_v5_simulated_LSTM,_LSTM-UN-f1-5,32,train_grad_norm_struct_xattn,0,1781518317566,0.0
learn,LSTM,LSTM_Baseline,ad4f63e79ee3447ca17d3036caa46702,854778689611649472,_LSTM-UN-f1-5-32_loan_v1_v5_simulated_LSTM,_LSTM-UN-f1-5,32,train_grad_norm_struct_xattn,0,1781518317566,0.0
learn,LSTM,LSTM_Baseline,ad4f63e79ee3447ca17d3036caa46702,854778689611649472,_LSTM-UN-f1-5-32_loan_v1_v5_simulated_LSTM,_LSTM-UN-f1-5,32,train_grad_norm_struct_xattn,0,1781518625696,0.0
learn,LSTM,LSTM_Baseline,ad4f63e79ee3447ca17d3036caa46702,854778689611649472,_LSTM-UN-f1-5-32_loan_v1_v5_simulated_LSTM,_LSTM-UN-f1-5,32,train_grad_norm_struct_xattn,0,1781518625696,0.0
learn,LSTM,LSTM_Baseline,ad4f63e79ee3447ca17d3036caa46702,854778689611649472,_LSTM-UN-f1-5-32_loan_v1_v5_simulated_LSTM,_LSTM-UN-f1-5,32,train_grad_norm_struct_xattn,0,1781518922589,0.0
learn,LSTM,LSTM_Baseline,ad4f63e79ee3447ca17d3036caa46702,854778689611649472,_LSTM-UN-f1-5-32_loan_v1_v5_simulated_LSTM,_LSTM-UN-f1-5,32,train_grad_norm_struct_xattn,0,1781518922589,0.0
learn,LSTM,LSTM_Baseline,ad4f63e79ee3447ca17d3036caa46702,854778689611649472,_LSTM-UN-f1-5-32_loan_v1_v5_simulated_LSTM,_LSTM-UN-f1-5,32,train_grad_norm_struct_xattn,0,1781519209861,0.0
learn,LSTM,LSTM_Baseline,ad4f63e79ee3447ca17d3036caa46702,854778689611649472,_LSTM-UN-f1-5-32_loan_v1_v5_simulated_LSTM,_LSTM-UN-f1-5,32,train_grad_norm_struct_xattn,0,1781519209861,0.0
learn,LSTM,LSTM_Baseline,ad4f63e79ee3447ca17d3036caa46702,854778689611649472,_LSTM-UN-f1-5-32_loan_v1_v5_simulated_LSTM,_LSTM-UN-f1-5,32,train_grad_norm_struct_xattn,0,1781519506677,0.0
learn,LSTM,LSTM_Baseline,ad4f63e79ee3447ca17d3036caa46702,854778689611649472,_LSTM-UN-f1-5-32_loan_v1_v5_simulated_LSTM,_LSTM-UN-f1-5,32,train_grad_norm_struct_xattn,0,1781519506677,0.0
learn,LSTM,LSTM_Baseline,ad4f63e79ee3447ca17d3036caa46702,854778689611649472,_LSTM-UN-f1-5-32_loan_v1_v5_simulated_LSTM,_LSTM-UN-f1-5,32,train_grad_norm_struct_xattn,0,1781519810598,0.0
learn,LSTM,LSTM_Baseline,ad4f63e79ee3447ca17d3036caa46702,854778689611649472,_LSTM-UN-f1-5-32_loan_v1_v5_simulated_LSTM,_LSTM-UN-f1-5,32,train_grad_norm_struct_xattn,0,1781519810598,0.0
learn,LSTM,LSTM_Baseline,ad4f63e79ee3447ca17d3036caa46702,854778689611649472,_LSTM-UN-f1-5-32_loan_v1_v5_simulated_LSTM,_LSTM-UN-f1-5,32,train_grad_norm_struct_xattn,0,1781520133603,0.0
learn,LSTM,LSTM_Baseline,ad4f63e79ee3447ca17d3036caa46702,854778689611649472,_LSTM-UN-f1-5-32_loan_v1_v5_simulated_LSTM,_LSTM-UN-f1-5,32,train_grad_norm_struct_xattn,0,1781520133603,0.0
learn,LSTM,LSTM_Baseline,cbbdeac775de461c865ab13391a906dd,854778689611649472,_LSTM-UN-f1-5-78_loan_v1_v5_simulated_LSTM,_LSTM-UN-f1-5,78,train_grad_norm_struct_xattn,0,1780995077129,0.0
learn,LSTM,LSTM_Baseline,cbbdeac775de461c865ab13391a906dd,854778689611649472,_LSTM-UN-f1-5-78_loan_v1_v5_simulated_LSTM,_LSTM-UN-f1-5,78,train_grad_norm_struct_xattn,0,1780995077129,0.0
learn,LSTM,LSTM_Baseline,cbbdeac775de461c865ab13391a906dd,854778689611649472,_LSTM-UN-f1-5-78_loan_v1_v5_simulated_LSTM,_LSTM-UN-f1-5,78,train_grad_norm_struct_xattn,0,1780995313539,0.0
learn,LSTM,LSTM_Baseline,cbbdeac775de461c865ab13391a906dd,854778689611649472,_LSTM-UN-f1-5-78_loan_v1_v5_simulated_LSTM,_LSTM-UN-f1-5,78,train_grad_norm_struct_xattn,0,1780995313539,0.0
learn,LSTM,LSTM_Baseline,cbbdeac775de461c865ab13391a906dd,854778689611649472,_LSTM-UN-f1-5-78_loan_v1_v5_simulated_LSTM,_LSTM-UN-f1-5,78,train_grad_norm_struct_xattn,0,1780995565347,0.0
learn,LSTM,LSTM_Baseline,cbbdeac775de461c865ab13391a906dd,854778689611649472,_LSTM-UN-f1-5-78_loan_v1_v5_simulated_LSTM,_LSTM-UN-f1-5,78,train_grad_norm_struct_xattn,0,1780995565347,0.0
learn,LSTM,LSTM_Baseline,cbbdeac775de461c865ab13391a906dd,854778689611649472,_LSTM-UN-f1-5-78_loan_v1_v5_simulated_LSTM,_LSTM-UN-f1-5,78,train_grad_norm_struct_xattn,0,1780995763000,0.0
learn,LSTM,LSTM_Baseline,cbbdeac775de461c865ab13391a906dd,854778689611649472,_LSTM-UN-f1-5-78_loan_v1_v5_simulated_LSTM,_LSTM-UN-f1-5,78,train_grad_norm_struct_xattn,0,1780995763000,0.0
learn,LSTM,LSTM_Baseline,cbbdeac775de461c865ab13391a906dd,854778689611649472,_LSTM-UN-f1-5-78_loan_v1_v5_simulated_LSTM,_LSTM-UN-f1-5,78,train_grad_norm_struct_xattn,0,1780995943587,0.0
learn,LSTM,LSTM_Baseline,cbbdeac775de461c865ab13391a906dd,854778689611649472,_LSTM-UN-f1-5-78_loan_v1_v5_simulated_LSTM,_LSTM-UN-f1-5,78,train_grad_norm_struct_xattn,0,1780995943587,0.0
learn,LSTM,LSTM_Baseline,cbbdeac775de461c865ab13391a906dd,854778689611649472,_LSTM-UN-f1-5-78_loan_v1_v5_simulated_LSTM,_LSTM-UN-f1-5,78,train_grad_norm_struct_xattn,0,1780996142348,0.0
learn,LSTM,LSTM_Baseline,cbbdeac775de461c865ab13391a906dd,854778689611649472,_LSTM-UN-f1-5-78_loan_v1_v5_simulated_LSTM,_LSTM-UN-f1-5,78,train_grad_norm_struct_xattn,0,1780996142348,0.0
learn,LSTM,LSTM_Baseline,cbbdeac775de461c865ab13391a906dd,854778689611649472,_LSTM-UN-f1-5-78_loan_v1_v5_simulated_LSTM,_LSTM-UN-f1-5,78,train_grad_norm_struct_xattn,0,1780996389391,0.0
learn,LSTM,LSTM_Baseline,cbbdeac775de461c865ab13391a906dd,854778689611649472,_LSTM-UN-f1-5-78_loan_v1_v5_simulated_LSTM,_LSTM-UN-f1-5,78,train_grad_norm_struct_xattn,0,1780996389391,0.0
learn,LSTM,LSTM_Baseline,cbbdeac775de461c865ab13391a906dd,854778689611649472,_LSTM-UN-f1-5-78_loan_v1_v5_simulated_LSTM,_LSTM-UN-f1-5,78,train_grad_norm_struct_xattn,0,1780996566463,0.0
learn,LSTM,LSTM_Baseline,cbbdeac775de461c865ab13391a906dd,854778689611649472,_LSTM-UN-f1-5-78_loan_v1_v5_simulated_LSTM,_LSTM-UN-f1-5,78,train_grad_norm_struct_xattn,0,1780996566463,0.0
learn,LSTM,LSTM_Baseline,cbbdeac775de461c865ab13391a906dd,854778689611649472,_LSTM-UN-f1-5-78_loan_v1_v5_simulated_LSTM,_LSTM-UN-f1-5,78,train_grad_norm_struct_xattn,0,1780996761159,0.0
learn,LSTM,LSTM_Baseline,cbbdeac775de461c865ab13391a906dd,854778689611649472,_LSTM-UN-f1-5-78_loan_v1_v5_simulated_LSTM,_LSTM-UN-f1-5,78,train_grad_norm_struct_xattn,0,1780996761159,0.0
learn,LSTM,LSTM_Baseline,cbbdeac775de461c865ab13391a906dd,854778689611649472,_LSTM-UN-f1-5-78_loan_v1_v5_simulated_LSTM,_LSTM-UN-f1-5,78,train_grad_norm_struct_xattn,0,1780996934278,0.0
learn,LSTM,LSTM_Baseline,cbbdeac775de461c865ab13391a906dd,854778689611649472,_LSTM-UN-f1-5-78_loan_v1_v5_simulated_LSTM,_LSTM-UN-f1-5,78,train_grad_norm_struct_xattn,0,1780996934278,0.0
learn,LSTM,LSTM_Baseline,cbbdeac775de461c865ab13391a906dd,854778689611649472,_LSTM-UN-f1-5-78_loan_v1_v5_simulated_LSTM,_LSTM-UN-f1-5,78,train_grad_norm_struct_xattn,0,1780997107131,0.0
learn,LSTM,LSTM_Baseline,cbbdeac775de461c865ab13391a906dd,854778689611649472,_LSTM-UN-f1-5-78_loan_v1_v5_simulated_LSTM,_LSTM-UN-f1-5,78,train_grad_norm_struct_xattn,0,1780997107131,0.0
learn,LSTM,LSTM_Baseline,cbbdeac775de461c865ab13391a906dd,854778689611649472,_LSTM-UN-f1-5-78_loan_v1_v5_simulated_LSTM,_LSTM-UN-f1-5,78,train_grad_norm_struct_xattn,0,1780997278673,0.0
learn,LSTM,LSTM_Baseline,cbbdeac775de461c865ab13391a906dd,854778689611649472,_LSTM-UN-f1-5-78_loan_v1_v5_simulated_LSTM,_LSTM-UN-f1-5,78,train_grad_norm_struct_xattn,0,1780997278673,0.0
learn,LSTM,LSTM_Baseline,cbbdeac775de461c865ab13391a906dd,854778689611649472,_LSTM-UN-f1-5-78_loan_v1_v5_simulated_LSTM,_LSTM-UN-f1-5,78,train_grad_norm_struct_xattn,0,1780997442106,0.0
learn,LSTM,LSTM_Baseline,cbbdeac775de461c865ab13391a906dd,854778689611649472,_LSTM-UN-f1-5-78_loan_v1_v5_simulated_LSTM,_LSTM-UN-f1-5,78,train_grad_norm_struct_xattn,0,1780997442106,0.0
learn,LSTM,LSTM_Baseline,cbbdeac775de461c865ab13391a906dd,854778689611649472,_LSTM-UN-f1-5-78_loan_v1_v5_simulated_LSTM,_LSTM-UN-f1-5,78,train_grad_norm_struct_xattn,0,1780997602831,0.0
learn,LSTM,LSTM_Baseline,cbbdeac775de461c865ab13391a906dd,854778689611649472,_LSTM-UN-f1-5-78_loan_v1_v5_simulated_LSTM,_LSTM-UN-f1-5,78,train_grad_norm_struct_xattn,0,1780997602831,0.0
learn,LSTM,LSTM_Baseline,cbbdeac775de461c865ab13391a906dd,854778689611649472,_LSTM-UN-f1-5-78_loan_v1_v5_simulated_LSTM,_LSTM-UN-f1-5,78,train_grad_norm_struct_xattn,0,1780997758687,0.0
learn,LSTM,LSTM_Baseline,cbbdeac775de461c865ab13391a906dd,854778689611649472,_LSTM-UN-f1-5-78_loan_v1_v5_simulated_LSTM,_LSTM-UN-f1-5,78,train_grad_norm_struct_xattn,0,1780997758687,0.0
learn,LSTM,LSTM_Baseline,cbbdeac775de461c865ab13391a906dd,854778689611649472,_LSTM-UN-f1-5-78_loan_v1_v5_simulated_LSTM,_LSTM-UN-f1-5,78,train_grad_norm_struct_xattn,0,1780997917239,0.0
learn,LSTM,LSTM_Baseline,cbbdeac775de461c865ab13391a906dd,854778689611649472,_LSTM-UN-f1-5-78_loan_v1_v5_simulated_LSTM,_LSTM-UN-f1-5,78,train_grad_norm_struct_xattn,0,1780997917239,0.0
learn,LSTM,LSTM_Baseline,cbbdeac775de461c865ab13391a906dd,854778689611649472,_LSTM-UN-f1-5-78_loan_v1_v5_simulated_LSTM,_LSTM-UN-f1-5,78,train_grad_norm_struct_xattn,0,1780998081650,0.0
learn,LSTM,LSTM_Baseline,cbbdeac775de461c865ab13391a906dd,854778689611649472,_LSTM-UN-f1-5-78_loan_v1_v5_simulated_LSTM,_LSTM-UN-f1-5,78,train_grad_norm_struct_xattn,0,1780998081650,0.0
learn,LSTM,LSTM_Baseline,cbbdeac775de461c865ab13391a906dd,854778689611649472,_LSTM-UN-f1-5-78_loan_v1_v5_simulated_LSTM,_LSTM-UN-f1-5,78,train_grad_norm_struct_xattn,0,1780998237275,0.0
learn,LSTM,LSTM_Baseline,cbbdeac775de461c865ab13391a906dd,854778689611649472,_LSTM-UN-f1-5-78_loan_v1_v5_simulated_LSTM,_LSTM-UN-f1-5,78,train_grad_norm_struct_xattn,0,1780998237275,0.0
learn,LSTM,LSTM_Baseline,cbbdeac775de461c865ab13391a906dd,854778689611649472,_LSTM-UN-f1-5-78_loan_v1_v5_simulated_LSTM,_LSTM-UN-f1-5,78,train_grad_norm_struct_xattn,0,1780998413420,0.0
learn,LSTM,LSTM_Baseline,cbbdeac775de461c865ab13391a906dd,854778689611649472,_LSTM-UN-f1-5-78_loan_v1_v5_simulated_LSTM,_LSTM-UN-f1-5,78,train_grad_norm_struct_xattn,0,1780998413420,0.0
learn,LSTM,LSTM_Baseline,cbbdeac775de461c865ab13391a906dd,854778689611649472,_LSTM-UN-f1-5-78_loan_v1_v5_simulated_LSTM,_LSTM-UN-f1-5,78,train_grad_norm_struct_xattn,0,1780998591702,0.0
learn,LSTM,LSTM_Baseline,cbbdeac775de461c865ab13391a906dd,854778689611649472,_LSTM-UN-f1-5-78_loan_v1_v5_simulated_LSTM,_LSTM-UN-f1-5,78,train_grad_norm_struct_xattn,0,1780998591702,0.0
learn,LSTM,LSTM_Baseline,cbbdeac775de461c865ab13391a906dd,854778689611649472,_LSTM-UN-f1-5-78_loan_v1_v5_simulated_LSTM,_LSTM-UN-f1-5,78,train_grad_norm_struct_xattn,0,1780998774957,0.0
learn,LSTM,LSTM_Baseline,cbbdeac775de461c865ab13391a906dd,854778689611649472,_LSTM-UN-f1-5-78_loan_v1_v5_simulated_LSTM,_LSTM-UN-f1-5,78,train_grad_norm_struct_xattn,0,1780998774957,0.0
learn,LSTM,LSTM_Baseline,cbbdeac775de461c865ab13391a906dd,854778689611649472,_LSTM-UN-f1-5-78_loan_v1_v5_simulated_LSTM,_LSTM-UN-f1-5,78,train_grad_norm_struct_xattn,0,1780998965140,0.0
learn,LSTM,LSTM_Baseline,cbbdeac775de461c865ab13391a906dd,854778689611649472,_LSTM-UN-f1-5-78_loan_v1_v5_simulated_LSTM,_LSTM-UN-f1-5,78,train_grad_norm_struct_xattn,0,1780998965140,0.0
learn,LSTM,LSTM_Baseline,cbbdeac775de461c865ab13391a906dd,854778689611649472,_LSTM-UN-f1-5-78_loan_v1_v5_simulated_LSTM,_LSTM-UN-f1-5,78,train_grad_norm_struct_xattn,0,1780999144889,0.0
learn,LSTM,LSTM_Baseline,cbbdeac775de461c865ab13391a906dd,854778689611649472,_LSTM-UN-f1-5-78_loan_v1_v5_simulated_LSTM,_LSTM-UN-f1-5,78,train_grad_norm_struct_xattn,0,1780999144889,0.0
learn,LSTM,LSTM_Baseline,cbbdeac775de461c865ab13391a906dd,854778689611649472,_LSTM-UN-f1-5-78_loan_v1_v5_simulated_LSTM,_LSTM-UN-f1-5,78,train_grad_norm_struct_xattn,0,1780999336235,0.0
learn,LSTM,LSTM_Baseline,cbbdeac775de461c865ab13391a906dd,854778689611649472,_LSTM-UN-f1-5-78_loan_v1_v5_simulated_LSTM,_LSTM-UN-f1-5,78,train_grad_norm_struct_xattn,0,1780999336235,0.0
learn,LSTM,LSTM_Baseline,cbbdeac775de461c865ab13391a906dd,854778689611649472,_LSTM-UN-f1-5-78_loan_v1_v5_simulated_LSTM,_LSTM-UN-f1-5,78,train_grad_norm_struct_xattn,0,1780999533564,0.0
learn,LSTM,LSTM_Baseline,cbbdeac775de461c865ab13391a906dd,854778689611649472,_LSTM-UN-f1-5-78_loan_v1_v5_simulated_LSTM,_LSTM-UN-f1-5,78,train_grad_norm_struct_xattn,0,1780999533564,0.0
learn,LSTM,LSTM_Baseline,cbbdeac775de461c865ab13391a906dd,854778689611649472,_LSTM-UN-f1-5-78_loan_v1_v5_simulated_LSTM,_LSTM-UN-f1-5,78,train_grad_norm_struct_xattn,0,1780999706585,0.0
learn,LSTM,LSTM_Baseline,cbbdeac775de461c865ab13391a906dd,854778689611649472,_LSTM-UN-f1-5-78_loan_v1_v5_simulated_LSTM,_LSTM-UN-f1-5,78,train_grad_norm_struct_xattn,0,1780999706585,0.0
learn,LSTM,LSTM_Baseline,cbbdeac775de461c865ab13391a906dd,854778689611649472,_LSTM-UN-f1-5-78_loan_v1_v5_simulated_LSTM,_LSTM-UN-f1-5,78,train_grad_norm_struct_xattn,0,1780999892334,0.0
learn,LSTM,LSTM_Baseline,cbbdeac775de461c865ab13391a906dd,854778689611649472,_LSTM-UN-f1-5-78_loan_v1_v5_simulated_LSTM,_LSTM-UN-f1-5,78,train_grad_norm_struct_xattn,0,1780999892334,0.0
learn,LSTM,LSTM_Baseline,cbbdeac775de461c865ab13391a906dd,854778689611649472,_LSTM-UN-f1-5-78_loan_v1_v5_simulated_LSTM,_LSTM-UN-f1-5,78,train_grad_norm_struct_xattn,0,1781000090650,0.0
learn,LSTM,LSTM_Baseline,cbbdeac775de461c865ab13391a906dd,854778689611649472,_LSTM-UN-f1-5-78_loan_v1_v5_simulated_LSTM,_LSTM-UN-f1-5,78,train_grad_norm_struct_xattn,0,1781000090650,0.0
learn,LSTM,LSTM_Baseline,cbbdeac775de461c865ab13391a906dd,854778689611649472,_LSTM-UN-f1-5-78_loan_v1_v5_simulated_LSTM,_LSTM-UN-f1-5,78,train_grad_norm_struct_xattn,0,1781000255763,0.0
learn,LSTM,LSTM_Baseline,cbbdeac775de461c865ab13391a906dd,854778689611649472,_LSTM-UN-f1-5-78_loan_v1_v5_simulated_LSTM,_LSTM-UN-f1-5,78,train_grad_norm_struct_xattn,0,1781000255763,0.0
learn,LSTM,LSTM_Baseline,cbbdeac775de461c865ab13391a906dd,854778689611649472,_LSTM-UN-f1-5-78_loan_v1_v5_simulated_LSTM,_LSTM-UN-f1-5,78,train_grad_norm_struct_xattn,0,1781000427245,0.0
learn,LSTM,LSTM_Baseline,cbbdeac775de461c865ab13391a906dd,854778689611649472,_LSTM-UN-f1-5-78_loan_v1_v5_simulated_LSTM,_LSTM-UN-f1-5,78,train_grad_norm_struct_xattn,0,1781000427245,0.0
learn,LSTM,LSTM_Baseline,cbbdeac775de461c865ab13391a906dd,854778689611649472,_LSTM-UN-f1-5-78_loan_v1_v5_simulated_LSTM,_LSTM-UN-f1-5,78,train_grad_norm_struct_xattn,0,1781000594248,0.0
learn,LSTM,LSTM_Baseline,cbbdeac775de461c865ab13391a906dd,854778689611649472,_LSTM-UN-f1-5-78_loan_v1_v5_simulated_LSTM,_LSTM-UN-f1-5,78,train_grad_norm_struct_xattn,0,1781000594248,0.0
learn,LSTM,LSTM_Baseline,cbbdeac775de461c865ab13391a906dd,854778689611649472,_LSTM-UN-f1-5-78_loan_v1_v5_simulated_LSTM,_LSTM-UN-f1-5,78,train_grad_norm_struct_xattn,0,1781000859474,0.0
learn,LSTM,LSTM_Baseline,cbbdeac775de461c865ab13391a906dd,854778689611649472,_LSTM-UN-f1-5-78_loan_v1_v5_simulated_LSTM,_LSTM-UN-f1-5,78,train_grad_norm_struct_xattn,0,1781000859474,0.0
learn,LSTM,LSTM_Baseline,cbbdeac775de461c865ab13391a906dd,854778689611649472,_LSTM-UN-f1-5-78_loan_v1_v5_simulated_LSTM,_LSTM-UN-f1-5,78,train_grad_norm_struct_xattn,0,1781001088138,0.0
learn,LSTM,LSTM_Baseline,cbbdeac775de461c865ab13391a906dd,854778689611649472,_LSTM-UN-f1-5-78_loan_v1_v5_simulated_LSTM,_LSTM-UN-f1-5,78,train_grad_norm_struct_xattn,0,1781001088138,0.0
learn,LSTM,LSTM_Baseline,cbbdeac775de461c865ab13391a906dd,854778689611649472,_LSTM-UN-f1-5-78_loan_v1_v5_simulated_LSTM,_LSTM-UN-f1-5,78,train_grad_norm_struct_xattn,0,1781001253476,0.0
learn,LSTM,LSTM_Baseline,cbbdeac775de461c865ab13391a906dd,854778689611649472,_LSTM-UN-f1-5-78_loan_v1_v5_simulated_LSTM,_LSTM-UN-f1-5,78,train_grad_norm_struct_xattn,0,1781001253476,0.0
learn,LSTM,LSTM_Baseline,de92aac60c8343dc8e495144fb1f50fb,854778689611649472,_LSTM-UN-f1-5-55_loan_v1_v5_simulated_LSTM,_LSTM-UN-f1-5,55,train_grad_norm_struct_xattn,0,1780985945364,0.0
learn,LSTM,LSTM_Baseline,de92aac60c8343dc8e495144fb1f50fb,854778689611649472,_LSTM-UN-f1-5-55_loan_v1_v5_simulated_LSTM,_LSTM-UN-f1-5,55,train_grad_norm_struct_xattn,0,1780985945364,0.0
learn,LSTM,LSTM_Baseline,de92aac60c8343dc8e495144fb1f50fb,854778689611649472,_LSTM-UN-f1-5-55_loan_v1_v5_simulated_LSTM,_LSTM-UN-f1-5,55,train_grad_norm_struct_xattn,0,1780986168203,0.0
learn,LSTM,LSTM_Baseline,de92aac60c8343dc8e495144fb1f50fb,854778689611649472,_LSTM-UN-f1-5-55_loan_v1_v5_simulated_LSTM,_LSTM-UN-f1-5,55,train_grad_norm_struct_xattn,0,1780986168203,0.0
learn,LSTM,LSTM_Baseline,de92aac60c8343dc8e495144fb1f50fb,854778689611649472,_LSTM-UN-f1-5-55_loan_v1_v5_simulated_LSTM,_LSTM-UN-f1-5,55,train_grad_norm_struct_xattn,0,1780986336210,0.0
learn,LSTM,LSTM_Baseline,de92aac60c8343dc8e495144fb1f50fb,854778689611649472,_LSTM-UN-f1-5-55_loan_v1_v5_simulated_LSTM,_LSTM-UN-f1-5,55,train_grad_norm_struct_xattn,0,1780986336210,0.0
learn,LSTM,LSTM_Baseline,de92aac60c8343dc8e495144fb1f50fb,854778689611649472,_LSTM-UN-f1-5-55_loan_v1_v5_simulated_LSTM,_LSTM-UN-f1-5,55,train_grad_norm_struct_xattn,0,1780986511635,0.0
learn,LSTM,LSTM_Baseline,de92aac60c8343dc8e495144fb1f50fb,854778689611649472,_LSTM-UN-f1-5-55_loan_v1_v5_simulated_LSTM,_LSTM-UN-f1-5,55,train_grad_norm_struct_xattn,0,1780986511635,0.0
learn,LSTM,LSTM_Baseline,de92aac60c8343dc8e495144fb1f50fb,854778689611649472,_LSTM-UN-f1-5-55_loan_v1_v5_simulated_LSTM,_LSTM-UN-f1-5,55,train_grad_norm_struct_xattn,0,1780986685585,0.0
learn,LSTM,LSTM_Baseline,de92aac60c8343dc8e495144fb1f50fb,854778689611649472,_LSTM-UN-f1-5-55_loan_v1_v5_simulated_LSTM,_LSTM-UN-f1-5,55,train_grad_norm_struct_xattn,0,1780986685585,0.0
learn,LSTM,LSTM_Baseline,de92aac60c8343dc8e495144fb1f50fb,854778689611649472,_LSTM-UN-f1-5-55_loan_v1_v5_simulated_LSTM,_LSTM-UN-f1-5,55,train_grad_norm_struct_xattn,0,1780986875685,0.0
learn,LSTM,LSTM_Baseline,de92aac60c8343dc8e495144fb1f50fb,854778689611649472,_LSTM-UN-f1-5-55_loan_v1_v5_simulated_LSTM,_LSTM-UN-f1-5,55,train_grad_norm_struct_xattn,0,1780986875685,0.0
learn,LSTM,LSTM_Baseline,de92aac60c8343dc8e495144fb1f50fb,854778689611649472,_LSTM-UN-f1-5-55_loan_v1_v5_simulated_LSTM,_LSTM-UN-f1-5,55,train_grad_norm_struct_xattn,0,1780987083281,0.0
learn,LSTM,LSTM_Baseline,de92aac60c8343dc8e495144fb1f50fb,854778689611649472,_LSTM-UN-f1-5-55_loan_v1_v5_simulated_LSTM,_LSTM-UN-f1-5,55,train_grad_norm_struct_xattn,0,1780987083281,0.0
learn,LSTM,LSTM_Baseline,de92aac60c8343dc8e495144fb1f50fb,854778689611649472,_LSTM-UN-f1-5-55_loan_v1_v5_simulated_LSTM,_LSTM-UN-f1-5,55,train_grad_norm_struct_xattn,0,1780987241957,0.0
learn,LSTM,LSTM_Baseline,de92aac60c8343dc8e495144fb1f50fb,854778689611649472,_LSTM-UN-f1-5-55_loan_v1_v5_simulated_LSTM,_LSTM-UN-f1-5,55,train_grad_norm_struct_xattn,0,1780987241957,0.0
learn,LSTM,LSTM_Baseline,de92aac60c8343dc8e495144fb1f50fb,854778689611649472,_LSTM-UN-f1-5-55_loan_v1_v5_simulated_LSTM,_LSTM-UN-f1-5,55,train_grad_norm_struct_xattn,0,1780987453127,0.0
learn,LSTM,LSTM_Baseline,de92aac60c8343dc8e495144fb1f50fb,854778689611649472,_LSTM-UN-f1-5-55_loan_v1_v5_simulated_LSTM,_LSTM-UN-f1-5,55,train_grad_norm_struct_xattn,0,1780987453127,0.0
learn,LSTM,LSTM_Baseline,de92aac60c8343dc8e495144fb1f50fb,854778689611649472,_LSTM-UN-f1-5-55_loan_v1_v5_simulated_LSTM,_LSTM-UN-f1-5,55,train_grad_norm_struct_xattn,0,1780987630194,0.0
learn,LSTM,LSTM_Baseline,de92aac60c8343dc8e495144fb1f50fb,854778689611649472,_LSTM-UN-f1-5-55_loan_v1_v5_simulated_LSTM,_LSTM-UN-f1-5,55,train_grad_norm_struct_xattn,0,1780987630194,0.0
learn,LSTM,LSTM_Baseline,de92aac60c8343dc8e495144fb1f50fb,854778689611649472,_LSTM-UN-f1-5-55_loan_v1_v5_simulated_LSTM,_LSTM-UN-f1-5,55,train_grad_norm_struct_xattn,0,1780987815514,0.0
learn,LSTM,LSTM_Baseline,de92aac60c8343dc8e495144fb1f50fb,854778689611649472,_LSTM-UN-f1-5-55_loan_v1_v5_simulated_LSTM,_LSTM-UN-f1-5,55,train_grad_norm_struct_xattn,0,1780987815514,0.0
learn,LSTM,LSTM_Baseline,de92aac60c8343dc8e495144fb1f50fb,854778689611649472,_LSTM-UN-f1-5-55_loan_v1_v5_simulated_LSTM,_LSTM-UN-f1-5,55,train_grad_norm_struct_xattn,0,1780987999321,0.0
learn,LSTM,LSTM_Baseline,de92aac60c8343dc8e495144fb1f50fb,854778689611649472,_LSTM-UN-f1-5-55_loan_v1_v5_simulated_LSTM,_LSTM-UN-f1-5,55,train_grad_norm_struct_xattn,0,1780987999321,0.0
learn,LSTM,LSTM_Baseline,de92aac60c8343dc8e495144fb1f50fb,854778689611649472,_LSTM-UN-f1-5-55_loan_v1_v5_simulated_LSTM,_LSTM-UN-f1-5,55,train_grad_norm_struct_xattn,0,1780988186957,0.0
learn,LSTM,LSTM_Baseline,de92aac60c8343dc8e495144fb1f50fb,854778689611649472,_LSTM-UN-f1-5-55_loan_v1_v5_simulated_LSTM,_LSTM-UN-f1-5,55,train_grad_norm_struct_xattn,0,1780988186957,0.0
learn,LSTM,LSTM_Baseline,de92aac60c8343dc8e495144fb1f50fb,854778689611649472,_LSTM-UN-f1-5-55_loan_v1_v5_simulated_LSTM,_LSTM-UN-f1-5,55,train_grad_norm_struct_xattn,0,1780988385731,0.0
learn,LSTM,LSTM_Baseline,de92aac60c8343dc8e495144fb1f50fb,854778689611649472,_LSTM-UN-f1-5-55_loan_v1_v5_simulated_LSTM,_LSTM-UN-f1-5,55,train_grad_norm_struct_xattn,0,1780988385731,0.0
learn,LSTM,LSTM_Baseline,de92aac60c8343dc8e495144fb1f50fb,854778689611649472,_LSTM-UN-f1-5-55_loan_v1_v5_simulated_LSTM,_LSTM-UN-f1-5,55,train_grad_norm_struct_xattn,0,1780988536530,0.0
learn,LSTM,LSTM_Baseline,de92aac60c8343dc8e495144fb1f50fb,854778689611649472,_LSTM-UN-f1-5-55_loan_v1_v5_simulated_LSTM,_LSTM-UN-f1-5,55,train_grad_norm_struct_xattn,0,1780988536530,0.0
learn,LSTM,LSTM_Baseline,de92aac60c8343dc8e495144fb1f50fb,854778689611649472,_LSTM-UN-f1-5-55_loan_v1_v5_simulated_LSTM,_LSTM-UN-f1-5,55,train_grad_norm_struct_xattn,0,1780988720562,0.0
learn,LSTM,LSTM_Baseline,de92aac60c8343dc8e495144fb1f50fb,854778689611649472,_LSTM-UN-f1-5-55_loan_v1_v5_simulated_LSTM,_LSTM-UN-f1-5,55,train_grad_norm_struct_xattn,0,1780988720562,0.0
learn,LSTM,LSTM_Baseline,de92aac60c8343dc8e495144fb1f50fb,854778689611649472,_LSTM-UN-f1-5-55_loan_v1_v5_simulated_LSTM,_LSTM-UN-f1-5,55,train_grad_norm_struct_xattn,0,1780988903339,0.0
learn,LSTM,LSTM_Baseline,de92aac60c8343dc8e495144fb1f50fb,854778689611649472,_LSTM-UN-f1-5-55_loan_v1_v5_simulated_LSTM,_LSTM-UN-f1-5,55,train_grad_norm_struct_xattn,0,1780988903339,0.0
learn,LSTM,LSTM_Baseline,de92aac60c8343dc8e495144fb1f50fb,854778689611649472,_LSTM-UN-f1-5-55_loan_v1_v5_simulated_LSTM,_LSTM-UN-f1-5,55,train_grad_norm_struct_xattn,0,1780989076770,0.0
learn,LSTM,LSTM_Baseline,de92aac60c8343dc8e495144fb1f50fb,854778689611649472,_LSTM-UN-f1-5-55_loan_v1_v5_simulated_LSTM,_LSTM-UN-f1-5,55,train_grad_norm_struct_xattn,0,1780989076770,0.0
learn,LSTM,LSTM_Baseline,de92aac60c8343dc8e495144fb1f50fb,854778689611649472,_LSTM-UN-f1-5-55_loan_v1_v5_simulated_LSTM,_LSTM-UN-f1-5,55,train_grad_norm_struct_xattn,0,1780989229032,0.0
learn,LSTM,LSTM_Baseline,de92aac60c8343dc8e495144fb1f50fb,854778689611649472,_LSTM-UN-f1-5-55_loan_v1_v5_simulated_LSTM,_LSTM-UN-f1-5,55,train_grad_norm_struct_xattn,0,1780989229032,0.0
learn,LSTM,LSTM_Baseline,de92aac60c8343dc8e495144fb1f50fb,854778689611649472,_LSTM-UN-f1-5-55_loan_v1_v5_simulated_LSTM,_LSTM-UN-f1-5,55,train_grad_norm_struct_xattn,0,1780989376165,0.0
learn,LSTM,LSTM_Baseline,de92aac60c8343dc8e495144fb1f50fb,854778689611649472,_LSTM-UN-f1-5-55_loan_v1_v5_simulated_LSTM,_LSTM-UN-f1-5,55,train_grad_norm_struct_xattn,0,1780989376165,0.0
learn,LSTM,LSTM_Baseline,de92aac60c8343dc8e495144fb1f50fb,854778689611649472,_LSTM-UN-f1-5-55_loan_v1_v5_simulated_LSTM,_LSTM-UN-f1-5,55,train_grad_norm_struct_xattn,0,1780989528381,0.0
learn,LSTM,LSTM_Baseline,de92aac60c8343dc8e495144fb1f50fb,854778689611649472,_LSTM-UN-f1-5-55_loan_v1_v5_simulated_LSTM,_LSTM-UN-f1-5,55,train_grad_norm_struct_xattn,0,1780989528381,0.0
learn,LSTM,LSTM_Baseline,de92aac60c8343dc8e495144fb1f50fb,854778689611649472,_LSTM-UN-f1-5-55_loan_v1_v5_simulated_LSTM,_LSTM-UN-f1-5,55,train_grad_norm_struct_xattn,0,1780989686474,0.0
learn,LSTM,LSTM_Baseline,de92aac60c8343dc8e495144fb1f50fb,854778689611649472,_LSTM-UN-f1-5-55_loan_v1_v5_simulated_LSTM,_LSTM-UN-f1-5,55,train_grad_norm_struct_xattn,0,1780989686474,0.0
learn,LSTM,LSTM_Baseline,de92aac60c8343dc8e495144fb1f50fb,854778689611649472,_LSTM-UN-f1-5-55_loan_v1_v5_simulated_LSTM,_LSTM-UN-f1-5,55,train_grad_norm_struct_xattn,0,1780989846320,0.0
learn,LSTM,LSTM_Baseline,de92aac60c8343dc8e495144fb1f50fb,854778689611649472,_LSTM-UN-f1-5-55_loan_v1_v5_simulated_LSTM,_LSTM-UN-f1-5,55,train_grad_norm_struct_xattn,0,1780989846320,0.0
learn,LSTM,LSTM_Baseline,de92aac60c8343dc8e495144fb1f50fb,854778689611649472,_LSTM-UN-f1-5-55_loan_v1_v5_simulated_LSTM,_LSTM-UN-f1-5,55,train_grad_norm_struct_xattn,0,1780990012543,0.0
learn,LSTM,LSTM_Baseline,de92aac60c8343dc8e495144fb1f50fb,854778689611649472,_LSTM-UN-f1-5-55_loan_v1_v5_simulated_LSTM,_LSTM-UN-f1-5,55,train_grad_norm_struct_xattn,0,1780990012543,0.0
learn,LSTM,LSTM_Baseline,de92aac60c8343dc8e495144fb1f50fb,854778689611649472,_LSTM-UN-f1-5-55_loan_v1_v5_simulated_LSTM,_LSTM-UN-f1-5,55,train_grad_norm_struct_xattn,0,1780990165975,0.0
learn,LSTM,LSTM_Baseline,de92aac60c8343dc8e495144fb1f50fb,854778689611649472,_LSTM-UN-f1-5-55_loan_v1_v5_simulated_LSTM,_LSTM-UN-f1-5,55,train_grad_norm_struct_xattn,0,1780990165975,0.0
learn,LSTM,LSTM_Baseline,de92aac60c8343dc8e495144fb1f50fb,854778689611649472,_LSTM-UN-f1-5-55_loan_v1_v5_simulated_LSTM,_LSTM-UN-f1-5,55,train_grad_norm_struct_xattn,0,1780990320248,0.0
learn,LSTM,LSTM_Baseline,de92aac60c8343dc8e495144fb1f50fb,854778689611649472,_LSTM-UN-f1-5-55_loan_v1_v5_simulated_LSTM,_LSTM-UN-f1-5,55,train_grad_norm_struct_xattn,0,1780990320248,0.0
learn,LSTM,LSTM_Baseline,de92aac60c8343dc8e495144fb1f50fb,854778689611649472,_LSTM-UN-f1-5-55_loan_v1_v5_simulated_LSTM,_LSTM-UN-f1-5,55,train_grad_norm_struct_xattn,0,1780990480611,0.0
learn,LSTM,LSTM_Baseline,de92aac60c8343dc8e495144fb1f50fb,854778689611649472,_LSTM-UN-f1-5-55_loan_v1_v5_simulated_LSTM,_LSTM-UN-f1-5,55,train_grad_norm_struct_xattn,0,1780990480611,0.0
learn,LSTM,LSTM_Baseline,de92aac60c8343dc8e495144fb1f50fb,854778689611649472,_LSTM-UN-f1-5-55_loan_v1_v5_simulated_LSTM,_LSTM-UN-f1-5,55,train_grad_norm_struct_xattn,0,1780990630517,0.0
learn,LSTM,LSTM_Baseline,de92aac60c8343dc8e495144fb1f50fb,854778689611649472,_LSTM-UN-f1-5-55_loan_v1_v5_simulated_LSTM,_LSTM-UN-f1-5,55,train_grad_norm_struct_xattn,0,1780990630517,0.0
learn,LSTM,LSTM_Baseline,de92aac60c8343dc8e495144fb1f50fb,854778689611649472,_LSTM-UN-f1-5-55_loan_v1_v5_simulated_LSTM,_LSTM-UN-f1-5,55,train_grad_norm_struct_xattn,0,1780990791771,0.0
learn,LSTM,LSTM_Baseline,de92aac60c8343dc8e495144fb1f50fb,854778689611649472,_LSTM-UN-f1-5-55_loan_v1_v5_simulated_LSTM,_LSTM-UN-f1-5,55,train_grad_norm_struct_xattn,0,1780990791771,0.0
learn,LSTM,LSTM_Baseline,de92aac60c8343dc8e495144fb1f50fb,854778689611649472,_LSTM-UN-f1-5-55_loan_v1_v5_simulated_LSTM,_LSTM-UN-f1-5,55,train_grad_norm_struct_xattn,0,1780990953459,0.0
learn,LSTM,LSTM_Baseline,de92aac60c8343dc8e495144fb1f50fb,854778689611649472,_LSTM-UN-f1-5-55_loan_v1_v5_simulated_LSTM,_LSTM-UN-f1-5,55,train_grad_norm_struct_xattn,0,1780990953459,0.0
learn,LSTM,LSTM_Baseline,de92aac60c8343dc8e495144fb1f50fb,854778689611649472,_LSTM-UN-f1-5-55_loan_v1_v5_simulated_LSTM,_LSTM-UN-f1-5,55,train_grad_norm_struct_xattn,0,1780991113307,0.0
learn,LSTM,LSTM_Baseline,de92aac60c8343dc8e495144fb1f50fb,854778689611649472,_LSTM-UN-f1-5-55_loan_v1_v5_simulated_LSTM,_LSTM-UN-f1-5,55,train_grad_norm_struct_xattn,0,1780991113307,0.0
learn,LSTM,LSTM_Baseline,de92aac60c8343dc8e495144fb1f50fb,854778689611649472,_LSTM-UN-f1-5-55_loan_v1_v5_simulated_LSTM,_LSTM-UN-f1-5,55,train_grad_norm_struct_xattn,0,1780991276890,0.0
learn,LSTM,LSTM_Baseline,de92aac60c8343dc8e495144fb1f50fb,854778689611649472,_LSTM-UN-f1-5-55_loan_v1_v5_simulated_LSTM,_LSTM-UN-f1-5,55,train_grad_norm_struct_xattn,0,1780991276890,0.0
learn,LSTM,LSTM_Baseline,de92aac60c8343dc8e495144fb1f50fb,854778689611649472,_LSTM-UN-f1-5-55_loan_v1_v5_simulated_LSTM,_LSTM-UN-f1-5,55,train_grad_norm_struct_xattn,0,1780991429934,0.0
learn,LSTM,LSTM_Baseline,de92aac60c8343dc8e495144fb1f50fb,854778689611649472,_LSTM-UN-f1-5-55_loan_v1_v5_simulated_LSTM,_LSTM-UN-f1-5,55,train_grad_norm_struct_xattn,0,1780991429934,0.0
learn,LSTM,LSTM_Baseline,de92aac60c8343dc8e495144fb1f50fb,854778689611649472,_LSTM-UN-f1-5-55_loan_v1_v5_simulated_LSTM,_LSTM-UN-f1-5,55,train_grad_norm_struct_xattn,0,1780991576087,0.0
learn,LSTM,LSTM_Baseline,de92aac60c8343dc8e495144fb1f50fb,854778689611649472,_LSTM-UN-f1-5-55_loan_v1_v5_simulated_LSTM,_LSTM-UN-f1-5,55,train_grad_norm_struct_xattn,0,1780991576087,0.0
learn,LSTM,LSTM_Baseline,de92aac60c8343dc8e495144fb1f50fb,854778689611649472,_LSTM-UN-f1-5-55_loan_v1_v5_simulated_LSTM,_LSTM-UN-f1-5,55,train_grad_norm_struct_xattn,0,1780991725226,0.0
learn,LSTM,LSTM_Baseline,de92aac60c8343dc8e495144fb1f50fb,854778689611649472,_LSTM-UN-f1-5-55_loan_v1_v5_simulated_LSTM,_LSTM-UN-f1-5,55,train_grad_norm_struct_xattn,0,1780991725226,0.0
learn,LSTM,LSTM_Baseline,e76233f053ef480991b58d327df48a9c,854778689611649472,_LSTM-UN-f1-5-42_loan_v1_v5_simulated_LSTM,_LSTM-UN-f1-5,42,train_grad_norm_struct_xattn,0,1780742517464,0.0
learn,LSTM,LSTM_Baseline,e76233f053ef480991b58d327df48a9c,854778689611649472,_LSTM-UN-f1-5-42_loan_v1_v5_simulated_LSTM,_LSTM-UN-f1-5,42,train_grad_norm_struct_xattn,0,1780742517464,0.0
learn,LSTM,LSTM_Baseline,e76233f053ef480991b58d327df48a9c,854778689611649472,_LSTM-UN-f1-5-42_loan_v1_v5_simulated_LSTM,_LSTM-UN-f1-5,42,train_grad_norm_struct_xattn,0,1780742682670,0.0
learn,LSTM,LSTM_Baseline,e76233f053ef480991b58d327df48a9c,854778689611649472,_LSTM-UN-f1-5-42_loan_v1_v5_simulated_LSTM,_LSTM-UN-f1-5,42,train_grad_norm_struct_xattn,0,1780742682670,0.0
learn,LSTM,LSTM_Baseline,e76233f053ef480991b58d327df48a9c,854778689611649472,_LSTM-UN-f1-5-42_loan_v1_v5_simulated_LSTM,_LSTM-UN-f1-5,42,train_grad_norm_struct_xattn,0,1780742829901,0.0
learn,LSTM,LSTM_Baseline,e76233f053ef480991b58d327df48a9c,854778689611649472,_LSTM-UN-f1-5-42_loan_v1_v5_simulated_LSTM,_LSTM-UN-f1-5,42,train_grad_norm_struct_xattn,0,1780742829901,0.0
learn,LSTM,LSTM_Baseline,e76233f053ef480991b58d327df48a9c,854778689611649472,_LSTM-UN-f1-5-42_loan_v1_v5_simulated_LSTM,_LSTM-UN-f1-5,42,train_grad_norm_struct_xattn,0,1780742975111,0.0
learn,LSTM,LSTM_Baseline,e76233f053ef480991b58d327df48a9c,854778689611649472,_LSTM-UN-f1-5-42_loan_v1_v5_simulated_LSTM,_LSTM-UN-f1-5,42,train_grad_norm_struct_xattn,0,1780742975111,0.0
learn,LSTM,LSTM_Baseline,e76233f053ef480991b58d327df48a9c,854778689611649472,_LSTM-UN-f1-5-42_loan_v1_v5_simulated_LSTM,_LSTM-UN-f1-5,42,train_grad_norm_struct_xattn,0,1780743143262,0.0
learn,LSTM,LSTM_Baseline,e76233f053ef480991b58d327df48a9c,854778689611649472,_LSTM-UN-f1-5-42_loan_v1_v5_simulated_LSTM,_LSTM-UN-f1-5,42,train_grad_norm_struct_xattn,0,1780743143262,0.0
learn,LSTM,LSTM_Baseline,e76233f053ef480991b58d327df48a9c,854778689611649472,_LSTM-UN-f1-5-42_loan_v1_v5_simulated_LSTM,_LSTM-UN-f1-5,42,train_grad_norm_struct_xattn,0,1780743340145,0.0
learn,LSTM,LSTM_Baseline,e76233f053ef480991b58d327df48a9c,854778689611649472,_LSTM-UN-f1-5-42_loan_v1_v5_simulated_LSTM,_LSTM-UN-f1-5,42,train_grad_norm_struct_xattn,0,1780743340145,0.0
learn,LSTM,LSTM_Baseline,e76233f053ef480991b58d327df48a9c,854778689611649472,_LSTM-UN-f1-5-42_loan_v1_v5_simulated_LSTM,_LSTM-UN-f1-5,42,train_grad_norm_struct_xattn,0,1780743537032,0.0
learn,LSTM,LSTM_Baseline,e76233f053ef480991b58d327df48a9c,854778689611649472,_LSTM-UN-f1-5-42_loan_v1_v5_simulated_LSTM,_LSTM-UN-f1-5,42,train_grad_norm_struct_xattn,0,1780743537032,0.0
learn,LSTM,LSTM_Baseline,e76233f053ef480991b58d327df48a9c,854778689611649472,_LSTM-UN-f1-5-42_loan_v1_v5_simulated_LSTM,_LSTM-UN-f1-5,42,train_grad_norm_struct_xattn,0,1780743718601,0.0
learn,LSTM,LSTM_Baseline,e76233f053ef480991b58d327df48a9c,854778689611649472,_LSTM-UN-f1-5-42_loan_v1_v5_simulated_LSTM,_LSTM-UN-f1-5,42,train_grad_norm_struct_xattn,0,1780743718601,0.0
learn,LSTM,LSTM_Baseline,e76233f053ef480991b58d327df48a9c,854778689611649472,_LSTM-UN-f1-5-42_loan_v1_v5_simulated_LSTM,_LSTM-UN-f1-5,42,train_grad_norm_struct_xattn,0,1780743882925,0.0
learn,LSTM,LSTM_Baseline,e76233f053ef480991b58d327df48a9c,854778689611649472,_LSTM-UN-f1-5-42_loan_v1_v5_simulated_LSTM,_LSTM-UN-f1-5,42,train_grad_norm_struct_xattn,0,1780743882925,0.0
learn,LSTM,LSTM_Baseline,e76233f053ef480991b58d327df48a9c,854778689611649472,_LSTM-UN-f1-5-42_loan_v1_v5_simulated_LSTM,_LSTM-UN-f1-5,42,train_grad_norm_struct_xattn,0,1780744046258,0.0
learn,LSTM,LSTM_Baseline,e76233f053ef480991b58d327df48a9c,854778689611649472,_LSTM-UN-f1-5-42_loan_v1_v5_simulated_LSTM,_LSTM-UN-f1-5,42,train_grad_norm_struct_xattn,0,1780744046258,0.0
learn,LSTM,LSTM_Baseline,e76233f053ef480991b58d327df48a9c,854778689611649472,_LSTM-UN-f1-5-42_loan_v1_v5_simulated_LSTM,_LSTM-UN-f1-5,42,train_grad_norm_struct_xattn,0,1780744197022,0.0
learn,LSTM,LSTM_Baseline,e76233f053ef480991b58d327df48a9c,854778689611649472,_LSTM-UN-f1-5-42_loan_v1_v5_simulated_LSTM,_LSTM-UN-f1-5,42,train_grad_norm_struct_xattn,0,1780744197022,0.0
learn,LSTM,LSTM_Baseline,e76233f053ef480991b58d327df48a9c,854778689611649472,_LSTM-UN-f1-5-42_loan_v1_v5_simulated_LSTM,_LSTM-UN-f1-5,42,train_grad_norm_struct_xattn,0,1780744350048,0.0
learn,LSTM,LSTM_Baseline,e76233f053ef480991b58d327df48a9c,854778689611649472,_LSTM-UN-f1-5-42_loan_v1_v5_simulated_LSTM,_LSTM-UN-f1-5,42,train_grad_norm_struct_xattn,0,1780744350048,0.0
learn,LSTM,LSTM_Baseline,e76233f053ef480991b58d327df48a9c,854778689611649472,_LSTM-UN-f1-5-42_loan_v1_v5_simulated_LSTM,_LSTM-UN-f1-5,42,train_grad_norm_struct_xattn,0,1780744529101,0.0
learn,LSTM,LSTM_Baseline,e76233f053ef480991b58d327df48a9c,854778689611649472,_LSTM-UN-f1-5-42_loan_v1_v5_simulated_LSTM,_LSTM-UN-f1-5,42,train_grad_norm_struct_xattn,0,1780744529101,0.0
learn,LSTM,LSTM_Baseline,e76233f053ef480991b58d327df48a9c,854778689611649472,_LSTM-UN-f1-5-42_loan_v1_v5_simulated_LSTM,_LSTM-UN-f1-5,42,train_grad_norm_struct_xattn,0,1780744727367,0.0
learn,LSTM,LSTM_Baseline,e76233f053ef480991b58d327df48a9c,854778689611649472,_LSTM-UN-f1-5-42_loan_v1_v5_simulated_LSTM,_LSTM-UN-f1-5,42,train_grad_norm_struct_xattn,0,1780744727367,0.0
learn,LSTM,LSTM_Baseline,e76233f053ef480991b58d327df48a9c,854778689611649472,_LSTM-UN-f1-5-42_loan_v1_v5_simulated_LSTM,_LSTM-UN-f1-5,42,train_grad_norm_struct_xattn,0,1780744918431,0.0
learn,LSTM,LSTM_Baseline,e76233f053ef480991b58d327df48a9c,854778689611649472,_LSTM-UN-f1-5-42_loan_v1_v5_simulated_LSTM,_LSTM-UN-f1-5,42,train_grad_norm_struct_xattn,0,1780744918431,0.0
learn,LSTM,LSTM_Baseline,e76233f053ef480991b58d327df48a9c,854778689611649472,_LSTM-UN-f1-5-42_loan_v1_v5_simulated_LSTM,_LSTM-UN-f1-5,42,train_grad_norm_struct_xattn,0,1780745119026,0.0
learn,LSTM,LSTM_Baseline,e76233f053ef480991b58d327df48a9c,854778689611649472,_LSTM-UN-f1-5-42_loan_v1_v5_simulated_LSTM,_LSTM-UN-f1-5,42,train_grad_norm_struct_xattn,0,1780745119026,0.0
learn,LSTM,LSTM_Baseline,e76233f053ef480991b58d327df48a9c,854778689611649472,_LSTM-UN-f1-5-42_loan_v1_v5_simulated_LSTM,_LSTM-UN-f1-5,42,train_grad_norm_struct_xattn,0,1780745350838,0.0
learn,LSTM,LSTM_Baseline,e76233f053ef480991b58d327df48a9c,854778689611649472,_LSTM-UN-f1-5-42_loan_v1_v5_simulated_LSTM,_LSTM-UN-f1-5,42,train_grad_norm_struct_xattn,0,1780745350838,0.0
learn,LSTM,LSTM_Baseline,e76233f053ef480991b58d327df48a9c,854778689611649472,_LSTM-UN-f1-5-42_loan_v1_v5_simulated_LSTM,_LSTM-UN-f1-5,42,train_grad_norm_struct_xattn,0,1780745565764,0.0
learn,LSTM,LSTM_Baseline,e76233f053ef480991b58d327df48a9c,854778689611649472,_LSTM-UN-f1-5-42_loan_v1_v5_simulated_LSTM,_LSTM-UN-f1-5,42,train_grad_norm_struct_xattn,0,1780745565764,0.0
learn,LSTM,LSTM_Baseline,e76233f053ef480991b58d327df48a9c,854778689611649472,_LSTM-UN-f1-5-42_loan_v1_v5_simulated_LSTM,_LSTM-UN-f1-5,42,train_grad_norm_struct_xattn,0,1780745735376,0.0
learn,LSTM,LSTM_Baseline,e76233f053ef480991b58d327df48a9c,854778689611649472,_LSTM-UN-f1-5-42_loan_v1_v5_simulated_LSTM,_LSTM-UN-f1-5,42,train_grad_norm_struct_xattn,0,1780745735376,0.0
learn,LSTM,LSTM_Baseline,e76233f053ef480991b58d327df48a9c,854778689611649472,_LSTM-UN-f1-5-42_loan_v1_v5_simulated_LSTM,_LSTM-UN-f1-5,42,train_grad_norm_struct_xattn,0,1780745887354,0.0
learn,LSTM,LSTM_Baseline,e76233f053ef480991b58d327df48a9c,854778689611649472,_LSTM-UN-f1-5-42_loan_v1_v5_simulated_LSTM,_LSTM-UN-f1-5,42,train_grad_norm_struct_xattn,0,1780745887354,0.0
learn,LSTM,LSTM_Baseline,e76233f053ef480991b58d327df48a9c,854778689611649472,_LSTM-UN-f1-5-42_loan_v1_v5_simulated_LSTM,_LSTM-UN-f1-5,42,train_grad_norm_struct_xattn,0,1780746064499,0.0
learn,LSTM,LSTM_Baseline,e76233f053ef480991b58d327df48a9c,854778689611649472,_LSTM-UN-f1-5-42_loan_v1_v5_simulated_LSTM,_LSTM-UN-f1-5,42,train_grad_norm_struct_xattn,0,1780746064499,0.0
learn,LSTM,LSTM_Baseline,e76233f053ef480991b58d327df48a9c,854778689611649472,_LSTM-UN-f1-5-42_loan_v1_v5_simulated_LSTM,_LSTM-UN-f1-5,42,train_grad_norm_struct_xattn,0,1780746261401,0.0
learn,LSTM,LSTM_Baseline,e76233f053ef480991b58d327df48a9c,854778689611649472,_LSTM-UN-f1-5-42_loan_v1_v5_simulated_LSTM,_LSTM-UN-f1-5,42,train_grad_norm_struct_xattn,0,1780746261401,0.0
learn,LSTM,LSTM_Baseline,e76233f053ef480991b58d327df48a9c,854778689611649472,_LSTM-UN-f1-5-42_loan_v1_v5_simulated_LSTM,_LSTM-UN-f1-5,42,train_grad_norm_struct_xattn,0,1780746431358,0.0
learn,LSTM,LSTM_Baseline,e76233f053ef480991b58d327df48a9c,854778689611649472,_LSTM-UN-f1-5-42_loan_v1_v5_simulated_LSTM,_LSTM-UN-f1-5,42,train_grad_norm_struct_xattn,0,1780746431358,0.0
learn,LSTM,LSTM_Baseline,e76233f053ef480991b58d327df48a9c,854778689611649472,_LSTM-UN-f1-5-42_loan_v1_v5_simulated_LSTM,_LSTM-UN-f1-5,42,train_grad_norm_struct_xattn,0,1780746624044,0.0
learn,LSTM,LSTM_Baseline,e76233f053ef480991b58d327df48a9c,854778689611649472,_LSTM-UN-f1-5-42_loan_v1_v5_simulated_LSTM,_LSTM-UN-f1-5,42,train_grad_norm_struct_xattn,0,1780746624044,0.0
learn,LSTM,LSTM_Baseline,e76233f053ef480991b58d327df48a9c,854778689611649472,_LSTM-UN-f1-5-42_loan_v1_v5_simulated_LSTM,_LSTM-UN-f1-5,42,train_grad_norm_struct_xattn,0,1780746841088,0.0
learn,LSTM,LSTM_Baseline,e76233f053ef480991b58d327df48a9c,854778689611649472,_LSTM-UN-f1-5-42_loan_v1_v5_simulated_LSTM,_LSTM-UN-f1-5,42,train_grad_norm_struct_xattn,0,1780746841088,0.0
learn,LSTM,LSTM_Baseline,e76233f053ef480991b58d327df48a9c,854778689611649472,_LSTM-UN-f1-5-42_loan_v1_v5_simulated_LSTM,_LSTM-UN-f1-5,42,train_grad_norm_struct_xattn,0,1780747081061,0.0
learn,LSTM,LSTM_Baseline,e76233f053ef480991b58d327df48a9c,854778689611649472,_LSTM-UN-f1-5-42_loan_v1_v5_simulated_LSTM,_LSTM-UN-f1-5,42,train_grad_norm_struct_xattn,0,1780747081061,0.0
learn,LSTM,LSTM_Baseline,e76233f053ef480991b58d327df48a9c,854778689611649472,_LSTM-UN-f1-5-42_loan_v1_v5_simulated_LSTM,_LSTM-UN-f1-5,42,train_grad_norm_struct_xattn,0,1780747250098,0.0
learn,LSTM,LSTM_Baseline,e76233f053ef480991b58d327df48a9c,854778689611649472,_LSTM-UN-f1-5-42_loan_v1_v5_simulated_LSTM,_LSTM-UN-f1-5,42,train_grad_norm_struct_xattn,0,1780747250098,0.0
learn,LSTM,LSTM_Baseline,e76233f053ef480991b58d327df48a9c,854778689611649472,_LSTM-UN-f1-5-42_loan_v1_v5_simulated_LSTM,_LSTM-UN-f1-5,42,train_grad_norm_struct_xattn,0,1780747415522,0.0
learn,LSTM,LSTM_Baseline,e76233f053ef480991b58d327df48a9c,854778689611649472,_LSTM-UN-f1-5-42_loan_v1_v5_simulated_LSTM,_LSTM-UN-f1-5,42,train_grad_norm_struct_xattn,0,1780747415522,0.0
learn,LSTM,LSTM_Baseline,e76233f053ef480991b58d327df48a9c,854778689611649472,_LSTM-UN-f1-5-42_loan_v1_v5_simulated_LSTM,_LSTM-UN-f1-5,42,train_grad_norm_struct_xattn,0,1780747574632,0.0
learn,LSTM,LSTM_Baseline,e76233f053ef480991b58d327df48a9c,854778689611649472,_LSTM-UN-f1-5-42_loan_v1_v5_simulated_LSTM,_LSTM-UN-f1-5,42,train_grad_norm_struct_xattn,0,1780747574632,0.0
learn,LSTM,LSTM_Baseline,e76233f053ef480991b58d327df48a9c,854778689611649472,_LSTM-UN-f1-5-42_loan_v1_v5_simulated_LSTM,_LSTM-UN-f1-5,42,train_grad_norm_struct_xattn,0,1780747726455,0.0
learn,LSTM,LSTM_Baseline,e76233f053ef480991b58d327df48a9c,854778689611649472,_LSTM-UN-f1-5-42_loan_v1_v5_simulated_LSTM,_LSTM-UN-f1-5,42,train_grad_norm_struct_xattn,0,1780747726455,0.0
learn,LSTM,LSTM_Baseline,e76233f053ef480991b58d327df48a9c,854778689611649472,_LSTM-UN-f1-5-42_loan_v1_v5_simulated_LSTM,_LSTM-UN-f1-5,42,train_grad_norm_struct_xattn,0,1780747879212,0.0
learn,LSTM,LSTM_Baseline,e76233f053ef480991b58d327df48a9c,854778689611649472,_LSTM-UN-f1-5-42_loan_v1_v5_simulated_LSTM,_LSTM-UN-f1-5,42,train_grad_norm_struct_xattn,0,1780747879212,0.0
learn,LSTM,LSTM_Baseline,e76233f053ef480991b58d327df48a9c,854778689611649472,_LSTM-UN-f1-5-42_loan_v1_v5_simulated_LSTM,_LSTM-UN-f1-5,42,train_grad_norm_struct_xattn,0,1780748032072,0.0
learn,LSTM,LSTM_Baseline,e76233f053ef480991b58d327df48a9c,854778689611649472,_LSTM-UN-f1-5-42_loan_v1_v5_simulated_LSTM,_LSTM-UN-f1-5,42,train_grad_norm_struct_xattn,0,1780748032072,0.0
learn,LSTM,LSTM_Baseline,e76233f053ef480991b58d327df48a9c,854778689611649472,_LSTM-UN-f1-5-42_loan_v1_v5_simulated_LSTM,_LSTM-UN-f1-5,42,train_grad_norm_struct_xattn,0,1780748182003,0.0
learn,LSTM,LSTM_Baseline,e76233f053ef480991b58d327df48a9c,854778689611649472,_LSTM-UN-f1-5-42_loan_v1_v5_simulated_LSTM,_LSTM-UN-f1-5,42,train_grad_norm_struct_xattn,0,1780748182003,0.0
learn,LSTM,LSTM_Baseline,e76233f053ef480991b58d327df48a9c,854778689611649472,_LSTM-UN-f1-5-42_loan_v1_v5_simulated_LSTM,_LSTM-UN-f1-5,42,train_grad_norm_struct_xattn,0,1780748339638,0.0
learn,LSTM,LSTM_Baseline,e76233f053ef480991b58d327df48a9c,854778689611649472,_LSTM-UN-f1-5-42_loan_v1_v5_simulated_LSTM,_LSTM-UN-f1-5,42,train_grad_norm_struct_xattn,0,1780748339638,0.0
learn,LSTM,LSTM_Baseline,e76233f053ef480991b58d327df48a9c,854778689611649472,_LSTM-UN-f1-5-42_loan_v1_v5_simulated_LSTM,_LSTM-UN-f1-5,42,train_grad_norm_struct_xattn,0,1780748492876,0.0
learn,LSTM,LSTM_Baseline,e76233f053ef480991b58d327df48a9c,854778689611649472,_LSTM-UN-f1-5-42_loan_v1_v5_simulated_LSTM,_LSTM-UN-f1-5,42,train_grad_norm_struct_xattn,0,1780748492876,0.0
learn,LSTM,LSTM_Baseline,e76233f053ef480991b58d327df48a9c,854778689611649472,_LSTM-UN-f1-5-42_loan_v1_v5_simulated_LSTM,_LSTM-UN-f1-5,42,train_grad_norm_struct_xattn,0,1780748643983,0.0
learn,LSTM,LSTM_Baseline,e76233f053ef480991b58d327df48a9c,854778689611649472,_LSTM-UN-f1-5-42_loan_v1_v5_simulated_LSTM,_LSTM-UN-f1-5,42,train_grad_norm_struct_xattn,0,1780748643983,0.0
