run_set,paper_model,model_type,run_id,experiment_id,run_name,preset_name,seed,metric,step,timestamp,value
learn,EOPKG,EOPKGTopologyConditioned,43c4e96d97544cea9eae53251dac57de,854778689611649472,_EOPKG_TC-UN-f1-5-penalty3l-32_loan_v1_v5_simulated_GATv2,_EOPKG_TC-UN-f1-5-penalty3l,32,train_candidate_invalid_probability_mass,0,1781418801228,0.08060596030152185
learn,EOPKG,EOPKGTopologyConditioned,43c4e96d97544cea9eae53251dac57de,854778689611649472,_EOPKG_TC-UN-f1-5-penalty3l-32_loan_v1_v5_simulated_GATv2,_EOPKG_TC-UN-f1-5-penalty3l,32,train_candidate_invalid_probability_mass,0,1781418801228,0.08060596030152185
learn,EOPKG,EOPKGTopologyConditioned,43c4e96d97544cea9eae53251dac57de,854778689611649472,_EOPKG_TC-UN-f1-5-penalty3l-32_loan_v1_v5_simulated_GATv2,_EOPKG_TC-UN-f1-5-penalty3l,32,train_candidate_invalid_probability_mass,0,1781419068967,0.010818685677023945
learn,EOPKG,EOPKGTopologyConditioned,43c4e96d97544cea9eae53251dac57de,854778689611649472,_EOPKG_TC-UN-f1-5-penalty3l-32_loan_v1_v5_simulated_GATv2,_EOPKG_TC-UN-f1-5-penalty3l,32,train_candidate_invalid_probability_mass,0,1781419068967,0.010818685677023945
learn,EOPKG,EOPKGTopologyConditioned,43c4e96d97544cea9eae53251dac57de,854778689611649472,_EOPKG_TC-UN-f1-5-penalty3l-32_loan_v1_v5_simulated_GATv2,_EOPKG_TC-UN-f1-5-penalty3l,32,train_candidate_invalid_probability_mass,0,1781419326717,0.007636088782044894
learn,EOPKG,EOPKGTopologyConditioned,43c4e96d97544cea9eae53251dac57de,854778689611649472,_EOPKG_TC-UN-f1-5-penalty3l-32_loan_v1_v5_simulated_GATv2,_EOPKG_TC-UN-f1-5-penalty3l,32,train_candidate_invalid_probability_mass,0,1781419326717,0.007636088782044894
learn,EOPKG,EOPKGTopologyConditioned,43c4e96d97544cea9eae53251dac57de,854778689611649472,_EOPKG_TC-UN-f1-5-penalty3l-32_loan_v1_v5_simulated_GATv2,_EOPKG_TC-UN-f1-5-penalty3l,32,train_candidate_invalid_probability_mass,0,1781419616275,0.006163137077445695
learn,EOPKG,EOPKGTopologyConditioned,43c4e96d97544cea9eae53251dac57de,854778689611649472,_EOPKG_TC-UN-f1-5-penalty3l-32_loan_v1_v5_simulated_GATv2,_EOPKG_TC-UN-f1-5-penalty3l,32,train_candidate_invalid_probability_mass,0,1781419616275,0.006163137077445695
learn,EOPKG,EOPKGTopologyConditioned,43c4e96d97544cea9eae53251dac57de,854778689611649472,_EOPKG_TC-UN-f1-5-penalty3l-32_loan_v1_v5_simulated_GATv2,_EOPKG_TC-UN-f1-5-penalty3l,32,train_candidate_invalid_probability_mass,0,1781419898332,0.0048106370252425324
learn,EOPKG,EOPKGTopologyConditioned,43c4e96d97544cea9eae53251dac57de,854778689611649472,_EOPKG_TC-UN-f1-5-penalty3l-32_loan_v1_v5_simulated_GATv2,_EOPKG_TC-UN-f1-5-penalty3l,32,train_candidate_invalid_probability_mass,0,1781419898332,0.0048106370252425324
learn,EOPKG,EOPKGTopologyConditioned,43c4e96d97544cea9eae53251dac57de,854778689611649472,_EOPKG_TC-UN-f1-5-penalty3l-32_loan_v1_v5_simulated_GATv2,_EOPKG_TC-UN-f1-5-penalty3l,32,train_candidate_invalid_probability_mass,0,1781420161671,0.004594711230924154
learn,EOPKG,EOPKGTopologyConditioned,43c4e96d97544cea9eae53251dac57de,854778689611649472,_EOPKG_TC-UN-f1-5-penalty3l-32_loan_v1_v5_simulated_GATv2,_EOPKG_TC-UN-f1-5-penalty3l,32,train_candidate_invalid_probability_mass,0,1781420161671,0.004594711230924154
learn,EOPKG,EOPKGTopologyConditioned,43c4e96d97544cea9eae53251dac57de,854778689611649472,_EOPKG_TC-UN-f1-5-penalty3l-32_loan_v1_v5_simulated_GATv2,_EOPKG_TC-UN-f1-5-penalty3l,32,train_candidate_invalid_probability_mass,0,1781420419847,0.0037609761261932005
learn,EOPKG,EOPKGTopologyConditioned,43c4e96d97544cea9eae53251dac57de,854778689611649472,_EOPKG_TC-UN-f1-5-penalty3l-32_loan_v1_v5_simulated_GATv2,_EOPKG_TC-UN-f1-5-penalty3l,32,train_candidate_invalid_probability_mass,0,1781420419847,0.0037609761261932005
learn,EOPKG,EOPKGTopologyConditioned,43c4e96d97544cea9eae53251dac57de,854778689611649472,_EOPKG_TC-UN-f1-5-penalty3l-32_loan_v1_v5_simulated_GATv2,_EOPKG_TC-UN-f1-5-penalty3l,32,train_candidate_invalid_probability_mass,0,1781420679539,0.0036159078841355285
learn,EOPKG,EOPKGTopologyConditioned,43c4e96d97544cea9eae53251dac57de,854778689611649472,_EOPKG_TC-UN-f1-5-penalty3l-32_loan_v1_v5_simulated_GATv2,_EOPKG_TC-UN-f1-5-penalty3l,32,train_candidate_invalid_probability_mass,0,1781420679539,0.0036159078841355285
learn,EOPKG,EOPKGTopologyConditioned,43c4e96d97544cea9eae53251dac57de,854778689611649472,_EOPKG_TC-UN-f1-5-penalty3l-32_loan_v1_v5_simulated_GATv2,_EOPKG_TC-UN-f1-5-penalty3l,32,train_candidate_invalid_probability_mass,0,1781420946513,0.0034614130031926016
learn,EOPKG,EOPKGTopologyConditioned,43c4e96d97544cea9eae53251dac57de,854778689611649472,_EOPKG_TC-UN-f1-5-penalty3l-32_loan_v1_v5_simulated_GATv2,_EOPKG_TC-UN-f1-5-penalty3l,32,train_candidate_invalid_probability_mass,0,1781420946513,0.0034614130031926016
learn,EOPKG,EOPKGTopologyConditioned,43c4e96d97544cea9eae53251dac57de,854778689611649472,_EOPKG_TC-UN-f1-5-penalty3l-32_loan_v1_v5_simulated_GATv2,_EOPKG_TC-UN-f1-5-penalty3l,32,train_candidate_invalid_probability_mass,0,1781421199591,0.0027566957845506575
learn,EOPKG,EOPKGTopologyConditioned,43c4e96d97544cea9eae53251dac57de,854778689611649472,_EOPKG_TC-UN-f1-5-penalty3l-32_loan_v1_v5_simulated_GATv2,_EOPKG_TC-UN-f1-5-penalty3l,32,train_candidate_invalid_probability_mass,0,1781421199591,0.0027566957845506575
learn,EOPKG,EOPKGTopologyConditioned,43c4e96d97544cea9eae53251dac57de,854778689611649472,_EOPKG_TC-UN-f1-5-penalty3l-32_loan_v1_v5_simulated_GATv2,_EOPKG_TC-UN-f1-5-penalty3l,32,train_candidate_invalid_probability_mass,0,1781421694564,0.002908657862125957
learn,EOPKG,EOPKGTopologyConditioned,43c4e96d97544cea9eae53251dac57de,854778689611649472,_EOPKG_TC-UN-f1-5-penalty3l-32_loan_v1_v5_simulated_GATv2,_EOPKG_TC-UN-f1-5-penalty3l,32,train_candidate_invalid_probability_mass,0,1781421694564,0.002908657862125957
learn,EOPKG,EOPKGTopologyConditioned,43c4e96d97544cea9eae53251dac57de,854778689611649472,_EOPKG_TC-UN-f1-5-penalty3l-32_loan_v1_v5_simulated_GATv2,_EOPKG_TC-UN-f1-5-penalty3l,32,train_candidate_invalid_probability_mass,0,1781422005710,0.0027007819888136084
learn,EOPKG,EOPKGTopologyConditioned,43c4e96d97544cea9eae53251dac57de,854778689611649472,_EOPKG_TC-UN-f1-5-penalty3l-32_loan_v1_v5_simulated_GATv2,_EOPKG_TC-UN-f1-5-penalty3l,32,train_candidate_invalid_probability_mass,0,1781422005710,0.0027007819888136084
learn,EOPKG,EOPKGTopologyConditioned,43c4e96d97544cea9eae53251dac57de,854778689611649472,_EOPKG_TC-UN-f1-5-penalty3l-32_loan_v1_v5_simulated_GATv2,_EOPKG_TC-UN-f1-5-penalty3l,32,train_candidate_invalid_probability_mass,0,1781422466433,0.0025831032916385274
learn,EOPKG,EOPKGTopologyConditioned,43c4e96d97544cea9eae53251dac57de,854778689611649472,_EOPKG_TC-UN-f1-5-penalty3l-32_loan_v1_v5_simulated_GATv2,_EOPKG_TC-UN-f1-5-penalty3l,32,train_candidate_invalid_probability_mass,0,1781422466433,0.0025831032916385274
learn,EOPKG,EOPKGTopologyConditioned,43c4e96d97544cea9eae53251dac57de,854778689611649472,_EOPKG_TC-UN-f1-5-penalty3l-32_loan_v1_v5_simulated_GATv2,_EOPKG_TC-UN-f1-5-penalty3l,32,train_candidate_invalid_probability_mass,0,1781422754310,0.002233199412600968
learn,EOPKG,EOPKGTopologyConditioned,43c4e96d97544cea9eae53251dac57de,854778689611649472,_EOPKG_TC-UN-f1-5-penalty3l-32_loan_v1_v5_simulated_GATv2,_EOPKG_TC-UN-f1-5-penalty3l,32,train_candidate_invalid_probability_mass,0,1781422754310,0.002233199412600968
learn,EOPKG,EOPKGTopologyConditioned,43c4e96d97544cea9eae53251dac57de,854778689611649472,_EOPKG_TC-UN-f1-5-penalty3l-32_loan_v1_v5_simulated_GATv2,_EOPKG_TC-UN-f1-5-penalty3l,32,train_candidate_invalid_probability_mass,0,1781423038179,0.002357727674665951
learn,EOPKG,EOPKGTopologyConditioned,43c4e96d97544cea9eae53251dac57de,854778689611649472,_EOPKG_TC-UN-f1-5-penalty3l-32_loan_v1_v5_simulated_GATv2,_EOPKG_TC-UN-f1-5-penalty3l,32,train_candidate_invalid_probability_mass,0,1781423038179,0.002357727674665951
learn,EOPKG,EOPKGTopologyConditioned,43c4e96d97544cea9eae53251dac57de,854778689611649472,_EOPKG_TC-UN-f1-5-penalty3l-32_loan_v1_v5_simulated_GATv2,_EOPKG_TC-UN-f1-5-penalty3l,32,train_candidate_invalid_probability_mass,0,1781423408035,0.0022163042366569077
learn,EOPKG,EOPKGTopologyConditioned,43c4e96d97544cea9eae53251dac57de,854778689611649472,_EOPKG_TC-UN-f1-5-penalty3l-32_loan_v1_v5_simulated_GATv2,_EOPKG_TC-UN-f1-5-penalty3l,32,train_candidate_invalid_probability_mass,0,1781423408035,0.0022163042366569077
learn,EOPKG,EOPKGTopologyConditioned,43c4e96d97544cea9eae53251dac57de,854778689611649472,_EOPKG_TC-UN-f1-5-penalty3l-32_loan_v1_v5_simulated_GATv2,_EOPKG_TC-UN-f1-5-penalty3l,32,train_candidate_invalid_probability_mass,0,1781423713648,0.0019788988319925952
learn,EOPKG,EOPKGTopologyConditioned,43c4e96d97544cea9eae53251dac57de,854778689611649472,_EOPKG_TC-UN-f1-5-penalty3l-32_loan_v1_v5_simulated_GATv2,_EOPKG_TC-UN-f1-5-penalty3l,32,train_candidate_invalid_probability_mass,0,1781423713648,0.0019788988319925952
learn,EOPKG,EOPKGTopologyConditioned,43c4e96d97544cea9eae53251dac57de,854778689611649472,_EOPKG_TC-UN-f1-5-penalty3l-32_loan_v1_v5_simulated_GATv2,_EOPKG_TC-UN-f1-5-penalty3l,32,train_candidate_invalid_probability_mass,0,1781423995422,0.0019904580796418774
learn,EOPKG,EOPKGTopologyConditioned,43c4e96d97544cea9eae53251dac57de,854778689611649472,_EOPKG_TC-UN-f1-5-penalty3l-32_loan_v1_v5_simulated_GATv2,_EOPKG_TC-UN-f1-5-penalty3l,32,train_candidate_invalid_probability_mass,0,1781423995422,0.0019904580796418774
learn,EOPKG,EOPKGTopologyConditioned,43c4e96d97544cea9eae53251dac57de,854778689611649472,_EOPKG_TC-UN-f1-5-penalty3l-32_loan_v1_v5_simulated_GATv2,_EOPKG_TC-UN-f1-5-penalty3l,32,train_candidate_invalid_probability_mass,0,1781424256006,0.0018878187392434825
learn,EOPKG,EOPKGTopologyConditioned,43c4e96d97544cea9eae53251dac57de,854778689611649472,_EOPKG_TC-UN-f1-5-penalty3l-32_loan_v1_v5_simulated_GATv2,_EOPKG_TC-UN-f1-5-penalty3l,32,train_candidate_invalid_probability_mass,0,1781424256006,0.0018878187392434825
learn,EOPKG,EOPKGTopologyConditioned,43c4e96d97544cea9eae53251dac57de,854778689611649472,_EOPKG_TC-UN-f1-5-penalty3l-32_loan_v1_v5_simulated_GATv2,_EOPKG_TC-UN-f1-5-penalty3l,32,train_candidate_invalid_probability_mass,0,1781424514654,0.0020050507337088137
learn,EOPKG,EOPKGTopologyConditioned,43c4e96d97544cea9eae53251dac57de,854778689611649472,_EOPKG_TC-UN-f1-5-penalty3l-32_loan_v1_v5_simulated_GATv2,_EOPKG_TC-UN-f1-5-penalty3l,32,train_candidate_invalid_probability_mass,0,1781424514654,0.0020050507337088137
learn,EOPKG,EOPKGTopologyConditioned,43c4e96d97544cea9eae53251dac57de,854778689611649472,_EOPKG_TC-UN-f1-5-penalty3l-32_loan_v1_v5_simulated_GATv2,_EOPKG_TC-UN-f1-5-penalty3l,32,train_candidate_invalid_probability_mass,0,1781424772816,0.0016855072196878772
learn,EOPKG,EOPKGTopologyConditioned,43c4e96d97544cea9eae53251dac57de,854778689611649472,_EOPKG_TC-UN-f1-5-penalty3l-32_loan_v1_v5_simulated_GATv2,_EOPKG_TC-UN-f1-5-penalty3l,32,train_candidate_invalid_probability_mass,0,1781424772816,0.0016855072196878772
learn,EOPKG,EOPKGTopologyConditioned,43c4e96d97544cea9eae53251dac57de,854778689611649472,_EOPKG_TC-UN-f1-5-penalty3l-32_loan_v1_v5_simulated_GATv2,_EOPKG_TC-UN-f1-5-penalty3l,32,train_candidate_invalid_probability_mass,0,1781425032664,0.0021119238726853206
learn,EOPKG,EOPKGTopologyConditioned,43c4e96d97544cea9eae53251dac57de,854778689611649472,_EOPKG_TC-UN-f1-5-penalty3l-32_loan_v1_v5_simulated_GATv2,_EOPKG_TC-UN-f1-5-penalty3l,32,train_candidate_invalid_probability_mass,0,1781425032664,0.0021119238726853206
learn,EOPKG,EOPKGTopologyConditioned,43c4e96d97544cea9eae53251dac57de,854778689611649472,_EOPKG_TC-UN-f1-5-penalty3l-32_loan_v1_v5_simulated_GATv2,_EOPKG_TC-UN-f1-5-penalty3l,32,train_candidate_invalid_probability_mass,0,1781425291517,0.0019409206885746748
learn,EOPKG,EOPKGTopologyConditioned,43c4e96d97544cea9eae53251dac57de,854778689611649472,_EOPKG_TC-UN-f1-5-penalty3l-32_loan_v1_v5_simulated_GATv2,_EOPKG_TC-UN-f1-5-penalty3l,32,train_candidate_invalid_probability_mass,0,1781425291517,0.0019409206885746748
learn,EOPKG,EOPKGTopologyConditioned,43c4e96d97544cea9eae53251dac57de,854778689611649472,_EOPKG_TC-UN-f1-5-penalty3l-32_loan_v1_v5_simulated_GATv2,_EOPKG_TC-UN-f1-5-penalty3l,32,train_candidate_invalid_probability_mass,0,1781425554414,0.0018303586095212462
learn,EOPKG,EOPKGTopologyConditioned,43c4e96d97544cea9eae53251dac57de,854778689611649472,_EOPKG_TC-UN-f1-5-penalty3l-32_loan_v1_v5_simulated_GATv2,_EOPKG_TC-UN-f1-5-penalty3l,32,train_candidate_invalid_probability_mass,0,1781425554414,0.0018303586095212462
learn,EOPKG,EOPKGTopologyConditioned,43c4e96d97544cea9eae53251dac57de,854778689611649472,_EOPKG_TC-UN-f1-5-penalty3l-32_loan_v1_v5_simulated_GATv2,_EOPKG_TC-UN-f1-5-penalty3l,32,train_candidate_invalid_probability_mass,0,1781425819590,0.0018463513804381248
learn,EOPKG,EOPKGTopologyConditioned,43c4e96d97544cea9eae53251dac57de,854778689611649472,_EOPKG_TC-UN-f1-5-penalty3l-32_loan_v1_v5_simulated_GATv2,_EOPKG_TC-UN-f1-5-penalty3l,32,train_candidate_invalid_probability_mass,0,1781425819590,0.0018463513804381248
learn,EOPKG,EOPKGTopologyConditioned,43c4e96d97544cea9eae53251dac57de,854778689611649472,_EOPKG_TC-UN-f1-5-penalty3l-32_loan_v1_v5_simulated_GATv2,_EOPKG_TC-UN-f1-5-penalty3l,32,train_candidate_invalid_probability_mass,0,1781426078532,0.0018015354502052571
learn,EOPKG,EOPKGTopologyConditioned,43c4e96d97544cea9eae53251dac57de,854778689611649472,_EOPKG_TC-UN-f1-5-penalty3l-32_loan_v1_v5_simulated_GATv2,_EOPKG_TC-UN-f1-5-penalty3l,32,train_candidate_invalid_probability_mass,0,1781426078532,0.0018015354502052571
learn,EOPKG,EOPKGTopologyConditioned,43c4e96d97544cea9eae53251dac57de,854778689611649472,_EOPKG_TC-UN-f1-5-penalty3l-32_loan_v1_v5_simulated_GATv2,_EOPKG_TC-UN-f1-5-penalty3l,32,train_candidate_invalid_probability_mass,0,1781426341138,0.0017216573856158007
learn,EOPKG,EOPKGTopologyConditioned,43c4e96d97544cea9eae53251dac57de,854778689611649472,_EOPKG_TC-UN-f1-5-penalty3l-32_loan_v1_v5_simulated_GATv2,_EOPKG_TC-UN-f1-5-penalty3l,32,train_candidate_invalid_probability_mass,0,1781426341138,0.0017216573856158007
learn,EOPKG,EOPKGTopologyConditioned,43c4e96d97544cea9eae53251dac57de,854778689611649472,_EOPKG_TC-UN-f1-5-penalty3l-32_loan_v1_v5_simulated_GATv2,_EOPKG_TC-UN-f1-5-penalty3l,32,train_candidate_invalid_probability_mass,0,1781426599198,0.001767900013981168
learn,EOPKG,EOPKGTopologyConditioned,43c4e96d97544cea9eae53251dac57de,854778689611649472,_EOPKG_TC-UN-f1-5-penalty3l-32_loan_v1_v5_simulated_GATv2,_EOPKG_TC-UN-f1-5-penalty3l,32,train_candidate_invalid_probability_mass,0,1781426599198,0.001767900013981168
learn,EOPKG,EOPKGTopologyConditioned,43c4e96d97544cea9eae53251dac57de,854778689611649472,_EOPKG_TC-UN-f1-5-penalty3l-32_loan_v1_v5_simulated_GATv2,_EOPKG_TC-UN-f1-5-penalty3l,32,train_candidate_invalid_probability_mass,0,1781426858800,0.0016885439050754027
learn,EOPKG,EOPKGTopologyConditioned,43c4e96d97544cea9eae53251dac57de,854778689611649472,_EOPKG_TC-UN-f1-5-penalty3l-32_loan_v1_v5_simulated_GATv2,_EOPKG_TC-UN-f1-5-penalty3l,32,train_candidate_invalid_probability_mass,0,1781426858800,0.0016885439050754027
learn,EOPKG,EOPKGTopologyConditioned,43c4e96d97544cea9eae53251dac57de,854778689611649472,_EOPKG_TC-UN-f1-5-penalty3l-32_loan_v1_v5_simulated_GATv2,_EOPKG_TC-UN-f1-5-penalty3l,32,train_candidate_invalid_probability_mass,0,1781427117090,0.0016095649175433256
learn,EOPKG,EOPKGTopologyConditioned,43c4e96d97544cea9eae53251dac57de,854778689611649472,_EOPKG_TC-UN-f1-5-penalty3l-32_loan_v1_v5_simulated_GATv2,_EOPKG_TC-UN-f1-5-penalty3l,32,train_candidate_invalid_probability_mass,0,1781427117090,0.0016095649175433256
learn,EOPKG,EOPKGTopologyConditioned,43c4e96d97544cea9eae53251dac57de,854778689611649472,_EOPKG_TC-UN-f1-5-penalty3l-32_loan_v1_v5_simulated_GATv2,_EOPKG_TC-UN-f1-5-penalty3l,32,train_candidate_invalid_probability_mass,0,1781427378215,0.0018184090781637092
learn,EOPKG,EOPKGTopologyConditioned,43c4e96d97544cea9eae53251dac57de,854778689611649472,_EOPKG_TC-UN-f1-5-penalty3l-32_loan_v1_v5_simulated_GATv2,_EOPKG_TC-UN-f1-5-penalty3l,32,train_candidate_invalid_probability_mass,0,1781427378215,0.0018184090781637092
learn,EOPKG,EOPKGTopologyConditioned,5e56c5c7531d4675b4c740f509ff678f,854778689611649472,_EOPKG_TC-UN-f1-5-penalty3l-42_loan_v1_v5_simulated_GATv2,_EOPKG_TC-UN-f1-5-penalty3l,42,train_candidate_invalid_probability_mass,0,1780655630934,0.08810600506908753
learn,EOPKG,EOPKGTopologyConditioned,5e56c5c7531d4675b4c740f509ff678f,854778689611649472,_EOPKG_TC-UN-f1-5-penalty3l-42_loan_v1_v5_simulated_GATv2,_EOPKG_TC-UN-f1-5-penalty3l,42,train_candidate_invalid_probability_mass,0,1780655630934,0.08810600506908753
learn,EOPKG,EOPKGTopologyConditioned,5e56c5c7531d4675b4c740f509ff678f,854778689611649472,_EOPKG_TC-UN-f1-5-penalty3l-42_loan_v1_v5_simulated_GATv2,_EOPKG_TC-UN-f1-5-penalty3l,42,train_candidate_invalid_probability_mass,0,1780655937758,0.013535145242270586
learn,EOPKG,EOPKGTopologyConditioned,5e56c5c7531d4675b4c740f509ff678f,854778689611649472,_EOPKG_TC-UN-f1-5-penalty3l-42_loan_v1_v5_simulated_GATv2,_EOPKG_TC-UN-f1-5-penalty3l,42,train_candidate_invalid_probability_mass,0,1780655937758,0.013535145242270586
learn,EOPKG,EOPKGTopologyConditioned,5e56c5c7531d4675b4c740f509ff678f,854778689611649472,_EOPKG_TC-UN-f1-5-penalty3l-42_loan_v1_v5_simulated_GATv2,_EOPKG_TC-UN-f1-5-penalty3l,42,train_candidate_invalid_probability_mass,0,1780656248803,0.00917353922544145
learn,EOPKG,EOPKGTopologyConditioned,5e56c5c7531d4675b4c740f509ff678f,854778689611649472,_EOPKG_TC-UN-f1-5-penalty3l-42_loan_v1_v5_simulated_GATv2,_EOPKG_TC-UN-f1-5-penalty3l,42,train_candidate_invalid_probability_mass,0,1780656248803,0.00917353922544145
learn,EOPKG,EOPKGTopologyConditioned,5e56c5c7531d4675b4c740f509ff678f,854778689611649472,_EOPKG_TC-UN-f1-5-penalty3l-42_loan_v1_v5_simulated_GATv2,_EOPKG_TC-UN-f1-5-penalty3l,42,train_candidate_invalid_probability_mass,0,1780656566431,0.0067302787308884705
learn,EOPKG,EOPKGTopologyConditioned,5e56c5c7531d4675b4c740f509ff678f,854778689611649472,_EOPKG_TC-UN-f1-5-penalty3l-42_loan_v1_v5_simulated_GATv2,_EOPKG_TC-UN-f1-5-penalty3l,42,train_candidate_invalid_probability_mass,0,1780656566431,0.0067302787308884705
learn,EOPKG,EOPKGTopologyConditioned,5e56c5c7531d4675b4c740f509ff678f,854778689611649472,_EOPKG_TC-UN-f1-5-penalty3l-42_loan_v1_v5_simulated_GATv2,_EOPKG_TC-UN-f1-5-penalty3l,42,train_candidate_invalid_probability_mass,0,1780656890966,0.006336337963373819
learn,EOPKG,EOPKGTopologyConditioned,5e56c5c7531d4675b4c740f509ff678f,854778689611649472,_EOPKG_TC-UN-f1-5-penalty3l-42_loan_v1_v5_simulated_GATv2,_EOPKG_TC-UN-f1-5-penalty3l,42,train_candidate_invalid_probability_mass,0,1780656890966,0.006336337963373819
learn,EOPKG,EOPKGTopologyConditioned,5e56c5c7531d4675b4c740f509ff678f,854778689611649472,_EOPKG_TC-UN-f1-5-penalty3l-42_loan_v1_v5_simulated_GATv2,_EOPKG_TC-UN-f1-5-penalty3l,42,train_candidate_invalid_probability_mass,0,1780657279621,0.005369556024085748
learn,EOPKG,EOPKGTopologyConditioned,5e56c5c7531d4675b4c740f509ff678f,854778689611649472,_EOPKG_TC-UN-f1-5-penalty3l-42_loan_v1_v5_simulated_GATv2,_EOPKG_TC-UN-f1-5-penalty3l,42,train_candidate_invalid_probability_mass,0,1780657279621,0.005369556024085748
learn,EOPKG,EOPKGTopologyConditioned,5e56c5c7531d4675b4c740f509ff678f,854778689611649472,_EOPKG_TC-UN-f1-5-penalty3l-42_loan_v1_v5_simulated_GATv2,_EOPKG_TC-UN-f1-5-penalty3l,42,train_candidate_invalid_probability_mass,0,1780657643281,0.00460859208418847
learn,EOPKG,EOPKGTopologyConditioned,5e56c5c7531d4675b4c740f509ff678f,854778689611649472,_EOPKG_TC-UN-f1-5-penalty3l-42_loan_v1_v5_simulated_GATv2,_EOPKG_TC-UN-f1-5-penalty3l,42,train_candidate_invalid_probability_mass,0,1780657643281,0.00460859208418847
learn,EOPKG,EOPKGTopologyConditioned,5e56c5c7531d4675b4c740f509ff678f,854778689611649472,_EOPKG_TC-UN-f1-5-penalty3l-42_loan_v1_v5_simulated_GATv2,_EOPKG_TC-UN-f1-5-penalty3l,42,train_candidate_invalid_probability_mass,0,1780657998273,0.004364906914424098
learn,EOPKG,EOPKGTopologyConditioned,5e56c5c7531d4675b4c740f509ff678f,854778689611649472,_EOPKG_TC-UN-f1-5-penalty3l-42_loan_v1_v5_simulated_GATv2,_EOPKG_TC-UN-f1-5-penalty3l,42,train_candidate_invalid_probability_mass,0,1780657998273,0.004364906914424098
learn,EOPKG,EOPKGTopologyConditioned,5e56c5c7531d4675b4c740f509ff678f,854778689611649472,_EOPKG_TC-UN-f1-5-penalty3l-42_loan_v1_v5_simulated_GATv2,_EOPKG_TC-UN-f1-5-penalty3l,42,train_candidate_invalid_probability_mass,0,1780658338335,0.0040059200170063465
learn,EOPKG,EOPKGTopologyConditioned,5e56c5c7531d4675b4c740f509ff678f,854778689611649472,_EOPKG_TC-UN-f1-5-penalty3l-42_loan_v1_v5_simulated_GATv2,_EOPKG_TC-UN-f1-5-penalty3l,42,train_candidate_invalid_probability_mass,0,1780658338335,0.0040059200170063465
learn,EOPKG,EOPKGTopologyConditioned,5e56c5c7531d4675b4c740f509ff678f,854778689611649472,_EOPKG_TC-UN-f1-5-penalty3l-42_loan_v1_v5_simulated_GATv2,_EOPKG_TC-UN-f1-5-penalty3l,42,train_candidate_invalid_probability_mass,0,1780658729994,0.003770061088885093
learn,EOPKG,EOPKGTopologyConditioned,5e56c5c7531d4675b4c740f509ff678f,854778689611649472,_EOPKG_TC-UN-f1-5-penalty3l-42_loan_v1_v5_simulated_GATv2,_EOPKG_TC-UN-f1-5-penalty3l,42,train_candidate_invalid_probability_mass,0,1780658729994,0.003770061088885093
learn,EOPKG,EOPKGTopologyConditioned,5e56c5c7531d4675b4c740f509ff678f,854778689611649472,_EOPKG_TC-UN-f1-5-penalty3l-42_loan_v1_v5_simulated_GATv2,_EOPKG_TC-UN-f1-5-penalty3l,42,train_candidate_invalid_probability_mass,0,1780659032304,0.0032934437954534788
learn,EOPKG,EOPKGTopologyConditioned,5e56c5c7531d4675b4c740f509ff678f,854778689611649472,_EOPKG_TC-UN-f1-5-penalty3l-42_loan_v1_v5_simulated_GATv2,_EOPKG_TC-UN-f1-5-penalty3l,42,train_candidate_invalid_probability_mass,0,1780659032304,0.0032934437954534788
learn,EOPKG,EOPKGTopologyConditioned,5e56c5c7531d4675b4c740f509ff678f,854778689611649472,_EOPKG_TC-UN-f1-5-penalty3l-42_loan_v1_v5_simulated_GATv2,_EOPKG_TC-UN-f1-5-penalty3l,42,train_candidate_invalid_probability_mass,0,1780659335092,0.0032184040772622016
learn,EOPKG,EOPKGTopologyConditioned,5e56c5c7531d4675b4c740f509ff678f,854778689611649472,_EOPKG_TC-UN-f1-5-penalty3l-42_loan_v1_v5_simulated_GATv2,_EOPKG_TC-UN-f1-5-penalty3l,42,train_candidate_invalid_probability_mass,0,1780659335092,0.0032184040772622016
learn,EOPKG,EOPKGTopologyConditioned,5e56c5c7531d4675b4c740f509ff678f,854778689611649472,_EOPKG_TC-UN-f1-5-penalty3l-42_loan_v1_v5_simulated_GATv2,_EOPKG_TC-UN-f1-5-penalty3l,42,train_candidate_invalid_probability_mass,0,1780659688594,0.0031430289170198402
learn,EOPKG,EOPKGTopologyConditioned,5e56c5c7531d4675b4c740f509ff678f,854778689611649472,_EOPKG_TC-UN-f1-5-penalty3l-42_loan_v1_v5_simulated_GATv2,_EOPKG_TC-UN-f1-5-penalty3l,42,train_candidate_invalid_probability_mass,0,1780659688594,0.0031430289170198402
learn,EOPKG,EOPKGTopologyConditioned,5e56c5c7531d4675b4c740f509ff678f,854778689611649472,_EOPKG_TC-UN-f1-5-penalty3l-42_loan_v1_v5_simulated_GATv2,_EOPKG_TC-UN-f1-5-penalty3l,42,train_candidate_invalid_probability_mass,0,1780659991902,0.0030540684019681806
learn,EOPKG,EOPKGTopologyConditioned,5e56c5c7531d4675b4c740f509ff678f,854778689611649472,_EOPKG_TC-UN-f1-5-penalty3l-42_loan_v1_v5_simulated_GATv2,_EOPKG_TC-UN-f1-5-penalty3l,42,train_candidate_invalid_probability_mass,0,1780659991902,0.0030540684019681806
learn,EOPKG,EOPKGTopologyConditioned,5e56c5c7531d4675b4c740f509ff678f,854778689611649472,_EOPKG_TC-UN-f1-5-penalty3l-42_loan_v1_v5_simulated_GATv2,_EOPKG_TC-UN-f1-5-penalty3l,42,train_candidate_invalid_probability_mass,0,1780660381377,0.002941729859389744
learn,EOPKG,EOPKGTopologyConditioned,5e56c5c7531d4675b4c740f509ff678f,854778689611649472,_EOPKG_TC-UN-f1-5-penalty3l-42_loan_v1_v5_simulated_GATv2,_EOPKG_TC-UN-f1-5-penalty3l,42,train_candidate_invalid_probability_mass,0,1780660381377,0.002941729859389744
learn,EOPKG,EOPKGTopologyConditioned,5e56c5c7531d4675b4c740f509ff678f,854778689611649472,_EOPKG_TC-UN-f1-5-penalty3l-42_loan_v1_v5_simulated_GATv2,_EOPKG_TC-UN-f1-5-penalty3l,42,train_candidate_invalid_probability_mass,0,1780660696431,0.0026245019392151865
learn,EOPKG,EOPKGTopologyConditioned,5e56c5c7531d4675b4c740f509ff678f,854778689611649472,_EOPKG_TC-UN-f1-5-penalty3l-42_loan_v1_v5_simulated_GATv2,_EOPKG_TC-UN-f1-5-penalty3l,42,train_candidate_invalid_probability_mass,0,1780660696431,0.0026245019392151865
learn,EOPKG,EOPKGTopologyConditioned,5e56c5c7531d4675b4c740f509ff678f,854778689611649472,_EOPKG_TC-UN-f1-5-penalty3l-42_loan_v1_v5_simulated_GATv2,_EOPKG_TC-UN-f1-5-penalty3l,42,train_candidate_invalid_probability_mass,0,1780661032298,0.002829617151338311
learn,EOPKG,EOPKGTopologyConditioned,5e56c5c7531d4675b4c740f509ff678f,854778689611649472,_EOPKG_TC-UN-f1-5-penalty3l-42_loan_v1_v5_simulated_GATv2,_EOPKG_TC-UN-f1-5-penalty3l,42,train_candidate_invalid_probability_mass,0,1780661032298,0.002829617151338311
learn,EOPKG,EOPKGTopologyConditioned,5e56c5c7531d4675b4c740f509ff678f,854778689611649472,_EOPKG_TC-UN-f1-5-penalty3l-42_loan_v1_v5_simulated_GATv2,_EOPKG_TC-UN-f1-5-penalty3l,42,train_candidate_invalid_probability_mass,0,1780661318525,0.0024202169726650112
learn,EOPKG,EOPKGTopologyConditioned,5e56c5c7531d4675b4c740f509ff678f,854778689611649472,_EOPKG_TC-UN-f1-5-penalty3l-42_loan_v1_v5_simulated_GATv2,_EOPKG_TC-UN-f1-5-penalty3l,42,train_candidate_invalid_probability_mass,0,1780661318525,0.0024202169726650112
learn,EOPKG,EOPKGTopologyConditioned,5e56c5c7531d4675b4c740f509ff678f,854778689611649472,_EOPKG_TC-UN-f1-5-penalty3l-42_loan_v1_v5_simulated_GATv2,_EOPKG_TC-UN-f1-5-penalty3l,42,train_candidate_invalid_probability_mass,0,1780661592289,0.0025191022127952624
learn,EOPKG,EOPKGTopologyConditioned,5e56c5c7531d4675b4c740f509ff678f,854778689611649472,_EOPKG_TC-UN-f1-5-penalty3l-42_loan_v1_v5_simulated_GATv2,_EOPKG_TC-UN-f1-5-penalty3l,42,train_candidate_invalid_probability_mass,0,1780661592289,0.0025191022127952624
learn,EOPKG,EOPKGTopologyConditioned,5e56c5c7531d4675b4c740f509ff678f,854778689611649472,_EOPKG_TC-UN-f1-5-penalty3l-42_loan_v1_v5_simulated_GATv2,_EOPKG_TC-UN-f1-5-penalty3l,42,train_candidate_invalid_probability_mass,0,1780661866578,0.0022712970851729544
learn,EOPKG,EOPKGTopologyConditioned,5e56c5c7531d4675b4c740f509ff678f,854778689611649472,_EOPKG_TC-UN-f1-5-penalty3l-42_loan_v1_v5_simulated_GATv2,_EOPKG_TC-UN-f1-5-penalty3l,42,train_candidate_invalid_probability_mass,0,1780661866578,0.0022712970851729544
learn,EOPKG,EOPKGTopologyConditioned,5e56c5c7531d4675b4c740f509ff678f,854778689611649472,_EOPKG_TC-UN-f1-5-penalty3l-42_loan_v1_v5_simulated_GATv2,_EOPKG_TC-UN-f1-5-penalty3l,42,train_candidate_invalid_probability_mass,0,1780662136212,0.002330419998164385
learn,EOPKG,EOPKGTopologyConditioned,5e56c5c7531d4675b4c740f509ff678f,854778689611649472,_EOPKG_TC-UN-f1-5-penalty3l-42_loan_v1_v5_simulated_GATv2,_EOPKG_TC-UN-f1-5-penalty3l,42,train_candidate_invalid_probability_mass,0,1780662136212,0.002330419998164385
learn,EOPKG,EOPKGTopologyConditioned,5e56c5c7531d4675b4c740f509ff678f,854778689611649472,_EOPKG_TC-UN-f1-5-penalty3l-42_loan_v1_v5_simulated_GATv2,_EOPKG_TC-UN-f1-5-penalty3l,42,train_candidate_invalid_probability_mass,0,1780662407643,0.0023592022871887328
learn,EOPKG,EOPKGTopologyConditioned,5e56c5c7531d4675b4c740f509ff678f,854778689611649472,_EOPKG_TC-UN-f1-5-penalty3l-42_loan_v1_v5_simulated_GATv2,_EOPKG_TC-UN-f1-5-penalty3l,42,train_candidate_invalid_probability_mass,0,1780662407643,0.0023592022871887328
learn,EOPKG,EOPKGTopologyConditioned,5e56c5c7531d4675b4c740f509ff678f,854778689611649472,_EOPKG_TC-UN-f1-5-penalty3l-42_loan_v1_v5_simulated_GATv2,_EOPKG_TC-UN-f1-5-penalty3l,42,train_candidate_invalid_probability_mass,0,1780662676578,0.002253493046529061
learn,EOPKG,EOPKGTopologyConditioned,5e56c5c7531d4675b4c740f509ff678f,854778689611649472,_EOPKG_TC-UN-f1-5-penalty3l-42_loan_v1_v5_simulated_GATv2,_EOPKG_TC-UN-f1-5-penalty3l,42,train_candidate_invalid_probability_mass,0,1780662676578,0.002253493046529061
learn,EOPKG,EOPKGTopologyConditioned,5e56c5c7531d4675b4c740f509ff678f,854778689611649472,_EOPKG_TC-UN-f1-5-penalty3l-42_loan_v1_v5_simulated_GATv2,_EOPKG_TC-UN-f1-5-penalty3l,42,train_candidate_invalid_probability_mass,0,1780662947423,0.002014955169993596
learn,EOPKG,EOPKGTopologyConditioned,5e56c5c7531d4675b4c740f509ff678f,854778689611649472,_EOPKG_TC-UN-f1-5-penalty3l-42_loan_v1_v5_simulated_GATv2,_EOPKG_TC-UN-f1-5-penalty3l,42,train_candidate_invalid_probability_mass,0,1780662947423,0.002014955169993596
learn,EOPKG,EOPKGTopologyConditioned,5e56c5c7531d4675b4c740f509ff678f,854778689611649472,_EOPKG_TC-UN-f1-5-penalty3l-42_loan_v1_v5_simulated_GATv2,_EOPKG_TC-UN-f1-5-penalty3l,42,train_candidate_invalid_probability_mass,0,1780663217964,0.002254058113684419
learn,EOPKG,EOPKGTopologyConditioned,5e56c5c7531d4675b4c740f509ff678f,854778689611649472,_EOPKG_TC-UN-f1-5-penalty3l-42_loan_v1_v5_simulated_GATv2,_EOPKG_TC-UN-f1-5-penalty3l,42,train_candidate_invalid_probability_mass,0,1780663217964,0.002254058113684419
learn,EOPKG,EOPKGTopologyConditioned,5e56c5c7531d4675b4c740f509ff678f,854778689611649472,_EOPKG_TC-UN-f1-5-penalty3l-42_loan_v1_v5_simulated_GATv2,_EOPKG_TC-UN-f1-5-penalty3l,42,train_candidate_invalid_probability_mass,0,1780663486716,0.0022027937708154546
learn,EOPKG,EOPKGTopologyConditioned,5e56c5c7531d4675b4c740f509ff678f,854778689611649472,_EOPKG_TC-UN-f1-5-penalty3l-42_loan_v1_v5_simulated_GATv2,_EOPKG_TC-UN-f1-5-penalty3l,42,train_candidate_invalid_probability_mass,0,1780663486716,0.0022027937708154546
learn,EOPKG,EOPKGTopologyConditioned,5e56c5c7531d4675b4c740f509ff678f,854778689611649472,_EOPKG_TC-UN-f1-5-penalty3l-42_loan_v1_v5_simulated_GATv2,_EOPKG_TC-UN-f1-5-penalty3l,42,train_candidate_invalid_probability_mass,0,1780663760429,0.0019594338571779363
learn,EOPKG,EOPKGTopologyConditioned,5e56c5c7531d4675b4c740f509ff678f,854778689611649472,_EOPKG_TC-UN-f1-5-penalty3l-42_loan_v1_v5_simulated_GATv2,_EOPKG_TC-UN-f1-5-penalty3l,42,train_candidate_invalid_probability_mass,0,1780663760429,0.0019594338571779363
learn,EOPKG,EOPKGTopologyConditioned,5e56c5c7531d4675b4c740f509ff678f,854778689611649472,_EOPKG_TC-UN-f1-5-penalty3l-42_loan_v1_v5_simulated_GATv2,_EOPKG_TC-UN-f1-5-penalty3l,42,train_candidate_invalid_probability_mass,0,1780664029679,0.0019545357119397887
learn,EOPKG,EOPKGTopologyConditioned,5e56c5c7531d4675b4c740f509ff678f,854778689611649472,_EOPKG_TC-UN-f1-5-penalty3l-42_loan_v1_v5_simulated_GATv2,_EOPKG_TC-UN-f1-5-penalty3l,42,train_candidate_invalid_probability_mass,0,1780664029679,0.0019545357119397887
learn,EOPKG,EOPKGTopologyConditioned,5e56c5c7531d4675b4c740f509ff678f,854778689611649472,_EOPKG_TC-UN-f1-5-penalty3l-42_loan_v1_v5_simulated_GATv2,_EOPKG_TC-UN-f1-5-penalty3l,42,train_candidate_invalid_probability_mass,0,1780664298558,0.0020593284657602576
learn,EOPKG,EOPKGTopologyConditioned,5e56c5c7531d4675b4c740f509ff678f,854778689611649472,_EOPKG_TC-UN-f1-5-penalty3l-42_loan_v1_v5_simulated_GATv2,_EOPKG_TC-UN-f1-5-penalty3l,42,train_candidate_invalid_probability_mass,0,1780664298558,0.0020593284657602576
learn,EOPKG,EOPKGTopologyConditioned,5e56c5c7531d4675b4c740f509ff678f,854778689611649472,_EOPKG_TC-UN-f1-5-penalty3l-42_loan_v1_v5_simulated_GATv2,_EOPKG_TC-UN-f1-5-penalty3l,42,train_candidate_invalid_probability_mass,0,1780664568009,0.00202552364006067
learn,EOPKG,EOPKGTopologyConditioned,5e56c5c7531d4675b4c740f509ff678f,854778689611649472,_EOPKG_TC-UN-f1-5-penalty3l-42_loan_v1_v5_simulated_GATv2,_EOPKG_TC-UN-f1-5-penalty3l,42,train_candidate_invalid_probability_mass,0,1780664568009,0.00202552364006067
learn,EOPKG,EOPKGTopologyConditioned,5e56c5c7531d4675b4c740f509ff678f,854778689611649472,_EOPKG_TC-UN-f1-5-penalty3l-42_loan_v1_v5_simulated_GATv2,_EOPKG_TC-UN-f1-5-penalty3l,42,train_candidate_invalid_probability_mass,0,1780664848389,0.0019818597318847415
learn,EOPKG,EOPKGTopologyConditioned,5e56c5c7531d4675b4c740f509ff678f,854778689611649472,_EOPKG_TC-UN-f1-5-penalty3l-42_loan_v1_v5_simulated_GATv2,_EOPKG_TC-UN-f1-5-penalty3l,42,train_candidate_invalid_probability_mass,0,1780664848389,0.0019818597318847415
learn,EOPKG,EOPKGTopologyConditioned,5e56c5c7531d4675b4c740f509ff678f,854778689611649472,_EOPKG_TC-UN-f1-5-penalty3l-42_loan_v1_v5_simulated_GATv2,_EOPKG_TC-UN-f1-5-penalty3l,42,train_candidate_invalid_probability_mass,0,1780665119111,0.0018972347465318602
learn,EOPKG,EOPKGTopologyConditioned,5e56c5c7531d4675b4c740f509ff678f,854778689611649472,_EOPKG_TC-UN-f1-5-penalty3l-42_loan_v1_v5_simulated_GATv2,_EOPKG_TC-UN-f1-5-penalty3l,42,train_candidate_invalid_probability_mass,0,1780665119111,0.0018972347465318602
learn,EOPKG,EOPKGTopologyConditioned,5e56c5c7531d4675b4c740f509ff678f,854778689611649472,_EOPKG_TC-UN-f1-5-penalty3l-42_loan_v1_v5_simulated_GATv2,_EOPKG_TC-UN-f1-5-penalty3l,42,train_candidate_invalid_probability_mass,0,1780665389718,0.001965686398120049
learn,EOPKG,EOPKGTopologyConditioned,5e56c5c7531d4675b4c740f509ff678f,854778689611649472,_EOPKG_TC-UN-f1-5-penalty3l-42_loan_v1_v5_simulated_GATv2,_EOPKG_TC-UN-f1-5-penalty3l,42,train_candidate_invalid_probability_mass,0,1780665389718,0.001965686398120049
learn,EOPKG,EOPKGTopologyConditioned,5e56c5c7531d4675b4c740f509ff678f,854778689611649472,_EOPKG_TC-UN-f1-5-penalty3l-42_loan_v1_v5_simulated_GATv2,_EOPKG_TC-UN-f1-5-penalty3l,42,train_candidate_invalid_probability_mass,0,1780665661320,0.0017904813076308017
learn,EOPKG,EOPKGTopologyConditioned,5e56c5c7531d4675b4c740f509ff678f,854778689611649472,_EOPKG_TC-UN-f1-5-penalty3l-42_loan_v1_v5_simulated_GATv2,_EOPKG_TC-UN-f1-5-penalty3l,42,train_candidate_invalid_probability_mass,0,1780665661320,0.0017904813076308017
learn,EOPKG,EOPKGTopologyConditioned,5e56c5c7531d4675b4c740f509ff678f,854778689611649472,_EOPKG_TC-UN-f1-5-penalty3l-42_loan_v1_v5_simulated_GATv2,_EOPKG_TC-UN-f1-5-penalty3l,42,train_candidate_invalid_probability_mass,0,1780665931847,0.0017795286233690886
learn,EOPKG,EOPKGTopologyConditioned,5e56c5c7531d4675b4c740f509ff678f,854778689611649472,_EOPKG_TC-UN-f1-5-penalty3l-42_loan_v1_v5_simulated_GATv2,_EOPKG_TC-UN-f1-5-penalty3l,42,train_candidate_invalid_probability_mass,0,1780665931847,0.0017795286233690886
learn,EOPKG,EOPKGTopologyConditioned,5e56c5c7531d4675b4c740f509ff678f,854778689611649472,_EOPKG_TC-UN-f1-5-penalty3l-42_loan_v1_v5_simulated_GATv2,_EOPKG_TC-UN-f1-5-penalty3l,42,train_candidate_invalid_probability_mass,0,1780666267035,0.0018297435142694335
learn,EOPKG,EOPKGTopologyConditioned,5e56c5c7531d4675b4c740f509ff678f,854778689611649472,_EOPKG_TC-UN-f1-5-penalty3l-42_loan_v1_v5_simulated_GATv2,_EOPKG_TC-UN-f1-5-penalty3l,42,train_candidate_invalid_probability_mass,0,1780666267035,0.0018297435142694335
learn,EOPKG,EOPKGTopologyConditioned,5e56c5c7531d4675b4c740f509ff678f,854778689611649472,_EOPKG_TC-UN-f1-5-penalty3l-42_loan_v1_v5_simulated_GATv2,_EOPKG_TC-UN-f1-5-penalty3l,42,train_candidate_invalid_probability_mass,0,1780666540399,0.0018577542971165936
learn,EOPKG,EOPKGTopologyConditioned,5e56c5c7531d4675b4c740f509ff678f,854778689611649472,_EOPKG_TC-UN-f1-5-penalty3l-42_loan_v1_v5_simulated_GATv2,_EOPKG_TC-UN-f1-5-penalty3l,42,train_candidate_invalid_probability_mass,0,1780666540399,0.0018577542971165936
learn,EOPKG,EOPKGTopologyConditioned,5e56c5c7531d4675b4c740f509ff678f,854778689611649472,_EOPKG_TC-UN-f1-5-penalty3l-42_loan_v1_v5_simulated_GATv2,_EOPKG_TC-UN-f1-5-penalty3l,42,train_candidate_invalid_probability_mass,0,1780666813449,0.0016563938796817842
learn,EOPKG,EOPKGTopologyConditioned,5e56c5c7531d4675b4c740f509ff678f,854778689611649472,_EOPKG_TC-UN-f1-5-penalty3l-42_loan_v1_v5_simulated_GATv2,_EOPKG_TC-UN-f1-5-penalty3l,42,train_candidate_invalid_probability_mass,0,1780666813449,0.0016563938796817842
learn,EOPKG,EOPKGTopologyConditioned,5e56c5c7531d4675b4c740f509ff678f,854778689611649472,_EOPKG_TC-UN-f1-5-penalty3l-42_loan_v1_v5_simulated_GATv2,_EOPKG_TC-UN-f1-5-penalty3l,42,train_candidate_invalid_probability_mass,0,1780667120804,0.0018507569308066222
learn,EOPKG,EOPKGTopologyConditioned,5e56c5c7531d4675b4c740f509ff678f,854778689611649472,_EOPKG_TC-UN-f1-5-penalty3l-42_loan_v1_v5_simulated_GATv2,_EOPKG_TC-UN-f1-5-penalty3l,42,train_candidate_invalid_probability_mass,0,1780667120804,0.0018507569308066222
learn,EOPKG,EOPKGTopologyConditioned,5e56c5c7531d4675b4c740f509ff678f,854778689611649472,_EOPKG_TC-UN-f1-5-penalty3l-42_loan_v1_v5_simulated_GATv2,_EOPKG_TC-UN-f1-5-penalty3l,42,train_candidate_invalid_probability_mass,0,1780670051521,0.0016213333884654612
learn,EOPKG,EOPKGTopologyConditioned,5e56c5c7531d4675b4c740f509ff678f,854778689611649472,_EOPKG_TC-UN-f1-5-penalty3l-42_loan_v1_v5_simulated_GATv2,_EOPKG_TC-UN-f1-5-penalty3l,42,train_candidate_invalid_probability_mass,0,1780670051521,0.0016213333884654612
learn,EOPKG,EOPKGTopologyConditioned,5e56c5c7531d4675b4c740f509ff678f,854778689611649472,_EOPKG_TC-UN-f1-5-penalty3l-42_loan_v1_v5_simulated_GATv2,_EOPKG_TC-UN-f1-5-penalty3l,42,train_candidate_invalid_probability_mass,0,1780670319820,0.001845084096709287
learn,EOPKG,EOPKGTopologyConditioned,5e56c5c7531d4675b4c740f509ff678f,854778689611649472,_EOPKG_TC-UN-f1-5-penalty3l-42_loan_v1_v5_simulated_GATv2,_EOPKG_TC-UN-f1-5-penalty3l,42,train_candidate_invalid_probability_mass,0,1780670319820,0.001845084096709287
learn,EOPKG,EOPKGTopologyConditioned,5e56c5c7531d4675b4c740f509ff678f,854778689611649472,_EOPKG_TC-UN-f1-5-penalty3l-42_loan_v1_v5_simulated_GATv2,_EOPKG_TC-UN-f1-5-penalty3l,42,train_candidate_invalid_probability_mass,0,1780670595846,0.001766722317070986
learn,EOPKG,EOPKGTopologyConditioned,5e56c5c7531d4675b4c740f509ff678f,854778689611649472,_EOPKG_TC-UN-f1-5-penalty3l-42_loan_v1_v5_simulated_GATv2,_EOPKG_TC-UN-f1-5-penalty3l,42,train_candidate_invalid_probability_mass,0,1780670595846,0.001766722317070986
learn,EOPKG,EOPKGTopologyConditioned,5e56c5c7531d4675b4c740f509ff678f,854778689611649472,_EOPKG_TC-UN-f1-5-penalty3l-42_loan_v1_v5_simulated_GATv2,_EOPKG_TC-UN-f1-5-penalty3l,42,train_candidate_invalid_probability_mass,0,1780670863864,0.0016282614108970143
learn,EOPKG,EOPKGTopologyConditioned,5e56c5c7531d4675b4c740f509ff678f,854778689611649472,_EOPKG_TC-UN-f1-5-penalty3l-42_loan_v1_v5_simulated_GATv2,_EOPKG_TC-UN-f1-5-penalty3l,42,train_candidate_invalid_probability_mass,0,1780670863864,0.0016282614108970143
learn,EOPKG,EOPKGTopologyConditioned,5e56c5c7531d4675b4c740f509ff678f,854778689611649472,_EOPKG_TC-UN-f1-5-penalty3l-42_loan_v1_v5_simulated_GATv2,_EOPKG_TC-UN-f1-5-penalty3l,42,train_candidate_invalid_probability_mass,0,1780671144976,0.001827603145008344
learn,EOPKG,EOPKGTopologyConditioned,5e56c5c7531d4675b4c740f509ff678f,854778689611649472,_EOPKG_TC-UN-f1-5-penalty3l-42_loan_v1_v5_simulated_GATv2,_EOPKG_TC-UN-f1-5-penalty3l,42,train_candidate_invalid_probability_mass,0,1780671144976,0.001827603145008344
learn,EOPKG,EOPKGTopologyConditioned,5fcc89889b1d45c489329f5e3df9a5a2,854778689611649472,_EOPKG_TC-UN-f1-5-penalty3l-78_loan_v1_v5_simulated_GATv2,_EOPKG_TC-UN-f1-5-penalty3l,78,train_candidate_invalid_probability_mass,0,1780870772147,0.07225491125758483
learn,EOPKG,EOPKGTopologyConditioned,5fcc89889b1d45c489329f5e3df9a5a2,854778689611649472,_EOPKG_TC-UN-f1-5-penalty3l-78_loan_v1_v5_simulated_GATv2,_EOPKG_TC-UN-f1-5-penalty3l,78,train_candidate_invalid_probability_mass,0,1780870772147,0.07225491125758483
learn,EOPKG,EOPKGTopologyConditioned,5fcc89889b1d45c489329f5e3df9a5a2,854778689611649472,_EOPKG_TC-UN-f1-5-penalty3l-78_loan_v1_v5_simulated_GATv2,_EOPKG_TC-UN-f1-5-penalty3l,78,train_candidate_invalid_probability_mass,0,1780871357828,0.011526554211787584
learn,EOPKG,EOPKGTopologyConditioned,5fcc89889b1d45c489329f5e3df9a5a2,854778689611649472,_EOPKG_TC-UN-f1-5-penalty3l-78_loan_v1_v5_simulated_GATv2,_EOPKG_TC-UN-f1-5-penalty3l,78,train_candidate_invalid_probability_mass,0,1780871357828,0.011526554211787584
learn,EOPKG,EOPKGTopologyConditioned,5fcc89889b1d45c489329f5e3df9a5a2,854778689611649472,_EOPKG_TC-UN-f1-5-penalty3l-78_loan_v1_v5_simulated_GATv2,_EOPKG_TC-UN-f1-5-penalty3l,78,train_candidate_invalid_probability_mass,0,1780871908114,0.008239208596435765
learn,EOPKG,EOPKGTopologyConditioned,5fcc89889b1d45c489329f5e3df9a5a2,854778689611649472,_EOPKG_TC-UN-f1-5-penalty3l-78_loan_v1_v5_simulated_GATv2,_EOPKG_TC-UN-f1-5-penalty3l,78,train_candidate_invalid_probability_mass,0,1780871908114,0.008239208596435765
learn,EOPKG,EOPKGTopologyConditioned,5fcc89889b1d45c489329f5e3df9a5a2,854778689611649472,_EOPKG_TC-UN-f1-5-penalty3l-78_loan_v1_v5_simulated_GATv2,_EOPKG_TC-UN-f1-5-penalty3l,78,train_candidate_invalid_probability_mass,0,1780872470375,0.006487313900638923
learn,EOPKG,EOPKGTopologyConditioned,5fcc89889b1d45c489329f5e3df9a5a2,854778689611649472,_EOPKG_TC-UN-f1-5-penalty3l-78_loan_v1_v5_simulated_GATv2,_EOPKG_TC-UN-f1-5-penalty3l,78,train_candidate_invalid_probability_mass,0,1780872470375,0.006487313900638923
learn,EOPKG,EOPKGTopologyConditioned,5fcc89889b1d45c489329f5e3df9a5a2,854778689611649472,_EOPKG_TC-UN-f1-5-penalty3l-78_loan_v1_v5_simulated_GATv2,_EOPKG_TC-UN-f1-5-penalty3l,78,train_candidate_invalid_probability_mass,0,1780892111577,0.0057459649087976674
learn,EOPKG,EOPKGTopologyConditioned,5fcc89889b1d45c489329f5e3df9a5a2,854778689611649472,_EOPKG_TC-UN-f1-5-penalty3l-78_loan_v1_v5_simulated_GATv2,_EOPKG_TC-UN-f1-5-penalty3l,78,train_candidate_invalid_probability_mass,0,1780892111577,0.0057459649087976674
learn,EOPKG,EOPKGTopologyConditioned,5fcc89889b1d45c489329f5e3df9a5a2,854778689611649472,_EOPKG_TC-UN-f1-5-penalty3l-78_loan_v1_v5_simulated_GATv2,_EOPKG_TC-UN-f1-5-penalty3l,78,train_candidate_invalid_probability_mass,0,1780892365130,0.004858491960239251
learn,EOPKG,EOPKGTopologyConditioned,5fcc89889b1d45c489329f5e3df9a5a2,854778689611649472,_EOPKG_TC-UN-f1-5-penalty3l-78_loan_v1_v5_simulated_GATv2,_EOPKG_TC-UN-f1-5-penalty3l,78,train_candidate_invalid_probability_mass,0,1780892365130,0.004858491960239251
learn,EOPKG,EOPKGTopologyConditioned,5fcc89889b1d45c489329f5e3df9a5a2,854778689611649472,_EOPKG_TC-UN-f1-5-penalty3l-78_loan_v1_v5_simulated_GATv2,_EOPKG_TC-UN-f1-5-penalty3l,78,train_candidate_invalid_probability_mass,0,1780892627025,0.0044490141801118545
learn,EOPKG,EOPKGTopologyConditioned,5fcc89889b1d45c489329f5e3df9a5a2,854778689611649472,_EOPKG_TC-UN-f1-5-penalty3l-78_loan_v1_v5_simulated_GATv2,_EOPKG_TC-UN-f1-5-penalty3l,78,train_candidate_invalid_probability_mass,0,1780892627025,0.0044490141801118545
learn,EOPKG,EOPKGTopologyConditioned,5fcc89889b1d45c489329f5e3df9a5a2,854778689611649472,_EOPKG_TC-UN-f1-5-penalty3l-78_loan_v1_v5_simulated_GATv2,_EOPKG_TC-UN-f1-5-penalty3l,78,train_candidate_invalid_probability_mass,0,1780892895952,0.004106606408622003
learn,EOPKG,EOPKGTopologyConditioned,5fcc89889b1d45c489329f5e3df9a5a2,854778689611649472,_EOPKG_TC-UN-f1-5-penalty3l-78_loan_v1_v5_simulated_GATv2,_EOPKG_TC-UN-f1-5-penalty3l,78,train_candidate_invalid_probability_mass,0,1780892895952,0.004106606408622003
learn,EOPKG,EOPKGTopologyConditioned,5fcc89889b1d45c489329f5e3df9a5a2,854778689611649472,_EOPKG_TC-UN-f1-5-penalty3l-78_loan_v1_v5_simulated_GATv2,_EOPKG_TC-UN-f1-5-penalty3l,78,train_candidate_invalid_probability_mass,0,1780893158096,0.003692781217492501
learn,EOPKG,EOPKGTopologyConditioned,5fcc89889b1d45c489329f5e3df9a5a2,854778689611649472,_EOPKG_TC-UN-f1-5-penalty3l-78_loan_v1_v5_simulated_GATv2,_EOPKG_TC-UN-f1-5-penalty3l,78,train_candidate_invalid_probability_mass,0,1780893158096,0.003692781217492501
learn,EOPKG,EOPKGTopologyConditioned,5fcc89889b1d45c489329f5e3df9a5a2,854778689611649472,_EOPKG_TC-UN-f1-5-penalty3l-78_loan_v1_v5_simulated_GATv2,_EOPKG_TC-UN-f1-5-penalty3l,78,train_candidate_invalid_probability_mass,0,1780893421673,0.003508512899968092
learn,EOPKG,EOPKGTopologyConditioned,5fcc89889b1d45c489329f5e3df9a5a2,854778689611649472,_EOPKG_TC-UN-f1-5-penalty3l-78_loan_v1_v5_simulated_GATv2,_EOPKG_TC-UN-f1-5-penalty3l,78,train_candidate_invalid_probability_mass,0,1780893421673,0.003508512899968092
learn,EOPKG,EOPKGTopologyConditioned,5fcc89889b1d45c489329f5e3df9a5a2,854778689611649472,_EOPKG_TC-UN-f1-5-penalty3l-78_loan_v1_v5_simulated_GATv2,_EOPKG_TC-UN-f1-5-penalty3l,78,train_candidate_invalid_probability_mass,0,1780893690208,0.003040305875624502
learn,EOPKG,EOPKGTopologyConditioned,5fcc89889b1d45c489329f5e3df9a5a2,854778689611649472,_EOPKG_TC-UN-f1-5-penalty3l-78_loan_v1_v5_simulated_GATv2,_EOPKG_TC-UN-f1-5-penalty3l,78,train_candidate_invalid_probability_mass,0,1780893690208,0.003040305875624502
learn,EOPKG,EOPKGTopologyConditioned,5fcc89889b1d45c489329f5e3df9a5a2,854778689611649472,_EOPKG_TC-UN-f1-5-penalty3l-78_loan_v1_v5_simulated_GATv2,_EOPKG_TC-UN-f1-5-penalty3l,78,train_candidate_invalid_probability_mass,0,1780893966334,0.002873873895101563
learn,EOPKG,EOPKGTopologyConditioned,5fcc89889b1d45c489329f5e3df9a5a2,854778689611649472,_EOPKG_TC-UN-f1-5-penalty3l-78_loan_v1_v5_simulated_GATv2,_EOPKG_TC-UN-f1-5-penalty3l,78,train_candidate_invalid_probability_mass,0,1780893966334,0.002873873895101563
learn,EOPKG,EOPKGTopologyConditioned,5fcc89889b1d45c489329f5e3df9a5a2,854778689611649472,_EOPKG_TC-UN-f1-5-penalty3l-78_loan_v1_v5_simulated_GATv2,_EOPKG_TC-UN-f1-5-penalty3l,78,train_candidate_invalid_probability_mass,0,1780894246904,0.002694682711418881
learn,EOPKG,EOPKGTopologyConditioned,5fcc89889b1d45c489329f5e3df9a5a2,854778689611649472,_EOPKG_TC-UN-f1-5-penalty3l-78_loan_v1_v5_simulated_GATv2,_EOPKG_TC-UN-f1-5-penalty3l,78,train_candidate_invalid_probability_mass,0,1780894246904,0.002694682711418881
learn,EOPKG,EOPKGTopologyConditioned,5fcc89889b1d45c489329f5e3df9a5a2,854778689611649472,_EOPKG_TC-UN-f1-5-penalty3l-78_loan_v1_v5_simulated_GATv2,_EOPKG_TC-UN-f1-5-penalty3l,78,train_candidate_invalid_probability_mass,0,1780894524789,0.0026817139698413093
learn,EOPKG,EOPKGTopologyConditioned,5fcc89889b1d45c489329f5e3df9a5a2,854778689611649472,_EOPKG_TC-UN-f1-5-penalty3l-78_loan_v1_v5_simulated_GATv2,_EOPKG_TC-UN-f1-5-penalty3l,78,train_candidate_invalid_probability_mass,0,1780894524789,0.0026817139698413093
learn,EOPKG,EOPKGTopologyConditioned,5fcc89889b1d45c489329f5e3df9a5a2,854778689611649472,_EOPKG_TC-UN-f1-5-penalty3l-78_loan_v1_v5_simulated_GATv2,_EOPKG_TC-UN-f1-5-penalty3l,78,train_candidate_invalid_probability_mass,0,1780894818382,0.0024085077295184954
learn,EOPKG,EOPKGTopologyConditioned,5fcc89889b1d45c489329f5e3df9a5a2,854778689611649472,_EOPKG_TC-UN-f1-5-penalty3l-78_loan_v1_v5_simulated_GATv2,_EOPKG_TC-UN-f1-5-penalty3l,78,train_candidate_invalid_probability_mass,0,1780894818382,0.0024085077295184954
learn,EOPKG,EOPKGTopologyConditioned,5fcc89889b1d45c489329f5e3df9a5a2,854778689611649472,_EOPKG_TC-UN-f1-5-penalty3l-78_loan_v1_v5_simulated_GATv2,_EOPKG_TC-UN-f1-5-penalty3l,78,train_candidate_invalid_probability_mass,0,1780895167325,0.00208959831439391
learn,EOPKG,EOPKGTopologyConditioned,5fcc89889b1d45c489329f5e3df9a5a2,854778689611649472,_EOPKG_TC-UN-f1-5-penalty3l-78_loan_v1_v5_simulated_GATv2,_EOPKG_TC-UN-f1-5-penalty3l,78,train_candidate_invalid_probability_mass,0,1780895167325,0.00208959831439391
learn,EOPKG,EOPKGTopologyConditioned,5fcc89889b1d45c489329f5e3df9a5a2,854778689611649472,_EOPKG_TC-UN-f1-5-penalty3l-78_loan_v1_v5_simulated_GATv2,_EOPKG_TC-UN-f1-5-penalty3l,78,train_candidate_invalid_probability_mass,0,1780895498934,0.0023052915754459284
learn,EOPKG,EOPKGTopologyConditioned,5fcc89889b1d45c489329f5e3df9a5a2,854778689611649472,_EOPKG_TC-UN-f1-5-penalty3l-78_loan_v1_v5_simulated_GATv2,_EOPKG_TC-UN-f1-5-penalty3l,78,train_candidate_invalid_probability_mass,0,1780895498934,0.0023052915754459284
learn,EOPKG,EOPKGTopologyConditioned,5fcc89889b1d45c489329f5e3df9a5a2,854778689611649472,_EOPKG_TC-UN-f1-5-penalty3l-78_loan_v1_v5_simulated_GATv2,_EOPKG_TC-UN-f1-5-penalty3l,78,train_candidate_invalid_probability_mass,0,1780895781816,0.002178664511978028
learn,EOPKG,EOPKGTopologyConditioned,5fcc89889b1d45c489329f5e3df9a5a2,854778689611649472,_EOPKG_TC-UN-f1-5-penalty3l-78_loan_v1_v5_simulated_GATv2,_EOPKG_TC-UN-f1-5-penalty3l,78,train_candidate_invalid_probability_mass,0,1780895781816,0.002178664511978028
learn,EOPKG,EOPKGTopologyConditioned,5fcc89889b1d45c489329f5e3df9a5a2,854778689611649472,_EOPKG_TC-UN-f1-5-penalty3l-78_loan_v1_v5_simulated_GATv2,_EOPKG_TC-UN-f1-5-penalty3l,78,train_candidate_invalid_probability_mass,0,1780896072519,0.0020526860308421064
learn,EOPKG,EOPKGTopologyConditioned,5fcc89889b1d45c489329f5e3df9a5a2,854778689611649472,_EOPKG_TC-UN-f1-5-penalty3l-78_loan_v1_v5_simulated_GATv2,_EOPKG_TC-UN-f1-5-penalty3l,78,train_candidate_invalid_probability_mass,0,1780896072519,0.0020526860308421064
learn,EOPKG,EOPKGTopologyConditioned,5fcc89889b1d45c489329f5e3df9a5a2,854778689611649472,_EOPKG_TC-UN-f1-5-penalty3l-78_loan_v1_v5_simulated_GATv2,_EOPKG_TC-UN-f1-5-penalty3l,78,train_candidate_invalid_probability_mass,0,1780896332516,0.0021934773287490095
learn,EOPKG,EOPKGTopologyConditioned,5fcc89889b1d45c489329f5e3df9a5a2,854778689611649472,_EOPKG_TC-UN-f1-5-penalty3l-78_loan_v1_v5_simulated_GATv2,_EOPKG_TC-UN-f1-5-penalty3l,78,train_candidate_invalid_probability_mass,0,1780896332516,0.0021934773287490095
learn,EOPKG,EOPKGTopologyConditioned,5fcc89889b1d45c489329f5e3df9a5a2,854778689611649472,_EOPKG_TC-UN-f1-5-penalty3l-78_loan_v1_v5_simulated_GATv2,_EOPKG_TC-UN-f1-5-penalty3l,78,train_candidate_invalid_probability_mass,0,1780896618965,0.002057981660927532
learn,EOPKG,EOPKGTopologyConditioned,5fcc89889b1d45c489329f5e3df9a5a2,854778689611649472,_EOPKG_TC-UN-f1-5-penalty3l-78_loan_v1_v5_simulated_GATv2,_EOPKG_TC-UN-f1-5-penalty3l,78,train_candidate_invalid_probability_mass,0,1780896618965,0.002057981660927532
learn,EOPKG,EOPKGTopologyConditioned,5fcc89889b1d45c489329f5e3df9a5a2,854778689611649472,_EOPKG_TC-UN-f1-5-penalty3l-78_loan_v1_v5_simulated_GATv2,_EOPKG_TC-UN-f1-5-penalty3l,78,train_candidate_invalid_probability_mass,0,1780896878015,0.0018619347031214178
learn,EOPKG,EOPKGTopologyConditioned,5fcc89889b1d45c489329f5e3df9a5a2,854778689611649472,_EOPKG_TC-UN-f1-5-penalty3l-78_loan_v1_v5_simulated_GATv2,_EOPKG_TC-UN-f1-5-penalty3l,78,train_candidate_invalid_probability_mass,0,1780896878015,0.0018619347031214178
learn,EOPKG,EOPKGTopologyConditioned,5fcc89889b1d45c489329f5e3df9a5a2,854778689611649472,_EOPKG_TC-UN-f1-5-penalty3l-78_loan_v1_v5_simulated_GATv2,_EOPKG_TC-UN-f1-5-penalty3l,78,train_candidate_invalid_probability_mass,0,1780897165318,0.002025589835774509
learn,EOPKG,EOPKGTopologyConditioned,5fcc89889b1d45c489329f5e3df9a5a2,854778689611649472,_EOPKG_TC-UN-f1-5-penalty3l-78_loan_v1_v5_simulated_GATv2,_EOPKG_TC-UN-f1-5-penalty3l,78,train_candidate_invalid_probability_mass,0,1780897165318,0.002025589835774509
learn,EOPKG,EOPKGTopologyConditioned,5fcc89889b1d45c489329f5e3df9a5a2,854778689611649472,_EOPKG_TC-UN-f1-5-penalty3l-78_loan_v1_v5_simulated_GATv2,_EOPKG_TC-UN-f1-5-penalty3l,78,train_candidate_invalid_probability_mass,0,1780897422178,0.002040165736816012
learn,EOPKG,EOPKGTopologyConditioned,5fcc89889b1d45c489329f5e3df9a5a2,854778689611649472,_EOPKG_TC-UN-f1-5-penalty3l-78_loan_v1_v5_simulated_GATv2,_EOPKG_TC-UN-f1-5-penalty3l,78,train_candidate_invalid_probability_mass,0,1780897422178,0.002040165736816012
learn,EOPKG,EOPKGTopologyConditioned,5fcc89889b1d45c489329f5e3df9a5a2,854778689611649472,_EOPKG_TC-UN-f1-5-penalty3l-78_loan_v1_v5_simulated_GATv2,_EOPKG_TC-UN-f1-5-penalty3l,78,train_candidate_invalid_probability_mass,0,1780897681660,0.0018912106972640834
learn,EOPKG,EOPKGTopologyConditioned,5fcc89889b1d45c489329f5e3df9a5a2,854778689611649472,_EOPKG_TC-UN-f1-5-penalty3l-78_loan_v1_v5_simulated_GATv2,_EOPKG_TC-UN-f1-5-penalty3l,78,train_candidate_invalid_probability_mass,0,1780897681660,0.0018912106972640834
learn,EOPKG,EOPKGTopologyConditioned,5fcc89889b1d45c489329f5e3df9a5a2,854778689611649472,_EOPKG_TC-UN-f1-5-penalty3l-78_loan_v1_v5_simulated_GATv2,_EOPKG_TC-UN-f1-5-penalty3l,78,train_candidate_invalid_probability_mass,0,1780897945877,0.001861176112520883
learn,EOPKG,EOPKGTopologyConditioned,5fcc89889b1d45c489329f5e3df9a5a2,854778689611649472,_EOPKG_TC-UN-f1-5-penalty3l-78_loan_v1_v5_simulated_GATv2,_EOPKG_TC-UN-f1-5-penalty3l,78,train_candidate_invalid_probability_mass,0,1780897945877,0.001861176112520883
learn,EOPKG,EOPKGTopologyConditioned,5fcc89889b1d45c489329f5e3df9a5a2,854778689611649472,_EOPKG_TC-UN-f1-5-penalty3l-78_loan_v1_v5_simulated_GATv2,_EOPKG_TC-UN-f1-5-penalty3l,78,train_candidate_invalid_probability_mass,0,1780898204528,0.0017949569849049396
learn,EOPKG,EOPKGTopologyConditioned,5fcc89889b1d45c489329f5e3df9a5a2,854778689611649472,_EOPKG_TC-UN-f1-5-penalty3l-78_loan_v1_v5_simulated_GATv2,_EOPKG_TC-UN-f1-5-penalty3l,78,train_candidate_invalid_probability_mass,0,1780898204528,0.0017949569849049396
learn,EOPKG,EOPKGTopologyConditioned,5fcc89889b1d45c489329f5e3df9a5a2,854778689611649472,_EOPKG_TC-UN-f1-5-penalty3l-78_loan_v1_v5_simulated_GATv2,_EOPKG_TC-UN-f1-5-penalty3l,78,train_candidate_invalid_probability_mass,0,1780898494205,0.0017706433578360298
learn,EOPKG,EOPKGTopologyConditioned,5fcc89889b1d45c489329f5e3df9a5a2,854778689611649472,_EOPKG_TC-UN-f1-5-penalty3l-78_loan_v1_v5_simulated_GATv2,_EOPKG_TC-UN-f1-5-penalty3l,78,train_candidate_invalid_probability_mass,0,1780898494205,0.0017706433578360298
learn,EOPKG,EOPKGTopologyConditioned,5fcc89889b1d45c489329f5e3df9a5a2,854778689611649472,_EOPKG_TC-UN-f1-5-penalty3l-78_loan_v1_v5_simulated_GATv2,_EOPKG_TC-UN-f1-5-penalty3l,78,train_candidate_invalid_probability_mass,0,1780898757552,0.0017513065045145718
learn,EOPKG,EOPKGTopologyConditioned,5fcc89889b1d45c489329f5e3df9a5a2,854778689611649472,_EOPKG_TC-UN-f1-5-penalty3l-78_loan_v1_v5_simulated_GATv2,_EOPKG_TC-UN-f1-5-penalty3l,78,train_candidate_invalid_probability_mass,0,1780898757552,0.0017513065045145718
learn,EOPKG,EOPKGTopologyConditioned,5fcc89889b1d45c489329f5e3df9a5a2,854778689611649472,_EOPKG_TC-UN-f1-5-penalty3l-78_loan_v1_v5_simulated_GATv2,_EOPKG_TC-UN-f1-5-penalty3l,78,train_candidate_invalid_probability_mass,0,1780899040015,0.0018657676144108837
learn,EOPKG,EOPKGTopologyConditioned,5fcc89889b1d45c489329f5e3df9a5a2,854778689611649472,_EOPKG_TC-UN-f1-5-penalty3l-78_loan_v1_v5_simulated_GATv2,_EOPKG_TC-UN-f1-5-penalty3l,78,train_candidate_invalid_probability_mass,0,1780899040015,0.0018657676144108837
learn,EOPKG,EOPKGTopologyConditioned,5fcc89889b1d45c489329f5e3df9a5a2,854778689611649472,_EOPKG_TC-UN-f1-5-penalty3l-78_loan_v1_v5_simulated_GATv2,_EOPKG_TC-UN-f1-5-penalty3l,78,train_candidate_invalid_probability_mass,0,1780899317370,0.0017806758035712065
learn,EOPKG,EOPKGTopologyConditioned,5fcc89889b1d45c489329f5e3df9a5a2,854778689611649472,_EOPKG_TC-UN-f1-5-penalty3l-78_loan_v1_v5_simulated_GATv2,_EOPKG_TC-UN-f1-5-penalty3l,78,train_candidate_invalid_probability_mass,0,1780899317370,0.0017806758035712065
learn,EOPKG,EOPKGTopologyConditioned,5fcc89889b1d45c489329f5e3df9a5a2,854778689611649472,_EOPKG_TC-UN-f1-5-penalty3l-78_loan_v1_v5_simulated_GATv2,_EOPKG_TC-UN-f1-5-penalty3l,78,train_candidate_invalid_probability_mass,0,1780899609695,0.0016842352839731662
learn,EOPKG,EOPKGTopologyConditioned,5fcc89889b1d45c489329f5e3df9a5a2,854778689611649472,_EOPKG_TC-UN-f1-5-penalty3l-78_loan_v1_v5_simulated_GATv2,_EOPKG_TC-UN-f1-5-penalty3l,78,train_candidate_invalid_probability_mass,0,1780899609695,0.0016842352839731662
learn,EOPKG,EOPKGTopologyConditioned,5fcc89889b1d45c489329f5e3df9a5a2,854778689611649472,_EOPKG_TC-UN-f1-5-penalty3l-78_loan_v1_v5_simulated_GATv2,_EOPKG_TC-UN-f1-5-penalty3l,78,train_candidate_invalid_probability_mass,0,1780899884524,0.0015727221859461334
learn,EOPKG,EOPKGTopologyConditioned,5fcc89889b1d45c489329f5e3df9a5a2,854778689611649472,_EOPKG_TC-UN-f1-5-penalty3l-78_loan_v1_v5_simulated_GATv2,_EOPKG_TC-UN-f1-5-penalty3l,78,train_candidate_invalid_probability_mass,0,1780899884524,0.0015727221859461334
learn,EOPKG,EOPKGTopologyConditioned,5fcc89889b1d45c489329f5e3df9a5a2,854778689611649472,_EOPKG_TC-UN-f1-5-penalty3l-78_loan_v1_v5_simulated_GATv2,_EOPKG_TC-UN-f1-5-penalty3l,78,train_candidate_invalid_probability_mass,0,1780900143189,0.0018499795904450432
learn,EOPKG,EOPKGTopologyConditioned,5fcc89889b1d45c489329f5e3df9a5a2,854778689611649472,_EOPKG_TC-UN-f1-5-penalty3l-78_loan_v1_v5_simulated_GATv2,_EOPKG_TC-UN-f1-5-penalty3l,78,train_candidate_invalid_probability_mass,0,1780900143189,0.0018499795904450432
learn,EOPKG,EOPKGTopologyConditioned,5fcc89889b1d45c489329f5e3df9a5a2,854778689611649472,_EOPKG_TC-UN-f1-5-penalty3l-78_loan_v1_v5_simulated_GATv2,_EOPKG_TC-UN-f1-5-penalty3l,78,train_candidate_invalid_probability_mass,0,1780900410778,0.0017757988488597762
learn,EOPKG,EOPKGTopologyConditioned,5fcc89889b1d45c489329f5e3df9a5a2,854778689611649472,_EOPKG_TC-UN-f1-5-penalty3l-78_loan_v1_v5_simulated_GATv2,_EOPKG_TC-UN-f1-5-penalty3l,78,train_candidate_invalid_probability_mass,0,1780900410778,0.0017757988488597762
learn,EOPKG,EOPKGTopologyConditioned,5fcc89889b1d45c489329f5e3df9a5a2,854778689611649472,_EOPKG_TC-UN-f1-5-penalty3l-78_loan_v1_v5_simulated_GATv2,_EOPKG_TC-UN-f1-5-penalty3l,78,train_candidate_invalid_probability_mass,0,1780900678735,0.0016656342596970558
learn,EOPKG,EOPKGTopologyConditioned,5fcc89889b1d45c489329f5e3df9a5a2,854778689611649472,_EOPKG_TC-UN-f1-5-penalty3l-78_loan_v1_v5_simulated_GATv2,_EOPKG_TC-UN-f1-5-penalty3l,78,train_candidate_invalid_probability_mass,0,1780900678735,0.0016656342596970558
learn,EOPKG,EOPKGTopologyConditioned,5fcc89889b1d45c489329f5e3df9a5a2,854778689611649472,_EOPKG_TC-UN-f1-5-penalty3l-78_loan_v1_v5_simulated_GATv2,_EOPKG_TC-UN-f1-5-penalty3l,78,train_candidate_invalid_probability_mass,0,1780900938227,0.0015998143133022918
learn,EOPKG,EOPKGTopologyConditioned,5fcc89889b1d45c489329f5e3df9a5a2,854778689611649472,_EOPKG_TC-UN-f1-5-penalty3l-78_loan_v1_v5_simulated_GATv2,_EOPKG_TC-UN-f1-5-penalty3l,78,train_candidate_invalid_probability_mass,0,1780900938227,0.0015998143133022918
learn,EOPKG,EOPKGTopologyConditioned,5fcc89889b1d45c489329f5e3df9a5a2,854778689611649472,_EOPKG_TC-UN-f1-5-penalty3l-78_loan_v1_v5_simulated_GATv2,_EOPKG_TC-UN-f1-5-penalty3l,78,train_candidate_invalid_probability_mass,0,1780901193274,0.0017091363730165952
learn,EOPKG,EOPKGTopologyConditioned,5fcc89889b1d45c489329f5e3df9a5a2,854778689611649472,_EOPKG_TC-UN-f1-5-penalty3l-78_loan_v1_v5_simulated_GATv2,_EOPKG_TC-UN-f1-5-penalty3l,78,train_candidate_invalid_probability_mass,0,1780901193274,0.0017091363730165952
learn,EOPKG,EOPKGTopologyConditioned,5fcc89889b1d45c489329f5e3df9a5a2,854778689611649472,_EOPKG_TC-UN-f1-5-penalty3l-78_loan_v1_v5_simulated_GATv2,_EOPKG_TC-UN-f1-5-penalty3l,78,train_candidate_invalid_probability_mass,0,1780901453164,0.001546057899287659
learn,EOPKG,EOPKGTopologyConditioned,5fcc89889b1d45c489329f5e3df9a5a2,854778689611649472,_EOPKG_TC-UN-f1-5-penalty3l-78_loan_v1_v5_simulated_GATv2,_EOPKG_TC-UN-f1-5-penalty3l,78,train_candidate_invalid_probability_mass,0,1780901453164,0.001546057899287659
learn,EOPKG,EOPKGTopologyConditioned,5fcc89889b1d45c489329f5e3df9a5a2,854778689611649472,_EOPKG_TC-UN-f1-5-penalty3l-78_loan_v1_v5_simulated_GATv2,_EOPKG_TC-UN-f1-5-penalty3l,78,train_candidate_invalid_probability_mass,0,1780901714127,0.0016843579062767807
learn,EOPKG,EOPKGTopologyConditioned,5fcc89889b1d45c489329f5e3df9a5a2,854778689611649472,_EOPKG_TC-UN-f1-5-penalty3l-78_loan_v1_v5_simulated_GATv2,_EOPKG_TC-UN-f1-5-penalty3l,78,train_candidate_invalid_probability_mass,0,1780901714127,0.0016843579062767807
learn,EOPKG,EOPKGTopologyConditioned,5fcc89889b1d45c489329f5e3df9a5a2,854778689611649472,_EOPKG_TC-UN-f1-5-penalty3l-78_loan_v1_v5_simulated_GATv2,_EOPKG_TC-UN-f1-5-penalty3l,78,train_candidate_invalid_probability_mass,0,1780901974676,0.0016415612039190313
learn,EOPKG,EOPKGTopologyConditioned,5fcc89889b1d45c489329f5e3df9a5a2,854778689611649472,_EOPKG_TC-UN-f1-5-penalty3l-78_loan_v1_v5_simulated_GATv2,_EOPKG_TC-UN-f1-5-penalty3l,78,train_candidate_invalid_probability_mass,0,1780901974676,0.0016415612039190313
learn,EOPKG,EOPKGTopologyConditioned,a9ec65c003b14176b0d853a15471bbbb,854778689611649472,_EOPKG_TC-UN-f1-5-penalty3l-13_loan_v1_v5_simulated_GATv2,_EOPKG_TC-UN-f1-5-penalty3l,13,train_candidate_invalid_probability_mass,0,1780837198406,0.09278184936096114
learn,EOPKG,EOPKGTopologyConditioned,a9ec65c003b14176b0d853a15471bbbb,854778689611649472,_EOPKG_TC-UN-f1-5-penalty3l-13_loan_v1_v5_simulated_GATv2,_EOPKG_TC-UN-f1-5-penalty3l,13,train_candidate_invalid_probability_mass,0,1780837198406,0.09278184936096114
learn,EOPKG,EOPKGTopologyConditioned,a9ec65c003b14176b0d853a15471bbbb,854778689611649472,_EOPKG_TC-UN-f1-5-penalty3l-13_loan_v1_v5_simulated_GATv2,_EOPKG_TC-UN-f1-5-penalty3l,13,train_candidate_invalid_probability_mass,0,1780837465087,0.023704119296137402
learn,EOPKG,EOPKGTopologyConditioned,a9ec65c003b14176b0d853a15471bbbb,854778689611649472,_EOPKG_TC-UN-f1-5-penalty3l-13_loan_v1_v5_simulated_GATv2,_EOPKG_TC-UN-f1-5-penalty3l,13,train_candidate_invalid_probability_mass,0,1780837465087,0.023704119296137402
learn,EOPKG,EOPKGTopologyConditioned,a9ec65c003b14176b0d853a15471bbbb,854778689611649472,_EOPKG_TC-UN-f1-5-penalty3l-13_loan_v1_v5_simulated_GATv2,_EOPKG_TC-UN-f1-5-penalty3l,13,train_candidate_invalid_probability_mass,0,1780837714388,0.018312261744871713
learn,EOPKG,EOPKGTopologyConditioned,a9ec65c003b14176b0d853a15471bbbb,854778689611649472,_EOPKG_TC-UN-f1-5-penalty3l-13_loan_v1_v5_simulated_GATv2,_EOPKG_TC-UN-f1-5-penalty3l,13,train_candidate_invalid_probability_mass,0,1780837714388,0.018312261744871713
learn,EOPKG,EOPKGTopologyConditioned,a9ec65c003b14176b0d853a15471bbbb,854778689611649472,_EOPKG_TC-UN-f1-5-penalty3l-13_loan_v1_v5_simulated_GATv2,_EOPKG_TC-UN-f1-5-penalty3l,13,train_candidate_invalid_probability_mass,0,1780837962382,0.014792150578317965
learn,EOPKG,EOPKGTopologyConditioned,a9ec65c003b14176b0d853a15471bbbb,854778689611649472,_EOPKG_TC-UN-f1-5-penalty3l-13_loan_v1_v5_simulated_GATv2,_EOPKG_TC-UN-f1-5-penalty3l,13,train_candidate_invalid_probability_mass,0,1780837962382,0.014792150578317965
learn,EOPKG,EOPKGTopologyConditioned,a9ec65c003b14176b0d853a15471bbbb,854778689611649472,_EOPKG_TC-UN-f1-5-penalty3l-13_loan_v1_v5_simulated_GATv2,_EOPKG_TC-UN-f1-5-penalty3l,13,train_candidate_invalid_probability_mass,0,1780838213204,0.012603646235700419
learn,EOPKG,EOPKGTopologyConditioned,a9ec65c003b14176b0d853a15471bbbb,854778689611649472,_EOPKG_TC-UN-f1-5-penalty3l-13_loan_v1_v5_simulated_GATv2,_EOPKG_TC-UN-f1-5-penalty3l,13,train_candidate_invalid_probability_mass,0,1780838213204,0.012603646235700419
learn,EOPKG,EOPKGTopologyConditioned,a9ec65c003b14176b0d853a15471bbbb,854778689611649472,_EOPKG_TC-UN-f1-5-penalty3l-13_loan_v1_v5_simulated_GATv2,_EOPKG_TC-UN-f1-5-penalty3l,13,train_candidate_invalid_probability_mass,0,1780838460459,0.011038776577431087
learn,EOPKG,EOPKGTopologyConditioned,a9ec65c003b14176b0d853a15471bbbb,854778689611649472,_EOPKG_TC-UN-f1-5-penalty3l-13_loan_v1_v5_simulated_GATv2,_EOPKG_TC-UN-f1-5-penalty3l,13,train_candidate_invalid_probability_mass,0,1780838460459,0.011038776577431087
learn,EOPKG,EOPKGTopologyConditioned,a9ec65c003b14176b0d853a15471bbbb,854778689611649472,_EOPKG_TC-UN-f1-5-penalty3l-13_loan_v1_v5_simulated_GATv2,_EOPKG_TC-UN-f1-5-penalty3l,13,train_candidate_invalid_probability_mass,0,1780838706516,0.009471841853123827
learn,EOPKG,EOPKGTopologyConditioned,a9ec65c003b14176b0d853a15471bbbb,854778689611649472,_EOPKG_TC-UN-f1-5-penalty3l-13_loan_v1_v5_simulated_GATv2,_EOPKG_TC-UN-f1-5-penalty3l,13,train_candidate_invalid_probability_mass,0,1780838706516,0.009471841853123827
learn,EOPKG,EOPKGTopologyConditioned,a9ec65c003b14176b0d853a15471bbbb,854778689611649472,_EOPKG_TC-UN-f1-5-penalty3l-13_loan_v1_v5_simulated_GATv2,_EOPKG_TC-UN-f1-5-penalty3l,13,train_candidate_invalid_probability_mass,0,1780838951723,0.0090546684294483
learn,EOPKG,EOPKGTopologyConditioned,a9ec65c003b14176b0d853a15471bbbb,854778689611649472,_EOPKG_TC-UN-f1-5-penalty3l-13_loan_v1_v5_simulated_GATv2,_EOPKG_TC-UN-f1-5-penalty3l,13,train_candidate_invalid_probability_mass,0,1780838951723,0.0090546684294483
learn,EOPKG,EOPKGTopologyConditioned,a9ec65c003b14176b0d853a15471bbbb,854778689611649472,_EOPKG_TC-UN-f1-5-penalty3l-13_loan_v1_v5_simulated_GATv2,_EOPKG_TC-UN-f1-5-penalty3l,13,train_candidate_invalid_probability_mass,0,1780839203214,0.008309236600690053
learn,EOPKG,EOPKGTopologyConditioned,a9ec65c003b14176b0d853a15471bbbb,854778689611649472,_EOPKG_TC-UN-f1-5-penalty3l-13_loan_v1_v5_simulated_GATv2,_EOPKG_TC-UN-f1-5-penalty3l,13,train_candidate_invalid_probability_mass,0,1780839203214,0.008309236600690053
learn,EOPKG,EOPKGTopologyConditioned,a9ec65c003b14176b0d853a15471bbbb,854778689611649472,_EOPKG_TC-UN-f1-5-penalty3l-13_loan_v1_v5_simulated_GATv2,_EOPKG_TC-UN-f1-5-penalty3l,13,train_candidate_invalid_probability_mass,0,1780839453526,0.007431689544509806
learn,EOPKG,EOPKGTopologyConditioned,a9ec65c003b14176b0d853a15471bbbb,854778689611649472,_EOPKG_TC-UN-f1-5-penalty3l-13_loan_v1_v5_simulated_GATv2,_EOPKG_TC-UN-f1-5-penalty3l,13,train_candidate_invalid_probability_mass,0,1780839453526,0.007431689544509806
learn,EOPKG,EOPKGTopologyConditioned,a9ec65c003b14176b0d853a15471bbbb,854778689611649472,_EOPKG_TC-UN-f1-5-penalty3l-13_loan_v1_v5_simulated_GATv2,_EOPKG_TC-UN-f1-5-penalty3l,13,train_candidate_invalid_probability_mass,0,1780839700157,0.0071328758022974476
learn,EOPKG,EOPKGTopologyConditioned,a9ec65c003b14176b0d853a15471bbbb,854778689611649472,_EOPKG_TC-UN-f1-5-penalty3l-13_loan_v1_v5_simulated_GATv2,_EOPKG_TC-UN-f1-5-penalty3l,13,train_candidate_invalid_probability_mass,0,1780839700157,0.0071328758022974476
learn,EOPKG,EOPKGTopologyConditioned,a9ec65c003b14176b0d853a15471bbbb,854778689611649472,_EOPKG_TC-UN-f1-5-penalty3l-13_loan_v1_v5_simulated_GATv2,_EOPKG_TC-UN-f1-5-penalty3l,13,train_candidate_invalid_probability_mass,0,1780839950553,0.006668338565813268
learn,EOPKG,EOPKGTopologyConditioned,a9ec65c003b14176b0d853a15471bbbb,854778689611649472,_EOPKG_TC-UN-f1-5-penalty3l-13_loan_v1_v5_simulated_GATv2,_EOPKG_TC-UN-f1-5-penalty3l,13,train_candidate_invalid_probability_mass,0,1780839950553,0.006668338565813268
learn,EOPKG,EOPKGTopologyConditioned,a9ec65c003b14176b0d853a15471bbbb,854778689611649472,_EOPKG_TC-UN-f1-5-penalty3l-13_loan_v1_v5_simulated_GATv2,_EOPKG_TC-UN-f1-5-penalty3l,13,train_candidate_invalid_probability_mass,0,1780840202474,0.006204943221864928
learn,EOPKG,EOPKGTopologyConditioned,a9ec65c003b14176b0d853a15471bbbb,854778689611649472,_EOPKG_TC-UN-f1-5-penalty3l-13_loan_v1_v5_simulated_GATv2,_EOPKG_TC-UN-f1-5-penalty3l,13,train_candidate_invalid_probability_mass,0,1780840202474,0.006204943221864928
learn,EOPKG,EOPKGTopologyConditioned,a9ec65c003b14176b0d853a15471bbbb,854778689611649472,_EOPKG_TC-UN-f1-5-penalty3l-13_loan_v1_v5_simulated_GATv2,_EOPKG_TC-UN-f1-5-penalty3l,13,train_candidate_invalid_probability_mass,0,1780840450650,0.006207333651700002
learn,EOPKG,EOPKGTopologyConditioned,a9ec65c003b14176b0d853a15471bbbb,854778689611649472,_EOPKG_TC-UN-f1-5-penalty3l-13_loan_v1_v5_simulated_GATv2,_EOPKG_TC-UN-f1-5-penalty3l,13,train_candidate_invalid_probability_mass,0,1780840450650,0.006207333651700002
learn,EOPKG,EOPKGTopologyConditioned,a9ec65c003b14176b0d853a15471bbbb,854778689611649472,_EOPKG_TC-UN-f1-5-penalty3l-13_loan_v1_v5_simulated_GATv2,_EOPKG_TC-UN-f1-5-penalty3l,13,train_candidate_invalid_probability_mass,0,1780840695782,0.005742460034994204
learn,EOPKG,EOPKGTopologyConditioned,a9ec65c003b14176b0d853a15471bbbb,854778689611649472,_EOPKG_TC-UN-f1-5-penalty3l-13_loan_v1_v5_simulated_GATv2,_EOPKG_TC-UN-f1-5-penalty3l,13,train_candidate_invalid_probability_mass,0,1780840695782,0.005742460034994204
learn,EOPKG,EOPKGTopologyConditioned,a9ec65c003b14176b0d853a15471bbbb,854778689611649472,_EOPKG_TC-UN-f1-5-penalty3l-13_loan_v1_v5_simulated_GATv2,_EOPKG_TC-UN-f1-5-penalty3l,13,train_candidate_invalid_probability_mass,0,1780840942172,0.005472437525334634
learn,EOPKG,EOPKGTopologyConditioned,a9ec65c003b14176b0d853a15471bbbb,854778689611649472,_EOPKG_TC-UN-f1-5-penalty3l-13_loan_v1_v5_simulated_GATv2,_EOPKG_TC-UN-f1-5-penalty3l,13,train_candidate_invalid_probability_mass,0,1780840942172,0.005472437525334634
learn,EOPKG,EOPKGTopologyConditioned,a9ec65c003b14176b0d853a15471bbbb,854778689611649472,_EOPKG_TC-UN-f1-5-penalty3l-13_loan_v1_v5_simulated_GATv2,_EOPKG_TC-UN-f1-5-penalty3l,13,train_candidate_invalid_probability_mass,0,1780841188162,0.005553490089068251
learn,EOPKG,EOPKGTopologyConditioned,a9ec65c003b14176b0d853a15471bbbb,854778689611649472,_EOPKG_TC-UN-f1-5-penalty3l-13_loan_v1_v5_simulated_GATv2,_EOPKG_TC-UN-f1-5-penalty3l,13,train_candidate_invalid_probability_mass,0,1780841188162,0.005553490089068251
learn,EOPKG,EOPKGTopologyConditioned,a9ec65c003b14176b0d853a15471bbbb,854778689611649472,_EOPKG_TC-UN-f1-5-penalty3l-13_loan_v1_v5_simulated_GATv2,_EOPKG_TC-UN-f1-5-penalty3l,13,train_candidate_invalid_probability_mass,0,1780841436904,0.005123339081571744
learn,EOPKG,EOPKGTopologyConditioned,a9ec65c003b14176b0d853a15471bbbb,854778689611649472,_EOPKG_TC-UN-f1-5-penalty3l-13_loan_v1_v5_simulated_GATv2,_EOPKG_TC-UN-f1-5-penalty3l,13,train_candidate_invalid_probability_mass,0,1780841436904,0.005123339081571744
learn,EOPKG,EOPKGTopologyConditioned,a9ec65c003b14176b0d853a15471bbbb,854778689611649472,_EOPKG_TC-UN-f1-5-penalty3l-13_loan_v1_v5_simulated_GATv2,_EOPKG_TC-UN-f1-5-penalty3l,13,train_candidate_invalid_probability_mass,0,1780841683850,0.005084132139359279
learn,EOPKG,EOPKGTopologyConditioned,a9ec65c003b14176b0d853a15471bbbb,854778689611649472,_EOPKG_TC-UN-f1-5-penalty3l-13_loan_v1_v5_simulated_GATv2,_EOPKG_TC-UN-f1-5-penalty3l,13,train_candidate_invalid_probability_mass,0,1780841683850,0.005084132139359279
learn,EOPKG,EOPKGTopologyConditioned,a9ec65c003b14176b0d853a15471bbbb,854778689611649472,_EOPKG_TC-UN-f1-5-penalty3l-13_loan_v1_v5_simulated_GATv2,_EOPKG_TC-UN-f1-5-penalty3l,13,train_candidate_invalid_probability_mass,0,1780841929381,0.0051262659929094566
learn,EOPKG,EOPKGTopologyConditioned,a9ec65c003b14176b0d853a15471bbbb,854778689611649472,_EOPKG_TC-UN-f1-5-penalty3l-13_loan_v1_v5_simulated_GATv2,_EOPKG_TC-UN-f1-5-penalty3l,13,train_candidate_invalid_probability_mass,0,1780841929381,0.0051262659929094566
learn,EOPKG,EOPKGTopologyConditioned,a9ec65c003b14176b0d853a15471bbbb,854778689611649472,_EOPKG_TC-UN-f1-5-penalty3l-13_loan_v1_v5_simulated_GATv2,_EOPKG_TC-UN-f1-5-penalty3l,13,train_candidate_invalid_probability_mass,0,1780842175433,0.005029880147355509
learn,EOPKG,EOPKGTopologyConditioned,a9ec65c003b14176b0d853a15471bbbb,854778689611649472,_EOPKG_TC-UN-f1-5-penalty3l-13_loan_v1_v5_simulated_GATv2,_EOPKG_TC-UN-f1-5-penalty3l,13,train_candidate_invalid_probability_mass,0,1780842175433,0.005029880147355509
learn,EOPKG,EOPKGTopologyConditioned,a9ec65c003b14176b0d853a15471bbbb,854778689611649472,_EOPKG_TC-UN-f1-5-penalty3l-13_loan_v1_v5_simulated_GATv2,_EOPKG_TC-UN-f1-5-penalty3l,13,train_candidate_invalid_probability_mass,0,1780842420618,0.0047619948608745985
learn,EOPKG,EOPKGTopologyConditioned,a9ec65c003b14176b0d853a15471bbbb,854778689611649472,_EOPKG_TC-UN-f1-5-penalty3l-13_loan_v1_v5_simulated_GATv2,_EOPKG_TC-UN-f1-5-penalty3l,13,train_candidate_invalid_probability_mass,0,1780842420618,0.0047619948608745985
learn,EOPKG,EOPKGTopologyConditioned,a9ec65c003b14176b0d853a15471bbbb,854778689611649472,_EOPKG_TC-UN-f1-5-penalty3l-13_loan_v1_v5_simulated_GATv2,_EOPKG_TC-UN-f1-5-penalty3l,13,train_candidate_invalid_probability_mass,0,1780842668795,0.004692907711000157
learn,EOPKG,EOPKGTopologyConditioned,a9ec65c003b14176b0d853a15471bbbb,854778689611649472,_EOPKG_TC-UN-f1-5-penalty3l-13_loan_v1_v5_simulated_GATv2,_EOPKG_TC-UN-f1-5-penalty3l,13,train_candidate_invalid_probability_mass,0,1780842668795,0.004692907711000157
learn,EOPKG,EOPKGTopologyConditioned,a9ec65c003b14176b0d853a15471bbbb,854778689611649472,_EOPKG_TC-UN-f1-5-penalty3l-13_loan_v1_v5_simulated_GATv2,_EOPKG_TC-UN-f1-5-penalty3l,13,train_candidate_invalid_probability_mass,0,1780842915719,0.004478814875183624
learn,EOPKG,EOPKGTopologyConditioned,a9ec65c003b14176b0d853a15471bbbb,854778689611649472,_EOPKG_TC-UN-f1-5-penalty3l-13_loan_v1_v5_simulated_GATv2,_EOPKG_TC-UN-f1-5-penalty3l,13,train_candidate_invalid_probability_mass,0,1780842915719,0.004478814875183624
learn,EOPKG,EOPKGTopologyConditioned,a9ec65c003b14176b0d853a15471bbbb,854778689611649472,_EOPKG_TC-UN-f1-5-penalty3l-13_loan_v1_v5_simulated_GATv2,_EOPKG_TC-UN-f1-5-penalty3l,13,train_candidate_invalid_probability_mass,0,1780843165237,0.005126340609578348
learn,EOPKG,EOPKGTopologyConditioned,a9ec65c003b14176b0d853a15471bbbb,854778689611649472,_EOPKG_TC-UN-f1-5-penalty3l-13_loan_v1_v5_simulated_GATv2,_EOPKG_TC-UN-f1-5-penalty3l,13,train_candidate_invalid_probability_mass,0,1780843165237,0.005126340609578348
learn,EOPKG,EOPKGTopologyConditioned,a9ec65c003b14176b0d853a15471bbbb,854778689611649472,_EOPKG_TC-UN-f1-5-penalty3l-13_loan_v1_v5_simulated_GATv2,_EOPKG_TC-UN-f1-5-penalty3l,13,train_candidate_invalid_probability_mass,0,1780843414460,0.004420169863560413
learn,EOPKG,EOPKGTopologyConditioned,a9ec65c003b14176b0d853a15471bbbb,854778689611649472,_EOPKG_TC-UN-f1-5-penalty3l-13_loan_v1_v5_simulated_GATv2,_EOPKG_TC-UN-f1-5-penalty3l,13,train_candidate_invalid_probability_mass,0,1780843414460,0.004420169863560413
learn,EOPKG,EOPKGTopologyConditioned,a9ec65c003b14176b0d853a15471bbbb,854778689611649472,_EOPKG_TC-UN-f1-5-penalty3l-13_loan_v1_v5_simulated_GATv2,_EOPKG_TC-UN-f1-5-penalty3l,13,train_candidate_invalid_probability_mass,0,1780843663011,0.004478968043229728
learn,EOPKG,EOPKGTopologyConditioned,a9ec65c003b14176b0d853a15471bbbb,854778689611649472,_EOPKG_TC-UN-f1-5-penalty3l-13_loan_v1_v5_simulated_GATv2,_EOPKG_TC-UN-f1-5-penalty3l,13,train_candidate_invalid_probability_mass,0,1780843663011,0.004478968043229728
learn,EOPKG,EOPKGTopologyConditioned,a9ec65c003b14176b0d853a15471bbbb,854778689611649472,_EOPKG_TC-UN-f1-5-penalty3l-13_loan_v1_v5_simulated_GATv2,_EOPKG_TC-UN-f1-5-penalty3l,13,train_candidate_invalid_probability_mass,0,1780843909350,0.004425565127856342
learn,EOPKG,EOPKGTopologyConditioned,a9ec65c003b14176b0d853a15471bbbb,854778689611649472,_EOPKG_TC-UN-f1-5-penalty3l-13_loan_v1_v5_simulated_GATv2,_EOPKG_TC-UN-f1-5-penalty3l,13,train_candidate_invalid_probability_mass,0,1780843909350,0.004425565127856342
learn,EOPKG,EOPKGTopologyConditioned,a9ec65c003b14176b0d853a15471bbbb,854778689611649472,_EOPKG_TC-UN-f1-5-penalty3l-13_loan_v1_v5_simulated_GATv2,_EOPKG_TC-UN-f1-5-penalty3l,13,train_candidate_invalid_probability_mass,0,1780844155799,0.004231218165597347
learn,EOPKG,EOPKGTopologyConditioned,a9ec65c003b14176b0d853a15471bbbb,854778689611649472,_EOPKG_TC-UN-f1-5-penalty3l-13_loan_v1_v5_simulated_GATv2,_EOPKG_TC-UN-f1-5-penalty3l,13,train_candidate_invalid_probability_mass,0,1780844155799,0.004231218165597347
learn,EOPKG,EOPKGTopologyConditioned,a9ec65c003b14176b0d853a15471bbbb,854778689611649472,_EOPKG_TC-UN-f1-5-penalty3l-13_loan_v1_v5_simulated_GATv2,_EOPKG_TC-UN-f1-5-penalty3l,13,train_candidate_invalid_probability_mass,0,1780844401231,0.0041600385857916275
learn,EOPKG,EOPKGTopologyConditioned,a9ec65c003b14176b0d853a15471bbbb,854778689611649472,_EOPKG_TC-UN-f1-5-penalty3l-13_loan_v1_v5_simulated_GATv2,_EOPKG_TC-UN-f1-5-penalty3l,13,train_candidate_invalid_probability_mass,0,1780844401231,0.0041600385857916275
learn,EOPKG,EOPKGTopologyConditioned,a9ec65c003b14176b0d853a15471bbbb,854778689611649472,_EOPKG_TC-UN-f1-5-penalty3l-13_loan_v1_v5_simulated_GATv2,_EOPKG_TC-UN-f1-5-penalty3l,13,train_candidate_invalid_probability_mass,0,1780844649041,0.004250359808006701
learn,EOPKG,EOPKGTopologyConditioned,a9ec65c003b14176b0d853a15471bbbb,854778689611649472,_EOPKG_TC-UN-f1-5-penalty3l-13_loan_v1_v5_simulated_GATv2,_EOPKG_TC-UN-f1-5-penalty3l,13,train_candidate_invalid_probability_mass,0,1780844649041,0.004250359808006701
learn,EOPKG,EOPKGTopologyConditioned,a9ec65c003b14176b0d853a15471bbbb,854778689611649472,_EOPKG_TC-UN-f1-5-penalty3l-13_loan_v1_v5_simulated_GATv2,_EOPKG_TC-UN-f1-5-penalty3l,13,train_candidate_invalid_probability_mass,0,1780844897829,0.00413926163126029
learn,EOPKG,EOPKGTopologyConditioned,a9ec65c003b14176b0d853a15471bbbb,854778689611649472,_EOPKG_TC-UN-f1-5-penalty3l-13_loan_v1_v5_simulated_GATv2,_EOPKG_TC-UN-f1-5-penalty3l,13,train_candidate_invalid_probability_mass,0,1780844897829,0.00413926163126029
learn,EOPKG,EOPKGTopologyConditioned,a9ec65c003b14176b0d853a15471bbbb,854778689611649472,_EOPKG_TC-UN-f1-5-penalty3l-13_loan_v1_v5_simulated_GATv2,_EOPKG_TC-UN-f1-5-penalty3l,13,train_candidate_invalid_probability_mass,0,1780845149360,0.004047009564829925
learn,EOPKG,EOPKGTopologyConditioned,a9ec65c003b14176b0d853a15471bbbb,854778689611649472,_EOPKG_TC-UN-f1-5-penalty3l-13_loan_v1_v5_simulated_GATv2,_EOPKG_TC-UN-f1-5-penalty3l,13,train_candidate_invalid_probability_mass,0,1780845149360,0.004047009564829925
learn,EOPKG,EOPKGTopologyConditioned,a9ec65c003b14176b0d853a15471bbbb,854778689611649472,_EOPKG_TC-UN-f1-5-penalty3l-13_loan_v1_v5_simulated_GATv2,_EOPKG_TC-UN-f1-5-penalty3l,13,train_candidate_invalid_probability_mass,0,1780845393654,0.004146096190557606
learn,EOPKG,EOPKGTopologyConditioned,a9ec65c003b14176b0d853a15471bbbb,854778689611649472,_EOPKG_TC-UN-f1-5-penalty3l-13_loan_v1_v5_simulated_GATv2,_EOPKG_TC-UN-f1-5-penalty3l,13,train_candidate_invalid_probability_mass,0,1780845393654,0.004146096190557606
learn,EOPKG,EOPKGTopologyConditioned,a9ec65c003b14176b0d853a15471bbbb,854778689611649472,_EOPKG_TC-UN-f1-5-penalty3l-13_loan_v1_v5_simulated_GATv2,_EOPKG_TC-UN-f1-5-penalty3l,13,train_candidate_invalid_probability_mass,0,1780845640755,0.003897711111784917
learn,EOPKG,EOPKGTopologyConditioned,a9ec65c003b14176b0d853a15471bbbb,854778689611649472,_EOPKG_TC-UN-f1-5-penalty3l-13_loan_v1_v5_simulated_GATv2,_EOPKG_TC-UN-f1-5-penalty3l,13,train_candidate_invalid_probability_mass,0,1780845640755,0.003897711111784917
learn,EOPKG,EOPKGTopologyConditioned,a9ec65c003b14176b0d853a15471bbbb,854778689611649472,_EOPKG_TC-UN-f1-5-penalty3l-13_loan_v1_v5_simulated_GATv2,_EOPKG_TC-UN-f1-5-penalty3l,13,train_candidate_invalid_probability_mass,0,1780845886345,0.0040142136941136814
learn,EOPKG,EOPKGTopologyConditioned,a9ec65c003b14176b0d853a15471bbbb,854778689611649472,_EOPKG_TC-UN-f1-5-penalty3l-13_loan_v1_v5_simulated_GATv2,_EOPKG_TC-UN-f1-5-penalty3l,13,train_candidate_invalid_probability_mass,0,1780845886345,0.0040142136941136814
learn,EOPKG,EOPKGTopologyConditioned,a9ec65c003b14176b0d853a15471bbbb,854778689611649472,_EOPKG_TC-UN-f1-5-penalty3l-13_loan_v1_v5_simulated_GATv2,_EOPKG_TC-UN-f1-5-penalty3l,13,train_candidate_invalid_probability_mass,0,1780846133170,0.0038357408476115424
learn,EOPKG,EOPKGTopologyConditioned,a9ec65c003b14176b0d853a15471bbbb,854778689611649472,_EOPKG_TC-UN-f1-5-penalty3l-13_loan_v1_v5_simulated_GATv2,_EOPKG_TC-UN-f1-5-penalty3l,13,train_candidate_invalid_probability_mass,0,1780846133170,0.0038357408476115424
learn,EOPKG,EOPKGTopologyConditioned,a9ec65c003b14176b0d853a15471bbbb,854778689611649472,_EOPKG_TC-UN-f1-5-penalty3l-13_loan_v1_v5_simulated_GATv2,_EOPKG_TC-UN-f1-5-penalty3l,13,train_candidate_invalid_probability_mass,0,1780846381325,0.003756879235596347
learn,EOPKG,EOPKGTopologyConditioned,a9ec65c003b14176b0d853a15471bbbb,854778689611649472,_EOPKG_TC-UN-f1-5-penalty3l-13_loan_v1_v5_simulated_GATv2,_EOPKG_TC-UN-f1-5-penalty3l,13,train_candidate_invalid_probability_mass,0,1780846381325,0.003756879235596347
learn,EOPKG,EOPKGTopologyConditioned,a9ec65c003b14176b0d853a15471bbbb,854778689611649472,_EOPKG_TC-UN-f1-5-penalty3l-13_loan_v1_v5_simulated_GATv2,_EOPKG_TC-UN-f1-5-penalty3l,13,train_candidate_invalid_probability_mass,0,1780846626584,0.0037984749472449093
learn,EOPKG,EOPKGTopologyConditioned,a9ec65c003b14176b0d853a15471bbbb,854778689611649472,_EOPKG_TC-UN-f1-5-penalty3l-13_loan_v1_v5_simulated_GATv2,_EOPKG_TC-UN-f1-5-penalty3l,13,train_candidate_invalid_probability_mass,0,1780846626584,0.0037984749472449093
learn,EOPKG,EOPKGTopologyConditioned,b8f6130db97f4f28b27d4528497aa1f3,854778689611649472,_EOPKG_TC-UN-f1-5-penalty3l-55_loan_v1_v5_simulated_GATv2,_EOPKG_TC-UN-f1-5-penalty3l,55,train_candidate_invalid_probability_mass,0,1780851153279,0.08296817018974732
learn,EOPKG,EOPKGTopologyConditioned,b8f6130db97f4f28b27d4528497aa1f3,854778689611649472,_EOPKG_TC-UN-f1-5-penalty3l-55_loan_v1_v5_simulated_GATv2,_EOPKG_TC-UN-f1-5-penalty3l,55,train_candidate_invalid_probability_mass,0,1780851153279,0.08296817018974732
learn,EOPKG,EOPKGTopologyConditioned,b8f6130db97f4f28b27d4528497aa1f3,854778689611649472,_EOPKG_TC-UN-f1-5-penalty3l-55_loan_v1_v5_simulated_GATv2,_EOPKG_TC-UN-f1-5-penalty3l,55,train_candidate_invalid_probability_mass,0,1780851413436,0.011533227511155989
learn,EOPKG,EOPKGTopologyConditioned,b8f6130db97f4f28b27d4528497aa1f3,854778689611649472,_EOPKG_TC-UN-f1-5-penalty3l-55_loan_v1_v5_simulated_GATv2,_EOPKG_TC-UN-f1-5-penalty3l,55,train_candidate_invalid_probability_mass,0,1780851413436,0.011533227511155989
learn,EOPKG,EOPKGTopologyConditioned,b8f6130db97f4f28b27d4528497aa1f3,854778689611649472,_EOPKG_TC-UN-f1-5-penalty3l-55_loan_v1_v5_simulated_GATv2,_EOPKG_TC-UN-f1-5-penalty3l,55,train_candidate_invalid_probability_mass,0,1780851663636,0.008440363278615456
learn,EOPKG,EOPKGTopologyConditioned,b8f6130db97f4f28b27d4528497aa1f3,854778689611649472,_EOPKG_TC-UN-f1-5-penalty3l-55_loan_v1_v5_simulated_GATv2,_EOPKG_TC-UN-f1-5-penalty3l,55,train_candidate_invalid_probability_mass,0,1780851663636,0.008440363278615456
learn,EOPKG,EOPKGTopologyConditioned,b8f6130db97f4f28b27d4528497aa1f3,854778689611649472,_EOPKG_TC-UN-f1-5-penalty3l-55_loan_v1_v5_simulated_GATv2,_EOPKG_TC-UN-f1-5-penalty3l,55,train_candidate_invalid_probability_mass,0,1780851910899,0.006450081407166543
learn,EOPKG,EOPKGTopologyConditioned,b8f6130db97f4f28b27d4528497aa1f3,854778689611649472,_EOPKG_TC-UN-f1-5-penalty3l-55_loan_v1_v5_simulated_GATv2,_EOPKG_TC-UN-f1-5-penalty3l,55,train_candidate_invalid_probability_mass,0,1780851910899,0.006450081407166543
learn,EOPKG,EOPKGTopologyConditioned,b8f6130db97f4f28b27d4528497aa1f3,854778689611649472,_EOPKG_TC-UN-f1-5-penalty3l-55_loan_v1_v5_simulated_GATv2,_EOPKG_TC-UN-f1-5-penalty3l,55,train_candidate_invalid_probability_mass,0,1780852161657,0.00574424967709455
learn,EOPKG,EOPKGTopologyConditioned,b8f6130db97f4f28b27d4528497aa1f3,854778689611649472,_EOPKG_TC-UN-f1-5-penalty3l-55_loan_v1_v5_simulated_GATv2,_EOPKG_TC-UN-f1-5-penalty3l,55,train_candidate_invalid_probability_mass,0,1780852161657,0.00574424967709455
learn,EOPKG,EOPKGTopologyConditioned,b8f6130db97f4f28b27d4528497aa1f3,854778689611649472,_EOPKG_TC-UN-f1-5-penalty3l-55_loan_v1_v5_simulated_GATv2,_EOPKG_TC-UN-f1-5-penalty3l,55,train_candidate_invalid_probability_mass,0,1780852420904,0.004643763030549017
learn,EOPKG,EOPKGTopologyConditioned,b8f6130db97f4f28b27d4528497aa1f3,854778689611649472,_EOPKG_TC-UN-f1-5-penalty3l-55_loan_v1_v5_simulated_GATv2,_EOPKG_TC-UN-f1-5-penalty3l,55,train_candidate_invalid_probability_mass,0,1780852420904,0.004643763030549017
learn,EOPKG,EOPKGTopologyConditioned,b8f6130db97f4f28b27d4528497aa1f3,854778689611649472,_EOPKG_TC-UN-f1-5-penalty3l-55_loan_v1_v5_simulated_GATv2,_EOPKG_TC-UN-f1-5-penalty3l,55,train_candidate_invalid_probability_mass,0,1780852666462,0.004041297422886333
learn,EOPKG,EOPKGTopologyConditioned,b8f6130db97f4f28b27d4528497aa1f3,854778689611649472,_EOPKG_TC-UN-f1-5-penalty3l-55_loan_v1_v5_simulated_GATv2,_EOPKG_TC-UN-f1-5-penalty3l,55,train_candidate_invalid_probability_mass,0,1780852666462,0.004041297422886333
learn,EOPKG,EOPKGTopologyConditioned,b8f6130db97f4f28b27d4528497aa1f3,854778689611649472,_EOPKG_TC-UN-f1-5-penalty3l-55_loan_v1_v5_simulated_GATv2,_EOPKG_TC-UN-f1-5-penalty3l,55,train_candidate_invalid_probability_mass,0,1780852915643,0.0037329976027905467
learn,EOPKG,EOPKGTopologyConditioned,b8f6130db97f4f28b27d4528497aa1f3,854778689611649472,_EOPKG_TC-UN-f1-5-penalty3l-55_loan_v1_v5_simulated_GATv2,_EOPKG_TC-UN-f1-5-penalty3l,55,train_candidate_invalid_probability_mass,0,1780852915643,0.0037329976027905467
learn,EOPKG,EOPKGTopologyConditioned,b8f6130db97f4f28b27d4528497aa1f3,854778689611649472,_EOPKG_TC-UN-f1-5-penalty3l-55_loan_v1_v5_simulated_GATv2,_EOPKG_TC-UN-f1-5-penalty3l,55,train_candidate_invalid_probability_mass,0,1780853171160,0.003476500408079872
learn,EOPKG,EOPKGTopologyConditioned,b8f6130db97f4f28b27d4528497aa1f3,854778689611649472,_EOPKG_TC-UN-f1-5-penalty3l-55_loan_v1_v5_simulated_GATv2,_EOPKG_TC-UN-f1-5-penalty3l,55,train_candidate_invalid_probability_mass,0,1780853171160,0.003476500408079872
learn,EOPKG,EOPKGTopologyConditioned,b8f6130db97f4f28b27d4528497aa1f3,854778689611649472,_EOPKG_TC-UN-f1-5-penalty3l-55_loan_v1_v5_simulated_GATv2,_EOPKG_TC-UN-f1-5-penalty3l,55,train_candidate_invalid_probability_mass,0,1780853418768,0.0030807359490191213
learn,EOPKG,EOPKGTopologyConditioned,b8f6130db97f4f28b27d4528497aa1f3,854778689611649472,_EOPKG_TC-UN-f1-5-penalty3l-55_loan_v1_v5_simulated_GATv2,_EOPKG_TC-UN-f1-5-penalty3l,55,train_candidate_invalid_probability_mass,0,1780853418768,0.0030807359490191213
learn,EOPKG,EOPKGTopologyConditioned,b8f6130db97f4f28b27d4528497aa1f3,854778689611649472,_EOPKG_TC-UN-f1-5-penalty3l-55_loan_v1_v5_simulated_GATv2,_EOPKG_TC-UN-f1-5-penalty3l,55,train_candidate_invalid_probability_mass,0,1780853672249,0.0029837715500389745
learn,EOPKG,EOPKGTopologyConditioned,b8f6130db97f4f28b27d4528497aa1f3,854778689611649472,_EOPKG_TC-UN-f1-5-penalty3l-55_loan_v1_v5_simulated_GATv2,_EOPKG_TC-UN-f1-5-penalty3l,55,train_candidate_invalid_probability_mass,0,1780853672249,0.0029837715500389745
learn,EOPKG,EOPKGTopologyConditioned,b8f6130db97f4f28b27d4528497aa1f3,854778689611649472,_EOPKG_TC-UN-f1-5-penalty3l-55_loan_v1_v5_simulated_GATv2,_EOPKG_TC-UN-f1-5-penalty3l,55,train_candidate_invalid_probability_mass,0,1780853921074,0.0027014721913813998
learn,EOPKG,EOPKGTopologyConditioned,b8f6130db97f4f28b27d4528497aa1f3,854778689611649472,_EOPKG_TC-UN-f1-5-penalty3l-55_loan_v1_v5_simulated_GATv2,_EOPKG_TC-UN-f1-5-penalty3l,55,train_candidate_invalid_probability_mass,0,1780853921074,0.0027014721913813998
learn,EOPKG,EOPKGTopologyConditioned,b8f6130db97f4f28b27d4528497aa1f3,854778689611649472,_EOPKG_TC-UN-f1-5-penalty3l-55_loan_v1_v5_simulated_GATv2,_EOPKG_TC-UN-f1-5-penalty3l,55,train_candidate_invalid_probability_mass,0,1780854169643,0.0027294347524666634
learn,EOPKG,EOPKGTopologyConditioned,b8f6130db97f4f28b27d4528497aa1f3,854778689611649472,_EOPKG_TC-UN-f1-5-penalty3l-55_loan_v1_v5_simulated_GATv2,_EOPKG_TC-UN-f1-5-penalty3l,55,train_candidate_invalid_probability_mass,0,1780854169643,0.0027294347524666634
learn,EOPKG,EOPKGTopologyConditioned,b8f6130db97f4f28b27d4528497aa1f3,854778689611649472,_EOPKG_TC-UN-f1-5-penalty3l-55_loan_v1_v5_simulated_GATv2,_EOPKG_TC-UN-f1-5-penalty3l,55,train_candidate_invalid_probability_mass,0,1780854456832,0.0021713244508868986
learn,EOPKG,EOPKGTopologyConditioned,b8f6130db97f4f28b27d4528497aa1f3,854778689611649472,_EOPKG_TC-UN-f1-5-penalty3l-55_loan_v1_v5_simulated_GATv2,_EOPKG_TC-UN-f1-5-penalty3l,55,train_candidate_invalid_probability_mass,0,1780854456832,0.0021713244508868986
learn,EOPKG,EOPKGTopologyConditioned,b8f6130db97f4f28b27d4528497aa1f3,854778689611649472,_EOPKG_TC-UN-f1-5-penalty3l-55_loan_v1_v5_simulated_GATv2,_EOPKG_TC-UN-f1-5-penalty3l,55,train_candidate_invalid_probability_mass,0,1780854739607,0.0023284986995427835
learn,EOPKG,EOPKGTopologyConditioned,b8f6130db97f4f28b27d4528497aa1f3,854778689611649472,_EOPKG_TC-UN-f1-5-penalty3l-55_loan_v1_v5_simulated_GATv2,_EOPKG_TC-UN-f1-5-penalty3l,55,train_candidate_invalid_probability_mass,0,1780854739607,0.0023284986995427835
learn,EOPKG,EOPKGTopologyConditioned,b8f6130db97f4f28b27d4528497aa1f3,854778689611649472,_EOPKG_TC-UN-f1-5-penalty3l-55_loan_v1_v5_simulated_GATv2,_EOPKG_TC-UN-f1-5-penalty3l,55,train_candidate_invalid_probability_mass,0,1780854983033,0.002389935909201123
learn,EOPKG,EOPKGTopologyConditioned,b8f6130db97f4f28b27d4528497aa1f3,854778689611649472,_EOPKG_TC-UN-f1-5-penalty3l-55_loan_v1_v5_simulated_GATv2,_EOPKG_TC-UN-f1-5-penalty3l,55,train_candidate_invalid_probability_mass,0,1780854983033,0.002389935909201123
learn,EOPKG,EOPKGTopologyConditioned,b8f6130db97f4f28b27d4528497aa1f3,854778689611649472,_EOPKG_TC-UN-f1-5-penalty3l-55_loan_v1_v5_simulated_GATv2,_EOPKG_TC-UN-f1-5-penalty3l,55,train_candidate_invalid_probability_mass,0,1780855226820,0.0020343708903462123
learn,EOPKG,EOPKGTopologyConditioned,b8f6130db97f4f28b27d4528497aa1f3,854778689611649472,_EOPKG_TC-UN-f1-5-penalty3l-55_loan_v1_v5_simulated_GATv2,_EOPKG_TC-UN-f1-5-penalty3l,55,train_candidate_invalid_probability_mass,0,1780855226820,0.0020343708903462123
learn,EOPKG,EOPKGTopologyConditioned,b8f6130db97f4f28b27d4528497aa1f3,854778689611649472,_EOPKG_TC-UN-f1-5-penalty3l-55_loan_v1_v5_simulated_GATv2,_EOPKG_TC-UN-f1-5-penalty3l,55,train_candidate_invalid_probability_mass,0,1780855471049,0.0020525771453613873
learn,EOPKG,EOPKGTopologyConditioned,b8f6130db97f4f28b27d4528497aa1f3,854778689611649472,_EOPKG_TC-UN-f1-5-penalty3l-55_loan_v1_v5_simulated_GATv2,_EOPKG_TC-UN-f1-5-penalty3l,55,train_candidate_invalid_probability_mass,0,1780855471049,0.0020525771453613873
learn,EOPKG,EOPKGTopologyConditioned,b8f6130db97f4f28b27d4528497aa1f3,854778689611649472,_EOPKG_TC-UN-f1-5-penalty3l-55_loan_v1_v5_simulated_GATv2,_EOPKG_TC-UN-f1-5-penalty3l,55,train_candidate_invalid_probability_mass,0,1780855707294,0.00208748340700525
learn,EOPKG,EOPKGTopologyConditioned,b8f6130db97f4f28b27d4528497aa1f3,854778689611649472,_EOPKG_TC-UN-f1-5-penalty3l-55_loan_v1_v5_simulated_GATv2,_EOPKG_TC-UN-f1-5-penalty3l,55,train_candidate_invalid_probability_mass,0,1780855707294,0.00208748340700525
learn,EOPKG,EOPKGTopologyConditioned,b8f6130db97f4f28b27d4528497aa1f3,854778689611649472,_EOPKG_TC-UN-f1-5-penalty3l-55_loan_v1_v5_simulated_GATv2,_EOPKG_TC-UN-f1-5-penalty3l,55,train_candidate_invalid_probability_mass,0,1780855953911,0.00195785125190783
learn,EOPKG,EOPKGTopologyConditioned,b8f6130db97f4f28b27d4528497aa1f3,854778689611649472,_EOPKG_TC-UN-f1-5-penalty3l-55_loan_v1_v5_simulated_GATv2,_EOPKG_TC-UN-f1-5-penalty3l,55,train_candidate_invalid_probability_mass,0,1780855953911,0.00195785125190783
learn,EOPKG,EOPKGTopologyConditioned,b8f6130db97f4f28b27d4528497aa1f3,854778689611649472,_EOPKG_TC-UN-f1-5-penalty3l-55_loan_v1_v5_simulated_GATv2,_EOPKG_TC-UN-f1-5-penalty3l,55,train_candidate_invalid_probability_mass,0,1780856195628,0.002116042342129873
learn,EOPKG,EOPKGTopologyConditioned,b8f6130db97f4f28b27d4528497aa1f3,854778689611649472,_EOPKG_TC-UN-f1-5-penalty3l-55_loan_v1_v5_simulated_GATv2,_EOPKG_TC-UN-f1-5-penalty3l,55,train_candidate_invalid_probability_mass,0,1780856195628,0.002116042342129873
learn,EOPKG,EOPKGTopologyConditioned,b8f6130db97f4f28b27d4528497aa1f3,854778689611649472,_EOPKG_TC-UN-f1-5-penalty3l-55_loan_v1_v5_simulated_GATv2,_EOPKG_TC-UN-f1-5-penalty3l,55,train_candidate_invalid_probability_mass,0,1780856432433,0.0019373221015013512
learn,EOPKG,EOPKGTopologyConditioned,b8f6130db97f4f28b27d4528497aa1f3,854778689611649472,_EOPKG_TC-UN-f1-5-penalty3l-55_loan_v1_v5_simulated_GATv2,_EOPKG_TC-UN-f1-5-penalty3l,55,train_candidate_invalid_probability_mass,0,1780856432433,0.0019373221015013512
learn,EOPKG,EOPKGTopologyConditioned,b8f6130db97f4f28b27d4528497aa1f3,854778689611649472,_EOPKG_TC-UN-f1-5-penalty3l-55_loan_v1_v5_simulated_GATv2,_EOPKG_TC-UN-f1-5-penalty3l,55,train_candidate_invalid_probability_mass,0,1780856666025,0.0018776435143497902
learn,EOPKG,EOPKGTopologyConditioned,b8f6130db97f4f28b27d4528497aa1f3,854778689611649472,_EOPKG_TC-UN-f1-5-penalty3l-55_loan_v1_v5_simulated_GATv2,_EOPKG_TC-UN-f1-5-penalty3l,55,train_candidate_invalid_probability_mass,0,1780856666025,0.0018776435143497902
learn,EOPKG,EOPKGTopologyConditioned,b8f6130db97f4f28b27d4528497aa1f3,854778689611649472,_EOPKG_TC-UN-f1-5-penalty3l-55_loan_v1_v5_simulated_GATv2,_EOPKG_TC-UN-f1-5-penalty3l,55,train_candidate_invalid_probability_mass,0,1780856899295,0.0020604795946211024
learn,EOPKG,EOPKGTopologyConditioned,b8f6130db97f4f28b27d4528497aa1f3,854778689611649472,_EOPKG_TC-UN-f1-5-penalty3l-55_loan_v1_v5_simulated_GATv2,_EOPKG_TC-UN-f1-5-penalty3l,55,train_candidate_invalid_probability_mass,0,1780856899295,0.0020604795946211024
learn,EOPKG,EOPKGTopologyConditioned,b8f6130db97f4f28b27d4528497aa1f3,854778689611649472,_EOPKG_TC-UN-f1-5-penalty3l-55_loan_v1_v5_simulated_GATv2,_EOPKG_TC-UN-f1-5-penalty3l,55,train_candidate_invalid_probability_mass,0,1780857161015,0.0018076392158363251
learn,EOPKG,EOPKGTopologyConditioned,b8f6130db97f4f28b27d4528497aa1f3,854778689611649472,_EOPKG_TC-UN-f1-5-penalty3l-55_loan_v1_v5_simulated_GATv2,_EOPKG_TC-UN-f1-5-penalty3l,55,train_candidate_invalid_probability_mass,0,1780857161015,0.0018076392158363251
learn,EOPKG,EOPKGTopologyConditioned,b8f6130db97f4f28b27d4528497aa1f3,854778689611649472,_EOPKG_TC-UN-f1-5-penalty3l-55_loan_v1_v5_simulated_GATv2,_EOPKG_TC-UN-f1-5-penalty3l,55,train_candidate_invalid_probability_mass,0,1780857410898,0.001963993405167381
learn,EOPKG,EOPKGTopologyConditioned,b8f6130db97f4f28b27d4528497aa1f3,854778689611649472,_EOPKG_TC-UN-f1-5-penalty3l-55_loan_v1_v5_simulated_GATv2,_EOPKG_TC-UN-f1-5-penalty3l,55,train_candidate_invalid_probability_mass,0,1780857410898,0.001963993405167381
learn,EOPKG,EOPKGTopologyConditioned,b8f6130db97f4f28b27d4528497aa1f3,854778689611649472,_EOPKG_TC-UN-f1-5-penalty3l-55_loan_v1_v5_simulated_GATv2,_EOPKG_TC-UN-f1-5-penalty3l,55,train_candidate_invalid_probability_mass,0,1780857663114,0.001678484136511502
learn,EOPKG,EOPKGTopologyConditioned,b8f6130db97f4f28b27d4528497aa1f3,854778689611649472,_EOPKG_TC-UN-f1-5-penalty3l-55_loan_v1_v5_simulated_GATv2,_EOPKG_TC-UN-f1-5-penalty3l,55,train_candidate_invalid_probability_mass,0,1780857663114,0.001678484136511502
learn,EOPKG,EOPKGTopologyConditioned,b8f6130db97f4f28b27d4528497aa1f3,854778689611649472,_EOPKG_TC-UN-f1-5-penalty3l-55_loan_v1_v5_simulated_GATv2,_EOPKG_TC-UN-f1-5-penalty3l,55,train_candidate_invalid_probability_mass,0,1780857912893,0.0018521142033478823
learn,EOPKG,EOPKGTopologyConditioned,b8f6130db97f4f28b27d4528497aa1f3,854778689611649472,_EOPKG_TC-UN-f1-5-penalty3l-55_loan_v1_v5_simulated_GATv2,_EOPKG_TC-UN-f1-5-penalty3l,55,train_candidate_invalid_probability_mass,0,1780857912893,0.0018521142033478823
learn,EOPKG,EOPKGTopologyConditioned,b8f6130db97f4f28b27d4528497aa1f3,854778689611649472,_EOPKG_TC-UN-f1-5-penalty3l-55_loan_v1_v5_simulated_GATv2,_EOPKG_TC-UN-f1-5-penalty3l,55,train_candidate_invalid_probability_mass,0,1780858158065,0.0018923617847595477
learn,EOPKG,EOPKGTopologyConditioned,b8f6130db97f4f28b27d4528497aa1f3,854778689611649472,_EOPKG_TC-UN-f1-5-penalty3l-55_loan_v1_v5_simulated_GATv2,_EOPKG_TC-UN-f1-5-penalty3l,55,train_candidate_invalid_probability_mass,0,1780858158065,0.0018923617847595477
learn,EOPKG,EOPKGTopologyConditioned,b8f6130db97f4f28b27d4528497aa1f3,854778689611649472,_EOPKG_TC-UN-f1-5-penalty3l-55_loan_v1_v5_simulated_GATv2,_EOPKG_TC-UN-f1-5-penalty3l,55,train_candidate_invalid_probability_mass,0,1780858409388,0.0016755244964126658
learn,EOPKG,EOPKGTopologyConditioned,b8f6130db97f4f28b27d4528497aa1f3,854778689611649472,_EOPKG_TC-UN-f1-5-penalty3l-55_loan_v1_v5_simulated_GATv2,_EOPKG_TC-UN-f1-5-penalty3l,55,train_candidate_invalid_probability_mass,0,1780858409388,0.0016755244964126658
learn,EOPKG,EOPKGTopologyConditioned,b8f6130db97f4f28b27d4528497aa1f3,854778689611649472,_EOPKG_TC-UN-f1-5-penalty3l-55_loan_v1_v5_simulated_GATv2,_EOPKG_TC-UN-f1-5-penalty3l,55,train_candidate_invalid_probability_mass,0,1780858663908,0.001854714468978079
learn,EOPKG,EOPKGTopologyConditioned,b8f6130db97f4f28b27d4528497aa1f3,854778689611649472,_EOPKG_TC-UN-f1-5-penalty3l-55_loan_v1_v5_simulated_GATv2,_EOPKG_TC-UN-f1-5-penalty3l,55,train_candidate_invalid_probability_mass,0,1780858663908,0.001854714468978079
learn,EOPKG,EOPKGTopologyConditioned,b8f6130db97f4f28b27d4528497aa1f3,854778689611649472,_EOPKG_TC-UN-f1-5-penalty3l-55_loan_v1_v5_simulated_GATv2,_EOPKG_TC-UN-f1-5-penalty3l,55,train_candidate_invalid_probability_mass,0,1780858913107,0.0017261050185499586
learn,EOPKG,EOPKGTopologyConditioned,b8f6130db97f4f28b27d4528497aa1f3,854778689611649472,_EOPKG_TC-UN-f1-5-penalty3l-55_loan_v1_v5_simulated_GATv2,_EOPKG_TC-UN-f1-5-penalty3l,55,train_candidate_invalid_probability_mass,0,1780858913107,0.0017261050185499586
learn,EOPKG,EOPKGTopologyConditioned,b8f6130db97f4f28b27d4528497aa1f3,854778689611649472,_EOPKG_TC-UN-f1-5-penalty3l-55_loan_v1_v5_simulated_GATv2,_EOPKG_TC-UN-f1-5-penalty3l,55,train_candidate_invalid_probability_mass,0,1780859162154,0.0017268892837261163
learn,EOPKG,EOPKGTopologyConditioned,b8f6130db97f4f28b27d4528497aa1f3,854778689611649472,_EOPKG_TC-UN-f1-5-penalty3l-55_loan_v1_v5_simulated_GATv2,_EOPKG_TC-UN-f1-5-penalty3l,55,train_candidate_invalid_probability_mass,0,1780859162154,0.0017268892837261163
learn,EOPKG,EOPKGTopologyConditioned,b8f6130db97f4f28b27d4528497aa1f3,854778689611649472,_EOPKG_TC-UN-f1-5-penalty3l-55_loan_v1_v5_simulated_GATv2,_EOPKG_TC-UN-f1-5-penalty3l,55,train_candidate_invalid_probability_mass,0,1780859406768,0.0017428962489142526
learn,EOPKG,EOPKGTopologyConditioned,b8f6130db97f4f28b27d4528497aa1f3,854778689611649472,_EOPKG_TC-UN-f1-5-penalty3l-55_loan_v1_v5_simulated_GATv2,_EOPKG_TC-UN-f1-5-penalty3l,55,train_candidate_invalid_probability_mass,0,1780859406768,0.0017428962489142526
learn,EOPKG,EOPKGTopologyConditioned,b8f6130db97f4f28b27d4528497aa1f3,854778689611649472,_EOPKG_TC-UN-f1-5-penalty3l-55_loan_v1_v5_simulated_GATv2,_EOPKG_TC-UN-f1-5-penalty3l,55,train_candidate_invalid_probability_mass,0,1780859654494,0.0016834367402912146
learn,EOPKG,EOPKGTopologyConditioned,b8f6130db97f4f28b27d4528497aa1f3,854778689611649472,_EOPKG_TC-UN-f1-5-penalty3l-55_loan_v1_v5_simulated_GATv2,_EOPKG_TC-UN-f1-5-penalty3l,55,train_candidate_invalid_probability_mass,0,1780859654494,0.0016834367402912146
learn,EOPKG,EOPKGTopologyConditioned,b8f6130db97f4f28b27d4528497aa1f3,854778689611649472,_EOPKG_TC-UN-f1-5-penalty3l-55_loan_v1_v5_simulated_GATv2,_EOPKG_TC-UN-f1-5-penalty3l,55,train_candidate_invalid_probability_mass,0,1780859899430,0.0016220785345306948
learn,EOPKG,EOPKGTopologyConditioned,b8f6130db97f4f28b27d4528497aa1f3,854778689611649472,_EOPKG_TC-UN-f1-5-penalty3l-55_loan_v1_v5_simulated_GATv2,_EOPKG_TC-UN-f1-5-penalty3l,55,train_candidate_invalid_probability_mass,0,1780859899430,0.0016220785345306948
learn,EOPKG,EOPKGTopologyConditioned,b8f6130db97f4f28b27d4528497aa1f3,854778689611649472,_EOPKG_TC-UN-f1-5-penalty3l-55_loan_v1_v5_simulated_GATv2,_EOPKG_TC-UN-f1-5-penalty3l,55,train_candidate_invalid_probability_mass,0,1780860153064,0.001661284130147328
learn,EOPKG,EOPKGTopologyConditioned,b8f6130db97f4f28b27d4528497aa1f3,854778689611649472,_EOPKG_TC-UN-f1-5-penalty3l-55_loan_v1_v5_simulated_GATv2,_EOPKG_TC-UN-f1-5-penalty3l,55,train_candidate_invalid_probability_mass,0,1780860153064,0.001661284130147328
learn,EOPKG,EOPKGTopologyConditioned,b8f6130db97f4f28b27d4528497aa1f3,854778689611649472,_EOPKG_TC-UN-f1-5-penalty3l-55_loan_v1_v5_simulated_GATv2,_EOPKG_TC-UN-f1-5-penalty3l,55,train_candidate_invalid_probability_mass,0,1780860619800,0.0015959159082148983
learn,EOPKG,EOPKGTopologyConditioned,b8f6130db97f4f28b27d4528497aa1f3,854778689611649472,_EOPKG_TC-UN-f1-5-penalty3l-55_loan_v1_v5_simulated_GATv2,_EOPKG_TC-UN-f1-5-penalty3l,55,train_candidate_invalid_probability_mass,0,1780860619800,0.0015959159082148983
learn,EOPKG,EOPKGTopologyConditioned,b8f6130db97f4f28b27d4528497aa1f3,854778689611649472,_EOPKG_TC-UN-f1-5-penalty3l-55_loan_v1_v5_simulated_GATv2,_EOPKG_TC-UN-f1-5-penalty3l,55,train_candidate_invalid_probability_mass,0,1780860986188,0.0015431954902974335
learn,EOPKG,EOPKGTopologyConditioned,b8f6130db97f4f28b27d4528497aa1f3,854778689611649472,_EOPKG_TC-UN-f1-5-penalty3l-55_loan_v1_v5_simulated_GATv2,_EOPKG_TC-UN-f1-5-penalty3l,55,train_candidate_invalid_probability_mass,0,1780860986188,0.0015431954902974335
learn,EOPKG,EOPKGTopologyConditioned,b8f6130db97f4f28b27d4528497aa1f3,854778689611649472,_EOPKG_TC-UN-f1-5-penalty3l-55_loan_v1_v5_simulated_GATv2,_EOPKG_TC-UN-f1-5-penalty3l,55,train_candidate_invalid_probability_mass,0,1780861493849,0.0016411202843115919
learn,EOPKG,EOPKGTopologyConditioned,b8f6130db97f4f28b27d4528497aa1f3,854778689611649472,_EOPKG_TC-UN-f1-5-penalty3l-55_loan_v1_v5_simulated_GATv2,_EOPKG_TC-UN-f1-5-penalty3l,55,train_candidate_invalid_probability_mass,0,1780861493849,0.0016411202843115919
learn,EOPKG,EOPKGTopologyConditioned,b8f6130db97f4f28b27d4528497aa1f3,854778689611649472,_EOPKG_TC-UN-f1-5-penalty3l-55_loan_v1_v5_simulated_GATv2,_EOPKG_TC-UN-f1-5-penalty3l,55,train_candidate_invalid_probability_mass,0,1780861918933,0.0016152247608752569
learn,EOPKG,EOPKGTopologyConditioned,b8f6130db97f4f28b27d4528497aa1f3,854778689611649472,_EOPKG_TC-UN-f1-5-penalty3l-55_loan_v1_v5_simulated_GATv2,_EOPKG_TC-UN-f1-5-penalty3l,55,train_candidate_invalid_probability_mass,0,1780861918933,0.0016152247608752569
learn,EOPKG,EOPKGTopologyConditioned,b8f6130db97f4f28b27d4528497aa1f3,854778689611649472,_EOPKG_TC-UN-f1-5-penalty3l-55_loan_v1_v5_simulated_GATv2,_EOPKG_TC-UN-f1-5-penalty3l,55,train_candidate_invalid_probability_mass,0,1780862421615,0.0014849935910632665
learn,EOPKG,EOPKGTopologyConditioned,b8f6130db97f4f28b27d4528497aa1f3,854778689611649472,_EOPKG_TC-UN-f1-5-penalty3l-55_loan_v1_v5_simulated_GATv2,_EOPKG_TC-UN-f1-5-penalty3l,55,train_candidate_invalid_probability_mass,0,1780862421615,0.0014849935910632665
learn,EOPKG,EOPKGTopologyConditioned,b8f6130db97f4f28b27d4528497aa1f3,854778689611649472,_EOPKG_TC-UN-f1-5-penalty3l-55_loan_v1_v5_simulated_GATv2,_EOPKG_TC-UN-f1-5-penalty3l,55,train_candidate_invalid_probability_mass,0,1780862893548,0.0016806673694452691
learn,EOPKG,EOPKGTopologyConditioned,b8f6130db97f4f28b27d4528497aa1f3,854778689611649472,_EOPKG_TC-UN-f1-5-penalty3l-55_loan_v1_v5_simulated_GATv2,_EOPKG_TC-UN-f1-5-penalty3l,55,train_candidate_invalid_probability_mass,0,1780862893548,0.0016806673694452691
learn,EOPKG,EOPKGTopologyConditioned,c9399e3109674246bfa4894487904d27,854778689611649472,_EOPKG_TC-UN-f1-5-penalty3l-99_loan_v1_v5_simulated_GATv2,_EOPKG_TC-UN-f1-5-penalty3l,99,train_candidate_invalid_probability_mass,0,1781381277641,0.07573102961482395
learn,EOPKG,EOPKGTopologyConditioned,c9399e3109674246bfa4894487904d27,854778689611649472,_EOPKG_TC-UN-f1-5-penalty3l-99_loan_v1_v5_simulated_GATv2,_EOPKG_TC-UN-f1-5-penalty3l,99,train_candidate_invalid_probability_mass,0,1781381277641,0.07573102961482395
learn,EOPKG,EOPKGTopologyConditioned,c9399e3109674246bfa4894487904d27,854778689611649472,_EOPKG_TC-UN-f1-5-penalty3l-99_loan_v1_v5_simulated_GATv2,_EOPKG_TC-UN-f1-5-penalty3l,99,train_candidate_invalid_probability_mass,0,1781381541374,0.012197531384396677
learn,EOPKG,EOPKGTopologyConditioned,c9399e3109674246bfa4894487904d27,854778689611649472,_EOPKG_TC-UN-f1-5-penalty3l-99_loan_v1_v5_simulated_GATv2,_EOPKG_TC-UN-f1-5-penalty3l,99,train_candidate_invalid_probability_mass,0,1781381541374,0.012197531384396677
learn,EOPKG,EOPKGTopologyConditioned,c9399e3109674246bfa4894487904d27,854778689611649472,_EOPKG_TC-UN-f1-5-penalty3l-99_loan_v1_v5_simulated_GATv2,_EOPKG_TC-UN-f1-5-penalty3l,99,train_candidate_invalid_probability_mass,0,1781381798052,0.008651872782557848
learn,EOPKG,EOPKGTopologyConditioned,c9399e3109674246bfa4894487904d27,854778689611649472,_EOPKG_TC-UN-f1-5-penalty3l-99_loan_v1_v5_simulated_GATv2,_EOPKG_TC-UN-f1-5-penalty3l,99,train_candidate_invalid_probability_mass,0,1781381798052,0.008651872782557848
learn,EOPKG,EOPKGTopologyConditioned,c9399e3109674246bfa4894487904d27,854778689611649472,_EOPKG_TC-UN-f1-5-penalty3l-99_loan_v1_v5_simulated_GATv2,_EOPKG_TC-UN-f1-5-penalty3l,99,train_candidate_invalid_probability_mass,0,1781382053072,0.007103914677406793
learn,EOPKG,EOPKGTopologyConditioned,c9399e3109674246bfa4894487904d27,854778689611649472,_EOPKG_TC-UN-f1-5-penalty3l-99_loan_v1_v5_simulated_GATv2,_EOPKG_TC-UN-f1-5-penalty3l,99,train_candidate_invalid_probability_mass,0,1781382053072,0.007103914677406793
learn,EOPKG,EOPKGTopologyConditioned,c9399e3109674246bfa4894487904d27,854778689611649472,_EOPKG_TC-UN-f1-5-penalty3l-99_loan_v1_v5_simulated_GATv2,_EOPKG_TC-UN-f1-5-penalty3l,99,train_candidate_invalid_probability_mass,0,1781382311917,0.0062719629031779255
learn,EOPKG,EOPKGTopologyConditioned,c9399e3109674246bfa4894487904d27,854778689611649472,_EOPKG_TC-UN-f1-5-penalty3l-99_loan_v1_v5_simulated_GATv2,_EOPKG_TC-UN-f1-5-penalty3l,99,train_candidate_invalid_probability_mass,0,1781382311917,0.0062719629031779255
learn,EOPKG,EOPKGTopologyConditioned,c9399e3109674246bfa4894487904d27,854778689611649472,_EOPKG_TC-UN-f1-5-penalty3l-99_loan_v1_v5_simulated_GATv2,_EOPKG_TC-UN-f1-5-penalty3l,99,train_candidate_invalid_probability_mass,0,1781382568228,0.005410811270102977
learn,EOPKG,EOPKGTopologyConditioned,c9399e3109674246bfa4894487904d27,854778689611649472,_EOPKG_TC-UN-f1-5-penalty3l-99_loan_v1_v5_simulated_GATv2,_EOPKG_TC-UN-f1-5-penalty3l,99,train_candidate_invalid_probability_mass,0,1781382568228,0.005410811270102977
learn,EOPKG,EOPKGTopologyConditioned,c9399e3109674246bfa4894487904d27,854778689611649472,_EOPKG_TC-UN-f1-5-penalty3l-99_loan_v1_v5_simulated_GATv2,_EOPKG_TC-UN-f1-5-penalty3l,99,train_candidate_invalid_probability_mass,0,1781382828990,0.004776853514651639
learn,EOPKG,EOPKGTopologyConditioned,c9399e3109674246bfa4894487904d27,854778689611649472,_EOPKG_TC-UN-f1-5-penalty3l-99_loan_v1_v5_simulated_GATv2,_EOPKG_TC-UN-f1-5-penalty3l,99,train_candidate_invalid_probability_mass,0,1781382828990,0.004776853514651639
learn,EOPKG,EOPKGTopologyConditioned,c9399e3109674246bfa4894487904d27,854778689611649472,_EOPKG_TC-UN-f1-5-penalty3l-99_loan_v1_v5_simulated_GATv2,_EOPKG_TC-UN-f1-5-penalty3l,99,train_candidate_invalid_probability_mass,0,1781383085281,0.0040474884706735905
learn,EOPKG,EOPKGTopologyConditioned,c9399e3109674246bfa4894487904d27,854778689611649472,_EOPKG_TC-UN-f1-5-penalty3l-99_loan_v1_v5_simulated_GATv2,_EOPKG_TC-UN-f1-5-penalty3l,99,train_candidate_invalid_probability_mass,0,1781383085281,0.0040474884706735905
learn,EOPKG,EOPKGTopologyConditioned,c9399e3109674246bfa4894487904d27,854778689611649472,_EOPKG_TC-UN-f1-5-penalty3l-99_loan_v1_v5_simulated_GATv2,_EOPKG_TC-UN-f1-5-penalty3l,99,train_candidate_invalid_probability_mass,0,1781383341740,0.00411238575593712
learn,EOPKG,EOPKGTopologyConditioned,c9399e3109674246bfa4894487904d27,854778689611649472,_EOPKG_TC-UN-f1-5-penalty3l-99_loan_v1_v5_simulated_GATv2,_EOPKG_TC-UN-f1-5-penalty3l,99,train_candidate_invalid_probability_mass,0,1781383341740,0.00411238575593712
learn,EOPKG,EOPKGTopologyConditioned,c9399e3109674246bfa4894487904d27,854778689611649472,_EOPKG_TC-UN-f1-5-penalty3l-99_loan_v1_v5_simulated_GATv2,_EOPKG_TC-UN-f1-5-penalty3l,99,train_candidate_invalid_probability_mass,0,1781383598668,0.003507813868066222
learn,EOPKG,EOPKGTopologyConditioned,c9399e3109674246bfa4894487904d27,854778689611649472,_EOPKG_TC-UN-f1-5-penalty3l-99_loan_v1_v5_simulated_GATv2,_EOPKG_TC-UN-f1-5-penalty3l,99,train_candidate_invalid_probability_mass,0,1781383598668,0.003507813868066222
learn,EOPKG,EOPKGTopologyConditioned,c9399e3109674246bfa4894487904d27,854778689611649472,_EOPKG_TC-UN-f1-5-penalty3l-99_loan_v1_v5_simulated_GATv2,_EOPKG_TC-UN-f1-5-penalty3l,99,train_candidate_invalid_probability_mass,0,1781383855841,0.0032116911281122335
learn,EOPKG,EOPKGTopologyConditioned,c9399e3109674246bfa4894487904d27,854778689611649472,_EOPKG_TC-UN-f1-5-penalty3l-99_loan_v1_v5_simulated_GATv2,_EOPKG_TC-UN-f1-5-penalty3l,99,train_candidate_invalid_probability_mass,0,1781383855841,0.0032116911281122335
learn,EOPKG,EOPKGTopologyConditioned,c9399e3109674246bfa4894487904d27,854778689611649472,_EOPKG_TC-UN-f1-5-penalty3l-99_loan_v1_v5_simulated_GATv2,_EOPKG_TC-UN-f1-5-penalty3l,99,train_candidate_invalid_probability_mass,0,1781384114789,0.002982948876644184
learn,EOPKG,EOPKGTopologyConditioned,c9399e3109674246bfa4894487904d27,854778689611649472,_EOPKG_TC-UN-f1-5-penalty3l-99_loan_v1_v5_simulated_GATv2,_EOPKG_TC-UN-f1-5-penalty3l,99,train_candidate_invalid_probability_mass,0,1781384114789,0.002982948876644184
learn,EOPKG,EOPKGTopologyConditioned,c9399e3109674246bfa4894487904d27,854778689611649472,_EOPKG_TC-UN-f1-5-penalty3l-99_loan_v1_v5_simulated_GATv2,_EOPKG_TC-UN-f1-5-penalty3l,99,train_candidate_invalid_probability_mass,0,1781384370038,0.0031277969847314816
learn,EOPKG,EOPKGTopologyConditioned,c9399e3109674246bfa4894487904d27,854778689611649472,_EOPKG_TC-UN-f1-5-penalty3l-99_loan_v1_v5_simulated_GATv2,_EOPKG_TC-UN-f1-5-penalty3l,99,train_candidate_invalid_probability_mass,0,1781384370038,0.0031277969847314816
learn,EOPKG,EOPKGTopologyConditioned,c9399e3109674246bfa4894487904d27,854778689611649472,_EOPKG_TC-UN-f1-5-penalty3l-99_loan_v1_v5_simulated_GATv2,_EOPKG_TC-UN-f1-5-penalty3l,99,train_candidate_invalid_probability_mass,0,1781384625692,0.0029025319782315217
learn,EOPKG,EOPKGTopologyConditioned,c9399e3109674246bfa4894487904d27,854778689611649472,_EOPKG_TC-UN-f1-5-penalty3l-99_loan_v1_v5_simulated_GATv2,_EOPKG_TC-UN-f1-5-penalty3l,99,train_candidate_invalid_probability_mass,0,1781384625692,0.0029025319782315217
learn,EOPKG,EOPKGTopologyConditioned,c9399e3109674246bfa4894487904d27,854778689611649472,_EOPKG_TC-UN-f1-5-penalty3l-99_loan_v1_v5_simulated_GATv2,_EOPKG_TC-UN-f1-5-penalty3l,99,train_candidate_invalid_probability_mass,0,1781384881364,0.002880229787724848
learn,EOPKG,EOPKGTopologyConditioned,c9399e3109674246bfa4894487904d27,854778689611649472,_EOPKG_TC-UN-f1-5-penalty3l-99_loan_v1_v5_simulated_GATv2,_EOPKG_TC-UN-f1-5-penalty3l,99,train_candidate_invalid_probability_mass,0,1781384881364,0.002880229787724848
learn,EOPKG,EOPKGTopologyConditioned,c9399e3109674246bfa4894487904d27,854778689611649472,_EOPKG_TC-UN-f1-5-penalty3l-99_loan_v1_v5_simulated_GATv2,_EOPKG_TC-UN-f1-5-penalty3l,99,train_candidate_invalid_probability_mass,0,1781385136221,0.0027623088241574044
learn,EOPKG,EOPKGTopologyConditioned,c9399e3109674246bfa4894487904d27,854778689611649472,_EOPKG_TC-UN-f1-5-penalty3l-99_loan_v1_v5_simulated_GATv2,_EOPKG_TC-UN-f1-5-penalty3l,99,train_candidate_invalid_probability_mass,0,1781385136221,0.0027623088241574044
learn,EOPKG,EOPKGTopologyConditioned,c9399e3109674246bfa4894487904d27,854778689611649472,_EOPKG_TC-UN-f1-5-penalty3l-99_loan_v1_v5_simulated_GATv2,_EOPKG_TC-UN-f1-5-penalty3l,99,train_candidate_invalid_probability_mass,0,1781385390889,0.0026656403109121814
learn,EOPKG,EOPKGTopologyConditioned,c9399e3109674246bfa4894487904d27,854778689611649472,_EOPKG_TC-UN-f1-5-penalty3l-99_loan_v1_v5_simulated_GATv2,_EOPKG_TC-UN-f1-5-penalty3l,99,train_candidate_invalid_probability_mass,0,1781385390889,0.0026656403109121814
learn,EOPKG,EOPKGTopologyConditioned,c9399e3109674246bfa4894487904d27,854778689611649472,_EOPKG_TC-UN-f1-5-penalty3l-99_loan_v1_v5_simulated_GATv2,_EOPKG_TC-UN-f1-5-penalty3l,99,train_candidate_invalid_probability_mass,0,1781385645818,0.0024282366689960867
learn,EOPKG,EOPKGTopologyConditioned,c9399e3109674246bfa4894487904d27,854778689611649472,_EOPKG_TC-UN-f1-5-penalty3l-99_loan_v1_v5_simulated_GATv2,_EOPKG_TC-UN-f1-5-penalty3l,99,train_candidate_invalid_probability_mass,0,1781385645818,0.0024282366689960867
learn,EOPKG,EOPKGTopologyConditioned,c9399e3109674246bfa4894487904d27,854778689611649472,_EOPKG_TC-UN-f1-5-penalty3l-99_loan_v1_v5_simulated_GATv2,_EOPKG_TC-UN-f1-5-penalty3l,99,train_candidate_invalid_probability_mass,0,1781385907368,0.00238852173686679
learn,EOPKG,EOPKGTopologyConditioned,c9399e3109674246bfa4894487904d27,854778689611649472,_EOPKG_TC-UN-f1-5-penalty3l-99_loan_v1_v5_simulated_GATv2,_EOPKG_TC-UN-f1-5-penalty3l,99,train_candidate_invalid_probability_mass,0,1781385907368,0.00238852173686679
learn,EOPKG,EOPKGTopologyConditioned,c9399e3109674246bfa4894487904d27,854778689611649472,_EOPKG_TC-UN-f1-5-penalty3l-99_loan_v1_v5_simulated_GATv2,_EOPKG_TC-UN-f1-5-penalty3l,99,train_candidate_invalid_probability_mass,0,1781386163130,0.002345593781045761
learn,EOPKG,EOPKGTopologyConditioned,c9399e3109674246bfa4894487904d27,854778689611649472,_EOPKG_TC-UN-f1-5-penalty3l-99_loan_v1_v5_simulated_GATv2,_EOPKG_TC-UN-f1-5-penalty3l,99,train_candidate_invalid_probability_mass,0,1781386163130,0.002345593781045761
learn,EOPKG,EOPKGTopologyConditioned,c9399e3109674246bfa4894487904d27,854778689611649472,_EOPKG_TC-UN-f1-5-penalty3l-99_loan_v1_v5_simulated_GATv2,_EOPKG_TC-UN-f1-5-penalty3l,99,train_candidate_invalid_probability_mass,0,1781386418405,0.002308035103085233
learn,EOPKG,EOPKGTopologyConditioned,c9399e3109674246bfa4894487904d27,854778689611649472,_EOPKG_TC-UN-f1-5-penalty3l-99_loan_v1_v5_simulated_GATv2,_EOPKG_TC-UN-f1-5-penalty3l,99,train_candidate_invalid_probability_mass,0,1781386418405,0.002308035103085233
learn,EOPKG,EOPKGTopologyConditioned,c9399e3109674246bfa4894487904d27,854778689611649472,_EOPKG_TC-UN-f1-5-penalty3l-99_loan_v1_v5_simulated_GATv2,_EOPKG_TC-UN-f1-5-penalty3l,99,train_candidate_invalid_probability_mass,0,1781386673173,0.002165516758661877
learn,EOPKG,EOPKGTopologyConditioned,c9399e3109674246bfa4894487904d27,854778689611649472,_EOPKG_TC-UN-f1-5-penalty3l-99_loan_v1_v5_simulated_GATv2,_EOPKG_TC-UN-f1-5-penalty3l,99,train_candidate_invalid_probability_mass,0,1781386673173,0.002165516758661877
learn,EOPKG,EOPKGTopologyConditioned,c9399e3109674246bfa4894487904d27,854778689611649472,_EOPKG_TC-UN-f1-5-penalty3l-99_loan_v1_v5_simulated_GATv2,_EOPKG_TC-UN-f1-5-penalty3l,99,train_candidate_invalid_probability_mass,0,1781386929110,0.002360897929515373
learn,EOPKG,EOPKGTopologyConditioned,c9399e3109674246bfa4894487904d27,854778689611649472,_EOPKG_TC-UN-f1-5-penalty3l-99_loan_v1_v5_simulated_GATv2,_EOPKG_TC-UN-f1-5-penalty3l,99,train_candidate_invalid_probability_mass,0,1781386929110,0.002360897929515373
learn,EOPKG,EOPKGTopologyConditioned,c9399e3109674246bfa4894487904d27,854778689611649472,_EOPKG_TC-UN-f1-5-penalty3l-99_loan_v1_v5_simulated_GATv2,_EOPKG_TC-UN-f1-5-penalty3l,99,train_candidate_invalid_probability_mass,0,1781387185406,0.002162431852391585
learn,EOPKG,EOPKGTopologyConditioned,c9399e3109674246bfa4894487904d27,854778689611649472,_EOPKG_TC-UN-f1-5-penalty3l-99_loan_v1_v5_simulated_GATv2,_EOPKG_TC-UN-f1-5-penalty3l,99,train_candidate_invalid_probability_mass,0,1781387185406,0.002162431852391585
learn,EOPKG,EOPKGTopologyConditioned,c9399e3109674246bfa4894487904d27,854778689611649472,_EOPKG_TC-UN-f1-5-penalty3l-99_loan_v1_v5_simulated_GATv2,_EOPKG_TC-UN-f1-5-penalty3l,99,train_candidate_invalid_probability_mass,0,1781387442089,0.001988237185125344
learn,EOPKG,EOPKGTopologyConditioned,c9399e3109674246bfa4894487904d27,854778689611649472,_EOPKG_TC-UN-f1-5-penalty3l-99_loan_v1_v5_simulated_GATv2,_EOPKG_TC-UN-f1-5-penalty3l,99,train_candidate_invalid_probability_mass,0,1781387442089,0.001988237185125344
learn,EOPKG,EOPKGTopologyConditioned,c9399e3109674246bfa4894487904d27,854778689611649472,_EOPKG_TC-UN-f1-5-penalty3l-99_loan_v1_v5_simulated_GATv2,_EOPKG_TC-UN-f1-5-penalty3l,99,train_candidate_invalid_probability_mass,0,1781387697906,0.0020025418813130113
learn,EOPKG,EOPKGTopologyConditioned,c9399e3109674246bfa4894487904d27,854778689611649472,_EOPKG_TC-UN-f1-5-penalty3l-99_loan_v1_v5_simulated_GATv2,_EOPKG_TC-UN-f1-5-penalty3l,99,train_candidate_invalid_probability_mass,0,1781387697906,0.0020025418813130113
learn,EOPKG,EOPKGTopologyConditioned,c9399e3109674246bfa4894487904d27,854778689611649472,_EOPKG_TC-UN-f1-5-penalty3l-99_loan_v1_v5_simulated_GATv2,_EOPKG_TC-UN-f1-5-penalty3l,99,train_candidate_invalid_probability_mass,0,1781387955530,0.0019216512290824543
learn,EOPKG,EOPKGTopologyConditioned,c9399e3109674246bfa4894487904d27,854778689611649472,_EOPKG_TC-UN-f1-5-penalty3l-99_loan_v1_v5_simulated_GATv2,_EOPKG_TC-UN-f1-5-penalty3l,99,train_candidate_invalid_probability_mass,0,1781387955530,0.0019216512290824543
learn,EOPKG,EOPKGTopologyConditioned,c9399e3109674246bfa4894487904d27,854778689611649472,_EOPKG_TC-UN-f1-5-penalty3l-99_loan_v1_v5_simulated_GATv2,_EOPKG_TC-UN-f1-5-penalty3l,99,train_candidate_invalid_probability_mass,0,1781388213903,0.001979565283660044
learn,EOPKG,EOPKGTopologyConditioned,c9399e3109674246bfa4894487904d27,854778689611649472,_EOPKG_TC-UN-f1-5-penalty3l-99_loan_v1_v5_simulated_GATv2,_EOPKG_TC-UN-f1-5-penalty3l,99,train_candidate_invalid_probability_mass,0,1781388213903,0.001979565283660044
learn,EOPKG,EOPKGTopologyConditioned,c9399e3109674246bfa4894487904d27,854778689611649472,_EOPKG_TC-UN-f1-5-penalty3l-99_loan_v1_v5_simulated_GATv2,_EOPKG_TC-UN-f1-5-penalty3l,99,train_candidate_invalid_probability_mass,0,1781388469447,0.002019797744914602
learn,EOPKG,EOPKGTopologyConditioned,c9399e3109674246bfa4894487904d27,854778689611649472,_EOPKG_TC-UN-f1-5-penalty3l-99_loan_v1_v5_simulated_GATv2,_EOPKG_TC-UN-f1-5-penalty3l,99,train_candidate_invalid_probability_mass,0,1781388469447,0.002019797744914602
learn,EOPKG,EOPKGTopologyConditioned,c9399e3109674246bfa4894487904d27,854778689611649472,_EOPKG_TC-UN-f1-5-penalty3l-99_loan_v1_v5_simulated_GATv2,_EOPKG_TC-UN-f1-5-penalty3l,99,train_candidate_invalid_probability_mass,0,1781388724877,0.001904415842454765
learn,EOPKG,EOPKGTopologyConditioned,c9399e3109674246bfa4894487904d27,854778689611649472,_EOPKG_TC-UN-f1-5-penalty3l-99_loan_v1_v5_simulated_GATv2,_EOPKG_TC-UN-f1-5-penalty3l,99,train_candidate_invalid_probability_mass,0,1781388724877,0.001904415842454765
learn,EOPKG,EOPKGTopologyConditioned,c9399e3109674246bfa4894487904d27,854778689611649472,_EOPKG_TC-UN-f1-5-penalty3l-99_loan_v1_v5_simulated_GATv2,_EOPKG_TC-UN-f1-5-penalty3l,99,train_candidate_invalid_probability_mass,0,1781388980572,0.0018171073493343408
learn,EOPKG,EOPKGTopologyConditioned,c9399e3109674246bfa4894487904d27,854778689611649472,_EOPKG_TC-UN-f1-5-penalty3l-99_loan_v1_v5_simulated_GATv2,_EOPKG_TC-UN-f1-5-penalty3l,99,train_candidate_invalid_probability_mass,0,1781388980572,0.0018171073493343408
learn,EOPKG,EOPKGTopologyConditioned,c9399e3109674246bfa4894487904d27,854778689611649472,_EOPKG_TC-UN-f1-5-penalty3l-99_loan_v1_v5_simulated_GATv2,_EOPKG_TC-UN-f1-5-penalty3l,99,train_candidate_invalid_probability_mass,0,1781389236021,0.0018512102837647667
learn,EOPKG,EOPKGTopologyConditioned,c9399e3109674246bfa4894487904d27,854778689611649472,_EOPKG_TC-UN-f1-5-penalty3l-99_loan_v1_v5_simulated_GATv2,_EOPKG_TC-UN-f1-5-penalty3l,99,train_candidate_invalid_probability_mass,0,1781389236021,0.0018512102837647667
learn,EOPKG,EOPKGTopologyConditioned,c9399e3109674246bfa4894487904d27,854778689611649472,_EOPKG_TC-UN-f1-5-penalty3l-99_loan_v1_v5_simulated_GATv2,_EOPKG_TC-UN-f1-5-penalty3l,99,train_candidate_invalid_probability_mass,0,1781389493007,0.0020742516248923354
learn,EOPKG,EOPKGTopologyConditioned,c9399e3109674246bfa4894487904d27,854778689611649472,_EOPKG_TC-UN-f1-5-penalty3l-99_loan_v1_v5_simulated_GATv2,_EOPKG_TC-UN-f1-5-penalty3l,99,train_candidate_invalid_probability_mass,0,1781389493007,0.0020742516248923354
learn,EOPKG,EOPKGTopologyConditioned,c9399e3109674246bfa4894487904d27,854778689611649472,_EOPKG_TC-UN-f1-5-penalty3l-99_loan_v1_v5_simulated_GATv2,_EOPKG_TC-UN-f1-5-penalty3l,99,train_candidate_invalid_probability_mass,0,1781389748586,0.0018295405406393082
learn,EOPKG,EOPKGTopologyConditioned,c9399e3109674246bfa4894487904d27,854778689611649472,_EOPKG_TC-UN-f1-5-penalty3l-99_loan_v1_v5_simulated_GATv2,_EOPKG_TC-UN-f1-5-penalty3l,99,train_candidate_invalid_probability_mass,0,1781389748586,0.0018295405406393082
learn,EOPKG,EOPKGTopologyConditioned,c9399e3109674246bfa4894487904d27,854778689611649472,_EOPKG_TC-UN-f1-5-penalty3l-99_loan_v1_v5_simulated_GATv2,_EOPKG_TC-UN-f1-5-penalty3l,99,train_candidate_invalid_probability_mass,0,1781390007368,0.0016753465586008033
learn,EOPKG,EOPKGTopologyConditioned,c9399e3109674246bfa4894487904d27,854778689611649472,_EOPKG_TC-UN-f1-5-penalty3l-99_loan_v1_v5_simulated_GATv2,_EOPKG_TC-UN-f1-5-penalty3l,99,train_candidate_invalid_probability_mass,0,1781390007368,0.0016753465586008033
learn,EOPKG,EOPKGTopologyConditioned,c9399e3109674246bfa4894487904d27,854778689611649472,_EOPKG_TC-UN-f1-5-penalty3l-99_loan_v1_v5_simulated_GATv2,_EOPKG_TC-UN-f1-5-penalty3l,99,train_candidate_invalid_probability_mass,0,1781390265272,0.0016719512369824997
learn,EOPKG,EOPKGTopologyConditioned,c9399e3109674246bfa4894487904d27,854778689611649472,_EOPKG_TC-UN-f1-5-penalty3l-99_loan_v1_v5_simulated_GATv2,_EOPKG_TC-UN-f1-5-penalty3l,99,train_candidate_invalid_probability_mass,0,1781390265272,0.0016719512369824997
learn,EOPKG,EOPKGTopologyConditioned,c9399e3109674246bfa4894487904d27,854778689611649472,_EOPKG_TC-UN-f1-5-penalty3l-99_loan_v1_v5_simulated_GATv2,_EOPKG_TC-UN-f1-5-penalty3l,99,train_candidate_invalid_probability_mass,0,1781390521525,0.0017629745743009417
learn,EOPKG,EOPKGTopologyConditioned,c9399e3109674246bfa4894487904d27,854778689611649472,_EOPKG_TC-UN-f1-5-penalty3l-99_loan_v1_v5_simulated_GATv2,_EOPKG_TC-UN-f1-5-penalty3l,99,train_candidate_invalid_probability_mass,0,1781390521525,0.0017629745743009417
learn,EOPKG,EOPKGTopologyConditioned,c9399e3109674246bfa4894487904d27,854778689611649472,_EOPKG_TC-UN-f1-5-penalty3l-99_loan_v1_v5_simulated_GATv2,_EOPKG_TC-UN-f1-5-penalty3l,99,train_candidate_invalid_probability_mass,0,1781390778501,0.001832790070945184
learn,EOPKG,EOPKGTopologyConditioned,c9399e3109674246bfa4894487904d27,854778689611649472,_EOPKG_TC-UN-f1-5-penalty3l-99_loan_v1_v5_simulated_GATv2,_EOPKG_TC-UN-f1-5-penalty3l,99,train_candidate_invalid_probability_mass,0,1781390778501,0.001832790070945184
learn,EOPKG,EOPKGTopologyConditioned,c9399e3109674246bfa4894487904d27,854778689611649472,_EOPKG_TC-UN-f1-5-penalty3l-99_loan_v1_v5_simulated_GATv2,_EOPKG_TC-UN-f1-5-penalty3l,99,train_candidate_invalid_probability_mass,0,1781391033860,0.0016758468455341845
learn,EOPKG,EOPKGTopologyConditioned,c9399e3109674246bfa4894487904d27,854778689611649472,_EOPKG_TC-UN-f1-5-penalty3l-99_loan_v1_v5_simulated_GATv2,_EOPKG_TC-UN-f1-5-penalty3l,99,train_candidate_invalid_probability_mass,0,1781391033860,0.0016758468455341845
learn,EOPKG,EOPKGTopologyConditioned,ebdfb988ea654392a4a4fc270f9e7c71,854778689611649472,_EOPKG_TC-UN-f1-5-penalty3l-67_loan_v1_v5_simulated_GATv2,_EOPKG_TC-UN-f1-5-penalty3l,67,train_candidate_invalid_probability_mass,0,1780673123403,0.08873056280182376
learn,EOPKG,EOPKGTopologyConditioned,ebdfb988ea654392a4a4fc270f9e7c71,854778689611649472,_EOPKG_TC-UN-f1-5-penalty3l-67_loan_v1_v5_simulated_GATv2,_EOPKG_TC-UN-f1-5-penalty3l,67,train_candidate_invalid_probability_mass,0,1780673123403,0.08873056280182376
learn,EOPKG,EOPKGTopologyConditioned,ebdfb988ea654392a4a4fc270f9e7c71,854778689611649472,_EOPKG_TC-UN-f1-5-penalty3l-67_loan_v1_v5_simulated_GATv2,_EOPKG_TC-UN-f1-5-penalty3l,67,train_candidate_invalid_probability_mass,0,1780673642284,0.010836869956842595
learn,EOPKG,EOPKGTopologyConditioned,ebdfb988ea654392a4a4fc270f9e7c71,854778689611649472,_EOPKG_TC-UN-f1-5-penalty3l-67_loan_v1_v5_simulated_GATv2,_EOPKG_TC-UN-f1-5-penalty3l,67,train_candidate_invalid_probability_mass,0,1780673642284,0.010836869956842595
learn,EOPKG,EOPKGTopologyConditioned,ebdfb988ea654392a4a4fc270f9e7c71,854778689611649472,_EOPKG_TC-UN-f1-5-penalty3l-67_loan_v1_v5_simulated_GATv2,_EOPKG_TC-UN-f1-5-penalty3l,67,train_candidate_invalid_probability_mass,0,1780674006677,0.007829030216501253
learn,EOPKG,EOPKGTopologyConditioned,ebdfb988ea654392a4a4fc270f9e7c71,854778689611649472,_EOPKG_TC-UN-f1-5-penalty3l-67_loan_v1_v5_simulated_GATv2,_EOPKG_TC-UN-f1-5-penalty3l,67,train_candidate_invalid_probability_mass,0,1780674006677,0.007829030216501253
learn,EOPKG,EOPKGTopologyConditioned,ebdfb988ea654392a4a4fc270f9e7c71,854778689611649472,_EOPKG_TC-UN-f1-5-penalty3l-67_loan_v1_v5_simulated_GATv2,_EOPKG_TC-UN-f1-5-penalty3l,67,train_candidate_invalid_probability_mass,0,1780674282241,0.006597965939817372
learn,EOPKG,EOPKGTopologyConditioned,ebdfb988ea654392a4a4fc270f9e7c71,854778689611649472,_EOPKG_TC-UN-f1-5-penalty3l-67_loan_v1_v5_simulated_GATv2,_EOPKG_TC-UN-f1-5-penalty3l,67,train_candidate_invalid_probability_mass,0,1780674282241,0.006597965939817372
learn,EOPKG,EOPKGTopologyConditioned,ebdfb988ea654392a4a4fc270f9e7c71,854778689611649472,_EOPKG_TC-UN-f1-5-penalty3l-67_loan_v1_v5_simulated_GATv2,_EOPKG_TC-UN-f1-5-penalty3l,67,train_candidate_invalid_probability_mass,0,1780674537218,0.004957058530268282
learn,EOPKG,EOPKGTopologyConditioned,ebdfb988ea654392a4a4fc270f9e7c71,854778689611649472,_EOPKG_TC-UN-f1-5-penalty3l-67_loan_v1_v5_simulated_GATv2,_EOPKG_TC-UN-f1-5-penalty3l,67,train_candidate_invalid_probability_mass,0,1780674537218,0.004957058530268282
learn,EOPKG,EOPKGTopologyConditioned,ebdfb988ea654392a4a4fc270f9e7c71,854778689611649472,_EOPKG_TC-UN-f1-5-penalty3l-67_loan_v1_v5_simulated_GATv2,_EOPKG_TC-UN-f1-5-penalty3l,67,train_candidate_invalid_probability_mass,0,1780674827872,0.004808369299562704
learn,EOPKG,EOPKGTopologyConditioned,ebdfb988ea654392a4a4fc270f9e7c71,854778689611649472,_EOPKG_TC-UN-f1-5-penalty3l-67_loan_v1_v5_simulated_GATv2,_EOPKG_TC-UN-f1-5-penalty3l,67,train_candidate_invalid_probability_mass,0,1780674827872,0.004808369299562704
learn,EOPKG,EOPKGTopologyConditioned,ebdfb988ea654392a4a4fc270f9e7c71,854778689611649472,_EOPKG_TC-UN-f1-5-penalty3l-67_loan_v1_v5_simulated_GATv2,_EOPKG_TC-UN-f1-5-penalty3l,67,train_candidate_invalid_probability_mass,0,1780675233838,0.003940942355199156
learn,EOPKG,EOPKGTopologyConditioned,ebdfb988ea654392a4a4fc270f9e7c71,854778689611649472,_EOPKG_TC-UN-f1-5-penalty3l-67_loan_v1_v5_simulated_GATv2,_EOPKG_TC-UN-f1-5-penalty3l,67,train_candidate_invalid_probability_mass,0,1780675233838,0.003940942355199156
learn,EOPKG,EOPKGTopologyConditioned,ebdfb988ea654392a4a4fc270f9e7c71,854778689611649472,_EOPKG_TC-UN-f1-5-penalty3l-67_loan_v1_v5_simulated_GATv2,_EOPKG_TC-UN-f1-5-penalty3l,67,train_candidate_invalid_probability_mass,0,1780675627508,0.0038366657922367176
learn,EOPKG,EOPKGTopologyConditioned,ebdfb988ea654392a4a4fc270f9e7c71,854778689611649472,_EOPKG_TC-UN-f1-5-penalty3l-67_loan_v1_v5_simulated_GATv2,_EOPKG_TC-UN-f1-5-penalty3l,67,train_candidate_invalid_probability_mass,0,1780675627508,0.0038366657922367176
learn,EOPKG,EOPKGTopologyConditioned,ebdfb988ea654392a4a4fc270f9e7c71,854778689611649472,_EOPKG_TC-UN-f1-5-penalty3l-67_loan_v1_v5_simulated_GATv2,_EOPKG_TC-UN-f1-5-penalty3l,67,train_candidate_invalid_probability_mass,0,1780675965929,0.0034001170223932685
learn,EOPKG,EOPKGTopologyConditioned,ebdfb988ea654392a4a4fc270f9e7c71,854778689611649472,_EOPKG_TC-UN-f1-5-penalty3l-67_loan_v1_v5_simulated_GATv2,_EOPKG_TC-UN-f1-5-penalty3l,67,train_candidate_invalid_probability_mass,0,1780675965929,0.0034001170223932685
learn,EOPKG,EOPKGTopologyConditioned,ebdfb988ea654392a4a4fc270f9e7c71,854778689611649472,_EOPKG_TC-UN-f1-5-penalty3l-67_loan_v1_v5_simulated_GATv2,_EOPKG_TC-UN-f1-5-penalty3l,67,train_candidate_invalid_probability_mass,0,1780676238245,0.0032392065982824406
learn,EOPKG,EOPKGTopologyConditioned,ebdfb988ea654392a4a4fc270f9e7c71,854778689611649472,_EOPKG_TC-UN-f1-5-penalty3l-67_loan_v1_v5_simulated_GATv2,_EOPKG_TC-UN-f1-5-penalty3l,67,train_candidate_invalid_probability_mass,0,1780676238245,0.0032392065982824406
learn,EOPKG,EOPKGTopologyConditioned,ebdfb988ea654392a4a4fc270f9e7c71,854778689611649472,_EOPKG_TC-UN-f1-5-penalty3l-67_loan_v1_v5_simulated_GATv2,_EOPKG_TC-UN-f1-5-penalty3l,67,train_candidate_invalid_probability_mass,0,1780676499191,0.002879378878802434
learn,EOPKG,EOPKGTopologyConditioned,ebdfb988ea654392a4a4fc270f9e7c71,854778689611649472,_EOPKG_TC-UN-f1-5-penalty3l-67_loan_v1_v5_simulated_GATv2,_EOPKG_TC-UN-f1-5-penalty3l,67,train_candidate_invalid_probability_mass,0,1780676499191,0.002879378878802434
learn,EOPKG,EOPKGTopologyConditioned,ebdfb988ea654392a4a4fc270f9e7c71,854778689611649472,_EOPKG_TC-UN-f1-5-penalty3l-67_loan_v1_v5_simulated_GATv2,_EOPKG_TC-UN-f1-5-penalty3l,67,train_candidate_invalid_probability_mass,0,1780676759768,0.0026310538177730866
learn,EOPKG,EOPKGTopologyConditioned,ebdfb988ea654392a4a4fc270f9e7c71,854778689611649472,_EOPKG_TC-UN-f1-5-penalty3l-67_loan_v1_v5_simulated_GATv2,_EOPKG_TC-UN-f1-5-penalty3l,67,train_candidate_invalid_probability_mass,0,1780676759768,0.0026310538177730866
learn,EOPKG,EOPKGTopologyConditioned,ebdfb988ea654392a4a4fc270f9e7c71,854778689611649472,_EOPKG_TC-UN-f1-5-penalty3l-67_loan_v1_v5_simulated_GATv2,_EOPKG_TC-UN-f1-5-penalty3l,67,train_candidate_invalid_probability_mass,0,1780677037976,0.0026179327337450342
learn,EOPKG,EOPKGTopologyConditioned,ebdfb988ea654392a4a4fc270f9e7c71,854778689611649472,_EOPKG_TC-UN-f1-5-penalty3l-67_loan_v1_v5_simulated_GATv2,_EOPKG_TC-UN-f1-5-penalty3l,67,train_candidate_invalid_probability_mass,0,1780677037976,0.0026179327337450342
learn,EOPKG,EOPKGTopologyConditioned,ebdfb988ea654392a4a4fc270f9e7c71,854778689611649472,_EOPKG_TC-UN-f1-5-penalty3l-67_loan_v1_v5_simulated_GATv2,_EOPKG_TC-UN-f1-5-penalty3l,67,train_candidate_invalid_probability_mass,0,1780677365296,0.0024735834944618657
learn,EOPKG,EOPKGTopologyConditioned,ebdfb988ea654392a4a4fc270f9e7c71,854778689611649472,_EOPKG_TC-UN-f1-5-penalty3l-67_loan_v1_v5_simulated_GATv2,_EOPKG_TC-UN-f1-5-penalty3l,67,train_candidate_invalid_probability_mass,0,1780677365296,0.0024735834944618657
learn,EOPKG,EOPKGTopologyConditioned,ebdfb988ea654392a4a4fc270f9e7c71,854778689611649472,_EOPKG_TC-UN-f1-5-penalty3l-67_loan_v1_v5_simulated_GATv2,_EOPKG_TC-UN-f1-5-penalty3l,67,train_candidate_invalid_probability_mass,0,1780677746823,0.002143289034076432
learn,EOPKG,EOPKGTopologyConditioned,ebdfb988ea654392a4a4fc270f9e7c71,854778689611649472,_EOPKG_TC-UN-f1-5-penalty3l-67_loan_v1_v5_simulated_GATv2,_EOPKG_TC-UN-f1-5-penalty3l,67,train_candidate_invalid_probability_mass,0,1780677746823,0.002143289034076432
learn,EOPKG,EOPKGTopologyConditioned,ebdfb988ea654392a4a4fc270f9e7c71,854778689611649472,_EOPKG_TC-UN-f1-5-penalty3l-67_loan_v1_v5_simulated_GATv2,_EOPKG_TC-UN-f1-5-penalty3l,67,train_candidate_invalid_probability_mass,0,1780678062254,0.0021979932240928585
learn,EOPKG,EOPKGTopologyConditioned,ebdfb988ea654392a4a4fc270f9e7c71,854778689611649472,_EOPKG_TC-UN-f1-5-penalty3l-67_loan_v1_v5_simulated_GATv2,_EOPKG_TC-UN-f1-5-penalty3l,67,train_candidate_invalid_probability_mass,0,1780678062254,0.0021979932240928585
learn,EOPKG,EOPKGTopologyConditioned,ebdfb988ea654392a4a4fc270f9e7c71,854778689611649472,_EOPKG_TC-UN-f1-5-penalty3l-67_loan_v1_v5_simulated_GATv2,_EOPKG_TC-UN-f1-5-penalty3l,67,train_candidate_invalid_probability_mass,0,1780678337107,0.0023182249522604352
learn,EOPKG,EOPKGTopologyConditioned,ebdfb988ea654392a4a4fc270f9e7c71,854778689611649472,_EOPKG_TC-UN-f1-5-penalty3l-67_loan_v1_v5_simulated_GATv2,_EOPKG_TC-UN-f1-5-penalty3l,67,train_candidate_invalid_probability_mass,0,1780678337107,0.0023182249522604352
learn,EOPKG,EOPKGTopologyConditioned,ebdfb988ea654392a4a4fc270f9e7c71,854778689611649472,_EOPKG_TC-UN-f1-5-penalty3l-67_loan_v1_v5_simulated_GATv2,_EOPKG_TC-UN-f1-5-penalty3l,67,train_candidate_invalid_probability_mass,0,1780678640413,0.0019424241880141495
learn,EOPKG,EOPKGTopologyConditioned,ebdfb988ea654392a4a4fc270f9e7c71,854778689611649472,_EOPKG_TC-UN-f1-5-penalty3l-67_loan_v1_v5_simulated_GATv2,_EOPKG_TC-UN-f1-5-penalty3l,67,train_candidate_invalid_probability_mass,0,1780678640413,0.0019424241880141495
learn,EOPKG,EOPKGTopologyConditioned,ebdfb988ea654392a4a4fc270f9e7c71,854778689611649472,_EOPKG_TC-UN-f1-5-penalty3l-67_loan_v1_v5_simulated_GATv2,_EOPKG_TC-UN-f1-5-penalty3l,67,train_candidate_invalid_probability_mass,0,1780679068260,0.0020448536830395313
learn,EOPKG,EOPKGTopologyConditioned,ebdfb988ea654392a4a4fc270f9e7c71,854778689611649472,_EOPKG_TC-UN-f1-5-penalty3l-67_loan_v1_v5_simulated_GATv2,_EOPKG_TC-UN-f1-5-penalty3l,67,train_candidate_invalid_probability_mass,0,1780679068260,0.0020448536830395313
learn,EOPKG,EOPKGTopologyConditioned,ebdfb988ea654392a4a4fc270f9e7c71,854778689611649472,_EOPKG_TC-UN-f1-5-penalty3l-67_loan_v1_v5_simulated_GATv2,_EOPKG_TC-UN-f1-5-penalty3l,67,train_candidate_invalid_probability_mass,0,1780679431958,0.0020448180055375313
learn,EOPKG,EOPKGTopologyConditioned,ebdfb988ea654392a4a4fc270f9e7c71,854778689611649472,_EOPKG_TC-UN-f1-5-penalty3l-67_loan_v1_v5_simulated_GATv2,_EOPKG_TC-UN-f1-5-penalty3l,67,train_candidate_invalid_probability_mass,0,1780679431958,0.0020448180055375313
learn,EOPKG,EOPKGTopologyConditioned,ebdfb988ea654392a4a4fc270f9e7c71,854778689611649472,_EOPKG_TC-UN-f1-5-penalty3l-67_loan_v1_v5_simulated_GATv2,_EOPKG_TC-UN-f1-5-penalty3l,67,train_candidate_invalid_probability_mass,0,1780679732536,0.00199641686100187
learn,EOPKG,EOPKGTopologyConditioned,ebdfb988ea654392a4a4fc270f9e7c71,854778689611649472,_EOPKG_TC-UN-f1-5-penalty3l-67_loan_v1_v5_simulated_GATv2,_EOPKG_TC-UN-f1-5-penalty3l,67,train_candidate_invalid_probability_mass,0,1780679732536,0.00199641686100187
learn,EOPKG,EOPKGTopologyConditioned,ebdfb988ea654392a4a4fc270f9e7c71,854778689611649472,_EOPKG_TC-UN-f1-5-penalty3l-67_loan_v1_v5_simulated_GATv2,_EOPKG_TC-UN-f1-5-penalty3l,67,train_candidate_invalid_probability_mass,0,1780679996432,0.001844487980069942
learn,EOPKG,EOPKGTopologyConditioned,ebdfb988ea654392a4a4fc270f9e7c71,854778689611649472,_EOPKG_TC-UN-f1-5-penalty3l-67_loan_v1_v5_simulated_GATv2,_EOPKG_TC-UN-f1-5-penalty3l,67,train_candidate_invalid_probability_mass,0,1780679996432,0.001844487980069942
learn,EOPKG,EOPKGTopologyConditioned,ebdfb988ea654392a4a4fc270f9e7c71,854778689611649472,_EOPKG_TC-UN-f1-5-penalty3l-67_loan_v1_v5_simulated_GATv2,_EOPKG_TC-UN-f1-5-penalty3l,67,train_candidate_invalid_probability_mass,0,1780680264335,0.0018243624836436676
learn,EOPKG,EOPKGTopologyConditioned,ebdfb988ea654392a4a4fc270f9e7c71,854778689611649472,_EOPKG_TC-UN-f1-5-penalty3l-67_loan_v1_v5_simulated_GATv2,_EOPKG_TC-UN-f1-5-penalty3l,67,train_candidate_invalid_probability_mass,0,1780680264335,0.0018243624836436676
learn,EOPKG,EOPKGTopologyConditioned,ebdfb988ea654392a4a4fc270f9e7c71,854778689611649472,_EOPKG_TC-UN-f1-5-penalty3l-67_loan_v1_v5_simulated_GATv2,_EOPKG_TC-UN-f1-5-penalty3l,67,train_candidate_invalid_probability_mass,0,1780680518537,0.0018762800831326235
learn,EOPKG,EOPKGTopologyConditioned,ebdfb988ea654392a4a4fc270f9e7c71,854778689611649472,_EOPKG_TC-UN-f1-5-penalty3l-67_loan_v1_v5_simulated_GATv2,_EOPKG_TC-UN-f1-5-penalty3l,67,train_candidate_invalid_probability_mass,0,1780680518537,0.0018762800831326235
learn,EOPKG,EOPKGTopologyConditioned,ebdfb988ea654392a4a4fc270f9e7c71,854778689611649472,_EOPKG_TC-UN-f1-5-penalty3l-67_loan_v1_v5_simulated_GATv2,_EOPKG_TC-UN-f1-5-penalty3l,67,train_candidate_invalid_probability_mass,0,1780680773493,0.0019480295230179954
learn,EOPKG,EOPKGTopologyConditioned,ebdfb988ea654392a4a4fc270f9e7c71,854778689611649472,_EOPKG_TC-UN-f1-5-penalty3l-67_loan_v1_v5_simulated_GATv2,_EOPKG_TC-UN-f1-5-penalty3l,67,train_candidate_invalid_probability_mass,0,1780680773493,0.0019480295230179954
learn,EOPKG,EOPKGTopologyConditioned,ebdfb988ea654392a4a4fc270f9e7c71,854778689611649472,_EOPKG_TC-UN-f1-5-penalty3l-67_loan_v1_v5_simulated_GATv2,_EOPKG_TC-UN-f1-5-penalty3l,67,train_candidate_invalid_probability_mass,0,1780681030063,0.001913278190965434
learn,EOPKG,EOPKGTopologyConditioned,ebdfb988ea654392a4a4fc270f9e7c71,854778689611649472,_EOPKG_TC-UN-f1-5-penalty3l-67_loan_v1_v5_simulated_GATv2,_EOPKG_TC-UN-f1-5-penalty3l,67,train_candidate_invalid_probability_mass,0,1780681030063,0.001913278190965434
learn,EOPKG,EOPKGTopologyConditioned,ebdfb988ea654392a4a4fc270f9e7c71,854778689611649472,_EOPKG_TC-UN-f1-5-penalty3l-67_loan_v1_v5_simulated_GATv2,_EOPKG_TC-UN-f1-5-penalty3l,67,train_candidate_invalid_probability_mass,0,1780681353937,0.0016733863797140217
learn,EOPKG,EOPKGTopologyConditioned,ebdfb988ea654392a4a4fc270f9e7c71,854778689611649472,_EOPKG_TC-UN-f1-5-penalty3l-67_loan_v1_v5_simulated_GATv2,_EOPKG_TC-UN-f1-5-penalty3l,67,train_candidate_invalid_probability_mass,0,1780681353937,0.0016733863797140217
learn,EOPKG,EOPKGTopologyConditioned,ebdfb988ea654392a4a4fc270f9e7c71,854778689611649472,_EOPKG_TC-UN-f1-5-penalty3l-67_loan_v1_v5_simulated_GATv2,_EOPKG_TC-UN-f1-5-penalty3l,67,train_candidate_invalid_probability_mass,0,1780681706660,0.0017310040233921799
learn,EOPKG,EOPKGTopologyConditioned,ebdfb988ea654392a4a4fc270f9e7c71,854778689611649472,_EOPKG_TC-UN-f1-5-penalty3l-67_loan_v1_v5_simulated_GATv2,_EOPKG_TC-UN-f1-5-penalty3l,67,train_candidate_invalid_probability_mass,0,1780681706660,0.0017310040233921799
learn,EOPKG,EOPKGTopologyConditioned,ebdfb988ea654392a4a4fc270f9e7c71,854778689611649472,_EOPKG_TC-UN-f1-5-penalty3l-67_loan_v1_v5_simulated_GATv2,_EOPKG_TC-UN-f1-5-penalty3l,67,train_candidate_invalid_probability_mass,0,1780682217837,0.0018943637933927057
learn,EOPKG,EOPKGTopologyConditioned,ebdfb988ea654392a4a4fc270f9e7c71,854778689611649472,_EOPKG_TC-UN-f1-5-penalty3l-67_loan_v1_v5_simulated_GATv2,_EOPKG_TC-UN-f1-5-penalty3l,67,train_candidate_invalid_probability_mass,0,1780682217837,0.0018943637933927057
learn,EOPKG,EOPKGTopologyConditioned,ebdfb988ea654392a4a4fc270f9e7c71,854778689611649472,_EOPKG_TC-UN-f1-5-penalty3l-67_loan_v1_v5_simulated_GATv2,_EOPKG_TC-UN-f1-5-penalty3l,67,train_candidate_invalid_probability_mass,0,1780682639727,0.001621334911257455
learn,EOPKG,EOPKGTopologyConditioned,ebdfb988ea654392a4a4fc270f9e7c71,854778689611649472,_EOPKG_TC-UN-f1-5-penalty3l-67_loan_v1_v5_simulated_GATv2,_EOPKG_TC-UN-f1-5-penalty3l,67,train_candidate_invalid_probability_mass,0,1780682639727,0.001621334911257455
learn,EOPKG,EOPKGTopologyConditioned,ebdfb988ea654392a4a4fc270f9e7c71,854778689611649472,_EOPKG_TC-UN-f1-5-penalty3l-67_loan_v1_v5_simulated_GATv2,_EOPKG_TC-UN-f1-5-penalty3l,67,train_candidate_invalid_probability_mass,0,1780682918219,0.0018286480346160817
learn,EOPKG,EOPKGTopologyConditioned,ebdfb988ea654392a4a4fc270f9e7c71,854778689611649472,_EOPKG_TC-UN-f1-5-penalty3l-67_loan_v1_v5_simulated_GATv2,_EOPKG_TC-UN-f1-5-penalty3l,67,train_candidate_invalid_probability_mass,0,1780682918219,0.0018286480346160817
learn,EOPKG,EOPKGTopologyConditioned,ebdfb988ea654392a4a4fc270f9e7c71,854778689611649472,_EOPKG_TC-UN-f1-5-penalty3l-67_loan_v1_v5_simulated_GATv2,_EOPKG_TC-UN-f1-5-penalty3l,67,train_candidate_invalid_probability_mass,0,1780683219275,0.0016495707797053877
learn,EOPKG,EOPKGTopologyConditioned,ebdfb988ea654392a4a4fc270f9e7c71,854778689611649472,_EOPKG_TC-UN-f1-5-penalty3l-67_loan_v1_v5_simulated_GATv2,_EOPKG_TC-UN-f1-5-penalty3l,67,train_candidate_invalid_probability_mass,0,1780683219275,0.0016495707797053877
learn,EOPKG,EOPKGTopologyConditioned,ebdfb988ea654392a4a4fc270f9e7c71,854778689611649472,_EOPKG_TC-UN-f1-5-penalty3l-67_loan_v1_v5_simulated_GATv2,_EOPKG_TC-UN-f1-5-penalty3l,67,train_candidate_invalid_probability_mass,0,1780683566412,0.0018119803897811422
learn,EOPKG,EOPKGTopologyConditioned,ebdfb988ea654392a4a4fc270f9e7c71,854778689611649472,_EOPKG_TC-UN-f1-5-penalty3l-67_loan_v1_v5_simulated_GATv2,_EOPKG_TC-UN-f1-5-penalty3l,67,train_candidate_invalid_probability_mass,0,1780683566412,0.0018119803897811422
learn,EOPKG,EOPKGTopologyConditioned,ebdfb988ea654392a4a4fc270f9e7c71,854778689611649472,_EOPKG_TC-UN-f1-5-penalty3l-67_loan_v1_v5_simulated_GATv2,_EOPKG_TC-UN-f1-5-penalty3l,67,train_candidate_invalid_probability_mass,0,1780683880938,0.00171961378945972
learn,EOPKG,EOPKGTopologyConditioned,ebdfb988ea654392a4a4fc270f9e7c71,854778689611649472,_EOPKG_TC-UN-f1-5-penalty3l-67_loan_v1_v5_simulated_GATv2,_EOPKG_TC-UN-f1-5-penalty3l,67,train_candidate_invalid_probability_mass,0,1780683880938,0.00171961378945972
learn,EOPKG,EOPKGTopologyConditioned,ebdfb988ea654392a4a4fc270f9e7c71,854778689611649472,_EOPKG_TC-UN-f1-5-penalty3l-67_loan_v1_v5_simulated_GATv2,_EOPKG_TC-UN-f1-5-penalty3l,67,train_candidate_invalid_probability_mass,0,1780684194417,0.0017414038598967572
learn,EOPKG,EOPKGTopologyConditioned,ebdfb988ea654392a4a4fc270f9e7c71,854778689611649472,_EOPKG_TC-UN-f1-5-penalty3l-67_loan_v1_v5_simulated_GATv2,_EOPKG_TC-UN-f1-5-penalty3l,67,train_candidate_invalid_probability_mass,0,1780684194417,0.0017414038598967572
learn,EOPKG,EOPKGTopologyConditioned,ebdfb988ea654392a4a4fc270f9e7c71,854778689611649472,_EOPKG_TC-UN-f1-5-penalty3l-67_loan_v1_v5_simulated_GATv2,_EOPKG_TC-UN-f1-5-penalty3l,67,train_candidate_invalid_probability_mass,0,1780684516089,0.0017787765521191162
learn,EOPKG,EOPKGTopologyConditioned,ebdfb988ea654392a4a4fc270f9e7c71,854778689611649472,_EOPKG_TC-UN-f1-5-penalty3l-67_loan_v1_v5_simulated_GATv2,_EOPKG_TC-UN-f1-5-penalty3l,67,train_candidate_invalid_probability_mass,0,1780684516089,0.0017787765521191162
learn,EOPKG,EOPKGTopologyConditioned,ebdfb988ea654392a4a4fc270f9e7c71,854778689611649472,_EOPKG_TC-UN-f1-5-penalty3l-67_loan_v1_v5_simulated_GATv2,_EOPKG_TC-UN-f1-5-penalty3l,67,train_candidate_invalid_probability_mass,0,1780684787589,0.0016122160773981208
learn,EOPKG,EOPKGTopologyConditioned,ebdfb988ea654392a4a4fc270f9e7c71,854778689611649472,_EOPKG_TC-UN-f1-5-penalty3l-67_loan_v1_v5_simulated_GATv2,_EOPKG_TC-UN-f1-5-penalty3l,67,train_candidate_invalid_probability_mass,0,1780684787589,0.0016122160773981208
learn,EOPKG,EOPKGTopologyConditioned,ebdfb988ea654392a4a4fc270f9e7c71,854778689611649472,_EOPKG_TC-UN-f1-5-penalty3l-67_loan_v1_v5_simulated_GATv2,_EOPKG_TC-UN-f1-5-penalty3l,67,train_candidate_invalid_probability_mass,0,1780685047389,0.0017190280287868575
learn,EOPKG,EOPKGTopologyConditioned,ebdfb988ea654392a4a4fc270f9e7c71,854778689611649472,_EOPKG_TC-UN-f1-5-penalty3l-67_loan_v1_v5_simulated_GATv2,_EOPKG_TC-UN-f1-5-penalty3l,67,train_candidate_invalid_probability_mass,0,1780685047389,0.0017190280287868575
learn,EOPKG,EOPKGTopologyConditioned,ebdfb988ea654392a4a4fc270f9e7c71,854778689611649472,_EOPKG_TC-UN-f1-5-penalty3l-67_loan_v1_v5_simulated_GATv2,_EOPKG_TC-UN-f1-5-penalty3l,67,train_candidate_invalid_probability_mass,0,1780685302572,0.0016047964413910926
learn,EOPKG,EOPKGTopologyConditioned,ebdfb988ea654392a4a4fc270f9e7c71,854778689611649472,_EOPKG_TC-UN-f1-5-penalty3l-67_loan_v1_v5_simulated_GATv2,_EOPKG_TC-UN-f1-5-penalty3l,67,train_candidate_invalid_probability_mass,0,1780685302572,0.0016047964413910926
learn,EOPKG,EOPKGTopologyConditioned,ebdfb988ea654392a4a4fc270f9e7c71,854778689611649472,_EOPKG_TC-UN-f1-5-penalty3l-67_loan_v1_v5_simulated_GATv2,_EOPKG_TC-UN-f1-5-penalty3l,67,train_candidate_invalid_probability_mass,0,1780685556624,0.0016661200418180693
learn,EOPKG,EOPKGTopologyConditioned,ebdfb988ea654392a4a4fc270f9e7c71,854778689611649472,_EOPKG_TC-UN-f1-5-penalty3l-67_loan_v1_v5_simulated_GATv2,_EOPKG_TC-UN-f1-5-penalty3l,67,train_candidate_invalid_probability_mass,0,1780685556624,0.0016661200418180693
learn,EOPKG,EOPKGTopologyConditioned,ebdfb988ea654392a4a4fc270f9e7c71,854778689611649472,_EOPKG_TC-UN-f1-5-penalty3l-67_loan_v1_v5_simulated_GATv2,_EOPKG_TC-UN-f1-5-penalty3l,67,train_candidate_invalid_probability_mass,0,1780685810956,0.001715763282221083
learn,EOPKG,EOPKGTopologyConditioned,ebdfb988ea654392a4a4fc270f9e7c71,854778689611649472,_EOPKG_TC-UN-f1-5-penalty3l-67_loan_v1_v5_simulated_GATv2,_EOPKG_TC-UN-f1-5-penalty3l,67,train_candidate_invalid_probability_mass,0,1780685810956,0.001715763282221083
learn,EOPKG,EOPKGTopologyConditioned,ebdfb988ea654392a4a4fc270f9e7c71,854778689611649472,_EOPKG_TC-UN-f1-5-penalty3l-67_loan_v1_v5_simulated_GATv2,_EOPKG_TC-UN-f1-5-penalty3l,67,train_candidate_invalid_probability_mass,0,1780686073622,0.0016800452596844812
learn,EOPKG,EOPKGTopologyConditioned,ebdfb988ea654392a4a4fc270f9e7c71,854778689611649472,_EOPKG_TC-UN-f1-5-penalty3l-67_loan_v1_v5_simulated_GATv2,_EOPKG_TC-UN-f1-5-penalty3l,67,train_candidate_invalid_probability_mass,0,1780686073622,0.0016800452596844812
learn,EOPKG-WI,EOPKGTopologyConditionedWI,65fb28926d0d45709ad89ec7cf9aef59,854778689611649472,_EOPKG_WI-UN-f1-5-32_loan_v1_v5_simulated_GATv2,_EOPKG_WI-UN-f1-5,32,train_candidate_invalid_probability_mass,0,1781533351957,0.5619449318402902
learn,EOPKG-WI,EOPKGTopologyConditionedWI,65fb28926d0d45709ad89ec7cf9aef59,854778689611649472,_EOPKG_WI-UN-f1-5-32_loan_v1_v5_simulated_GATv2,_EOPKG_WI-UN-f1-5,32,train_candidate_invalid_probability_mass,0,1781533351957,0.5619449318402902
learn,EOPKG-WI,EOPKGTopologyConditionedWI,65fb28926d0d45709ad89ec7cf9aef59,854778689611649472,_EOPKG_WI-UN-f1-5-32_loan_v1_v5_simulated_GATv2,_EOPKG_WI-UN-f1-5,32,train_candidate_invalid_probability_mass,0,1781533724161,0.43634037074110277
learn,EOPKG-WI,EOPKGTopologyConditionedWI,65fb28926d0d45709ad89ec7cf9aef59,854778689611649472,_EOPKG_WI-UN-f1-5-32_loan_v1_v5_simulated_GATv2,_EOPKG_WI-UN-f1-5,32,train_candidate_invalid_probability_mass,0,1781533724161,0.43634037074110277
learn,EOPKG-WI,EOPKGTopologyConditionedWI,65fb28926d0d45709ad89ec7cf9aef59,854778689611649472,_EOPKG_WI-UN-f1-5-32_loan_v1_v5_simulated_GATv2,_EOPKG_WI-UN-f1-5,32,train_candidate_invalid_probability_mass,0,1781534086417,0.40149858923235077
learn,EOPKG-WI,EOPKGTopologyConditionedWI,65fb28926d0d45709ad89ec7cf9aef59,854778689611649472,_EOPKG_WI-UN-f1-5-32_loan_v1_v5_simulated_GATv2,_EOPKG_WI-UN-f1-5,32,train_candidate_invalid_probability_mass,0,1781534086417,0.40149858923235077
learn,EOPKG-WI,EOPKGTopologyConditionedWI,65fb28926d0d45709ad89ec7cf9aef59,854778689611649472,_EOPKG_WI-UN-f1-5-32_loan_v1_v5_simulated_GATv2,_EOPKG_WI-UN-f1-5,32,train_candidate_invalid_probability_mass,0,1781534483195,0.3807616569990194
learn,EOPKG-WI,EOPKGTopologyConditionedWI,65fb28926d0d45709ad89ec7cf9aef59,854778689611649472,_EOPKG_WI-UN-f1-5-32_loan_v1_v5_simulated_GATv2,_EOPKG_WI-UN-f1-5,32,train_candidate_invalid_probability_mass,0,1781534483195,0.3807616569990194
learn,EOPKG-WI,EOPKGTopologyConditionedWI,65fb28926d0d45709ad89ec7cf9aef59,854778689611649472,_EOPKG_WI-UN-f1-5-32_loan_v1_v5_simulated_GATv2,_EOPKG_WI-UN-f1-5,32,train_candidate_invalid_probability_mass,0,1781534686834,0.3692256621838753
learn,EOPKG-WI,EOPKGTopologyConditionedWI,65fb28926d0d45709ad89ec7cf9aef59,854778689611649472,_EOPKG_WI-UN-f1-5-32_loan_v1_v5_simulated_GATv2,_EOPKG_WI-UN-f1-5,32,train_candidate_invalid_probability_mass,0,1781534686834,0.3692256621838753
learn,EOPKG-WI,EOPKGTopologyConditionedWI,65fb28926d0d45709ad89ec7cf9aef59,854778689611649472,_EOPKG_WI-UN-f1-5-32_loan_v1_v5_simulated_GATv2,_EOPKG_WI-UN-f1-5,32,train_candidate_invalid_probability_mass,0,1781534842236,0.35980715959174453
learn,EOPKG-WI,EOPKGTopologyConditionedWI,65fb28926d0d45709ad89ec7cf9aef59,854778689611649472,_EOPKG_WI-UN-f1-5-32_loan_v1_v5_simulated_GATv2,_EOPKG_WI-UN-f1-5,32,train_candidate_invalid_probability_mass,0,1781534842236,0.35980715959174453
learn,EOPKG-WI,EOPKGTopologyConditionedWI,65fb28926d0d45709ad89ec7cf9aef59,854778689611649472,_EOPKG_WI-UN-f1-5-32_loan_v1_v5_simulated_GATv2,_EOPKG_WI-UN-f1-5,32,train_candidate_invalid_probability_mass,0,1781535119095,0.3579753772348213
learn,EOPKG-WI,EOPKGTopologyConditionedWI,65fb28926d0d45709ad89ec7cf9aef59,854778689611649472,_EOPKG_WI-UN-f1-5-32_loan_v1_v5_simulated_GATv2,_EOPKG_WI-UN-f1-5,32,train_candidate_invalid_probability_mass,0,1781535119095,0.3579753772348213
learn,EOPKG-WI,EOPKGTopologyConditionedWI,65fb28926d0d45709ad89ec7cf9aef59,854778689611649472,_EOPKG_WI-UN-f1-5-32_loan_v1_v5_simulated_GATv2,_EOPKG_WI-UN-f1-5,32,train_candidate_invalid_probability_mass,0,1781535486235,0.3452822220628705
learn,EOPKG-WI,EOPKGTopologyConditionedWI,65fb28926d0d45709ad89ec7cf9aef59,854778689611649472,_EOPKG_WI-UN-f1-5-32_loan_v1_v5_simulated_GATv2,_EOPKG_WI-UN-f1-5,32,train_candidate_invalid_probability_mass,0,1781535486235,0.3452822220628705
learn,EOPKG-WI,EOPKGTopologyConditionedWI,65fb28926d0d45709ad89ec7cf9aef59,854778689611649472,_EOPKG_WI-UN-f1-5-32_loan_v1_v5_simulated_GATv2,_EOPKG_WI-UN-f1-5,32,train_candidate_invalid_probability_mass,0,1781535767409,0.3401357895666541
learn,EOPKG-WI,EOPKGTopologyConditionedWI,65fb28926d0d45709ad89ec7cf9aef59,854778689611649472,_EOPKG_WI-UN-f1-5-32_loan_v1_v5_simulated_GATv2,_EOPKG_WI-UN-f1-5,32,train_candidate_invalid_probability_mass,0,1781535767409,0.3401357895666541
learn,EOPKG-WI,EOPKGTopologyConditionedWI,65fb28926d0d45709ad89ec7cf9aef59,854778689611649472,_EOPKG_WI-UN-f1-5-32_loan_v1_v5_simulated_GATv2,_EOPKG_WI-UN-f1-5,32,train_candidate_invalid_probability_mass,0,1781535910321,0.33091332527715567
learn,EOPKG-WI,EOPKGTopologyConditionedWI,65fb28926d0d45709ad89ec7cf9aef59,854778689611649472,_EOPKG_WI-UN-f1-5-32_loan_v1_v5_simulated_GATv2,_EOPKG_WI-UN-f1-5,32,train_candidate_invalid_probability_mass,0,1781535910321,0.33091332527715567
learn,EOPKG-WI,EOPKGTopologyConditionedWI,65fb28926d0d45709ad89ec7cf9aef59,854778689611649472,_EOPKG_WI-UN-f1-5-32_loan_v1_v5_simulated_GATv2,_EOPKG_WI-UN-f1-5,32,train_candidate_invalid_probability_mass,0,1781536188602,0.32458052385023933
learn,EOPKG-WI,EOPKGTopologyConditionedWI,65fb28926d0d45709ad89ec7cf9aef59,854778689611649472,_EOPKG_WI-UN-f1-5-32_loan_v1_v5_simulated_GATv2,_EOPKG_WI-UN-f1-5,32,train_candidate_invalid_probability_mass,0,1781536188602,0.32458052385023933
learn,EOPKG-WI,EOPKGTopologyConditionedWI,65fb28926d0d45709ad89ec7cf9aef59,854778689611649472,_EOPKG_WI-UN-f1-5-32_loan_v1_v5_simulated_GATv2,_EOPKG_WI-UN-f1-5,32,train_candidate_invalid_probability_mass,0,1781536425769,0.317487659936679
learn,EOPKG-WI,EOPKGTopologyConditionedWI,65fb28926d0d45709ad89ec7cf9aef59,854778689611649472,_EOPKG_WI-UN-f1-5-32_loan_v1_v5_simulated_GATv2,_EOPKG_WI-UN-f1-5,32,train_candidate_invalid_probability_mass,0,1781536425769,0.317487659936679
learn,EOPKG-WI,EOPKGTopologyConditionedWI,65fb28926d0d45709ad89ec7cf9aef59,854778689611649472,_EOPKG_WI-UN-f1-5-32_loan_v1_v5_simulated_GATv2,_EOPKG_WI-UN-f1-5,32,train_candidate_invalid_probability_mass,0,1781536619148,0.32264773696897897
learn,EOPKG-WI,EOPKGTopologyConditionedWI,65fb28926d0d45709ad89ec7cf9aef59,854778689611649472,_EOPKG_WI-UN-f1-5-32_loan_v1_v5_simulated_GATv2,_EOPKG_WI-UN-f1-5,32,train_candidate_invalid_probability_mass,0,1781536619148,0.32264773696897897
learn,EOPKG-WI,EOPKGTopologyConditionedWI,65fb28926d0d45709ad89ec7cf9aef59,854778689611649472,_EOPKG_WI-UN-f1-5-32_loan_v1_v5_simulated_GATv2,_EOPKG_WI-UN-f1-5,32,train_candidate_invalid_probability_mass,0,1781536791890,0.30816171921209234
learn,EOPKG-WI,EOPKGTopologyConditionedWI,65fb28926d0d45709ad89ec7cf9aef59,854778689611649472,_EOPKG_WI-UN-f1-5-32_loan_v1_v5_simulated_GATv2,_EOPKG_WI-UN-f1-5,32,train_candidate_invalid_probability_mass,0,1781536791890,0.30816171921209234
learn,EOPKG-WI,EOPKGTopologyConditionedWI,65fb28926d0d45709ad89ec7cf9aef59,854778689611649472,_EOPKG_WI-UN-f1-5-32_loan_v1_v5_simulated_GATv2,_EOPKG_WI-UN-f1-5,32,train_candidate_invalid_probability_mass,0,1781536948909,0.30279467969137835
learn,EOPKG-WI,EOPKGTopologyConditionedWI,65fb28926d0d45709ad89ec7cf9aef59,854778689611649472,_EOPKG_WI-UN-f1-5-32_loan_v1_v5_simulated_GATv2,_EOPKG_WI-UN-f1-5,32,train_candidate_invalid_probability_mass,0,1781536948909,0.30279467969137835
learn,EOPKG-WI,EOPKGTopologyConditionedWI,65fb28926d0d45709ad89ec7cf9aef59,854778689611649472,_EOPKG_WI-UN-f1-5-32_loan_v1_v5_simulated_GATv2,_EOPKG_WI-UN-f1-5,32,train_candidate_invalid_probability_mass,0,1781537084939,0.3045454676750165
learn,EOPKG-WI,EOPKGTopologyConditionedWI,65fb28926d0d45709ad89ec7cf9aef59,854778689611649472,_EOPKG_WI-UN-f1-5-32_loan_v1_v5_simulated_GATv2,_EOPKG_WI-UN-f1-5,32,train_candidate_invalid_probability_mass,0,1781537084939,0.3045454676750165
learn,EOPKG-WI,EOPKGTopologyConditionedWI,65fb28926d0d45709ad89ec7cf9aef59,854778689611649472,_EOPKG_WI-UN-f1-5-32_loan_v1_v5_simulated_GATv2,_EOPKG_WI-UN-f1-5,32,train_candidate_invalid_probability_mass,0,1781537399616,0.2973883034978269
learn,EOPKG-WI,EOPKGTopologyConditionedWI,65fb28926d0d45709ad89ec7cf9aef59,854778689611649472,_EOPKG_WI-UN-f1-5-32_loan_v1_v5_simulated_GATv2,_EOPKG_WI-UN-f1-5,32,train_candidate_invalid_probability_mass,0,1781537399616,0.2973883034978269
learn,EOPKG-WI,EOPKGTopologyConditionedWI,65fb28926d0d45709ad89ec7cf9aef59,854778689611649472,_EOPKG_WI-UN-f1-5-32_loan_v1_v5_simulated_GATv2,_EOPKG_WI-UN-f1-5,32,train_candidate_invalid_probability_mass,0,1781537608671,0.2938900197395649
learn,EOPKG-WI,EOPKGTopologyConditionedWI,65fb28926d0d45709ad89ec7cf9aef59,854778689611649472,_EOPKG_WI-UN-f1-5-32_loan_v1_v5_simulated_GATv2,_EOPKG_WI-UN-f1-5,32,train_candidate_invalid_probability_mass,0,1781537608671,0.2938900197395649
learn,EOPKG-WI,EOPKGTopologyConditionedWI,65fb28926d0d45709ad89ec7cf9aef59,854778689611649472,_EOPKG_WI-UN-f1-5-32_loan_v1_v5_simulated_GATv2,_EOPKG_WI-UN-f1-5,32,train_candidate_invalid_probability_mass,0,1781537812893,0.28815153478059935
learn,EOPKG-WI,EOPKGTopologyConditionedWI,65fb28926d0d45709ad89ec7cf9aef59,854778689611649472,_EOPKG_WI-UN-f1-5-32_loan_v1_v5_simulated_GATv2,_EOPKG_WI-UN-f1-5,32,train_candidate_invalid_probability_mass,0,1781537812893,0.28815153478059935
learn,EOPKG-WI,EOPKGTopologyConditionedWI,65fb28926d0d45709ad89ec7cf9aef59,854778689611649472,_EOPKG_WI-UN-f1-5-32_loan_v1_v5_simulated_GATv2,_EOPKG_WI-UN-f1-5,32,train_candidate_invalid_probability_mass,0,1781537948580,0.2895793208351954
learn,EOPKG-WI,EOPKGTopologyConditionedWI,65fb28926d0d45709ad89ec7cf9aef59,854778689611649472,_EOPKG_WI-UN-f1-5-32_loan_v1_v5_simulated_GATv2,_EOPKG_WI-UN-f1-5,32,train_candidate_invalid_probability_mass,0,1781537948580,0.2895793208351954
learn,EOPKG-WI,EOPKGTopologyConditionedWI,65fb28926d0d45709ad89ec7cf9aef59,854778689611649472,_EOPKG_WI-UN-f1-5-32_loan_v1_v5_simulated_GATv2,_EOPKG_WI-UN-f1-5,32,train_candidate_invalid_probability_mass,0,1781538137917,0.28751671690914327
learn,EOPKG-WI,EOPKGTopologyConditionedWI,65fb28926d0d45709ad89ec7cf9aef59,854778689611649472,_EOPKG_WI-UN-f1-5-32_loan_v1_v5_simulated_GATv2,_EOPKG_WI-UN-f1-5,32,train_candidate_invalid_probability_mass,0,1781538137917,0.28751671690914327
learn,EOPKG-WI,EOPKGTopologyConditionedWI,65fb28926d0d45709ad89ec7cf9aef59,854778689611649472,_EOPKG_WI-UN-f1-5-32_loan_v1_v5_simulated_GATv2,_EOPKG_WI-UN-f1-5,32,train_candidate_invalid_probability_mass,0,1781538299203,0.2857034892459742
learn,EOPKG-WI,EOPKGTopologyConditionedWI,65fb28926d0d45709ad89ec7cf9aef59,854778689611649472,_EOPKG_WI-UN-f1-5-32_loan_v1_v5_simulated_GATv2,_EOPKG_WI-UN-f1-5,32,train_candidate_invalid_probability_mass,0,1781538299203,0.2857034892459742
learn,EOPKG-WI,EOPKGTopologyConditionedWI,65fb28926d0d45709ad89ec7cf9aef59,854778689611649472,_EOPKG_WI-UN-f1-5-32_loan_v1_v5_simulated_GATv2,_EOPKG_WI-UN-f1-5,32,train_candidate_invalid_probability_mass,0,1781538420780,0.2894273205809828
learn,EOPKG-WI,EOPKGTopologyConditionedWI,65fb28926d0d45709ad89ec7cf9aef59,854778689611649472,_EOPKG_WI-UN-f1-5-32_loan_v1_v5_simulated_GATv2,_EOPKG_WI-UN-f1-5,32,train_candidate_invalid_probability_mass,0,1781538420780,0.2894273205809828
learn,EOPKG-WI,EOPKGTopologyConditionedWI,65fb28926d0d45709ad89ec7cf9aef59,854778689611649472,_EOPKG_WI-UN-f1-5-32_loan_v1_v5_simulated_GATv2,_EOPKG_WI-UN-f1-5,32,train_candidate_invalid_probability_mass,0,1781538545311,0.2858329260150276
learn,EOPKG-WI,EOPKGTopologyConditionedWI,65fb28926d0d45709ad89ec7cf9aef59,854778689611649472,_EOPKG_WI-UN-f1-5-32_loan_v1_v5_simulated_GATv2,_EOPKG_WI-UN-f1-5,32,train_candidate_invalid_probability_mass,0,1781538545311,0.2858329260150276
learn,EOPKG-WI,EOPKGTopologyConditionedWI,65fb28926d0d45709ad89ec7cf9aef59,854778689611649472,_EOPKG_WI-UN-f1-5-32_loan_v1_v5_simulated_GATv2,_EOPKG_WI-UN-f1-5,32,train_candidate_invalid_probability_mass,0,1781538655399,0.2861385027772861
learn,EOPKG-WI,EOPKGTopologyConditionedWI,65fb28926d0d45709ad89ec7cf9aef59,854778689611649472,_EOPKG_WI-UN-f1-5-32_loan_v1_v5_simulated_GATv2,_EOPKG_WI-UN-f1-5,32,train_candidate_invalid_probability_mass,0,1781538655399,0.2861385027772861
learn,EOPKG-WI,EOPKGTopologyConditionedWI,65fb28926d0d45709ad89ec7cf9aef59,854778689611649472,_EOPKG_WI-UN-f1-5-32_loan_v1_v5_simulated_GATv2,_EOPKG_WI-UN-f1-5,32,train_candidate_invalid_probability_mass,0,1781538775744,0.28212589411648353
learn,EOPKG-WI,EOPKGTopologyConditionedWI,65fb28926d0d45709ad89ec7cf9aef59,854778689611649472,_EOPKG_WI-UN-f1-5-32_loan_v1_v5_simulated_GATv2,_EOPKG_WI-UN-f1-5,32,train_candidate_invalid_probability_mass,0,1781538775744,0.28212589411648353
learn,EOPKG-WI,EOPKGTopologyConditionedWI,65fb28926d0d45709ad89ec7cf9aef59,854778689611649472,_EOPKG_WI-UN-f1-5-32_loan_v1_v5_simulated_GATv2,_EOPKG_WI-UN-f1-5,32,train_candidate_invalid_probability_mass,0,1781538916155,0.2804070506215285
learn,EOPKG-WI,EOPKGTopologyConditionedWI,65fb28926d0d45709ad89ec7cf9aef59,854778689611649472,_EOPKG_WI-UN-f1-5-32_loan_v1_v5_simulated_GATv2,_EOPKG_WI-UN-f1-5,32,train_candidate_invalid_probability_mass,0,1781538916155,0.2804070506215285
learn,EOPKG-WI,EOPKGTopologyConditionedWI,65fb28926d0d45709ad89ec7cf9aef59,854778689611649472,_EOPKG_WI-UN-f1-5-32_loan_v1_v5_simulated_GATv2,_EOPKG_WI-UN-f1-5,32,train_candidate_invalid_probability_mass,0,1781539074188,0.2827690363830527
learn,EOPKG-WI,EOPKGTopologyConditionedWI,65fb28926d0d45709ad89ec7cf9aef59,854778689611649472,_EOPKG_WI-UN-f1-5-32_loan_v1_v5_simulated_GATv2,_EOPKG_WI-UN-f1-5,32,train_candidate_invalid_probability_mass,0,1781539074188,0.2827690363830527
learn,EOPKG-WI,EOPKGTopologyConditionedWI,65fb28926d0d45709ad89ec7cf9aef59,854778689611649472,_EOPKG_WI-UN-f1-5-32_loan_v1_v5_simulated_GATv2,_EOPKG_WI-UN-f1-5,32,train_candidate_invalid_probability_mass,0,1781539242349,0.2831806633591841
learn,EOPKG-WI,EOPKGTopologyConditionedWI,65fb28926d0d45709ad89ec7cf9aef59,854778689611649472,_EOPKG_WI-UN-f1-5-32_loan_v1_v5_simulated_GATv2,_EOPKG_WI-UN-f1-5,32,train_candidate_invalid_probability_mass,0,1781539242349,0.2831806633591841
learn,EOPKG-WI,EOPKGTopologyConditionedWI,65fb28926d0d45709ad89ec7cf9aef59,854778689611649472,_EOPKG_WI-UN-f1-5-32_loan_v1_v5_simulated_GATv2,_EOPKG_WI-UN-f1-5,32,train_candidate_invalid_probability_mass,0,1781539401159,0.28336904893239845
learn,EOPKG-WI,EOPKGTopologyConditionedWI,65fb28926d0d45709ad89ec7cf9aef59,854778689611649472,_EOPKG_WI-UN-f1-5-32_loan_v1_v5_simulated_GATv2,_EOPKG_WI-UN-f1-5,32,train_candidate_invalid_probability_mass,0,1781539401159,0.28336904893239845
learn,EOPKG-WI,EOPKGTopologyConditionedWI,65fb28926d0d45709ad89ec7cf9aef59,854778689611649472,_EOPKG_WI-UN-f1-5-32_loan_v1_v5_simulated_GATv2,_EOPKG_WI-UN-f1-5,32,train_candidate_invalid_probability_mass,0,1781539528870,0.2766573835158386
learn,EOPKG-WI,EOPKGTopologyConditionedWI,65fb28926d0d45709ad89ec7cf9aef59,854778689611649472,_EOPKG_WI-UN-f1-5-32_loan_v1_v5_simulated_GATv2,_EOPKG_WI-UN-f1-5,32,train_candidate_invalid_probability_mass,0,1781539528870,0.2766573835158386
learn,EOPKG-WI,EOPKGTopologyConditionedWI,65fb28926d0d45709ad89ec7cf9aef59,854778689611649472,_EOPKG_WI-UN-f1-5-32_loan_v1_v5_simulated_GATv2,_EOPKG_WI-UN-f1-5,32,train_candidate_invalid_probability_mass,0,1781539647713,0.2809205338572091
learn,EOPKG-WI,EOPKGTopologyConditionedWI,65fb28926d0d45709ad89ec7cf9aef59,854778689611649472,_EOPKG_WI-UN-f1-5-32_loan_v1_v5_simulated_GATv2,_EOPKG_WI-UN-f1-5,32,train_candidate_invalid_probability_mass,0,1781539647713,0.2809205338572091
learn,EOPKG-WI,EOPKGTopologyConditionedWI,65fb28926d0d45709ad89ec7cf9aef59,854778689611649472,_EOPKG_WI-UN-f1-5-32_loan_v1_v5_simulated_GATv2,_EOPKG_WI-UN-f1-5,32,train_candidate_invalid_probability_mass,0,1781539776812,0.27991475662385334
learn,EOPKG-WI,EOPKGTopologyConditionedWI,65fb28926d0d45709ad89ec7cf9aef59,854778689611649472,_EOPKG_WI-UN-f1-5-32_loan_v1_v5_simulated_GATv2,_EOPKG_WI-UN-f1-5,32,train_candidate_invalid_probability_mass,0,1781539776812,0.27991475662385334
learn,EOPKG-WI,EOPKGTopologyConditionedWI,65fb28926d0d45709ad89ec7cf9aef59,854778689611649472,_EOPKG_WI-UN-f1-5-32_loan_v1_v5_simulated_GATv2,_EOPKG_WI-UN-f1-5,32,train_candidate_invalid_probability_mass,0,1781540021232,0.28082010365536936
learn,EOPKG-WI,EOPKGTopologyConditionedWI,65fb28926d0d45709ad89ec7cf9aef59,854778689611649472,_EOPKG_WI-UN-f1-5-32_loan_v1_v5_simulated_GATv2,_EOPKG_WI-UN-f1-5,32,train_candidate_invalid_probability_mass,0,1781540021232,0.28082010365536936
learn,EOPKG-WI,EOPKGTopologyConditionedWI,65fb28926d0d45709ad89ec7cf9aef59,854778689611649472,_EOPKG_WI-UN-f1-5-32_loan_v1_v5_simulated_GATv2,_EOPKG_WI-UN-f1-5,32,train_candidate_invalid_probability_mass,0,1781540229520,0.2736688865576715
learn,EOPKG-WI,EOPKGTopologyConditionedWI,65fb28926d0d45709ad89ec7cf9aef59,854778689611649472,_EOPKG_WI-UN-f1-5-32_loan_v1_v5_simulated_GATv2,_EOPKG_WI-UN-f1-5,32,train_candidate_invalid_probability_mass,0,1781540229520,0.2736688865576715
learn,EOPKG-WI,EOPKGTopologyConditionedWI,65fb28926d0d45709ad89ec7cf9aef59,854778689611649472,_EOPKG_WI-UN-f1-5-32_loan_v1_v5_simulated_GATv2,_EOPKG_WI-UN-f1-5,32,train_candidate_invalid_probability_mass,0,1781540350982,0.27727464502396
learn,EOPKG-WI,EOPKGTopologyConditionedWI,65fb28926d0d45709ad89ec7cf9aef59,854778689611649472,_EOPKG_WI-UN-f1-5-32_loan_v1_v5_simulated_GATv2,_EOPKG_WI-UN-f1-5,32,train_candidate_invalid_probability_mass,0,1781540350982,0.27727464502396
learn,EOPKG-WI,EOPKGTopologyConditionedWI,65fb28926d0d45709ad89ec7cf9aef59,854778689611649472,_EOPKG_WI-UN-f1-5-32_loan_v1_v5_simulated_GATv2,_EOPKG_WI-UN-f1-5,32,train_candidate_invalid_probability_mass,0,1781540511242,0.276189613820828
learn,EOPKG-WI,EOPKGTopologyConditionedWI,65fb28926d0d45709ad89ec7cf9aef59,854778689611649472,_EOPKG_WI-UN-f1-5-32_loan_v1_v5_simulated_GATv2,_EOPKG_WI-UN-f1-5,32,train_candidate_invalid_probability_mass,0,1781540511242,0.276189613820828
learn,EOPKG-WI,EOPKGTopologyConditionedWI,65fb28926d0d45709ad89ec7cf9aef59,854778689611649472,_EOPKG_WI-UN-f1-5-32_loan_v1_v5_simulated_GATv2,_EOPKG_WI-UN-f1-5,32,train_candidate_invalid_probability_mass,0,1781540771439,0.27837021416719465
learn,EOPKG-WI,EOPKGTopologyConditionedWI,65fb28926d0d45709ad89ec7cf9aef59,854778689611649472,_EOPKG_WI-UN-f1-5-32_loan_v1_v5_simulated_GATv2,_EOPKG_WI-UN-f1-5,32,train_candidate_invalid_probability_mass,0,1781540771439,0.27837021416719465
learn,EOPKG-WI,EOPKGTopologyConditionedWI,65fb28926d0d45709ad89ec7cf9aef59,854778689611649472,_EOPKG_WI-UN-f1-5-32_loan_v1_v5_simulated_GATv2,_EOPKG_WI-UN-f1-5,32,train_candidate_invalid_probability_mass,0,1781540886848,0.27471047253695885
learn,EOPKG-WI,EOPKGTopologyConditionedWI,65fb28926d0d45709ad89ec7cf9aef59,854778689611649472,_EOPKG_WI-UN-f1-5-32_loan_v1_v5_simulated_GATv2,_EOPKG_WI-UN-f1-5,32,train_candidate_invalid_probability_mass,0,1781540886848,0.27471047253695885
learn,EOPKG-WI,EOPKGTopologyConditionedWI,65fb28926d0d45709ad89ec7cf9aef59,854778689611649472,_EOPKG_WI-UN-f1-5-32_loan_v1_v5_simulated_GATv2,_EOPKG_WI-UN-f1-5,32,train_candidate_invalid_probability_mass,0,1781541002841,0.27413326748224814
learn,EOPKG-WI,EOPKGTopologyConditionedWI,65fb28926d0d45709ad89ec7cf9aef59,854778689611649472,_EOPKG_WI-UN-f1-5-32_loan_v1_v5_simulated_GATv2,_EOPKG_WI-UN-f1-5,32,train_candidate_invalid_probability_mass,0,1781541002841,0.27413326748224814
learn,EOPKG-WI,EOPKGTopologyConditionedWI,65fb28926d0d45709ad89ec7cf9aef59,854778689611649472,_EOPKG_WI-UN-f1-5-32_loan_v1_v5_simulated_GATv2,_EOPKG_WI-UN-f1-5,32,train_candidate_invalid_probability_mass,0,1781541111001,0.26991148717073643
learn,EOPKG-WI,EOPKGTopologyConditionedWI,65fb28926d0d45709ad89ec7cf9aef59,854778689611649472,_EOPKG_WI-UN-f1-5-32_loan_v1_v5_simulated_GATv2,_EOPKG_WI-UN-f1-5,32,train_candidate_invalid_probability_mass,0,1781541111001,0.26991148717073643
learn,EOPKG-WI,EOPKGTopologyConditionedWI,65fb28926d0d45709ad89ec7cf9aef59,854778689611649472,_EOPKG_WI-UN-f1-5-32_loan_v1_v5_simulated_GATv2,_EOPKG_WI-UN-f1-5,32,train_candidate_invalid_probability_mass,0,1781541231133,0.2744104671032895
learn,EOPKG-WI,EOPKGTopologyConditionedWI,65fb28926d0d45709ad89ec7cf9aef59,854778689611649472,_EOPKG_WI-UN-f1-5-32_loan_v1_v5_simulated_GATv2,_EOPKG_WI-UN-f1-5,32,train_candidate_invalid_probability_mass,0,1781541231133,0.2744104671032895
learn,EOPKG-WI,EOPKGTopologyConditionedWI,65fb28926d0d45709ad89ec7cf9aef59,854778689611649472,_EOPKG_WI-UN-f1-5-32_loan_v1_v5_simulated_GATv2,_EOPKG_WI-UN-f1-5,32,train_candidate_invalid_probability_mass,0,1781541344808,0.27109110489227056
learn,EOPKG-WI,EOPKGTopologyConditionedWI,65fb28926d0d45709ad89ec7cf9aef59,854778689611649472,_EOPKG_WI-UN-f1-5-32_loan_v1_v5_simulated_GATv2,_EOPKG_WI-UN-f1-5,32,train_candidate_invalid_probability_mass,0,1781541344808,0.27109110489227056
learn,EOPKG-WI,EOPKGTopologyConditionedWI,65fb28926d0d45709ad89ec7cf9aef59,854778689611649472,_EOPKG_WI-UN-f1-5-32_loan_v1_v5_simulated_GATv2,_EOPKG_WI-UN-f1-5,32,train_candidate_invalid_probability_mass,0,1781541454662,0.2725548592110317
learn,EOPKG-WI,EOPKGTopologyConditionedWI,65fb28926d0d45709ad89ec7cf9aef59,854778689611649472,_EOPKG_WI-UN-f1-5-32_loan_v1_v5_simulated_GATv2,_EOPKG_WI-UN-f1-5,32,train_candidate_invalid_probability_mass,0,1781541454662,0.2725548592110317
learn,EOPKG-WI,EOPKGTopologyConditionedWI,65fb28926d0d45709ad89ec7cf9aef59,854778689611649472,_EOPKG_WI-UN-f1-5-32_loan_v1_v5_simulated_GATv2,_EOPKG_WI-UN-f1-5,32,train_candidate_invalid_probability_mass,0,1781541566228,0.27353462022514524
learn,EOPKG-WI,EOPKGTopologyConditionedWI,65fb28926d0d45709ad89ec7cf9aef59,854778689611649472,_EOPKG_WI-UN-f1-5-32_loan_v1_v5_simulated_GATv2,_EOPKG_WI-UN-f1-5,32,train_candidate_invalid_probability_mass,0,1781541566228,0.27353462022514524
learn,EOPKG-WI,EOPKGTopologyConditionedWI,65fb28926d0d45709ad89ec7cf9aef59,854778689611649472,_EOPKG_WI-UN-f1-5-32_loan_v1_v5_simulated_GATv2,_EOPKG_WI-UN-f1-5,32,train_candidate_invalid_probability_mass,0,1781541678979,0.2673097321547461
learn,EOPKG-WI,EOPKGTopologyConditionedWI,65fb28926d0d45709ad89ec7cf9aef59,854778689611649472,_EOPKG_WI-UN-f1-5-32_loan_v1_v5_simulated_GATv2,_EOPKG_WI-UN-f1-5,32,train_candidate_invalid_probability_mass,0,1781541678979,0.2673097321547461
learn,EOPKG-WI,EOPKGTopologyConditionedWI,65fb28926d0d45709ad89ec7cf9aef59,854778689611649472,_EOPKG_WI-UN-f1-5-32_loan_v1_v5_simulated_GATv2,_EOPKG_WI-UN-f1-5,32,train_candidate_invalid_probability_mass,0,1781541787077,0.2731526741589196
learn,EOPKG-WI,EOPKGTopologyConditionedWI,65fb28926d0d45709ad89ec7cf9aef59,854778689611649472,_EOPKG_WI-UN-f1-5-32_loan_v1_v5_simulated_GATv2,_EOPKG_WI-UN-f1-5,32,train_candidate_invalid_probability_mass,0,1781541787077,0.2731526741589196
learn,EOPKG-WI,EOPKGTopologyConditionedWI,65fb28926d0d45709ad89ec7cf9aef59,854778689611649472,_EOPKG_WI-UN-f1-5-32_loan_v1_v5_simulated_GATv2,_EOPKG_WI-UN-f1-5,32,train_candidate_invalid_probability_mass,0,1781541892081,0.27133737187033047
learn,EOPKG-WI,EOPKGTopologyConditionedWI,65fb28926d0d45709ad89ec7cf9aef59,854778689611649472,_EOPKG_WI-UN-f1-5-32_loan_v1_v5_simulated_GATv2,_EOPKG_WI-UN-f1-5,32,train_candidate_invalid_probability_mass,0,1781541892081,0.27133737187033047
learn,EOPKG-WI,EOPKGTopologyConditionedWI,65fb28926d0d45709ad89ec7cf9aef59,854778689611649472,_EOPKG_WI-UN-f1-5-32_loan_v1_v5_simulated_GATv2,_EOPKG_WI-UN-f1-5,32,train_candidate_invalid_probability_mass,0,1781542001032,0.27040654494292404
learn,EOPKG-WI,EOPKGTopologyConditionedWI,65fb28926d0d45709ad89ec7cf9aef59,854778689611649472,_EOPKG_WI-UN-f1-5-32_loan_v1_v5_simulated_GATv2,_EOPKG_WI-UN-f1-5,32,train_candidate_invalid_probability_mass,0,1781542001032,0.27040654494292404
learn,EOPKG-WI,EOPKGTopologyConditionedWI,65fb28926d0d45709ad89ec7cf9aef59,854778689611649472,_EOPKG_WI-UN-f1-5-32_loan_v1_v5_simulated_GATv2,_EOPKG_WI-UN-f1-5,32,train_candidate_invalid_probability_mass,0,1781542106149,0.265595186116775
learn,EOPKG-WI,EOPKGTopologyConditionedWI,65fb28926d0d45709ad89ec7cf9aef59,854778689611649472,_EOPKG_WI-UN-f1-5-32_loan_v1_v5_simulated_GATv2,_EOPKG_WI-UN-f1-5,32,train_candidate_invalid_probability_mass,0,1781542106149,0.265595186116775
learn,EOPKG-WI,EOPKGTopologyConditionedWI,88e10c5c5b45467e935548e0decdf824,854778689611649472,_EOPKG_WI-UN-f1-5-78_loan_v1_v5_simulated_GATv2,_EOPKG_WI-UN-f1-5,78,train_candidate_invalid_probability_mass,0,1781092063013,0.557300016876245
learn,EOPKG-WI,EOPKGTopologyConditionedWI,88e10c5c5b45467e935548e0decdf824,854778689611649472,_EOPKG_WI-UN-f1-5-78_loan_v1_v5_simulated_GATv2,_EOPKG_WI-UN-f1-5,78,train_candidate_invalid_probability_mass,0,1781092063013,0.557300016876245
learn,EOPKG-WI,EOPKGTopologyConditionedWI,88e10c5c5b45467e935548e0decdf824,854778689611649472,_EOPKG_WI-UN-f1-5-78_loan_v1_v5_simulated_GATv2,_EOPKG_WI-UN-f1-5,78,train_candidate_invalid_probability_mass,0,1781092210854,0.4350109501654469
learn,EOPKG-WI,EOPKGTopologyConditionedWI,88e10c5c5b45467e935548e0decdf824,854778689611649472,_EOPKG_WI-UN-f1-5-78_loan_v1_v5_simulated_GATv2,_EOPKG_WI-UN-f1-5,78,train_candidate_invalid_probability_mass,0,1781092210854,0.4350109501654469
learn,EOPKG-WI,EOPKGTopologyConditionedWI,88e10c5c5b45467e935548e0decdf824,854778689611649472,_EOPKG_WI-UN-f1-5-78_loan_v1_v5_simulated_GATv2,_EOPKG_WI-UN-f1-5,78,train_candidate_invalid_probability_mass,0,1781092323576,0.39772156354732846
learn,EOPKG-WI,EOPKGTopologyConditionedWI,88e10c5c5b45467e935548e0decdf824,854778689611649472,_EOPKG_WI-UN-f1-5-78_loan_v1_v5_simulated_GATv2,_EOPKG_WI-UN-f1-5,78,train_candidate_invalid_probability_mass,0,1781092323576,0.39772156354732846
learn,EOPKG-WI,EOPKGTopologyConditionedWI,88e10c5c5b45467e935548e0decdf824,854778689611649472,_EOPKG_WI-UN-f1-5-78_loan_v1_v5_simulated_GATv2,_EOPKG_WI-UN-f1-5,78,train_candidate_invalid_probability_mass,0,1781092443685,0.3789382855539671
learn,EOPKG-WI,EOPKGTopologyConditionedWI,88e10c5c5b45467e935548e0decdf824,854778689611649472,_EOPKG_WI-UN-f1-5-78_loan_v1_v5_simulated_GATv2,_EOPKG_WI-UN-f1-5,78,train_candidate_invalid_probability_mass,0,1781092443685,0.3789382855539671
learn,EOPKG-WI,EOPKGTopologyConditionedWI,88e10c5c5b45467e935548e0decdf824,854778689611649472,_EOPKG_WI-UN-f1-5-78_loan_v1_v5_simulated_GATv2,_EOPKG_WI-UN-f1-5,78,train_candidate_invalid_probability_mass,0,1781092568098,0.37342200270707354
learn,EOPKG-WI,EOPKGTopologyConditionedWI,88e10c5c5b45467e935548e0decdf824,854778689611649472,_EOPKG_WI-UN-f1-5-78_loan_v1_v5_simulated_GATv2,_EOPKG_WI-UN-f1-5,78,train_candidate_invalid_probability_mass,0,1781092568098,0.37342200270707354
learn,EOPKG-WI,EOPKGTopologyConditionedWI,88e10c5c5b45467e935548e0decdf824,854778689611649472,_EOPKG_WI-UN-f1-5-78_loan_v1_v5_simulated_GATv2,_EOPKG_WI-UN-f1-5,78,train_candidate_invalid_probability_mass,0,1781092680753,0.3696204936324318
learn,EOPKG-WI,EOPKGTopologyConditionedWI,88e10c5c5b45467e935548e0decdf824,854778689611649472,_EOPKG_WI-UN-f1-5-78_loan_v1_v5_simulated_GATv2,_EOPKG_WI-UN-f1-5,78,train_candidate_invalid_probability_mass,0,1781092680753,0.3696204936324318
learn,EOPKG-WI,EOPKGTopologyConditionedWI,88e10c5c5b45467e935548e0decdf824,854778689611649472,_EOPKG_WI-UN-f1-5-78_loan_v1_v5_simulated_GATv2,_EOPKG_WI-UN-f1-5,78,train_candidate_invalid_probability_mass,0,1781092793832,0.3567901220770822
learn,EOPKG-WI,EOPKGTopologyConditionedWI,88e10c5c5b45467e935548e0decdf824,854778689611649472,_EOPKG_WI-UN-f1-5-78_loan_v1_v5_simulated_GATv2,_EOPKG_WI-UN-f1-5,78,train_candidate_invalid_probability_mass,0,1781092793832,0.3567901220770822
learn,EOPKG-WI,EOPKGTopologyConditionedWI,88e10c5c5b45467e935548e0decdf824,854778689611649472,_EOPKG_WI-UN-f1-5-78_loan_v1_v5_simulated_GATv2,_EOPKG_WI-UN-f1-5,78,train_candidate_invalid_probability_mass,0,1781092915782,0.3545532078261595
learn,EOPKG-WI,EOPKGTopologyConditionedWI,88e10c5c5b45467e935548e0decdf824,854778689611649472,_EOPKG_WI-UN-f1-5-78_loan_v1_v5_simulated_GATv2,_EOPKG_WI-UN-f1-5,78,train_candidate_invalid_probability_mass,0,1781092915782,0.3545532078261595
learn,EOPKG-WI,EOPKGTopologyConditionedWI,88e10c5c5b45467e935548e0decdf824,854778689611649472,_EOPKG_WI-UN-f1-5-78_loan_v1_v5_simulated_GATv2,_EOPKG_WI-UN-f1-5,78,train_candidate_invalid_probability_mass,0,1781093034069,0.3438468313226639
learn,EOPKG-WI,EOPKGTopologyConditionedWI,88e10c5c5b45467e935548e0decdf824,854778689611649472,_EOPKG_WI-UN-f1-5-78_loan_v1_v5_simulated_GATv2,_EOPKG_WI-UN-f1-5,78,train_candidate_invalid_probability_mass,0,1781093034069,0.3438468313226639
learn,EOPKG-WI,EOPKGTopologyConditionedWI,88e10c5c5b45467e935548e0decdf824,854778689611649472,_EOPKG_WI-UN-f1-5-78_loan_v1_v5_simulated_GATv2,_EOPKG_WI-UN-f1-5,78,train_candidate_invalid_probability_mass,0,1781093150823,0.3436246789837869
learn,EOPKG-WI,EOPKGTopologyConditionedWI,88e10c5c5b45467e935548e0decdf824,854778689611649472,_EOPKG_WI-UN-f1-5-78_loan_v1_v5_simulated_GATv2,_EOPKG_WI-UN-f1-5,78,train_candidate_invalid_probability_mass,0,1781093150823,0.3436246789837869
learn,EOPKG-WI,EOPKGTopologyConditionedWI,88e10c5c5b45467e935548e0decdf824,854778689611649472,_EOPKG_WI-UN-f1-5-78_loan_v1_v5_simulated_GATv2,_EOPKG_WI-UN-f1-5,78,train_candidate_invalid_probability_mass,0,1781093258878,0.3380387788120249
learn,EOPKG-WI,EOPKGTopologyConditionedWI,88e10c5c5b45467e935548e0decdf824,854778689611649472,_EOPKG_WI-UN-f1-5-78_loan_v1_v5_simulated_GATv2,_EOPKG_WI-UN-f1-5,78,train_candidate_invalid_probability_mass,0,1781093258878,0.3380387788120249
learn,EOPKG-WI,EOPKGTopologyConditionedWI,88e10c5c5b45467e935548e0decdf824,854778689611649472,_EOPKG_WI-UN-f1-5-78_loan_v1_v5_simulated_GATv2,_EOPKG_WI-UN-f1-5,78,train_candidate_invalid_probability_mass,0,1781093361329,0.3328703402620052
learn,EOPKG-WI,EOPKGTopologyConditionedWI,88e10c5c5b45467e935548e0decdf824,854778689611649472,_EOPKG_WI-UN-f1-5-78_loan_v1_v5_simulated_GATv2,_EOPKG_WI-UN-f1-5,78,train_candidate_invalid_probability_mass,0,1781093361329,0.3328703402620052
learn,EOPKG-WI,EOPKGTopologyConditionedWI,88e10c5c5b45467e935548e0decdf824,854778689611649472,_EOPKG_WI-UN-f1-5-78_loan_v1_v5_simulated_GATv2,_EOPKG_WI-UN-f1-5,78,train_candidate_invalid_probability_mass,0,1781093463443,0.3222376861756102
learn,EOPKG-WI,EOPKGTopologyConditionedWI,88e10c5c5b45467e935548e0decdf824,854778689611649472,_EOPKG_WI-UN-f1-5-78_loan_v1_v5_simulated_GATv2,_EOPKG_WI-UN-f1-5,78,train_candidate_invalid_probability_mass,0,1781093463443,0.3222376861756102
learn,EOPKG-WI,EOPKGTopologyConditionedWI,88e10c5c5b45467e935548e0decdf824,854778689611649472,_EOPKG_WI-UN-f1-5-78_loan_v1_v5_simulated_GATv2,_EOPKG_WI-UN-f1-5,78,train_candidate_invalid_probability_mass,0,1781093575295,0.31879054578480165
learn,EOPKG-WI,EOPKGTopologyConditionedWI,88e10c5c5b45467e935548e0decdf824,854778689611649472,_EOPKG_WI-UN-f1-5-78_loan_v1_v5_simulated_GATv2,_EOPKG_WI-UN-f1-5,78,train_candidate_invalid_probability_mass,0,1781093575295,0.31879054578480165
learn,EOPKG-WI,EOPKGTopologyConditionedWI,88e10c5c5b45467e935548e0decdf824,854778689611649472,_EOPKG_WI-UN-f1-5-78_loan_v1_v5_simulated_GATv2,_EOPKG_WI-UN-f1-5,78,train_candidate_invalid_probability_mass,0,1781093684240,0.3149588353967439
learn,EOPKG-WI,EOPKGTopologyConditionedWI,88e10c5c5b45467e935548e0decdf824,854778689611649472,_EOPKG_WI-UN-f1-5-78_loan_v1_v5_simulated_GATv2,_EOPKG_WI-UN-f1-5,78,train_candidate_invalid_probability_mass,0,1781093684240,0.3149588353967439
learn,EOPKG-WI,EOPKGTopologyConditionedWI,88e10c5c5b45467e935548e0decdf824,854778689611649472,_EOPKG_WI-UN-f1-5-78_loan_v1_v5_simulated_GATv2,_EOPKG_WI-UN-f1-5,78,train_candidate_invalid_probability_mass,0,1781093798806,0.312597194115005
learn,EOPKG-WI,EOPKGTopologyConditionedWI,88e10c5c5b45467e935548e0decdf824,854778689611649472,_EOPKG_WI-UN-f1-5-78_loan_v1_v5_simulated_GATv2,_EOPKG_WI-UN-f1-5,78,train_candidate_invalid_probability_mass,0,1781093798806,0.312597194115005
learn,EOPKG-WI,EOPKGTopologyConditionedWI,88e10c5c5b45467e935548e0decdf824,854778689611649472,_EOPKG_WI-UN-f1-5-78_loan_v1_v5_simulated_GATv2,_EOPKG_WI-UN-f1-5,78,train_candidate_invalid_probability_mass,0,1781093928029,0.30618617902783785
learn,EOPKG-WI,EOPKGTopologyConditionedWI,88e10c5c5b45467e935548e0decdf824,854778689611649472,_EOPKG_WI-UN-f1-5-78_loan_v1_v5_simulated_GATv2,_EOPKG_WI-UN-f1-5,78,train_candidate_invalid_probability_mass,0,1781093928029,0.30618617902783785
learn,EOPKG-WI,EOPKGTopologyConditionedWI,88e10c5c5b45467e935548e0decdf824,854778689611649472,_EOPKG_WI-UN-f1-5-78_loan_v1_v5_simulated_GATv2,_EOPKG_WI-UN-f1-5,78,train_candidate_invalid_probability_mass,0,1781094041170,0.30598750364609856
learn,EOPKG-WI,EOPKGTopologyConditionedWI,88e10c5c5b45467e935548e0decdf824,854778689611649472,_EOPKG_WI-UN-f1-5-78_loan_v1_v5_simulated_GATv2,_EOPKG_WI-UN-f1-5,78,train_candidate_invalid_probability_mass,0,1781094041170,0.30598750364609856
learn,EOPKG-WI,EOPKGTopologyConditionedWI,88e10c5c5b45467e935548e0decdf824,854778689611649472,_EOPKG_WI-UN-f1-5-78_loan_v1_v5_simulated_GATv2,_EOPKG_WI-UN-f1-5,78,train_candidate_invalid_probability_mass,0,1781094183882,0.2986909850886971
learn,EOPKG-WI,EOPKGTopologyConditionedWI,88e10c5c5b45467e935548e0decdf824,854778689611649472,_EOPKG_WI-UN-f1-5-78_loan_v1_v5_simulated_GATv2,_EOPKG_WI-UN-f1-5,78,train_candidate_invalid_probability_mass,0,1781094183882,0.2986909850886971
learn,EOPKG-WI,EOPKGTopologyConditionedWI,88e10c5c5b45467e935548e0decdf824,854778689611649472,_EOPKG_WI-UN-f1-5-78_loan_v1_v5_simulated_GATv2,_EOPKG_WI-UN-f1-5,78,train_candidate_invalid_probability_mass,0,1781094358079,0.30195956588360007
learn,EOPKG-WI,EOPKGTopologyConditionedWI,88e10c5c5b45467e935548e0decdf824,854778689611649472,_EOPKG_WI-UN-f1-5-78_loan_v1_v5_simulated_GATv2,_EOPKG_WI-UN-f1-5,78,train_candidate_invalid_probability_mass,0,1781094358079,0.30195956588360007
learn,EOPKG-WI,EOPKGTopologyConditionedWI,88e10c5c5b45467e935548e0decdf824,854778689611649472,_EOPKG_WI-UN-f1-5-78_loan_v1_v5_simulated_GATv2,_EOPKG_WI-UN-f1-5,78,train_candidate_invalid_probability_mass,0,1781094544370,0.2989631648899451
learn,EOPKG-WI,EOPKGTopologyConditionedWI,88e10c5c5b45467e935548e0decdf824,854778689611649472,_EOPKG_WI-UN-f1-5-78_loan_v1_v5_simulated_GATv2,_EOPKG_WI-UN-f1-5,78,train_candidate_invalid_probability_mass,0,1781094544370,0.2989631648899451
learn,EOPKG-WI,EOPKGTopologyConditionedWI,88e10c5c5b45467e935548e0decdf824,854778689611649472,_EOPKG_WI-UN-f1-5-78_loan_v1_v5_simulated_GATv2,_EOPKG_WI-UN-f1-5,78,train_candidate_invalid_probability_mass,0,1781094710378,0.2974295902328006
learn,EOPKG-WI,EOPKGTopologyConditionedWI,88e10c5c5b45467e935548e0decdf824,854778689611649472,_EOPKG_WI-UN-f1-5-78_loan_v1_v5_simulated_GATv2,_EOPKG_WI-UN-f1-5,78,train_candidate_invalid_probability_mass,0,1781094710378,0.2974295902328006
learn,EOPKG-WI,EOPKGTopologyConditionedWI,88e10c5c5b45467e935548e0decdf824,854778689611649472,_EOPKG_WI-UN-f1-5-78_loan_v1_v5_simulated_GATv2,_EOPKG_WI-UN-f1-5,78,train_candidate_invalid_probability_mass,0,1781094824759,0.29586490206953453
learn,EOPKG-WI,EOPKGTopologyConditionedWI,88e10c5c5b45467e935548e0decdf824,854778689611649472,_EOPKG_WI-UN-f1-5-78_loan_v1_v5_simulated_GATv2,_EOPKG_WI-UN-f1-5,78,train_candidate_invalid_probability_mass,0,1781094824759,0.29586490206953453
learn,EOPKG-WI,EOPKGTopologyConditionedWI,88e10c5c5b45467e935548e0decdf824,854778689611649472,_EOPKG_WI-UN-f1-5-78_loan_v1_v5_simulated_GATv2,_EOPKG_WI-UN-f1-5,78,train_candidate_invalid_probability_mass,0,1781094946778,0.29469979645622174
learn,EOPKG-WI,EOPKGTopologyConditionedWI,88e10c5c5b45467e935548e0decdf824,854778689611649472,_EOPKG_WI-UN-f1-5-78_loan_v1_v5_simulated_GATv2,_EOPKG_WI-UN-f1-5,78,train_candidate_invalid_probability_mass,0,1781094946778,0.29469979645622174
learn,EOPKG-WI,EOPKGTopologyConditionedWI,88e10c5c5b45467e935548e0decdf824,854778689611649472,_EOPKG_WI-UN-f1-5-78_loan_v1_v5_simulated_GATv2,_EOPKG_WI-UN-f1-5,78,train_candidate_invalid_probability_mass,0,1781095065650,0.2908518628731062
learn,EOPKG-WI,EOPKGTopologyConditionedWI,88e10c5c5b45467e935548e0decdf824,854778689611649472,_EOPKG_WI-UN-f1-5-78_loan_v1_v5_simulated_GATv2,_EOPKG_WI-UN-f1-5,78,train_candidate_invalid_probability_mass,0,1781095065650,0.2908518628731062
learn,EOPKG-WI,EOPKGTopologyConditionedWI,88e10c5c5b45467e935548e0decdf824,854778689611649472,_EOPKG_WI-UN-f1-5-78_loan_v1_v5_simulated_GATv2,_EOPKG_WI-UN-f1-5,78,train_candidate_invalid_probability_mass,0,1781095197694,0.28945701925856887
learn,EOPKG-WI,EOPKGTopologyConditionedWI,88e10c5c5b45467e935548e0decdf824,854778689611649472,_EOPKG_WI-UN-f1-5-78_loan_v1_v5_simulated_GATv2,_EOPKG_WI-UN-f1-5,78,train_candidate_invalid_probability_mass,0,1781095197694,0.28945701925856887
learn,EOPKG-WI,EOPKGTopologyConditionedWI,88e10c5c5b45467e935548e0decdf824,854778689611649472,_EOPKG_WI-UN-f1-5-78_loan_v1_v5_simulated_GATv2,_EOPKG_WI-UN-f1-5,78,train_candidate_invalid_probability_mass,0,1781095304863,0.2881385846765318
learn,EOPKG-WI,EOPKGTopologyConditionedWI,88e10c5c5b45467e935548e0decdf824,854778689611649472,_EOPKG_WI-UN-f1-5-78_loan_v1_v5_simulated_GATv2,_EOPKG_WI-UN-f1-5,78,train_candidate_invalid_probability_mass,0,1781095304863,0.2881385846765318
learn,EOPKG-WI,EOPKGTopologyConditionedWI,88e10c5c5b45467e935548e0decdf824,854778689611649472,_EOPKG_WI-UN-f1-5-78_loan_v1_v5_simulated_GATv2,_EOPKG_WI-UN-f1-5,78,train_candidate_invalid_probability_mass,0,1781095408043,0.28488412956649434
learn,EOPKG-WI,EOPKGTopologyConditionedWI,88e10c5c5b45467e935548e0decdf824,854778689611649472,_EOPKG_WI-UN-f1-5-78_loan_v1_v5_simulated_GATv2,_EOPKG_WI-UN-f1-5,78,train_candidate_invalid_probability_mass,0,1781095408043,0.28488412956649434
learn,EOPKG-WI,EOPKGTopologyConditionedWI,88e10c5c5b45467e935548e0decdf824,854778689611649472,_EOPKG_WI-UN-f1-5-78_loan_v1_v5_simulated_GATv2,_EOPKG_WI-UN-f1-5,78,train_candidate_invalid_probability_mass,0,1781095511893,0.28350147839475703
learn,EOPKG-WI,EOPKGTopologyConditionedWI,88e10c5c5b45467e935548e0decdf824,854778689611649472,_EOPKG_WI-UN-f1-5-78_loan_v1_v5_simulated_GATv2,_EOPKG_WI-UN-f1-5,78,train_candidate_invalid_probability_mass,0,1781095511893,0.28350147839475703
learn,EOPKG-WI,EOPKGTopologyConditionedWI,88e10c5c5b45467e935548e0decdf824,854778689611649472,_EOPKG_WI-UN-f1-5-78_loan_v1_v5_simulated_GATv2,_EOPKG_WI-UN-f1-5,78,train_candidate_invalid_probability_mass,0,1781095612266,0.28614749277339263
learn,EOPKG-WI,EOPKGTopologyConditionedWI,88e10c5c5b45467e935548e0decdf824,854778689611649472,_EOPKG_WI-UN-f1-5-78_loan_v1_v5_simulated_GATv2,_EOPKG_WI-UN-f1-5,78,train_candidate_invalid_probability_mass,0,1781095612266,0.28614749277339263
learn,EOPKG-WI,EOPKGTopologyConditionedWI,88e10c5c5b45467e935548e0decdf824,854778689611649472,_EOPKG_WI-UN-f1-5-78_loan_v1_v5_simulated_GATv2,_EOPKG_WI-UN-f1-5,78,train_candidate_invalid_probability_mass,0,1781095711985,0.28145278120836886
learn,EOPKG-WI,EOPKGTopologyConditionedWI,88e10c5c5b45467e935548e0decdf824,854778689611649472,_EOPKG_WI-UN-f1-5-78_loan_v1_v5_simulated_GATv2,_EOPKG_WI-UN-f1-5,78,train_candidate_invalid_probability_mass,0,1781095711985,0.28145278120836886
learn,EOPKG-WI,EOPKGTopologyConditionedWI,88e10c5c5b45467e935548e0decdf824,854778689611649472,_EOPKG_WI-UN-f1-5-78_loan_v1_v5_simulated_GATv2,_EOPKG_WI-UN-f1-5,78,train_candidate_invalid_probability_mass,0,1781095811316,0.2812594452277655
learn,EOPKG-WI,EOPKGTopologyConditionedWI,88e10c5c5b45467e935548e0decdf824,854778689611649472,_EOPKG_WI-UN-f1-5-78_loan_v1_v5_simulated_GATv2,_EOPKG_WI-UN-f1-5,78,train_candidate_invalid_probability_mass,0,1781095811316,0.2812594452277655
learn,EOPKG-WI,EOPKGTopologyConditionedWI,88e10c5c5b45467e935548e0decdf824,854778689611649472,_EOPKG_WI-UN-f1-5-78_loan_v1_v5_simulated_GATv2,_EOPKG_WI-UN-f1-5,78,train_candidate_invalid_probability_mass,0,1781095909499,0.2853491679189315
learn,EOPKG-WI,EOPKGTopologyConditionedWI,88e10c5c5b45467e935548e0decdf824,854778689611649472,_EOPKG_WI-UN-f1-5-78_loan_v1_v5_simulated_GATv2,_EOPKG_WI-UN-f1-5,78,train_candidate_invalid_probability_mass,0,1781095909499,0.2853491679189315
learn,EOPKG-WI,EOPKGTopologyConditionedWI,88e10c5c5b45467e935548e0decdf824,854778689611649472,_EOPKG_WI-UN-f1-5-78_loan_v1_v5_simulated_GATv2,_EOPKG_WI-UN-f1-5,78,train_candidate_invalid_probability_mass,0,1781096007884,0.27890703077346607
learn,EOPKG-WI,EOPKGTopologyConditionedWI,88e10c5c5b45467e935548e0decdf824,854778689611649472,_EOPKG_WI-UN-f1-5-78_loan_v1_v5_simulated_GATv2,_EOPKG_WI-UN-f1-5,78,train_candidate_invalid_probability_mass,0,1781096007884,0.27890703077346607
learn,EOPKG-WI,EOPKGTopologyConditionedWI,88e10c5c5b45467e935548e0decdf824,854778689611649472,_EOPKG_WI-UN-f1-5-78_loan_v1_v5_simulated_GATv2,_EOPKG_WI-UN-f1-5,78,train_candidate_invalid_probability_mass,0,1781096106988,0.27461897303455396
learn,EOPKG-WI,EOPKGTopologyConditionedWI,88e10c5c5b45467e935548e0decdf824,854778689611649472,_EOPKG_WI-UN-f1-5-78_loan_v1_v5_simulated_GATv2,_EOPKG_WI-UN-f1-5,78,train_candidate_invalid_probability_mass,0,1781096106988,0.27461897303455396
learn,EOPKG-WI,EOPKGTopologyConditionedWI,88e10c5c5b45467e935548e0decdf824,854778689611649472,_EOPKG_WI-UN-f1-5-78_loan_v1_v5_simulated_GATv2,_EOPKG_WI-UN-f1-5,78,train_candidate_invalid_probability_mass,0,1781096206261,0.2775540779239612
learn,EOPKG-WI,EOPKGTopologyConditionedWI,88e10c5c5b45467e935548e0decdf824,854778689611649472,_EOPKG_WI-UN-f1-5-78_loan_v1_v5_simulated_GATv2,_EOPKG_WI-UN-f1-5,78,train_candidate_invalid_probability_mass,0,1781096206261,0.2775540779239612
learn,EOPKG-WI,EOPKGTopologyConditionedWI,88e10c5c5b45467e935548e0decdf824,854778689611649472,_EOPKG_WI-UN-f1-5-78_loan_v1_v5_simulated_GATv2,_EOPKG_WI-UN-f1-5,78,train_candidate_invalid_probability_mass,0,1781096304152,0.27784992365939437
learn,EOPKG-WI,EOPKGTopologyConditionedWI,88e10c5c5b45467e935548e0decdf824,854778689611649472,_EOPKG_WI-UN-f1-5-78_loan_v1_v5_simulated_GATv2,_EOPKG_WI-UN-f1-5,78,train_candidate_invalid_probability_mass,0,1781096304152,0.27784992365939437
learn,EOPKG-WI,EOPKGTopologyConditionedWI,88e10c5c5b45467e935548e0decdf824,854778689611649472,_EOPKG_WI-UN-f1-5-78_loan_v1_v5_simulated_GATv2,_EOPKG_WI-UN-f1-5,78,train_candidate_invalid_probability_mass,0,1781096402803,0.27554204699913537
learn,EOPKG-WI,EOPKGTopologyConditionedWI,88e10c5c5b45467e935548e0decdf824,854778689611649472,_EOPKG_WI-UN-f1-5-78_loan_v1_v5_simulated_GATv2,_EOPKG_WI-UN-f1-5,78,train_candidate_invalid_probability_mass,0,1781096402803,0.27554204699913537
learn,EOPKG-WI,EOPKGTopologyConditionedWI,88e10c5c5b45467e935548e0decdf824,854778689611649472,_EOPKG_WI-UN-f1-5-78_loan_v1_v5_simulated_GATv2,_EOPKG_WI-UN-f1-5,78,train_candidate_invalid_probability_mass,0,1781096502106,0.27243750342219736
learn,EOPKG-WI,EOPKGTopologyConditionedWI,88e10c5c5b45467e935548e0decdf824,854778689611649472,_EOPKG_WI-UN-f1-5-78_loan_v1_v5_simulated_GATv2,_EOPKG_WI-UN-f1-5,78,train_candidate_invalid_probability_mass,0,1781096502106,0.27243750342219736
learn,EOPKG-WI,EOPKGTopologyConditionedWI,88e10c5c5b45467e935548e0decdf824,854778689611649472,_EOPKG_WI-UN-f1-5-78_loan_v1_v5_simulated_GATv2,_EOPKG_WI-UN-f1-5,78,train_candidate_invalid_probability_mass,0,1781096600537,0.2721385339272041
learn,EOPKG-WI,EOPKGTopologyConditionedWI,88e10c5c5b45467e935548e0decdf824,854778689611649472,_EOPKG_WI-UN-f1-5-78_loan_v1_v5_simulated_GATv2,_EOPKG_WI-UN-f1-5,78,train_candidate_invalid_probability_mass,0,1781096600537,0.2721385339272041
learn,EOPKG-WI,EOPKGTopologyConditionedWI,88e10c5c5b45467e935548e0decdf824,854778689611649472,_EOPKG_WI-UN-f1-5-78_loan_v1_v5_simulated_GATv2,_EOPKG_WI-UN-f1-5,78,train_candidate_invalid_probability_mass,0,1781096699857,0.2731216937564136
learn,EOPKG-WI,EOPKGTopologyConditionedWI,88e10c5c5b45467e935548e0decdf824,854778689611649472,_EOPKG_WI-UN-f1-5-78_loan_v1_v5_simulated_GATv2,_EOPKG_WI-UN-f1-5,78,train_candidate_invalid_probability_mass,0,1781096699857,0.2731216937564136
learn,EOPKG-WI,EOPKGTopologyConditionedWI,88e10c5c5b45467e935548e0decdf824,854778689611649472,_EOPKG_WI-UN-f1-5-78_loan_v1_v5_simulated_GATv2,_EOPKG_WI-UN-f1-5,78,train_candidate_invalid_probability_mass,0,1781096798731,0.2708715220560899
learn,EOPKG-WI,EOPKGTopologyConditionedWI,88e10c5c5b45467e935548e0decdf824,854778689611649472,_EOPKG_WI-UN-f1-5-78_loan_v1_v5_simulated_GATv2,_EOPKG_WI-UN-f1-5,78,train_candidate_invalid_probability_mass,0,1781096798731,0.2708715220560899
learn,EOPKG-WI,EOPKGTopologyConditionedWI,88e10c5c5b45467e935548e0decdf824,854778689611649472,_EOPKG_WI-UN-f1-5-78_loan_v1_v5_simulated_GATv2,_EOPKG_WI-UN-f1-5,78,train_candidate_invalid_probability_mass,0,1781096897708,0.27143224635544944
learn,EOPKG-WI,EOPKGTopologyConditionedWI,88e10c5c5b45467e935548e0decdf824,854778689611649472,_EOPKG_WI-UN-f1-5-78_loan_v1_v5_simulated_GATv2,_EOPKG_WI-UN-f1-5,78,train_candidate_invalid_probability_mass,0,1781096897708,0.27143224635544944
learn,EOPKG-WI,EOPKGTopologyConditionedWI,88e10c5c5b45467e935548e0decdf824,854778689611649472,_EOPKG_WI-UN-f1-5-78_loan_v1_v5_simulated_GATv2,_EOPKG_WI-UN-f1-5,78,train_candidate_invalid_probability_mass,0,1781096996963,0.2712354429291238
learn,EOPKG-WI,EOPKGTopologyConditionedWI,88e10c5c5b45467e935548e0decdf824,854778689611649472,_EOPKG_WI-UN-f1-5-78_loan_v1_v5_simulated_GATv2,_EOPKG_WI-UN-f1-5,78,train_candidate_invalid_probability_mass,0,1781096996963,0.2712354429291238
learn,EOPKG-WI,EOPKGTopologyConditionedWI,88e10c5c5b45467e935548e0decdf824,854778689611649472,_EOPKG_WI-UN-f1-5-78_loan_v1_v5_simulated_GATv2,_EOPKG_WI-UN-f1-5,78,train_candidate_invalid_probability_mass,0,1781097096003,0.2708215043540979
learn,EOPKG-WI,EOPKGTopologyConditionedWI,88e10c5c5b45467e935548e0decdf824,854778689611649472,_EOPKG_WI-UN-f1-5-78_loan_v1_v5_simulated_GATv2,_EOPKG_WI-UN-f1-5,78,train_candidate_invalid_probability_mass,0,1781097096003,0.2708215043540979
learn,EOPKG-WI,EOPKGTopologyConditionedWI,88e10c5c5b45467e935548e0decdf824,854778689611649472,_EOPKG_WI-UN-f1-5-78_loan_v1_v5_simulated_GATv2,_EOPKG_WI-UN-f1-5,78,train_candidate_invalid_probability_mass,0,1781097196811,0.2685206335375533
learn,EOPKG-WI,EOPKGTopologyConditionedWI,88e10c5c5b45467e935548e0decdf824,854778689611649472,_EOPKG_WI-UN-f1-5-78_loan_v1_v5_simulated_GATv2,_EOPKG_WI-UN-f1-5,78,train_candidate_invalid_probability_mass,0,1781097196811,0.2685206335375533
learn,EOPKG-WI,EOPKGTopologyConditionedWI,88e10c5c5b45467e935548e0decdf824,854778689611649472,_EOPKG_WI-UN-f1-5-78_loan_v1_v5_simulated_GATv2,_EOPKG_WI-UN-f1-5,78,train_candidate_invalid_probability_mass,0,1781097296553,0.270366631460114
learn,EOPKG-WI,EOPKGTopologyConditionedWI,88e10c5c5b45467e935548e0decdf824,854778689611649472,_EOPKG_WI-UN-f1-5-78_loan_v1_v5_simulated_GATv2,_EOPKG_WI-UN-f1-5,78,train_candidate_invalid_probability_mass,0,1781097296553,0.270366631460114
learn,EOPKG-WI,EOPKGTopologyConditionedWI,88e10c5c5b45467e935548e0decdf824,854778689611649472,_EOPKG_WI-UN-f1-5-78_loan_v1_v5_simulated_GATv2,_EOPKG_WI-UN-f1-5,78,train_candidate_invalid_probability_mass,0,1781097396754,0.2705697363719273
learn,EOPKG-WI,EOPKGTopologyConditionedWI,88e10c5c5b45467e935548e0decdf824,854778689611649472,_EOPKG_WI-UN-f1-5-78_loan_v1_v5_simulated_GATv2,_EOPKG_WI-UN-f1-5,78,train_candidate_invalid_probability_mass,0,1781097396754,0.2705697363719273
learn,EOPKG-WI,EOPKGTopologyConditionedWI,88e10c5c5b45467e935548e0decdf824,854778689611649472,_EOPKG_WI-UN-f1-5-78_loan_v1_v5_simulated_GATv2,_EOPKG_WI-UN-f1-5,78,train_candidate_invalid_probability_mass,0,1781097495915,0.2697138787974235
learn,EOPKG-WI,EOPKGTopologyConditionedWI,88e10c5c5b45467e935548e0decdf824,854778689611649472,_EOPKG_WI-UN-f1-5-78_loan_v1_v5_simulated_GATv2,_EOPKG_WI-UN-f1-5,78,train_candidate_invalid_probability_mass,0,1781097495915,0.2697138787974235
learn,EOPKG-WI,EOPKGTopologyConditionedWI,88e10c5c5b45467e935548e0decdf824,854778689611649472,_EOPKG_WI-UN-f1-5-78_loan_v1_v5_simulated_GATv2,_EOPKG_WI-UN-f1-5,78,train_candidate_invalid_probability_mass,0,1781097595193,0.2647585801081362
learn,EOPKG-WI,EOPKGTopologyConditionedWI,88e10c5c5b45467e935548e0decdf824,854778689611649472,_EOPKG_WI-UN-f1-5-78_loan_v1_v5_simulated_GATv2,_EOPKG_WI-UN-f1-5,78,train_candidate_invalid_probability_mass,0,1781097595193,0.2647585801081362
learn,EOPKG-WI,EOPKGTopologyConditionedWI,8b07202c23874e298ad9b3445b49872d,854778689611649472,_EOPKG_WI-UN-f1-5-42_loan_v1_v5_simulated_GATv2,_EOPKG_WI-UN-f1-5,42,train_candidate_invalid_probability_mass,0,1781630523017,0.5487873326329624
learn,EOPKG-WI,EOPKGTopologyConditionedWI,8b07202c23874e298ad9b3445b49872d,854778689611649472,_EOPKG_WI-UN-f1-5-42_loan_v1_v5_simulated_GATv2,_EOPKG_WI-UN-f1-5,42,train_candidate_invalid_probability_mass,0,1781630523017,0.5487873326329624
learn,EOPKG-WI,EOPKGTopologyConditionedWI,8b07202c23874e298ad9b3445b49872d,854778689611649472,_EOPKG_WI-UN-f1-5-42_loan_v1_v5_simulated_GATv2,_EOPKG_WI-UN-f1-5,42,train_candidate_invalid_probability_mass,0,1781630648375,0.4341682651463677
learn,EOPKG-WI,EOPKGTopologyConditionedWI,8b07202c23874e298ad9b3445b49872d,854778689611649472,_EOPKG_WI-UN-f1-5-42_loan_v1_v5_simulated_GATv2,_EOPKG_WI-UN-f1-5,42,train_candidate_invalid_probability_mass,0,1781630648375,0.4341682651463677
learn,EOPKG-WI,EOPKGTopologyConditionedWI,8b07202c23874e298ad9b3445b49872d,854778689611649472,_EOPKG_WI-UN-f1-5-42_loan_v1_v5_simulated_GATv2,_EOPKG_WI-UN-f1-5,42,train_candidate_invalid_probability_mass,0,1781630757005,0.3989636781484789
learn,EOPKG-WI,EOPKGTopologyConditionedWI,8b07202c23874e298ad9b3445b49872d,854778689611649472,_EOPKG_WI-UN-f1-5-42_loan_v1_v5_simulated_GATv2,_EOPKG_WI-UN-f1-5,42,train_candidate_invalid_probability_mass,0,1781630757005,0.3989636781484789
learn,EOPKG-WI,EOPKGTopologyConditionedWI,8b07202c23874e298ad9b3445b49872d,854778689611649472,_EOPKG_WI-UN-f1-5-42_loan_v1_v5_simulated_GATv2,_EOPKG_WI-UN-f1-5,42,train_candidate_invalid_probability_mass,0,1781630891920,0.37745877813743295
learn,EOPKG-WI,EOPKGTopologyConditionedWI,8b07202c23874e298ad9b3445b49872d,854778689611649472,_EOPKG_WI-UN-f1-5-42_loan_v1_v5_simulated_GATv2,_EOPKG_WI-UN-f1-5,42,train_candidate_invalid_probability_mass,0,1781630891920,0.37745877813743295
learn,EOPKG-WI,EOPKGTopologyConditionedWI,8b07202c23874e298ad9b3445b49872d,854778689611649472,_EOPKG_WI-UN-f1-5-42_loan_v1_v5_simulated_GATv2,_EOPKG_WI-UN-f1-5,42,train_candidate_invalid_probability_mass,0,1781631007989,0.3716991568170784
learn,EOPKG-WI,EOPKGTopologyConditionedWI,8b07202c23874e298ad9b3445b49872d,854778689611649472,_EOPKG_WI-UN-f1-5-42_loan_v1_v5_simulated_GATv2,_EOPKG_WI-UN-f1-5,42,train_candidate_invalid_probability_mass,0,1781631007989,0.3716991568170784
learn,EOPKG-WI,EOPKGTopologyConditionedWI,8b07202c23874e298ad9b3445b49872d,854778689611649472,_EOPKG_WI-UN-f1-5-42_loan_v1_v5_simulated_GATv2,_EOPKG_WI-UN-f1-5,42,train_candidate_invalid_probability_mass,0,1781631171710,0.360907358518655
learn,EOPKG-WI,EOPKGTopologyConditionedWI,8b07202c23874e298ad9b3445b49872d,854778689611649472,_EOPKG_WI-UN-f1-5-42_loan_v1_v5_simulated_GATv2,_EOPKG_WI-UN-f1-5,42,train_candidate_invalid_probability_mass,0,1781631171710,0.360907358518655
learn,EOPKG-WI,EOPKGTopologyConditionedWI,8b07202c23874e298ad9b3445b49872d,854778689611649472,_EOPKG_WI-UN-f1-5-42_loan_v1_v5_simulated_GATv2,_EOPKG_WI-UN-f1-5,42,train_candidate_invalid_probability_mass,0,1781631306749,0.349652566074946
learn,EOPKG-WI,EOPKGTopologyConditionedWI,8b07202c23874e298ad9b3445b49872d,854778689611649472,_EOPKG_WI-UN-f1-5-42_loan_v1_v5_simulated_GATv2,_EOPKG_WI-UN-f1-5,42,train_candidate_invalid_probability_mass,0,1781631306749,0.349652566074946
learn,EOPKG-WI,EOPKGTopologyConditionedWI,8b07202c23874e298ad9b3445b49872d,854778689611649472,_EOPKG_WI-UN-f1-5-42_loan_v1_v5_simulated_GATv2,_EOPKG_WI-UN-f1-5,42,train_candidate_invalid_probability_mass,0,1781631445425,0.3430314813585084
learn,EOPKG-WI,EOPKGTopologyConditionedWI,8b07202c23874e298ad9b3445b49872d,854778689611649472,_EOPKG_WI-UN-f1-5-42_loan_v1_v5_simulated_GATv2,_EOPKG_WI-UN-f1-5,42,train_candidate_invalid_probability_mass,0,1781631445425,0.3430314813585084
learn,EOPKG-WI,EOPKGTopologyConditionedWI,8b07202c23874e298ad9b3445b49872d,854778689611649472,_EOPKG_WI-UN-f1-5-42_loan_v1_v5_simulated_GATv2,_EOPKG_WI-UN-f1-5,42,train_candidate_invalid_probability_mass,0,1781631595705,0.33631613263075605
learn,EOPKG-WI,EOPKGTopologyConditionedWI,8b07202c23874e298ad9b3445b49872d,854778689611649472,_EOPKG_WI-UN-f1-5-42_loan_v1_v5_simulated_GATv2,_EOPKG_WI-UN-f1-5,42,train_candidate_invalid_probability_mass,0,1781631595705,0.33631613263075605
learn,EOPKG-WI,EOPKGTopologyConditionedWI,8b07202c23874e298ad9b3445b49872d,854778689611649472,_EOPKG_WI-UN-f1-5-42_loan_v1_v5_simulated_GATv2,_EOPKG_WI-UN-f1-5,42,train_candidate_invalid_probability_mass,0,1781631735582,0.31790924695318945
learn,EOPKG-WI,EOPKGTopologyConditionedWI,8b07202c23874e298ad9b3445b49872d,854778689611649472,_EOPKG_WI-UN-f1-5-42_loan_v1_v5_simulated_GATv2,_EOPKG_WI-UN-f1-5,42,train_candidate_invalid_probability_mass,0,1781631735582,0.31790924695318945
learn,EOPKG-WI,EOPKGTopologyConditionedWI,8b07202c23874e298ad9b3445b49872d,854778689611649472,_EOPKG_WI-UN-f1-5-42_loan_v1_v5_simulated_GATv2,_EOPKG_WI-UN-f1-5,42,train_candidate_invalid_probability_mass,0,1781631879412,0.31200990955003305
learn,EOPKG-WI,EOPKGTopologyConditionedWI,8b07202c23874e298ad9b3445b49872d,854778689611649472,_EOPKG_WI-UN-f1-5-42_loan_v1_v5_simulated_GATv2,_EOPKG_WI-UN-f1-5,42,train_candidate_invalid_probability_mass,0,1781631879412,0.31200990955003305
learn,EOPKG-WI,EOPKGTopologyConditionedWI,8b07202c23874e298ad9b3445b49872d,854778689611649472,_EOPKG_WI-UN-f1-5-42_loan_v1_v5_simulated_GATv2,_EOPKG_WI-UN-f1-5,42,train_candidate_invalid_probability_mass,0,1781632016135,0.31041122833192825
learn,EOPKG-WI,EOPKGTopologyConditionedWI,8b07202c23874e298ad9b3445b49872d,854778689611649472,_EOPKG_WI-UN-f1-5-42_loan_v1_v5_simulated_GATv2,_EOPKG_WI-UN-f1-5,42,train_candidate_invalid_probability_mass,0,1781632016135,0.31041122833192825
learn,EOPKG-WI,EOPKGTopologyConditionedWI,8b07202c23874e298ad9b3445b49872d,854778689611649472,_EOPKG_WI-UN-f1-5-42_loan_v1_v5_simulated_GATv2,_EOPKG_WI-UN-f1-5,42,train_candidate_invalid_probability_mass,0,1781632161971,0.3024587909349008
learn,EOPKG-WI,EOPKGTopologyConditionedWI,8b07202c23874e298ad9b3445b49872d,854778689611649472,_EOPKG_WI-UN-f1-5-42_loan_v1_v5_simulated_GATv2,_EOPKG_WI-UN-f1-5,42,train_candidate_invalid_probability_mass,0,1781632161971,0.3024587909349008
learn,EOPKG-WI,EOPKGTopologyConditionedWI,8b07202c23874e298ad9b3445b49872d,854778689611649472,_EOPKG_WI-UN-f1-5-42_loan_v1_v5_simulated_GATv2,_EOPKG_WI-UN-f1-5,42,train_candidate_invalid_probability_mass,0,1781632311031,0.2949952561118076
learn,EOPKG-WI,EOPKGTopologyConditionedWI,8b07202c23874e298ad9b3445b49872d,854778689611649472,_EOPKG_WI-UN-f1-5-42_loan_v1_v5_simulated_GATv2,_EOPKG_WI-UN-f1-5,42,train_candidate_invalid_probability_mass,0,1781632311031,0.2949952561118076
learn,EOPKG-WI,EOPKGTopologyConditionedWI,8b07202c23874e298ad9b3445b49872d,854778689611649472,_EOPKG_WI-UN-f1-5-42_loan_v1_v5_simulated_GATv2,_EOPKG_WI-UN-f1-5,42,train_candidate_invalid_probability_mass,0,1781632444060,0.29591022592944066
learn,EOPKG-WI,EOPKGTopologyConditionedWI,8b07202c23874e298ad9b3445b49872d,854778689611649472,_EOPKG_WI-UN-f1-5-42_loan_v1_v5_simulated_GATv2,_EOPKG_WI-UN-f1-5,42,train_candidate_invalid_probability_mass,0,1781632444060,0.29591022592944066
learn,EOPKG-WI,EOPKGTopologyConditionedWI,8b07202c23874e298ad9b3445b49872d,854778689611649472,_EOPKG_WI-UN-f1-5-42_loan_v1_v5_simulated_GATv2,_EOPKG_WI-UN-f1-5,42,train_candidate_invalid_probability_mass,0,1781632586330,0.2943194021244307
learn,EOPKG-WI,EOPKGTopologyConditionedWI,8b07202c23874e298ad9b3445b49872d,854778689611649472,_EOPKG_WI-UN-f1-5-42_loan_v1_v5_simulated_GATv2,_EOPKG_WI-UN-f1-5,42,train_candidate_invalid_probability_mass,0,1781632586330,0.2943194021244307
learn,EOPKG-WI,EOPKGTopologyConditionedWI,8b07202c23874e298ad9b3445b49872d,854778689611649472,_EOPKG_WI-UN-f1-5-42_loan_v1_v5_simulated_GATv2,_EOPKG_WI-UN-f1-5,42,train_candidate_invalid_probability_mass,0,1781632766903,0.29206688526798696
learn,EOPKG-WI,EOPKGTopologyConditionedWI,8b07202c23874e298ad9b3445b49872d,854778689611649472,_EOPKG_WI-UN-f1-5-42_loan_v1_v5_simulated_GATv2,_EOPKG_WI-UN-f1-5,42,train_candidate_invalid_probability_mass,0,1781632766903,0.29206688526798696
learn,EOPKG-WI,EOPKGTopologyConditionedWI,8b07202c23874e298ad9b3445b49872d,854778689611649472,_EOPKG_WI-UN-f1-5-42_loan_v1_v5_simulated_GATv2,_EOPKG_WI-UN-f1-5,42,train_candidate_invalid_probability_mass,0,1781632922028,0.2888294522826736
learn,EOPKG-WI,EOPKGTopologyConditionedWI,8b07202c23874e298ad9b3445b49872d,854778689611649472,_EOPKG_WI-UN-f1-5-42_loan_v1_v5_simulated_GATv2,_EOPKG_WI-UN-f1-5,42,train_candidate_invalid_probability_mass,0,1781632922028,0.2888294522826736
learn,EOPKG-WI,EOPKGTopologyConditionedWI,8b07202c23874e298ad9b3445b49872d,854778689611649472,_EOPKG_WI-UN-f1-5-42_loan_v1_v5_simulated_GATv2,_EOPKG_WI-UN-f1-5,42,train_candidate_invalid_probability_mass,0,1781633078480,0.284808219118793
learn,EOPKG-WI,EOPKGTopologyConditionedWI,8b07202c23874e298ad9b3445b49872d,854778689611649472,_EOPKG_WI-UN-f1-5-42_loan_v1_v5_simulated_GATv2,_EOPKG_WI-UN-f1-5,42,train_candidate_invalid_probability_mass,0,1781633078480,0.284808219118793
learn,EOPKG-WI,EOPKGTopologyConditionedWI,8b07202c23874e298ad9b3445b49872d,854778689611649472,_EOPKG_WI-UN-f1-5-42_loan_v1_v5_simulated_GATv2,_EOPKG_WI-UN-f1-5,42,train_candidate_invalid_probability_mass,0,1781633217961,0.2794431170096269
learn,EOPKG-WI,EOPKGTopologyConditionedWI,8b07202c23874e298ad9b3445b49872d,854778689611649472,_EOPKG_WI-UN-f1-5-42_loan_v1_v5_simulated_GATv2,_EOPKG_WI-UN-f1-5,42,train_candidate_invalid_probability_mass,0,1781633217961,0.2794431170096269
learn,EOPKG-WI,EOPKGTopologyConditionedWI,8b07202c23874e298ad9b3445b49872d,854778689611649472,_EOPKG_WI-UN-f1-5-42_loan_v1_v5_simulated_GATv2,_EOPKG_WI-UN-f1-5,42,train_candidate_invalid_probability_mass,0,1781633334884,0.28075569221344204
learn,EOPKG-WI,EOPKGTopologyConditionedWI,8b07202c23874e298ad9b3445b49872d,854778689611649472,_EOPKG_WI-UN-f1-5-42_loan_v1_v5_simulated_GATv2,_EOPKG_WI-UN-f1-5,42,train_candidate_invalid_probability_mass,0,1781633334884,0.28075569221344204
learn,EOPKG-WI,EOPKGTopologyConditionedWI,8b07202c23874e298ad9b3445b49872d,854778689611649472,_EOPKG_WI-UN-f1-5-42_loan_v1_v5_simulated_GATv2,_EOPKG_WI-UN-f1-5,42,train_candidate_invalid_probability_mass,0,1781633447900,0.2819226765575773
learn,EOPKG-WI,EOPKGTopologyConditionedWI,8b07202c23874e298ad9b3445b49872d,854778689611649472,_EOPKG_WI-UN-f1-5-42_loan_v1_v5_simulated_GATv2,_EOPKG_WI-UN-f1-5,42,train_candidate_invalid_probability_mass,0,1781633447900,0.2819226765575773
learn,EOPKG-WI,EOPKGTopologyConditionedWI,8b07202c23874e298ad9b3445b49872d,854778689611649472,_EOPKG_WI-UN-f1-5-42_loan_v1_v5_simulated_GATv2,_EOPKG_WI-UN-f1-5,42,train_candidate_invalid_probability_mass,0,1781633561556,0.27621125746133407
learn,EOPKG-WI,EOPKGTopologyConditionedWI,8b07202c23874e298ad9b3445b49872d,854778689611649472,_EOPKG_WI-UN-f1-5-42_loan_v1_v5_simulated_GATv2,_EOPKG_WI-UN-f1-5,42,train_candidate_invalid_probability_mass,0,1781633561556,0.27621125746133407
learn,EOPKG-WI,EOPKGTopologyConditionedWI,8b07202c23874e298ad9b3445b49872d,854778689611649472,_EOPKG_WI-UN-f1-5-42_loan_v1_v5_simulated_GATv2,_EOPKG_WI-UN-f1-5,42,train_candidate_invalid_probability_mass,0,1781633675689,0.2732838796413191
learn,EOPKG-WI,EOPKGTopologyConditionedWI,8b07202c23874e298ad9b3445b49872d,854778689611649472,_EOPKG_WI-UN-f1-5-42_loan_v1_v5_simulated_GATv2,_EOPKG_WI-UN-f1-5,42,train_candidate_invalid_probability_mass,0,1781633675689,0.2732838796413191
learn,EOPKG-WI,EOPKGTopologyConditionedWI,8b07202c23874e298ad9b3445b49872d,854778689611649472,_EOPKG_WI-UN-f1-5-42_loan_v1_v5_simulated_GATv2,_EOPKG_WI-UN-f1-5,42,train_candidate_invalid_probability_mass,0,1781633792773,0.27701537512444163
learn,EOPKG-WI,EOPKGTopologyConditionedWI,8b07202c23874e298ad9b3445b49872d,854778689611649472,_EOPKG_WI-UN-f1-5-42_loan_v1_v5_simulated_GATv2,_EOPKG_WI-UN-f1-5,42,train_candidate_invalid_probability_mass,0,1781633792773,0.27701537512444163
learn,EOPKG-WI,EOPKGTopologyConditionedWI,8b07202c23874e298ad9b3445b49872d,854778689611649472,_EOPKG_WI-UN-f1-5-42_loan_v1_v5_simulated_GATv2,_EOPKG_WI-UN-f1-5,42,train_candidate_invalid_probability_mass,0,1781633909995,0.27608610156609636
learn,EOPKG-WI,EOPKGTopologyConditionedWI,8b07202c23874e298ad9b3445b49872d,854778689611649472,_EOPKG_WI-UN-f1-5-42_loan_v1_v5_simulated_GATv2,_EOPKG_WI-UN-f1-5,42,train_candidate_invalid_probability_mass,0,1781633909995,0.27608610156609636
learn,EOPKG-WI,EOPKGTopologyConditionedWI,8b07202c23874e298ad9b3445b49872d,854778689611649472,_EOPKG_WI-UN-f1-5-42_loan_v1_v5_simulated_GATv2,_EOPKG_WI-UN-f1-5,42,train_candidate_invalid_probability_mass,0,1781634204869,0.27490487500480326
learn,EOPKG-WI,EOPKGTopologyConditionedWI,8b07202c23874e298ad9b3445b49872d,854778689611649472,_EOPKG_WI-UN-f1-5-42_loan_v1_v5_simulated_GATv2,_EOPKG_WI-UN-f1-5,42,train_candidate_invalid_probability_mass,0,1781634204869,0.27490487500480326
learn,EOPKG-WI,EOPKGTopologyConditionedWI,8b07202c23874e298ad9b3445b49872d,854778689611649472,_EOPKG_WI-UN-f1-5-42_loan_v1_v5_simulated_GATv2,_EOPKG_WI-UN-f1-5,42,train_candidate_invalid_probability_mass,0,1781634372749,0.2766561355613563
learn,EOPKG-WI,EOPKGTopologyConditionedWI,8b07202c23874e298ad9b3445b49872d,854778689611649472,_EOPKG_WI-UN-f1-5-42_loan_v1_v5_simulated_GATv2,_EOPKG_WI-UN-f1-5,42,train_candidate_invalid_probability_mass,0,1781634372749,0.2766561355613563
learn,EOPKG-WI,EOPKGTopologyConditionedWI,8b07202c23874e298ad9b3445b49872d,854778689611649472,_EOPKG_WI-UN-f1-5-42_loan_v1_v5_simulated_GATv2,_EOPKG_WI-UN-f1-5,42,train_candidate_invalid_probability_mass,0,1781634482738,0.2725154706565678
learn,EOPKG-WI,EOPKGTopologyConditionedWI,8b07202c23874e298ad9b3445b49872d,854778689611649472,_EOPKG_WI-UN-f1-5-42_loan_v1_v5_simulated_GATv2,_EOPKG_WI-UN-f1-5,42,train_candidate_invalid_probability_mass,0,1781634482738,0.2725154706565678
learn,EOPKG-WI,EOPKGTopologyConditionedWI,8b07202c23874e298ad9b3445b49872d,854778689611649472,_EOPKG_WI-UN-f1-5-42_loan_v1_v5_simulated_GATv2,_EOPKG_WI-UN-f1-5,42,train_candidate_invalid_probability_mass,0,1781634595342,0.27211728483580633
learn,EOPKG-WI,EOPKGTopologyConditionedWI,8b07202c23874e298ad9b3445b49872d,854778689611649472,_EOPKG_WI-UN-f1-5-42_loan_v1_v5_simulated_GATv2,_EOPKG_WI-UN-f1-5,42,train_candidate_invalid_probability_mass,0,1781634595342,0.27211728483580633
learn,EOPKG-WI,EOPKGTopologyConditionedWI,8b07202c23874e298ad9b3445b49872d,854778689611649472,_EOPKG_WI-UN-f1-5-42_loan_v1_v5_simulated_GATv2,_EOPKG_WI-UN-f1-5,42,train_candidate_invalid_probability_mass,0,1781634703396,0.27060113859100826
learn,EOPKG-WI,EOPKGTopologyConditionedWI,8b07202c23874e298ad9b3445b49872d,854778689611649472,_EOPKG_WI-UN-f1-5-42_loan_v1_v5_simulated_GATv2,_EOPKG_WI-UN-f1-5,42,train_candidate_invalid_probability_mass,0,1781634703396,0.27060113859100826
learn,EOPKG-WI,EOPKGTopologyConditionedWI,8b07202c23874e298ad9b3445b49872d,854778689611649472,_EOPKG_WI-UN-f1-5-42_loan_v1_v5_simulated_GATv2,_EOPKG_WI-UN-f1-5,42,train_candidate_invalid_probability_mass,0,1781634835736,0.2678622974405607
learn,EOPKG-WI,EOPKGTopologyConditionedWI,8b07202c23874e298ad9b3445b49872d,854778689611649472,_EOPKG_WI-UN-f1-5-42_loan_v1_v5_simulated_GATv2,_EOPKG_WI-UN-f1-5,42,train_candidate_invalid_probability_mass,0,1781634835736,0.2678622974405607
learn,EOPKG-WI,EOPKGTopologyConditionedWI,8b07202c23874e298ad9b3445b49872d,854778689611649472,_EOPKG_WI-UN-f1-5-42_loan_v1_v5_simulated_GATv2,_EOPKG_WI-UN-f1-5,42,train_candidate_invalid_probability_mass,0,1781635030676,0.2676379121780775
learn,EOPKG-WI,EOPKGTopologyConditionedWI,8b07202c23874e298ad9b3445b49872d,854778689611649472,_EOPKG_WI-UN-f1-5-42_loan_v1_v5_simulated_GATv2,_EOPKG_WI-UN-f1-5,42,train_candidate_invalid_probability_mass,0,1781635030676,0.2676379121780775
learn,EOPKG-WI,EOPKGTopologyConditionedWI,8b07202c23874e298ad9b3445b49872d,854778689611649472,_EOPKG_WI-UN-f1-5-42_loan_v1_v5_simulated_GATv2,_EOPKG_WI-UN-f1-5,42,train_candidate_invalid_probability_mass,0,1781635237260,0.2691409462538736
learn,EOPKG-WI,EOPKGTopologyConditionedWI,8b07202c23874e298ad9b3445b49872d,854778689611649472,_EOPKG_WI-UN-f1-5-42_loan_v1_v5_simulated_GATv2,_EOPKG_WI-UN-f1-5,42,train_candidate_invalid_probability_mass,0,1781635237260,0.2691409462538736
learn,EOPKG-WI,EOPKGTopologyConditionedWI,8b07202c23874e298ad9b3445b49872d,854778689611649472,_EOPKG_WI-UN-f1-5-42_loan_v1_v5_simulated_GATv2,_EOPKG_WI-UN-f1-5,42,train_candidate_invalid_probability_mass,0,1781635445199,0.2710156268033011
learn,EOPKG-WI,EOPKGTopologyConditionedWI,8b07202c23874e298ad9b3445b49872d,854778689611649472,_EOPKG_WI-UN-f1-5-42_loan_v1_v5_simulated_GATv2,_EOPKG_WI-UN-f1-5,42,train_candidate_invalid_probability_mass,0,1781635445199,0.2710156268033011
learn,EOPKG-WI,EOPKGTopologyConditionedWI,8b07202c23874e298ad9b3445b49872d,854778689611649472,_EOPKG_WI-UN-f1-5-42_loan_v1_v5_simulated_GATv2,_EOPKG_WI-UN-f1-5,42,train_candidate_invalid_probability_mass,0,1781635637540,0.26844141313684766
learn,EOPKG-WI,EOPKGTopologyConditionedWI,8b07202c23874e298ad9b3445b49872d,854778689611649472,_EOPKG_WI-UN-f1-5-42_loan_v1_v5_simulated_GATv2,_EOPKG_WI-UN-f1-5,42,train_candidate_invalid_probability_mass,0,1781635637540,0.26844141313684766
learn,EOPKG-WI,EOPKGTopologyConditionedWI,8b07202c23874e298ad9b3445b49872d,854778689611649472,_EOPKG_WI-UN-f1-5-42_loan_v1_v5_simulated_GATv2,_EOPKG_WI-UN-f1-5,42,train_candidate_invalid_probability_mass,0,1781635836460,0.26763388182855374
learn,EOPKG-WI,EOPKGTopologyConditionedWI,8b07202c23874e298ad9b3445b49872d,854778689611649472,_EOPKG_WI-UN-f1-5-42_loan_v1_v5_simulated_GATv2,_EOPKG_WI-UN-f1-5,42,train_candidate_invalid_probability_mass,0,1781635836460,0.26763388182855374
learn,EOPKG-WI,EOPKGTopologyConditionedWI,8b07202c23874e298ad9b3445b49872d,854778689611649472,_EOPKG_WI-UN-f1-5-42_loan_v1_v5_simulated_GATv2,_EOPKG_WI-UN-f1-5,42,train_candidate_invalid_probability_mass,0,1781636028905,0.2655166533963669
learn,EOPKG-WI,EOPKGTopologyConditionedWI,8b07202c23874e298ad9b3445b49872d,854778689611649472,_EOPKG_WI-UN-f1-5-42_loan_v1_v5_simulated_GATv2,_EOPKG_WI-UN-f1-5,42,train_candidate_invalid_probability_mass,0,1781636028905,0.2655166533963669
learn,EOPKG-WI,EOPKGTopologyConditionedWI,8b07202c23874e298ad9b3445b49872d,854778689611649472,_EOPKG_WI-UN-f1-5-42_loan_v1_v5_simulated_GATv2,_EOPKG_WI-UN-f1-5,42,train_candidate_invalid_probability_mass,0,1781636228851,0.2646096787742666
learn,EOPKG-WI,EOPKGTopologyConditionedWI,8b07202c23874e298ad9b3445b49872d,854778689611649472,_EOPKG_WI-UN-f1-5-42_loan_v1_v5_simulated_GATv2,_EOPKG_WI-UN-f1-5,42,train_candidate_invalid_probability_mass,0,1781636228851,0.2646096787742666
learn,EOPKG-WI,EOPKGTopologyConditionedWI,8b07202c23874e298ad9b3445b49872d,854778689611649472,_EOPKG_WI-UN-f1-5-42_loan_v1_v5_simulated_GATv2,_EOPKG_WI-UN-f1-5,42,train_candidate_invalid_probability_mass,0,1781636440125,0.2629593199500977
learn,EOPKG-WI,EOPKGTopologyConditionedWI,8b07202c23874e298ad9b3445b49872d,854778689611649472,_EOPKG_WI-UN-f1-5-42_loan_v1_v5_simulated_GATv2,_EOPKG_WI-UN-f1-5,42,train_candidate_invalid_probability_mass,0,1781636440125,0.2629593199500977
learn,EOPKG-WI,EOPKGTopologyConditionedWI,8b07202c23874e298ad9b3445b49872d,854778689611649472,_EOPKG_WI-UN-f1-5-42_loan_v1_v5_simulated_GATv2,_EOPKG_WI-UN-f1-5,42,train_candidate_invalid_probability_mass,0,1781636637050,0.26468743078280327
learn,EOPKG-WI,EOPKGTopologyConditionedWI,8b07202c23874e298ad9b3445b49872d,854778689611649472,_EOPKG_WI-UN-f1-5-42_loan_v1_v5_simulated_GATv2,_EOPKG_WI-UN-f1-5,42,train_candidate_invalid_probability_mass,0,1781636637050,0.26468743078280327
learn,EOPKG-WI,EOPKGTopologyConditionedWI,8b07202c23874e298ad9b3445b49872d,854778689611649472,_EOPKG_WI-UN-f1-5-42_loan_v1_v5_simulated_GATv2,_EOPKG_WI-UN-f1-5,42,train_candidate_invalid_probability_mass,0,1781636836269,0.27025332241444977
learn,EOPKG-WI,EOPKGTopologyConditionedWI,8b07202c23874e298ad9b3445b49872d,854778689611649472,_EOPKG_WI-UN-f1-5-42_loan_v1_v5_simulated_GATv2,_EOPKG_WI-UN-f1-5,42,train_candidate_invalid_probability_mass,0,1781636836269,0.27025332241444977
learn,EOPKG-WI,EOPKGTopologyConditionedWI,8b07202c23874e298ad9b3445b49872d,854778689611649472,_EOPKG_WI-UN-f1-5-42_loan_v1_v5_simulated_GATv2,_EOPKG_WI-UN-f1-5,42,train_candidate_invalid_probability_mass,0,1781636979475,0.2626175214025667
learn,EOPKG-WI,EOPKGTopologyConditionedWI,8b07202c23874e298ad9b3445b49872d,854778689611649472,_EOPKG_WI-UN-f1-5-42_loan_v1_v5_simulated_GATv2,_EOPKG_WI-UN-f1-5,42,train_candidate_invalid_probability_mass,0,1781636979475,0.2626175214025667
learn,EOPKG-WI,EOPKGTopologyConditionedWI,8b07202c23874e298ad9b3445b49872d,854778689611649472,_EOPKG_WI-UN-f1-5-42_loan_v1_v5_simulated_GATv2,_EOPKG_WI-UN-f1-5,42,train_candidate_invalid_probability_mass,0,1781637101082,0.268377398056332
learn,EOPKG-WI,EOPKGTopologyConditionedWI,8b07202c23874e298ad9b3445b49872d,854778689611649472,_EOPKG_WI-UN-f1-5-42_loan_v1_v5_simulated_GATv2,_EOPKG_WI-UN-f1-5,42,train_candidate_invalid_probability_mass,0,1781637101082,0.268377398056332
learn,EOPKG-WI,EOPKGTopologyConditionedWI,8b07202c23874e298ad9b3445b49872d,854778689611649472,_EOPKG_WI-UN-f1-5-42_loan_v1_v5_simulated_GATv2,_EOPKG_WI-UN-f1-5,42,train_candidate_invalid_probability_mass,0,1781637226849,0.2641216291200565
learn,EOPKG-WI,EOPKGTopologyConditionedWI,8b07202c23874e298ad9b3445b49872d,854778689611649472,_EOPKG_WI-UN-f1-5-42_loan_v1_v5_simulated_GATv2,_EOPKG_WI-UN-f1-5,42,train_candidate_invalid_probability_mass,0,1781637226849,0.2641216291200565
learn,EOPKG-WI,EOPKGTopologyConditionedWI,8b07202c23874e298ad9b3445b49872d,854778689611649472,_EOPKG_WI-UN-f1-5-42_loan_v1_v5_simulated_GATv2,_EOPKG_WI-UN-f1-5,42,train_candidate_invalid_probability_mass,0,1781637369640,0.263233832813598
learn,EOPKG-WI,EOPKGTopologyConditionedWI,8b07202c23874e298ad9b3445b49872d,854778689611649472,_EOPKG_WI-UN-f1-5-42_loan_v1_v5_simulated_GATv2,_EOPKG_WI-UN-f1-5,42,train_candidate_invalid_probability_mass,0,1781637369640,0.263233832813598
learn,EOPKG-WI,EOPKGTopologyConditionedWI,8b07202c23874e298ad9b3445b49872d,854778689611649472,_EOPKG_WI-UN-f1-5-42_loan_v1_v5_simulated_GATv2,_EOPKG_WI-UN-f1-5,42,train_candidate_invalid_probability_mass,0,1781637490777,0.2609160779627404
learn,EOPKG-WI,EOPKGTopologyConditionedWI,8b07202c23874e298ad9b3445b49872d,854778689611649472,_EOPKG_WI-UN-f1-5-42_loan_v1_v5_simulated_GATv2,_EOPKG_WI-UN-f1-5,42,train_candidate_invalid_probability_mass,0,1781637490777,0.2609160779627404
learn,EOPKG-WI,EOPKGTopologyConditionedWI,8b07202c23874e298ad9b3445b49872d,854778689611649472,_EOPKG_WI-UN-f1-5-42_loan_v1_v5_simulated_GATv2,_EOPKG_WI-UN-f1-5,42,train_candidate_invalid_probability_mass,0,1781637619533,0.2638062021927538
learn,EOPKG-WI,EOPKGTopologyConditionedWI,8b07202c23874e298ad9b3445b49872d,854778689611649472,_EOPKG_WI-UN-f1-5-42_loan_v1_v5_simulated_GATv2,_EOPKG_WI-UN-f1-5,42,train_candidate_invalid_probability_mass,0,1781637619533,0.2638062021927538
learn,EOPKG-WI,EOPKGTopologyConditionedWI,8b07202c23874e298ad9b3445b49872d,854778689611649472,_EOPKG_WI-UN-f1-5-42_loan_v1_v5_simulated_GATv2,_EOPKG_WI-UN-f1-5,42,train_candidate_invalid_probability_mass,0,1781637740451,0.26313327359470917
learn,EOPKG-WI,EOPKGTopologyConditionedWI,8b07202c23874e298ad9b3445b49872d,854778689611649472,_EOPKG_WI-UN-f1-5-42_loan_v1_v5_simulated_GATv2,_EOPKG_WI-UN-f1-5,42,train_candidate_invalid_probability_mass,0,1781637740451,0.26313327359470917
learn,EOPKG-WI,EOPKGTopologyConditionedWI,8b07202c23874e298ad9b3445b49872d,854778689611649472,_EOPKG_WI-UN-f1-5-42_loan_v1_v5_simulated_GATv2,_EOPKG_WI-UN-f1-5,42,train_candidate_invalid_probability_mass,0,1781637861389,0.2639187379889723
learn,EOPKG-WI,EOPKGTopologyConditionedWI,8b07202c23874e298ad9b3445b49872d,854778689611649472,_EOPKG_WI-UN-f1-5-42_loan_v1_v5_simulated_GATv2,_EOPKG_WI-UN-f1-5,42,train_candidate_invalid_probability_mass,0,1781637861389,0.2639187379889723
learn,EOPKG-WI,EOPKGTopologyConditionedWI,8d2a911a18bb4d61a536433690b744f0,854778689611649472,_EOPKG_WI-UN-f1-5-13_loan_v1_v5_simulated_GATv2,_EOPKG_WI-UN-f1-5,13,train_candidate_invalid_probability_mass,0,1781078383043,0.5454269385584208
learn,EOPKG-WI,EOPKGTopologyConditionedWI,8d2a911a18bb4d61a536433690b744f0,854778689611649472,_EOPKG_WI-UN-f1-5-13_loan_v1_v5_simulated_GATv2,_EOPKG_WI-UN-f1-5,13,train_candidate_invalid_probability_mass,0,1781078383043,0.5454269385584208
learn,EOPKG-WI,EOPKGTopologyConditionedWI,8d2a911a18bb4d61a536433690b744f0,854778689611649472,_EOPKG_WI-UN-f1-5-13_loan_v1_v5_simulated_GATv2,_EOPKG_WI-UN-f1-5,13,train_candidate_invalid_probability_mass,0,1781078518138,0.4280136078833017
learn,EOPKG-WI,EOPKGTopologyConditionedWI,8d2a911a18bb4d61a536433690b744f0,854778689611649472,_EOPKG_WI-UN-f1-5-13_loan_v1_v5_simulated_GATv2,_EOPKG_WI-UN-f1-5,13,train_candidate_invalid_probability_mass,0,1781078518138,0.4280136078833017
learn,EOPKG-WI,EOPKGTopologyConditionedWI,8d2a911a18bb4d61a536433690b744f0,854778689611649472,_EOPKG_WI-UN-f1-5-13_loan_v1_v5_simulated_GATv2,_EOPKG_WI-UN-f1-5,13,train_candidate_invalid_probability_mass,0,1781078638804,0.3907872353856628
learn,EOPKG-WI,EOPKGTopologyConditionedWI,8d2a911a18bb4d61a536433690b744f0,854778689611649472,_EOPKG_WI-UN-f1-5-13_loan_v1_v5_simulated_GATv2,_EOPKG_WI-UN-f1-5,13,train_candidate_invalid_probability_mass,0,1781078638804,0.3907872353856628
learn,EOPKG-WI,EOPKGTopologyConditionedWI,8d2a911a18bb4d61a536433690b744f0,854778689611649472,_EOPKG_WI-UN-f1-5-13_loan_v1_v5_simulated_GATv2,_EOPKG_WI-UN-f1-5,13,train_candidate_invalid_probability_mass,0,1781078757853,0.3766650930402389
learn,EOPKG-WI,EOPKGTopologyConditionedWI,8d2a911a18bb4d61a536433690b744f0,854778689611649472,_EOPKG_WI-UN-f1-5-13_loan_v1_v5_simulated_GATv2,_EOPKG_WI-UN-f1-5,13,train_candidate_invalid_probability_mass,0,1781078757853,0.3766650930402389
learn,EOPKG-WI,EOPKGTopologyConditionedWI,8d2a911a18bb4d61a536433690b744f0,854778689611649472,_EOPKG_WI-UN-f1-5-13_loan_v1_v5_simulated_GATv2,_EOPKG_WI-UN-f1-5,13,train_candidate_invalid_probability_mass,0,1781078887672,0.3595255059686109
learn,EOPKG-WI,EOPKGTopologyConditionedWI,8d2a911a18bb4d61a536433690b744f0,854778689611649472,_EOPKG_WI-UN-f1-5-13_loan_v1_v5_simulated_GATv2,_EOPKG_WI-UN-f1-5,13,train_candidate_invalid_probability_mass,0,1781078887672,0.3595255059686109
learn,EOPKG-WI,EOPKGTopologyConditionedWI,8d2a911a18bb4d61a536433690b744f0,854778689611649472,_EOPKG_WI-UN-f1-5-13_loan_v1_v5_simulated_GATv2,_EOPKG_WI-UN-f1-5,13,train_candidate_invalid_probability_mass,0,1781078998897,0.3485358709940281
learn,EOPKG-WI,EOPKGTopologyConditionedWI,8d2a911a18bb4d61a536433690b744f0,854778689611649472,_EOPKG_WI-UN-f1-5-13_loan_v1_v5_simulated_GATv2,_EOPKG_WI-UN-f1-5,13,train_candidate_invalid_probability_mass,0,1781078998897,0.3485358709940281
learn,EOPKG-WI,EOPKGTopologyConditionedWI,8d2a911a18bb4d61a536433690b744f0,854778689611649472,_EOPKG_WI-UN-f1-5-13_loan_v1_v5_simulated_GATv2,_EOPKG_WI-UN-f1-5,13,train_candidate_invalid_probability_mass,0,1781079111811,0.336720779775057
learn,EOPKG-WI,EOPKGTopologyConditionedWI,8d2a911a18bb4d61a536433690b744f0,854778689611649472,_EOPKG_WI-UN-f1-5-13_loan_v1_v5_simulated_GATv2,_EOPKG_WI-UN-f1-5,13,train_candidate_invalid_probability_mass,0,1781079111811,0.336720779775057
learn,EOPKG-WI,EOPKGTopologyConditionedWI,8d2a911a18bb4d61a536433690b744f0,854778689611649472,_EOPKG_WI-UN-f1-5-13_loan_v1_v5_simulated_GATv2,_EOPKG_WI-UN-f1-5,13,train_candidate_invalid_probability_mass,0,1781079219683,0.33040176175641334
learn,EOPKG-WI,EOPKGTopologyConditionedWI,8d2a911a18bb4d61a536433690b744f0,854778689611649472,_EOPKG_WI-UN-f1-5-13_loan_v1_v5_simulated_GATv2,_EOPKG_WI-UN-f1-5,13,train_candidate_invalid_probability_mass,0,1781079219683,0.33040176175641334
learn,EOPKG-WI,EOPKGTopologyConditionedWI,8d2a911a18bb4d61a536433690b744f0,854778689611649472,_EOPKG_WI-UN-f1-5-13_loan_v1_v5_simulated_GATv2,_EOPKG_WI-UN-f1-5,13,train_candidate_invalid_probability_mass,0,1781079332956,0.3202159143214385
learn,EOPKG-WI,EOPKGTopologyConditionedWI,8d2a911a18bb4d61a536433690b744f0,854778689611649472,_EOPKG_WI-UN-f1-5-13_loan_v1_v5_simulated_GATv2,_EOPKG_WI-UN-f1-5,13,train_candidate_invalid_probability_mass,0,1781079332956,0.3202159143214385
learn,EOPKG-WI,EOPKGTopologyConditionedWI,8d2a911a18bb4d61a536433690b744f0,854778689611649472,_EOPKG_WI-UN-f1-5-13_loan_v1_v5_simulated_GATv2,_EOPKG_WI-UN-f1-5,13,train_candidate_invalid_probability_mass,0,1781079447319,0.3128458937372426
learn,EOPKG-WI,EOPKGTopologyConditionedWI,8d2a911a18bb4d61a536433690b744f0,854778689611649472,_EOPKG_WI-UN-f1-5-13_loan_v1_v5_simulated_GATv2,_EOPKG_WI-UN-f1-5,13,train_candidate_invalid_probability_mass,0,1781079447319,0.3128458937372426
learn,EOPKG-WI,EOPKGTopologyConditionedWI,8d2a911a18bb4d61a536433690b744f0,854778689611649472,_EOPKG_WI-UN-f1-5-13_loan_v1_v5_simulated_GATv2,_EOPKG_WI-UN-f1-5,13,train_candidate_invalid_probability_mass,0,1781079552301,0.3109925598237776
learn,EOPKG-WI,EOPKGTopologyConditionedWI,8d2a911a18bb4d61a536433690b744f0,854778689611649472,_EOPKG_WI-UN-f1-5-13_loan_v1_v5_simulated_GATv2,_EOPKG_WI-UN-f1-5,13,train_candidate_invalid_probability_mass,0,1781079552301,0.3109925598237776
learn,EOPKG-WI,EOPKGTopologyConditionedWI,8d2a911a18bb4d61a536433690b744f0,854778689611649472,_EOPKG_WI-UN-f1-5-13_loan_v1_v5_simulated_GATv2,_EOPKG_WI-UN-f1-5,13,train_candidate_invalid_probability_mass,0,1781079657419,0.3054134338288694
learn,EOPKG-WI,EOPKGTopologyConditionedWI,8d2a911a18bb4d61a536433690b744f0,854778689611649472,_EOPKG_WI-UN-f1-5-13_loan_v1_v5_simulated_GATv2,_EOPKG_WI-UN-f1-5,13,train_candidate_invalid_probability_mass,0,1781079657419,0.3054134338288694
learn,EOPKG-WI,EOPKGTopologyConditionedWI,8d2a911a18bb4d61a536433690b744f0,854778689611649472,_EOPKG_WI-UN-f1-5-13_loan_v1_v5_simulated_GATv2,_EOPKG_WI-UN-f1-5,13,train_candidate_invalid_probability_mass,0,1781079756809,0.2979515070282219
learn,EOPKG-WI,EOPKGTopologyConditionedWI,8d2a911a18bb4d61a536433690b744f0,854778689611649472,_EOPKG_WI-UN-f1-5-13_loan_v1_v5_simulated_GATv2,_EOPKG_WI-UN-f1-5,13,train_candidate_invalid_probability_mass,0,1781079756809,0.2979515070282219
learn,EOPKG-WI,EOPKGTopologyConditionedWI,8d2a911a18bb4d61a536433690b744f0,854778689611649472,_EOPKG_WI-UN-f1-5-13_loan_v1_v5_simulated_GATv2,_EOPKG_WI-UN-f1-5,13,train_candidate_invalid_probability_mass,0,1781079885625,0.29339749087684674
learn,EOPKG-WI,EOPKGTopologyConditionedWI,8d2a911a18bb4d61a536433690b744f0,854778689611649472,_EOPKG_WI-UN-f1-5-13_loan_v1_v5_simulated_GATv2,_EOPKG_WI-UN-f1-5,13,train_candidate_invalid_probability_mass,0,1781079885625,0.29339749087684674
learn,EOPKG-WI,EOPKGTopologyConditionedWI,8d2a911a18bb4d61a536433690b744f0,854778689611649472,_EOPKG_WI-UN-f1-5-13_loan_v1_v5_simulated_GATv2,_EOPKG_WI-UN-f1-5,13,train_candidate_invalid_probability_mass,0,1781080041959,0.2929948882713606
learn,EOPKG-WI,EOPKGTopologyConditionedWI,8d2a911a18bb4d61a536433690b744f0,854778689611649472,_EOPKG_WI-UN-f1-5-13_loan_v1_v5_simulated_GATv2,_EOPKG_WI-UN-f1-5,13,train_candidate_invalid_probability_mass,0,1781080041959,0.2929948882713606
learn,EOPKG-WI,EOPKGTopologyConditionedWI,8d2a911a18bb4d61a536433690b744f0,854778689611649472,_EOPKG_WI-UN-f1-5-13_loan_v1_v5_simulated_GATv2,_EOPKG_WI-UN-f1-5,13,train_candidate_invalid_probability_mass,0,1781080206348,0.2904660476457523
learn,EOPKG-WI,EOPKGTopologyConditionedWI,8d2a911a18bb4d61a536433690b744f0,854778689611649472,_EOPKG_WI-UN-f1-5-13_loan_v1_v5_simulated_GATv2,_EOPKG_WI-UN-f1-5,13,train_candidate_invalid_probability_mass,0,1781080206348,0.2904660476457523
learn,EOPKG-WI,EOPKGTopologyConditionedWI,8d2a911a18bb4d61a536433690b744f0,854778689611649472,_EOPKG_WI-UN-f1-5-13_loan_v1_v5_simulated_GATv2,_EOPKG_WI-UN-f1-5,13,train_candidate_invalid_probability_mass,0,1781080358380,0.2819079159031991
learn,EOPKG-WI,EOPKGTopologyConditionedWI,8d2a911a18bb4d61a536433690b744f0,854778689611649472,_EOPKG_WI-UN-f1-5-13_loan_v1_v5_simulated_GATv2,_EOPKG_WI-UN-f1-5,13,train_candidate_invalid_probability_mass,0,1781080358380,0.2819079159031991
learn,EOPKG-WI,EOPKGTopologyConditionedWI,8d2a911a18bb4d61a536433690b744f0,854778689611649472,_EOPKG_WI-UN-f1-5-13_loan_v1_v5_simulated_GATv2,_EOPKG_WI-UN-f1-5,13,train_candidate_invalid_probability_mass,0,1781080497606,0.28107199733795535
learn,EOPKG-WI,EOPKGTopologyConditionedWI,8d2a911a18bb4d61a536433690b744f0,854778689611649472,_EOPKG_WI-UN-f1-5-13_loan_v1_v5_simulated_GATv2,_EOPKG_WI-UN-f1-5,13,train_candidate_invalid_probability_mass,0,1781080497606,0.28107199733795535
learn,EOPKG-WI,EOPKGTopologyConditionedWI,8d2a911a18bb4d61a536433690b744f0,854778689611649472,_EOPKG_WI-UN-f1-5-13_loan_v1_v5_simulated_GATv2,_EOPKG_WI-UN-f1-5,13,train_candidate_invalid_probability_mass,0,1781080644957,0.2800550150710183
learn,EOPKG-WI,EOPKGTopologyConditionedWI,8d2a911a18bb4d61a536433690b744f0,854778689611649472,_EOPKG_WI-UN-f1-5-13_loan_v1_v5_simulated_GATv2,_EOPKG_WI-UN-f1-5,13,train_candidate_invalid_probability_mass,0,1781080644957,0.2800550150710183
learn,EOPKG-WI,EOPKGTopologyConditionedWI,8d2a911a18bb4d61a536433690b744f0,854778689611649472,_EOPKG_WI-UN-f1-5-13_loan_v1_v5_simulated_GATv2,_EOPKG_WI-UN-f1-5,13,train_candidate_invalid_probability_mass,0,1781080776925,0.27956059871208877
learn,EOPKG-WI,EOPKGTopologyConditionedWI,8d2a911a18bb4d61a536433690b744f0,854778689611649472,_EOPKG_WI-UN-f1-5-13_loan_v1_v5_simulated_GATv2,_EOPKG_WI-UN-f1-5,13,train_candidate_invalid_probability_mass,0,1781080776925,0.27956059871208877
learn,EOPKG-WI,EOPKGTopologyConditionedWI,8d2a911a18bb4d61a536433690b744f0,854778689611649472,_EOPKG_WI-UN-f1-5-13_loan_v1_v5_simulated_GATv2,_EOPKG_WI-UN-f1-5,13,train_candidate_invalid_probability_mass,0,1781080902714,0.2768389100892934
learn,EOPKG-WI,EOPKGTopologyConditionedWI,8d2a911a18bb4d61a536433690b744f0,854778689611649472,_EOPKG_WI-UN-f1-5-13_loan_v1_v5_simulated_GATv2,_EOPKG_WI-UN-f1-5,13,train_candidate_invalid_probability_mass,0,1781080902714,0.2768389100892934
learn,EOPKG-WI,EOPKGTopologyConditionedWI,8d2a911a18bb4d61a536433690b744f0,854778689611649472,_EOPKG_WI-UN-f1-5-13_loan_v1_v5_simulated_GATv2,_EOPKG_WI-UN-f1-5,13,train_candidate_invalid_probability_mass,0,1781081046286,0.27468226433084575
learn,EOPKG-WI,EOPKGTopologyConditionedWI,8d2a911a18bb4d61a536433690b744f0,854778689611649472,_EOPKG_WI-UN-f1-5-13_loan_v1_v5_simulated_GATv2,_EOPKG_WI-UN-f1-5,13,train_candidate_invalid_probability_mass,0,1781081046286,0.27468226433084575
learn,EOPKG-WI,EOPKGTopologyConditionedWI,8d2a911a18bb4d61a536433690b744f0,854778689611649472,_EOPKG_WI-UN-f1-5-13_loan_v1_v5_simulated_GATv2,_EOPKG_WI-UN-f1-5,13,train_candidate_invalid_probability_mass,0,1781081184866,0.27850093471037374
learn,EOPKG-WI,EOPKGTopologyConditionedWI,8d2a911a18bb4d61a536433690b744f0,854778689611649472,_EOPKG_WI-UN-f1-5-13_loan_v1_v5_simulated_GATv2,_EOPKG_WI-UN-f1-5,13,train_candidate_invalid_probability_mass,0,1781081184866,0.27850093471037374
learn,EOPKG-WI,EOPKGTopologyConditionedWI,8d2a911a18bb4d61a536433690b744f0,854778689611649472,_EOPKG_WI-UN-f1-5-13_loan_v1_v5_simulated_GATv2,_EOPKG_WI-UN-f1-5,13,train_candidate_invalid_probability_mass,0,1781081333443,0.2708187485631964
learn,EOPKG-WI,EOPKGTopologyConditionedWI,8d2a911a18bb4d61a536433690b744f0,854778689611649472,_EOPKG_WI-UN-f1-5-13_loan_v1_v5_simulated_GATv2,_EOPKG_WI-UN-f1-5,13,train_candidate_invalid_probability_mass,0,1781081333443,0.2708187485631964
learn,EOPKG-WI,EOPKGTopologyConditionedWI,8d2a911a18bb4d61a536433690b744f0,854778689611649472,_EOPKG_WI-UN-f1-5-13_loan_v1_v5_simulated_GATv2,_EOPKG_WI-UN-f1-5,13,train_candidate_invalid_probability_mass,0,1781081467308,0.2692709283485701
learn,EOPKG-WI,EOPKGTopologyConditionedWI,8d2a911a18bb4d61a536433690b744f0,854778689611649472,_EOPKG_WI-UN-f1-5-13_loan_v1_v5_simulated_GATv2,_EOPKG_WI-UN-f1-5,13,train_candidate_invalid_probability_mass,0,1781081467308,0.2692709283485701
learn,EOPKG-WI,EOPKGTopologyConditionedWI,8d2a911a18bb4d61a536433690b744f0,854778689611649472,_EOPKG_WI-UN-f1-5-13_loan_v1_v5_simulated_GATv2,_EOPKG_WI-UN-f1-5,13,train_candidate_invalid_probability_mass,0,1781081583089,0.2726515531066112
learn,EOPKG-WI,EOPKGTopologyConditionedWI,8d2a911a18bb4d61a536433690b744f0,854778689611649472,_EOPKG_WI-UN-f1-5-13_loan_v1_v5_simulated_GATv2,_EOPKG_WI-UN-f1-5,13,train_candidate_invalid_probability_mass,0,1781081583089,0.2726515531066112
learn,EOPKG-WI,EOPKGTopologyConditionedWI,8d2a911a18bb4d61a536433690b744f0,854778689611649472,_EOPKG_WI-UN-f1-5-13_loan_v1_v5_simulated_GATv2,_EOPKG_WI-UN-f1-5,13,train_candidate_invalid_probability_mass,0,1781081725652,0.266250155167284
learn,EOPKG-WI,EOPKGTopologyConditionedWI,8d2a911a18bb4d61a536433690b744f0,854778689611649472,_EOPKG_WI-UN-f1-5-13_loan_v1_v5_simulated_GATv2,_EOPKG_WI-UN-f1-5,13,train_candidate_invalid_probability_mass,0,1781081725652,0.266250155167284
learn,EOPKG-WI,EOPKGTopologyConditionedWI,8d2a911a18bb4d61a536433690b744f0,854778689611649472,_EOPKG_WI-UN-f1-5-13_loan_v1_v5_simulated_GATv2,_EOPKG_WI-UN-f1-5,13,train_candidate_invalid_probability_mass,0,1781081837803,0.2686289177884737
learn,EOPKG-WI,EOPKGTopologyConditionedWI,8d2a911a18bb4d61a536433690b744f0,854778689611649472,_EOPKG_WI-UN-f1-5-13_loan_v1_v5_simulated_GATv2,_EOPKG_WI-UN-f1-5,13,train_candidate_invalid_probability_mass,0,1781081837803,0.2686289177884737
learn,EOPKG-WI,EOPKGTopologyConditionedWI,8d2a911a18bb4d61a536433690b744f0,854778689611649472,_EOPKG_WI-UN-f1-5-13_loan_v1_v5_simulated_GATv2,_EOPKG_WI-UN-f1-5,13,train_candidate_invalid_probability_mass,0,1781081952435,0.27200762169444503
learn,EOPKG-WI,EOPKGTopologyConditionedWI,8d2a911a18bb4d61a536433690b744f0,854778689611649472,_EOPKG_WI-UN-f1-5-13_loan_v1_v5_simulated_GATv2,_EOPKG_WI-UN-f1-5,13,train_candidate_invalid_probability_mass,0,1781081952435,0.27200762169444503
learn,EOPKG-WI,EOPKGTopologyConditionedWI,8d2a911a18bb4d61a536433690b744f0,854778689611649472,_EOPKG_WI-UN-f1-5-13_loan_v1_v5_simulated_GATv2,_EOPKG_WI-UN-f1-5,13,train_candidate_invalid_probability_mass,0,1781082063744,0.27100292644174756
learn,EOPKG-WI,EOPKGTopologyConditionedWI,8d2a911a18bb4d61a536433690b744f0,854778689611649472,_EOPKG_WI-UN-f1-5-13_loan_v1_v5_simulated_GATv2,_EOPKG_WI-UN-f1-5,13,train_candidate_invalid_probability_mass,0,1781082063744,0.27100292644174756
learn,EOPKG-WI,EOPKGTopologyConditionedWI,8d2a911a18bb4d61a536433690b744f0,854778689611649472,_EOPKG_WI-UN-f1-5-13_loan_v1_v5_simulated_GATv2,_EOPKG_WI-UN-f1-5,13,train_candidate_invalid_probability_mass,0,1781082168873,0.26880510395395735
learn,EOPKG-WI,EOPKGTopologyConditionedWI,8d2a911a18bb4d61a536433690b744f0,854778689611649472,_EOPKG_WI-UN-f1-5-13_loan_v1_v5_simulated_GATv2,_EOPKG_WI-UN-f1-5,13,train_candidate_invalid_probability_mass,0,1781082168873,0.26880510395395735
learn,EOPKG-WI,EOPKGTopologyConditionedWI,8d2a911a18bb4d61a536433690b744f0,854778689611649472,_EOPKG_WI-UN-f1-5-13_loan_v1_v5_simulated_GATv2,_EOPKG_WI-UN-f1-5,13,train_candidate_invalid_probability_mass,0,1781082275370,0.26731217104130217
learn,EOPKG-WI,EOPKGTopologyConditionedWI,8d2a911a18bb4d61a536433690b744f0,854778689611649472,_EOPKG_WI-UN-f1-5-13_loan_v1_v5_simulated_GATv2,_EOPKG_WI-UN-f1-5,13,train_candidate_invalid_probability_mass,0,1781082275370,0.26731217104130217
learn,EOPKG-WI,EOPKGTopologyConditionedWI,8d2a911a18bb4d61a536433690b744f0,854778689611649472,_EOPKG_WI-UN-f1-5-13_loan_v1_v5_simulated_GATv2,_EOPKG_WI-UN-f1-5,13,train_candidate_invalid_probability_mass,0,1781082378388,0.2674812604636191
learn,EOPKG-WI,EOPKGTopologyConditionedWI,8d2a911a18bb4d61a536433690b744f0,854778689611649472,_EOPKG_WI-UN-f1-5-13_loan_v1_v5_simulated_GATv2,_EOPKG_WI-UN-f1-5,13,train_candidate_invalid_probability_mass,0,1781082378388,0.2674812604636191
learn,EOPKG-WI,EOPKGTopologyConditionedWI,8d2a911a18bb4d61a536433690b744f0,854778689611649472,_EOPKG_WI-UN-f1-5-13_loan_v1_v5_simulated_GATv2,_EOPKG_WI-UN-f1-5,13,train_candidate_invalid_probability_mass,0,1781082478889,0.26439827443685365
learn,EOPKG-WI,EOPKGTopologyConditionedWI,8d2a911a18bb4d61a536433690b744f0,854778689611649472,_EOPKG_WI-UN-f1-5-13_loan_v1_v5_simulated_GATv2,_EOPKG_WI-UN-f1-5,13,train_candidate_invalid_probability_mass,0,1781082478889,0.26439827443685365
learn,EOPKG-WI,EOPKGTopologyConditionedWI,8d2a911a18bb4d61a536433690b744f0,854778689611649472,_EOPKG_WI-UN-f1-5-13_loan_v1_v5_simulated_GATv2,_EOPKG_WI-UN-f1-5,13,train_candidate_invalid_probability_mass,0,1781082578736,0.2655823658826052
learn,EOPKG-WI,EOPKGTopologyConditionedWI,8d2a911a18bb4d61a536433690b744f0,854778689611649472,_EOPKG_WI-UN-f1-5-13_loan_v1_v5_simulated_GATv2,_EOPKG_WI-UN-f1-5,13,train_candidate_invalid_probability_mass,0,1781082578736,0.2655823658826052
learn,EOPKG-WI,EOPKGTopologyConditionedWI,8d2a911a18bb4d61a536433690b744f0,854778689611649472,_EOPKG_WI-UN-f1-5-13_loan_v1_v5_simulated_GATv2,_EOPKG_WI-UN-f1-5,13,train_candidate_invalid_probability_mass,0,1781082678323,0.2619808914883148
learn,EOPKG-WI,EOPKGTopologyConditionedWI,8d2a911a18bb4d61a536433690b744f0,854778689611649472,_EOPKG_WI-UN-f1-5-13_loan_v1_v5_simulated_GATv2,_EOPKG_WI-UN-f1-5,13,train_candidate_invalid_probability_mass,0,1781082678323,0.2619808914883148
learn,EOPKG-WI,EOPKGTopologyConditionedWI,8d2a911a18bb4d61a536433690b744f0,854778689611649472,_EOPKG_WI-UN-f1-5-13_loan_v1_v5_simulated_GATv2,_EOPKG_WI-UN-f1-5,13,train_candidate_invalid_probability_mass,0,1781082779833,0.2594799134282126
learn,EOPKG-WI,EOPKGTopologyConditionedWI,8d2a911a18bb4d61a536433690b744f0,854778689611649472,_EOPKG_WI-UN-f1-5-13_loan_v1_v5_simulated_GATv2,_EOPKG_WI-UN-f1-5,13,train_candidate_invalid_probability_mass,0,1781082779833,0.2594799134282126
learn,EOPKG-WI,EOPKGTopologyConditionedWI,8d2a911a18bb4d61a536433690b744f0,854778689611649472,_EOPKG_WI-UN-f1-5-13_loan_v1_v5_simulated_GATv2,_EOPKG_WI-UN-f1-5,13,train_candidate_invalid_probability_mass,0,1781082882547,0.26531147530423815
learn,EOPKG-WI,EOPKGTopologyConditionedWI,8d2a911a18bb4d61a536433690b744f0,854778689611649472,_EOPKG_WI-UN-f1-5-13_loan_v1_v5_simulated_GATv2,_EOPKG_WI-UN-f1-5,13,train_candidate_invalid_probability_mass,0,1781082882547,0.26531147530423815
learn,EOPKG-WI,EOPKGTopologyConditionedWI,8d2a911a18bb4d61a536433690b744f0,854778689611649472,_EOPKG_WI-UN-f1-5-13_loan_v1_v5_simulated_GATv2,_EOPKG_WI-UN-f1-5,13,train_candidate_invalid_probability_mass,0,1781082983538,0.26405759520579974
learn,EOPKG-WI,EOPKGTopologyConditionedWI,8d2a911a18bb4d61a536433690b744f0,854778689611649472,_EOPKG_WI-UN-f1-5-13_loan_v1_v5_simulated_GATv2,_EOPKG_WI-UN-f1-5,13,train_candidate_invalid_probability_mass,0,1781082983538,0.26405759520579974
learn,EOPKG-WI,EOPKGTopologyConditionedWI,8d2a911a18bb4d61a536433690b744f0,854778689611649472,_EOPKG_WI-UN-f1-5-13_loan_v1_v5_simulated_GATv2,_EOPKG_WI-UN-f1-5,13,train_candidate_invalid_probability_mass,0,1781083082742,0.26469571457284435
learn,EOPKG-WI,EOPKGTopologyConditionedWI,8d2a911a18bb4d61a536433690b744f0,854778689611649472,_EOPKG_WI-UN-f1-5-13_loan_v1_v5_simulated_GATv2,_EOPKG_WI-UN-f1-5,13,train_candidate_invalid_probability_mass,0,1781083082742,0.26469571457284435
learn,EOPKG-WI,EOPKGTopologyConditionedWI,8d2a911a18bb4d61a536433690b744f0,854778689611649472,_EOPKG_WI-UN-f1-5-13_loan_v1_v5_simulated_GATv2,_EOPKG_WI-UN-f1-5,13,train_candidate_invalid_probability_mass,0,1781083177931,0.2599140693609779
learn,EOPKG-WI,EOPKGTopologyConditionedWI,8d2a911a18bb4d61a536433690b744f0,854778689611649472,_EOPKG_WI-UN-f1-5-13_loan_v1_v5_simulated_GATv2,_EOPKG_WI-UN-f1-5,13,train_candidate_invalid_probability_mass,0,1781083177931,0.2599140693609779
learn,EOPKG-WI,EOPKGTopologyConditionedWI,8d2a911a18bb4d61a536433690b744f0,854778689611649472,_EOPKG_WI-UN-f1-5-13_loan_v1_v5_simulated_GATv2,_EOPKG_WI-UN-f1-5,13,train_candidate_invalid_probability_mass,0,1781083276174,0.2637211641560298
learn,EOPKG-WI,EOPKGTopologyConditionedWI,8d2a911a18bb4d61a536433690b744f0,854778689611649472,_EOPKG_WI-UN-f1-5-13_loan_v1_v5_simulated_GATv2,_EOPKG_WI-UN-f1-5,13,train_candidate_invalid_probability_mass,0,1781083276174,0.2637211641560298
learn,EOPKG-WI,EOPKGTopologyConditionedWI,8d2a911a18bb4d61a536433690b744f0,854778689611649472,_EOPKG_WI-UN-f1-5-13_loan_v1_v5_simulated_GATv2,_EOPKG_WI-UN-f1-5,13,train_candidate_invalid_probability_mass,0,1781083373909,0.26024595447867777
learn,EOPKG-WI,EOPKGTopologyConditionedWI,8d2a911a18bb4d61a536433690b744f0,854778689611649472,_EOPKG_WI-UN-f1-5-13_loan_v1_v5_simulated_GATv2,_EOPKG_WI-UN-f1-5,13,train_candidate_invalid_probability_mass,0,1781083373909,0.26024595447867777
learn,EOPKG-WI,EOPKGTopologyConditionedWI,8d2a911a18bb4d61a536433690b744f0,854778689611649472,_EOPKG_WI-UN-f1-5-13_loan_v1_v5_simulated_GATv2,_EOPKG_WI-UN-f1-5,13,train_candidate_invalid_probability_mass,0,1781083469983,0.26372382490168694
learn,EOPKG-WI,EOPKGTopologyConditionedWI,8d2a911a18bb4d61a536433690b744f0,854778689611649472,_EOPKG_WI-UN-f1-5-13_loan_v1_v5_simulated_GATv2,_EOPKG_WI-UN-f1-5,13,train_candidate_invalid_probability_mass,0,1781083469983,0.26372382490168694
learn,EOPKG-WI,EOPKGTopologyConditionedWI,8d2a911a18bb4d61a536433690b744f0,854778689611649472,_EOPKG_WI-UN-f1-5-13_loan_v1_v5_simulated_GATv2,_EOPKG_WI-UN-f1-5,13,train_candidate_invalid_probability_mass,0,1781083590228,0.26117107430872744
learn,EOPKG-WI,EOPKGTopologyConditionedWI,8d2a911a18bb4d61a536433690b744f0,854778689611649472,_EOPKG_WI-UN-f1-5-13_loan_v1_v5_simulated_GATv2,_EOPKG_WI-UN-f1-5,13,train_candidate_invalid_probability_mass,0,1781083590228,0.26117107430872744
learn,EOPKG-WI,EOPKGTopologyConditionedWI,8d2a911a18bb4d61a536433690b744f0,854778689611649472,_EOPKG_WI-UN-f1-5-13_loan_v1_v5_simulated_GATv2,_EOPKG_WI-UN-f1-5,13,train_candidate_invalid_probability_mass,0,1781083696674,0.2634580351874256
learn,EOPKG-WI,EOPKGTopologyConditionedWI,8d2a911a18bb4d61a536433690b744f0,854778689611649472,_EOPKG_WI-UN-f1-5-13_loan_v1_v5_simulated_GATv2,_EOPKG_WI-UN-f1-5,13,train_candidate_invalid_probability_mass,0,1781083696674,0.2634580351874256
learn,EOPKG-WI,EOPKGTopologyConditionedWI,8d2a911a18bb4d61a536433690b744f0,854778689611649472,_EOPKG_WI-UN-f1-5-13_loan_v1_v5_simulated_GATv2,_EOPKG_WI-UN-f1-5,13,train_candidate_invalid_probability_mass,0,1781083825906,0.26229362725169175
learn,EOPKG-WI,EOPKGTopologyConditionedWI,8d2a911a18bb4d61a536433690b744f0,854778689611649472,_EOPKG_WI-UN-f1-5-13_loan_v1_v5_simulated_GATv2,_EOPKG_WI-UN-f1-5,13,train_candidate_invalid_probability_mass,0,1781083825906,0.26229362725169175
learn,EOPKG-WI,EOPKGTopologyConditionedWI,8d2a911a18bb4d61a536433690b744f0,854778689611649472,_EOPKG_WI-UN-f1-5-13_loan_v1_v5_simulated_GATv2,_EOPKG_WI-UN-f1-5,13,train_candidate_invalid_probability_mass,0,1781083945565,0.2591588953198992
learn,EOPKG-WI,EOPKGTopologyConditionedWI,8d2a911a18bb4d61a536433690b744f0,854778689611649472,_EOPKG_WI-UN-f1-5-13_loan_v1_v5_simulated_GATv2,_EOPKG_WI-UN-f1-5,13,train_candidate_invalid_probability_mass,0,1781083945565,0.2591588953198992
learn,EOPKG-WI,EOPKGTopologyConditionedWI,8d2a911a18bb4d61a536433690b744f0,854778689611649472,_EOPKG_WI-UN-f1-5-13_loan_v1_v5_simulated_GATv2,_EOPKG_WI-UN-f1-5,13,train_candidate_invalid_probability_mass,0,1781084069196,0.26031343257484074
learn,EOPKG-WI,EOPKGTopologyConditionedWI,8d2a911a18bb4d61a536433690b744f0,854778689611649472,_EOPKG_WI-UN-f1-5-13_loan_v1_v5_simulated_GATv2,_EOPKG_WI-UN-f1-5,13,train_candidate_invalid_probability_mass,0,1781084069196,0.26031343257484074
learn,EOPKG-WI,EOPKGTopologyConditionedWI,8d2a911a18bb4d61a536433690b744f0,854778689611649472,_EOPKG_WI-UN-f1-5-13_loan_v1_v5_simulated_GATv2,_EOPKG_WI-UN-f1-5,13,train_candidate_invalid_probability_mass,0,1781084187892,0.2604182184642752
learn,EOPKG-WI,EOPKGTopologyConditionedWI,8d2a911a18bb4d61a536433690b744f0,854778689611649472,_EOPKG_WI-UN-f1-5-13_loan_v1_v5_simulated_GATv2,_EOPKG_WI-UN-f1-5,13,train_candidate_invalid_probability_mass,0,1781084187892,0.2604182184642752
learn,EOPKG-WI,EOPKGTopologyConditionedWI,a6f92d038fdd4015af0c2ca3d4d657de,854778689611649472,_EOPKG_WI-UN-f1-5-99_loan_v1_v5_simulated_GATv2,_EOPKG_WI-UN-f1-5,99,train_candidate_invalid_probability_mass,0,1781524510250,0.5500815267687951
learn,EOPKG-WI,EOPKGTopologyConditionedWI,a6f92d038fdd4015af0c2ca3d4d657de,854778689611649472,_EOPKG_WI-UN-f1-5-99_loan_v1_v5_simulated_GATv2,_EOPKG_WI-UN-f1-5,99,train_candidate_invalid_probability_mass,0,1781524510250,0.5500815267687951
learn,EOPKG-WI,EOPKGTopologyConditionedWI,a6f92d038fdd4015af0c2ca3d4d657de,854778689611649472,_EOPKG_WI-UN-f1-5-99_loan_v1_v5_simulated_GATv2,_EOPKG_WI-UN-f1-5,99,train_candidate_invalid_probability_mass,0,1781524664829,0.4346366345124328
learn,EOPKG-WI,EOPKGTopologyConditionedWI,a6f92d038fdd4015af0c2ca3d4d657de,854778689611649472,_EOPKG_WI-UN-f1-5-99_loan_v1_v5_simulated_GATv2,_EOPKG_WI-UN-f1-5,99,train_candidate_invalid_probability_mass,0,1781524664829,0.4346366345124328
learn,EOPKG-WI,EOPKGTopologyConditionedWI,a6f92d038fdd4015af0c2ca3d4d657de,854778689611649472,_EOPKG_WI-UN-f1-5-99_loan_v1_v5_simulated_GATv2,_EOPKG_WI-UN-f1-5,99,train_candidate_invalid_probability_mass,0,1781524796621,0.39814190990595066
learn,EOPKG-WI,EOPKGTopologyConditionedWI,a6f92d038fdd4015af0c2ca3d4d657de,854778689611649472,_EOPKG_WI-UN-f1-5-99_loan_v1_v5_simulated_GATv2,_EOPKG_WI-UN-f1-5,99,train_candidate_invalid_probability_mass,0,1781524796621,0.39814190990595066
learn,EOPKG-WI,EOPKGTopologyConditionedWI,a6f92d038fdd4015af0c2ca3d4d657de,854778689611649472,_EOPKG_WI-UN-f1-5-99_loan_v1_v5_simulated_GATv2,_EOPKG_WI-UN-f1-5,99,train_candidate_invalid_probability_mass,0,1781524937681,0.381500909101982
learn,EOPKG-WI,EOPKGTopologyConditionedWI,a6f92d038fdd4015af0c2ca3d4d657de,854778689611649472,_EOPKG_WI-UN-f1-5-99_loan_v1_v5_simulated_GATv2,_EOPKG_WI-UN-f1-5,99,train_candidate_invalid_probability_mass,0,1781524937681,0.381500909101982
learn,EOPKG-WI,EOPKGTopologyConditionedWI,a6f92d038fdd4015af0c2ca3d4d657de,854778689611649472,_EOPKG_WI-UN-f1-5-99_loan_v1_v5_simulated_GATv2,_EOPKG_WI-UN-f1-5,99,train_candidate_invalid_probability_mass,0,1781525077136,0.3683079812077536
learn,EOPKG-WI,EOPKGTopologyConditionedWI,a6f92d038fdd4015af0c2ca3d4d657de,854778689611649472,_EOPKG_WI-UN-f1-5-99_loan_v1_v5_simulated_GATv2,_EOPKG_WI-UN-f1-5,99,train_candidate_invalid_probability_mass,0,1781525077136,0.3683079812077536
learn,EOPKG-WI,EOPKGTopologyConditionedWI,a6f92d038fdd4015af0c2ca3d4d657de,854778689611649472,_EOPKG_WI-UN-f1-5-99_loan_v1_v5_simulated_GATv2,_EOPKG_WI-UN-f1-5,99,train_candidate_invalid_probability_mass,0,1781525208011,0.3594514352575963
learn,EOPKG-WI,EOPKGTopologyConditionedWI,a6f92d038fdd4015af0c2ca3d4d657de,854778689611649472,_EOPKG_WI-UN-f1-5-99_loan_v1_v5_simulated_GATv2,_EOPKG_WI-UN-f1-5,99,train_candidate_invalid_probability_mass,0,1781525208011,0.3594514352575963
learn,EOPKG-WI,EOPKGTopologyConditionedWI,a6f92d038fdd4015af0c2ca3d4d657de,854778689611649472,_EOPKG_WI-UN-f1-5-99_loan_v1_v5_simulated_GATv2,_EOPKG_WI-UN-f1-5,99,train_candidate_invalid_probability_mass,0,1781525379893,0.3527243101587356
learn,EOPKG-WI,EOPKGTopologyConditionedWI,a6f92d038fdd4015af0c2ca3d4d657de,854778689611649472,_EOPKG_WI-UN-f1-5-99_loan_v1_v5_simulated_GATv2,_EOPKG_WI-UN-f1-5,99,train_candidate_invalid_probability_mass,0,1781525379893,0.3527243101587356
learn,EOPKG-WI,EOPKGTopologyConditionedWI,a6f92d038fdd4015af0c2ca3d4d657de,854778689611649472,_EOPKG_WI-UN-f1-5-99_loan_v1_v5_simulated_GATv2,_EOPKG_WI-UN-f1-5,99,train_candidate_invalid_probability_mass,0,1781525777789,0.33941035138499376
learn,EOPKG-WI,EOPKGTopologyConditionedWI,a6f92d038fdd4015af0c2ca3d4d657de,854778689611649472,_EOPKG_WI-UN-f1-5-99_loan_v1_v5_simulated_GATv2,_EOPKG_WI-UN-f1-5,99,train_candidate_invalid_probability_mass,0,1781525777789,0.33941035138499376
learn,EOPKG-WI,EOPKGTopologyConditionedWI,a6f92d038fdd4015af0c2ca3d4d657de,854778689611649472,_EOPKG_WI-UN-f1-5-99_loan_v1_v5_simulated_GATv2,_EOPKG_WI-UN-f1-5,99,train_candidate_invalid_probability_mass,0,1781526075555,0.3353904945766983
learn,EOPKG-WI,EOPKGTopologyConditionedWI,a6f92d038fdd4015af0c2ca3d4d657de,854778689611649472,_EOPKG_WI-UN-f1-5-99_loan_v1_v5_simulated_GATv2,_EOPKG_WI-UN-f1-5,99,train_candidate_invalid_probability_mass,0,1781526075555,0.3353904945766983
learn,EOPKG-WI,EOPKGTopologyConditionedWI,a6f92d038fdd4015af0c2ca3d4d657de,854778689611649472,_EOPKG_WI-UN-f1-5-99_loan_v1_v5_simulated_GATv2,_EOPKG_WI-UN-f1-5,99,train_candidate_invalid_probability_mass,0,1781526300798,0.32505841610067787
learn,EOPKG-WI,EOPKGTopologyConditionedWI,a6f92d038fdd4015af0c2ca3d4d657de,854778689611649472,_EOPKG_WI-UN-f1-5-99_loan_v1_v5_simulated_GATv2,_EOPKG_WI-UN-f1-5,99,train_candidate_invalid_probability_mass,0,1781526300798,0.32505841610067787
learn,EOPKG-WI,EOPKGTopologyConditionedWI,a6f92d038fdd4015af0c2ca3d4d657de,854778689611649472,_EOPKG_WI-UN-f1-5-99_loan_v1_v5_simulated_GATv2,_EOPKG_WI-UN-f1-5,99,train_candidate_invalid_probability_mass,0,1781526644226,0.32294797544354287
learn,EOPKG-WI,EOPKGTopologyConditionedWI,a6f92d038fdd4015af0c2ca3d4d657de,854778689611649472,_EOPKG_WI-UN-f1-5-99_loan_v1_v5_simulated_GATv2,_EOPKG_WI-UN-f1-5,99,train_candidate_invalid_probability_mass,0,1781526644226,0.32294797544354287
learn,EOPKG-WI,EOPKGTopologyConditionedWI,a6f92d038fdd4015af0c2ca3d4d657de,854778689611649472,_EOPKG_WI-UN-f1-5-99_loan_v1_v5_simulated_GATv2,_EOPKG_WI-UN-f1-5,99,train_candidate_invalid_probability_mass,0,1781526909143,0.308174490052111
learn,EOPKG-WI,EOPKGTopologyConditionedWI,a6f92d038fdd4015af0c2ca3d4d657de,854778689611649472,_EOPKG_WI-UN-f1-5-99_loan_v1_v5_simulated_GATv2,_EOPKG_WI-UN-f1-5,99,train_candidate_invalid_probability_mass,0,1781526909143,0.308174490052111
learn,EOPKG-WI,EOPKGTopologyConditionedWI,a6f92d038fdd4015af0c2ca3d4d657de,854778689611649472,_EOPKG_WI-UN-f1-5-99_loan_v1_v5_simulated_GATv2,_EOPKG_WI-UN-f1-5,99,train_candidate_invalid_probability_mass,0,1781527238959,0.3029109938440338
learn,EOPKG-WI,EOPKGTopologyConditionedWI,a6f92d038fdd4015af0c2ca3d4d657de,854778689611649472,_EOPKG_WI-UN-f1-5-99_loan_v1_v5_simulated_GATv2,_EOPKG_WI-UN-f1-5,99,train_candidate_invalid_probability_mass,0,1781527238959,0.3029109938440338
learn,EOPKG-WI,EOPKGTopologyConditionedWI,a6f92d038fdd4015af0c2ca3d4d657de,854778689611649472,_EOPKG_WI-UN-f1-5-99_loan_v1_v5_simulated_GATv2,_EOPKG_WI-UN-f1-5,99,train_candidate_invalid_probability_mass,0,1781527426916,0.29886403871738665
learn,EOPKG-WI,EOPKGTopologyConditionedWI,a6f92d038fdd4015af0c2ca3d4d657de,854778689611649472,_EOPKG_WI-UN-f1-5-99_loan_v1_v5_simulated_GATv2,_EOPKG_WI-UN-f1-5,99,train_candidate_invalid_probability_mass,0,1781527426916,0.29886403871738665
learn,EOPKG-WI,EOPKGTopologyConditionedWI,a6f92d038fdd4015af0c2ca3d4d657de,854778689611649472,_EOPKG_WI-UN-f1-5-99_loan_v1_v5_simulated_GATv2,_EOPKG_WI-UN-f1-5,99,train_candidate_invalid_probability_mass,0,1781527584911,0.3012570226846325
learn,EOPKG-WI,EOPKGTopologyConditionedWI,a6f92d038fdd4015af0c2ca3d4d657de,854778689611649472,_EOPKG_WI-UN-f1-5-99_loan_v1_v5_simulated_GATv2,_EOPKG_WI-UN-f1-5,99,train_candidate_invalid_probability_mass,0,1781527584911,0.3012570226846325
learn,EOPKG-WI,EOPKGTopologyConditionedWI,a6f92d038fdd4015af0c2ca3d4d657de,854778689611649472,_EOPKG_WI-UN-f1-5-99_loan_v1_v5_simulated_GATv2,_EOPKG_WI-UN-f1-5,99,train_candidate_invalid_probability_mass,0,1781527735650,0.29076498685277324
learn,EOPKG-WI,EOPKGTopologyConditionedWI,a6f92d038fdd4015af0c2ca3d4d657de,854778689611649472,_EOPKG_WI-UN-f1-5-99_loan_v1_v5_simulated_GATv2,_EOPKG_WI-UN-f1-5,99,train_candidate_invalid_probability_mass,0,1781527735650,0.29076498685277324
learn,EOPKG-WI,EOPKGTopologyConditionedWI,a6f92d038fdd4015af0c2ca3d4d657de,854778689611649472,_EOPKG_WI-UN-f1-5-99_loan_v1_v5_simulated_GATv2,_EOPKG_WI-UN-f1-5,99,train_candidate_invalid_probability_mass,0,1781527856325,0.2864179920126789
learn,EOPKG-WI,EOPKGTopologyConditionedWI,a6f92d038fdd4015af0c2ca3d4d657de,854778689611649472,_EOPKG_WI-UN-f1-5-99_loan_v1_v5_simulated_GATv2,_EOPKG_WI-UN-f1-5,99,train_candidate_invalid_probability_mass,0,1781527856325,0.2864179920126789
learn,EOPKG-WI,EOPKGTopologyConditionedWI,a6f92d038fdd4015af0c2ca3d4d657de,854778689611649472,_EOPKG_WI-UN-f1-5-99_loan_v1_v5_simulated_GATv2,_EOPKG_WI-UN-f1-5,99,train_candidate_invalid_probability_mass,0,1781527981574,0.2870492178277484
learn,EOPKG-WI,EOPKGTopologyConditionedWI,a6f92d038fdd4015af0c2ca3d4d657de,854778689611649472,_EOPKG_WI-UN-f1-5-99_loan_v1_v5_simulated_GATv2,_EOPKG_WI-UN-f1-5,99,train_candidate_invalid_probability_mass,0,1781527981574,0.2870492178277484
learn,EOPKG-WI,EOPKGTopologyConditionedWI,a6f92d038fdd4015af0c2ca3d4d657de,854778689611649472,_EOPKG_WI-UN-f1-5-99_loan_v1_v5_simulated_GATv2,_EOPKG_WI-UN-f1-5,99,train_candidate_invalid_probability_mass,0,1781528104396,0.28384989163644364
learn,EOPKG-WI,EOPKGTopologyConditionedWI,a6f92d038fdd4015af0c2ca3d4d657de,854778689611649472,_EOPKG_WI-UN-f1-5-99_loan_v1_v5_simulated_GATv2,_EOPKG_WI-UN-f1-5,99,train_candidate_invalid_probability_mass,0,1781528104396,0.28384989163644364
learn,EOPKG-WI,EOPKGTopologyConditionedWI,a6f92d038fdd4015af0c2ca3d4d657de,854778689611649472,_EOPKG_WI-UN-f1-5-99_loan_v1_v5_simulated_GATv2,_EOPKG_WI-UN-f1-5,99,train_candidate_invalid_probability_mass,0,1781528226139,0.2781197625806108
learn,EOPKG-WI,EOPKGTopologyConditionedWI,a6f92d038fdd4015af0c2ca3d4d657de,854778689611649472,_EOPKG_WI-UN-f1-5-99_loan_v1_v5_simulated_GATv2,_EOPKG_WI-UN-f1-5,99,train_candidate_invalid_probability_mass,0,1781528226139,0.2781197625806108
learn,EOPKG-WI,EOPKGTopologyConditionedWI,a6f92d038fdd4015af0c2ca3d4d657de,854778689611649472,_EOPKG_WI-UN-f1-5-99_loan_v1_v5_simulated_GATv2,_EOPKG_WI-UN-f1-5,99,train_candidate_invalid_probability_mass,0,1781528341080,0.28284224993379015
learn,EOPKG-WI,EOPKGTopologyConditionedWI,a6f92d038fdd4015af0c2ca3d4d657de,854778689611649472,_EOPKG_WI-UN-f1-5-99_loan_v1_v5_simulated_GATv2,_EOPKG_WI-UN-f1-5,99,train_candidate_invalid_probability_mass,0,1781528341080,0.28284224993379015
learn,EOPKG-WI,EOPKGTopologyConditionedWI,a6f92d038fdd4015af0c2ca3d4d657de,854778689611649472,_EOPKG_WI-UN-f1-5-99_loan_v1_v5_simulated_GATv2,_EOPKG_WI-UN-f1-5,99,train_candidate_invalid_probability_mass,0,1781528483629,0.27840704635520047
learn,EOPKG-WI,EOPKGTopologyConditionedWI,a6f92d038fdd4015af0c2ca3d4d657de,854778689611649472,_EOPKG_WI-UN-f1-5-99_loan_v1_v5_simulated_GATv2,_EOPKG_WI-UN-f1-5,99,train_candidate_invalid_probability_mass,0,1781528483629,0.27840704635520047
learn,EOPKG-WI,EOPKGTopologyConditionedWI,a6f92d038fdd4015af0c2ca3d4d657de,854778689611649472,_EOPKG_WI-UN-f1-5-99_loan_v1_v5_simulated_GATv2,_EOPKG_WI-UN-f1-5,99,train_candidate_invalid_probability_mass,0,1781528791335,0.27462048849923054
learn,EOPKG-WI,EOPKGTopologyConditionedWI,a6f92d038fdd4015af0c2ca3d4d657de,854778689611649472,_EOPKG_WI-UN-f1-5-99_loan_v1_v5_simulated_GATv2,_EOPKG_WI-UN-f1-5,99,train_candidate_invalid_probability_mass,0,1781528791335,0.27462048849923054
learn,EOPKG-WI,EOPKGTopologyConditionedWI,a6f92d038fdd4015af0c2ca3d4d657de,854778689611649472,_EOPKG_WI-UN-f1-5-99_loan_v1_v5_simulated_GATv2,_EOPKG_WI-UN-f1-5,99,train_candidate_invalid_probability_mass,0,1781528974354,0.2751647630300734
learn,EOPKG-WI,EOPKGTopologyConditionedWI,a6f92d038fdd4015af0c2ca3d4d657de,854778689611649472,_EOPKG_WI-UN-f1-5-99_loan_v1_v5_simulated_GATv2,_EOPKG_WI-UN-f1-5,99,train_candidate_invalid_probability_mass,0,1781528974354,0.2751647630300734
learn,EOPKG-WI,EOPKGTopologyConditionedWI,a6f92d038fdd4015af0c2ca3d4d657de,854778689611649472,_EOPKG_WI-UN-f1-5-99_loan_v1_v5_simulated_GATv2,_EOPKG_WI-UN-f1-5,99,train_candidate_invalid_probability_mass,0,1781529154574,0.276002618414609
learn,EOPKG-WI,EOPKGTopologyConditionedWI,a6f92d038fdd4015af0c2ca3d4d657de,854778689611649472,_EOPKG_WI-UN-f1-5-99_loan_v1_v5_simulated_GATv2,_EOPKG_WI-UN-f1-5,99,train_candidate_invalid_probability_mass,0,1781529154574,0.276002618414609
learn,EOPKG-WI,EOPKGTopologyConditionedWI,a6f92d038fdd4015af0c2ca3d4d657de,854778689611649472,_EOPKG_WI-UN-f1-5-99_loan_v1_v5_simulated_GATv2,_EOPKG_WI-UN-f1-5,99,train_candidate_invalid_probability_mass,0,1781529331894,0.2741699603716406
learn,EOPKG-WI,EOPKGTopologyConditionedWI,a6f92d038fdd4015af0c2ca3d4d657de,854778689611649472,_EOPKG_WI-UN-f1-5-99_loan_v1_v5_simulated_GATv2,_EOPKG_WI-UN-f1-5,99,train_candidate_invalid_probability_mass,0,1781529331894,0.2741699603716406
learn,EOPKG-WI,EOPKGTopologyConditionedWI,a6f92d038fdd4015af0c2ca3d4d657de,854778689611649472,_EOPKG_WI-UN-f1-5-99_loan_v1_v5_simulated_GATv2,_EOPKG_WI-UN-f1-5,99,train_candidate_invalid_probability_mass,0,1781529485791,0.2747906578885353
learn,EOPKG-WI,EOPKGTopologyConditionedWI,a6f92d038fdd4015af0c2ca3d4d657de,854778689611649472,_EOPKG_WI-UN-f1-5-99_loan_v1_v5_simulated_GATv2,_EOPKG_WI-UN-f1-5,99,train_candidate_invalid_probability_mass,0,1781529485791,0.2747906578885353
learn,EOPKG-WI,EOPKGTopologyConditionedWI,a6f92d038fdd4015af0c2ca3d4d657de,854778689611649472,_EOPKG_WI-UN-f1-5-99_loan_v1_v5_simulated_GATv2,_EOPKG_WI-UN-f1-5,99,train_candidate_invalid_probability_mass,0,1781529598536,0.27283920755162716
learn,EOPKG-WI,EOPKGTopologyConditionedWI,a6f92d038fdd4015af0c2ca3d4d657de,854778689611649472,_EOPKG_WI-UN-f1-5-99_loan_v1_v5_simulated_GATv2,_EOPKG_WI-UN-f1-5,99,train_candidate_invalid_probability_mass,0,1781529598536,0.27283920755162716
learn,EOPKG-WI,EOPKGTopologyConditionedWI,a6f92d038fdd4015af0c2ca3d4d657de,854778689611649472,_EOPKG_WI-UN-f1-5-99_loan_v1_v5_simulated_GATv2,_EOPKG_WI-UN-f1-5,99,train_candidate_invalid_probability_mass,0,1781529713007,0.27227036839733065
learn,EOPKG-WI,EOPKGTopologyConditionedWI,a6f92d038fdd4015af0c2ca3d4d657de,854778689611649472,_EOPKG_WI-UN-f1-5-99_loan_v1_v5_simulated_GATv2,_EOPKG_WI-UN-f1-5,99,train_candidate_invalid_probability_mass,0,1781529713007,0.27227036839733065
learn,EOPKG-WI,EOPKGTopologyConditionedWI,a6f92d038fdd4015af0c2ca3d4d657de,854778689611649472,_EOPKG_WI-UN-f1-5-99_loan_v1_v5_simulated_GATv2,_EOPKG_WI-UN-f1-5,99,train_candidate_invalid_probability_mass,0,1781529838624,0.2693393072305878
learn,EOPKG-WI,EOPKGTopologyConditionedWI,a6f92d038fdd4015af0c2ca3d4d657de,854778689611649472,_EOPKG_WI-UN-f1-5-99_loan_v1_v5_simulated_GATv2,_EOPKG_WI-UN-f1-5,99,train_candidate_invalid_probability_mass,0,1781529838624,0.2693393072305878
learn,EOPKG-WI,EOPKGTopologyConditionedWI,a6f92d038fdd4015af0c2ca3d4d657de,854778689611649472,_EOPKG_WI-UN-f1-5-99_loan_v1_v5_simulated_GATv2,_EOPKG_WI-UN-f1-5,99,train_candidate_invalid_probability_mass,0,1781529959516,0.26800191648813804
learn,EOPKG-WI,EOPKGTopologyConditionedWI,a6f92d038fdd4015af0c2ca3d4d657de,854778689611649472,_EOPKG_WI-UN-f1-5-99_loan_v1_v5_simulated_GATv2,_EOPKG_WI-UN-f1-5,99,train_candidate_invalid_probability_mass,0,1781529959516,0.26800191648813804
learn,EOPKG-WI,EOPKGTopologyConditionedWI,a6f92d038fdd4015af0c2ca3d4d657de,854778689611649472,_EOPKG_WI-UN-f1-5-99_loan_v1_v5_simulated_GATv2,_EOPKG_WI-UN-f1-5,99,train_candidate_invalid_probability_mass,0,1781530075570,0.26920319989394687
learn,EOPKG-WI,EOPKGTopologyConditionedWI,a6f92d038fdd4015af0c2ca3d4d657de,854778689611649472,_EOPKG_WI-UN-f1-5-99_loan_v1_v5_simulated_GATv2,_EOPKG_WI-UN-f1-5,99,train_candidate_invalid_probability_mass,0,1781530075570,0.26920319989394687
learn,EOPKG-WI,EOPKGTopologyConditionedWI,a6f92d038fdd4015af0c2ca3d4d657de,854778689611649472,_EOPKG_WI-UN-f1-5-99_loan_v1_v5_simulated_GATv2,_EOPKG_WI-UN-f1-5,99,train_candidate_invalid_probability_mass,0,1781530227337,0.26706322710161556
learn,EOPKG-WI,EOPKGTopologyConditionedWI,a6f92d038fdd4015af0c2ca3d4d657de,854778689611649472,_EOPKG_WI-UN-f1-5-99_loan_v1_v5_simulated_GATv2,_EOPKG_WI-UN-f1-5,99,train_candidate_invalid_probability_mass,0,1781530227337,0.26706322710161556
learn,EOPKG-WI,EOPKGTopologyConditionedWI,a6f92d038fdd4015af0c2ca3d4d657de,854778689611649472,_EOPKG_WI-UN-f1-5-99_loan_v1_v5_simulated_GATv2,_EOPKG_WI-UN-f1-5,99,train_candidate_invalid_probability_mass,0,1781530445047,0.2672839258191885
learn,EOPKG-WI,EOPKGTopologyConditionedWI,a6f92d038fdd4015af0c2ca3d4d657de,854778689611649472,_EOPKG_WI-UN-f1-5-99_loan_v1_v5_simulated_GATv2,_EOPKG_WI-UN-f1-5,99,train_candidate_invalid_probability_mass,0,1781530445047,0.2672839258191885
learn,EOPKG-WI,EOPKGTopologyConditionedWI,a6f92d038fdd4015af0c2ca3d4d657de,854778689611649472,_EOPKG_WI-UN-f1-5-99_loan_v1_v5_simulated_GATv2,_EOPKG_WI-UN-f1-5,99,train_candidate_invalid_probability_mass,0,1781530722446,0.26521635920235764
learn,EOPKG-WI,EOPKGTopologyConditionedWI,a6f92d038fdd4015af0c2ca3d4d657de,854778689611649472,_EOPKG_WI-UN-f1-5-99_loan_v1_v5_simulated_GATv2,_EOPKG_WI-UN-f1-5,99,train_candidate_invalid_probability_mass,0,1781530722446,0.26521635920235764
learn,EOPKG-WI,EOPKGTopologyConditionedWI,a6f92d038fdd4015af0c2ca3d4d657de,854778689611649472,_EOPKG_WI-UN-f1-5-99_loan_v1_v5_simulated_GATv2,_EOPKG_WI-UN-f1-5,99,train_candidate_invalid_probability_mass,0,1781531034768,0.2600545000717257
learn,EOPKG-WI,EOPKGTopologyConditionedWI,a6f92d038fdd4015af0c2ca3d4d657de,854778689611649472,_EOPKG_WI-UN-f1-5-99_loan_v1_v5_simulated_GATv2,_EOPKG_WI-UN-f1-5,99,train_candidate_invalid_probability_mass,0,1781531034768,0.2600545000717257
learn,EOPKG-WI,EOPKGTopologyConditionedWI,a6f92d038fdd4015af0c2ca3d4d657de,854778689611649472,_EOPKG_WI-UN-f1-5-99_loan_v1_v5_simulated_GATv2,_EOPKG_WI-UN-f1-5,99,train_candidate_invalid_probability_mass,0,1781531149968,0.2656786718978791
learn,EOPKG-WI,EOPKGTopologyConditionedWI,a6f92d038fdd4015af0c2ca3d4d657de,854778689611649472,_EOPKG_WI-UN-f1-5-99_loan_v1_v5_simulated_GATv2,_EOPKG_WI-UN-f1-5,99,train_candidate_invalid_probability_mass,0,1781531149968,0.2656786718978791
learn,EOPKG-WI,EOPKGTopologyConditionedWI,a6f92d038fdd4015af0c2ca3d4d657de,854778689611649472,_EOPKG_WI-UN-f1-5-99_loan_v1_v5_simulated_GATv2,_EOPKG_WI-UN-f1-5,99,train_candidate_invalid_probability_mass,0,1781531261242,0.26193036592679486
learn,EOPKG-WI,EOPKGTopologyConditionedWI,a6f92d038fdd4015af0c2ca3d4d657de,854778689611649472,_EOPKG_WI-UN-f1-5-99_loan_v1_v5_simulated_GATv2,_EOPKG_WI-UN-f1-5,99,train_candidate_invalid_probability_mass,0,1781531261242,0.26193036592679486
learn,EOPKG-WI,EOPKGTopologyConditionedWI,a6f92d038fdd4015af0c2ca3d4d657de,854778689611649472,_EOPKG_WI-UN-f1-5-99_loan_v1_v5_simulated_GATv2,_EOPKG_WI-UN-f1-5,99,train_candidate_invalid_probability_mass,0,1781531375084,0.26743975862126285
learn,EOPKG-WI,EOPKGTopologyConditionedWI,a6f92d038fdd4015af0c2ca3d4d657de,854778689611649472,_EOPKG_WI-UN-f1-5-99_loan_v1_v5_simulated_GATv2,_EOPKG_WI-UN-f1-5,99,train_candidate_invalid_probability_mass,0,1781531375084,0.26743975862126285
learn,EOPKG-WI,EOPKGTopologyConditionedWI,a6f92d038fdd4015af0c2ca3d4d657de,854778689611649472,_EOPKG_WI-UN-f1-5-99_loan_v1_v5_simulated_GATv2,_EOPKG_WI-UN-f1-5,99,train_candidate_invalid_probability_mass,0,1781531486030,0.263453508716888
learn,EOPKG-WI,EOPKGTopologyConditionedWI,a6f92d038fdd4015af0c2ca3d4d657de,854778689611649472,_EOPKG_WI-UN-f1-5-99_loan_v1_v5_simulated_GATv2,_EOPKG_WI-UN-f1-5,99,train_candidate_invalid_probability_mass,0,1781531486030,0.263453508716888
learn,EOPKG-WI,EOPKGTopologyConditionedWI,a6f92d038fdd4015af0c2ca3d4d657de,854778689611649472,_EOPKG_WI-UN-f1-5-99_loan_v1_v5_simulated_GATv2,_EOPKG_WI-UN-f1-5,99,train_candidate_invalid_probability_mass,0,1781531594972,0.2592402862678082
learn,EOPKG-WI,EOPKGTopologyConditionedWI,a6f92d038fdd4015af0c2ca3d4d657de,854778689611649472,_EOPKG_WI-UN-f1-5-99_loan_v1_v5_simulated_GATv2,_EOPKG_WI-UN-f1-5,99,train_candidate_invalid_probability_mass,0,1781531594972,0.2592402862678082
learn,EOPKG-WI,EOPKGTopologyConditionedWI,a6f92d038fdd4015af0c2ca3d4d657de,854778689611649472,_EOPKG_WI-UN-f1-5-99_loan_v1_v5_simulated_GATv2,_EOPKG_WI-UN-f1-5,99,train_candidate_invalid_probability_mass,0,1781531703534,0.25705288451265645
learn,EOPKG-WI,EOPKGTopologyConditionedWI,a6f92d038fdd4015af0c2ca3d4d657de,854778689611649472,_EOPKG_WI-UN-f1-5-99_loan_v1_v5_simulated_GATv2,_EOPKG_WI-UN-f1-5,99,train_candidate_invalid_probability_mass,0,1781531703534,0.25705288451265645
learn,EOPKG-WI,EOPKGTopologyConditionedWI,a6f92d038fdd4015af0c2ca3d4d657de,854778689611649472,_EOPKG_WI-UN-f1-5-99_loan_v1_v5_simulated_GATv2,_EOPKG_WI-UN-f1-5,99,train_candidate_invalid_probability_mass,0,1781531811936,0.2610771638979404
learn,EOPKG-WI,EOPKGTopologyConditionedWI,a6f92d038fdd4015af0c2ca3d4d657de,854778689611649472,_EOPKG_WI-UN-f1-5-99_loan_v1_v5_simulated_GATv2,_EOPKG_WI-UN-f1-5,99,train_candidate_invalid_probability_mass,0,1781531811936,0.2610771638979404
learn,EOPKG-WI,EOPKGTopologyConditionedWI,a6f92d038fdd4015af0c2ca3d4d657de,854778689611649472,_EOPKG_WI-UN-f1-5-99_loan_v1_v5_simulated_GATv2,_EOPKG_WI-UN-f1-5,99,train_candidate_invalid_probability_mass,0,1781531921243,0.2578055713390887
learn,EOPKG-WI,EOPKGTopologyConditionedWI,a6f92d038fdd4015af0c2ca3d4d657de,854778689611649472,_EOPKG_WI-UN-f1-5-99_loan_v1_v5_simulated_GATv2,_EOPKG_WI-UN-f1-5,99,train_candidate_invalid_probability_mass,0,1781531921243,0.2578055713390887
learn,EOPKG-WI,EOPKGTopologyConditionedWI,a6f92d038fdd4015af0c2ca3d4d657de,854778689611649472,_EOPKG_WI-UN-f1-5-99_loan_v1_v5_simulated_GATv2,_EOPKG_WI-UN-f1-5,99,train_candidate_invalid_probability_mass,0,1781532029026,0.2582433966413401
learn,EOPKG-WI,EOPKGTopologyConditionedWI,a6f92d038fdd4015af0c2ca3d4d657de,854778689611649472,_EOPKG_WI-UN-f1-5-99_loan_v1_v5_simulated_GATv2,_EOPKG_WI-UN-f1-5,99,train_candidate_invalid_probability_mass,0,1781532029026,0.2582433966413401
learn,EOPKG-WI,EOPKGTopologyConditionedWI,a6f92d038fdd4015af0c2ca3d4d657de,854778689611649472,_EOPKG_WI-UN-f1-5-99_loan_v1_v5_simulated_GATv2,_EOPKG_WI-UN-f1-5,99,train_candidate_invalid_probability_mass,0,1781532136901,0.2546360915221736
learn,EOPKG-WI,EOPKGTopologyConditionedWI,a6f92d038fdd4015af0c2ca3d4d657de,854778689611649472,_EOPKG_WI-UN-f1-5-99_loan_v1_v5_simulated_GATv2,_EOPKG_WI-UN-f1-5,99,train_candidate_invalid_probability_mass,0,1781532136901,0.2546360915221736
learn,EOPKG-WI,EOPKGTopologyConditionedWI,a6f92d038fdd4015af0c2ca3d4d657de,854778689611649472,_EOPKG_WI-UN-f1-5-99_loan_v1_v5_simulated_GATv2,_EOPKG_WI-UN-f1-5,99,train_candidate_invalid_probability_mass,0,1781532245829,0.2605392282357845
learn,EOPKG-WI,EOPKGTopologyConditionedWI,a6f92d038fdd4015af0c2ca3d4d657de,854778689611649472,_EOPKG_WI-UN-f1-5-99_loan_v1_v5_simulated_GATv2,_EOPKG_WI-UN-f1-5,99,train_candidate_invalid_probability_mass,0,1781532245829,0.2605392282357845
learn,EOPKG-WI,EOPKGTopologyConditionedWI,a6f92d038fdd4015af0c2ca3d4d657de,854778689611649472,_EOPKG_WI-UN-f1-5-99_loan_v1_v5_simulated_GATv2,_EOPKG_WI-UN-f1-5,99,train_candidate_invalid_probability_mass,0,1781532359356,0.26002521186308947
learn,EOPKG-WI,EOPKGTopologyConditionedWI,a6f92d038fdd4015af0c2ca3d4d657de,854778689611649472,_EOPKG_WI-UN-f1-5-99_loan_v1_v5_simulated_GATv2,_EOPKG_WI-UN-f1-5,99,train_candidate_invalid_probability_mass,0,1781532359356,0.26002521186308947
learn,EOPKG-WI,EOPKGTopologyConditionedWI,a6f92d038fdd4015af0c2ca3d4d657de,854778689611649472,_EOPKG_WI-UN-f1-5-99_loan_v1_v5_simulated_GATv2,_EOPKG_WI-UN-f1-5,99,train_candidate_invalid_probability_mass,0,1781532468577,0.25973101374833873
learn,EOPKG-WI,EOPKGTopologyConditionedWI,a6f92d038fdd4015af0c2ca3d4d657de,854778689611649472,_EOPKG_WI-UN-f1-5-99_loan_v1_v5_simulated_GATv2,_EOPKG_WI-UN-f1-5,99,train_candidate_invalid_probability_mass,0,1781532468577,0.25973101374833873
learn,EOPKG-WI,EOPKGTopologyConditionedWI,a6f92d038fdd4015af0c2ca3d4d657de,854778689611649472,_EOPKG_WI-UN-f1-5-99_loan_v1_v5_simulated_GATv2,_EOPKG_WI-UN-f1-5,99,train_candidate_invalid_probability_mass,0,1781532578810,0.25814662357297724
learn,EOPKG-WI,EOPKGTopologyConditionedWI,a6f92d038fdd4015af0c2ca3d4d657de,854778689611649472,_EOPKG_WI-UN-f1-5-99_loan_v1_v5_simulated_GATv2,_EOPKG_WI-UN-f1-5,99,train_candidate_invalid_probability_mass,0,1781532578810,0.25814662357297724
learn,EOPKG-WI,EOPKGTopologyConditionedWI,d0cd559af6bc4bcd986fb11b0ed56877,854778689611649472,_EOPKG_WI-UN-f1-5-55_loan_v1_v5_simulated_GATv2,_EOPKG_WI-UN-f1-5,55,train_candidate_invalid_probability_mass,0,1781084760865,0.5429355128296608
learn,EOPKG-WI,EOPKGTopologyConditionedWI,d0cd559af6bc4bcd986fb11b0ed56877,854778689611649472,_EOPKG_WI-UN-f1-5-55_loan_v1_v5_simulated_GATv2,_EOPKG_WI-UN-f1-5,55,train_candidate_invalid_probability_mass,0,1781084760865,0.5429355128296608
learn,EOPKG-WI,EOPKGTopologyConditionedWI,d0cd559af6bc4bcd986fb11b0ed56877,854778689611649472,_EOPKG_WI-UN-f1-5-55_loan_v1_v5_simulated_GATv2,_EOPKG_WI-UN-f1-5,55,train_candidate_invalid_probability_mass,0,1781084905625,0.42882640349466966
learn,EOPKG-WI,EOPKGTopologyConditionedWI,d0cd559af6bc4bcd986fb11b0ed56877,854778689611649472,_EOPKG_WI-UN-f1-5-55_loan_v1_v5_simulated_GATv2,_EOPKG_WI-UN-f1-5,55,train_candidate_invalid_probability_mass,0,1781084905625,0.42882640349466966
learn,EOPKG-WI,EOPKGTopologyConditionedWI,d0cd559af6bc4bcd986fb11b0ed56877,854778689611649472,_EOPKG_WI-UN-f1-5-55_loan_v1_v5_simulated_GATv2,_EOPKG_WI-UN-f1-5,55,train_candidate_invalid_probability_mass,0,1781085019093,0.3925248007563984
learn,EOPKG-WI,EOPKGTopologyConditionedWI,d0cd559af6bc4bcd986fb11b0ed56877,854778689611649472,_EOPKG_WI-UN-f1-5-55_loan_v1_v5_simulated_GATv2,_EOPKG_WI-UN-f1-5,55,train_candidate_invalid_probability_mass,0,1781085019093,0.3925248007563984
learn,EOPKG-WI,EOPKGTopologyConditionedWI,d0cd559af6bc4bcd986fb11b0ed56877,854778689611649472,_EOPKG_WI-UN-f1-5-55_loan_v1_v5_simulated_GATv2,_EOPKG_WI-UN-f1-5,55,train_candidate_invalid_probability_mass,0,1781085130618,0.38431545767477093
learn,EOPKG-WI,EOPKGTopologyConditionedWI,d0cd559af6bc4bcd986fb11b0ed56877,854778689611649472,_EOPKG_WI-UN-f1-5-55_loan_v1_v5_simulated_GATv2,_EOPKG_WI-UN-f1-5,55,train_candidate_invalid_probability_mass,0,1781085130618,0.38431545767477093
learn,EOPKG-WI,EOPKGTopologyConditionedWI,d0cd559af6bc4bcd986fb11b0ed56877,854778689611649472,_EOPKG_WI-UN-f1-5-55_loan_v1_v5_simulated_GATv2,_EOPKG_WI-UN-f1-5,55,train_candidate_invalid_probability_mass,0,1781085250655,0.3683509514896593
learn,EOPKG-WI,EOPKGTopologyConditionedWI,d0cd559af6bc4bcd986fb11b0ed56877,854778689611649472,_EOPKG_WI-UN-f1-5-55_loan_v1_v5_simulated_GATv2,_EOPKG_WI-UN-f1-5,55,train_candidate_invalid_probability_mass,0,1781085250655,0.3683509514896593
learn,EOPKG-WI,EOPKGTopologyConditionedWI,d0cd559af6bc4bcd986fb11b0ed56877,854778689611649472,_EOPKG_WI-UN-f1-5-55_loan_v1_v5_simulated_GATv2,_EOPKG_WI-UN-f1-5,55,train_candidate_invalid_probability_mass,0,1781085376384,0.3611549238048032
learn,EOPKG-WI,EOPKGTopologyConditionedWI,d0cd559af6bc4bcd986fb11b0ed56877,854778689611649472,_EOPKG_WI-UN-f1-5-55_loan_v1_v5_simulated_GATv2,_EOPKG_WI-UN-f1-5,55,train_candidate_invalid_probability_mass,0,1781085376384,0.3611549238048032
learn,EOPKG-WI,EOPKGTopologyConditionedWI,d0cd559af6bc4bcd986fb11b0ed56877,854778689611649472,_EOPKG_WI-UN-f1-5-55_loan_v1_v5_simulated_GATv2,_EOPKG_WI-UN-f1-5,55,train_candidate_invalid_probability_mass,0,1781085480038,0.3514453101376092
learn,EOPKG-WI,EOPKGTopologyConditionedWI,d0cd559af6bc4bcd986fb11b0ed56877,854778689611649472,_EOPKG_WI-UN-f1-5-55_loan_v1_v5_simulated_GATv2,_EOPKG_WI-UN-f1-5,55,train_candidate_invalid_probability_mass,0,1781085480038,0.3514453101376092
learn,EOPKG-WI,EOPKGTopologyConditionedWI,d0cd559af6bc4bcd986fb11b0ed56877,854778689611649472,_EOPKG_WI-UN-f1-5-55_loan_v1_v5_simulated_GATv2,_EOPKG_WI-UN-f1-5,55,train_candidate_invalid_probability_mass,0,1781085594472,0.3458343203192864
learn,EOPKG-WI,EOPKGTopologyConditionedWI,d0cd559af6bc4bcd986fb11b0ed56877,854778689611649472,_EOPKG_WI-UN-f1-5-55_loan_v1_v5_simulated_GATv2,_EOPKG_WI-UN-f1-5,55,train_candidate_invalid_probability_mass,0,1781085594472,0.3458343203192864
learn,EOPKG-WI,EOPKGTopologyConditionedWI,d0cd559af6bc4bcd986fb11b0ed56877,854778689611649472,_EOPKG_WI-UN-f1-5-55_loan_v1_v5_simulated_GATv2,_EOPKG_WI-UN-f1-5,55,train_candidate_invalid_probability_mass,0,1781085722272,0.3428830536873049
learn,EOPKG-WI,EOPKGTopologyConditionedWI,d0cd559af6bc4bcd986fb11b0ed56877,854778689611649472,_EOPKG_WI-UN-f1-5-55_loan_v1_v5_simulated_GATv2,_EOPKG_WI-UN-f1-5,55,train_candidate_invalid_probability_mass,0,1781085722272,0.3428830536873049
learn,EOPKG-WI,EOPKGTopologyConditionedWI,d0cd559af6bc4bcd986fb11b0ed56877,854778689611649472,_EOPKG_WI-UN-f1-5-55_loan_v1_v5_simulated_GATv2,_EOPKG_WI-UN-f1-5,55,train_candidate_invalid_probability_mass,0,1781085847284,0.33222629234123685
learn,EOPKG-WI,EOPKGTopologyConditionedWI,d0cd559af6bc4bcd986fb11b0ed56877,854778689611649472,_EOPKG_WI-UN-f1-5-55_loan_v1_v5_simulated_GATv2,_EOPKG_WI-UN-f1-5,55,train_candidate_invalid_probability_mass,0,1781085847284,0.33222629234123685
learn,EOPKG-WI,EOPKGTopologyConditionedWI,d0cd559af6bc4bcd986fb11b0ed56877,854778689611649472,_EOPKG_WI-UN-f1-5-55_loan_v1_v5_simulated_GATv2,_EOPKG_WI-UN-f1-5,55,train_candidate_invalid_probability_mass,0,1781085974215,0.3245051491099435
learn,EOPKG-WI,EOPKGTopologyConditionedWI,d0cd559af6bc4bcd986fb11b0ed56877,854778689611649472,_EOPKG_WI-UN-f1-5-55_loan_v1_v5_simulated_GATv2,_EOPKG_WI-UN-f1-5,55,train_candidate_invalid_probability_mass,0,1781085974215,0.3245051491099435
learn,EOPKG-WI,EOPKGTopologyConditionedWI,d0cd559af6bc4bcd986fb11b0ed56877,854778689611649472,_EOPKG_WI-UN-f1-5-55_loan_v1_v5_simulated_GATv2,_EOPKG_WI-UN-f1-5,55,train_candidate_invalid_probability_mass,0,1781086100191,0.32229722818339
learn,EOPKG-WI,EOPKGTopologyConditionedWI,d0cd559af6bc4bcd986fb11b0ed56877,854778689611649472,_EOPKG_WI-UN-f1-5-55_loan_v1_v5_simulated_GATv2,_EOPKG_WI-UN-f1-5,55,train_candidate_invalid_probability_mass,0,1781086100191,0.32229722818339
learn,EOPKG-WI,EOPKGTopologyConditionedWI,d0cd559af6bc4bcd986fb11b0ed56877,854778689611649472,_EOPKG_WI-UN-f1-5-55_loan_v1_v5_simulated_GATv2,_EOPKG_WI-UN-f1-5,55,train_candidate_invalid_probability_mass,0,1781086240766,0.31671462197372
learn,EOPKG-WI,EOPKGTopologyConditionedWI,d0cd559af6bc4bcd986fb11b0ed56877,854778689611649472,_EOPKG_WI-UN-f1-5-55_loan_v1_v5_simulated_GATv2,_EOPKG_WI-UN-f1-5,55,train_candidate_invalid_probability_mass,0,1781086240766,0.31671462197372
learn,EOPKG-WI,EOPKGTopologyConditionedWI,d0cd559af6bc4bcd986fb11b0ed56877,854778689611649472,_EOPKG_WI-UN-f1-5-55_loan_v1_v5_simulated_GATv2,_EOPKG_WI-UN-f1-5,55,train_candidate_invalid_probability_mass,0,1781086377310,0.31263464651350376
learn,EOPKG-WI,EOPKGTopologyConditionedWI,d0cd559af6bc4bcd986fb11b0ed56877,854778689611649472,_EOPKG_WI-UN-f1-5-55_loan_v1_v5_simulated_GATv2,_EOPKG_WI-UN-f1-5,55,train_candidate_invalid_probability_mass,0,1781086377310,0.31263464651350376
learn,EOPKG-WI,EOPKGTopologyConditionedWI,d0cd559af6bc4bcd986fb11b0ed56877,854778689611649472,_EOPKG_WI-UN-f1-5-55_loan_v1_v5_simulated_GATv2,_EOPKG_WI-UN-f1-5,55,train_candidate_invalid_probability_mass,0,1781086498625,0.3074082990661145
learn,EOPKG-WI,EOPKGTopologyConditionedWI,d0cd559af6bc4bcd986fb11b0ed56877,854778689611649472,_EOPKG_WI-UN-f1-5-55_loan_v1_v5_simulated_GATv2,_EOPKG_WI-UN-f1-5,55,train_candidate_invalid_probability_mass,0,1781086498625,0.3074082990661145
learn,EOPKG-WI,EOPKGTopologyConditionedWI,d0cd559af6bc4bcd986fb11b0ed56877,854778689611649472,_EOPKG_WI-UN-f1-5-55_loan_v1_v5_simulated_GATv2,_EOPKG_WI-UN-f1-5,55,train_candidate_invalid_probability_mass,0,1781086635665,0.3046849046394063
learn,EOPKG-WI,EOPKGTopologyConditionedWI,d0cd559af6bc4bcd986fb11b0ed56877,854778689611649472,_EOPKG_WI-UN-f1-5-55_loan_v1_v5_simulated_GATv2,_EOPKG_WI-UN-f1-5,55,train_candidate_invalid_probability_mass,0,1781086635665,0.3046849046394063
learn,EOPKG-WI,EOPKGTopologyConditionedWI,d0cd559af6bc4bcd986fb11b0ed56877,854778689611649472,_EOPKG_WI-UN-f1-5-55_loan_v1_v5_simulated_GATv2,_EOPKG_WI-UN-f1-5,55,train_candidate_invalid_probability_mass,0,1781086763206,0.3028274560154716
learn,EOPKG-WI,EOPKGTopologyConditionedWI,d0cd559af6bc4bcd986fb11b0ed56877,854778689611649472,_EOPKG_WI-UN-f1-5-55_loan_v1_v5_simulated_GATv2,_EOPKG_WI-UN-f1-5,55,train_candidate_invalid_probability_mass,0,1781086763206,0.3028274560154716
learn,EOPKG-WI,EOPKGTopologyConditionedWI,d0cd559af6bc4bcd986fb11b0ed56877,854778689611649472,_EOPKG_WI-UN-f1-5-55_loan_v1_v5_simulated_GATv2,_EOPKG_WI-UN-f1-5,55,train_candidate_invalid_probability_mass,0,1781086916961,0.2973003240808584
learn,EOPKG-WI,EOPKGTopologyConditionedWI,d0cd559af6bc4bcd986fb11b0ed56877,854778689611649472,_EOPKG_WI-UN-f1-5-55_loan_v1_v5_simulated_GATv2,_EOPKG_WI-UN-f1-5,55,train_candidate_invalid_probability_mass,0,1781086916961,0.2973003240808584
learn,EOPKG-WI,EOPKGTopologyConditionedWI,d0cd559af6bc4bcd986fb11b0ed56877,854778689611649472,_EOPKG_WI-UN-f1-5-55_loan_v1_v5_simulated_GATv2,_EOPKG_WI-UN-f1-5,55,train_candidate_invalid_probability_mass,0,1781087042201,0.2977018007129099
learn,EOPKG-WI,EOPKGTopologyConditionedWI,d0cd559af6bc4bcd986fb11b0ed56877,854778689611649472,_EOPKG_WI-UN-f1-5-55_loan_v1_v5_simulated_GATv2,_EOPKG_WI-UN-f1-5,55,train_candidate_invalid_probability_mass,0,1781087042201,0.2977018007129099
learn,EOPKG-WI,EOPKGTopologyConditionedWI,d0cd559af6bc4bcd986fb11b0ed56877,854778689611649472,_EOPKG_WI-UN-f1-5-55_loan_v1_v5_simulated_GATv2,_EOPKG_WI-UN-f1-5,55,train_candidate_invalid_probability_mass,0,1781087169159,0.2910141646388225
learn,EOPKG-WI,EOPKGTopologyConditionedWI,d0cd559af6bc4bcd986fb11b0ed56877,854778689611649472,_EOPKG_WI-UN-f1-5-55_loan_v1_v5_simulated_GATv2,_EOPKG_WI-UN-f1-5,55,train_candidate_invalid_probability_mass,0,1781087169159,0.2910141646388225
learn,EOPKG-WI,EOPKGTopologyConditionedWI,d0cd559af6bc4bcd986fb11b0ed56877,854778689611649472,_EOPKG_WI-UN-f1-5-55_loan_v1_v5_simulated_GATv2,_EOPKG_WI-UN-f1-5,55,train_candidate_invalid_probability_mass,0,1781087301276,0.28860840123200077
learn,EOPKG-WI,EOPKGTopologyConditionedWI,d0cd559af6bc4bcd986fb11b0ed56877,854778689611649472,_EOPKG_WI-UN-f1-5-55_loan_v1_v5_simulated_GATv2,_EOPKG_WI-UN-f1-5,55,train_candidate_invalid_probability_mass,0,1781087301276,0.28860840123200077
learn,EOPKG-WI,EOPKGTopologyConditionedWI,d0cd559af6bc4bcd986fb11b0ed56877,854778689611649472,_EOPKG_WI-UN-f1-5-55_loan_v1_v5_simulated_GATv2,_EOPKG_WI-UN-f1-5,55,train_candidate_invalid_probability_mass,0,1781087467322,0.2861167854601325
learn,EOPKG-WI,EOPKGTopologyConditionedWI,d0cd559af6bc4bcd986fb11b0ed56877,854778689611649472,_EOPKG_WI-UN-f1-5-55_loan_v1_v5_simulated_GATv2,_EOPKG_WI-UN-f1-5,55,train_candidate_invalid_probability_mass,0,1781087467322,0.2861167854601325
learn,EOPKG-WI,EOPKGTopologyConditionedWI,d0cd559af6bc4bcd986fb11b0ed56877,854778689611649472,_EOPKG_WI-UN-f1-5-55_loan_v1_v5_simulated_GATv2,_EOPKG_WI-UN-f1-5,55,train_candidate_invalid_probability_mass,0,1781087686397,0.2819503945652366
learn,EOPKG-WI,EOPKGTopologyConditionedWI,d0cd559af6bc4bcd986fb11b0ed56877,854778689611649472,_EOPKG_WI-UN-f1-5-55_loan_v1_v5_simulated_GATv2,_EOPKG_WI-UN-f1-5,55,train_candidate_invalid_probability_mass,0,1781087686397,0.2819503945652366
learn,EOPKG-WI,EOPKGTopologyConditionedWI,d0cd559af6bc4bcd986fb11b0ed56877,854778689611649472,_EOPKG_WI-UN-f1-5-55_loan_v1_v5_simulated_GATv2,_EOPKG_WI-UN-f1-5,55,train_candidate_invalid_probability_mass,0,1781087866794,0.28502587687419595
learn,EOPKG-WI,EOPKGTopologyConditionedWI,d0cd559af6bc4bcd986fb11b0ed56877,854778689611649472,_EOPKG_WI-UN-f1-5-55_loan_v1_v5_simulated_GATv2,_EOPKG_WI-UN-f1-5,55,train_candidate_invalid_probability_mass,0,1781087866794,0.28502587687419595
learn,EOPKG-WI,EOPKGTopologyConditionedWI,d0cd559af6bc4bcd986fb11b0ed56877,854778689611649472,_EOPKG_WI-UN-f1-5-55_loan_v1_v5_simulated_GATv2,_EOPKG_WI-UN-f1-5,55,train_candidate_invalid_probability_mass,0,1781088061522,0.2814636763499158
learn,EOPKG-WI,EOPKGTopologyConditionedWI,d0cd559af6bc4bcd986fb11b0ed56877,854778689611649472,_EOPKG_WI-UN-f1-5-55_loan_v1_v5_simulated_GATv2,_EOPKG_WI-UN-f1-5,55,train_candidate_invalid_probability_mass,0,1781088061522,0.2814636763499158
learn,EOPKG-WI,EOPKGTopologyConditionedWI,d0cd559af6bc4bcd986fb11b0ed56877,854778689611649472,_EOPKG_WI-UN-f1-5-55_loan_v1_v5_simulated_GATv2,_EOPKG_WI-UN-f1-5,55,train_candidate_invalid_probability_mass,0,1781088197081,0.2810156450078294
learn,EOPKG-WI,EOPKGTopologyConditionedWI,d0cd559af6bc4bcd986fb11b0ed56877,854778689611649472,_EOPKG_WI-UN-f1-5-55_loan_v1_v5_simulated_GATv2,_EOPKG_WI-UN-f1-5,55,train_candidate_invalid_probability_mass,0,1781088197081,0.2810156450078294
learn,EOPKG-WI,EOPKGTopologyConditionedWI,d0cd559af6bc4bcd986fb11b0ed56877,854778689611649472,_EOPKG_WI-UN-f1-5-55_loan_v1_v5_simulated_GATv2,_EOPKG_WI-UN-f1-5,55,train_candidate_invalid_probability_mass,0,1781088322293,0.2789543537816865
learn,EOPKG-WI,EOPKGTopologyConditionedWI,d0cd559af6bc4bcd986fb11b0ed56877,854778689611649472,_EOPKG_WI-UN-f1-5-55_loan_v1_v5_simulated_GATv2,_EOPKG_WI-UN-f1-5,55,train_candidate_invalid_probability_mass,0,1781088322293,0.2789543537816865
learn,EOPKG-WI,EOPKGTopologyConditionedWI,d0cd559af6bc4bcd986fb11b0ed56877,854778689611649472,_EOPKG_WI-UN-f1-5-55_loan_v1_v5_simulated_GATv2,_EOPKG_WI-UN-f1-5,55,train_candidate_invalid_probability_mass,0,1781088439718,0.2769804859151901
learn,EOPKG-WI,EOPKGTopologyConditionedWI,d0cd559af6bc4bcd986fb11b0ed56877,854778689611649472,_EOPKG_WI-UN-f1-5-55_loan_v1_v5_simulated_GATv2,_EOPKG_WI-UN-f1-5,55,train_candidate_invalid_probability_mass,0,1781088439718,0.2769804859151901
learn,EOPKG-WI,EOPKGTopologyConditionedWI,d0cd559af6bc4bcd986fb11b0ed56877,854778689611649472,_EOPKG_WI-UN-f1-5-55_loan_v1_v5_simulated_GATv2,_EOPKG_WI-UN-f1-5,55,train_candidate_invalid_probability_mass,0,1781088560904,0.2788794706375686
learn,EOPKG-WI,EOPKGTopologyConditionedWI,d0cd559af6bc4bcd986fb11b0ed56877,854778689611649472,_EOPKG_WI-UN-f1-5-55_loan_v1_v5_simulated_GATv2,_EOPKG_WI-UN-f1-5,55,train_candidate_invalid_probability_mass,0,1781088560904,0.2788794706375686
learn,EOPKG-WI,EOPKGTopologyConditionedWI,d0cd559af6bc4bcd986fb11b0ed56877,854778689611649472,_EOPKG_WI-UN-f1-5-55_loan_v1_v5_simulated_GATv2,_EOPKG_WI-UN-f1-5,55,train_candidate_invalid_probability_mass,0,1781088685250,0.2737979499448464
learn,EOPKG-WI,EOPKGTopologyConditionedWI,d0cd559af6bc4bcd986fb11b0ed56877,854778689611649472,_EOPKG_WI-UN-f1-5-55_loan_v1_v5_simulated_GATv2,_EOPKG_WI-UN-f1-5,55,train_candidate_invalid_probability_mass,0,1781088685250,0.2737979499448464
learn,EOPKG-WI,EOPKGTopologyConditionedWI,d0cd559af6bc4bcd986fb11b0ed56877,854778689611649472,_EOPKG_WI-UN-f1-5-55_loan_v1_v5_simulated_GATv2,_EOPKG_WI-UN-f1-5,55,train_candidate_invalid_probability_mass,0,1781088850752,0.2757593300933868
learn,EOPKG-WI,EOPKGTopologyConditionedWI,d0cd559af6bc4bcd986fb11b0ed56877,854778689611649472,_EOPKG_WI-UN-f1-5-55_loan_v1_v5_simulated_GATv2,_EOPKG_WI-UN-f1-5,55,train_candidate_invalid_probability_mass,0,1781088850752,0.2757593300933868
learn,EOPKG-WI,EOPKGTopologyConditionedWI,d0cd559af6bc4bcd986fb11b0ed56877,854778689611649472,_EOPKG_WI-UN-f1-5-55_loan_v1_v5_simulated_GATv2,_EOPKG_WI-UN-f1-5,55,train_candidate_invalid_probability_mass,0,1781089029288,0.2759381535511896
learn,EOPKG-WI,EOPKGTopologyConditionedWI,d0cd559af6bc4bcd986fb11b0ed56877,854778689611649472,_EOPKG_WI-UN-f1-5-55_loan_v1_v5_simulated_GATv2,_EOPKG_WI-UN-f1-5,55,train_candidate_invalid_probability_mass,0,1781089029288,0.2759381535511896
learn,EOPKG-WI,EOPKGTopologyConditionedWI,d0cd559af6bc4bcd986fb11b0ed56877,854778689611649472,_EOPKG_WI-UN-f1-5-55_loan_v1_v5_simulated_GATv2,_EOPKG_WI-UN-f1-5,55,train_candidate_invalid_probability_mass,0,1781089181218,0.2706972489722772
learn,EOPKG-WI,EOPKGTopologyConditionedWI,d0cd559af6bc4bcd986fb11b0ed56877,854778689611649472,_EOPKG_WI-UN-f1-5-55_loan_v1_v5_simulated_GATv2,_EOPKG_WI-UN-f1-5,55,train_candidate_invalid_probability_mass,0,1781089181218,0.2706972489722772
learn,EOPKG-WI,EOPKGTopologyConditionedWI,d0cd559af6bc4bcd986fb11b0ed56877,854778689611649472,_EOPKG_WI-UN-f1-5-55_loan_v1_v5_simulated_GATv2,_EOPKG_WI-UN-f1-5,55,train_candidate_invalid_probability_mass,0,1781089294748,0.2726608184070011
learn,EOPKG-WI,EOPKGTopologyConditionedWI,d0cd559af6bc4bcd986fb11b0ed56877,854778689611649472,_EOPKG_WI-UN-f1-5-55_loan_v1_v5_simulated_GATv2,_EOPKG_WI-UN-f1-5,55,train_candidate_invalid_probability_mass,0,1781089294748,0.2726608184070011
learn,EOPKG-WI,EOPKGTopologyConditionedWI,d0cd559af6bc4bcd986fb11b0ed56877,854778689611649472,_EOPKG_WI-UN-f1-5-55_loan_v1_v5_simulated_GATv2,_EOPKG_WI-UN-f1-5,55,train_candidate_invalid_probability_mass,0,1781089418972,0.27248736379730304
learn,EOPKG-WI,EOPKGTopologyConditionedWI,d0cd559af6bc4bcd986fb11b0ed56877,854778689611649472,_EOPKG_WI-UN-f1-5-55_loan_v1_v5_simulated_GATv2,_EOPKG_WI-UN-f1-5,55,train_candidate_invalid_probability_mass,0,1781089418972,0.27248736379730304
learn,EOPKG-WI,EOPKGTopologyConditionedWI,d0cd559af6bc4bcd986fb11b0ed56877,854778689611649472,_EOPKG_WI-UN-f1-5-55_loan_v1_v5_simulated_GATv2,_EOPKG_WI-UN-f1-5,55,train_candidate_invalid_probability_mass,0,1781089531815,0.27206441182021307
learn,EOPKG-WI,EOPKGTopologyConditionedWI,d0cd559af6bc4bcd986fb11b0ed56877,854778689611649472,_EOPKG_WI-UN-f1-5-55_loan_v1_v5_simulated_GATv2,_EOPKG_WI-UN-f1-5,55,train_candidate_invalid_probability_mass,0,1781089531815,0.27206441182021307
learn,EOPKG-WI,EOPKGTopologyConditionedWI,d0cd559af6bc4bcd986fb11b0ed56877,854778689611649472,_EOPKG_WI-UN-f1-5-55_loan_v1_v5_simulated_GATv2,_EOPKG_WI-UN-f1-5,55,train_candidate_invalid_probability_mass,0,1781089685201,0.27093356228263277
learn,EOPKG-WI,EOPKGTopologyConditionedWI,d0cd559af6bc4bcd986fb11b0ed56877,854778689611649472,_EOPKG_WI-UN-f1-5-55_loan_v1_v5_simulated_GATv2,_EOPKG_WI-UN-f1-5,55,train_candidate_invalid_probability_mass,0,1781089685201,0.27093356228263277
learn,EOPKG-WI,EOPKGTopologyConditionedWI,d0cd559af6bc4bcd986fb11b0ed56877,854778689611649472,_EOPKG_WI-UN-f1-5-55_loan_v1_v5_simulated_GATv2,_EOPKG_WI-UN-f1-5,55,train_candidate_invalid_probability_mass,0,1781089795859,0.2756483596771813
learn,EOPKG-WI,EOPKGTopologyConditionedWI,d0cd559af6bc4bcd986fb11b0ed56877,854778689611649472,_EOPKG_WI-UN-f1-5-55_loan_v1_v5_simulated_GATv2,_EOPKG_WI-UN-f1-5,55,train_candidate_invalid_probability_mass,0,1781089795859,0.2756483596771813
learn,EOPKG-WI,EOPKGTopologyConditionedWI,d0cd559af6bc4bcd986fb11b0ed56877,854778689611649472,_EOPKG_WI-UN-f1-5-55_loan_v1_v5_simulated_GATv2,_EOPKG_WI-UN-f1-5,55,train_candidate_invalid_probability_mass,0,1781089904481,0.2695664872662631
learn,EOPKG-WI,EOPKGTopologyConditionedWI,d0cd559af6bc4bcd986fb11b0ed56877,854778689611649472,_EOPKG_WI-UN-f1-5-55_loan_v1_v5_simulated_GATv2,_EOPKG_WI-UN-f1-5,55,train_candidate_invalid_probability_mass,0,1781089904481,0.2695664872662631
learn,EOPKG-WI,EOPKGTopologyConditionedWI,d0cd559af6bc4bcd986fb11b0ed56877,854778689611649472,_EOPKG_WI-UN-f1-5-55_loan_v1_v5_simulated_GATv2,_EOPKG_WI-UN-f1-5,55,train_candidate_invalid_probability_mass,0,1781090053335,0.27277372595047156
learn,EOPKG-WI,EOPKGTopologyConditionedWI,d0cd559af6bc4bcd986fb11b0ed56877,854778689611649472,_EOPKG_WI-UN-f1-5-55_loan_v1_v5_simulated_GATv2,_EOPKG_WI-UN-f1-5,55,train_candidate_invalid_probability_mass,0,1781090053335,0.27277372595047156
learn,EOPKG-WI,EOPKGTopologyConditionedWI,d0cd559af6bc4bcd986fb11b0ed56877,854778689611649472,_EOPKG_WI-UN-f1-5-55_loan_v1_v5_simulated_GATv2,_EOPKG_WI-UN-f1-5,55,train_candidate_invalid_probability_mass,0,1781090215793,0.2691522483700599
learn,EOPKG-WI,EOPKGTopologyConditionedWI,d0cd559af6bc4bcd986fb11b0ed56877,854778689611649472,_EOPKG_WI-UN-f1-5-55_loan_v1_v5_simulated_GATv2,_EOPKG_WI-UN-f1-5,55,train_candidate_invalid_probability_mass,0,1781090215793,0.2691522483700599
learn,EOPKG-WI,EOPKGTopologyConditionedWI,d0cd559af6bc4bcd986fb11b0ed56877,854778689611649472,_EOPKG_WI-UN-f1-5-55_loan_v1_v5_simulated_GATv2,_EOPKG_WI-UN-f1-5,55,train_candidate_invalid_probability_mass,0,1781090386454,0.2666633217010665
learn,EOPKG-WI,EOPKGTopologyConditionedWI,d0cd559af6bc4bcd986fb11b0ed56877,854778689611649472,_EOPKG_WI-UN-f1-5-55_loan_v1_v5_simulated_GATv2,_EOPKG_WI-UN-f1-5,55,train_candidate_invalid_probability_mass,0,1781090386454,0.2666633217010665
learn,EOPKG-WI,EOPKGTopologyConditionedWI,d0cd559af6bc4bcd986fb11b0ed56877,854778689611649472,_EOPKG_WI-UN-f1-5-55_loan_v1_v5_simulated_GATv2,_EOPKG_WI-UN-f1-5,55,train_candidate_invalid_probability_mass,0,1781090525089,0.2673869410882125
learn,EOPKG-WI,EOPKGTopologyConditionedWI,d0cd559af6bc4bcd986fb11b0ed56877,854778689611649472,_EOPKG_WI-UN-f1-5-55_loan_v1_v5_simulated_GATv2,_EOPKG_WI-UN-f1-5,55,train_candidate_invalid_probability_mass,0,1781090525089,0.2673869410882125
learn,EOPKG-WI,EOPKGTopologyConditionedWI,d0cd559af6bc4bcd986fb11b0ed56877,854778689611649472,_EOPKG_WI-UN-f1-5-55_loan_v1_v5_simulated_GATv2,_EOPKG_WI-UN-f1-5,55,train_candidate_invalid_probability_mass,0,1781090639774,0.26595439393493825
learn,EOPKG-WI,EOPKGTopologyConditionedWI,d0cd559af6bc4bcd986fb11b0ed56877,854778689611649472,_EOPKG_WI-UN-f1-5-55_loan_v1_v5_simulated_GATv2,_EOPKG_WI-UN-f1-5,55,train_candidate_invalid_probability_mass,0,1781090639774,0.26595439393493825
learn,EOPKG-WI,EOPKGTopologyConditionedWI,d0cd559af6bc4bcd986fb11b0ed56877,854778689611649472,_EOPKG_WI-UN-f1-5-55_loan_v1_v5_simulated_GATv2,_EOPKG_WI-UN-f1-5,55,train_candidate_invalid_probability_mass,0,1781090748221,0.2684323149947938
learn,EOPKG-WI,EOPKGTopologyConditionedWI,d0cd559af6bc4bcd986fb11b0ed56877,854778689611649472,_EOPKG_WI-UN-f1-5-55_loan_v1_v5_simulated_GATv2,_EOPKG_WI-UN-f1-5,55,train_candidate_invalid_probability_mass,0,1781090748221,0.2684323149947938
learn,EOPKG-WI,EOPKGTopologyConditionedWI,d0cd559af6bc4bcd986fb11b0ed56877,854778689611649472,_EOPKG_WI-UN-f1-5-55_loan_v1_v5_simulated_GATv2,_EOPKG_WI-UN-f1-5,55,train_candidate_invalid_probability_mass,0,1781090858282,0.2656198962930655
learn,EOPKG-WI,EOPKGTopologyConditionedWI,d0cd559af6bc4bcd986fb11b0ed56877,854778689611649472,_EOPKG_WI-UN-f1-5-55_loan_v1_v5_simulated_GATv2,_EOPKG_WI-UN-f1-5,55,train_candidate_invalid_probability_mass,0,1781090858282,0.2656198962930655
learn,EOPKG-WI,EOPKGTopologyConditionedWI,d0cd559af6bc4bcd986fb11b0ed56877,854778689611649472,_EOPKG_WI-UN-f1-5-55_loan_v1_v5_simulated_GATv2,_EOPKG_WI-UN-f1-5,55,train_candidate_invalid_probability_mass,0,1781090963661,0.2643453280525859
learn,EOPKG-WI,EOPKGTopologyConditionedWI,d0cd559af6bc4bcd986fb11b0ed56877,854778689611649472,_EOPKG_WI-UN-f1-5-55_loan_v1_v5_simulated_GATv2,_EOPKG_WI-UN-f1-5,55,train_candidate_invalid_probability_mass,0,1781090963661,0.2643453280525859
learn,EOPKG-WI,EOPKGTopologyConditionedWI,d0cd559af6bc4bcd986fb11b0ed56877,854778689611649472,_EOPKG_WI-UN-f1-5-55_loan_v1_v5_simulated_GATv2,_EOPKG_WI-UN-f1-5,55,train_candidate_invalid_probability_mass,0,1781091064302,0.2656555081257191
learn,EOPKG-WI,EOPKGTopologyConditionedWI,d0cd559af6bc4bcd986fb11b0ed56877,854778689611649472,_EOPKG_WI-UN-f1-5-55_loan_v1_v5_simulated_GATv2,_EOPKG_WI-UN-f1-5,55,train_candidate_invalid_probability_mass,0,1781091064302,0.2656555081257191
learn,EOPKG-WI,EOPKGTopologyConditionedWI,d0cd559af6bc4bcd986fb11b0ed56877,854778689611649472,_EOPKG_WI-UN-f1-5-55_loan_v1_v5_simulated_GATv2,_EOPKG_WI-UN-f1-5,55,train_candidate_invalid_probability_mass,0,1781091165802,0.2626402263776866
learn,EOPKG-WI,EOPKGTopologyConditionedWI,d0cd559af6bc4bcd986fb11b0ed56877,854778689611649472,_EOPKG_WI-UN-f1-5-55_loan_v1_v5_simulated_GATv2,_EOPKG_WI-UN-f1-5,55,train_candidate_invalid_probability_mass,0,1781091165802,0.2626402263776866
learn,EOPKG-WI,EOPKGTopologyConditionedWI,d0cd559af6bc4bcd986fb11b0ed56877,854778689611649472,_EOPKG_WI-UN-f1-5-55_loan_v1_v5_simulated_GATv2,_EOPKG_WI-UN-f1-5,55,train_candidate_invalid_probability_mass,0,1781091270857,0.2608123453650831
learn,EOPKG-WI,EOPKGTopologyConditionedWI,d0cd559af6bc4bcd986fb11b0ed56877,854778689611649472,_EOPKG_WI-UN-f1-5-55_loan_v1_v5_simulated_GATv2,_EOPKG_WI-UN-f1-5,55,train_candidate_invalid_probability_mass,0,1781091270857,0.2608123453650831
learn,EOPKG-WI,EOPKGTopologyConditionedWI,d3b7c7404a1b432b8dd330d96271b528,854778689611649472,_EOPKG_WI-UN-f1-5-67_loan_v1_v5_simulated_GATv2,_EOPKG_WI-UN-f1-5,67,train_candidate_invalid_probability_mass,0,1781608059461,0.5479021036852335
learn,EOPKG-WI,EOPKGTopologyConditionedWI,d3b7c7404a1b432b8dd330d96271b528,854778689611649472,_EOPKG_WI-UN-f1-5-67_loan_v1_v5_simulated_GATv2,_EOPKG_WI-UN-f1-5,67,train_candidate_invalid_probability_mass,0,1781608059461,0.5479021036852335
learn,EOPKG-WI,EOPKGTopologyConditionedWI,d3b7c7404a1b432b8dd330d96271b528,854778689611649472,_EOPKG_WI-UN-f1-5-67_loan_v1_v5_simulated_GATv2,_EOPKG_WI-UN-f1-5,67,train_candidate_invalid_probability_mass,0,1781608204481,0.4209577142481584
learn,EOPKG-WI,EOPKGTopologyConditionedWI,d3b7c7404a1b432b8dd330d96271b528,854778689611649472,_EOPKG_WI-UN-f1-5-67_loan_v1_v5_simulated_GATv2,_EOPKG_WI-UN-f1-5,67,train_candidate_invalid_probability_mass,0,1781608204481,0.4209577142481584
learn,EOPKG-WI,EOPKGTopologyConditionedWI,d3b7c7404a1b432b8dd330d96271b528,854778689611649472,_EOPKG_WI-UN-f1-5-67_loan_v1_v5_simulated_GATv2,_EOPKG_WI-UN-f1-5,67,train_candidate_invalid_probability_mass,0,1781608324314,0.4011912209904251
learn,EOPKG-WI,EOPKGTopologyConditionedWI,d3b7c7404a1b432b8dd330d96271b528,854778689611649472,_EOPKG_WI-UN-f1-5-67_loan_v1_v5_simulated_GATv2,_EOPKG_WI-UN-f1-5,67,train_candidate_invalid_probability_mass,0,1781608324314,0.4011912209904251
learn,EOPKG-WI,EOPKGTopologyConditionedWI,d3b7c7404a1b432b8dd330d96271b528,854778689611649472,_EOPKG_WI-UN-f1-5-67_loan_v1_v5_simulated_GATv2,_EOPKG_WI-UN-f1-5,67,train_candidate_invalid_probability_mass,0,1781608447421,0.37711670485418436
learn,EOPKG-WI,EOPKGTopologyConditionedWI,d3b7c7404a1b432b8dd330d96271b528,854778689611649472,_EOPKG_WI-UN-f1-5-67_loan_v1_v5_simulated_GATv2,_EOPKG_WI-UN-f1-5,67,train_candidate_invalid_probability_mass,0,1781608447421,0.37711670485418436
learn,EOPKG-WI,EOPKGTopologyConditionedWI,d3b7c7404a1b432b8dd330d96271b528,854778689611649472,_EOPKG_WI-UN-f1-5-67_loan_v1_v5_simulated_GATv2,_EOPKG_WI-UN-f1-5,67,train_candidate_invalid_probability_mass,0,1781608589377,0.36680558191194823
learn,EOPKG-WI,EOPKGTopologyConditionedWI,d3b7c7404a1b432b8dd330d96271b528,854778689611649472,_EOPKG_WI-UN-f1-5-67_loan_v1_v5_simulated_GATv2,_EOPKG_WI-UN-f1-5,67,train_candidate_invalid_probability_mass,0,1781608589377,0.36680558191194823
learn,EOPKG-WI,EOPKGTopologyConditionedWI,d3b7c7404a1b432b8dd330d96271b528,854778689611649472,_EOPKG_WI-UN-f1-5-67_loan_v1_v5_simulated_GATv2,_EOPKG_WI-UN-f1-5,67,train_candidate_invalid_probability_mass,0,1781608716958,0.3566245341670532
learn,EOPKG-WI,EOPKGTopologyConditionedWI,d3b7c7404a1b432b8dd330d96271b528,854778689611649472,_EOPKG_WI-UN-f1-5-67_loan_v1_v5_simulated_GATv2,_EOPKG_WI-UN-f1-5,67,train_candidate_invalid_probability_mass,0,1781608716958,0.3566245341670532
learn,EOPKG-WI,EOPKGTopologyConditionedWI,d3b7c7404a1b432b8dd330d96271b528,854778689611649472,_EOPKG_WI-UN-f1-5-67_loan_v1_v5_simulated_GATv2,_EOPKG_WI-UN-f1-5,67,train_candidate_invalid_probability_mass,0,1781608838102,0.3514382978738397
learn,EOPKG-WI,EOPKGTopologyConditionedWI,d3b7c7404a1b432b8dd330d96271b528,854778689611649472,_EOPKG_WI-UN-f1-5-67_loan_v1_v5_simulated_GATv2,_EOPKG_WI-UN-f1-5,67,train_candidate_invalid_probability_mass,0,1781608838102,0.3514382978738397
learn,EOPKG-WI,EOPKGTopologyConditionedWI,d3b7c7404a1b432b8dd330d96271b528,854778689611649472,_EOPKG_WI-UN-f1-5-67_loan_v1_v5_simulated_GATv2,_EOPKG_WI-UN-f1-5,67,train_candidate_invalid_probability_mass,0,1781608957563,0.34026965259652825
learn,EOPKG-WI,EOPKGTopologyConditionedWI,d3b7c7404a1b432b8dd330d96271b528,854778689611649472,_EOPKG_WI-UN-f1-5-67_loan_v1_v5_simulated_GATv2,_EOPKG_WI-UN-f1-5,67,train_candidate_invalid_probability_mass,0,1781608957563,0.34026965259652825
learn,EOPKG-WI,EOPKGTopologyConditionedWI,d3b7c7404a1b432b8dd330d96271b528,854778689611649472,_EOPKG_WI-UN-f1-5-67_loan_v1_v5_simulated_GATv2,_EOPKG_WI-UN-f1-5,67,train_candidate_invalid_probability_mass,0,1781609074010,0.33315423924612125
learn,EOPKG-WI,EOPKGTopologyConditionedWI,d3b7c7404a1b432b8dd330d96271b528,854778689611649472,_EOPKG_WI-UN-f1-5-67_loan_v1_v5_simulated_GATv2,_EOPKG_WI-UN-f1-5,67,train_candidate_invalid_probability_mass,0,1781609074010,0.33315423924612125
learn,EOPKG-WI,EOPKGTopologyConditionedWI,d3b7c7404a1b432b8dd330d96271b528,854778689611649472,_EOPKG_WI-UN-f1-5-67_loan_v1_v5_simulated_GATv2,_EOPKG_WI-UN-f1-5,67,train_candidate_invalid_probability_mass,0,1781609194119,0.329435170597037
learn,EOPKG-WI,EOPKGTopologyConditionedWI,d3b7c7404a1b432b8dd330d96271b528,854778689611649472,_EOPKG_WI-UN-f1-5-67_loan_v1_v5_simulated_GATv2,_EOPKG_WI-UN-f1-5,67,train_candidate_invalid_probability_mass,0,1781609194119,0.329435170597037
learn,EOPKG-WI,EOPKGTopologyConditionedWI,d3b7c7404a1b432b8dd330d96271b528,854778689611649472,_EOPKG_WI-UN-f1-5-67_loan_v1_v5_simulated_GATv2,_EOPKG_WI-UN-f1-5,67,train_candidate_invalid_probability_mass,0,1781609312566,0.31820035437995564
learn,EOPKG-WI,EOPKGTopologyConditionedWI,d3b7c7404a1b432b8dd330d96271b528,854778689611649472,_EOPKG_WI-UN-f1-5-67_loan_v1_v5_simulated_GATv2,_EOPKG_WI-UN-f1-5,67,train_candidate_invalid_probability_mass,0,1781609312566,0.31820035437995564
learn,EOPKG-WI,EOPKGTopologyConditionedWI,d3b7c7404a1b432b8dd330d96271b528,854778689611649472,_EOPKG_WI-UN-f1-5-67_loan_v1_v5_simulated_GATv2,_EOPKG_WI-UN-f1-5,67,train_candidate_invalid_probability_mass,0,1781609433734,0.31754646228777395
learn,EOPKG-WI,EOPKGTopologyConditionedWI,d3b7c7404a1b432b8dd330d96271b528,854778689611649472,_EOPKG_WI-UN-f1-5-67_loan_v1_v5_simulated_GATv2,_EOPKG_WI-UN-f1-5,67,train_candidate_invalid_probability_mass,0,1781609433734,0.31754646228777395
learn,EOPKG-WI,EOPKGTopologyConditionedWI,d3b7c7404a1b432b8dd330d96271b528,854778689611649472,_EOPKG_WI-UN-f1-5-67_loan_v1_v5_simulated_GATv2,_EOPKG_WI-UN-f1-5,67,train_candidate_invalid_probability_mass,0,1781609580387,0.31189061056923223
learn,EOPKG-WI,EOPKGTopologyConditionedWI,d3b7c7404a1b432b8dd330d96271b528,854778689611649472,_EOPKG_WI-UN-f1-5-67_loan_v1_v5_simulated_GATv2,_EOPKG_WI-UN-f1-5,67,train_candidate_invalid_probability_mass,0,1781609580387,0.31189061056923223
learn,EOPKG-WI,EOPKGTopologyConditionedWI,d3b7c7404a1b432b8dd330d96271b528,854778689611649472,_EOPKG_WI-UN-f1-5-67_loan_v1_v5_simulated_GATv2,_EOPKG_WI-UN-f1-5,67,train_candidate_invalid_probability_mass,0,1781609717583,0.3131179691356013
learn,EOPKG-WI,EOPKGTopologyConditionedWI,d3b7c7404a1b432b8dd330d96271b528,854778689611649472,_EOPKG_WI-UN-f1-5-67_loan_v1_v5_simulated_GATv2,_EOPKG_WI-UN-f1-5,67,train_candidate_invalid_probability_mass,0,1781609717583,0.3131179691356013
learn,EOPKG-WI,EOPKGTopologyConditionedWI,d3b7c7404a1b432b8dd330d96271b528,854778689611649472,_EOPKG_WI-UN-f1-5-67_loan_v1_v5_simulated_GATv2,_EOPKG_WI-UN-f1-5,67,train_candidate_invalid_probability_mass,0,1781609839265,0.3050340550029221
learn,EOPKG-WI,EOPKGTopologyConditionedWI,d3b7c7404a1b432b8dd330d96271b528,854778689611649472,_EOPKG_WI-UN-f1-5-67_loan_v1_v5_simulated_GATv2,_EOPKG_WI-UN-f1-5,67,train_candidate_invalid_probability_mass,0,1781609839265,0.3050340550029221
learn,EOPKG-WI,EOPKGTopologyConditionedWI,d3b7c7404a1b432b8dd330d96271b528,854778689611649472,_EOPKG_WI-UN-f1-5-67_loan_v1_v5_simulated_GATv2,_EOPKG_WI-UN-f1-5,67,train_candidate_invalid_probability_mass,0,1781609968406,0.30451343418210036
learn,EOPKG-WI,EOPKGTopologyConditionedWI,d3b7c7404a1b432b8dd330d96271b528,854778689611649472,_EOPKG_WI-UN-f1-5-67_loan_v1_v5_simulated_GATv2,_EOPKG_WI-UN-f1-5,67,train_candidate_invalid_probability_mass,0,1781609968406,0.30451343418210036
learn,EOPKG-WI,EOPKGTopologyConditionedWI,d3b7c7404a1b432b8dd330d96271b528,854778689611649472,_EOPKG_WI-UN-f1-5-67_loan_v1_v5_simulated_GATv2,_EOPKG_WI-UN-f1-5,67,train_candidate_invalid_probability_mass,0,1781610098536,0.30172495989333276
learn,EOPKG-WI,EOPKGTopologyConditionedWI,d3b7c7404a1b432b8dd330d96271b528,854778689611649472,_EOPKG_WI-UN-f1-5-67_loan_v1_v5_simulated_GATv2,_EOPKG_WI-UN-f1-5,67,train_candidate_invalid_probability_mass,0,1781610098536,0.30172495989333276
learn,EOPKG-WI,EOPKGTopologyConditionedWI,d3b7c7404a1b432b8dd330d96271b528,854778689611649472,_EOPKG_WI-UN-f1-5-67_loan_v1_v5_simulated_GATv2,_EOPKG_WI-UN-f1-5,67,train_candidate_invalid_probability_mass,0,1781610213540,0.2928062831369985
learn,EOPKG-WI,EOPKGTopologyConditionedWI,d3b7c7404a1b432b8dd330d96271b528,854778689611649472,_EOPKG_WI-UN-f1-5-67_loan_v1_v5_simulated_GATv2,_EOPKG_WI-UN-f1-5,67,train_candidate_invalid_probability_mass,0,1781610213540,0.2928062831369985
learn,EOPKG-WI,EOPKGTopologyConditionedWI,d3b7c7404a1b432b8dd330d96271b528,854778689611649472,_EOPKG_WI-UN-f1-5-67_loan_v1_v5_simulated_GATv2,_EOPKG_WI-UN-f1-5,67,train_candidate_invalid_probability_mass,0,1781610318378,0.2910244462742146
learn,EOPKG-WI,EOPKGTopologyConditionedWI,d3b7c7404a1b432b8dd330d96271b528,854778689611649472,_EOPKG_WI-UN-f1-5-67_loan_v1_v5_simulated_GATv2,_EOPKG_WI-UN-f1-5,67,train_candidate_invalid_probability_mass,0,1781610318378,0.2910244462742146
learn,EOPKG-WI,EOPKGTopologyConditionedWI,d3b7c7404a1b432b8dd330d96271b528,854778689611649472,_EOPKG_WI-UN-f1-5-67_loan_v1_v5_simulated_GATv2,_EOPKG_WI-UN-f1-5,67,train_candidate_invalid_probability_mass,0,1781610429284,0.2904389256608505
learn,EOPKG-WI,EOPKGTopologyConditionedWI,d3b7c7404a1b432b8dd330d96271b528,854778689611649472,_EOPKG_WI-UN-f1-5-67_loan_v1_v5_simulated_GATv2,_EOPKG_WI-UN-f1-5,67,train_candidate_invalid_probability_mass,0,1781610429284,0.2904389256608505
learn,EOPKG-WI,EOPKGTopologyConditionedWI,d3b7c7404a1b432b8dd330d96271b528,854778689611649472,_EOPKG_WI-UN-f1-5-67_loan_v1_v5_simulated_GATv2,_EOPKG_WI-UN-f1-5,67,train_candidate_invalid_probability_mass,0,1781610541658,0.2811304704183994
learn,EOPKG-WI,EOPKGTopologyConditionedWI,d3b7c7404a1b432b8dd330d96271b528,854778689611649472,_EOPKG_WI-UN-f1-5-67_loan_v1_v5_simulated_GATv2,_EOPKG_WI-UN-f1-5,67,train_candidate_invalid_probability_mass,0,1781610541658,0.2811304704183994
learn,EOPKG-WI,EOPKGTopologyConditionedWI,d3b7c7404a1b432b8dd330d96271b528,854778689611649472,_EOPKG_WI-UN-f1-5-67_loan_v1_v5_simulated_GATv2,_EOPKG_WI-UN-f1-5,67,train_candidate_invalid_probability_mass,0,1781610653940,0.2836621491348042
learn,EOPKG-WI,EOPKGTopologyConditionedWI,d3b7c7404a1b432b8dd330d96271b528,854778689611649472,_EOPKG_WI-UN-f1-5-67_loan_v1_v5_simulated_GATv2,_EOPKG_WI-UN-f1-5,67,train_candidate_invalid_probability_mass,0,1781610653940,0.2836621491348042
learn,EOPKG-WI,EOPKGTopologyConditionedWI,d3b7c7404a1b432b8dd330d96271b528,854778689611649472,_EOPKG_WI-UN-f1-5-67_loan_v1_v5_simulated_GATv2,_EOPKG_WI-UN-f1-5,67,train_candidate_invalid_probability_mass,0,1781610760060,0.2815611145928478
learn,EOPKG-WI,EOPKGTopologyConditionedWI,d3b7c7404a1b432b8dd330d96271b528,854778689611649472,_EOPKG_WI-UN-f1-5-67_loan_v1_v5_simulated_GATv2,_EOPKG_WI-UN-f1-5,67,train_candidate_invalid_probability_mass,0,1781610760060,0.2815611145928478
learn,EOPKG-WI,EOPKGTopologyConditionedWI,d3b7c7404a1b432b8dd330d96271b528,854778689611649472,_EOPKG_WI-UN-f1-5-67_loan_v1_v5_simulated_GATv2,_EOPKG_WI-UN-f1-5,67,train_candidate_invalid_probability_mass,0,1781610866460,0.2808137646326958
learn,EOPKG-WI,EOPKGTopologyConditionedWI,d3b7c7404a1b432b8dd330d96271b528,854778689611649472,_EOPKG_WI-UN-f1-5-67_loan_v1_v5_simulated_GATv2,_EOPKG_WI-UN-f1-5,67,train_candidate_invalid_probability_mass,0,1781610866460,0.2808137646326958
learn,EOPKG-WI,EOPKGTopologyConditionedWI,d3b7c7404a1b432b8dd330d96271b528,854778689611649472,_EOPKG_WI-UN-f1-5-67_loan_v1_v5_simulated_GATv2,_EOPKG_WI-UN-f1-5,67,train_candidate_invalid_probability_mass,0,1781610971864,0.28040781214430527
learn,EOPKG-WI,EOPKGTopologyConditionedWI,d3b7c7404a1b432b8dd330d96271b528,854778689611649472,_EOPKG_WI-UN-f1-5-67_loan_v1_v5_simulated_GATv2,_EOPKG_WI-UN-f1-5,67,train_candidate_invalid_probability_mass,0,1781610971864,0.28040781214430527
learn,EOPKG-WI,EOPKGTopologyConditionedWI,d3b7c7404a1b432b8dd330d96271b528,854778689611649472,_EOPKG_WI-UN-f1-5-67_loan_v1_v5_simulated_GATv2,_EOPKG_WI-UN-f1-5,67,train_candidate_invalid_probability_mass,0,1781611080664,0.27656716052650077
learn,EOPKG-WI,EOPKGTopologyConditionedWI,d3b7c7404a1b432b8dd330d96271b528,854778689611649472,_EOPKG_WI-UN-f1-5-67_loan_v1_v5_simulated_GATv2,_EOPKG_WI-UN-f1-5,67,train_candidate_invalid_probability_mass,0,1781611080664,0.27656716052650077
learn,EOPKG-WI,EOPKGTopologyConditionedWI,d3b7c7404a1b432b8dd330d96271b528,854778689611649472,_EOPKG_WI-UN-f1-5-67_loan_v1_v5_simulated_GATv2,_EOPKG_WI-UN-f1-5,67,train_candidate_invalid_probability_mass,0,1781611185843,0.2745441617903156
learn,EOPKG-WI,EOPKGTopologyConditionedWI,d3b7c7404a1b432b8dd330d96271b528,854778689611649472,_EOPKG_WI-UN-f1-5-67_loan_v1_v5_simulated_GATv2,_EOPKG_WI-UN-f1-5,67,train_candidate_invalid_probability_mass,0,1781611185843,0.2745441617903156
learn,EOPKG-WI,EOPKGTopologyConditionedWI,d3b7c7404a1b432b8dd330d96271b528,854778689611649472,_EOPKG_WI-UN-f1-5-67_loan_v1_v5_simulated_GATv2,_EOPKG_WI-UN-f1-5,67,train_candidate_invalid_probability_mass,0,1781611293542,0.2728672005555967
learn,EOPKG-WI,EOPKGTopologyConditionedWI,d3b7c7404a1b432b8dd330d96271b528,854778689611649472,_EOPKG_WI-UN-f1-5-67_loan_v1_v5_simulated_GATv2,_EOPKG_WI-UN-f1-5,67,train_candidate_invalid_probability_mass,0,1781611293542,0.2728672005555967
learn,EOPKG-WI,EOPKGTopologyConditionedWI,d3b7c7404a1b432b8dd330d96271b528,854778689611649472,_EOPKG_WI-UN-f1-5-67_loan_v1_v5_simulated_GATv2,_EOPKG_WI-UN-f1-5,67,train_candidate_invalid_probability_mass,0,1781611398390,0.27091001785569047
learn,EOPKG-WI,EOPKGTopologyConditionedWI,d3b7c7404a1b432b8dd330d96271b528,854778689611649472,_EOPKG_WI-UN-f1-5-67_loan_v1_v5_simulated_GATv2,_EOPKG_WI-UN-f1-5,67,train_candidate_invalid_probability_mass,0,1781611398390,0.27091001785569047
learn,EOPKG-WI,EOPKGTopologyConditionedWI,d3b7c7404a1b432b8dd330d96271b528,854778689611649472,_EOPKG_WI-UN-f1-5-67_loan_v1_v5_simulated_GATv2,_EOPKG_WI-UN-f1-5,67,train_candidate_invalid_probability_mass,0,1781611504465,0.2678619651138688
learn,EOPKG-WI,EOPKGTopologyConditionedWI,d3b7c7404a1b432b8dd330d96271b528,854778689611649472,_EOPKG_WI-UN-f1-5-67_loan_v1_v5_simulated_GATv2,_EOPKG_WI-UN-f1-5,67,train_candidate_invalid_probability_mass,0,1781611504465,0.2678619651138688
learn,EOPKG-WI,EOPKGTopologyConditionedWI,d3b7c7404a1b432b8dd330d96271b528,854778689611649472,_EOPKG_WI-UN-f1-5-67_loan_v1_v5_simulated_GATv2,_EOPKG_WI-UN-f1-5,67,train_candidate_invalid_probability_mass,0,1781611611267,0.26990567820534606
learn,EOPKG-WI,EOPKGTopologyConditionedWI,d3b7c7404a1b432b8dd330d96271b528,854778689611649472,_EOPKG_WI-UN-f1-5-67_loan_v1_v5_simulated_GATv2,_EOPKG_WI-UN-f1-5,67,train_candidate_invalid_probability_mass,0,1781611611267,0.26990567820534606
learn,EOPKG-WI,EOPKGTopologyConditionedWI,d3b7c7404a1b432b8dd330d96271b528,854778689611649472,_EOPKG_WI-UN-f1-5-67_loan_v1_v5_simulated_GATv2,_EOPKG_WI-UN-f1-5,67,train_candidate_invalid_probability_mass,0,1781611715719,0.271762078014959
learn,EOPKG-WI,EOPKGTopologyConditionedWI,d3b7c7404a1b432b8dd330d96271b528,854778689611649472,_EOPKG_WI-UN-f1-5-67_loan_v1_v5_simulated_GATv2,_EOPKG_WI-UN-f1-5,67,train_candidate_invalid_probability_mass,0,1781611715719,0.271762078014959
learn,EOPKG-WI,EOPKGTopologyConditionedWI,d3b7c7404a1b432b8dd330d96271b528,854778689611649472,_EOPKG_WI-UN-f1-5-67_loan_v1_v5_simulated_GATv2,_EOPKG_WI-UN-f1-5,67,train_candidate_invalid_probability_mass,0,1781611821711,0.2660413920073896
learn,EOPKG-WI,EOPKGTopologyConditionedWI,d3b7c7404a1b432b8dd330d96271b528,854778689611649472,_EOPKG_WI-UN-f1-5-67_loan_v1_v5_simulated_GATv2,_EOPKG_WI-UN-f1-5,67,train_candidate_invalid_probability_mass,0,1781611821711,0.2660413920073896
learn,EOPKG-WI,EOPKGTopologyConditionedWI,d3b7c7404a1b432b8dd330d96271b528,854778689611649472,_EOPKG_WI-UN-f1-5-67_loan_v1_v5_simulated_GATv2,_EOPKG_WI-UN-f1-5,67,train_candidate_invalid_probability_mass,0,1781611926838,0.2675190777155098
learn,EOPKG-WI,EOPKGTopologyConditionedWI,d3b7c7404a1b432b8dd330d96271b528,854778689611649472,_EOPKG_WI-UN-f1-5-67_loan_v1_v5_simulated_GATv2,_EOPKG_WI-UN-f1-5,67,train_candidate_invalid_probability_mass,0,1781611926838,0.2675190777155098
learn,EOPKG-WI,EOPKGTopologyConditionedWI,d3b7c7404a1b432b8dd330d96271b528,854778689611649472,_EOPKG_WI-UN-f1-5-67_loan_v1_v5_simulated_GATv2,_EOPKG_WI-UN-f1-5,67,train_candidate_invalid_probability_mass,0,1781612031734,0.26811097341993845
learn,EOPKG-WI,EOPKGTopologyConditionedWI,d3b7c7404a1b432b8dd330d96271b528,854778689611649472,_EOPKG_WI-UN-f1-5-67_loan_v1_v5_simulated_GATv2,_EOPKG_WI-UN-f1-5,67,train_candidate_invalid_probability_mass,0,1781612031734,0.26811097341993845
learn,EOPKG-WI,EOPKGTopologyConditionedWI,d3b7c7404a1b432b8dd330d96271b528,854778689611649472,_EOPKG_WI-UN-f1-5-67_loan_v1_v5_simulated_GATv2,_EOPKG_WI-UN-f1-5,67,train_candidate_invalid_probability_mass,0,1781612136983,0.2625648128920026
learn,EOPKG-WI,EOPKGTopologyConditionedWI,d3b7c7404a1b432b8dd330d96271b528,854778689611649472,_EOPKG_WI-UN-f1-5-67_loan_v1_v5_simulated_GATv2,_EOPKG_WI-UN-f1-5,67,train_candidate_invalid_probability_mass,0,1781612136983,0.2625648128920026
learn,EOPKG-WI,EOPKGTopologyConditionedWI,d3b7c7404a1b432b8dd330d96271b528,854778689611649472,_EOPKG_WI-UN-f1-5-67_loan_v1_v5_simulated_GATv2,_EOPKG_WI-UN-f1-5,67,train_candidate_invalid_probability_mass,0,1781612242156,0.26266269840667283
learn,EOPKG-WI,EOPKGTopologyConditionedWI,d3b7c7404a1b432b8dd330d96271b528,854778689611649472,_EOPKG_WI-UN-f1-5-67_loan_v1_v5_simulated_GATv2,_EOPKG_WI-UN-f1-5,67,train_candidate_invalid_probability_mass,0,1781612242156,0.26266269840667283
learn,EOPKG-WI,EOPKGTopologyConditionedWI,d3b7c7404a1b432b8dd330d96271b528,854778689611649472,_EOPKG_WI-UN-f1-5-67_loan_v1_v5_simulated_GATv2,_EOPKG_WI-UN-f1-5,67,train_candidate_invalid_probability_mass,0,1781612363112,0.26474364531864614
learn,EOPKG-WI,EOPKGTopologyConditionedWI,d3b7c7404a1b432b8dd330d96271b528,854778689611649472,_EOPKG_WI-UN-f1-5-67_loan_v1_v5_simulated_GATv2,_EOPKG_WI-UN-f1-5,67,train_candidate_invalid_probability_mass,0,1781612363112,0.26474364531864614
learn,EOPKG-WI,EOPKGTopologyConditionedWI,d3b7c7404a1b432b8dd330d96271b528,854778689611649472,_EOPKG_WI-UN-f1-5-67_loan_v1_v5_simulated_GATv2,_EOPKG_WI-UN-f1-5,67,train_candidate_invalid_probability_mass,0,1781612468675,0.2640179798172843
learn,EOPKG-WI,EOPKGTopologyConditionedWI,d3b7c7404a1b432b8dd330d96271b528,854778689611649472,_EOPKG_WI-UN-f1-5-67_loan_v1_v5_simulated_GATv2,_EOPKG_WI-UN-f1-5,67,train_candidate_invalid_probability_mass,0,1781612468675,0.2640179798172843
learn,EOPKG-WI,EOPKGTopologyConditionedWI,d3b7c7404a1b432b8dd330d96271b528,854778689611649472,_EOPKG_WI-UN-f1-5-67_loan_v1_v5_simulated_GATv2,_EOPKG_WI-UN-f1-5,67,train_candidate_invalid_probability_mass,0,1781612572999,0.2584172332087837
learn,EOPKG-WI,EOPKGTopologyConditionedWI,d3b7c7404a1b432b8dd330d96271b528,854778689611649472,_EOPKG_WI-UN-f1-5-67_loan_v1_v5_simulated_GATv2,_EOPKG_WI-UN-f1-5,67,train_candidate_invalid_probability_mass,0,1781612572999,0.2584172332087837
learn,EOPKG-WI,EOPKGTopologyConditionedWI,d3b7c7404a1b432b8dd330d96271b528,854778689611649472,_EOPKG_WI-UN-f1-5-67_loan_v1_v5_simulated_GATv2,_EOPKG_WI-UN-f1-5,67,train_candidate_invalid_probability_mass,0,1781612676860,0.26411793318196586
learn,EOPKG-WI,EOPKGTopologyConditionedWI,d3b7c7404a1b432b8dd330d96271b528,854778689611649472,_EOPKG_WI-UN-f1-5-67_loan_v1_v5_simulated_GATv2,_EOPKG_WI-UN-f1-5,67,train_candidate_invalid_probability_mass,0,1781612676860,0.26411793318196586
learn,EOPKG-WI,EOPKGTopologyConditionedWI,d3b7c7404a1b432b8dd330d96271b528,854778689611649472,_EOPKG_WI-UN-f1-5-67_loan_v1_v5_simulated_GATv2,_EOPKG_WI-UN-f1-5,67,train_candidate_invalid_probability_mass,0,1781612781580,0.2590992558267803
learn,EOPKG-WI,EOPKGTopologyConditionedWI,d3b7c7404a1b432b8dd330d96271b528,854778689611649472,_EOPKG_WI-UN-f1-5-67_loan_v1_v5_simulated_GATv2,_EOPKG_WI-UN-f1-5,67,train_candidate_invalid_probability_mass,0,1781612781580,0.2590992558267803
learn,EOPKG-WI,EOPKGTopologyConditionedWI,d3b7c7404a1b432b8dd330d96271b528,854778689611649472,_EOPKG_WI-UN-f1-5-67_loan_v1_v5_simulated_GATv2,_EOPKG_WI-UN-f1-5,67,train_candidate_invalid_probability_mass,0,1781612885772,0.2628407756692844
learn,EOPKG-WI,EOPKGTopologyConditionedWI,d3b7c7404a1b432b8dd330d96271b528,854778689611649472,_EOPKG_WI-UN-f1-5-67_loan_v1_v5_simulated_GATv2,_EOPKG_WI-UN-f1-5,67,train_candidate_invalid_probability_mass,0,1781612885772,0.2628407756692844
learn,EOPKG-WI,EOPKGTopologyConditionedWI,d3b7c7404a1b432b8dd330d96271b528,854778689611649472,_EOPKG_WI-UN-f1-5-67_loan_v1_v5_simulated_GATv2,_EOPKG_WI-UN-f1-5,67,train_candidate_invalid_probability_mass,0,1781612990370,0.2584858886625126
learn,EOPKG-WI,EOPKGTopologyConditionedWI,d3b7c7404a1b432b8dd330d96271b528,854778689611649472,_EOPKG_WI-UN-f1-5-67_loan_v1_v5_simulated_GATv2,_EOPKG_WI-UN-f1-5,67,train_candidate_invalid_probability_mass,0,1781612990370,0.2584858886625126
learn,EOPKG-WI,EOPKGTopologyConditionedWI,d3b7c7404a1b432b8dd330d96271b528,854778689611649472,_EOPKG_WI-UN-f1-5-67_loan_v1_v5_simulated_GATv2,_EOPKG_WI-UN-f1-5,67,train_candidate_invalid_probability_mass,0,1781613095896,0.2592547328132893
learn,EOPKG-WI,EOPKGTopologyConditionedWI,d3b7c7404a1b432b8dd330d96271b528,854778689611649472,_EOPKG_WI-UN-f1-5-67_loan_v1_v5_simulated_GATv2,_EOPKG_WI-UN-f1-5,67,train_candidate_invalid_probability_mass,0,1781613095896,0.2592547328132893
learn,EOPKG-WI,EOPKGTopologyConditionedWI,d3b7c7404a1b432b8dd330d96271b528,854778689611649472,_EOPKG_WI-UN-f1-5-67_loan_v1_v5_simulated_GATv2,_EOPKG_WI-UN-f1-5,67,train_candidate_invalid_probability_mass,0,1781613199502,0.25595172358431006
learn,EOPKG-WI,EOPKGTopologyConditionedWI,d3b7c7404a1b432b8dd330d96271b528,854778689611649472,_EOPKG_WI-UN-f1-5-67_loan_v1_v5_simulated_GATv2,_EOPKG_WI-UN-f1-5,67,train_candidate_invalid_probability_mass,0,1781613199502,0.25595172358431006
learn,EOPKG-WI,EOPKGTopologyConditionedWI,d3b7c7404a1b432b8dd330d96271b528,854778689611649472,_EOPKG_WI-UN-f1-5-67_loan_v1_v5_simulated_GATv2,_EOPKG_WI-UN-f1-5,67,train_candidate_invalid_probability_mass,0,1781613304090,0.25744916048546473
learn,EOPKG-WI,EOPKGTopologyConditionedWI,d3b7c7404a1b432b8dd330d96271b528,854778689611649472,_EOPKG_WI-UN-f1-5-67_loan_v1_v5_simulated_GATv2,_EOPKG_WI-UN-f1-5,67,train_candidate_invalid_probability_mass,0,1781613304090,0.25744916048546473
learn,EOPKG-WI,EOPKGTopologyConditionedWI,d3b7c7404a1b432b8dd330d96271b528,854778689611649472,_EOPKG_WI-UN-f1-5-67_loan_v1_v5_simulated_GATv2,_EOPKG_WI-UN-f1-5,67,train_candidate_invalid_probability_mass,0,1781613408718,0.26186913652241894
learn,EOPKG-WI,EOPKGTopologyConditionedWI,d3b7c7404a1b432b8dd330d96271b528,854778689611649472,_EOPKG_WI-UN-f1-5-67_loan_v1_v5_simulated_GATv2,_EOPKG_WI-UN-f1-5,67,train_candidate_invalid_probability_mass,0,1781613408718,0.26186913652241894
learn,EOPKG-WI,EOPKGTopologyConditionedWI,d3b7c7404a1b432b8dd330d96271b528,854778689611649472,_EOPKG_WI-UN-f1-5-67_loan_v1_v5_simulated_GATv2,_EOPKG_WI-UN-f1-5,67,train_candidate_invalid_probability_mass,0,1781613514481,0.2584283099834036
learn,EOPKG-WI,EOPKGTopologyConditionedWI,d3b7c7404a1b432b8dd330d96271b528,854778689611649472,_EOPKG_WI-UN-f1-5-67_loan_v1_v5_simulated_GATv2,_EOPKG_WI-UN-f1-5,67,train_candidate_invalid_probability_mass,0,1781613514481,0.2584283099834036
learn,EOPKG-WI,EOPKGTopologyConditionedWI,d3b7c7404a1b432b8dd330d96271b528,854778689611649472,_EOPKG_WI-UN-f1-5-67_loan_v1_v5_simulated_GATv2,_EOPKG_WI-UN-f1-5,67,train_candidate_invalid_probability_mass,0,1781613620312,0.2560357536013062
learn,EOPKG-WI,EOPKGTopologyConditionedWI,d3b7c7404a1b432b8dd330d96271b528,854778689611649472,_EOPKG_WI-UN-f1-5-67_loan_v1_v5_simulated_GATv2,_EOPKG_WI-UN-f1-5,67,train_candidate_invalid_probability_mass,0,1781613620312,0.2560357536013062
