run_set,paper_model,model_type,run_id,experiment_id,run_name,preset_name,seed,metric,step,timestamp,value
learn,EOPKG,EOPKGTopologyConditioned,5e56c5c7531d4675b4c740f509ff678f,854778689611649472,_EOPKG_TC-UN-f1-5-penalty3l-42_loan_v1_v5_simulated_GATv2,_EOPKG_TC-UN-f1-5-penalty3l,42,train_candidate_pred_score,0,1780655630822,4.365007398427954
learn,EOPKG,EOPKGTopologyConditioned,5e56c5c7531d4675b4c740f509ff678f,854778689611649472,_EOPKG_TC-UN-f1-5-penalty3l-42_loan_v1_v5_simulated_GATv2,_EOPKG_TC-UN-f1-5-penalty3l,42,train_candidate_pred_score,0,1780655630822,4.365007398427954
learn,EOPKG,EOPKGTopologyConditioned,5e56c5c7531d4675b4c740f509ff678f,854778689611649472,_EOPKG_TC-UN-f1-5-penalty3l-42_loan_v1_v5_simulated_GATv2,_EOPKG_TC-UN-f1-5-penalty3l,42,train_candidate_pred_score,0,1780655937592,5.119132237517777
learn,EOPKG,EOPKGTopologyConditioned,5e56c5c7531d4675b4c740f509ff678f,854778689611649472,_EOPKG_TC-UN-f1-5-penalty3l-42_loan_v1_v5_simulated_GATv2,_EOPKG_TC-UN-f1-5-penalty3l,42,train_candidate_pred_score,0,1780655937592,5.119132237517777
learn,EOPKG,EOPKGTopologyConditioned,5e56c5c7531d4675b4c740f509ff678f,854778689611649472,_EOPKG_TC-UN-f1-5-penalty3l-42_loan_v1_v5_simulated_GATv2,_EOPKG_TC-UN-f1-5-penalty3l,42,train_candidate_pred_score,0,1780656248630,5.20665943906872
learn,EOPKG,EOPKGTopologyConditioned,5e56c5c7531d4675b4c740f509ff678f,854778689611649472,_EOPKG_TC-UN-f1-5-penalty3l-42_loan_v1_v5_simulated_GATv2,_EOPKG_TC-UN-f1-5-penalty3l,42,train_candidate_pred_score,0,1780656248630,5.20665943906872
learn,EOPKG,EOPKGTopologyConditioned,5e56c5c7531d4675b4c740f509ff678f,854778689611649472,_EOPKG_TC-UN-f1-5-penalty3l-42_loan_v1_v5_simulated_GATv2,_EOPKG_TC-UN-f1-5-penalty3l,42,train_candidate_pred_score,0,1780656566258,5.318913017812708
learn,EOPKG,EOPKGTopologyConditioned,5e56c5c7531d4675b4c740f509ff678f,854778689611649472,_EOPKG_TC-UN-f1-5-penalty3l-42_loan_v1_v5_simulated_GATv2,_EOPKG_TC-UN-f1-5-penalty3l,42,train_candidate_pred_score,0,1780656566258,5.318913017812708
learn,EOPKG,EOPKGTopologyConditioned,5e56c5c7531d4675b4c740f509ff678f,854778689611649472,_EOPKG_TC-UN-f1-5-penalty3l-42_loan_v1_v5_simulated_GATv2,_EOPKG_TC-UN-f1-5-penalty3l,42,train_candidate_pred_score,0,1780656890794,5.327269551105833
learn,EOPKG,EOPKGTopologyConditioned,5e56c5c7531d4675b4c740f509ff678f,854778689611649472,_EOPKG_TC-UN-f1-5-penalty3l-42_loan_v1_v5_simulated_GATv2,_EOPKG_TC-UN-f1-5-penalty3l,42,train_candidate_pred_score,0,1780656890794,5.327269551105833
learn,EOPKG,EOPKGTopologyConditioned,5e56c5c7531d4675b4c740f509ff678f,854778689611649472,_EOPKG_TC-UN-f1-5-penalty3l-42_loan_v1_v5_simulated_GATv2,_EOPKG_TC-UN-f1-5-penalty3l,42,train_candidate_pred_score,0,1780657279421,5.299800480871398
learn,EOPKG,EOPKGTopologyConditioned,5e56c5c7531d4675b4c740f509ff678f,854778689611649472,_EOPKG_TC-UN-f1-5-penalty3l-42_loan_v1_v5_simulated_GATv2,_EOPKG_TC-UN-f1-5-penalty3l,42,train_candidate_pred_score,0,1780657279421,5.299800480871398
learn,EOPKG,EOPKGTopologyConditioned,5e56c5c7531d4675b4c740f509ff678f,854778689611649472,_EOPKG_TC-UN-f1-5-penalty3l-42_loan_v1_v5_simulated_GATv2,_EOPKG_TC-UN-f1-5-penalty3l,42,train_candidate_pred_score,0,1780657643041,5.467752609798753
learn,EOPKG,EOPKGTopologyConditioned,5e56c5c7531d4675b4c740f509ff678f,854778689611649472,_EOPKG_TC-UN-f1-5-penalty3l-42_loan_v1_v5_simulated_GATv2,_EOPKG_TC-UN-f1-5-penalty3l,42,train_candidate_pred_score,0,1780657643041,5.467752609798753
learn,EOPKG,EOPKGTopologyConditioned,5e56c5c7531d4675b4c740f509ff678f,854778689611649472,_EOPKG_TC-UN-f1-5-penalty3l-42_loan_v1_v5_simulated_GATv2,_EOPKG_TC-UN-f1-5-penalty3l,42,train_candidate_pred_score,0,1780657998094,5.4266918679678575
learn,EOPKG,EOPKGTopologyConditioned,5e56c5c7531d4675b4c740f509ff678f,854778689611649472,_EOPKG_TC-UN-f1-5-penalty3l-42_loan_v1_v5_simulated_GATv2,_EOPKG_TC-UN-f1-5-penalty3l,42,train_candidate_pred_score,0,1780657998094,5.4266918679678575
learn,EOPKG,EOPKGTopologyConditioned,5e56c5c7531d4675b4c740f509ff678f,854778689611649472,_EOPKG_TC-UN-f1-5-penalty3l-42_loan_v1_v5_simulated_GATv2,_EOPKG_TC-UN-f1-5-penalty3l,42,train_candidate_pred_score,0,1780658338135,5.521337337827455
learn,EOPKG,EOPKGTopologyConditioned,5e56c5c7531d4675b4c740f509ff678f,854778689611649472,_EOPKG_TC-UN-f1-5-penalty3l-42_loan_v1_v5_simulated_GATv2,_EOPKG_TC-UN-f1-5-penalty3l,42,train_candidate_pred_score,0,1780658338135,5.521337337827455
learn,EOPKG,EOPKGTopologyConditioned,5e56c5c7531d4675b4c740f509ff678f,854778689611649472,_EOPKG_TC-UN-f1-5-penalty3l-42_loan_v1_v5_simulated_GATv2,_EOPKG_TC-UN-f1-5-penalty3l,42,train_candidate_pred_score,0,1780658729801,5.485465283992749
learn,EOPKG,EOPKGTopologyConditioned,5e56c5c7531d4675b4c740f509ff678f,854778689611649472,_EOPKG_TC-UN-f1-5-penalty3l-42_loan_v1_v5_simulated_GATv2,_EOPKG_TC-UN-f1-5-penalty3l,42,train_candidate_pred_score,0,1780658729801,5.485465283992749
learn,EOPKG,EOPKGTopologyConditioned,5e56c5c7531d4675b4c740f509ff678f,854778689611649472,_EOPKG_TC-UN-f1-5-penalty3l-42_loan_v1_v5_simulated_GATv2,_EOPKG_TC-UN-f1-5-penalty3l,42,train_candidate_pred_score,0,1780659032156,5.543399879018908
learn,EOPKG,EOPKGTopologyConditioned,5e56c5c7531d4675b4c740f509ff678f,854778689611649472,_EOPKG_TC-UN-f1-5-penalty3l-42_loan_v1_v5_simulated_GATv2,_EOPKG_TC-UN-f1-5-penalty3l,42,train_candidate_pred_score,0,1780659032156,5.543399879018908
learn,EOPKG,EOPKGTopologyConditioned,5e56c5c7531d4675b4c740f509ff678f,854778689611649472,_EOPKG_TC-UN-f1-5-penalty3l-42_loan_v1_v5_simulated_GATv2,_EOPKG_TC-UN-f1-5-penalty3l,42,train_candidate_pred_score,0,1780659334869,5.564692613240835
learn,EOPKG,EOPKGTopologyConditioned,5e56c5c7531d4675b4c740f509ff678f,854778689611649472,_EOPKG_TC-UN-f1-5-penalty3l-42_loan_v1_v5_simulated_GATv2,_EOPKG_TC-UN-f1-5-penalty3l,42,train_candidate_pred_score,0,1780659334869,5.564692613240835
learn,EOPKG,EOPKGTopologyConditioned,5e56c5c7531d4675b4c740f509ff678f,854778689611649472,_EOPKG_TC-UN-f1-5-penalty3l-42_loan_v1_v5_simulated_GATv2,_EOPKG_TC-UN-f1-5-penalty3l,42,train_candidate_pred_score,0,1780659688418,5.570406753800821
learn,EOPKG,EOPKGTopologyConditioned,5e56c5c7531d4675b4c740f509ff678f,854778689611649472,_EOPKG_TC-UN-f1-5-penalty3l-42_loan_v1_v5_simulated_GATv2,_EOPKG_TC-UN-f1-5-penalty3l,42,train_candidate_pred_score,0,1780659688418,5.570406753800821
learn,EOPKG,EOPKGTopologyConditioned,5e56c5c7531d4675b4c740f509ff678f,854778689611649472,_EOPKG_TC-UN-f1-5-penalty3l-42_loan_v1_v5_simulated_GATv2,_EOPKG_TC-UN-f1-5-penalty3l,42,train_candidate_pred_score,0,1780659991735,5.56207001114498
learn,EOPKG,EOPKGTopologyConditioned,5e56c5c7531d4675b4c740f509ff678f,854778689611649472,_EOPKG_TC-UN-f1-5-penalty3l-42_loan_v1_v5_simulated_GATv2,_EOPKG_TC-UN-f1-5-penalty3l,42,train_candidate_pred_score,0,1780659991735,5.56207001114498
learn,EOPKG,EOPKGTopologyConditioned,5e56c5c7531d4675b4c740f509ff678f,854778689611649472,_EOPKG_TC-UN-f1-5-penalty3l-42_loan_v1_v5_simulated_GATv2,_EOPKG_TC-UN-f1-5-penalty3l,42,train_candidate_pred_score,0,1780660381210,5.607277726141561
learn,EOPKG,EOPKGTopologyConditioned,5e56c5c7531d4675b4c740f509ff678f,854778689611649472,_EOPKG_TC-UN-f1-5-penalty3l-42_loan_v1_v5_simulated_GATv2,_EOPKG_TC-UN-f1-5-penalty3l,42,train_candidate_pred_score,0,1780660381210,5.607277726141561
learn,EOPKG,EOPKGTopologyConditioned,5e56c5c7531d4675b4c740f509ff678f,854778689611649472,_EOPKG_TC-UN-f1-5-penalty3l-42_loan_v1_v5_simulated_GATv2,_EOPKG_TC-UN-f1-5-penalty3l,42,train_candidate_pred_score,0,1780660696260,5.631361522431972
learn,EOPKG,EOPKGTopologyConditioned,5e56c5c7531d4675b4c740f509ff678f,854778689611649472,_EOPKG_TC-UN-f1-5-penalty3l-42_loan_v1_v5_simulated_GATv2,_EOPKG_TC-UN-f1-5-penalty3l,42,train_candidate_pred_score,0,1780660696260,5.631361522431972
learn,EOPKG,EOPKGTopologyConditioned,5e56c5c7531d4675b4c740f509ff678f,854778689611649472,_EOPKG_TC-UN-f1-5-penalty3l-42_loan_v1_v5_simulated_GATv2,_EOPKG_TC-UN-f1-5-penalty3l,42,train_candidate_pred_score,0,1780661032111,5.659700043440244
learn,EOPKG,EOPKGTopologyConditioned,5e56c5c7531d4675b4c740f509ff678f,854778689611649472,_EOPKG_TC-UN-f1-5-penalty3l-42_loan_v1_v5_simulated_GATv2,_EOPKG_TC-UN-f1-5-penalty3l,42,train_candidate_pred_score,0,1780661032111,5.659700043440244
learn,EOPKG,EOPKGTopologyConditioned,5e56c5c7531d4675b4c740f509ff678f,854778689611649472,_EOPKG_TC-UN-f1-5-penalty3l-42_loan_v1_v5_simulated_GATv2,_EOPKG_TC-UN-f1-5-penalty3l,42,train_candidate_pred_score,0,1780661318271,5.658947218393105
learn,EOPKG,EOPKGTopologyConditioned,5e56c5c7531d4675b4c740f509ff678f,854778689611649472,_EOPKG_TC-UN-f1-5-penalty3l-42_loan_v1_v5_simulated_GATv2,_EOPKG_TC-UN-f1-5-penalty3l,42,train_candidate_pred_score,0,1780661318271,5.658947218393105
learn,EOPKG,EOPKGTopologyConditioned,5e56c5c7531d4675b4c740f509ff678f,854778689611649472,_EOPKG_TC-UN-f1-5-penalty3l-42_loan_v1_v5_simulated_GATv2,_EOPKG_TC-UN-f1-5-penalty3l,42,train_candidate_pred_score,0,1780661592111,5.678425920786653
learn,EOPKG,EOPKGTopologyConditioned,5e56c5c7531d4675b4c740f509ff678f,854778689611649472,_EOPKG_TC-UN-f1-5-penalty3l-42_loan_v1_v5_simulated_GATv2,_EOPKG_TC-UN-f1-5-penalty3l,42,train_candidate_pred_score,0,1780661592111,5.678425920786653
learn,EOPKG,EOPKGTopologyConditioned,5e56c5c7531d4675b4c740f509ff678f,854778689611649472,_EOPKG_TC-UN-f1-5-penalty3l-42_loan_v1_v5_simulated_GATv2,_EOPKG_TC-UN-f1-5-penalty3l,42,train_candidate_pred_score,0,1780661866446,5.733198173474432
learn,EOPKG,EOPKGTopologyConditioned,5e56c5c7531d4675b4c740f509ff678f,854778689611649472,_EOPKG_TC-UN-f1-5-penalty3l-42_loan_v1_v5_simulated_GATv2,_EOPKG_TC-UN-f1-5-penalty3l,42,train_candidate_pred_score,0,1780661866446,5.733198173474432
learn,EOPKG,EOPKGTopologyConditioned,5e56c5c7531d4675b4c740f509ff678f,854778689611649472,_EOPKG_TC-UN-f1-5-penalty3l-42_loan_v1_v5_simulated_GATv2,_EOPKG_TC-UN-f1-5-penalty3l,42,train_candidate_pred_score,0,1780662136048,5.700061937583839
learn,EOPKG,EOPKGTopologyConditioned,5e56c5c7531d4675b4c740f509ff678f,854778689611649472,_EOPKG_TC-UN-f1-5-penalty3l-42_loan_v1_v5_simulated_GATv2,_EOPKG_TC-UN-f1-5-penalty3l,42,train_candidate_pred_score,0,1780662136048,5.700061937583839
learn,EOPKG,EOPKGTopologyConditioned,5e56c5c7531d4675b4c740f509ff678f,854778689611649472,_EOPKG_TC-UN-f1-5-penalty3l-42_loan_v1_v5_simulated_GATv2,_EOPKG_TC-UN-f1-5-penalty3l,42,train_candidate_pred_score,0,1780662407451,5.699734544526602
learn,EOPKG,EOPKGTopologyConditioned,5e56c5c7531d4675b4c740f509ff678f,854778689611649472,_EOPKG_TC-UN-f1-5-penalty3l-42_loan_v1_v5_simulated_GATv2,_EOPKG_TC-UN-f1-5-penalty3l,42,train_candidate_pred_score,0,1780662407451,5.699734544526602
learn,EOPKG,EOPKGTopologyConditioned,5e56c5c7531d4675b4c740f509ff678f,854778689611649472,_EOPKG_TC-UN-f1-5-penalty3l-42_loan_v1_v5_simulated_GATv2,_EOPKG_TC-UN-f1-5-penalty3l,42,train_candidate_pred_score,0,1780662676437,5.720017987328607
learn,EOPKG,EOPKGTopologyConditioned,5e56c5c7531d4675b4c740f509ff678f,854778689611649472,_EOPKG_TC-UN-f1-5-penalty3l-42_loan_v1_v5_simulated_GATv2,_EOPKG_TC-UN-f1-5-penalty3l,42,train_candidate_pred_score,0,1780662676437,5.720017987328607
learn,EOPKG,EOPKGTopologyConditioned,5e56c5c7531d4675b4c740f509ff678f,854778689611649472,_EOPKG_TC-UN-f1-5-penalty3l-42_loan_v1_v5_simulated_GATv2,_EOPKG_TC-UN-f1-5-penalty3l,42,train_candidate_pred_score,0,1780662947191,5.82003795854238
learn,EOPKG,EOPKGTopologyConditioned,5e56c5c7531d4675b4c740f509ff678f,854778689611649472,_EOPKG_TC-UN-f1-5-penalty3l-42_loan_v1_v5_simulated_GATv2,_EOPKG_TC-UN-f1-5-penalty3l,42,train_candidate_pred_score,0,1780662947191,5.82003795854238
learn,EOPKG,EOPKGTopologyConditioned,5e56c5c7531d4675b4c740f509ff678f,854778689611649472,_EOPKG_TC-UN-f1-5-penalty3l-42_loan_v1_v5_simulated_GATv2,_EOPKG_TC-UN-f1-5-penalty3l,42,train_candidate_pred_score,0,1780663217825,5.736332490827017
learn,EOPKG,EOPKGTopologyConditioned,5e56c5c7531d4675b4c740f509ff678f,854778689611649472,_EOPKG_TC-UN-f1-5-penalty3l-42_loan_v1_v5_simulated_GATv2,_EOPKG_TC-UN-f1-5-penalty3l,42,train_candidate_pred_score,0,1780663217825,5.736332490827017
learn,EOPKG,EOPKGTopologyConditioned,5e56c5c7531d4675b4c740f509ff678f,854778689611649472,_EOPKG_TC-UN-f1-5-penalty3l-42_loan_v1_v5_simulated_GATv2,_EOPKG_TC-UN-f1-5-penalty3l,42,train_candidate_pred_score,0,1780663486574,5.671091532290266
learn,EOPKG,EOPKGTopologyConditioned,5e56c5c7531d4675b4c740f509ff678f,854778689611649472,_EOPKG_TC-UN-f1-5-penalty3l-42_loan_v1_v5_simulated_GATv2,_EOPKG_TC-UN-f1-5-penalty3l,42,train_candidate_pred_score,0,1780663486574,5.671091532290266
learn,EOPKG,EOPKGTopologyConditioned,5e56c5c7531d4675b4c740f509ff678f,854778689611649472,_EOPKG_TC-UN-f1-5-penalty3l-42_loan_v1_v5_simulated_GATv2,_EOPKG_TC-UN-f1-5-penalty3l,42,train_candidate_pred_score,0,1780663760296,5.8458865496236685
learn,EOPKG,EOPKGTopologyConditioned,5e56c5c7531d4675b4c740f509ff678f,854778689611649472,_EOPKG_TC-UN-f1-5-penalty3l-42_loan_v1_v5_simulated_GATv2,_EOPKG_TC-UN-f1-5-penalty3l,42,train_candidate_pred_score,0,1780663760296,5.8458865496236685
learn,EOPKG,EOPKGTopologyConditioned,5e56c5c7531d4675b4c740f509ff678f,854778689611649472,_EOPKG_TC-UN-f1-5-penalty3l-42_loan_v1_v5_simulated_GATv2,_EOPKG_TC-UN-f1-5-penalty3l,42,train_candidate_pred_score,0,1780664029533,5.742622063156152
learn,EOPKG,EOPKGTopologyConditioned,5e56c5c7531d4675b4c740f509ff678f,854778689611649472,_EOPKG_TC-UN-f1-5-penalty3l-42_loan_v1_v5_simulated_GATv2,_EOPKG_TC-UN-f1-5-penalty3l,42,train_candidate_pred_score,0,1780664029533,5.742622063156152
learn,EOPKG,EOPKGTopologyConditioned,5e56c5c7531d4675b4c740f509ff678f,854778689611649472,_EOPKG_TC-UN-f1-5-penalty3l-42_loan_v1_v5_simulated_GATv2,_EOPKG_TC-UN-f1-5-penalty3l,42,train_candidate_pred_score,0,1780664298388,5.744532081015728
learn,EOPKG,EOPKGTopologyConditioned,5e56c5c7531d4675b4c740f509ff678f,854778689611649472,_EOPKG_TC-UN-f1-5-penalty3l-42_loan_v1_v5_simulated_GATv2,_EOPKG_TC-UN-f1-5-penalty3l,42,train_candidate_pred_score,0,1780664298388,5.744532081015728
learn,EOPKG,EOPKGTopologyConditioned,5e56c5c7531d4675b4c740f509ff678f,854778689611649472,_EOPKG_TC-UN-f1-5-penalty3l-42_loan_v1_v5_simulated_GATv2,_EOPKG_TC-UN-f1-5-penalty3l,42,train_candidate_pred_score,0,1780664567841,5.845204501159619
learn,EOPKG,EOPKGTopologyConditioned,5e56c5c7531d4675b4c740f509ff678f,854778689611649472,_EOPKG_TC-UN-f1-5-penalty3l-42_loan_v1_v5_simulated_GATv2,_EOPKG_TC-UN-f1-5-penalty3l,42,train_candidate_pred_score,0,1780664567841,5.845204501159619
learn,EOPKG,EOPKGTopologyConditioned,5e56c5c7531d4675b4c740f509ff678f,854778689611649472,_EOPKG_TC-UN-f1-5-penalty3l-42_loan_v1_v5_simulated_GATv2,_EOPKG_TC-UN-f1-5-penalty3l,42,train_candidate_pred_score,0,1780664848261,5.754946819360002
learn,EOPKG,EOPKGTopologyConditioned,5e56c5c7531d4675b4c740f509ff678f,854778689611649472,_EOPKG_TC-UN-f1-5-penalty3l-42_loan_v1_v5_simulated_GATv2,_EOPKG_TC-UN-f1-5-penalty3l,42,train_candidate_pred_score,0,1780664848261,5.754946819360002
learn,EOPKG,EOPKGTopologyConditioned,5e56c5c7531d4675b4c740f509ff678f,854778689611649472,_EOPKG_TC-UN-f1-5-penalty3l-42_loan_v1_v5_simulated_GATv2,_EOPKG_TC-UN-f1-5-penalty3l,42,train_candidate_pred_score,0,1780665118936,5.867715359492219
learn,EOPKG,EOPKGTopologyConditioned,5e56c5c7531d4675b4c740f509ff678f,854778689611649472,_EOPKG_TC-UN-f1-5-penalty3l-42_loan_v1_v5_simulated_GATv2,_EOPKG_TC-UN-f1-5-penalty3l,42,train_candidate_pred_score,0,1780665118936,5.867715359492219
learn,EOPKG,EOPKGTopologyConditioned,5e56c5c7531d4675b4c740f509ff678f,854778689611649472,_EOPKG_TC-UN-f1-5-penalty3l-42_loan_v1_v5_simulated_GATv2,_EOPKG_TC-UN-f1-5-penalty3l,42,train_candidate_pred_score,0,1780665389550,5.797137646303647
learn,EOPKG,EOPKGTopologyConditioned,5e56c5c7531d4675b4c740f509ff678f,854778689611649472,_EOPKG_TC-UN-f1-5-penalty3l-42_loan_v1_v5_simulated_GATv2,_EOPKG_TC-UN-f1-5-penalty3l,42,train_candidate_pred_score,0,1780665389550,5.797137646303647
learn,EOPKG,EOPKGTopologyConditioned,5e56c5c7531d4675b4c740f509ff678f,854778689611649472,_EOPKG_TC-UN-f1-5-penalty3l-42_loan_v1_v5_simulated_GATv2,_EOPKG_TC-UN-f1-5-penalty3l,42,train_candidate_pred_score,0,1780665661157,5.801312232055421
learn,EOPKG,EOPKGTopologyConditioned,5e56c5c7531d4675b4c740f509ff678f,854778689611649472,_EOPKG_TC-UN-f1-5-penalty3l-42_loan_v1_v5_simulated_GATv2,_EOPKG_TC-UN-f1-5-penalty3l,42,train_candidate_pred_score,0,1780665661157,5.801312232055421
learn,EOPKG,EOPKGTopologyConditioned,5e56c5c7531d4675b4c740f509ff678f,854778689611649472,_EOPKG_TC-UN-f1-5-penalty3l-42_loan_v1_v5_simulated_GATv2,_EOPKG_TC-UN-f1-5-penalty3l,42,train_candidate_pred_score,0,1780665931697,5.793075880678356
learn,EOPKG,EOPKGTopologyConditioned,5e56c5c7531d4675b4c740f509ff678f,854778689611649472,_EOPKG_TC-UN-f1-5-penalty3l-42_loan_v1_v5_simulated_GATv2,_EOPKG_TC-UN-f1-5-penalty3l,42,train_candidate_pred_score,0,1780665931697,5.793075880678356
learn,EOPKG,EOPKGTopologyConditioned,5e56c5c7531d4675b4c740f509ff678f,854778689611649472,_EOPKG_TC-UN-f1-5-penalty3l-42_loan_v1_v5_simulated_GATv2,_EOPKG_TC-UN-f1-5-penalty3l,42,train_candidate_pred_score,0,1780666266834,5.858950642220356
learn,EOPKG,EOPKGTopologyConditioned,5e56c5c7531d4675b4c740f509ff678f,854778689611649472,_EOPKG_TC-UN-f1-5-penalty3l-42_loan_v1_v5_simulated_GATv2,_EOPKG_TC-UN-f1-5-penalty3l,42,train_candidate_pred_score,0,1780666266834,5.858950642220356
learn,EOPKG,EOPKGTopologyConditioned,5e56c5c7531d4675b4c740f509ff678f,854778689611649472,_EOPKG_TC-UN-f1-5-penalty3l-42_loan_v1_v5_simulated_GATv2,_EOPKG_TC-UN-f1-5-penalty3l,42,train_candidate_pred_score,0,1780666540221,5.830128330873571
learn,EOPKG,EOPKGTopologyConditioned,5e56c5c7531d4675b4c740f509ff678f,854778689611649472,_EOPKG_TC-UN-f1-5-penalty3l-42_loan_v1_v5_simulated_GATv2,_EOPKG_TC-UN-f1-5-penalty3l,42,train_candidate_pred_score,0,1780666540221,5.830128330873571
learn,EOPKG,EOPKGTopologyConditioned,5e56c5c7531d4675b4c740f509ff678f,854778689611649472,_EOPKG_TC-UN-f1-5-penalty3l-42_loan_v1_v5_simulated_GATv2,_EOPKG_TC-UN-f1-5-penalty3l,42,train_candidate_pred_score,0,1780666813262,5.793094133155714
learn,EOPKG,EOPKGTopologyConditioned,5e56c5c7531d4675b4c740f509ff678f,854778689611649472,_EOPKG_TC-UN-f1-5-penalty3l-42_loan_v1_v5_simulated_GATv2,_EOPKG_TC-UN-f1-5-penalty3l,42,train_candidate_pred_score,0,1780666813262,5.793094133155714
learn,EOPKG,EOPKGTopologyConditioned,5e56c5c7531d4675b4c740f509ff678f,854778689611649472,_EOPKG_TC-UN-f1-5-penalty3l-42_loan_v1_v5_simulated_GATv2,_EOPKG_TC-UN-f1-5-penalty3l,42,train_candidate_pred_score,0,1780667120646,5.838784571861424
learn,EOPKG,EOPKGTopologyConditioned,5e56c5c7531d4675b4c740f509ff678f,854778689611649472,_EOPKG_TC-UN-f1-5-penalty3l-42_loan_v1_v5_simulated_GATv2,_EOPKG_TC-UN-f1-5-penalty3l,42,train_candidate_pred_score,0,1780667120646,5.838784571861424
learn,EOPKG,EOPKGTopologyConditioned,5e56c5c7531d4675b4c740f509ff678f,854778689611649472,_EOPKG_TC-UN-f1-5-penalty3l-42_loan_v1_v5_simulated_GATv2,_EOPKG_TC-UN-f1-5-penalty3l,42,train_candidate_pred_score,0,1780670051376,5.926964245085117
learn,EOPKG,EOPKGTopologyConditioned,5e56c5c7531d4675b4c740f509ff678f,854778689611649472,_EOPKG_TC-UN-f1-5-penalty3l-42_loan_v1_v5_simulated_GATv2,_EOPKG_TC-UN-f1-5-penalty3l,42,train_candidate_pred_score,0,1780670051376,5.926964245085117
learn,EOPKG,EOPKGTopologyConditioned,5e56c5c7531d4675b4c740f509ff678f,854778689611649472,_EOPKG_TC-UN-f1-5-penalty3l-42_loan_v1_v5_simulated_GATv2,_EOPKG_TC-UN-f1-5-penalty3l,42,train_candidate_pred_score,0,1780670319624,5.7768352626806605
learn,EOPKG,EOPKGTopologyConditioned,5e56c5c7531d4675b4c740f509ff678f,854778689611649472,_EOPKG_TC-UN-f1-5-penalty3l-42_loan_v1_v5_simulated_GATv2,_EOPKG_TC-UN-f1-5-penalty3l,42,train_candidate_pred_score,0,1780670319624,5.7768352626806605
learn,EOPKG,EOPKGTopologyConditioned,5e56c5c7531d4675b4c740f509ff678f,854778689611649472,_EOPKG_TC-UN-f1-5-penalty3l-42_loan_v1_v5_simulated_GATv2,_EOPKG_TC-UN-f1-5-penalty3l,42,train_candidate_pred_score,0,1780670595705,5.862527240819886
learn,EOPKG,EOPKGTopologyConditioned,5e56c5c7531d4675b4c740f509ff678f,854778689611649472,_EOPKG_TC-UN-f1-5-penalty3l-42_loan_v1_v5_simulated_GATv2,_EOPKG_TC-UN-f1-5-penalty3l,42,train_candidate_pred_score,0,1780670595705,5.862527240819886
learn,EOPKG,EOPKGTopologyConditioned,5e56c5c7531d4675b4c740f509ff678f,854778689611649472,_EOPKG_TC-UN-f1-5-penalty3l-42_loan_v1_v5_simulated_GATv2,_EOPKG_TC-UN-f1-5-penalty3l,42,train_candidate_pred_score,0,1780670863726,5.928681897434786
learn,EOPKG,EOPKGTopologyConditioned,5e56c5c7531d4675b4c740f509ff678f,854778689611649472,_EOPKG_TC-UN-f1-5-penalty3l-42_loan_v1_v5_simulated_GATv2,_EOPKG_TC-UN-f1-5-penalty3l,42,train_candidate_pred_score,0,1780670863726,5.928681897434786
learn,EOPKG,EOPKGTopologyConditioned,5e56c5c7531d4675b4c740f509ff678f,854778689611649472,_EOPKG_TC-UN-f1-5-penalty3l-42_loan_v1_v5_simulated_GATv2,_EOPKG_TC-UN-f1-5-penalty3l,42,train_candidate_pred_score,0,1780671144783,5.886047290504831
learn,EOPKG,EOPKGTopologyConditioned,5e56c5c7531d4675b4c740f509ff678f,854778689611649472,_EOPKG_TC-UN-f1-5-penalty3l-42_loan_v1_v5_simulated_GATv2,_EOPKG_TC-UN-f1-5-penalty3l,42,train_candidate_pred_score,0,1780671144783,5.886047290504831
learn,EOPKG,EOPKGTopologyConditioned,5fcc89889b1d45c489329f5e3df9a5a2,854778689611649472,_EOPKG_TC-UN-f1-5-penalty3l-78_loan_v1_v5_simulated_GATv2,_EOPKG_TC-UN-f1-5-penalty3l,78,train_candidate_pred_score,0,1780870771829,4.407375997124871
learn,EOPKG,EOPKGTopologyConditioned,5fcc89889b1d45c489329f5e3df9a5a2,854778689611649472,_EOPKG_TC-UN-f1-5-penalty3l-78_loan_v1_v5_simulated_GATv2,_EOPKG_TC-UN-f1-5-penalty3l,78,train_candidate_pred_score,0,1780870771829,4.407375997124871
learn,EOPKG,EOPKGTopologyConditioned,5fcc89889b1d45c489329f5e3df9a5a2,854778689611649472,_EOPKG_TC-UN-f1-5-penalty3l-78_loan_v1_v5_simulated_GATv2,_EOPKG_TC-UN-f1-5-penalty3l,78,train_candidate_pred_score,0,1780871357526,4.867377801237121
learn,EOPKG,EOPKGTopologyConditioned,5fcc89889b1d45c489329f5e3df9a5a2,854778689611649472,_EOPKG_TC-UN-f1-5-penalty3l-78_loan_v1_v5_simulated_GATv2,_EOPKG_TC-UN-f1-5-penalty3l,78,train_candidate_pred_score,0,1780871357526,4.867377801237121
learn,EOPKG,EOPKGTopologyConditioned,5fcc89889b1d45c489329f5e3df9a5a2,854778689611649472,_EOPKG_TC-UN-f1-5-penalty3l-78_loan_v1_v5_simulated_GATv2,_EOPKG_TC-UN-f1-5-penalty3l,78,train_candidate_pred_score,0,1780871907808,4.985543487560958
learn,EOPKG,EOPKGTopologyConditioned,5fcc89889b1d45c489329f5e3df9a5a2,854778689611649472,_EOPKG_TC-UN-f1-5-penalty3l-78_loan_v1_v5_simulated_GATv2,_EOPKG_TC-UN-f1-5-penalty3l,78,train_candidate_pred_score,0,1780871907808,4.985543487560958
learn,EOPKG,EOPKGTopologyConditioned,5fcc89889b1d45c489329f5e3df9a5a2,854778689611649472,_EOPKG_TC-UN-f1-5-penalty3l-78_loan_v1_v5_simulated_GATv2,_EOPKG_TC-UN-f1-5-penalty3l,78,train_candidate_pred_score,0,1780872470116,5.0962215372034025
learn,EOPKG,EOPKGTopologyConditioned,5fcc89889b1d45c489329f5e3df9a5a2,854778689611649472,_EOPKG_TC-UN-f1-5-penalty3l-78_loan_v1_v5_simulated_GATv2,_EOPKG_TC-UN-f1-5-penalty3l,78,train_candidate_pred_score,0,1780872470116,5.0962215372034025
learn,EOPKG,EOPKGTopologyConditioned,5fcc89889b1d45c489329f5e3df9a5a2,854778689611649472,_EOPKG_TC-UN-f1-5-penalty3l-78_loan_v1_v5_simulated_GATv2,_EOPKG_TC-UN-f1-5-penalty3l,78,train_candidate_pred_score,0,1780892111389,5.133767200767141
learn,EOPKG,EOPKGTopologyConditioned,5fcc89889b1d45c489329f5e3df9a5a2,854778689611649472,_EOPKG_TC-UN-f1-5-penalty3l-78_loan_v1_v5_simulated_GATv2,_EOPKG_TC-UN-f1-5-penalty3l,78,train_candidate_pred_score,0,1780892111389,5.133767200767141
learn,EOPKG,EOPKGTopologyConditioned,5fcc89889b1d45c489329f5e3df9a5a2,854778689611649472,_EOPKG_TC-UN-f1-5-penalty3l-78_loan_v1_v5_simulated_GATv2,_EOPKG_TC-UN-f1-5-penalty3l,78,train_candidate_pred_score,0,1780892364968,5.18486503046154
learn,EOPKG,EOPKGTopologyConditioned,5fcc89889b1d45c489329f5e3df9a5a2,854778689611649472,_EOPKG_TC-UN-f1-5-penalty3l-78_loan_v1_v5_simulated_GATv2,_EOPKG_TC-UN-f1-5-penalty3l,78,train_candidate_pred_score,0,1780892364968,5.18486503046154
learn,EOPKG,EOPKGTopologyConditioned,5fcc89889b1d45c489329f5e3df9a5a2,854778689611649472,_EOPKG_TC-UN-f1-5-penalty3l-78_loan_v1_v5_simulated_GATv2,_EOPKG_TC-UN-f1-5-penalty3l,78,train_candidate_pred_score,0,1780892626846,5.329287861792196
learn,EOPKG,EOPKGTopologyConditioned,5fcc89889b1d45c489329f5e3df9a5a2,854778689611649472,_EOPKG_TC-UN-f1-5-penalty3l-78_loan_v1_v5_simulated_GATv2,_EOPKG_TC-UN-f1-5-penalty3l,78,train_candidate_pred_score,0,1780892626846,5.329287861792196
learn,EOPKG,EOPKGTopologyConditioned,5fcc89889b1d45c489329f5e3df9a5a2,854778689611649472,_EOPKG_TC-UN-f1-5-penalty3l-78_loan_v1_v5_simulated_GATv2,_EOPKG_TC-UN-f1-5-penalty3l,78,train_candidate_pred_score,0,1780892895792,5.376357748701766
learn,EOPKG,EOPKGTopologyConditioned,5fcc89889b1d45c489329f5e3df9a5a2,854778689611649472,_EOPKG_TC-UN-f1-5-penalty3l-78_loan_v1_v5_simulated_GATv2,_EOPKG_TC-UN-f1-5-penalty3l,78,train_candidate_pred_score,0,1780892895792,5.376357748701766
learn,EOPKG,EOPKGTopologyConditioned,5fcc89889b1d45c489329f5e3df9a5a2,854778689611649472,_EOPKG_TC-UN-f1-5-penalty3l-78_loan_v1_v5_simulated_GATv2,_EOPKG_TC-UN-f1-5-penalty3l,78,train_candidate_pred_score,0,1780893157940,5.419494228635949
learn,EOPKG,EOPKGTopologyConditioned,5fcc89889b1d45c489329f5e3df9a5a2,854778689611649472,_EOPKG_TC-UN-f1-5-penalty3l-78_loan_v1_v5_simulated_GATv2,_EOPKG_TC-UN-f1-5-penalty3l,78,train_candidate_pred_score,0,1780893157940,5.419494228635949
learn,EOPKG,EOPKGTopologyConditioned,5fcc89889b1d45c489329f5e3df9a5a2,854778689611649472,_EOPKG_TC-UN-f1-5-penalty3l-78_loan_v1_v5_simulated_GATv2,_EOPKG_TC-UN-f1-5-penalty3l,78,train_candidate_pred_score,0,1780893421508,5.4173371522718465
learn,EOPKG,EOPKGTopologyConditioned,5fcc89889b1d45c489329f5e3df9a5a2,854778689611649472,_EOPKG_TC-UN-f1-5-penalty3l-78_loan_v1_v5_simulated_GATv2,_EOPKG_TC-UN-f1-5-penalty3l,78,train_candidate_pred_score,0,1780893421508,5.4173371522718465
learn,EOPKG,EOPKGTopologyConditioned,5fcc89889b1d45c489329f5e3df9a5a2,854778689611649472,_EOPKG_TC-UN-f1-5-penalty3l-78_loan_v1_v5_simulated_GATv2,_EOPKG_TC-UN-f1-5-penalty3l,78,train_candidate_pred_score,0,1780893690053,5.465966574906924
learn,EOPKG,EOPKGTopologyConditioned,5fcc89889b1d45c489329f5e3df9a5a2,854778689611649472,_EOPKG_TC-UN-f1-5-penalty3l-78_loan_v1_v5_simulated_GATv2,_EOPKG_TC-UN-f1-5-penalty3l,78,train_candidate_pred_score,0,1780893690053,5.465966574906924
learn,EOPKG,EOPKGTopologyConditioned,5fcc89889b1d45c489329f5e3df9a5a2,854778689611649472,_EOPKG_TC-UN-f1-5-penalty3l-78_loan_v1_v5_simulated_GATv2,_EOPKG_TC-UN-f1-5-penalty3l,78,train_candidate_pred_score,0,1780893966150,5.48102678972132
learn,EOPKG,EOPKGTopologyConditioned,5fcc89889b1d45c489329f5e3df9a5a2,854778689611649472,_EOPKG_TC-UN-f1-5-penalty3l-78_loan_v1_v5_simulated_GATv2,_EOPKG_TC-UN-f1-5-penalty3l,78,train_candidate_pred_score,0,1780893966150,5.48102678972132
learn,EOPKG,EOPKGTopologyConditioned,5fcc89889b1d45c489329f5e3df9a5a2,854778689611649472,_EOPKG_TC-UN-f1-5-penalty3l-78_loan_v1_v5_simulated_GATv2,_EOPKG_TC-UN-f1-5-penalty3l,78,train_candidate_pred_score,0,1780894246718,5.49086006495077
learn,EOPKG,EOPKGTopologyConditioned,5fcc89889b1d45c489329f5e3df9a5a2,854778689611649472,_EOPKG_TC-UN-f1-5-penalty3l-78_loan_v1_v5_simulated_GATv2,_EOPKG_TC-UN-f1-5-penalty3l,78,train_candidate_pred_score,0,1780894246718,5.49086006495077
learn,EOPKG,EOPKGTopologyConditioned,5fcc89889b1d45c489329f5e3df9a5a2,854778689611649472,_EOPKG_TC-UN-f1-5-penalty3l-78_loan_v1_v5_simulated_GATv2,_EOPKG_TC-UN-f1-5-penalty3l,78,train_candidate_pred_score,0,1780894524620,5.460669976918231
learn,EOPKG,EOPKGTopologyConditioned,5fcc89889b1d45c489329f5e3df9a5a2,854778689611649472,_EOPKG_TC-UN-f1-5-penalty3l-78_loan_v1_v5_simulated_GATv2,_EOPKG_TC-UN-f1-5-penalty3l,78,train_candidate_pred_score,0,1780894524620,5.460669976918231
learn,EOPKG,EOPKGTopologyConditioned,5fcc89889b1d45c489329f5e3df9a5a2,854778689611649472,_EOPKG_TC-UN-f1-5-penalty3l-78_loan_v1_v5_simulated_GATv2,_EOPKG_TC-UN-f1-5-penalty3l,78,train_candidate_pred_score,0,1780894818206,5.573958286988906
learn,EOPKG,EOPKGTopologyConditioned,5fcc89889b1d45c489329f5e3df9a5a2,854778689611649472,_EOPKG_TC-UN-f1-5-penalty3l-78_loan_v1_v5_simulated_GATv2,_EOPKG_TC-UN-f1-5-penalty3l,78,train_candidate_pred_score,0,1780894818206,5.573958286988906
learn,EOPKG,EOPKGTopologyConditioned,5fcc89889b1d45c489329f5e3df9a5a2,854778689611649472,_EOPKG_TC-UN-f1-5-penalty3l-78_loan_v1_v5_simulated_GATv2,_EOPKG_TC-UN-f1-5-penalty3l,78,train_candidate_pred_score,0,1780895167128,5.6682111250387655
learn,EOPKG,EOPKGTopologyConditioned,5fcc89889b1d45c489329f5e3df9a5a2,854778689611649472,_EOPKG_TC-UN-f1-5-penalty3l-78_loan_v1_v5_simulated_GATv2,_EOPKG_TC-UN-f1-5-penalty3l,78,train_candidate_pred_score,0,1780895167128,5.6682111250387655
learn,EOPKG,EOPKGTopologyConditioned,5fcc89889b1d45c489329f5e3df9a5a2,854778689611649472,_EOPKG_TC-UN-f1-5-penalty3l-78_loan_v1_v5_simulated_GATv2,_EOPKG_TC-UN-f1-5-penalty3l,78,train_candidate_pred_score,0,1780895498769,5.571970979056791
learn,EOPKG,EOPKGTopologyConditioned,5fcc89889b1d45c489329f5e3df9a5a2,854778689611649472,_EOPKG_TC-UN-f1-5-penalty3l-78_loan_v1_v5_simulated_GATv2,_EOPKG_TC-UN-f1-5-penalty3l,78,train_candidate_pred_score,0,1780895498769,5.571970979056791
learn,EOPKG,EOPKGTopologyConditioned,5fcc89889b1d45c489329f5e3df9a5a2,854778689611649472,_EOPKG_TC-UN-f1-5-penalty3l-78_loan_v1_v5_simulated_GATv2,_EOPKG_TC-UN-f1-5-penalty3l,78,train_candidate_pred_score,0,1780895781664,5.61957846006263
learn,EOPKG,EOPKGTopologyConditioned,5fcc89889b1d45c489329f5e3df9a5a2,854778689611649472,_EOPKG_TC-UN-f1-5-penalty3l-78_loan_v1_v5_simulated_GATv2,_EOPKG_TC-UN-f1-5-penalty3l,78,train_candidate_pred_score,0,1780895781664,5.61957846006263
learn,EOPKG,EOPKGTopologyConditioned,5fcc89889b1d45c489329f5e3df9a5a2,854778689611649472,_EOPKG_TC-UN-f1-5-penalty3l-78_loan_v1_v5_simulated_GATv2,_EOPKG_TC-UN-f1-5-penalty3l,78,train_candidate_pred_score,0,1780896072376,5.6304671267826345
learn,EOPKG,EOPKGTopologyConditioned,5fcc89889b1d45c489329f5e3df9a5a2,854778689611649472,_EOPKG_TC-UN-f1-5-penalty3l-78_loan_v1_v5_simulated_GATv2,_EOPKG_TC-UN-f1-5-penalty3l,78,train_candidate_pred_score,0,1780896072376,5.6304671267826345
learn,EOPKG,EOPKGTopologyConditioned,5fcc89889b1d45c489329f5e3df9a5a2,854778689611649472,_EOPKG_TC-UN-f1-5-penalty3l-78_loan_v1_v5_simulated_GATv2,_EOPKG_TC-UN-f1-5-penalty3l,78,train_candidate_pred_score,0,1780896332343,5.659167368575007
learn,EOPKG,EOPKGTopologyConditioned,5fcc89889b1d45c489329f5e3df9a5a2,854778689611649472,_EOPKG_TC-UN-f1-5-penalty3l-78_loan_v1_v5_simulated_GATv2,_EOPKG_TC-UN-f1-5-penalty3l,78,train_candidate_pred_score,0,1780896332343,5.659167368575007
learn,EOPKG,EOPKGTopologyConditioned,5fcc89889b1d45c489329f5e3df9a5a2,854778689611649472,_EOPKG_TC-UN-f1-5-penalty3l-78_loan_v1_v5_simulated_GATv2,_EOPKG_TC-UN-f1-5-penalty3l,78,train_candidate_pred_score,0,1780896618816,5.617597398773096
learn,EOPKG,EOPKGTopologyConditioned,5fcc89889b1d45c489329f5e3df9a5a2,854778689611649472,_EOPKG_TC-UN-f1-5-penalty3l-78_loan_v1_v5_simulated_GATv2,_EOPKG_TC-UN-f1-5-penalty3l,78,train_candidate_pred_score,0,1780896618816,5.617597398773096
learn,EOPKG,EOPKGTopologyConditioned,5fcc89889b1d45c489329f5e3df9a5a2,854778689611649472,_EOPKG_TC-UN-f1-5-penalty3l-78_loan_v1_v5_simulated_GATv2,_EOPKG_TC-UN-f1-5-penalty3l,78,train_candidate_pred_score,0,1780896877762,5.6429317471332885
learn,EOPKG,EOPKGTopologyConditioned,5fcc89889b1d45c489329f5e3df9a5a2,854778689611649472,_EOPKG_TC-UN-f1-5-penalty3l-78_loan_v1_v5_simulated_GATv2,_EOPKG_TC-UN-f1-5-penalty3l,78,train_candidate_pred_score,0,1780896877762,5.6429317471332885
learn,EOPKG,EOPKGTopologyConditioned,5fcc89889b1d45c489329f5e3df9a5a2,854778689611649472,_EOPKG_TC-UN-f1-5-penalty3l-78_loan_v1_v5_simulated_GATv2,_EOPKG_TC-UN-f1-5-penalty3l,78,train_candidate_pred_score,0,1780897165159,5.622567539942852
learn,EOPKG,EOPKGTopologyConditioned,5fcc89889b1d45c489329f5e3df9a5a2,854778689611649472,_EOPKG_TC-UN-f1-5-penalty3l-78_loan_v1_v5_simulated_GATv2,_EOPKG_TC-UN-f1-5-penalty3l,78,train_candidate_pred_score,0,1780897165159,5.622567539942852
learn,EOPKG,EOPKGTopologyConditioned,5fcc89889b1d45c489329f5e3df9a5a2,854778689611649472,_EOPKG_TC-UN-f1-5-penalty3l-78_loan_v1_v5_simulated_GATv2,_EOPKG_TC-UN-f1-5-penalty3l,78,train_candidate_pred_score,0,1780897421988,5.7085161300076965
learn,EOPKG,EOPKGTopologyConditioned,5fcc89889b1d45c489329f5e3df9a5a2,854778689611649472,_EOPKG_TC-UN-f1-5-penalty3l-78_loan_v1_v5_simulated_GATv2,_EOPKG_TC-UN-f1-5-penalty3l,78,train_candidate_pred_score,0,1780897421988,5.7085161300076965
learn,EOPKG,EOPKGTopologyConditioned,5fcc89889b1d45c489329f5e3df9a5a2,854778689611649472,_EOPKG_TC-UN-f1-5-penalty3l-78_loan_v1_v5_simulated_GATv2,_EOPKG_TC-UN-f1-5-penalty3l,78,train_candidate_pred_score,0,1780897681514,5.733865114766957
learn,EOPKG,EOPKGTopologyConditioned,5fcc89889b1d45c489329f5e3df9a5a2,854778689611649472,_EOPKG_TC-UN-f1-5-penalty3l-78_loan_v1_v5_simulated_GATv2,_EOPKG_TC-UN-f1-5-penalty3l,78,train_candidate_pred_score,0,1780897681514,5.733865114766957
learn,EOPKG,EOPKGTopologyConditioned,5fcc89889b1d45c489329f5e3df9a5a2,854778689611649472,_EOPKG_TC-UN-f1-5-penalty3l-78_loan_v1_v5_simulated_GATv2,_EOPKG_TC-UN-f1-5-penalty3l,78,train_candidate_pred_score,0,1780897945717,5.729825561111038
learn,EOPKG,EOPKGTopologyConditioned,5fcc89889b1d45c489329f5e3df9a5a2,854778689611649472,_EOPKG_TC-UN-f1-5-penalty3l-78_loan_v1_v5_simulated_GATv2,_EOPKG_TC-UN-f1-5-penalty3l,78,train_candidate_pred_score,0,1780897945717,5.729825561111038
learn,EOPKG,EOPKGTopologyConditioned,5fcc89889b1d45c489329f5e3df9a5a2,854778689611649472,_EOPKG_TC-UN-f1-5-penalty3l-78_loan_v1_v5_simulated_GATv2,_EOPKG_TC-UN-f1-5-penalty3l,78,train_candidate_pred_score,0,1780898204379,5.700932829482377
learn,EOPKG,EOPKGTopologyConditioned,5fcc89889b1d45c489329f5e3df9a5a2,854778689611649472,_EOPKG_TC-UN-f1-5-penalty3l-78_loan_v1_v5_simulated_GATv2,_EOPKG_TC-UN-f1-5-penalty3l,78,train_candidate_pred_score,0,1780898204379,5.700932829482377
learn,EOPKG,EOPKGTopologyConditioned,5fcc89889b1d45c489329f5e3df9a5a2,854778689611649472,_EOPKG_TC-UN-f1-5-penalty3l-78_loan_v1_v5_simulated_GATv2,_EOPKG_TC-UN-f1-5-penalty3l,78,train_candidate_pred_score,0,1780898494038,5.78542550682832
learn,EOPKG,EOPKGTopologyConditioned,5fcc89889b1d45c489329f5e3df9a5a2,854778689611649472,_EOPKG_TC-UN-f1-5-penalty3l-78_loan_v1_v5_simulated_GATv2,_EOPKG_TC-UN-f1-5-penalty3l,78,train_candidate_pred_score,0,1780898494038,5.78542550682832
learn,EOPKG,EOPKGTopologyConditioned,5fcc89889b1d45c489329f5e3df9a5a2,854778689611649472,_EOPKG_TC-UN-f1-5-penalty3l-78_loan_v1_v5_simulated_GATv2,_EOPKG_TC-UN-f1-5-penalty3l,78,train_candidate_pred_score,0,1780898757403,5.809029983981425
learn,EOPKG,EOPKGTopologyConditioned,5fcc89889b1d45c489329f5e3df9a5a2,854778689611649472,_EOPKG_TC-UN-f1-5-penalty3l-78_loan_v1_v5_simulated_GATv2,_EOPKG_TC-UN-f1-5-penalty3l,78,train_candidate_pred_score,0,1780898757403,5.809029983981425
learn,EOPKG,EOPKGTopologyConditioned,5fcc89889b1d45c489329f5e3df9a5a2,854778689611649472,_EOPKG_TC-UN-f1-5-penalty3l-78_loan_v1_v5_simulated_GATv2,_EOPKG_TC-UN-f1-5-penalty3l,78,train_candidate_pred_score,0,1780899039841,5.746018606073716
learn,EOPKG,EOPKGTopologyConditioned,5fcc89889b1d45c489329f5e3df9a5a2,854778689611649472,_EOPKG_TC-UN-f1-5-penalty3l-78_loan_v1_v5_simulated_GATv2,_EOPKG_TC-UN-f1-5-penalty3l,78,train_candidate_pred_score,0,1780899039841,5.746018606073716
learn,EOPKG,EOPKGTopologyConditioned,5fcc89889b1d45c489329f5e3df9a5a2,854778689611649472,_EOPKG_TC-UN-f1-5-penalty3l-78_loan_v1_v5_simulated_GATv2,_EOPKG_TC-UN-f1-5-penalty3l,78,train_candidate_pred_score,0,1780899317201,5.783684171819156
learn,EOPKG,EOPKGTopologyConditioned,5fcc89889b1d45c489329f5e3df9a5a2,854778689611649472,_EOPKG_TC-UN-f1-5-penalty3l-78_loan_v1_v5_simulated_GATv2,_EOPKG_TC-UN-f1-5-penalty3l,78,train_candidate_pred_score,0,1780899317201,5.783684171819156
learn,EOPKG,EOPKGTopologyConditioned,5fcc89889b1d45c489329f5e3df9a5a2,854778689611649472,_EOPKG_TC-UN-f1-5-penalty3l-78_loan_v1_v5_simulated_GATv2,_EOPKG_TC-UN-f1-5-penalty3l,78,train_candidate_pred_score,0,1780899609527,5.7464884134847525
learn,EOPKG,EOPKGTopologyConditioned,5fcc89889b1d45c489329f5e3df9a5a2,854778689611649472,_EOPKG_TC-UN-f1-5-penalty3l-78_loan_v1_v5_simulated_GATv2,_EOPKG_TC-UN-f1-5-penalty3l,78,train_candidate_pred_score,0,1780899609527,5.7464884134847525
learn,EOPKG,EOPKGTopologyConditioned,5fcc89889b1d45c489329f5e3df9a5a2,854778689611649472,_EOPKG_TC-UN-f1-5-penalty3l-78_loan_v1_v5_simulated_GATv2,_EOPKG_TC-UN-f1-5-penalty3l,78,train_candidate_pred_score,0,1780899884362,5.799373374265783
learn,EOPKG,EOPKGTopologyConditioned,5fcc89889b1d45c489329f5e3df9a5a2,854778689611649472,_EOPKG_TC-UN-f1-5-penalty3l-78_loan_v1_v5_simulated_GATv2,_EOPKG_TC-UN-f1-5-penalty3l,78,train_candidate_pred_score,0,1780899884362,5.799373374265783
learn,EOPKG,EOPKGTopologyConditioned,5fcc89889b1d45c489329f5e3df9a5a2,854778689611649472,_EOPKG_TC-UN-f1-5-penalty3l-78_loan_v1_v5_simulated_GATv2,_EOPKG_TC-UN-f1-5-penalty3l,78,train_candidate_pred_score,0,1780900143017,5.800756426418529
learn,EOPKG,EOPKGTopologyConditioned,5fcc89889b1d45c489329f5e3df9a5a2,854778689611649472,_EOPKG_TC-UN-f1-5-penalty3l-78_loan_v1_v5_simulated_GATv2,_EOPKG_TC-UN-f1-5-penalty3l,78,train_candidate_pred_score,0,1780900143017,5.800756426418529
learn,EOPKG,EOPKGTopologyConditioned,5fcc89889b1d45c489329f5e3df9a5a2,854778689611649472,_EOPKG_TC-UN-f1-5-penalty3l-78_loan_v1_v5_simulated_GATv2,_EOPKG_TC-UN-f1-5-penalty3l,78,train_candidate_pred_score,0,1780900410613,5.754214956953719
learn,EOPKG,EOPKGTopologyConditioned,5fcc89889b1d45c489329f5e3df9a5a2,854778689611649472,_EOPKG_TC-UN-f1-5-penalty3l-78_loan_v1_v5_simulated_GATv2,_EOPKG_TC-UN-f1-5-penalty3l,78,train_candidate_pred_score,0,1780900410613,5.754214956953719
learn,EOPKG,EOPKGTopologyConditioned,5fcc89889b1d45c489329f5e3df9a5a2,854778689611649472,_EOPKG_TC-UN-f1-5-penalty3l-78_loan_v1_v5_simulated_GATv2,_EOPKG_TC-UN-f1-5-penalty3l,78,train_candidate_pred_score,0,1780900678549,5.763128074439797
learn,EOPKG,EOPKGTopologyConditioned,5fcc89889b1d45c489329f5e3df9a5a2,854778689611649472,_EOPKG_TC-UN-f1-5-penalty3l-78_loan_v1_v5_simulated_GATv2,_EOPKG_TC-UN-f1-5-penalty3l,78,train_candidate_pred_score,0,1780900678549,5.763128074439797
learn,EOPKG,EOPKGTopologyConditioned,5fcc89889b1d45c489329f5e3df9a5a2,854778689611649472,_EOPKG_TC-UN-f1-5-penalty3l-78_loan_v1_v5_simulated_GATv2,_EOPKG_TC-UN-f1-5-penalty3l,78,train_candidate_pred_score,0,1780900938058,5.7512891569274025
learn,EOPKG,EOPKGTopologyConditioned,5fcc89889b1d45c489329f5e3df9a5a2,854778689611649472,_EOPKG_TC-UN-f1-5-penalty3l-78_loan_v1_v5_simulated_GATv2,_EOPKG_TC-UN-f1-5-penalty3l,78,train_candidate_pred_score,0,1780900938058,5.7512891569274025
learn,EOPKG,EOPKGTopologyConditioned,5fcc89889b1d45c489329f5e3df9a5a2,854778689611649472,_EOPKG_TC-UN-f1-5-penalty3l-78_loan_v1_v5_simulated_GATv2,_EOPKG_TC-UN-f1-5-penalty3l,78,train_candidate_pred_score,0,1780901193102,5.74960094112281
learn,EOPKG,EOPKGTopologyConditioned,5fcc89889b1d45c489329f5e3df9a5a2,854778689611649472,_EOPKG_TC-UN-f1-5-penalty3l-78_loan_v1_v5_simulated_GATv2,_EOPKG_TC-UN-f1-5-penalty3l,78,train_candidate_pred_score,0,1780901193102,5.74960094112281
learn,EOPKG,EOPKGTopologyConditioned,5fcc89889b1d45c489329f5e3df9a5a2,854778689611649472,_EOPKG_TC-UN-f1-5-penalty3l-78_loan_v1_v5_simulated_GATv2,_EOPKG_TC-UN-f1-5-penalty3l,78,train_candidate_pred_score,0,1780901452996,5.818246189475249
learn,EOPKG,EOPKGTopologyConditioned,5fcc89889b1d45c489329f5e3df9a5a2,854778689611649472,_EOPKG_TC-UN-f1-5-penalty3l-78_loan_v1_v5_simulated_GATv2,_EOPKG_TC-UN-f1-5-penalty3l,78,train_candidate_pred_score,0,1780901452996,5.818246189475249
learn,EOPKG,EOPKGTopologyConditioned,5fcc89889b1d45c489329f5e3df9a5a2,854778689611649472,_EOPKG_TC-UN-f1-5-penalty3l-78_loan_v1_v5_simulated_GATv2,_EOPKG_TC-UN-f1-5-penalty3l,78,train_candidate_pred_score,0,1780901713942,5.760188758468021
learn,EOPKG,EOPKGTopologyConditioned,5fcc89889b1d45c489329f5e3df9a5a2,854778689611649472,_EOPKG_TC-UN-f1-5-penalty3l-78_loan_v1_v5_simulated_GATv2,_EOPKG_TC-UN-f1-5-penalty3l,78,train_candidate_pred_score,0,1780901713942,5.760188758468021
learn,EOPKG,EOPKGTopologyConditioned,5fcc89889b1d45c489329f5e3df9a5a2,854778689611649472,_EOPKG_TC-UN-f1-5-penalty3l-78_loan_v1_v5_simulated_GATv2,_EOPKG_TC-UN-f1-5-penalty3l,78,train_candidate_pred_score,0,1780901974518,5.772765106540795
learn,EOPKG,EOPKGTopologyConditioned,5fcc89889b1d45c489329f5e3df9a5a2,854778689611649472,_EOPKG_TC-UN-f1-5-penalty3l-78_loan_v1_v5_simulated_GATv2,_EOPKG_TC-UN-f1-5-penalty3l,78,train_candidate_pred_score,0,1780901974518,5.772765106540795
learn,EOPKG,EOPKGTopologyConditioned,a9ec65c003b14176b0d853a15471bbbb,854778689611649472,_EOPKG_TC-UN-f1-5-penalty3l-13_loan_v1_v5_simulated_GATv2,_EOPKG_TC-UN-f1-5-penalty3l,13,train_candidate_pred_score,0,1780837198256,4.233062012017436
learn,EOPKG,EOPKGTopologyConditioned,a9ec65c003b14176b0d853a15471bbbb,854778689611649472,_EOPKG_TC-UN-f1-5-penalty3l-13_loan_v1_v5_simulated_GATv2,_EOPKG_TC-UN-f1-5-penalty3l,13,train_candidate_pred_score,0,1780837198256,4.233062012017436
learn,EOPKG,EOPKGTopologyConditioned,a9ec65c003b14176b0d853a15471bbbb,854778689611649472,_EOPKG_TC-UN-f1-5-penalty3l-13_loan_v1_v5_simulated_GATv2,_EOPKG_TC-UN-f1-5-penalty3l,13,train_candidate_pred_score,0,1780837464932,4.950029956896468
learn,EOPKG,EOPKGTopologyConditioned,a9ec65c003b14176b0d853a15471bbbb,854778689611649472,_EOPKG_TC-UN-f1-5-penalty3l-13_loan_v1_v5_simulated_GATv2,_EOPKG_TC-UN-f1-5-penalty3l,13,train_candidate_pred_score,0,1780837464932,4.950029956896468
learn,EOPKG,EOPKGTopologyConditioned,a9ec65c003b14176b0d853a15471bbbb,854778689611649472,_EOPKG_TC-UN-f1-5-penalty3l-13_loan_v1_v5_simulated_GATv2,_EOPKG_TC-UN-f1-5-penalty3l,13,train_candidate_pred_score,0,1780837714228,5.203482080529339
learn,EOPKG,EOPKGTopologyConditioned,a9ec65c003b14176b0d853a15471bbbb,854778689611649472,_EOPKG_TC-UN-f1-5-penalty3l-13_loan_v1_v5_simulated_GATv2,_EOPKG_TC-UN-f1-5-penalty3l,13,train_candidate_pred_score,0,1780837714228,5.203482080529339
learn,EOPKG,EOPKGTopologyConditioned,a9ec65c003b14176b0d853a15471bbbb,854778689611649472,_EOPKG_TC-UN-f1-5-penalty3l-13_loan_v1_v5_simulated_GATv2,_EOPKG_TC-UN-f1-5-penalty3l,13,train_candidate_pred_score,0,1780837962225,5.328360803176564
learn,EOPKG,EOPKGTopologyConditioned,a9ec65c003b14176b0d853a15471bbbb,854778689611649472,_EOPKG_TC-UN-f1-5-penalty3l-13_loan_v1_v5_simulated_GATv2,_EOPKG_TC-UN-f1-5-penalty3l,13,train_candidate_pred_score,0,1780837962225,5.328360803176564
learn,EOPKG,EOPKGTopologyConditioned,a9ec65c003b14176b0d853a15471bbbb,854778689611649472,_EOPKG_TC-UN-f1-5-penalty3l-13_loan_v1_v5_simulated_GATv2,_EOPKG_TC-UN-f1-5-penalty3l,13,train_candidate_pred_score,0,1780838213061,5.432268733250507
learn,EOPKG,EOPKGTopologyConditioned,a9ec65c003b14176b0d853a15471bbbb,854778689611649472,_EOPKG_TC-UN-f1-5-penalty3l-13_loan_v1_v5_simulated_GATv2,_EOPKG_TC-UN-f1-5-penalty3l,13,train_candidate_pred_score,0,1780838213061,5.432268733250507
learn,EOPKG,EOPKGTopologyConditioned,a9ec65c003b14176b0d853a15471bbbb,854778689611649472,_EOPKG_TC-UN-f1-5-penalty3l-13_loan_v1_v5_simulated_GATv2,_EOPKG_TC-UN-f1-5-penalty3l,13,train_candidate_pred_score,0,1780838460306,5.496982557784961
learn,EOPKG,EOPKGTopologyConditioned,a9ec65c003b14176b0d853a15471bbbb,854778689611649472,_EOPKG_TC-UN-f1-5-penalty3l-13_loan_v1_v5_simulated_GATv2,_EOPKG_TC-UN-f1-5-penalty3l,13,train_candidate_pred_score,0,1780838460306,5.496982557784961
learn,EOPKG,EOPKGTopologyConditioned,a9ec65c003b14176b0d853a15471bbbb,854778689611649472,_EOPKG_TC-UN-f1-5-penalty3l-13_loan_v1_v5_simulated_GATv2,_EOPKG_TC-UN-f1-5-penalty3l,13,train_candidate_pred_score,0,1780838706369,5.538430664232312
learn,EOPKG,EOPKGTopologyConditioned,a9ec65c003b14176b0d853a15471bbbb,854778689611649472,_EOPKG_TC-UN-f1-5-penalty3l-13_loan_v1_v5_simulated_GATv2,_EOPKG_TC-UN-f1-5-penalty3l,13,train_candidate_pred_score,0,1780838706369,5.538430664232312
learn,EOPKG,EOPKGTopologyConditioned,a9ec65c003b14176b0d853a15471bbbb,854778689611649472,_EOPKG_TC-UN-f1-5-penalty3l-13_loan_v1_v5_simulated_GATv2,_EOPKG_TC-UN-f1-5-penalty3l,13,train_candidate_pred_score,0,1780838951570,5.572804250853619
learn,EOPKG,EOPKGTopologyConditioned,a9ec65c003b14176b0d853a15471bbbb,854778689611649472,_EOPKG_TC-UN-f1-5-penalty3l-13_loan_v1_v5_simulated_GATv2,_EOPKG_TC-UN-f1-5-penalty3l,13,train_candidate_pred_score,0,1780838951570,5.572804250853619
learn,EOPKG,EOPKGTopologyConditioned,a9ec65c003b14176b0d853a15471bbbb,854778689611649472,_EOPKG_TC-UN-f1-5-penalty3l-13_loan_v1_v5_simulated_GATv2,_EOPKG_TC-UN-f1-5-penalty3l,13,train_candidate_pred_score,0,1780839203062,5.573985409850346
learn,EOPKG,EOPKGTopologyConditioned,a9ec65c003b14176b0d853a15471bbbb,854778689611649472,_EOPKG_TC-UN-f1-5-penalty3l-13_loan_v1_v5_simulated_GATv2,_EOPKG_TC-UN-f1-5-penalty3l,13,train_candidate_pred_score,0,1780839203062,5.573985409850346
learn,EOPKG,EOPKGTopologyConditioned,a9ec65c003b14176b0d853a15471bbbb,854778689611649472,_EOPKG_TC-UN-f1-5-penalty3l-13_loan_v1_v5_simulated_GATv2,_EOPKG_TC-UN-f1-5-penalty3l,13,train_candidate_pred_score,0,1780839453377,5.649786259297915
learn,EOPKG,EOPKGTopologyConditioned,a9ec65c003b14176b0d853a15471bbbb,854778689611649472,_EOPKG_TC-UN-f1-5-penalty3l-13_loan_v1_v5_simulated_GATv2,_EOPKG_TC-UN-f1-5-penalty3l,13,train_candidate_pred_score,0,1780839453377,5.649786259297915
learn,EOPKG,EOPKGTopologyConditioned,a9ec65c003b14176b0d853a15471bbbb,854778689611649472,_EOPKG_TC-UN-f1-5-penalty3l-13_loan_v1_v5_simulated_GATv2,_EOPKG_TC-UN-f1-5-penalty3l,13,train_candidate_pred_score,0,1780839700006,5.641554495109474
learn,EOPKG,EOPKGTopologyConditioned,a9ec65c003b14176b0d853a15471bbbb,854778689611649472,_EOPKG_TC-UN-f1-5-penalty3l-13_loan_v1_v5_simulated_GATv2,_EOPKG_TC-UN-f1-5-penalty3l,13,train_candidate_pred_score,0,1780839700006,5.641554495109474
learn,EOPKG,EOPKGTopologyConditioned,a9ec65c003b14176b0d853a15471bbbb,854778689611649472,_EOPKG_TC-UN-f1-5-penalty3l-13_loan_v1_v5_simulated_GATv2,_EOPKG_TC-UN-f1-5-penalty3l,13,train_candidate_pred_score,0,1780839950406,5.6919030794468135
learn,EOPKG,EOPKGTopologyConditioned,a9ec65c003b14176b0d853a15471bbbb,854778689611649472,_EOPKG_TC-UN-f1-5-penalty3l-13_loan_v1_v5_simulated_GATv2,_EOPKG_TC-UN-f1-5-penalty3l,13,train_candidate_pred_score,0,1780839950406,5.6919030794468135
learn,EOPKG,EOPKGTopologyConditioned,a9ec65c003b14176b0d853a15471bbbb,854778689611649472,_EOPKG_TC-UN-f1-5-penalty3l-13_loan_v1_v5_simulated_GATv2,_EOPKG_TC-UN-f1-5-penalty3l,13,train_candidate_pred_score,0,1780840202238,5.694511895717991
learn,EOPKG,EOPKGTopologyConditioned,a9ec65c003b14176b0d853a15471bbbb,854778689611649472,_EOPKG_TC-UN-f1-5-penalty3l-13_loan_v1_v5_simulated_GATv2,_EOPKG_TC-UN-f1-5-penalty3l,13,train_candidate_pred_score,0,1780840202238,5.694511895717991
learn,EOPKG,EOPKGTopologyConditioned,a9ec65c003b14176b0d853a15471bbbb,854778689611649472,_EOPKG_TC-UN-f1-5-penalty3l-13_loan_v1_v5_simulated_GATv2,_EOPKG_TC-UN-f1-5-penalty3l,13,train_candidate_pred_score,0,1780840450510,5.663251960978789
learn,EOPKG,EOPKGTopologyConditioned,a9ec65c003b14176b0d853a15471bbbb,854778689611649472,_EOPKG_TC-UN-f1-5-penalty3l-13_loan_v1_v5_simulated_GATv2,_EOPKG_TC-UN-f1-5-penalty3l,13,train_candidate_pred_score,0,1780840450510,5.663251960978789
learn,EOPKG,EOPKGTopologyConditioned,a9ec65c003b14176b0d853a15471bbbb,854778689611649472,_EOPKG_TC-UN-f1-5-penalty3l-13_loan_v1_v5_simulated_GATv2,_EOPKG_TC-UN-f1-5-penalty3l,13,train_candidate_pred_score,0,1780840695638,5.708841120685038
learn,EOPKG,EOPKGTopologyConditioned,a9ec65c003b14176b0d853a15471bbbb,854778689611649472,_EOPKG_TC-UN-f1-5-penalty3l-13_loan_v1_v5_simulated_GATv2,_EOPKG_TC-UN-f1-5-penalty3l,13,train_candidate_pred_score,0,1780840695638,5.708841120685038
learn,EOPKG,EOPKGTopologyConditioned,a9ec65c003b14176b0d853a15471bbbb,854778689611649472,_EOPKG_TC-UN-f1-5-penalty3l-13_loan_v1_v5_simulated_GATv2,_EOPKG_TC-UN-f1-5-penalty3l,13,train_candidate_pred_score,0,1780840942018,5.713709985887682
learn,EOPKG,EOPKGTopologyConditioned,a9ec65c003b14176b0d853a15471bbbb,854778689611649472,_EOPKG_TC-UN-f1-5-penalty3l-13_loan_v1_v5_simulated_GATv2,_EOPKG_TC-UN-f1-5-penalty3l,13,train_candidate_pred_score,0,1780840942018,5.713709985887682
learn,EOPKG,EOPKGTopologyConditioned,a9ec65c003b14176b0d853a15471bbbb,854778689611649472,_EOPKG_TC-UN-f1-5-penalty3l-13_loan_v1_v5_simulated_GATv2,_EOPKG_TC-UN-f1-5-penalty3l,13,train_candidate_pred_score,0,1780841188014,5.689150549459534
learn,EOPKG,EOPKGTopologyConditioned,a9ec65c003b14176b0d853a15471bbbb,854778689611649472,_EOPKG_TC-UN-f1-5-penalty3l-13_loan_v1_v5_simulated_GATv2,_EOPKG_TC-UN-f1-5-penalty3l,13,train_candidate_pred_score,0,1780841188014,5.689150549459534
learn,EOPKG,EOPKGTopologyConditioned,a9ec65c003b14176b0d853a15471bbbb,854778689611649472,_EOPKG_TC-UN-f1-5-penalty3l-13_loan_v1_v5_simulated_GATv2,_EOPKG_TC-UN-f1-5-penalty3l,13,train_candidate_pred_score,0,1780841436753,5.741030225314093
learn,EOPKG,EOPKGTopologyConditioned,a9ec65c003b14176b0d853a15471bbbb,854778689611649472,_EOPKG_TC-UN-f1-5-penalty3l-13_loan_v1_v5_simulated_GATv2,_EOPKG_TC-UN-f1-5-penalty3l,13,train_candidate_pred_score,0,1780841436753,5.741030225314093
learn,EOPKG,EOPKGTopologyConditioned,a9ec65c003b14176b0d853a15471bbbb,854778689611649472,_EOPKG_TC-UN-f1-5-penalty3l-13_loan_v1_v5_simulated_GATv2,_EOPKG_TC-UN-f1-5-penalty3l,13,train_candidate_pred_score,0,1780841683705,5.747945599032889
learn,EOPKG,EOPKGTopologyConditioned,a9ec65c003b14176b0d853a15471bbbb,854778689611649472,_EOPKG_TC-UN-f1-5-penalty3l-13_loan_v1_v5_simulated_GATv2,_EOPKG_TC-UN-f1-5-penalty3l,13,train_candidate_pred_score,0,1780841683705,5.747945599032889
learn,EOPKG,EOPKGTopologyConditioned,a9ec65c003b14176b0d853a15471bbbb,854778689611649472,_EOPKG_TC-UN-f1-5-penalty3l-13_loan_v1_v5_simulated_GATv2,_EOPKG_TC-UN-f1-5-penalty3l,13,train_candidate_pred_score,0,1780841929239,5.772502385186467
learn,EOPKG,EOPKGTopologyConditioned,a9ec65c003b14176b0d853a15471bbbb,854778689611649472,_EOPKG_TC-UN-f1-5-penalty3l-13_loan_v1_v5_simulated_GATv2,_EOPKG_TC-UN-f1-5-penalty3l,13,train_candidate_pred_score,0,1780841929239,5.772502385186467
learn,EOPKG,EOPKGTopologyConditioned,a9ec65c003b14176b0d853a15471bbbb,854778689611649472,_EOPKG_TC-UN-f1-5-penalty3l-13_loan_v1_v5_simulated_GATv2,_EOPKG_TC-UN-f1-5-penalty3l,13,train_candidate_pred_score,0,1780842175281,5.726610326994394
learn,EOPKG,EOPKGTopologyConditioned,a9ec65c003b14176b0d853a15471bbbb,854778689611649472,_EOPKG_TC-UN-f1-5-penalty3l-13_loan_v1_v5_simulated_GATv2,_EOPKG_TC-UN-f1-5-penalty3l,13,train_candidate_pred_score,0,1780842175281,5.726610326994394
learn,EOPKG,EOPKGTopologyConditioned,a9ec65c003b14176b0d853a15471bbbb,854778689611649472,_EOPKG_TC-UN-f1-5-penalty3l-13_loan_v1_v5_simulated_GATv2,_EOPKG_TC-UN-f1-5-penalty3l,13,train_candidate_pred_score,0,1780842420461,5.753108014742028
learn,EOPKG,EOPKGTopologyConditioned,a9ec65c003b14176b0d853a15471bbbb,854778689611649472,_EOPKG_TC-UN-f1-5-penalty3l-13_loan_v1_v5_simulated_GATv2,_EOPKG_TC-UN-f1-5-penalty3l,13,train_candidate_pred_score,0,1780842420461,5.753108014742028
learn,EOPKG,EOPKGTopologyConditioned,a9ec65c003b14176b0d853a15471bbbb,854778689611649472,_EOPKG_TC-UN-f1-5-penalty3l-13_loan_v1_v5_simulated_GATv2,_EOPKG_TC-UN-f1-5-penalty3l,13,train_candidate_pred_score,0,1780842668656,5.776234118093178
learn,EOPKG,EOPKGTopologyConditioned,a9ec65c003b14176b0d853a15471bbbb,854778689611649472,_EOPKG_TC-UN-f1-5-penalty3l-13_loan_v1_v5_simulated_GATv2,_EOPKG_TC-UN-f1-5-penalty3l,13,train_candidate_pred_score,0,1780842668656,5.776234118093178
learn,EOPKG,EOPKGTopologyConditioned,a9ec65c003b14176b0d853a15471bbbb,854778689611649472,_EOPKG_TC-UN-f1-5-penalty3l-13_loan_v1_v5_simulated_GATv2,_EOPKG_TC-UN-f1-5-penalty3l,13,train_candidate_pred_score,0,1780842915580,5.7931320564925
learn,EOPKG,EOPKGTopologyConditioned,a9ec65c003b14176b0d853a15471bbbb,854778689611649472,_EOPKG_TC-UN-f1-5-penalty3l-13_loan_v1_v5_simulated_GATv2,_EOPKG_TC-UN-f1-5-penalty3l,13,train_candidate_pred_score,0,1780842915580,5.7931320564925
learn,EOPKG,EOPKGTopologyConditioned,a9ec65c003b14176b0d853a15471bbbb,854778689611649472,_EOPKG_TC-UN-f1-5-penalty3l-13_loan_v1_v5_simulated_GATv2,_EOPKG_TC-UN-f1-5-penalty3l,13,train_candidate_pred_score,0,1780843165096,5.785942913049356
learn,EOPKG,EOPKGTopologyConditioned,a9ec65c003b14176b0d853a15471bbbb,854778689611649472,_EOPKG_TC-UN-f1-5-penalty3l-13_loan_v1_v5_simulated_GATv2,_EOPKG_TC-UN-f1-5-penalty3l,13,train_candidate_pred_score,0,1780843165096,5.785942913049356
learn,EOPKG,EOPKGTopologyConditioned,a9ec65c003b14176b0d853a15471bbbb,854778689611649472,_EOPKG_TC-UN-f1-5-penalty3l-13_loan_v1_v5_simulated_GATv2,_EOPKG_TC-UN-f1-5-penalty3l,13,train_candidate_pred_score,0,1780843414315,5.881832576897262
learn,EOPKG,EOPKGTopologyConditioned,a9ec65c003b14176b0d853a15471bbbb,854778689611649472,_EOPKG_TC-UN-f1-5-penalty3l-13_loan_v1_v5_simulated_GATv2,_EOPKG_TC-UN-f1-5-penalty3l,13,train_candidate_pred_score,0,1780843414315,5.881832576897262
learn,EOPKG,EOPKGTopologyConditioned,a9ec65c003b14176b0d853a15471bbbb,854778689611649472,_EOPKG_TC-UN-f1-5-penalty3l-13_loan_v1_v5_simulated_GATv2,_EOPKG_TC-UN-f1-5-penalty3l,13,train_candidate_pred_score,0,1780843662853,5.850330707568243
learn,EOPKG,EOPKGTopologyConditioned,a9ec65c003b14176b0d853a15471bbbb,854778689611649472,_EOPKG_TC-UN-f1-5-penalty3l-13_loan_v1_v5_simulated_GATv2,_EOPKG_TC-UN-f1-5-penalty3l,13,train_candidate_pred_score,0,1780843662853,5.850330707568243
learn,EOPKG,EOPKGTopologyConditioned,a9ec65c003b14176b0d853a15471bbbb,854778689611649472,_EOPKG_TC-UN-f1-5-penalty3l-13_loan_v1_v5_simulated_GATv2,_EOPKG_TC-UN-f1-5-penalty3l,13,train_candidate_pred_score,0,1780843909194,5.853597019359303
learn,EOPKG,EOPKGTopologyConditioned,a9ec65c003b14176b0d853a15471bbbb,854778689611649472,_EOPKG_TC-UN-f1-5-penalty3l-13_loan_v1_v5_simulated_GATv2,_EOPKG_TC-UN-f1-5-penalty3l,13,train_candidate_pred_score,0,1780843909194,5.853597019359303
learn,EOPKG,EOPKGTopologyConditioned,a9ec65c003b14176b0d853a15471bbbb,854778689611649472,_EOPKG_TC-UN-f1-5-penalty3l-13_loan_v1_v5_simulated_GATv2,_EOPKG_TC-UN-f1-5-penalty3l,13,train_candidate_pred_score,0,1780844155646,5.871423236895441
learn,EOPKG,EOPKGTopologyConditioned,a9ec65c003b14176b0d853a15471bbbb,854778689611649472,_EOPKG_TC-UN-f1-5-penalty3l-13_loan_v1_v5_simulated_GATv2,_EOPKG_TC-UN-f1-5-penalty3l,13,train_candidate_pred_score,0,1780844155646,5.871423236895441
learn,EOPKG,EOPKGTopologyConditioned,a9ec65c003b14176b0d853a15471bbbb,854778689611649472,_EOPKG_TC-UN-f1-5-penalty3l-13_loan_v1_v5_simulated_GATv2,_EOPKG_TC-UN-f1-5-penalty3l,13,train_candidate_pred_score,0,1780844401079,5.869973056077578
learn,EOPKG,EOPKGTopologyConditioned,a9ec65c003b14176b0d853a15471bbbb,854778689611649472,_EOPKG_TC-UN-f1-5-penalty3l-13_loan_v1_v5_simulated_GATv2,_EOPKG_TC-UN-f1-5-penalty3l,13,train_candidate_pred_score,0,1780844401079,5.869973056077578
learn,EOPKG,EOPKGTopologyConditioned,a9ec65c003b14176b0d853a15471bbbb,854778689611649472,_EOPKG_TC-UN-f1-5-penalty3l-13_loan_v1_v5_simulated_GATv2,_EOPKG_TC-UN-f1-5-penalty3l,13,train_candidate_pred_score,0,1780844648895,5.83068337918086
learn,EOPKG,EOPKGTopologyConditioned,a9ec65c003b14176b0d853a15471bbbb,854778689611649472,_EOPKG_TC-UN-f1-5-penalty3l-13_loan_v1_v5_simulated_GATv2,_EOPKG_TC-UN-f1-5-penalty3l,13,train_candidate_pred_score,0,1780844648895,5.83068337918086
learn,EOPKG,EOPKGTopologyConditioned,a9ec65c003b14176b0d853a15471bbbb,854778689611649472,_EOPKG_TC-UN-f1-5-penalty3l-13_loan_v1_v5_simulated_GATv2,_EOPKG_TC-UN-f1-5-penalty3l,13,train_candidate_pred_score,0,1780844897664,5.9116540826940005
learn,EOPKG,EOPKGTopologyConditioned,a9ec65c003b14176b0d853a15471bbbb,854778689611649472,_EOPKG_TC-UN-f1-5-penalty3l-13_loan_v1_v5_simulated_GATv2,_EOPKG_TC-UN-f1-5-penalty3l,13,train_candidate_pred_score,0,1780844897664,5.9116540826940005
learn,EOPKG,EOPKGTopologyConditioned,a9ec65c003b14176b0d853a15471bbbb,854778689611649472,_EOPKG_TC-UN-f1-5-penalty3l-13_loan_v1_v5_simulated_GATv2,_EOPKG_TC-UN-f1-5-penalty3l,13,train_candidate_pred_score,0,1780845149219,5.892800708643393
learn,EOPKG,EOPKGTopologyConditioned,a9ec65c003b14176b0d853a15471bbbb,854778689611649472,_EOPKG_TC-UN-f1-5-penalty3l-13_loan_v1_v5_simulated_GATv2,_EOPKG_TC-UN-f1-5-penalty3l,13,train_candidate_pred_score,0,1780845149219,5.892800708643393
learn,EOPKG,EOPKGTopologyConditioned,a9ec65c003b14176b0d853a15471bbbb,854778689611649472,_EOPKG_TC-UN-f1-5-penalty3l-13_loan_v1_v5_simulated_GATv2,_EOPKG_TC-UN-f1-5-penalty3l,13,train_candidate_pred_score,0,1780845393511,5.8414996849144964
learn,EOPKG,EOPKGTopologyConditioned,a9ec65c003b14176b0d853a15471bbbb,854778689611649472,_EOPKG_TC-UN-f1-5-penalty3l-13_loan_v1_v5_simulated_GATv2,_EOPKG_TC-UN-f1-5-penalty3l,13,train_candidate_pred_score,0,1780845393511,5.8414996849144964
learn,EOPKG,EOPKGTopologyConditioned,a9ec65c003b14176b0d853a15471bbbb,854778689611649472,_EOPKG_TC-UN-f1-5-penalty3l-13_loan_v1_v5_simulated_GATv2,_EOPKG_TC-UN-f1-5-penalty3l,13,train_candidate_pred_score,0,1780845640612,5.820073792589488
learn,EOPKG,EOPKGTopologyConditioned,a9ec65c003b14176b0d853a15471bbbb,854778689611649472,_EOPKG_TC-UN-f1-5-penalty3l-13_loan_v1_v5_simulated_GATv2,_EOPKG_TC-UN-f1-5-penalty3l,13,train_candidate_pred_score,0,1780845640612,5.820073792589488
learn,EOPKG,EOPKGTopologyConditioned,a9ec65c003b14176b0d853a15471bbbb,854778689611649472,_EOPKG_TC-UN-f1-5-penalty3l-13_loan_v1_v5_simulated_GATv2,_EOPKG_TC-UN-f1-5-penalty3l,13,train_candidate_pred_score,0,1780845886190,5.917206382903083
learn,EOPKG,EOPKGTopologyConditioned,a9ec65c003b14176b0d853a15471bbbb,854778689611649472,_EOPKG_TC-UN-f1-5-penalty3l-13_loan_v1_v5_simulated_GATv2,_EOPKG_TC-UN-f1-5-penalty3l,13,train_candidate_pred_score,0,1780845886190,5.917206382903083
learn,EOPKG,EOPKGTopologyConditioned,a9ec65c003b14176b0d853a15471bbbb,854778689611649472,_EOPKG_TC-UN-f1-5-penalty3l-13_loan_v1_v5_simulated_GATv2,_EOPKG_TC-UN-f1-5-penalty3l,13,train_candidate_pred_score,0,1780846133014,5.894640482855525
learn,EOPKG,EOPKGTopologyConditioned,a9ec65c003b14176b0d853a15471bbbb,854778689611649472,_EOPKG_TC-UN-f1-5-penalty3l-13_loan_v1_v5_simulated_GATv2,_EOPKG_TC-UN-f1-5-penalty3l,13,train_candidate_pred_score,0,1780846133014,5.894640482855525
learn,EOPKG,EOPKGTopologyConditioned,a9ec65c003b14176b0d853a15471bbbb,854778689611649472,_EOPKG_TC-UN-f1-5-penalty3l-13_loan_v1_v5_simulated_GATv2,_EOPKG_TC-UN-f1-5-penalty3l,13,train_candidate_pred_score,0,1780846381187,5.962548183902079
learn,EOPKG,EOPKGTopologyConditioned,a9ec65c003b14176b0d853a15471bbbb,854778689611649472,_EOPKG_TC-UN-f1-5-penalty3l-13_loan_v1_v5_simulated_GATv2,_EOPKG_TC-UN-f1-5-penalty3l,13,train_candidate_pred_score,0,1780846381187,5.962548183902079
learn,EOPKG,EOPKGTopologyConditioned,a9ec65c003b14176b0d853a15471bbbb,854778689611649472,_EOPKG_TC-UN-f1-5-penalty3l-13_loan_v1_v5_simulated_GATv2,_EOPKG_TC-UN-f1-5-penalty3l,13,train_candidate_pred_score,0,1780846626438,5.862536012652568
learn,EOPKG,EOPKGTopologyConditioned,a9ec65c003b14176b0d853a15471bbbb,854778689611649472,_EOPKG_TC-UN-f1-5-penalty3l-13_loan_v1_v5_simulated_GATv2,_EOPKG_TC-UN-f1-5-penalty3l,13,train_candidate_pred_score,0,1780846626438,5.862536012652568
learn,EOPKG,EOPKGTopologyConditioned,b8f6130db97f4f28b27d4528497aa1f3,854778689611649472,_EOPKG_TC-UN-f1-5-penalty3l-55_loan_v1_v5_simulated_GATv2,_EOPKG_TC-UN-f1-5-penalty3l,55,train_candidate_pred_score,0,1780851153112,4.489673229393405
learn,EOPKG,EOPKGTopologyConditioned,b8f6130db97f4f28b27d4528497aa1f3,854778689611649472,_EOPKG_TC-UN-f1-5-penalty3l-55_loan_v1_v5_simulated_GATv2,_EOPKG_TC-UN-f1-5-penalty3l,55,train_candidate_pred_score,0,1780851153112,4.489673229393405
learn,EOPKG,EOPKGTopologyConditioned,b8f6130db97f4f28b27d4528497aa1f3,854778689611649472,_EOPKG_TC-UN-f1-5-penalty3l-55_loan_v1_v5_simulated_GATv2,_EOPKG_TC-UN-f1-5-penalty3l,55,train_candidate_pred_score,0,1780851413300,4.982329731715313
learn,EOPKG,EOPKGTopologyConditioned,b8f6130db97f4f28b27d4528497aa1f3,854778689611649472,_EOPKG_TC-UN-f1-5-penalty3l-55_loan_v1_v5_simulated_GATv2,_EOPKG_TC-UN-f1-5-penalty3l,55,train_candidate_pred_score,0,1780851413300,4.982329731715313
learn,EOPKG,EOPKGTopologyConditioned,b8f6130db97f4f28b27d4528497aa1f3,854778689611649472,_EOPKG_TC-UN-f1-5-penalty3l-55_loan_v1_v5_simulated_GATv2,_EOPKG_TC-UN-f1-5-penalty3l,55,train_candidate_pred_score,0,1780851663486,5.146735569630973
learn,EOPKG,EOPKGTopologyConditioned,b8f6130db97f4f28b27d4528497aa1f3,854778689611649472,_EOPKG_TC-UN-f1-5-penalty3l-55_loan_v1_v5_simulated_GATv2,_EOPKG_TC-UN-f1-5-penalty3l,55,train_candidate_pred_score,0,1780851663486,5.146735569630973
learn,EOPKG,EOPKGTopologyConditioned,b8f6130db97f4f28b27d4528497aa1f3,854778689611649472,_EOPKG_TC-UN-f1-5-penalty3l-55_loan_v1_v5_simulated_GATv2,_EOPKG_TC-UN-f1-5-penalty3l,55,train_candidate_pred_score,0,1780851910765,5.2863987398071774
learn,EOPKG,EOPKGTopologyConditioned,b8f6130db97f4f28b27d4528497aa1f3,854778689611649472,_EOPKG_TC-UN-f1-5-penalty3l-55_loan_v1_v5_simulated_GATv2,_EOPKG_TC-UN-f1-5-penalty3l,55,train_candidate_pred_score,0,1780851910765,5.2863987398071774
learn,EOPKG,EOPKGTopologyConditioned,b8f6130db97f4f28b27d4528497aa1f3,854778689611649472,_EOPKG_TC-UN-f1-5-penalty3l-55_loan_v1_v5_simulated_GATv2,_EOPKG_TC-UN-f1-5-penalty3l,55,train_candidate_pred_score,0,1780852161491,5.309047584503368
learn,EOPKG,EOPKGTopologyConditioned,b8f6130db97f4f28b27d4528497aa1f3,854778689611649472,_EOPKG_TC-UN-f1-5-penalty3l-55_loan_v1_v5_simulated_GATv2,_EOPKG_TC-UN-f1-5-penalty3l,55,train_candidate_pred_score,0,1780852161491,5.309047584503368
learn,EOPKG,EOPKGTopologyConditioned,b8f6130db97f4f28b27d4528497aa1f3,854778689611649472,_EOPKG_TC-UN-f1-5-penalty3l-55_loan_v1_v5_simulated_GATv2,_EOPKG_TC-UN-f1-5-penalty3l,55,train_candidate_pred_score,0,1780852420737,5.332575230985074
learn,EOPKG,EOPKGTopologyConditioned,b8f6130db97f4f28b27d4528497aa1f3,854778689611649472,_EOPKG_TC-UN-f1-5-penalty3l-55_loan_v1_v5_simulated_GATv2,_EOPKG_TC-UN-f1-5-penalty3l,55,train_candidate_pred_score,0,1780852420737,5.332575230985074
learn,EOPKG,EOPKGTopologyConditioned,b8f6130db97f4f28b27d4528497aa1f3,854778689611649472,_EOPKG_TC-UN-f1-5-penalty3l-55_loan_v1_v5_simulated_GATv2,_EOPKG_TC-UN-f1-5-penalty3l,55,train_candidate_pred_score,0,1780852666319,5.38670515900386
learn,EOPKG,EOPKGTopologyConditioned,b8f6130db97f4f28b27d4528497aa1f3,854778689611649472,_EOPKG_TC-UN-f1-5-penalty3l-55_loan_v1_v5_simulated_GATv2,_EOPKG_TC-UN-f1-5-penalty3l,55,train_candidate_pred_score,0,1780852666319,5.38670515900386
learn,EOPKG,EOPKGTopologyConditioned,b8f6130db97f4f28b27d4528497aa1f3,854778689611649472,_EOPKG_TC-UN-f1-5-penalty3l-55_loan_v1_v5_simulated_GATv2,_EOPKG_TC-UN-f1-5-penalty3l,55,train_candidate_pred_score,0,1780852915462,5.356746245264438
learn,EOPKG,EOPKGTopologyConditioned,b8f6130db97f4f28b27d4528497aa1f3,854778689611649472,_EOPKG_TC-UN-f1-5-penalty3l-55_loan_v1_v5_simulated_GATv2,_EOPKG_TC-UN-f1-5-penalty3l,55,train_candidate_pred_score,0,1780852915462,5.356746245264438
learn,EOPKG,EOPKGTopologyConditioned,b8f6130db97f4f28b27d4528497aa1f3,854778689611649472,_EOPKG_TC-UN-f1-5-penalty3l-55_loan_v1_v5_simulated_GATv2,_EOPKG_TC-UN-f1-5-penalty3l,55,train_candidate_pred_score,0,1780853170996,5.368792981904337
learn,EOPKG,EOPKGTopologyConditioned,b8f6130db97f4f28b27d4528497aa1f3,854778689611649472,_EOPKG_TC-UN-f1-5-penalty3l-55_loan_v1_v5_simulated_GATv2,_EOPKG_TC-UN-f1-5-penalty3l,55,train_candidate_pred_score,0,1780853170996,5.368792981904337
learn,EOPKG,EOPKGTopologyConditioned,b8f6130db97f4f28b27d4528497aa1f3,854778689611649472,_EOPKG_TC-UN-f1-5-penalty3l-55_loan_v1_v5_simulated_GATv2,_EOPKG_TC-UN-f1-5-penalty3l,55,train_candidate_pred_score,0,1780853418628,5.3939676254466535
learn,EOPKG,EOPKGTopologyConditioned,b8f6130db97f4f28b27d4528497aa1f3,854778689611649472,_EOPKG_TC-UN-f1-5-penalty3l-55_loan_v1_v5_simulated_GATv2,_EOPKG_TC-UN-f1-5-penalty3l,55,train_candidate_pred_score,0,1780853418628,5.3939676254466535
learn,EOPKG,EOPKGTopologyConditioned,b8f6130db97f4f28b27d4528497aa1f3,854778689611649472,_EOPKG_TC-UN-f1-5-penalty3l-55_loan_v1_v5_simulated_GATv2,_EOPKG_TC-UN-f1-5-penalty3l,55,train_candidate_pred_score,0,1780853672110,5.436450310845064
learn,EOPKG,EOPKGTopologyConditioned,b8f6130db97f4f28b27d4528497aa1f3,854778689611649472,_EOPKG_TC-UN-f1-5-penalty3l-55_loan_v1_v5_simulated_GATv2,_EOPKG_TC-UN-f1-5-penalty3l,55,train_candidate_pred_score,0,1780853672110,5.436450310845064
learn,EOPKG,EOPKGTopologyConditioned,b8f6130db97f4f28b27d4528497aa1f3,854778689611649472,_EOPKG_TC-UN-f1-5-penalty3l-55_loan_v1_v5_simulated_GATv2,_EOPKG_TC-UN-f1-5-penalty3l,55,train_candidate_pred_score,0,1780853920920,5.428835350303468
learn,EOPKG,EOPKGTopologyConditioned,b8f6130db97f4f28b27d4528497aa1f3,854778689611649472,_EOPKG_TC-UN-f1-5-penalty3l-55_loan_v1_v5_simulated_GATv2,_EOPKG_TC-UN-f1-5-penalty3l,55,train_candidate_pred_score,0,1780853920920,5.428835350303468
learn,EOPKG,EOPKGTopologyConditioned,b8f6130db97f4f28b27d4528497aa1f3,854778689611649472,_EOPKG_TC-UN-f1-5-penalty3l-55_loan_v1_v5_simulated_GATv2,_EOPKG_TC-UN-f1-5-penalty3l,55,train_candidate_pred_score,0,1780854169485,5.411105603216562
learn,EOPKG,EOPKGTopologyConditioned,b8f6130db97f4f28b27d4528497aa1f3,854778689611649472,_EOPKG_TC-UN-f1-5-penalty3l-55_loan_v1_v5_simulated_GATv2,_EOPKG_TC-UN-f1-5-penalty3l,55,train_candidate_pred_score,0,1780854169485,5.411105603216562
learn,EOPKG,EOPKGTopologyConditioned,b8f6130db97f4f28b27d4528497aa1f3,854778689611649472,_EOPKG_TC-UN-f1-5-penalty3l-55_loan_v1_v5_simulated_GATv2,_EOPKG_TC-UN-f1-5-penalty3l,55,train_candidate_pred_score,0,1780854456579,5.488920444524914
learn,EOPKG,EOPKGTopologyConditioned,b8f6130db97f4f28b27d4528497aa1f3,854778689611649472,_EOPKG_TC-UN-f1-5-penalty3l-55_loan_v1_v5_simulated_GATv2,_EOPKG_TC-UN-f1-5-penalty3l,55,train_candidate_pred_score,0,1780854456579,5.488920444524914
learn,EOPKG,EOPKGTopologyConditioned,b8f6130db97f4f28b27d4528497aa1f3,854778689611649472,_EOPKG_TC-UN-f1-5-penalty3l-55_loan_v1_v5_simulated_GATv2,_EOPKG_TC-UN-f1-5-penalty3l,55,train_candidate_pred_score,0,1780854739445,5.419092640778219
learn,EOPKG,EOPKGTopologyConditioned,b8f6130db97f4f28b27d4528497aa1f3,854778689611649472,_EOPKG_TC-UN-f1-5-penalty3l-55_loan_v1_v5_simulated_GATv2,_EOPKG_TC-UN-f1-5-penalty3l,55,train_candidate_pred_score,0,1780854739445,5.419092640778219
learn,EOPKG,EOPKGTopologyConditioned,b8f6130db97f4f28b27d4528497aa1f3,854778689611649472,_EOPKG_TC-UN-f1-5-penalty3l-55_loan_v1_v5_simulated_GATv2,_EOPKG_TC-UN-f1-5-penalty3l,55,train_candidate_pred_score,0,1780854982897,5.487447153403763
learn,EOPKG,EOPKGTopologyConditioned,b8f6130db97f4f28b27d4528497aa1f3,854778689611649472,_EOPKG_TC-UN-f1-5-penalty3l-55_loan_v1_v5_simulated_GATv2,_EOPKG_TC-UN-f1-5-penalty3l,55,train_candidate_pred_score,0,1780854982897,5.487447153403763
learn,EOPKG,EOPKGTopologyConditioned,b8f6130db97f4f28b27d4528497aa1f3,854778689611649472,_EOPKG_TC-UN-f1-5-penalty3l-55_loan_v1_v5_simulated_GATv2,_EOPKG_TC-UN-f1-5-penalty3l,55,train_candidate_pred_score,0,1780855226693,5.563934082067639
learn,EOPKG,EOPKGTopologyConditioned,b8f6130db97f4f28b27d4528497aa1f3,854778689611649472,_EOPKG_TC-UN-f1-5-penalty3l-55_loan_v1_v5_simulated_GATv2,_EOPKG_TC-UN-f1-5-penalty3l,55,train_candidate_pred_score,0,1780855226693,5.563934082067639
learn,EOPKG,EOPKGTopologyConditioned,b8f6130db97f4f28b27d4528497aa1f3,854778689611649472,_EOPKG_TC-UN-f1-5-penalty3l-55_loan_v1_v5_simulated_GATv2,_EOPKG_TC-UN-f1-5-penalty3l,55,train_candidate_pred_score,0,1780855470914,5.4810834658733425
learn,EOPKG,EOPKGTopologyConditioned,b8f6130db97f4f28b27d4528497aa1f3,854778689611649472,_EOPKG_TC-UN-f1-5-penalty3l-55_loan_v1_v5_simulated_GATv2,_EOPKG_TC-UN-f1-5-penalty3l,55,train_candidate_pred_score,0,1780855470914,5.4810834658733425
learn,EOPKG,EOPKGTopologyConditioned,b8f6130db97f4f28b27d4528497aa1f3,854778689611649472,_EOPKG_TC-UN-f1-5-penalty3l-55_loan_v1_v5_simulated_GATv2,_EOPKG_TC-UN-f1-5-penalty3l,55,train_candidate_pred_score,0,1780855707164,5.579832960198528
learn,EOPKG,EOPKGTopologyConditioned,b8f6130db97f4f28b27d4528497aa1f3,854778689611649472,_EOPKG_TC-UN-f1-5-penalty3l-55_loan_v1_v5_simulated_GATv2,_EOPKG_TC-UN-f1-5-penalty3l,55,train_candidate_pred_score,0,1780855707164,5.579832960198528
learn,EOPKG,EOPKGTopologyConditioned,b8f6130db97f4f28b27d4528497aa1f3,854778689611649472,_EOPKG_TC-UN-f1-5-penalty3l-55_loan_v1_v5_simulated_GATv2,_EOPKG_TC-UN-f1-5-penalty3l,55,train_candidate_pred_score,0,1780855953777,5.5315454533066015
learn,EOPKG,EOPKGTopologyConditioned,b8f6130db97f4f28b27d4528497aa1f3,854778689611649472,_EOPKG_TC-UN-f1-5-penalty3l-55_loan_v1_v5_simulated_GATv2,_EOPKG_TC-UN-f1-5-penalty3l,55,train_candidate_pred_score,0,1780855953777,5.5315454533066015
learn,EOPKG,EOPKGTopologyConditioned,b8f6130db97f4f28b27d4528497aa1f3,854778689611649472,_EOPKG_TC-UN-f1-5-penalty3l-55_loan_v1_v5_simulated_GATv2,_EOPKG_TC-UN-f1-5-penalty3l,55,train_candidate_pred_score,0,1780856195490,5.497787503635182
learn,EOPKG,EOPKGTopologyConditioned,b8f6130db97f4f28b27d4528497aa1f3,854778689611649472,_EOPKG_TC-UN-f1-5-penalty3l-55_loan_v1_v5_simulated_GATv2,_EOPKG_TC-UN-f1-5-penalty3l,55,train_candidate_pred_score,0,1780856195490,5.497787503635182
learn,EOPKG,EOPKGTopologyConditioned,b8f6130db97f4f28b27d4528497aa1f3,854778689611649472,_EOPKG_TC-UN-f1-5-penalty3l-55_loan_v1_v5_simulated_GATv2,_EOPKG_TC-UN-f1-5-penalty3l,55,train_candidate_pred_score,0,1780856432243,5.560280061488311
learn,EOPKG,EOPKGTopologyConditioned,b8f6130db97f4f28b27d4528497aa1f3,854778689611649472,_EOPKG_TC-UN-f1-5-penalty3l-55_loan_v1_v5_simulated_GATv2,_EOPKG_TC-UN-f1-5-penalty3l,55,train_candidate_pred_score,0,1780856432243,5.560280061488311
learn,EOPKG,EOPKGTopologyConditioned,b8f6130db97f4f28b27d4528497aa1f3,854778689611649472,_EOPKG_TC-UN-f1-5-penalty3l-55_loan_v1_v5_simulated_GATv2,_EOPKG_TC-UN-f1-5-penalty3l,55,train_candidate_pred_score,0,1780856665893,5.55575328487281
learn,EOPKG,EOPKGTopologyConditioned,b8f6130db97f4f28b27d4528497aa1f3,854778689611649472,_EOPKG_TC-UN-f1-5-penalty3l-55_loan_v1_v5_simulated_GATv2,_EOPKG_TC-UN-f1-5-penalty3l,55,train_candidate_pred_score,0,1780856665893,5.55575328487281
learn,EOPKG,EOPKGTopologyConditioned,b8f6130db97f4f28b27d4528497aa1f3,854778689611649472,_EOPKG_TC-UN-f1-5-penalty3l-55_loan_v1_v5_simulated_GATv2,_EOPKG_TC-UN-f1-5-penalty3l,55,train_candidate_pred_score,0,1780856899157,5.492397690425806
learn,EOPKG,EOPKGTopologyConditioned,b8f6130db97f4f28b27d4528497aa1f3,854778689611649472,_EOPKG_TC-UN-f1-5-penalty3l-55_loan_v1_v5_simulated_GATv2,_EOPKG_TC-UN-f1-5-penalty3l,55,train_candidate_pred_score,0,1780856899157,5.492397690425806
learn,EOPKG,EOPKGTopologyConditioned,b8f6130db97f4f28b27d4528497aa1f3,854778689611649472,_EOPKG_TC-UN-f1-5-penalty3l-55_loan_v1_v5_simulated_GATv2,_EOPKG_TC-UN-f1-5-penalty3l,55,train_candidate_pred_score,0,1780857160705,5.505332915695749
learn,EOPKG,EOPKGTopologyConditioned,b8f6130db97f4f28b27d4528497aa1f3,854778689611649472,_EOPKG_TC-UN-f1-5-penalty3l-55_loan_v1_v5_simulated_GATv2,_EOPKG_TC-UN-f1-5-penalty3l,55,train_candidate_pred_score,0,1780857160705,5.505332915695749
learn,EOPKG,EOPKGTopologyConditioned,b8f6130db97f4f28b27d4528497aa1f3,854778689611649472,_EOPKG_TC-UN-f1-5-penalty3l-55_loan_v1_v5_simulated_GATv2,_EOPKG_TC-UN-f1-5-penalty3l,55,train_candidate_pred_score,0,1780857410757,5.573353128327096
learn,EOPKG,EOPKGTopologyConditioned,b8f6130db97f4f28b27d4528497aa1f3,854778689611649472,_EOPKG_TC-UN-f1-5-penalty3l-55_loan_v1_v5_simulated_GATv2,_EOPKG_TC-UN-f1-5-penalty3l,55,train_candidate_pred_score,0,1780857410757,5.573353128327096
learn,EOPKG,EOPKGTopologyConditioned,b8f6130db97f4f28b27d4528497aa1f3,854778689611649472,_EOPKG_TC-UN-f1-5-penalty3l-55_loan_v1_v5_simulated_GATv2,_EOPKG_TC-UN-f1-5-penalty3l,55,train_candidate_pred_score,0,1780857662971,5.619132703741707
learn,EOPKG,EOPKGTopologyConditioned,b8f6130db97f4f28b27d4528497aa1f3,854778689611649472,_EOPKG_TC-UN-f1-5-penalty3l-55_loan_v1_v5_simulated_GATv2,_EOPKG_TC-UN-f1-5-penalty3l,55,train_candidate_pred_score,0,1780857662971,5.619132703741707
learn,EOPKG,EOPKGTopologyConditioned,b8f6130db97f4f28b27d4528497aa1f3,854778689611649472,_EOPKG_TC-UN-f1-5-penalty3l-55_loan_v1_v5_simulated_GATv2,_EOPKG_TC-UN-f1-5-penalty3l,55,train_candidate_pred_score,0,1780857912751,5.580744229363713
learn,EOPKG,EOPKGTopologyConditioned,b8f6130db97f4f28b27d4528497aa1f3,854778689611649472,_EOPKG_TC-UN-f1-5-penalty3l-55_loan_v1_v5_simulated_GATv2,_EOPKG_TC-UN-f1-5-penalty3l,55,train_candidate_pred_score,0,1780857912751,5.580744229363713
learn,EOPKG,EOPKGTopologyConditioned,b8f6130db97f4f28b27d4528497aa1f3,854778689611649472,_EOPKG_TC-UN-f1-5-penalty3l-55_loan_v1_v5_simulated_GATv2,_EOPKG_TC-UN-f1-5-penalty3l,55,train_candidate_pred_score,0,1780858157934,5.583930871444969
learn,EOPKG,EOPKGTopologyConditioned,b8f6130db97f4f28b27d4528497aa1f3,854778689611649472,_EOPKG_TC-UN-f1-5-penalty3l-55_loan_v1_v5_simulated_GATv2,_EOPKG_TC-UN-f1-5-penalty3l,55,train_candidate_pred_score,0,1780858157934,5.583930871444969
learn,EOPKG,EOPKGTopologyConditioned,b8f6130db97f4f28b27d4528497aa1f3,854778689611649472,_EOPKG_TC-UN-f1-5-penalty3l-55_loan_v1_v5_simulated_GATv2,_EOPKG_TC-UN-f1-5-penalty3l,55,train_candidate_pred_score,0,1780858409232,5.617151877459357
learn,EOPKG,EOPKGTopologyConditioned,b8f6130db97f4f28b27d4528497aa1f3,854778689611649472,_EOPKG_TC-UN-f1-5-penalty3l-55_loan_v1_v5_simulated_GATv2,_EOPKG_TC-UN-f1-5-penalty3l,55,train_candidate_pred_score,0,1780858409232,5.617151877459357
learn,EOPKG,EOPKGTopologyConditioned,b8f6130db97f4f28b27d4528497aa1f3,854778689611649472,_EOPKG_TC-UN-f1-5-penalty3l-55_loan_v1_v5_simulated_GATv2,_EOPKG_TC-UN-f1-5-penalty3l,55,train_candidate_pred_score,0,1780858663753,5.597995068196841
learn,EOPKG,EOPKGTopologyConditioned,b8f6130db97f4f28b27d4528497aa1f3,854778689611649472,_EOPKG_TC-UN-f1-5-penalty3l-55_loan_v1_v5_simulated_GATv2,_EOPKG_TC-UN-f1-5-penalty3l,55,train_candidate_pred_score,0,1780858663753,5.597995068196841
learn,EOPKG,EOPKGTopologyConditioned,b8f6130db97f4f28b27d4528497aa1f3,854778689611649472,_EOPKG_TC-UN-f1-5-penalty3l-55_loan_v1_v5_simulated_GATv2,_EOPKG_TC-UN-f1-5-penalty3l,55,train_candidate_pred_score,0,1780858912970,5.595789061820754
learn,EOPKG,EOPKGTopologyConditioned,b8f6130db97f4f28b27d4528497aa1f3,854778689611649472,_EOPKG_TC-UN-f1-5-penalty3l-55_loan_v1_v5_simulated_GATv2,_EOPKG_TC-UN-f1-5-penalty3l,55,train_candidate_pred_score,0,1780858912970,5.595789061820754
learn,EOPKG,EOPKGTopologyConditioned,b8f6130db97f4f28b27d4528497aa1f3,854778689611649472,_EOPKG_TC-UN-f1-5-penalty3l-55_loan_v1_v5_simulated_GATv2,_EOPKG_TC-UN-f1-5-penalty3l,55,train_candidate_pred_score,0,1780859162014,5.594808188076049
learn,EOPKG,EOPKGTopologyConditioned,b8f6130db97f4f28b27d4528497aa1f3,854778689611649472,_EOPKG_TC-UN-f1-5-penalty3l-55_loan_v1_v5_simulated_GATv2,_EOPKG_TC-UN-f1-5-penalty3l,55,train_candidate_pred_score,0,1780859162014,5.594808188076049
learn,EOPKG,EOPKGTopologyConditioned,b8f6130db97f4f28b27d4528497aa1f3,854778689611649472,_EOPKG_TC-UN-f1-5-penalty3l-55_loan_v1_v5_simulated_GATv2,_EOPKG_TC-UN-f1-5-penalty3l,55,train_candidate_pred_score,0,1780859406628,5.637924173109482
learn,EOPKG,EOPKGTopologyConditioned,b8f6130db97f4f28b27d4528497aa1f3,854778689611649472,_EOPKG_TC-UN-f1-5-penalty3l-55_loan_v1_v5_simulated_GATv2,_EOPKG_TC-UN-f1-5-penalty3l,55,train_candidate_pred_score,0,1780859406628,5.637924173109482
learn,EOPKG,EOPKGTopologyConditioned,b8f6130db97f4f28b27d4528497aa1f3,854778689611649472,_EOPKG_TC-UN-f1-5-penalty3l-55_loan_v1_v5_simulated_GATv2,_EOPKG_TC-UN-f1-5-penalty3l,55,train_candidate_pred_score,0,1780859654337,5.59530964640631
learn,EOPKG,EOPKGTopologyConditioned,b8f6130db97f4f28b27d4528497aa1f3,854778689611649472,_EOPKG_TC-UN-f1-5-penalty3l-55_loan_v1_v5_simulated_GATv2,_EOPKG_TC-UN-f1-5-penalty3l,55,train_candidate_pred_score,0,1780859654337,5.59530964640631
learn,EOPKG,EOPKGTopologyConditioned,b8f6130db97f4f28b27d4528497aa1f3,854778689611649472,_EOPKG_TC-UN-f1-5-penalty3l-55_loan_v1_v5_simulated_GATv2,_EOPKG_TC-UN-f1-5-penalty3l,55,train_candidate_pred_score,0,1780859899280,5.649483714839044
learn,EOPKG,EOPKGTopologyConditioned,b8f6130db97f4f28b27d4528497aa1f3,854778689611649472,_EOPKG_TC-UN-f1-5-penalty3l-55_loan_v1_v5_simulated_GATv2,_EOPKG_TC-UN-f1-5-penalty3l,55,train_candidate_pred_score,0,1780859899280,5.649483714839044
learn,EOPKG,EOPKGTopologyConditioned,b8f6130db97f4f28b27d4528497aa1f3,854778689611649472,_EOPKG_TC-UN-f1-5-penalty3l-55_loan_v1_v5_simulated_GATv2,_EOPKG_TC-UN-f1-5-penalty3l,55,train_candidate_pred_score,0,1780860152866,5.58508170693402
learn,EOPKG,EOPKGTopologyConditioned,b8f6130db97f4f28b27d4528497aa1f3,854778689611649472,_EOPKG_TC-UN-f1-5-penalty3l-55_loan_v1_v5_simulated_GATv2,_EOPKG_TC-UN-f1-5-penalty3l,55,train_candidate_pred_score,0,1780860152866,5.58508170693402
learn,EOPKG,EOPKGTopologyConditioned,b8f6130db97f4f28b27d4528497aa1f3,854778689611649472,_EOPKG_TC-UN-f1-5-penalty3l-55_loan_v1_v5_simulated_GATv2,_EOPKG_TC-UN-f1-5-penalty3l,55,train_candidate_pred_score,0,1780860619612,5.652522594257833
learn,EOPKG,EOPKGTopologyConditioned,b8f6130db97f4f28b27d4528497aa1f3,854778689611649472,_EOPKG_TC-UN-f1-5-penalty3l-55_loan_v1_v5_simulated_GATv2,_EOPKG_TC-UN-f1-5-penalty3l,55,train_candidate_pred_score,0,1780860619612,5.652522594257833
learn,EOPKG,EOPKGTopologyConditioned,b8f6130db97f4f28b27d4528497aa1f3,854778689611649472,_EOPKG_TC-UN-f1-5-penalty3l-55_loan_v1_v5_simulated_GATv2,_EOPKG_TC-UN-f1-5-penalty3l,55,train_candidate_pred_score,0,1780860985925,5.694384963789123
learn,EOPKG,EOPKGTopologyConditioned,b8f6130db97f4f28b27d4528497aa1f3,854778689611649472,_EOPKG_TC-UN-f1-5-penalty3l-55_loan_v1_v5_simulated_GATv2,_EOPKG_TC-UN-f1-5-penalty3l,55,train_candidate_pred_score,0,1780860985925,5.694384963789123
learn,EOPKG,EOPKGTopologyConditioned,b8f6130db97f4f28b27d4528497aa1f3,854778689611649472,_EOPKG_TC-UN-f1-5-penalty3l-55_loan_v1_v5_simulated_GATv2,_EOPKG_TC-UN-f1-5-penalty3l,55,train_candidate_pred_score,0,1780861493578,5.612706210920276
learn,EOPKG,EOPKGTopologyConditioned,b8f6130db97f4f28b27d4528497aa1f3,854778689611649472,_EOPKG_TC-UN-f1-5-penalty3l-55_loan_v1_v5_simulated_GATv2,_EOPKG_TC-UN-f1-5-penalty3l,55,train_candidate_pred_score,0,1780861493578,5.612706210920276
learn,EOPKG,EOPKGTopologyConditioned,b8f6130db97f4f28b27d4528497aa1f3,854778689611649472,_EOPKG_TC-UN-f1-5-penalty3l-55_loan_v1_v5_simulated_GATv2,_EOPKG_TC-UN-f1-5-penalty3l,55,train_candidate_pred_score,0,1780861918609,5.611174139953759
learn,EOPKG,EOPKGTopologyConditioned,b8f6130db97f4f28b27d4528497aa1f3,854778689611649472,_EOPKG_TC-UN-f1-5-penalty3l-55_loan_v1_v5_simulated_GATv2,_EOPKG_TC-UN-f1-5-penalty3l,55,train_candidate_pred_score,0,1780861918609,5.611174139953759
learn,EOPKG,EOPKGTopologyConditioned,b8f6130db97f4f28b27d4528497aa1f3,854778689611649472,_EOPKG_TC-UN-f1-5-penalty3l-55_loan_v1_v5_simulated_GATv2,_EOPKG_TC-UN-f1-5-penalty3l,55,train_candidate_pred_score,0,1780862421311,5.719084576696205
learn,EOPKG,EOPKGTopologyConditioned,b8f6130db97f4f28b27d4528497aa1f3,854778689611649472,_EOPKG_TC-UN-f1-5-penalty3l-55_loan_v1_v5_simulated_GATv2,_EOPKG_TC-UN-f1-5-penalty3l,55,train_candidate_pred_score,0,1780862421311,5.719084576696205
learn,EOPKG,EOPKGTopologyConditioned,b8f6130db97f4f28b27d4528497aa1f3,854778689611649472,_EOPKG_TC-UN-f1-5-penalty3l-55_loan_v1_v5_simulated_GATv2,_EOPKG_TC-UN-f1-5-penalty3l,55,train_candidate_pred_score,0,1780862893375,5.640772544333211
learn,EOPKG,EOPKGTopologyConditioned,b8f6130db97f4f28b27d4528497aa1f3,854778689611649472,_EOPKG_TC-UN-f1-5-penalty3l-55_loan_v1_v5_simulated_GATv2,_EOPKG_TC-UN-f1-5-penalty3l,55,train_candidate_pred_score,0,1780862893375,5.640772544333211
learn,EOPKG,EOPKGTopologyConditioned,ebdfb988ea654392a4a4fc270f9e7c71,854778689611649472,_EOPKG_TC-UN-f1-5-penalty3l-67_loan_v1_v5_simulated_GATv2,_EOPKG_TC-UN-f1-5-penalty3l,67,train_candidate_pred_score,0,1780673123152,4.272019709236861
learn,EOPKG,EOPKGTopologyConditioned,ebdfb988ea654392a4a4fc270f9e7c71,854778689611649472,_EOPKG_TC-UN-f1-5-penalty3l-67_loan_v1_v5_simulated_GATv2,_EOPKG_TC-UN-f1-5-penalty3l,67,train_candidate_pred_score,0,1780673123152,4.272019709236861
learn,EOPKG,EOPKGTopologyConditioned,ebdfb988ea654392a4a4fc270f9e7c71,854778689611649472,_EOPKG_TC-UN-f1-5-penalty3l-67_loan_v1_v5_simulated_GATv2,_EOPKG_TC-UN-f1-5-penalty3l,67,train_candidate_pred_score,0,1780673642044,4.973821856827728
learn,EOPKG,EOPKGTopologyConditioned,ebdfb988ea654392a4a4fc270f9e7c71,854778689611649472,_EOPKG_TC-UN-f1-5-penalty3l-67_loan_v1_v5_simulated_GATv2,_EOPKG_TC-UN-f1-5-penalty3l,67,train_candidate_pred_score,0,1780673642044,4.973821856827728
learn,EOPKG,EOPKGTopologyConditioned,ebdfb988ea654392a4a4fc270f9e7c71,854778689611649472,_EOPKG_TC-UN-f1-5-penalty3l-67_loan_v1_v5_simulated_GATv2,_EOPKG_TC-UN-f1-5-penalty3l,67,train_candidate_pred_score,0,1780674006498,5.12815244626165
learn,EOPKG,EOPKGTopologyConditioned,ebdfb988ea654392a4a4fc270f9e7c71,854778689611649472,_EOPKG_TC-UN-f1-5-penalty3l-67_loan_v1_v5_simulated_GATv2,_EOPKG_TC-UN-f1-5-penalty3l,67,train_candidate_pred_score,0,1780674006498,5.12815244626165
learn,EOPKG,EOPKGTopologyConditioned,ebdfb988ea654392a4a4fc270f9e7c71,854778689611649472,_EOPKG_TC-UN-f1-5-penalty3l-67_loan_v1_v5_simulated_GATv2,_EOPKG_TC-UN-f1-5-penalty3l,67,train_candidate_pred_score,0,1780674282084,5.24816733589233
learn,EOPKG,EOPKGTopologyConditioned,ebdfb988ea654392a4a4fc270f9e7c71,854778689611649472,_EOPKG_TC-UN-f1-5-penalty3l-67_loan_v1_v5_simulated_GATv2,_EOPKG_TC-UN-f1-5-penalty3l,67,train_candidate_pred_score,0,1780674282084,5.24816733589233
learn,EOPKG,EOPKGTopologyConditioned,ebdfb988ea654392a4a4fc270f9e7c71,854778689611649472,_EOPKG_TC-UN-f1-5-penalty3l-67_loan_v1_v5_simulated_GATv2,_EOPKG_TC-UN-f1-5-penalty3l,67,train_candidate_pred_score,0,1780674537039,5.360320737138272
learn,EOPKG,EOPKGTopologyConditioned,ebdfb988ea654392a4a4fc270f9e7c71,854778689611649472,_EOPKG_TC-UN-f1-5-penalty3l-67_loan_v1_v5_simulated_GATv2,_EOPKG_TC-UN-f1-5-penalty3l,67,train_candidate_pred_score,0,1780674537039,5.360320737138272
learn,EOPKG,EOPKGTopologyConditioned,ebdfb988ea654392a4a4fc270f9e7c71,854778689611649472,_EOPKG_TC-UN-f1-5-penalty3l-67_loan_v1_v5_simulated_GATv2,_EOPKG_TC-UN-f1-5-penalty3l,67,train_candidate_pred_score,0,1780674827707,5.427488050324359
learn,EOPKG,EOPKGTopologyConditioned,ebdfb988ea654392a4a4fc270f9e7c71,854778689611649472,_EOPKG_TC-UN-f1-5-penalty3l-67_loan_v1_v5_simulated_GATv2,_EOPKG_TC-UN-f1-5-penalty3l,67,train_candidate_pred_score,0,1780674827707,5.427488050324359
learn,EOPKG,EOPKGTopologyConditioned,ebdfb988ea654392a4a4fc270f9e7c71,854778689611649472,_EOPKG_TC-UN-f1-5-penalty3l-67_loan_v1_v5_simulated_GATv2,_EOPKG_TC-UN-f1-5-penalty3l,67,train_candidate_pred_score,0,1780675233407,5.446331733740002
learn,EOPKG,EOPKGTopologyConditioned,ebdfb988ea654392a4a4fc270f9e7c71,854778689611649472,_EOPKG_TC-UN-f1-5-penalty3l-67_loan_v1_v5_simulated_GATv2,_EOPKG_TC-UN-f1-5-penalty3l,67,train_candidate_pred_score,0,1780675233407,5.446331733740002
learn,EOPKG,EOPKGTopologyConditioned,ebdfb988ea654392a4a4fc270f9e7c71,854778689611649472,_EOPKG_TC-UN-f1-5-penalty3l-67_loan_v1_v5_simulated_GATv2,_EOPKG_TC-UN-f1-5-penalty3l,67,train_candidate_pred_score,0,1780675627317,5.453824557257381
learn,EOPKG,EOPKGTopologyConditioned,ebdfb988ea654392a4a4fc270f9e7c71,854778689611649472,_EOPKG_TC-UN-f1-5-penalty3l-67_loan_v1_v5_simulated_GATv2,_EOPKG_TC-UN-f1-5-penalty3l,67,train_candidate_pred_score,0,1780675627317,5.453824557257381
learn,EOPKG,EOPKGTopologyConditioned,ebdfb988ea654392a4a4fc270f9e7c71,854778689611649472,_EOPKG_TC-UN-f1-5-penalty3l-67_loan_v1_v5_simulated_GATv2,_EOPKG_TC-UN-f1-5-penalty3l,67,train_candidate_pred_score,0,1780675965755,5.438562879880775
learn,EOPKG,EOPKGTopologyConditioned,ebdfb988ea654392a4a4fc270f9e7c71,854778689611649472,_EOPKG_TC-UN-f1-5-penalty3l-67_loan_v1_v5_simulated_GATv2,_EOPKG_TC-UN-f1-5-penalty3l,67,train_candidate_pred_score,0,1780675965755,5.438562879880775
learn,EOPKG,EOPKGTopologyConditioned,ebdfb988ea654392a4a4fc270f9e7c71,854778689611649472,_EOPKG_TC-UN-f1-5-penalty3l-67_loan_v1_v5_simulated_GATv2,_EOPKG_TC-UN-f1-5-penalty3l,67,train_candidate_pred_score,0,1780676238056,5.435080253831533
learn,EOPKG,EOPKGTopologyConditioned,ebdfb988ea654392a4a4fc270f9e7c71,854778689611649472,_EOPKG_TC-UN-f1-5-penalty3l-67_loan_v1_v5_simulated_GATv2,_EOPKG_TC-UN-f1-5-penalty3l,67,train_candidate_pred_score,0,1780676238056,5.435080253831533
learn,EOPKG,EOPKGTopologyConditioned,ebdfb988ea654392a4a4fc270f9e7c71,854778689611649472,_EOPKG_TC-UN-f1-5-penalty3l-67_loan_v1_v5_simulated_GATv2,_EOPKG_TC-UN-f1-5-penalty3l,67,train_candidate_pred_score,0,1780676499025,5.498394796313845
learn,EOPKG,EOPKGTopologyConditioned,ebdfb988ea654392a4a4fc270f9e7c71,854778689611649472,_EOPKG_TC-UN-f1-5-penalty3l-67_loan_v1_v5_simulated_GATv2,_EOPKG_TC-UN-f1-5-penalty3l,67,train_candidate_pred_score,0,1780676499025,5.498394796313845
learn,EOPKG,EOPKGTopologyConditioned,ebdfb988ea654392a4a4fc270f9e7c71,854778689611649472,_EOPKG_TC-UN-f1-5-penalty3l-67_loan_v1_v5_simulated_GATv2,_EOPKG_TC-UN-f1-5-penalty3l,67,train_candidate_pred_score,0,1780676759566,5.506965051963333
learn,EOPKG,EOPKGTopologyConditioned,ebdfb988ea654392a4a4fc270f9e7c71,854778689611649472,_EOPKG_TC-UN-f1-5-penalty3l-67_loan_v1_v5_simulated_GATv2,_EOPKG_TC-UN-f1-5-penalty3l,67,train_candidate_pred_score,0,1780676759566,5.506965051963333
learn,EOPKG,EOPKGTopologyConditioned,ebdfb988ea654392a4a4fc270f9e7c71,854778689611649472,_EOPKG_TC-UN-f1-5-penalty3l-67_loan_v1_v5_simulated_GATv2,_EOPKG_TC-UN-f1-5-penalty3l,67,train_candidate_pred_score,0,1780677037790,5.540871423833511
learn,EOPKG,EOPKGTopologyConditioned,ebdfb988ea654392a4a4fc270f9e7c71,854778689611649472,_EOPKG_TC-UN-f1-5-penalty3l-67_loan_v1_v5_simulated_GATv2,_EOPKG_TC-UN-f1-5-penalty3l,67,train_candidate_pred_score,0,1780677037790,5.540871423833511
learn,EOPKG,EOPKGTopologyConditioned,ebdfb988ea654392a4a4fc270f9e7c71,854778689611649472,_EOPKG_TC-UN-f1-5-penalty3l-67_loan_v1_v5_simulated_GATv2,_EOPKG_TC-UN-f1-5-penalty3l,67,train_candidate_pred_score,0,1780677365121,5.530088057768174
learn,EOPKG,EOPKGTopologyConditioned,ebdfb988ea654392a4a4fc270f9e7c71,854778689611649472,_EOPKG_TC-UN-f1-5-penalty3l-67_loan_v1_v5_simulated_GATv2,_EOPKG_TC-UN-f1-5-penalty3l,67,train_candidate_pred_score,0,1780677365121,5.530088057768174
learn,EOPKG,EOPKGTopologyConditioned,ebdfb988ea654392a4a4fc270f9e7c71,854778689611649472,_EOPKG_TC-UN-f1-5-penalty3l-67_loan_v1_v5_simulated_GATv2,_EOPKG_TC-UN-f1-5-penalty3l,67,train_candidate_pred_score,0,1780677746636,5.595953656304243
learn,EOPKG,EOPKGTopologyConditioned,ebdfb988ea654392a4a4fc270f9e7c71,854778689611649472,_EOPKG_TC-UN-f1-5-penalty3l-67_loan_v1_v5_simulated_GATv2,_EOPKG_TC-UN-f1-5-penalty3l,67,train_candidate_pred_score,0,1780677746636,5.595953656304243
learn,EOPKG,EOPKGTopologyConditioned,ebdfb988ea654392a4a4fc270f9e7c71,854778689611649472,_EOPKG_TC-UN-f1-5-penalty3l-67_loan_v1_v5_simulated_GATv2,_EOPKG_TC-UN-f1-5-penalty3l,67,train_candidate_pred_score,0,1780678062080,5.575739136560922
learn,EOPKG,EOPKGTopologyConditioned,ebdfb988ea654392a4a4fc270f9e7c71,854778689611649472,_EOPKG_TC-UN-f1-5-penalty3l-67_loan_v1_v5_simulated_GATv2,_EOPKG_TC-UN-f1-5-penalty3l,67,train_candidate_pred_score,0,1780678062080,5.575739136560922
learn,EOPKG,EOPKGTopologyConditioned,ebdfb988ea654392a4a4fc270f9e7c71,854778689611649472,_EOPKG_TC-UN-f1-5-penalty3l-67_loan_v1_v5_simulated_GATv2,_EOPKG_TC-UN-f1-5-penalty3l,67,train_candidate_pred_score,0,1780678336933,5.572731012759792
learn,EOPKG,EOPKGTopologyConditioned,ebdfb988ea654392a4a4fc270f9e7c71,854778689611649472,_EOPKG_TC-UN-f1-5-penalty3l-67_loan_v1_v5_simulated_GATv2,_EOPKG_TC-UN-f1-5-penalty3l,67,train_candidate_pred_score,0,1780678336933,5.572731012759792
learn,EOPKG,EOPKGTopologyConditioned,ebdfb988ea654392a4a4fc270f9e7c71,854778689611649472,_EOPKG_TC-UN-f1-5-penalty3l-67_loan_v1_v5_simulated_GATv2,_EOPKG_TC-UN-f1-5-penalty3l,67,train_candidate_pred_score,0,1780678640214,5.620852634902978
learn,EOPKG,EOPKGTopologyConditioned,ebdfb988ea654392a4a4fc270f9e7c71,854778689611649472,_EOPKG_TC-UN-f1-5-penalty3l-67_loan_v1_v5_simulated_GATv2,_EOPKG_TC-UN-f1-5-penalty3l,67,train_candidate_pred_score,0,1780678640214,5.620852634902978
learn,EOPKG,EOPKGTopologyConditioned,ebdfb988ea654392a4a4fc270f9e7c71,854778689611649472,_EOPKG_TC-UN-f1-5-penalty3l-67_loan_v1_v5_simulated_GATv2,_EOPKG_TC-UN-f1-5-penalty3l,67,train_candidate_pred_score,0,1780679067696,5.569140179547672
learn,EOPKG,EOPKGTopologyConditioned,ebdfb988ea654392a4a4fc270f9e7c71,854778689611649472,_EOPKG_TC-UN-f1-5-penalty3l-67_loan_v1_v5_simulated_GATv2,_EOPKG_TC-UN-f1-5-penalty3l,67,train_candidate_pred_score,0,1780679067696,5.569140179547672
learn,EOPKG,EOPKGTopologyConditioned,ebdfb988ea654392a4a4fc270f9e7c71,854778689611649472,_EOPKG_TC-UN-f1-5-penalty3l-67_loan_v1_v5_simulated_GATv2,_EOPKG_TC-UN-f1-5-penalty3l,67,train_candidate_pred_score,0,1780679431801,5.651893508832292
learn,EOPKG,EOPKGTopologyConditioned,ebdfb988ea654392a4a4fc270f9e7c71,854778689611649472,_EOPKG_TC-UN-f1-5-penalty3l-67_loan_v1_v5_simulated_GATv2,_EOPKG_TC-UN-f1-5-penalty3l,67,train_candidate_pred_score,0,1780679431801,5.651893508832292
learn,EOPKG,EOPKGTopologyConditioned,ebdfb988ea654392a4a4fc270f9e7c71,854778689611649472,_EOPKG_TC-UN-f1-5-penalty3l-67_loan_v1_v5_simulated_GATv2,_EOPKG_TC-UN-f1-5-penalty3l,67,train_candidate_pred_score,0,1780679732387,5.551644592861303
learn,EOPKG,EOPKGTopologyConditioned,ebdfb988ea654392a4a4fc270f9e7c71,854778689611649472,_EOPKG_TC-UN-f1-5-penalty3l-67_loan_v1_v5_simulated_GATv2,_EOPKG_TC-UN-f1-5-penalty3l,67,train_candidate_pred_score,0,1780679732387,5.551644592861303
learn,EOPKG,EOPKGTopologyConditioned,ebdfb988ea654392a4a4fc270f9e7c71,854778689611649472,_EOPKG_TC-UN-f1-5-penalty3l-67_loan_v1_v5_simulated_GATv2,_EOPKG_TC-UN-f1-5-penalty3l,67,train_candidate_pred_score,0,1780679996271,5.54358468866879
learn,EOPKG,EOPKGTopologyConditioned,ebdfb988ea654392a4a4fc270f9e7c71,854778689611649472,_EOPKG_TC-UN-f1-5-penalty3l-67_loan_v1_v5_simulated_GATv2,_EOPKG_TC-UN-f1-5-penalty3l,67,train_candidate_pred_score,0,1780679996271,5.54358468866879
learn,EOPKG,EOPKGTopologyConditioned,ebdfb988ea654392a4a4fc270f9e7c71,854778689611649472,_EOPKG_TC-UN-f1-5-penalty3l-67_loan_v1_v5_simulated_GATv2,_EOPKG_TC-UN-f1-5-penalty3l,67,train_candidate_pred_score,0,1780680264174,5.5706141195918875
learn,EOPKG,EOPKGTopologyConditioned,ebdfb988ea654392a4a4fc270f9e7c71,854778689611649472,_EOPKG_TC-UN-f1-5-penalty3l-67_loan_v1_v5_simulated_GATv2,_EOPKG_TC-UN-f1-5-penalty3l,67,train_candidate_pred_score,0,1780680264174,5.5706141195918875
learn,EOPKG,EOPKGTopologyConditioned,ebdfb988ea654392a4a4fc270f9e7c71,854778689611649472,_EOPKG_TC-UN-f1-5-penalty3l-67_loan_v1_v5_simulated_GATv2,_EOPKG_TC-UN-f1-5-penalty3l,67,train_candidate_pred_score,0,1780680518369,5.592896372790556
learn,EOPKG,EOPKGTopologyConditioned,ebdfb988ea654392a4a4fc270f9e7c71,854778689611649472,_EOPKG_TC-UN-f1-5-penalty3l-67_loan_v1_v5_simulated_GATv2,_EOPKG_TC-UN-f1-5-penalty3l,67,train_candidate_pred_score,0,1780680518369,5.592896372790556
learn,EOPKG,EOPKGTopologyConditioned,ebdfb988ea654392a4a4fc270f9e7c71,854778689611649472,_EOPKG_TC-UN-f1-5-penalty3l-67_loan_v1_v5_simulated_GATv2,_EOPKG_TC-UN-f1-5-penalty3l,67,train_candidate_pred_score,0,1780680773282,5.586800628322486
learn,EOPKG,EOPKGTopologyConditioned,ebdfb988ea654392a4a4fc270f9e7c71,854778689611649472,_EOPKG_TC-UN-f1-5-penalty3l-67_loan_v1_v5_simulated_GATv2,_EOPKG_TC-UN-f1-5-penalty3l,67,train_candidate_pred_score,0,1780680773282,5.586800628322486
learn,EOPKG,EOPKGTopologyConditioned,ebdfb988ea654392a4a4fc270f9e7c71,854778689611649472,_EOPKG_TC-UN-f1-5-penalty3l-67_loan_v1_v5_simulated_GATv2,_EOPKG_TC-UN-f1-5-penalty3l,67,train_candidate_pred_score,0,1780681029881,5.570525466542934
learn,EOPKG,EOPKGTopologyConditioned,ebdfb988ea654392a4a4fc270f9e7c71,854778689611649472,_EOPKG_TC-UN-f1-5-penalty3l-67_loan_v1_v5_simulated_GATv2,_EOPKG_TC-UN-f1-5-penalty3l,67,train_candidate_pred_score,0,1780681029881,5.570525466542934
learn,EOPKG,EOPKGTopologyConditioned,ebdfb988ea654392a4a4fc270f9e7c71,854778689611649472,_EOPKG_TC-UN-f1-5-penalty3l-67_loan_v1_v5_simulated_GATv2,_EOPKG_TC-UN-f1-5-penalty3l,67,train_candidate_pred_score,0,1780681353769,5.612838608661403
learn,EOPKG,EOPKGTopologyConditioned,ebdfb988ea654392a4a4fc270f9e7c71,854778689611649472,_EOPKG_TC-UN-f1-5-penalty3l-67_loan_v1_v5_simulated_GATv2,_EOPKG_TC-UN-f1-5-penalty3l,67,train_candidate_pred_score,0,1780681353769,5.612838608661403
learn,EOPKG,EOPKGTopologyConditioned,ebdfb988ea654392a4a4fc270f9e7c71,854778689611649472,_EOPKG_TC-UN-f1-5-penalty3l-67_loan_v1_v5_simulated_GATv2,_EOPKG_TC-UN-f1-5-penalty3l,67,train_candidate_pred_score,0,1780681706494,5.613161743540074
learn,EOPKG,EOPKGTopologyConditioned,ebdfb988ea654392a4a4fc270f9e7c71,854778689611649472,_EOPKG_TC-UN-f1-5-penalty3l-67_loan_v1_v5_simulated_GATv2,_EOPKG_TC-UN-f1-5-penalty3l,67,train_candidate_pred_score,0,1780681706494,5.613161743540074
learn,EOPKG,EOPKGTopologyConditioned,ebdfb988ea654392a4a4fc270f9e7c71,854778689611649472,_EOPKG_TC-UN-f1-5-penalty3l-67_loan_v1_v5_simulated_GATv2,_EOPKG_TC-UN-f1-5-penalty3l,67,train_candidate_pred_score,0,1780682217466,5.600479636927667
learn,EOPKG,EOPKGTopologyConditioned,ebdfb988ea654392a4a4fc270f9e7c71,854778689611649472,_EOPKG_TC-UN-f1-5-penalty3l-67_loan_v1_v5_simulated_GATv2,_EOPKG_TC-UN-f1-5-penalty3l,67,train_candidate_pred_score,0,1780682217466,5.600479636927667
learn,EOPKG,EOPKGTopologyConditioned,ebdfb988ea654392a4a4fc270f9e7c71,854778689611649472,_EOPKG_TC-UN-f1-5-penalty3l-67_loan_v1_v5_simulated_GATv2,_EOPKG_TC-UN-f1-5-penalty3l,67,train_candidate_pred_score,0,1780682639555,5.619598923881785
learn,EOPKG,EOPKGTopologyConditioned,ebdfb988ea654392a4a4fc270f9e7c71,854778689611649472,_EOPKG_TC-UN-f1-5-penalty3l-67_loan_v1_v5_simulated_GATv2,_EOPKG_TC-UN-f1-5-penalty3l,67,train_candidate_pred_score,0,1780682639555,5.619598923881785
learn,EOPKG,EOPKGTopologyConditioned,ebdfb988ea654392a4a4fc270f9e7c71,854778689611649472,_EOPKG_TC-UN-f1-5-penalty3l-67_loan_v1_v5_simulated_GATv2,_EOPKG_TC-UN-f1-5-penalty3l,67,train_candidate_pred_score,0,1780682918047,5.588233198005179
learn,EOPKG,EOPKGTopologyConditioned,ebdfb988ea654392a4a4fc270f9e7c71,854778689611649472,_EOPKG_TC-UN-f1-5-penalty3l-67_loan_v1_v5_simulated_GATv2,_EOPKG_TC-UN-f1-5-penalty3l,67,train_candidate_pred_score,0,1780682918047,5.588233198005179
learn,EOPKG,EOPKGTopologyConditioned,ebdfb988ea654392a4a4fc270f9e7c71,854778689611649472,_EOPKG_TC-UN-f1-5-penalty3l-67_loan_v1_v5_simulated_GATv2,_EOPKG_TC-UN-f1-5-penalty3l,67,train_candidate_pred_score,0,1780683219096,5.631889423619014
learn,EOPKG,EOPKGTopologyConditioned,ebdfb988ea654392a4a4fc270f9e7c71,854778689611649472,_EOPKG_TC-UN-f1-5-penalty3l-67_loan_v1_v5_simulated_GATv2,_EOPKG_TC-UN-f1-5-penalty3l,67,train_candidate_pred_score,0,1780683219096,5.631889423619014
learn,EOPKG,EOPKGTopologyConditioned,ebdfb988ea654392a4a4fc270f9e7c71,854778689611649472,_EOPKG_TC-UN-f1-5-penalty3l-67_loan_v1_v5_simulated_GATv2,_EOPKG_TC-UN-f1-5-penalty3l,67,train_candidate_pred_score,0,1780683566068,5.642759400445062
learn,EOPKG,EOPKGTopologyConditioned,ebdfb988ea654392a4a4fc270f9e7c71,854778689611649472,_EOPKG_TC-UN-f1-5-penalty3l-67_loan_v1_v5_simulated_GATv2,_EOPKG_TC-UN-f1-5-penalty3l,67,train_candidate_pred_score,0,1780683566068,5.642759400445062
learn,EOPKG,EOPKGTopologyConditioned,ebdfb988ea654392a4a4fc270f9e7c71,854778689611649472,_EOPKG_TC-UN-f1-5-penalty3l-67_loan_v1_v5_simulated_GATv2,_EOPKG_TC-UN-f1-5-penalty3l,67,train_candidate_pred_score,0,1780683880760,5.61439195990752
learn,EOPKG,EOPKGTopologyConditioned,ebdfb988ea654392a4a4fc270f9e7c71,854778689611649472,_EOPKG_TC-UN-f1-5-penalty3l-67_loan_v1_v5_simulated_GATv2,_EOPKG_TC-UN-f1-5-penalty3l,67,train_candidate_pred_score,0,1780683880760,5.61439195990752
learn,EOPKG,EOPKGTopologyConditioned,ebdfb988ea654392a4a4fc270f9e7c71,854778689611649472,_EOPKG_TC-UN-f1-5-penalty3l-67_loan_v1_v5_simulated_GATv2,_EOPKG_TC-UN-f1-5-penalty3l,67,train_candidate_pred_score,0,1780684194260,5.622089169173249
learn,EOPKG,EOPKGTopologyConditioned,ebdfb988ea654392a4a4fc270f9e7c71,854778689611649472,_EOPKG_TC-UN-f1-5-penalty3l-67_loan_v1_v5_simulated_GATv2,_EOPKG_TC-UN-f1-5-penalty3l,67,train_candidate_pred_score,0,1780684194260,5.622089169173249
learn,EOPKG,EOPKGTopologyConditioned,ebdfb988ea654392a4a4fc270f9e7c71,854778689611649472,_EOPKG_TC-UN-f1-5-penalty3l-67_loan_v1_v5_simulated_GATv2,_EOPKG_TC-UN-f1-5-penalty3l,67,train_candidate_pred_score,0,1780684515897,5.593176411900118
learn,EOPKG,EOPKGTopologyConditioned,ebdfb988ea654392a4a4fc270f9e7c71,854778689611649472,_EOPKG_TC-UN-f1-5-penalty3l-67_loan_v1_v5_simulated_GATv2,_EOPKG_TC-UN-f1-5-penalty3l,67,train_candidate_pred_score,0,1780684515897,5.593176411900118
learn,EOPKG,EOPKGTopologyConditioned,ebdfb988ea654392a4a4fc270f9e7c71,854778689611649472,_EOPKG_TC-UN-f1-5-penalty3l-67_loan_v1_v5_simulated_GATv2,_EOPKG_TC-UN-f1-5-penalty3l,67,train_candidate_pred_score,0,1780684787421,5.661765833916839
learn,EOPKG,EOPKGTopologyConditioned,ebdfb988ea654392a4a4fc270f9e7c71,854778689611649472,_EOPKG_TC-UN-f1-5-penalty3l-67_loan_v1_v5_simulated_GATv2,_EOPKG_TC-UN-f1-5-penalty3l,67,train_candidate_pred_score,0,1780684787421,5.661765833916839
learn,EOPKG,EOPKGTopologyConditioned,ebdfb988ea654392a4a4fc270f9e7c71,854778689611649472,_EOPKG_TC-UN-f1-5-penalty3l-67_loan_v1_v5_simulated_GATv2,_EOPKG_TC-UN-f1-5-penalty3l,67,train_candidate_pred_score,0,1780685047237,5.5991058971241285
learn,EOPKG,EOPKGTopologyConditioned,ebdfb988ea654392a4a4fc270f9e7c71,854778689611649472,_EOPKG_TC-UN-f1-5-penalty3l-67_loan_v1_v5_simulated_GATv2,_EOPKG_TC-UN-f1-5-penalty3l,67,train_candidate_pred_score,0,1780685047237,5.5991058971241285
learn,EOPKG,EOPKGTopologyConditioned,ebdfb988ea654392a4a4fc270f9e7c71,854778689611649472,_EOPKG_TC-UN-f1-5-penalty3l-67_loan_v1_v5_simulated_GATv2,_EOPKG_TC-UN-f1-5-penalty3l,67,train_candidate_pred_score,0,1780685302408,5.654950168439807
learn,EOPKG,EOPKGTopologyConditioned,ebdfb988ea654392a4a4fc270f9e7c71,854778689611649472,_EOPKG_TC-UN-f1-5-penalty3l-67_loan_v1_v5_simulated_GATv2,_EOPKG_TC-UN-f1-5-penalty3l,67,train_candidate_pred_score,0,1780685302408,5.654950168439807
learn,EOPKG,EOPKGTopologyConditioned,ebdfb988ea654392a4a4fc270f9e7c71,854778689611649472,_EOPKG_TC-UN-f1-5-penalty3l-67_loan_v1_v5_simulated_GATv2,_EOPKG_TC-UN-f1-5-penalty3l,67,train_candidate_pred_score,0,1780685556343,5.6859638406665605
learn,EOPKG,EOPKGTopologyConditioned,ebdfb988ea654392a4a4fc270f9e7c71,854778689611649472,_EOPKG_TC-UN-f1-5-penalty3l-67_loan_v1_v5_simulated_GATv2,_EOPKG_TC-UN-f1-5-penalty3l,67,train_candidate_pred_score,0,1780685556343,5.6859638406665605
learn,EOPKG,EOPKGTopologyConditioned,ebdfb988ea654392a4a4fc270f9e7c71,854778689611649472,_EOPKG_TC-UN-f1-5-penalty3l-67_loan_v1_v5_simulated_GATv2,_EOPKG_TC-UN-f1-5-penalty3l,67,train_candidate_pred_score,0,1780685810807,5.660476898351042
learn,EOPKG,EOPKGTopologyConditioned,ebdfb988ea654392a4a4fc270f9e7c71,854778689611649472,_EOPKG_TC-UN-f1-5-penalty3l-67_loan_v1_v5_simulated_GATv2,_EOPKG_TC-UN-f1-5-penalty3l,67,train_candidate_pred_score,0,1780685810807,5.660476898351042
learn,EOPKG,EOPKGTopologyConditioned,ebdfb988ea654392a4a4fc270f9e7c71,854778689611649472,_EOPKG_TC-UN-f1-5-penalty3l-67_loan_v1_v5_simulated_GATv2,_EOPKG_TC-UN-f1-5-penalty3l,67,train_candidate_pred_score,0,1780686073447,5.651580088089305
learn,EOPKG,EOPKGTopologyConditioned,ebdfb988ea654392a4a4fc270f9e7c71,854778689611649472,_EOPKG_TC-UN-f1-5-penalty3l-67_loan_v1_v5_simulated_GATv2,_EOPKG_TC-UN-f1-5-penalty3l,67,train_candidate_pred_score,0,1780686073447,5.651580088089305
learn,EOPKG-WI,EOPKGTopologyConditionedWI,65820d654ea74559b1b19d0faa56202d,854778689611649472,_EOPKG_WI-UN-f1-5-67_loan_v1_v5_simulated_GATv2,_EOPKG_WI-UN-f1-5,67,train_candidate_pred_score,0,1781070072649,5.008286010669411
learn,EOPKG-WI,EOPKGTopologyConditionedWI,65820d654ea74559b1b19d0faa56202d,854778689611649472,_EOPKG_WI-UN-f1-5-67_loan_v1_v5_simulated_GATv2,_EOPKG_WI-UN-f1-5,67,train_candidate_pred_score,0,1781070072649,5.008286010669411
learn,EOPKG-WI,EOPKGTopologyConditionedWI,65820d654ea74559b1b19d0faa56202d,854778689611649472,_EOPKG_WI-UN-f1-5-67_loan_v1_v5_simulated_GATv2,_EOPKG_WI-UN-f1-5,67,train_candidate_pred_score,0,1781070181632,5.80107091303281
learn,EOPKG-WI,EOPKGTopologyConditionedWI,65820d654ea74559b1b19d0faa56202d,854778689611649472,_EOPKG_WI-UN-f1-5-67_loan_v1_v5_simulated_GATv2,_EOPKG_WI-UN-f1-5,67,train_candidate_pred_score,0,1781070181632,5.80107091303281
learn,EOPKG-WI,EOPKGTopologyConditionedWI,65820d654ea74559b1b19d0faa56202d,854778689611649472,_EOPKG_WI-UN-f1-5-67_loan_v1_v5_simulated_GATv2,_EOPKG_WI-UN-f1-5,67,train_candidate_pred_score,0,1781070274399,5.844905505309233
learn,EOPKG-WI,EOPKGTopologyConditionedWI,65820d654ea74559b1b19d0faa56202d,854778689611649472,_EOPKG_WI-UN-f1-5-67_loan_v1_v5_simulated_GATv2,_EOPKG_WI-UN-f1-5,67,train_candidate_pred_score,0,1781070274399,5.844905505309233
learn,EOPKG-WI,EOPKGTopologyConditionedWI,65820d654ea74559b1b19d0faa56202d,854778689611649472,_EOPKG_WI-UN-f1-5-67_loan_v1_v5_simulated_GATv2,_EOPKG_WI-UN-f1-5,67,train_candidate_pred_score,0,1781070366665,5.912573595304747
learn,EOPKG-WI,EOPKGTopologyConditionedWI,65820d654ea74559b1b19d0faa56202d,854778689611649472,_EOPKG_WI-UN-f1-5-67_loan_v1_v5_simulated_GATv2,_EOPKG_WI-UN-f1-5,67,train_candidate_pred_score,0,1781070366665,5.912573595304747
learn,EOPKG-WI,EOPKGTopologyConditionedWI,65820d654ea74559b1b19d0faa56202d,854778689611649472,_EOPKG_WI-UN-f1-5-67_loan_v1_v5_simulated_GATv2,_EOPKG_WI-UN-f1-5,67,train_candidate_pred_score,0,1781070459093,5.940818360575811
learn,EOPKG-WI,EOPKGTopologyConditionedWI,65820d654ea74559b1b19d0faa56202d,854778689611649472,_EOPKG_WI-UN-f1-5-67_loan_v1_v5_simulated_GATv2,_EOPKG_WI-UN-f1-5,67,train_candidate_pred_score,0,1781070459093,5.940818360575811
learn,EOPKG-WI,EOPKGTopologyConditionedWI,65820d654ea74559b1b19d0faa56202d,854778689611649472,_EOPKG_WI-UN-f1-5-67_loan_v1_v5_simulated_GATv2,_EOPKG_WI-UN-f1-5,67,train_candidate_pred_score,0,1781070551310,5.927727400593234
learn,EOPKG-WI,EOPKGTopologyConditionedWI,65820d654ea74559b1b19d0faa56202d,854778689611649472,_EOPKG_WI-UN-f1-5-67_loan_v1_v5_simulated_GATv2,_EOPKG_WI-UN-f1-5,67,train_candidate_pred_score,0,1781070551310,5.927727400593234
learn,EOPKG-WI,EOPKGTopologyConditionedWI,65820d654ea74559b1b19d0faa56202d,854778689611649472,_EOPKG_WI-UN-f1-5-67_loan_v1_v5_simulated_GATv2,_EOPKG_WI-UN-f1-5,67,train_candidate_pred_score,0,1781070643466,5.9407316686997165
learn,EOPKG-WI,EOPKGTopologyConditionedWI,65820d654ea74559b1b19d0faa56202d,854778689611649472,_EOPKG_WI-UN-f1-5-67_loan_v1_v5_simulated_GATv2,_EOPKG_WI-UN-f1-5,67,train_candidate_pred_score,0,1781070643466,5.9407316686997165
learn,EOPKG-WI,EOPKGTopologyConditionedWI,65820d654ea74559b1b19d0faa56202d,854778689611649472,_EOPKG_WI-UN-f1-5-67_loan_v1_v5_simulated_GATv2,_EOPKG_WI-UN-f1-5,67,train_candidate_pred_score,0,1781070735639,5.946620033731143
learn,EOPKG-WI,EOPKGTopologyConditionedWI,65820d654ea74559b1b19d0faa56202d,854778689611649472,_EOPKG_WI-UN-f1-5-67_loan_v1_v5_simulated_GATv2,_EOPKG_WI-UN-f1-5,67,train_candidate_pred_score,0,1781070735639,5.946620033731143
learn,EOPKG-WI,EOPKGTopologyConditionedWI,65820d654ea74559b1b19d0faa56202d,854778689611649472,_EOPKG_WI-UN-f1-5-67_loan_v1_v5_simulated_GATv2,_EOPKG_WI-UN-f1-5,67,train_candidate_pred_score,0,1781070828542,5.955806563882267
learn,EOPKG-WI,EOPKGTopologyConditionedWI,65820d654ea74559b1b19d0faa56202d,854778689611649472,_EOPKG_WI-UN-f1-5-67_loan_v1_v5_simulated_GATv2,_EOPKG_WI-UN-f1-5,67,train_candidate_pred_score,0,1781070828542,5.955806563882267
learn,EOPKG-WI,EOPKGTopologyConditionedWI,65820d654ea74559b1b19d0faa56202d,854778689611649472,_EOPKG_WI-UN-f1-5-67_loan_v1_v5_simulated_GATv2,_EOPKG_WI-UN-f1-5,67,train_candidate_pred_score,0,1781070921113,5.934231114501225
learn,EOPKG-WI,EOPKGTopologyConditionedWI,65820d654ea74559b1b19d0faa56202d,854778689611649472,_EOPKG_WI-UN-f1-5-67_loan_v1_v5_simulated_GATv2,_EOPKG_WI-UN-f1-5,67,train_candidate_pred_score,0,1781070921113,5.934231114501225
learn,EOPKG-WI,EOPKGTopologyConditionedWI,65820d654ea74559b1b19d0faa56202d,854778689611649472,_EOPKG_WI-UN-f1-5-67_loan_v1_v5_simulated_GATv2,_EOPKG_WI-UN-f1-5,67,train_candidate_pred_score,0,1781071013828,5.971230440185256
learn,EOPKG-WI,EOPKGTopologyConditionedWI,65820d654ea74559b1b19d0faa56202d,854778689611649472,_EOPKG_WI-UN-f1-5-67_loan_v1_v5_simulated_GATv2,_EOPKG_WI-UN-f1-5,67,train_candidate_pred_score,0,1781071013828,5.971230440185256
learn,EOPKG-WI,EOPKGTopologyConditionedWI,65820d654ea74559b1b19d0faa56202d,854778689611649472,_EOPKG_WI-UN-f1-5-67_loan_v1_v5_simulated_GATv2,_EOPKG_WI-UN-f1-5,67,train_candidate_pred_score,0,1781071112511,5.9760615048613195
learn,EOPKG-WI,EOPKGTopologyConditionedWI,65820d654ea74559b1b19d0faa56202d,854778689611649472,_EOPKG_WI-UN-f1-5-67_loan_v1_v5_simulated_GATv2,_EOPKG_WI-UN-f1-5,67,train_candidate_pred_score,0,1781071112511,5.9760615048613195
learn,EOPKG-WI,EOPKGTopologyConditionedWI,65820d654ea74559b1b19d0faa56202d,854778689611649472,_EOPKG_WI-UN-f1-5-67_loan_v1_v5_simulated_GATv2,_EOPKG_WI-UN-f1-5,67,train_candidate_pred_score,0,1781071206337,5.969979161109379
learn,EOPKG-WI,EOPKGTopologyConditionedWI,65820d654ea74559b1b19d0faa56202d,854778689611649472,_EOPKG_WI-UN-f1-5-67_loan_v1_v5_simulated_GATv2,_EOPKG_WI-UN-f1-5,67,train_candidate_pred_score,0,1781071206337,5.969979161109379
learn,EOPKG-WI,EOPKGTopologyConditionedWI,65820d654ea74559b1b19d0faa56202d,854778689611649472,_EOPKG_WI-UN-f1-5-67_loan_v1_v5_simulated_GATv2,_EOPKG_WI-UN-f1-5,67,train_candidate_pred_score,0,1781071300606,5.908681809617908
learn,EOPKG-WI,EOPKGTopologyConditionedWI,65820d654ea74559b1b19d0faa56202d,854778689611649472,_EOPKG_WI-UN-f1-5-67_loan_v1_v5_simulated_GATv2,_EOPKG_WI-UN-f1-5,67,train_candidate_pred_score,0,1781071300606,5.908681809617908
learn,EOPKG-WI,EOPKGTopologyConditionedWI,65820d654ea74559b1b19d0faa56202d,854778689611649472,_EOPKG_WI-UN-f1-5-67_loan_v1_v5_simulated_GATv2,_EOPKG_WI-UN-f1-5,67,train_candidate_pred_score,0,1781071394825,5.937005716969743
learn,EOPKG-WI,EOPKGTopologyConditionedWI,65820d654ea74559b1b19d0faa56202d,854778689611649472,_EOPKG_WI-UN-f1-5-67_loan_v1_v5_simulated_GATv2,_EOPKG_WI-UN-f1-5,67,train_candidate_pred_score,0,1781071394825,5.937005716969743
learn,EOPKG-WI,EOPKGTopologyConditionedWI,65820d654ea74559b1b19d0faa56202d,854778689611649472,_EOPKG_WI-UN-f1-5-67_loan_v1_v5_simulated_GATv2,_EOPKG_WI-UN-f1-5,67,train_candidate_pred_score,0,1781071490161,5.9143989499308915
learn,EOPKG-WI,EOPKGTopologyConditionedWI,65820d654ea74559b1b19d0faa56202d,854778689611649472,_EOPKG_WI-UN-f1-5-67_loan_v1_v5_simulated_GATv2,_EOPKG_WI-UN-f1-5,67,train_candidate_pred_score,0,1781071490161,5.9143989499308915
learn,EOPKG-WI,EOPKGTopologyConditionedWI,65820d654ea74559b1b19d0faa56202d,854778689611649472,_EOPKG_WI-UN-f1-5-67_loan_v1_v5_simulated_GATv2,_EOPKG_WI-UN-f1-5,67,train_candidate_pred_score,0,1781071584628,5.888877950525814
learn,EOPKG-WI,EOPKGTopologyConditionedWI,65820d654ea74559b1b19d0faa56202d,854778689611649472,_EOPKG_WI-UN-f1-5-67_loan_v1_v5_simulated_GATv2,_EOPKG_WI-UN-f1-5,67,train_candidate_pred_score,0,1781071584628,5.888877950525814
learn,EOPKG-WI,EOPKGTopologyConditionedWI,65820d654ea74559b1b19d0faa56202d,854778689611649472,_EOPKG_WI-UN-f1-5-67_loan_v1_v5_simulated_GATv2,_EOPKG_WI-UN-f1-5,67,train_candidate_pred_score,0,1781071678811,5.922919484124844
learn,EOPKG-WI,EOPKGTopologyConditionedWI,65820d654ea74559b1b19d0faa56202d,854778689611649472,_EOPKG_WI-UN-f1-5-67_loan_v1_v5_simulated_GATv2,_EOPKG_WI-UN-f1-5,67,train_candidate_pred_score,0,1781071678811,5.922919484124844
learn,EOPKG-WI,EOPKGTopologyConditionedWI,65820d654ea74559b1b19d0faa56202d,854778689611649472,_EOPKG_WI-UN-f1-5-67_loan_v1_v5_simulated_GATv2,_EOPKG_WI-UN-f1-5,67,train_candidate_pred_score,0,1781071774115,5.902210128705339
learn,EOPKG-WI,EOPKGTopologyConditionedWI,65820d654ea74559b1b19d0faa56202d,854778689611649472,_EOPKG_WI-UN-f1-5-67_loan_v1_v5_simulated_GATv2,_EOPKG_WI-UN-f1-5,67,train_candidate_pred_score,0,1781071774115,5.902210128705339
learn,EOPKG-WI,EOPKGTopologyConditionedWI,65820d654ea74559b1b19d0faa56202d,854778689611649472,_EOPKG_WI-UN-f1-5-67_loan_v1_v5_simulated_GATv2,_EOPKG_WI-UN-f1-5,67,train_candidate_pred_score,0,1781071868153,5.895536169528203
learn,EOPKG-WI,EOPKGTopologyConditionedWI,65820d654ea74559b1b19d0faa56202d,854778689611649472,_EOPKG_WI-UN-f1-5-67_loan_v1_v5_simulated_GATv2,_EOPKG_WI-UN-f1-5,67,train_candidate_pred_score,0,1781071868153,5.895536169528203
learn,EOPKG-WI,EOPKGTopologyConditionedWI,65820d654ea74559b1b19d0faa56202d,854778689611649472,_EOPKG_WI-UN-f1-5-67_loan_v1_v5_simulated_GATv2,_EOPKG_WI-UN-f1-5,67,train_candidate_pred_score,0,1781071963465,5.936065490370903
learn,EOPKG-WI,EOPKGTopologyConditionedWI,65820d654ea74559b1b19d0faa56202d,854778689611649472,_EOPKG_WI-UN-f1-5-67_loan_v1_v5_simulated_GATv2,_EOPKG_WI-UN-f1-5,67,train_candidate_pred_score,0,1781071963465,5.936065490370903
learn,EOPKG-WI,EOPKGTopologyConditionedWI,65820d654ea74559b1b19d0faa56202d,854778689611649472,_EOPKG_WI-UN-f1-5-67_loan_v1_v5_simulated_GATv2,_EOPKG_WI-UN-f1-5,67,train_candidate_pred_score,0,1781072061332,5.890846583725728
learn,EOPKG-WI,EOPKGTopologyConditionedWI,65820d654ea74559b1b19d0faa56202d,854778689611649472,_EOPKG_WI-UN-f1-5-67_loan_v1_v5_simulated_GATv2,_EOPKG_WI-UN-f1-5,67,train_candidate_pred_score,0,1781072061332,5.890846583725728
learn,EOPKG-WI,EOPKGTopologyConditionedWI,65820d654ea74559b1b19d0faa56202d,854778689611649472,_EOPKG_WI-UN-f1-5-67_loan_v1_v5_simulated_GATv2,_EOPKG_WI-UN-f1-5,67,train_candidate_pred_score,0,1781072155778,5.897413931514576
learn,EOPKG-WI,EOPKGTopologyConditionedWI,65820d654ea74559b1b19d0faa56202d,854778689611649472,_EOPKG_WI-UN-f1-5-67_loan_v1_v5_simulated_GATv2,_EOPKG_WI-UN-f1-5,67,train_candidate_pred_score,0,1781072155778,5.897413931514576
learn,EOPKG-WI,EOPKGTopologyConditionedWI,65820d654ea74559b1b19d0faa56202d,854778689611649472,_EOPKG_WI-UN-f1-5-67_loan_v1_v5_simulated_GATv2,_EOPKG_WI-UN-f1-5,67,train_candidate_pred_score,0,1781072250188,5.89517579283358
learn,EOPKG-WI,EOPKGTopologyConditionedWI,65820d654ea74559b1b19d0faa56202d,854778689611649472,_EOPKG_WI-UN-f1-5-67_loan_v1_v5_simulated_GATv2,_EOPKG_WI-UN-f1-5,67,train_candidate_pred_score,0,1781072250188,5.89517579283358
learn,EOPKG-WI,EOPKGTopologyConditionedWI,65820d654ea74559b1b19d0faa56202d,854778689611649472,_EOPKG_WI-UN-f1-5-67_loan_v1_v5_simulated_GATv2,_EOPKG_WI-UN-f1-5,67,train_candidate_pred_score,0,1781072343921,5.889496272622307
learn,EOPKG-WI,EOPKGTopologyConditionedWI,65820d654ea74559b1b19d0faa56202d,854778689611649472,_EOPKG_WI-UN-f1-5-67_loan_v1_v5_simulated_GATv2,_EOPKG_WI-UN-f1-5,67,train_candidate_pred_score,0,1781072343921,5.889496272622307
learn,EOPKG-WI,EOPKGTopologyConditionedWI,65820d654ea74559b1b19d0faa56202d,854778689611649472,_EOPKG_WI-UN-f1-5-67_loan_v1_v5_simulated_GATv2,_EOPKG_WI-UN-f1-5,67,train_candidate_pred_score,0,1781072439052,5.909646414800744
learn,EOPKG-WI,EOPKGTopologyConditionedWI,65820d654ea74559b1b19d0faa56202d,854778689611649472,_EOPKG_WI-UN-f1-5-67_loan_v1_v5_simulated_GATv2,_EOPKG_WI-UN-f1-5,67,train_candidate_pred_score,0,1781072439052,5.909646414800744
learn,EOPKG-WI,EOPKGTopologyConditionedWI,65820d654ea74559b1b19d0faa56202d,854778689611649472,_EOPKG_WI-UN-f1-5-67_loan_v1_v5_simulated_GATv2,_EOPKG_WI-UN-f1-5,67,train_candidate_pred_score,0,1781072533459,5.901819143462068
learn,EOPKG-WI,EOPKGTopologyConditionedWI,65820d654ea74559b1b19d0faa56202d,854778689611649472,_EOPKG_WI-UN-f1-5-67_loan_v1_v5_simulated_GATv2,_EOPKG_WI-UN-f1-5,67,train_candidate_pred_score,0,1781072533459,5.901819143462068
learn,EOPKG-WI,EOPKGTopologyConditionedWI,65820d654ea74559b1b19d0faa56202d,854778689611649472,_EOPKG_WI-UN-f1-5-67_loan_v1_v5_simulated_GATv2,_EOPKG_WI-UN-f1-5,67,train_candidate_pred_score,0,1781072627529,5.921683352399138
learn,EOPKG-WI,EOPKGTopologyConditionedWI,65820d654ea74559b1b19d0faa56202d,854778689611649472,_EOPKG_WI-UN-f1-5-67_loan_v1_v5_simulated_GATv2,_EOPKG_WI-UN-f1-5,67,train_candidate_pred_score,0,1781072627529,5.921683352399138
learn,EOPKG-WI,EOPKGTopologyConditionedWI,65820d654ea74559b1b19d0faa56202d,854778689611649472,_EOPKG_WI-UN-f1-5-67_loan_v1_v5_simulated_GATv2,_EOPKG_WI-UN-f1-5,67,train_candidate_pred_score,0,1781072721998,5.936198278527192
learn,EOPKG-WI,EOPKGTopologyConditionedWI,65820d654ea74559b1b19d0faa56202d,854778689611649472,_EOPKG_WI-UN-f1-5-67_loan_v1_v5_simulated_GATv2,_EOPKG_WI-UN-f1-5,67,train_candidate_pred_score,0,1781072721998,5.936198278527192
learn,EOPKG-WI,EOPKGTopologyConditionedWI,65820d654ea74559b1b19d0faa56202d,854778689611649472,_EOPKG_WI-UN-f1-5-67_loan_v1_v5_simulated_GATv2,_EOPKG_WI-UN-f1-5,67,train_candidate_pred_score,0,1781072816353,5.925682842636715
learn,EOPKG-WI,EOPKGTopologyConditionedWI,65820d654ea74559b1b19d0faa56202d,854778689611649472,_EOPKG_WI-UN-f1-5-67_loan_v1_v5_simulated_GATv2,_EOPKG_WI-UN-f1-5,67,train_candidate_pred_score,0,1781072816353,5.925682842636715
learn,EOPKG-WI,EOPKGTopologyConditionedWI,65820d654ea74559b1b19d0faa56202d,854778689611649472,_EOPKG_WI-UN-f1-5-67_loan_v1_v5_simulated_GATv2,_EOPKG_WI-UN-f1-5,67,train_candidate_pred_score,0,1781072910784,5.946692804084862
learn,EOPKG-WI,EOPKGTopologyConditionedWI,65820d654ea74559b1b19d0faa56202d,854778689611649472,_EOPKG_WI-UN-f1-5-67_loan_v1_v5_simulated_GATv2,_EOPKG_WI-UN-f1-5,67,train_candidate_pred_score,0,1781072910784,5.946692804084862
learn,EOPKG-WI,EOPKGTopologyConditionedWI,65820d654ea74559b1b19d0faa56202d,854778689611649472,_EOPKG_WI-UN-f1-5-67_loan_v1_v5_simulated_GATv2,_EOPKG_WI-UN-f1-5,67,train_candidate_pred_score,0,1781073007757,5.92305329418334
learn,EOPKG-WI,EOPKGTopologyConditionedWI,65820d654ea74559b1b19d0faa56202d,854778689611649472,_EOPKG_WI-UN-f1-5-67_loan_v1_v5_simulated_GATv2,_EOPKG_WI-UN-f1-5,67,train_candidate_pred_score,0,1781073007757,5.92305329418334
learn,EOPKG-WI,EOPKGTopologyConditionedWI,65820d654ea74559b1b19d0faa56202d,854778689611649472,_EOPKG_WI-UN-f1-5-67_loan_v1_v5_simulated_GATv2,_EOPKG_WI-UN-f1-5,67,train_candidate_pred_score,0,1781073103009,5.961988437725364
learn,EOPKG-WI,EOPKGTopologyConditionedWI,65820d654ea74559b1b19d0faa56202d,854778689611649472,_EOPKG_WI-UN-f1-5-67_loan_v1_v5_simulated_GATv2,_EOPKG_WI-UN-f1-5,67,train_candidate_pred_score,0,1781073103009,5.961988437725364
learn,EOPKG-WI,EOPKGTopologyConditionedWI,65820d654ea74559b1b19d0faa56202d,854778689611649472,_EOPKG_WI-UN-f1-5-67_loan_v1_v5_simulated_GATv2,_EOPKG_WI-UN-f1-5,67,train_candidate_pred_score,0,1781073198119,5.950007731281517
learn,EOPKG-WI,EOPKGTopologyConditionedWI,65820d654ea74559b1b19d0faa56202d,854778689611649472,_EOPKG_WI-UN-f1-5-67_loan_v1_v5_simulated_GATv2,_EOPKG_WI-UN-f1-5,67,train_candidate_pred_score,0,1781073198119,5.950007731281517
learn,EOPKG-WI,EOPKGTopologyConditionedWI,65820d654ea74559b1b19d0faa56202d,854778689611649472,_EOPKG_WI-UN-f1-5-67_loan_v1_v5_simulated_GATv2,_EOPKG_WI-UN-f1-5,67,train_candidate_pred_score,0,1781073292285,5.9379280921196145
learn,EOPKG-WI,EOPKGTopologyConditionedWI,65820d654ea74559b1b19d0faa56202d,854778689611649472,_EOPKG_WI-UN-f1-5-67_loan_v1_v5_simulated_GATv2,_EOPKG_WI-UN-f1-5,67,train_candidate_pred_score,0,1781073292285,5.9379280921196145
learn,EOPKG-WI,EOPKGTopologyConditionedWI,65820d654ea74559b1b19d0faa56202d,854778689611649472,_EOPKG_WI-UN-f1-5-67_loan_v1_v5_simulated_GATv2,_EOPKG_WI-UN-f1-5,67,train_candidate_pred_score,0,1781073386737,5.981111371081281
learn,EOPKG-WI,EOPKGTopologyConditionedWI,65820d654ea74559b1b19d0faa56202d,854778689611649472,_EOPKG_WI-UN-f1-5-67_loan_v1_v5_simulated_GATv2,_EOPKG_WI-UN-f1-5,67,train_candidate_pred_score,0,1781073386737,5.981111371081281
learn,EOPKG-WI,EOPKGTopologyConditionedWI,65820d654ea74559b1b19d0faa56202d,854778689611649472,_EOPKG_WI-UN-f1-5-67_loan_v1_v5_simulated_GATv2,_EOPKG_WI-UN-f1-5,67,train_candidate_pred_score,0,1781073481019,5.973269564927287
learn,EOPKG-WI,EOPKGTopologyConditionedWI,65820d654ea74559b1b19d0faa56202d,854778689611649472,_EOPKG_WI-UN-f1-5-67_loan_v1_v5_simulated_GATv2,_EOPKG_WI-UN-f1-5,67,train_candidate_pred_score,0,1781073481019,5.973269564927287
learn,EOPKG-WI,EOPKGTopologyConditionedWI,65820d654ea74559b1b19d0faa56202d,854778689611649472,_EOPKG_WI-UN-f1-5-67_loan_v1_v5_simulated_GATv2,_EOPKG_WI-UN-f1-5,67,train_candidate_pred_score,0,1781073575394,5.95575456967983
learn,EOPKG-WI,EOPKGTopologyConditionedWI,65820d654ea74559b1b19d0faa56202d,854778689611649472,_EOPKG_WI-UN-f1-5-67_loan_v1_v5_simulated_GATv2,_EOPKG_WI-UN-f1-5,67,train_candidate_pred_score,0,1781073575394,5.95575456967983
learn,EOPKG-WI,EOPKGTopologyConditionedWI,65820d654ea74559b1b19d0faa56202d,854778689611649472,_EOPKG_WI-UN-f1-5-67_loan_v1_v5_simulated_GATv2,_EOPKG_WI-UN-f1-5,67,train_candidate_pred_score,0,1781073669950,5.9664074931121975
learn,EOPKG-WI,EOPKGTopologyConditionedWI,65820d654ea74559b1b19d0faa56202d,854778689611649472,_EOPKG_WI-UN-f1-5-67_loan_v1_v5_simulated_GATv2,_EOPKG_WI-UN-f1-5,67,train_candidate_pred_score,0,1781073669950,5.9664074931121975
learn,EOPKG-WI,EOPKGTopologyConditionedWI,65820d654ea74559b1b19d0faa56202d,854778689611649472,_EOPKG_WI-UN-f1-5-67_loan_v1_v5_simulated_GATv2,_EOPKG_WI-UN-f1-5,67,train_candidate_pred_score,0,1781073764874,5.997553813249015
learn,EOPKG-WI,EOPKGTopologyConditionedWI,65820d654ea74559b1b19d0faa56202d,854778689611649472,_EOPKG_WI-UN-f1-5-67_loan_v1_v5_simulated_GATv2,_EOPKG_WI-UN-f1-5,67,train_candidate_pred_score,0,1781073764874,5.997553813249015
learn,EOPKG-WI,EOPKGTopologyConditionedWI,65820d654ea74559b1b19d0faa56202d,854778689611649472,_EOPKG_WI-UN-f1-5-67_loan_v1_v5_simulated_GATv2,_EOPKG_WI-UN-f1-5,67,train_candidate_pred_score,0,1781073861761,5.972761309582782
learn,EOPKG-WI,EOPKGTopologyConditionedWI,65820d654ea74559b1b19d0faa56202d,854778689611649472,_EOPKG_WI-UN-f1-5-67_loan_v1_v5_simulated_GATv2,_EOPKG_WI-UN-f1-5,67,train_candidate_pred_score,0,1781073861761,5.972761309582782
learn,EOPKG-WI,EOPKGTopologyConditionedWI,65820d654ea74559b1b19d0faa56202d,854778689611649472,_EOPKG_WI-UN-f1-5-67_loan_v1_v5_simulated_GATv2,_EOPKG_WI-UN-f1-5,67,train_candidate_pred_score,0,1781073956225,5.995488587547751
learn,EOPKG-WI,EOPKGTopologyConditionedWI,65820d654ea74559b1b19d0faa56202d,854778689611649472,_EOPKG_WI-UN-f1-5-67_loan_v1_v5_simulated_GATv2,_EOPKG_WI-UN-f1-5,67,train_candidate_pred_score,0,1781073956225,5.995488587547751
learn,EOPKG-WI,EOPKGTopologyConditionedWI,65820d654ea74559b1b19d0faa56202d,854778689611649472,_EOPKG_WI-UN-f1-5-67_loan_v1_v5_simulated_GATv2,_EOPKG_WI-UN-f1-5,67,train_candidate_pred_score,0,1781074051202,5.973626825123409
learn,EOPKG-WI,EOPKGTopologyConditionedWI,65820d654ea74559b1b19d0faa56202d,854778689611649472,_EOPKG_WI-UN-f1-5-67_loan_v1_v5_simulated_GATv2,_EOPKG_WI-UN-f1-5,67,train_candidate_pred_score,0,1781074051202,5.973626825123409
learn,EOPKG-WI,EOPKGTopologyConditionedWI,65820d654ea74559b1b19d0faa56202d,854778689611649472,_EOPKG_WI-UN-f1-5-67_loan_v1_v5_simulated_GATv2,_EOPKG_WI-UN-f1-5,67,train_candidate_pred_score,0,1781074145740,6.000189399112768
learn,EOPKG-WI,EOPKGTopologyConditionedWI,65820d654ea74559b1b19d0faa56202d,854778689611649472,_EOPKG_WI-UN-f1-5-67_loan_v1_v5_simulated_GATv2,_EOPKG_WI-UN-f1-5,67,train_candidate_pred_score,0,1781074145740,6.000189399112768
learn,EOPKG-WI,EOPKGTopologyConditionedWI,65820d654ea74559b1b19d0faa56202d,854778689611649472,_EOPKG_WI-UN-f1-5-67_loan_v1_v5_simulated_GATv2,_EOPKG_WI-UN-f1-5,67,train_candidate_pred_score,0,1781074240015,6.023771222331376
learn,EOPKG-WI,EOPKGTopologyConditionedWI,65820d654ea74559b1b19d0faa56202d,854778689611649472,_EOPKG_WI-UN-f1-5-67_loan_v1_v5_simulated_GATv2,_EOPKG_WI-UN-f1-5,67,train_candidate_pred_score,0,1781074240015,6.023771222331376
learn,EOPKG-WI,EOPKGTopologyConditionedWI,65820d654ea74559b1b19d0faa56202d,854778689611649472,_EOPKG_WI-UN-f1-5-67_loan_v1_v5_simulated_GATv2,_EOPKG_WI-UN-f1-5,67,train_candidate_pred_score,0,1781074335198,6.011896034871452
learn,EOPKG-WI,EOPKGTopologyConditionedWI,65820d654ea74559b1b19d0faa56202d,854778689611649472,_EOPKG_WI-UN-f1-5-67_loan_v1_v5_simulated_GATv2,_EOPKG_WI-UN-f1-5,67,train_candidate_pred_score,0,1781074335198,6.011896034871452
learn,EOPKG-WI,EOPKGTopologyConditionedWI,65820d654ea74559b1b19d0faa56202d,854778689611649472,_EOPKG_WI-UN-f1-5-67_loan_v1_v5_simulated_GATv2,_EOPKG_WI-UN-f1-5,67,train_candidate_pred_score,0,1781074430862,6.03005348366281
learn,EOPKG-WI,EOPKGTopologyConditionedWI,65820d654ea74559b1b19d0faa56202d,854778689611649472,_EOPKG_WI-UN-f1-5-67_loan_v1_v5_simulated_GATv2,_EOPKG_WI-UN-f1-5,67,train_candidate_pred_score,0,1781074430862,6.03005348366281
learn,EOPKG-WI,EOPKGTopologyConditionedWI,65820d654ea74559b1b19d0faa56202d,854778689611649472,_EOPKG_WI-UN-f1-5-67_loan_v1_v5_simulated_GATv2,_EOPKG_WI-UN-f1-5,67,train_candidate_pred_score,0,1781074525461,6.0166653593697115
learn,EOPKG-WI,EOPKGTopologyConditionedWI,65820d654ea74559b1b19d0faa56202d,854778689611649472,_EOPKG_WI-UN-f1-5-67_loan_v1_v5_simulated_GATv2,_EOPKG_WI-UN-f1-5,67,train_candidate_pred_score,0,1781074525461,6.0166653593697115
learn,EOPKG-WI,EOPKGTopologyConditionedWI,65820d654ea74559b1b19d0faa56202d,854778689611649472,_EOPKG_WI-UN-f1-5-67_loan_v1_v5_simulated_GATv2,_EOPKG_WI-UN-f1-5,67,train_candidate_pred_score,0,1781074620841,6.014308398781975
learn,EOPKG-WI,EOPKGTopologyConditionedWI,65820d654ea74559b1b19d0faa56202d,854778689611649472,_EOPKG_WI-UN-f1-5-67_loan_v1_v5_simulated_GATv2,_EOPKG_WI-UN-f1-5,67,train_candidate_pred_score,0,1781074620841,6.014308398781975
learn,EOPKG-WI,EOPKGTopologyConditionedWI,65820d654ea74559b1b19d0faa56202d,854778689611649472,_EOPKG_WI-UN-f1-5-67_loan_v1_v5_simulated_GATv2,_EOPKG_WI-UN-f1-5,67,train_candidate_pred_score,0,1781074714793,6.030419869718567
learn,EOPKG-WI,EOPKGTopologyConditionedWI,65820d654ea74559b1b19d0faa56202d,854778689611649472,_EOPKG_WI-UN-f1-5-67_loan_v1_v5_simulated_GATv2,_EOPKG_WI-UN-f1-5,67,train_candidate_pred_score,0,1781074714793,6.030419869718567
learn,EOPKG-WI,EOPKGTopologyConditionedWI,65820d654ea74559b1b19d0faa56202d,854778689611649472,_EOPKG_WI-UN-f1-5-67_loan_v1_v5_simulated_GATv2,_EOPKG_WI-UN-f1-5,67,train_candidate_pred_score,0,1781074810297,6.041904262973318
learn,EOPKG-WI,EOPKGTopologyConditionedWI,65820d654ea74559b1b19d0faa56202d,854778689611649472,_EOPKG_WI-UN-f1-5-67_loan_v1_v5_simulated_GATv2,_EOPKG_WI-UN-f1-5,67,train_candidate_pred_score,0,1781074810297,6.041904262973318
learn,EOPKG-WI,EOPKGTopologyConditionedWI,65820d654ea74559b1b19d0faa56202d,854778689611649472,_EOPKG_WI-UN-f1-5-67_loan_v1_v5_simulated_GATv2,_EOPKG_WI-UN-f1-5,67,train_candidate_pred_score,0,1781074904898,6.069942669193771
learn,EOPKG-WI,EOPKGTopologyConditionedWI,65820d654ea74559b1b19d0faa56202d,854778689611649472,_EOPKG_WI-UN-f1-5-67_loan_v1_v5_simulated_GATv2,_EOPKG_WI-UN-f1-5,67,train_candidate_pred_score,0,1781074904898,6.069942669193771
learn,EOPKG-WI,EOPKGTopologyConditionedWI,65820d654ea74559b1b19d0faa56202d,854778689611649472,_EOPKG_WI-UN-f1-5-67_loan_v1_v5_simulated_GATv2,_EOPKG_WI-UN-f1-5,67,train_candidate_pred_score,0,1781075000317,6.024122045604906
learn,EOPKG-WI,EOPKGTopologyConditionedWI,65820d654ea74559b1b19d0faa56202d,854778689611649472,_EOPKG_WI-UN-f1-5-67_loan_v1_v5_simulated_GATv2,_EOPKG_WI-UN-f1-5,67,train_candidate_pred_score,0,1781075000317,6.024122045604906
learn,EOPKG-WI,EOPKGTopologyConditionedWI,65820d654ea74559b1b19d0faa56202d,854778689611649472,_EOPKG_WI-UN-f1-5-67_loan_v1_v5_simulated_GATv2,_EOPKG_WI-UN-f1-5,67,train_candidate_pred_score,0,1781075095267,6.039331030580311
learn,EOPKG-WI,EOPKGTopologyConditionedWI,65820d654ea74559b1b19d0faa56202d,854778689611649472,_EOPKG_WI-UN-f1-5-67_loan_v1_v5_simulated_GATv2,_EOPKG_WI-UN-f1-5,67,train_candidate_pred_score,0,1781075095267,6.039331030580311
learn,EOPKG-WI,EOPKGTopologyConditionedWI,65820d654ea74559b1b19d0faa56202d,854778689611649472,_EOPKG_WI-UN-f1-5-67_loan_v1_v5_simulated_GATv2,_EOPKG_WI-UN-f1-5,67,train_candidate_pred_score,0,1781075189890,6.047299294100278
learn,EOPKG-WI,EOPKGTopologyConditionedWI,65820d654ea74559b1b19d0faa56202d,854778689611649472,_EOPKG_WI-UN-f1-5-67_loan_v1_v5_simulated_GATv2,_EOPKG_WI-UN-f1-5,67,train_candidate_pred_score,0,1781075189890,6.047299294100278
learn,EOPKG-WI,EOPKGTopologyConditionedWI,65820d654ea74559b1b19d0faa56202d,854778689611649472,_EOPKG_WI-UN-f1-5-67_loan_v1_v5_simulated_GATv2,_EOPKG_WI-UN-f1-5,67,train_candidate_pred_score,0,1781075284340,6.057235286421541
learn,EOPKG-WI,EOPKGTopologyConditionedWI,65820d654ea74559b1b19d0faa56202d,854778689611649472,_EOPKG_WI-UN-f1-5-67_loan_v1_v5_simulated_GATv2,_EOPKG_WI-UN-f1-5,67,train_candidate_pred_score,0,1781075284340,6.057235286421541
learn,EOPKG-WI,EOPKGTopologyConditionedWI,65820d654ea74559b1b19d0faa56202d,854778689611649472,_EOPKG_WI-UN-f1-5-67_loan_v1_v5_simulated_GATv2,_EOPKG_WI-UN-f1-5,67,train_candidate_pred_score,0,1781075378393,6.045980460314
learn,EOPKG-WI,EOPKGTopologyConditionedWI,65820d654ea74559b1b19d0faa56202d,854778689611649472,_EOPKG_WI-UN-f1-5-67_loan_v1_v5_simulated_GATv2,_EOPKG_WI-UN-f1-5,67,train_candidate_pred_score,0,1781075378393,6.045980460314
learn,EOPKG-WI,EOPKGTopologyConditionedWI,65820d654ea74559b1b19d0faa56202d,854778689611649472,_EOPKG_WI-UN-f1-5-67_loan_v1_v5_simulated_GATv2,_EOPKG_WI-UN-f1-5,67,train_candidate_pred_score,0,1781075473260,6.060927228063393
learn,EOPKG-WI,EOPKGTopologyConditionedWI,65820d654ea74559b1b19d0faa56202d,854778689611649472,_EOPKG_WI-UN-f1-5-67_loan_v1_v5_simulated_GATv2,_EOPKG_WI-UN-f1-5,67,train_candidate_pred_score,0,1781075473260,6.060927228063393
learn,EOPKG-WI,EOPKGTopologyConditionedWI,65820d654ea74559b1b19d0faa56202d,854778689611649472,_EOPKG_WI-UN-f1-5-67_loan_v1_v5_simulated_GATv2,_EOPKG_WI-UN-f1-5,67,train_candidate_pred_score,0,1781075568085,6.049422449072518
learn,EOPKG-WI,EOPKGTopologyConditionedWI,65820d654ea74559b1b19d0faa56202d,854778689611649472,_EOPKG_WI-UN-f1-5-67_loan_v1_v5_simulated_GATv2,_EOPKG_WI-UN-f1-5,67,train_candidate_pred_score,0,1781075568085,6.049422449072518
learn,EOPKG-WI,EOPKGTopologyConditionedWI,65820d654ea74559b1b19d0faa56202d,854778689611649472,_EOPKG_WI-UN-f1-5-67_loan_v1_v5_simulated_GATv2,_EOPKG_WI-UN-f1-5,67,train_candidate_pred_score,0,1781075670571,6.0593432750914165
learn,EOPKG-WI,EOPKGTopologyConditionedWI,65820d654ea74559b1b19d0faa56202d,854778689611649472,_EOPKG_WI-UN-f1-5-67_loan_v1_v5_simulated_GATv2,_EOPKG_WI-UN-f1-5,67,train_candidate_pred_score,0,1781075670571,6.0593432750914165
learn,EOPKG-WI,EOPKGTopologyConditionedWI,65820d654ea74559b1b19d0faa56202d,854778689611649472,_EOPKG_WI-UN-f1-5-67_loan_v1_v5_simulated_GATv2,_EOPKG_WI-UN-f1-5,67,train_candidate_pred_score,0,1781075766382,6.059563892255337
learn,EOPKG-WI,EOPKGTopologyConditionedWI,65820d654ea74559b1b19d0faa56202d,854778689611649472,_EOPKG_WI-UN-f1-5-67_loan_v1_v5_simulated_GATv2,_EOPKG_WI-UN-f1-5,67,train_candidate_pred_score,0,1781075766382,6.059563892255337
learn,EOPKG-WI,EOPKGTopologyConditionedWI,65820d654ea74559b1b19d0faa56202d,854778689611649472,_EOPKG_WI-UN-f1-5-67_loan_v1_v5_simulated_GATv2,_EOPKG_WI-UN-f1-5,67,train_candidate_pred_score,0,1781075861363,6.075645773513139
learn,EOPKG-WI,EOPKGTopologyConditionedWI,65820d654ea74559b1b19d0faa56202d,854778689611649472,_EOPKG_WI-UN-f1-5-67_loan_v1_v5_simulated_GATv2,_EOPKG_WI-UN-f1-5,67,train_candidate_pred_score,0,1781075861363,6.075645773513139
learn,EOPKG-WI,EOPKGTopologyConditionedWI,65820d654ea74559b1b19d0faa56202d,854778689611649472,_EOPKG_WI-UN-f1-5-67_loan_v1_v5_simulated_GATv2,_EOPKG_WI-UN-f1-5,67,train_candidate_pred_score,0,1781075955533,6.071269863929203
learn,EOPKG-WI,EOPKGTopologyConditionedWI,65820d654ea74559b1b19d0faa56202d,854778689611649472,_EOPKG_WI-UN-f1-5-67_loan_v1_v5_simulated_GATv2,_EOPKG_WI-UN-f1-5,67,train_candidate_pred_score,0,1781075955533,6.071269863929203
learn,EOPKG-WI,EOPKGTopologyConditionedWI,65820d654ea74559b1b19d0faa56202d,854778689611649472,_EOPKG_WI-UN-f1-5-67_loan_v1_v5_simulated_GATv2,_EOPKG_WI-UN-f1-5,67,train_candidate_pred_score,0,1781076050712,6.052017756979113
learn,EOPKG-WI,EOPKGTopologyConditionedWI,65820d654ea74559b1b19d0faa56202d,854778689611649472,_EOPKG_WI-UN-f1-5-67_loan_v1_v5_simulated_GATv2,_EOPKG_WI-UN-f1-5,67,train_candidate_pred_score,0,1781076050712,6.052017756979113
learn,EOPKG-WI,EOPKGTopologyConditionedWI,65820d654ea74559b1b19d0faa56202d,854778689611649472,_EOPKG_WI-UN-f1-5-67_loan_v1_v5_simulated_GATv2,_EOPKG_WI-UN-f1-5,67,train_candidate_pred_score,0,1781076145097,6.097433194067975
learn,EOPKG-WI,EOPKGTopologyConditionedWI,65820d654ea74559b1b19d0faa56202d,854778689611649472,_EOPKG_WI-UN-f1-5-67_loan_v1_v5_simulated_GATv2,_EOPKG_WI-UN-f1-5,67,train_candidate_pred_score,0,1781076145097,6.097433194067975
learn,EOPKG-WI,EOPKGTopologyConditionedWI,65820d654ea74559b1b19d0faa56202d,854778689611649472,_EOPKG_WI-UN-f1-5-67_loan_v1_v5_simulated_GATv2,_EOPKG_WI-UN-f1-5,67,train_candidate_pred_score,0,1781076241001,6.086871050120537
learn,EOPKG-WI,EOPKGTopologyConditionedWI,65820d654ea74559b1b19d0faa56202d,854778689611649472,_EOPKG_WI-UN-f1-5-67_loan_v1_v5_simulated_GATv2,_EOPKG_WI-UN-f1-5,67,train_candidate_pred_score,0,1781076241001,6.086871050120537
learn,EOPKG-WI,EOPKGTopologyConditionedWI,65820d654ea74559b1b19d0faa56202d,854778689611649472,_EOPKG_WI-UN-f1-5-67_loan_v1_v5_simulated_GATv2,_EOPKG_WI-UN-f1-5,67,train_candidate_pred_score,0,1781076335296,6.073510908360322
learn,EOPKG-WI,EOPKGTopologyConditionedWI,65820d654ea74559b1b19d0faa56202d,854778689611649472,_EOPKG_WI-UN-f1-5-67_loan_v1_v5_simulated_GATv2,_EOPKG_WI-UN-f1-5,67,train_candidate_pred_score,0,1781076335296,6.073510908360322
learn,EOPKG-WI,EOPKGTopologyConditionedWI,65820d654ea74559b1b19d0faa56202d,854778689611649472,_EOPKG_WI-UN-f1-5-67_loan_v1_v5_simulated_GATv2,_EOPKG_WI-UN-f1-5,67,train_candidate_pred_score,0,1781076429997,6.087101208576148
learn,EOPKG-WI,EOPKGTopologyConditionedWI,65820d654ea74559b1b19d0faa56202d,854778689611649472,_EOPKG_WI-UN-f1-5-67_loan_v1_v5_simulated_GATv2,_EOPKG_WI-UN-f1-5,67,train_candidate_pred_score,0,1781076429997,6.087101208576148
learn,EOPKG-WI,EOPKGTopologyConditionedWI,65820d654ea74559b1b19d0faa56202d,854778689611649472,_EOPKG_WI-UN-f1-5-67_loan_v1_v5_simulated_GATv2,_EOPKG_WI-UN-f1-5,67,train_candidate_pred_score,0,1781076528782,6.089015713556772
learn,EOPKG-WI,EOPKGTopologyConditionedWI,65820d654ea74559b1b19d0faa56202d,854778689611649472,_EOPKG_WI-UN-f1-5-67_loan_v1_v5_simulated_GATv2,_EOPKG_WI-UN-f1-5,67,train_candidate_pred_score,0,1781076528782,6.089015713556772
learn,EOPKG-WI,EOPKGTopologyConditionedWI,65820d654ea74559b1b19d0faa56202d,854778689611649472,_EOPKG_WI-UN-f1-5-67_loan_v1_v5_simulated_GATv2,_EOPKG_WI-UN-f1-5,67,train_candidate_pred_score,0,1781076623178,6.084758384049602
learn,EOPKG-WI,EOPKGTopologyConditionedWI,65820d654ea74559b1b19d0faa56202d,854778689611649472,_EOPKG_WI-UN-f1-5-67_loan_v1_v5_simulated_GATv2,_EOPKG_WI-UN-f1-5,67,train_candidate_pred_score,0,1781076623178,6.084758384049602
learn,EOPKG-WI,EOPKGTopologyConditionedWI,65820d654ea74559b1b19d0faa56202d,854778689611649472,_EOPKG_WI-UN-f1-5-67_loan_v1_v5_simulated_GATv2,_EOPKG_WI-UN-f1-5,67,train_candidate_pred_score,0,1781076718173,6.107876659387246
learn,EOPKG-WI,EOPKGTopologyConditionedWI,65820d654ea74559b1b19d0faa56202d,854778689611649472,_EOPKG_WI-UN-f1-5-67_loan_v1_v5_simulated_GATv2,_EOPKG_WI-UN-f1-5,67,train_candidate_pred_score,0,1781076718173,6.107876659387246
learn,EOPKG-WI,EOPKGTopologyConditionedWI,65820d654ea74559b1b19d0faa56202d,854778689611649472,_EOPKG_WI-UN-f1-5-67_loan_v1_v5_simulated_GATv2,_EOPKG_WI-UN-f1-5,67,train_candidate_pred_score,0,1781076873014,6.1135669429275685
learn,EOPKG-WI,EOPKGTopologyConditionedWI,65820d654ea74559b1b19d0faa56202d,854778689611649472,_EOPKG_WI-UN-f1-5-67_loan_v1_v5_simulated_GATv2,_EOPKG_WI-UN-f1-5,67,train_candidate_pred_score,0,1781076873014,6.1135669429275685
learn,EOPKG-WI,EOPKGTopologyConditionedWI,65820d654ea74559b1b19d0faa56202d,854778689611649472,_EOPKG_WI-UN-f1-5-67_loan_v1_v5_simulated_GATv2,_EOPKG_WI-UN-f1-5,67,train_candidate_pred_score,0,1781077000759,6.1081443871526915
learn,EOPKG-WI,EOPKGTopologyConditionedWI,65820d654ea74559b1b19d0faa56202d,854778689611649472,_EOPKG_WI-UN-f1-5-67_loan_v1_v5_simulated_GATv2,_EOPKG_WI-UN-f1-5,67,train_candidate_pred_score,0,1781077000759,6.1081443871526915
learn,EOPKG-WI,EOPKGTopologyConditionedWI,65820d654ea74559b1b19d0faa56202d,854778689611649472,_EOPKG_WI-UN-f1-5-67_loan_v1_v5_simulated_GATv2,_EOPKG_WI-UN-f1-5,67,train_candidate_pred_score,0,1781077135470,6.121753961748084
learn,EOPKG-WI,EOPKGTopologyConditionedWI,65820d654ea74559b1b19d0faa56202d,854778689611649472,_EOPKG_WI-UN-f1-5-67_loan_v1_v5_simulated_GATv2,_EOPKG_WI-UN-f1-5,67,train_candidate_pred_score,0,1781077135470,6.121753961748084
learn,EOPKG-WI,EOPKGTopologyConditionedWI,65820d654ea74559b1b19d0faa56202d,854778689611649472,_EOPKG_WI-UN-f1-5-67_loan_v1_v5_simulated_GATv2,_EOPKG_WI-UN-f1-5,67,train_candidate_pred_score,0,1781077257210,6.129067593803466
learn,EOPKG-WI,EOPKGTopologyConditionedWI,65820d654ea74559b1b19d0faa56202d,854778689611649472,_EOPKG_WI-UN-f1-5-67_loan_v1_v5_simulated_GATv2,_EOPKG_WI-UN-f1-5,67,train_candidate_pred_score,0,1781077257210,6.129067593803466
learn,EOPKG-WI,EOPKGTopologyConditionedWI,65820d654ea74559b1b19d0faa56202d,854778689611649472,_EOPKG_WI-UN-f1-5-67_loan_v1_v5_simulated_GATv2,_EOPKG_WI-UN-f1-5,67,train_candidate_pred_score,0,1781077381170,6.128167278247342
learn,EOPKG-WI,EOPKGTopologyConditionedWI,65820d654ea74559b1b19d0faa56202d,854778689611649472,_EOPKG_WI-UN-f1-5-67_loan_v1_v5_simulated_GATv2,_EOPKG_WI-UN-f1-5,67,train_candidate_pred_score,0,1781077381170,6.128167278247342
learn,EOPKG-WI,EOPKGTopologyConditionedWI,65820d654ea74559b1b19d0faa56202d,854778689611649472,_EOPKG_WI-UN-f1-5-67_loan_v1_v5_simulated_GATv2,_EOPKG_WI-UN-f1-5,67,train_candidate_pred_score,0,1781077496702,6.136831838489527
learn,EOPKG-WI,EOPKGTopologyConditionedWI,65820d654ea74559b1b19d0faa56202d,854778689611649472,_EOPKG_WI-UN-f1-5-67_loan_v1_v5_simulated_GATv2,_EOPKG_WI-UN-f1-5,67,train_candidate_pred_score,0,1781077496702,6.136831838489527
learn,EOPKG-WI,EOPKGTopologyConditionedWI,65820d654ea74559b1b19d0faa56202d,854778689611649472,_EOPKG_WI-UN-f1-5-67_loan_v1_v5_simulated_GATv2,_EOPKG_WI-UN-f1-5,67,train_candidate_pred_score,0,1781077611785,6.152041736960601
learn,EOPKG-WI,EOPKGTopologyConditionedWI,65820d654ea74559b1b19d0faa56202d,854778689611649472,_EOPKG_WI-UN-f1-5-67_loan_v1_v5_simulated_GATv2,_EOPKG_WI-UN-f1-5,67,train_candidate_pred_score,0,1781077611785,6.152041736960601
learn,EOPKG-WI,EOPKGTopologyConditionedWI,65820d654ea74559b1b19d0faa56202d,854778689611649472,_EOPKG_WI-UN-f1-5-67_loan_v1_v5_simulated_GATv2,_EOPKG_WI-UN-f1-5,67,train_candidate_pred_score,0,1781077745483,6.1332250634513334
learn,EOPKG-WI,EOPKGTopologyConditionedWI,65820d654ea74559b1b19d0faa56202d,854778689611649472,_EOPKG_WI-UN-f1-5-67_loan_v1_v5_simulated_GATv2,_EOPKG_WI-UN-f1-5,67,train_candidate_pred_score,0,1781077745483,6.1332250634513334
learn,EOPKG-WI,EOPKGTopologyConditionedWI,65820d654ea74559b1b19d0faa56202d,854778689611649472,_EOPKG_WI-UN-f1-5-67_loan_v1_v5_simulated_GATv2,_EOPKG_WI-UN-f1-5,67,train_candidate_pred_score,0,1781077868646,6.136560407465706
learn,EOPKG-WI,EOPKGTopologyConditionedWI,65820d654ea74559b1b19d0faa56202d,854778689611649472,_EOPKG_WI-UN-f1-5-67_loan_v1_v5_simulated_GATv2,_EOPKG_WI-UN-f1-5,67,train_candidate_pred_score,0,1781077868646,6.136560407465706
learn,EOPKG-WI,EOPKGTopologyConditionedWI,88e10c5c5b45467e935548e0decdf824,854778689611649472,_EOPKG_WI-UN-f1-5-78_loan_v1_v5_simulated_GATv2,_EOPKG_WI-UN-f1-5,78,train_candidate_pred_score,0,1781092062853,5.036101189250976
learn,EOPKG-WI,EOPKGTopologyConditionedWI,88e10c5c5b45467e935548e0decdf824,854778689611649472,_EOPKG_WI-UN-f1-5-78_loan_v1_v5_simulated_GATv2,_EOPKG_WI-UN-f1-5,78,train_candidate_pred_score,0,1781092062853,5.036101189250976
learn,EOPKG-WI,EOPKGTopologyConditionedWI,88e10c5c5b45467e935548e0decdf824,854778689611649472,_EOPKG_WI-UN-f1-5-78_loan_v1_v5_simulated_GATv2,_EOPKG_WI-UN-f1-5,78,train_candidate_pred_score,0,1781092210714,5.863014685141073
learn,EOPKG-WI,EOPKGTopologyConditionedWI,88e10c5c5b45467e935548e0decdf824,854778689611649472,_EOPKG_WI-UN-f1-5-78_loan_v1_v5_simulated_GATv2,_EOPKG_WI-UN-f1-5,78,train_candidate_pred_score,0,1781092210714,5.863014685141073
learn,EOPKG-WI,EOPKGTopologyConditionedWI,88e10c5c5b45467e935548e0decdf824,854778689611649472,_EOPKG_WI-UN-f1-5-78_loan_v1_v5_simulated_GATv2,_EOPKG_WI-UN-f1-5,78,train_candidate_pred_score,0,1781092323403,6.025963922752296
learn,EOPKG-WI,EOPKGTopologyConditionedWI,88e10c5c5b45467e935548e0decdf824,854778689611649472,_EOPKG_WI-UN-f1-5-78_loan_v1_v5_simulated_GATv2,_EOPKG_WI-UN-f1-5,78,train_candidate_pred_score,0,1781092323403,6.025963922752296
learn,EOPKG-WI,EOPKGTopologyConditionedWI,88e10c5c5b45467e935548e0decdf824,854778689611649472,_EOPKG_WI-UN-f1-5-78_loan_v1_v5_simulated_GATv2,_EOPKG_WI-UN-f1-5,78,train_candidate_pred_score,0,1781092443378,6.105593186304186
learn,EOPKG-WI,EOPKGTopologyConditionedWI,88e10c5c5b45467e935548e0decdf824,854778689611649472,_EOPKG_WI-UN-f1-5-78_loan_v1_v5_simulated_GATv2,_EOPKG_WI-UN-f1-5,78,train_candidate_pred_score,0,1781092443378,6.105593186304186
learn,EOPKG-WI,EOPKGTopologyConditionedWI,88e10c5c5b45467e935548e0decdf824,854778689611649472,_EOPKG_WI-UN-f1-5-78_loan_v1_v5_simulated_GATv2,_EOPKG_WI-UN-f1-5,78,train_candidate_pred_score,0,1781092567940,6.10461911563843
learn,EOPKG-WI,EOPKGTopologyConditionedWI,88e10c5c5b45467e935548e0decdf824,854778689611649472,_EOPKG_WI-UN-f1-5-78_loan_v1_v5_simulated_GATv2,_EOPKG_WI-UN-f1-5,78,train_candidate_pred_score,0,1781092567940,6.10461911563843
learn,EOPKG-WI,EOPKGTopologyConditionedWI,88e10c5c5b45467e935548e0decdf824,854778689611649472,_EOPKG_WI-UN-f1-5-78_loan_v1_v5_simulated_GATv2,_EOPKG_WI-UN-f1-5,78,train_candidate_pred_score,0,1781092680598,6.090083796951464
learn,EOPKG-WI,EOPKGTopologyConditionedWI,88e10c5c5b45467e935548e0decdf824,854778689611649472,_EOPKG_WI-UN-f1-5-78_loan_v1_v5_simulated_GATv2,_EOPKG_WI-UN-f1-5,78,train_candidate_pred_score,0,1781092680598,6.090083796951464
learn,EOPKG-WI,EOPKGTopologyConditionedWI,88e10c5c5b45467e935548e0decdf824,854778689611649472,_EOPKG_WI-UN-f1-5-78_loan_v1_v5_simulated_GATv2,_EOPKG_WI-UN-f1-5,78,train_candidate_pred_score,0,1781092793687,6.146177799030783
learn,EOPKG-WI,EOPKGTopologyConditionedWI,88e10c5c5b45467e935548e0decdf824,854778689611649472,_EOPKG_WI-UN-f1-5-78_loan_v1_v5_simulated_GATv2,_EOPKG_WI-UN-f1-5,78,train_candidate_pred_score,0,1781092793687,6.146177799030783
learn,EOPKG-WI,EOPKGTopologyConditionedWI,88e10c5c5b45467e935548e0decdf824,854778689611649472,_EOPKG_WI-UN-f1-5-78_loan_v1_v5_simulated_GATv2,_EOPKG_WI-UN-f1-5,78,train_candidate_pred_score,0,1781092915625,6.11437092600642
learn,EOPKG-WI,EOPKGTopologyConditionedWI,88e10c5c5b45467e935548e0decdf824,854778689611649472,_EOPKG_WI-UN-f1-5-78_loan_v1_v5_simulated_GATv2,_EOPKG_WI-UN-f1-5,78,train_candidate_pred_score,0,1781092915625,6.11437092600642
learn,EOPKG-WI,EOPKGTopologyConditionedWI,88e10c5c5b45467e935548e0decdf824,854778689611649472,_EOPKG_WI-UN-f1-5-78_loan_v1_v5_simulated_GATv2,_EOPKG_WI-UN-f1-5,78,train_candidate_pred_score,0,1781093033914,6.154072486349812
learn,EOPKG-WI,EOPKGTopologyConditionedWI,88e10c5c5b45467e935548e0decdf824,854778689611649472,_EOPKG_WI-UN-f1-5-78_loan_v1_v5_simulated_GATv2,_EOPKG_WI-UN-f1-5,78,train_candidate_pred_score,0,1781093033914,6.154072486349812
learn,EOPKG-WI,EOPKGTopologyConditionedWI,88e10c5c5b45467e935548e0decdf824,854778689611649472,_EOPKG_WI-UN-f1-5-78_loan_v1_v5_simulated_GATv2,_EOPKG_WI-UN-f1-5,78,train_candidate_pred_score,0,1781093150667,6.133369736148367
learn,EOPKG-WI,EOPKGTopologyConditionedWI,88e10c5c5b45467e935548e0decdf824,854778689611649472,_EOPKG_WI-UN-f1-5-78_loan_v1_v5_simulated_GATv2,_EOPKG_WI-UN-f1-5,78,train_candidate_pred_score,0,1781093150667,6.133369736148367
learn,EOPKG-WI,EOPKGTopologyConditionedWI,88e10c5c5b45467e935548e0decdf824,854778689611649472,_EOPKG_WI-UN-f1-5-78_loan_v1_v5_simulated_GATv2,_EOPKG_WI-UN-f1-5,78,train_candidate_pred_score,0,1781093258706,6.127463377147486
learn,EOPKG-WI,EOPKGTopologyConditionedWI,88e10c5c5b45467e935548e0decdf824,854778689611649472,_EOPKG_WI-UN-f1-5-78_loan_v1_v5_simulated_GATv2,_EOPKG_WI-UN-f1-5,78,train_candidate_pred_score,0,1781093258706,6.127463377147486
learn,EOPKG-WI,EOPKGTopologyConditionedWI,88e10c5c5b45467e935548e0decdf824,854778689611649472,_EOPKG_WI-UN-f1-5-78_loan_v1_v5_simulated_GATv2,_EOPKG_WI-UN-f1-5,78,train_candidate_pred_score,0,1781093361170,6.102894102257272
learn,EOPKG-WI,EOPKGTopologyConditionedWI,88e10c5c5b45467e935548e0decdf824,854778689611649472,_EOPKG_WI-UN-f1-5-78_loan_v1_v5_simulated_GATv2,_EOPKG_WI-UN-f1-5,78,train_candidate_pred_score,0,1781093361170,6.102894102257272
learn,EOPKG-WI,EOPKGTopologyConditionedWI,88e10c5c5b45467e935548e0decdf824,854778689611649472,_EOPKG_WI-UN-f1-5-78_loan_v1_v5_simulated_GATv2,_EOPKG_WI-UN-f1-5,78,train_candidate_pred_score,0,1781093463287,6.131657662566023
learn,EOPKG-WI,EOPKGTopologyConditionedWI,88e10c5c5b45467e935548e0decdf824,854778689611649472,_EOPKG_WI-UN-f1-5-78_loan_v1_v5_simulated_GATv2,_EOPKG_WI-UN-f1-5,78,train_candidate_pred_score,0,1781093463287,6.131657662566023
learn,EOPKG-WI,EOPKGTopologyConditionedWI,88e10c5c5b45467e935548e0decdf824,854778689611649472,_EOPKG_WI-UN-f1-5-78_loan_v1_v5_simulated_GATv2,_EOPKG_WI-UN-f1-5,78,train_candidate_pred_score,0,1781093575131,6.156352200076007
learn,EOPKG-WI,EOPKGTopologyConditionedWI,88e10c5c5b45467e935548e0decdf824,854778689611649472,_EOPKG_WI-UN-f1-5-78_loan_v1_v5_simulated_GATv2,_EOPKG_WI-UN-f1-5,78,train_candidate_pred_score,0,1781093575131,6.156352200076007
learn,EOPKG-WI,EOPKGTopologyConditionedWI,88e10c5c5b45467e935548e0decdf824,854778689611649472,_EOPKG_WI-UN-f1-5-78_loan_v1_v5_simulated_GATv2,_EOPKG_WI-UN-f1-5,78,train_candidate_pred_score,0,1781093684058,6.125625314697363
learn,EOPKG-WI,EOPKGTopologyConditionedWI,88e10c5c5b45467e935548e0decdf824,854778689611649472,_EOPKG_WI-UN-f1-5-78_loan_v1_v5_simulated_GATv2,_EOPKG_WI-UN-f1-5,78,train_candidate_pred_score,0,1781093684058,6.125625314697363
learn,EOPKG-WI,EOPKGTopologyConditionedWI,88e10c5c5b45467e935548e0decdf824,854778689611649472,_EOPKG_WI-UN-f1-5-78_loan_v1_v5_simulated_GATv2,_EOPKG_WI-UN-f1-5,78,train_candidate_pred_score,0,1781093798638,6.1080138869050575
learn,EOPKG-WI,EOPKGTopologyConditionedWI,88e10c5c5b45467e935548e0decdf824,854778689611649472,_EOPKG_WI-UN-f1-5-78_loan_v1_v5_simulated_GATv2,_EOPKG_WI-UN-f1-5,78,train_candidate_pred_score,0,1781093798638,6.1080138869050575
learn,EOPKG-WI,EOPKGTopologyConditionedWI,88e10c5c5b45467e935548e0decdf824,854778689611649472,_EOPKG_WI-UN-f1-5-78_loan_v1_v5_simulated_GATv2,_EOPKG_WI-UN-f1-5,78,train_candidate_pred_score,0,1781093927841,6.128400523636034
learn,EOPKG-WI,EOPKGTopologyConditionedWI,88e10c5c5b45467e935548e0decdf824,854778689611649472,_EOPKG_WI-UN-f1-5-78_loan_v1_v5_simulated_GATv2,_EOPKG_WI-UN-f1-5,78,train_candidate_pred_score,0,1781093927841,6.128400523636034
learn,EOPKG-WI,EOPKGTopologyConditionedWI,88e10c5c5b45467e935548e0decdf824,854778689611649472,_EOPKG_WI-UN-f1-5-78_loan_v1_v5_simulated_GATv2,_EOPKG_WI-UN-f1-5,78,train_candidate_pred_score,0,1781094041024,6.122624231256627
learn,EOPKG-WI,EOPKGTopologyConditionedWI,88e10c5c5b45467e935548e0decdf824,854778689611649472,_EOPKG_WI-UN-f1-5-78_loan_v1_v5_simulated_GATv2,_EOPKG_WI-UN-f1-5,78,train_candidate_pred_score,0,1781094041024,6.122624231256627
learn,EOPKG-WI,EOPKGTopologyConditionedWI,88e10c5c5b45467e935548e0decdf824,854778689611649472,_EOPKG_WI-UN-f1-5-78_loan_v1_v5_simulated_GATv2,_EOPKG_WI-UN-f1-5,78,train_candidate_pred_score,0,1781094183421,6.142951148113499
learn,EOPKG-WI,EOPKGTopologyConditionedWI,88e10c5c5b45467e935548e0decdf824,854778689611649472,_EOPKG_WI-UN-f1-5-78_loan_v1_v5_simulated_GATv2,_EOPKG_WI-UN-f1-5,78,train_candidate_pred_score,0,1781094183421,6.142951148113499
learn,EOPKG-WI,EOPKGTopologyConditionedWI,88e10c5c5b45467e935548e0decdf824,854778689611649472,_EOPKG_WI-UN-f1-5-78_loan_v1_v5_simulated_GATv2,_EOPKG_WI-UN-f1-5,78,train_candidate_pred_score,0,1781094357798,6.103503366722022
learn,EOPKG-WI,EOPKGTopologyConditionedWI,88e10c5c5b45467e935548e0decdf824,854778689611649472,_EOPKG_WI-UN-f1-5-78_loan_v1_v5_simulated_GATv2,_EOPKG_WI-UN-f1-5,78,train_candidate_pred_score,0,1781094357798,6.103503366722022
learn,EOPKG-WI,EOPKGTopologyConditionedWI,88e10c5c5b45467e935548e0decdf824,854778689611649472,_EOPKG_WI-UN-f1-5-78_loan_v1_v5_simulated_GATv2,_EOPKG_WI-UN-f1-5,78,train_candidate_pred_score,0,1781094544150,6.090190507649238
learn,EOPKG-WI,EOPKGTopologyConditionedWI,88e10c5c5b45467e935548e0decdf824,854778689611649472,_EOPKG_WI-UN-f1-5-78_loan_v1_v5_simulated_GATv2,_EOPKG_WI-UN-f1-5,78,train_candidate_pred_score,0,1781094544150,6.090190507649238
learn,EOPKG-WI,EOPKGTopologyConditionedWI,88e10c5c5b45467e935548e0decdf824,854778689611649472,_EOPKG_WI-UN-f1-5-78_loan_v1_v5_simulated_GATv2,_EOPKG_WI-UN-f1-5,78,train_candidate_pred_score,0,1781094709970,6.066307227069509
learn,EOPKG-WI,EOPKGTopologyConditionedWI,88e10c5c5b45467e935548e0decdf824,854778689611649472,_EOPKG_WI-UN-f1-5-78_loan_v1_v5_simulated_GATv2,_EOPKG_WI-UN-f1-5,78,train_candidate_pred_score,0,1781094709970,6.066307227069509
learn,EOPKG-WI,EOPKGTopologyConditionedWI,88e10c5c5b45467e935548e0decdf824,854778689611649472,_EOPKG_WI-UN-f1-5-78_loan_v1_v5_simulated_GATv2,_EOPKG_WI-UN-f1-5,78,train_candidate_pred_score,0,1781094824536,6.042249107209222
learn,EOPKG-WI,EOPKGTopologyConditionedWI,88e10c5c5b45467e935548e0decdf824,854778689611649472,_EOPKG_WI-UN-f1-5-78_loan_v1_v5_simulated_GATv2,_EOPKG_WI-UN-f1-5,78,train_candidate_pred_score,0,1781094824536,6.042249107209222
learn,EOPKG-WI,EOPKGTopologyConditionedWI,88e10c5c5b45467e935548e0decdf824,854778689611649472,_EOPKG_WI-UN-f1-5-78_loan_v1_v5_simulated_GATv2,_EOPKG_WI-UN-f1-5,78,train_candidate_pred_score,0,1781094946619,6.04030868700085
learn,EOPKG-WI,EOPKGTopologyConditionedWI,88e10c5c5b45467e935548e0decdf824,854778689611649472,_EOPKG_WI-UN-f1-5-78_loan_v1_v5_simulated_GATv2,_EOPKG_WI-UN-f1-5,78,train_candidate_pred_score,0,1781094946619,6.04030868700085
learn,EOPKG-WI,EOPKGTopologyConditionedWI,88e10c5c5b45467e935548e0decdf824,854778689611649472,_EOPKG_WI-UN-f1-5-78_loan_v1_v5_simulated_GATv2,_EOPKG_WI-UN-f1-5,78,train_candidate_pred_score,0,1781095065508,6.065365151494789
learn,EOPKG-WI,EOPKGTopologyConditionedWI,88e10c5c5b45467e935548e0decdf824,854778689611649472,_EOPKG_WI-UN-f1-5-78_loan_v1_v5_simulated_GATv2,_EOPKG_WI-UN-f1-5,78,train_candidate_pred_score,0,1781095065508,6.065365151494789
learn,EOPKG-WI,EOPKGTopologyConditionedWI,88e10c5c5b45467e935548e0decdf824,854778689611649472,_EOPKG_WI-UN-f1-5-78_loan_v1_v5_simulated_GATv2,_EOPKG_WI-UN-f1-5,78,train_candidate_pred_score,0,1781095197533,6.037081983775517
learn,EOPKG-WI,EOPKGTopologyConditionedWI,88e10c5c5b45467e935548e0decdf824,854778689611649472,_EOPKG_WI-UN-f1-5-78_loan_v1_v5_simulated_GATv2,_EOPKG_WI-UN-f1-5,78,train_candidate_pred_score,0,1781095197533,6.037081983775517
learn,EOPKG-WI,EOPKGTopologyConditionedWI,88e10c5c5b45467e935548e0decdf824,854778689611649472,_EOPKG_WI-UN-f1-5-78_loan_v1_v5_simulated_GATv2,_EOPKG_WI-UN-f1-5,78,train_candidate_pred_score,0,1781095304683,6.037351313380255
learn,EOPKG-WI,EOPKGTopologyConditionedWI,88e10c5c5b45467e935548e0decdf824,854778689611649472,_EOPKG_WI-UN-f1-5-78_loan_v1_v5_simulated_GATv2,_EOPKG_WI-UN-f1-5,78,train_candidate_pred_score,0,1781095304683,6.037351313380255
learn,EOPKG-WI,EOPKGTopologyConditionedWI,88e10c5c5b45467e935548e0decdf824,854778689611649472,_EOPKG_WI-UN-f1-5-78_loan_v1_v5_simulated_GATv2,_EOPKG_WI-UN-f1-5,78,train_candidate_pred_score,0,1781095407897,6.045583215540657
learn,EOPKG-WI,EOPKGTopologyConditionedWI,88e10c5c5b45467e935548e0decdf824,854778689611649472,_EOPKG_WI-UN-f1-5-78_loan_v1_v5_simulated_GATv2,_EOPKG_WI-UN-f1-5,78,train_candidate_pred_score,0,1781095407897,6.045583215540657
learn,EOPKG-WI,EOPKGTopologyConditionedWI,88e10c5c5b45467e935548e0decdf824,854778689611649472,_EOPKG_WI-UN-f1-5-78_loan_v1_v5_simulated_GATv2,_EOPKG_WI-UN-f1-5,78,train_candidate_pred_score,0,1781095511743,6.021712410810073
learn,EOPKG-WI,EOPKGTopologyConditionedWI,88e10c5c5b45467e935548e0decdf824,854778689611649472,_EOPKG_WI-UN-f1-5-78_loan_v1_v5_simulated_GATv2,_EOPKG_WI-UN-f1-5,78,train_candidate_pred_score,0,1781095511743,6.021712410810073
learn,EOPKG-WI,EOPKGTopologyConditionedWI,88e10c5c5b45467e935548e0decdf824,854778689611649472,_EOPKG_WI-UN-f1-5-78_loan_v1_v5_simulated_GATv2,_EOPKG_WI-UN-f1-5,78,train_candidate_pred_score,0,1781095612123,6.0024407702144265
learn,EOPKG-WI,EOPKGTopologyConditionedWI,88e10c5c5b45467e935548e0decdf824,854778689611649472,_EOPKG_WI-UN-f1-5-78_loan_v1_v5_simulated_GATv2,_EOPKG_WI-UN-f1-5,78,train_candidate_pred_score,0,1781095612123,6.0024407702144265
learn,EOPKG-WI,EOPKGTopologyConditionedWI,88e10c5c5b45467e935548e0decdf824,854778689611649472,_EOPKG_WI-UN-f1-5-78_loan_v1_v5_simulated_GATv2,_EOPKG_WI-UN-f1-5,78,train_candidate_pred_score,0,1781095711835,6.033532646009387
learn,EOPKG-WI,EOPKGTopologyConditionedWI,88e10c5c5b45467e935548e0decdf824,854778689611649472,_EOPKG_WI-UN-f1-5-78_loan_v1_v5_simulated_GATv2,_EOPKG_WI-UN-f1-5,78,train_candidate_pred_score,0,1781095711835,6.033532646009387
learn,EOPKG-WI,EOPKGTopologyConditionedWI,88e10c5c5b45467e935548e0decdf824,854778689611649472,_EOPKG_WI-UN-f1-5-78_loan_v1_v5_simulated_GATv2,_EOPKG_WI-UN-f1-5,78,train_candidate_pred_score,0,1781095811154,6.008686437136797
learn,EOPKG-WI,EOPKGTopologyConditionedWI,88e10c5c5b45467e935548e0decdf824,854778689611649472,_EOPKG_WI-UN-f1-5-78_loan_v1_v5_simulated_GATv2,_EOPKG_WI-UN-f1-5,78,train_candidate_pred_score,0,1781095811154,6.008686437136797
learn,EOPKG-WI,EOPKGTopologyConditionedWI,88e10c5c5b45467e935548e0decdf824,854778689611649472,_EOPKG_WI-UN-f1-5-78_loan_v1_v5_simulated_GATv2,_EOPKG_WI-UN-f1-5,78,train_candidate_pred_score,0,1781095909355,5.958887354179104
learn,EOPKG-WI,EOPKGTopologyConditionedWI,88e10c5c5b45467e935548e0decdf824,854778689611649472,_EOPKG_WI-UN-f1-5-78_loan_v1_v5_simulated_GATv2,_EOPKG_WI-UN-f1-5,78,train_candidate_pred_score,0,1781095909355,5.958887354179104
learn,EOPKG-WI,EOPKGTopologyConditionedWI,88e10c5c5b45467e935548e0decdf824,854778689611649472,_EOPKG_WI-UN-f1-5-78_loan_v1_v5_simulated_GATv2,_EOPKG_WI-UN-f1-5,78,train_candidate_pred_score,0,1781096007736,6.008303099482162
learn,EOPKG-WI,EOPKGTopologyConditionedWI,88e10c5c5b45467e935548e0decdf824,854778689611649472,_EOPKG_WI-UN-f1-5-78_loan_v1_v5_simulated_GATv2,_EOPKG_WI-UN-f1-5,78,train_candidate_pred_score,0,1781096007736,6.008303099482162
learn,EOPKG-WI,EOPKGTopologyConditionedWI,88e10c5c5b45467e935548e0decdf824,854778689611649472,_EOPKG_WI-UN-f1-5-78_loan_v1_v5_simulated_GATv2,_EOPKG_WI-UN-f1-5,78,train_candidate_pred_score,0,1781096106820,6.018464914755525
learn,EOPKG-WI,EOPKGTopologyConditionedWI,88e10c5c5b45467e935548e0decdf824,854778689611649472,_EOPKG_WI-UN-f1-5-78_loan_v1_v5_simulated_GATv2,_EOPKG_WI-UN-f1-5,78,train_candidate_pred_score,0,1781096106820,6.018464914755525
learn,EOPKG-WI,EOPKGTopologyConditionedWI,88e10c5c5b45467e935548e0decdf824,854778689611649472,_EOPKG_WI-UN-f1-5-78_loan_v1_v5_simulated_GATv2,_EOPKG_WI-UN-f1-5,78,train_candidate_pred_score,0,1781096206115,5.99865670424008
learn,EOPKG-WI,EOPKGTopologyConditionedWI,88e10c5c5b45467e935548e0decdf824,854778689611649472,_EOPKG_WI-UN-f1-5-78_loan_v1_v5_simulated_GATv2,_EOPKG_WI-UN-f1-5,78,train_candidate_pred_score,0,1781096206115,5.99865670424008
learn,EOPKG-WI,EOPKGTopologyConditionedWI,88e10c5c5b45467e935548e0decdf824,854778689611649472,_EOPKG_WI-UN-f1-5-78_loan_v1_v5_simulated_GATv2,_EOPKG_WI-UN-f1-5,78,train_candidate_pred_score,0,1781096304003,6.026539002010667
learn,EOPKG-WI,EOPKGTopologyConditionedWI,88e10c5c5b45467e935548e0decdf824,854778689611649472,_EOPKG_WI-UN-f1-5-78_loan_v1_v5_simulated_GATv2,_EOPKG_WI-UN-f1-5,78,train_candidate_pred_score,0,1781096304003,6.026539002010667
learn,EOPKG-WI,EOPKGTopologyConditionedWI,88e10c5c5b45467e935548e0decdf824,854778689611649472,_EOPKG_WI-UN-f1-5-78_loan_v1_v5_simulated_GATv2,_EOPKG_WI-UN-f1-5,78,train_candidate_pred_score,0,1781096402655,6.004157684944771
learn,EOPKG-WI,EOPKGTopologyConditionedWI,88e10c5c5b45467e935548e0decdf824,854778689611649472,_EOPKG_WI-UN-f1-5-78_loan_v1_v5_simulated_GATv2,_EOPKG_WI-UN-f1-5,78,train_candidate_pred_score,0,1781096402655,6.004157684944771
learn,EOPKG-WI,EOPKGTopologyConditionedWI,88e10c5c5b45467e935548e0decdf824,854778689611649472,_EOPKG_WI-UN-f1-5-78_loan_v1_v5_simulated_GATv2,_EOPKG_WI-UN-f1-5,78,train_candidate_pred_score,0,1781096501954,6.024518430706807
learn,EOPKG-WI,EOPKGTopologyConditionedWI,88e10c5c5b45467e935548e0decdf824,854778689611649472,_EOPKG_WI-UN-f1-5-78_loan_v1_v5_simulated_GATv2,_EOPKG_WI-UN-f1-5,78,train_candidate_pred_score,0,1781096501954,6.024518430706807
learn,EOPKG-WI,EOPKGTopologyConditionedWI,88e10c5c5b45467e935548e0decdf824,854778689611649472,_EOPKG_WI-UN-f1-5-78_loan_v1_v5_simulated_GATv2,_EOPKG_WI-UN-f1-5,78,train_candidate_pred_score,0,1781096600388,6.033727153875112
learn,EOPKG-WI,EOPKGTopologyConditionedWI,88e10c5c5b45467e935548e0decdf824,854778689611649472,_EOPKG_WI-UN-f1-5-78_loan_v1_v5_simulated_GATv2,_EOPKG_WI-UN-f1-5,78,train_candidate_pred_score,0,1781096600388,6.033727153875112
learn,EOPKG-WI,EOPKGTopologyConditionedWI,88e10c5c5b45467e935548e0decdf824,854778689611649472,_EOPKG_WI-UN-f1-5-78_loan_v1_v5_simulated_GATv2,_EOPKG_WI-UN-f1-5,78,train_candidate_pred_score,0,1781096699710,6.036010166040854
learn,EOPKG-WI,EOPKGTopologyConditionedWI,88e10c5c5b45467e935548e0decdf824,854778689611649472,_EOPKG_WI-UN-f1-5-78_loan_v1_v5_simulated_GATv2,_EOPKG_WI-UN-f1-5,78,train_candidate_pred_score,0,1781096699710,6.036010166040854
learn,EOPKG-WI,EOPKGTopologyConditionedWI,88e10c5c5b45467e935548e0decdf824,854778689611649472,_EOPKG_WI-UN-f1-5-78_loan_v1_v5_simulated_GATv2,_EOPKG_WI-UN-f1-5,78,train_candidate_pred_score,0,1781096798588,6.014776864377796
learn,EOPKG-WI,EOPKGTopologyConditionedWI,88e10c5c5b45467e935548e0decdf824,854778689611649472,_EOPKG_WI-UN-f1-5-78_loan_v1_v5_simulated_GATv2,_EOPKG_WI-UN-f1-5,78,train_candidate_pred_score,0,1781096798588,6.014776864377796
learn,EOPKG-WI,EOPKGTopologyConditionedWI,88e10c5c5b45467e935548e0decdf824,854778689611649472,_EOPKG_WI-UN-f1-5-78_loan_v1_v5_simulated_GATv2,_EOPKG_WI-UN-f1-5,78,train_candidate_pred_score,0,1781096897564,6.0293538445319586
learn,EOPKG-WI,EOPKGTopologyConditionedWI,88e10c5c5b45467e935548e0decdf824,854778689611649472,_EOPKG_WI-UN-f1-5-78_loan_v1_v5_simulated_GATv2,_EOPKG_WI-UN-f1-5,78,train_candidate_pred_score,0,1781096897564,6.0293538445319586
learn,EOPKG-WI,EOPKGTopologyConditionedWI,88e10c5c5b45467e935548e0decdf824,854778689611649472,_EOPKG_WI-UN-f1-5-78_loan_v1_v5_simulated_GATv2,_EOPKG_WI-UN-f1-5,78,train_candidate_pred_score,0,1781096996819,6.03673221045344
learn,EOPKG-WI,EOPKGTopologyConditionedWI,88e10c5c5b45467e935548e0decdf824,854778689611649472,_EOPKG_WI-UN-f1-5-78_loan_v1_v5_simulated_GATv2,_EOPKG_WI-UN-f1-5,78,train_candidate_pred_score,0,1781096996819,6.03673221045344
learn,EOPKG-WI,EOPKGTopologyConditionedWI,88e10c5c5b45467e935548e0decdf824,854778689611649472,_EOPKG_WI-UN-f1-5-78_loan_v1_v5_simulated_GATv2,_EOPKG_WI-UN-f1-5,78,train_candidate_pred_score,0,1781097095850,6.038283801419936
learn,EOPKG-WI,EOPKGTopologyConditionedWI,88e10c5c5b45467e935548e0decdf824,854778689611649472,_EOPKG_WI-UN-f1-5-78_loan_v1_v5_simulated_GATv2,_EOPKG_WI-UN-f1-5,78,train_candidate_pred_score,0,1781097095850,6.038283801419936
learn,EOPKG-WI,EOPKGTopologyConditionedWI,88e10c5c5b45467e935548e0decdf824,854778689611649472,_EOPKG_WI-UN-f1-5-78_loan_v1_v5_simulated_GATv2,_EOPKG_WI-UN-f1-5,78,train_candidate_pred_score,0,1781097196656,6.049100801561899
learn,EOPKG-WI,EOPKGTopologyConditionedWI,88e10c5c5b45467e935548e0decdf824,854778689611649472,_EOPKG_WI-UN-f1-5-78_loan_v1_v5_simulated_GATv2,_EOPKG_WI-UN-f1-5,78,train_candidate_pred_score,0,1781097196656,6.049100801561899
learn,EOPKG-WI,EOPKGTopologyConditionedWI,88e10c5c5b45467e935548e0decdf824,854778689611649472,_EOPKG_WI-UN-f1-5-78_loan_v1_v5_simulated_GATv2,_EOPKG_WI-UN-f1-5,78,train_candidate_pred_score,0,1781097296404,6.015281729554144
learn,EOPKG-WI,EOPKGTopologyConditionedWI,88e10c5c5b45467e935548e0decdf824,854778689611649472,_EOPKG_WI-UN-f1-5-78_loan_v1_v5_simulated_GATv2,_EOPKG_WI-UN-f1-5,78,train_candidate_pred_score,0,1781097296404,6.015281729554144
learn,EOPKG-WI,EOPKGTopologyConditionedWI,88e10c5c5b45467e935548e0decdf824,854778689611649472,_EOPKG_WI-UN-f1-5-78_loan_v1_v5_simulated_GATv2,_EOPKG_WI-UN-f1-5,78,train_candidate_pred_score,0,1781097396604,6.015404366916238
learn,EOPKG-WI,EOPKGTopologyConditionedWI,88e10c5c5b45467e935548e0decdf824,854778689611649472,_EOPKG_WI-UN-f1-5-78_loan_v1_v5_simulated_GATv2,_EOPKG_WI-UN-f1-5,78,train_candidate_pred_score,0,1781097396604,6.015404366916238
learn,EOPKG-WI,EOPKGTopologyConditionedWI,88e10c5c5b45467e935548e0decdf824,854778689611649472,_EOPKG_WI-UN-f1-5-78_loan_v1_v5_simulated_GATv2,_EOPKG_WI-UN-f1-5,78,train_candidate_pred_score,0,1781097495765,6.019949325506941
learn,EOPKG-WI,EOPKGTopologyConditionedWI,88e10c5c5b45467e935548e0decdf824,854778689611649472,_EOPKG_WI-UN-f1-5-78_loan_v1_v5_simulated_GATv2,_EOPKG_WI-UN-f1-5,78,train_candidate_pred_score,0,1781097495765,6.019949325506941
learn,EOPKG-WI,EOPKGTopologyConditionedWI,88e10c5c5b45467e935548e0decdf824,854778689611649472,_EOPKG_WI-UN-f1-5-78_loan_v1_v5_simulated_GATv2,_EOPKG_WI-UN-f1-5,78,train_candidate_pred_score,0,1781097595044,6.07317120699132
learn,EOPKG-WI,EOPKGTopologyConditionedWI,88e10c5c5b45467e935548e0decdf824,854778689611649472,_EOPKG_WI-UN-f1-5-78_loan_v1_v5_simulated_GATv2,_EOPKG_WI-UN-f1-5,78,train_candidate_pred_score,0,1781097595044,6.07317120699132
learn,EOPKG-WI,EOPKGTopologyConditionedWI,8d2a911a18bb4d61a536433690b744f0,854778689611649472,_EOPKG_WI-UN-f1-5-13_loan_v1_v5_simulated_GATv2,_EOPKG_WI-UN-f1-5,13,train_candidate_pred_score,0,1781078382872,4.95581193455452
learn,EOPKG-WI,EOPKGTopologyConditionedWI,8d2a911a18bb4d61a536433690b744f0,854778689611649472,_EOPKG_WI-UN-f1-5-13_loan_v1_v5_simulated_GATv2,_EOPKG_WI-UN-f1-5,13,train_candidate_pred_score,0,1781078382872,4.95581193455452
learn,EOPKG-WI,EOPKGTopologyConditionedWI,8d2a911a18bb4d61a536433690b744f0,854778689611649472,_EOPKG_WI-UN-f1-5-13_loan_v1_v5_simulated_GATv2,_EOPKG_WI-UN-f1-5,13,train_candidate_pred_score,0,1781078517974,5.715361205496735
learn,EOPKG-WI,EOPKGTopologyConditionedWI,8d2a911a18bb4d61a536433690b744f0,854778689611649472,_EOPKG_WI-UN-f1-5-13_loan_v1_v5_simulated_GATv2,_EOPKG_WI-UN-f1-5,13,train_candidate_pred_score,0,1781078517974,5.715361205496735
learn,EOPKG-WI,EOPKGTopologyConditionedWI,8d2a911a18bb4d61a536433690b744f0,854778689611649472,_EOPKG_WI-UN-f1-5-13_loan_v1_v5_simulated_GATv2,_EOPKG_WI-UN-f1-5,13,train_candidate_pred_score,0,1781078638654,5.882120060427958
learn,EOPKG-WI,EOPKGTopologyConditionedWI,8d2a911a18bb4d61a536433690b744f0,854778689611649472,_EOPKG_WI-UN-f1-5-13_loan_v1_v5_simulated_GATv2,_EOPKG_WI-UN-f1-5,13,train_candidate_pred_score,0,1781078638654,5.882120060427958
learn,EOPKG-WI,EOPKGTopologyConditionedWI,8d2a911a18bb4d61a536433690b744f0,854778689611649472,_EOPKG_WI-UN-f1-5-13_loan_v1_v5_simulated_GATv2,_EOPKG_WI-UN-f1-5,13,train_candidate_pred_score,0,1781078757699,5.942449202787706
learn,EOPKG-WI,EOPKGTopologyConditionedWI,8d2a911a18bb4d61a536433690b744f0,854778689611649472,_EOPKG_WI-UN-f1-5-13_loan_v1_v5_simulated_GATv2,_EOPKG_WI-UN-f1-5,13,train_candidate_pred_score,0,1781078757699,5.942449202787706
learn,EOPKG-WI,EOPKGTopologyConditionedWI,8d2a911a18bb4d61a536433690b744f0,854778689611649472,_EOPKG_WI-UN-f1-5-13_loan_v1_v5_simulated_GATv2,_EOPKG_WI-UN-f1-5,13,train_candidate_pred_score,0,1781078887386,6.00645012468905
learn,EOPKG-WI,EOPKGTopologyConditionedWI,8d2a911a18bb4d61a536433690b744f0,854778689611649472,_EOPKG_WI-UN-f1-5-13_loan_v1_v5_simulated_GATv2,_EOPKG_WI-UN-f1-5,13,train_candidate_pred_score,0,1781078887386,6.00645012468905
learn,EOPKG-WI,EOPKGTopologyConditionedWI,8d2a911a18bb4d61a536433690b744f0,854778689611649472,_EOPKG_WI-UN-f1-5-13_loan_v1_v5_simulated_GATv2,_EOPKG_WI-UN-f1-5,13,train_candidate_pred_score,0,1781078998733,5.994478578976873
learn,EOPKG-WI,EOPKGTopologyConditionedWI,8d2a911a18bb4d61a536433690b744f0,854778689611649472,_EOPKG_WI-UN-f1-5-13_loan_v1_v5_simulated_GATv2,_EOPKG_WI-UN-f1-5,13,train_candidate_pred_score,0,1781078998733,5.994478578976873
learn,EOPKG-WI,EOPKGTopologyConditionedWI,8d2a911a18bb4d61a536433690b744f0,854778689611649472,_EOPKG_WI-UN-f1-5-13_loan_v1_v5_simulated_GATv2,_EOPKG_WI-UN-f1-5,13,train_candidate_pred_score,0,1781079111655,6.006158846171369
learn,EOPKG-WI,EOPKGTopologyConditionedWI,8d2a911a18bb4d61a536433690b744f0,854778689611649472,_EOPKG_WI-UN-f1-5-13_loan_v1_v5_simulated_GATv2,_EOPKG_WI-UN-f1-5,13,train_candidate_pred_score,0,1781079111655,6.006158846171369
learn,EOPKG-WI,EOPKGTopologyConditionedWI,8d2a911a18bb4d61a536433690b744f0,854778689611649472,_EOPKG_WI-UN-f1-5-13_loan_v1_v5_simulated_GATv2,_EOPKG_WI-UN-f1-5,13,train_candidate_pred_score,0,1781079219520,6.005128426089385
learn,EOPKG-WI,EOPKGTopologyConditionedWI,8d2a911a18bb4d61a536433690b744f0,854778689611649472,_EOPKG_WI-UN-f1-5-13_loan_v1_v5_simulated_GATv2,_EOPKG_WI-UN-f1-5,13,train_candidate_pred_score,0,1781079219520,6.005128426089385
learn,EOPKG-WI,EOPKGTopologyConditionedWI,8d2a911a18bb4d61a536433690b744f0,854778689611649472,_EOPKG_WI-UN-f1-5-13_loan_v1_v5_simulated_GATv2,_EOPKG_WI-UN-f1-5,13,train_candidate_pred_score,0,1781079332810,6.0319658728206855
learn,EOPKG-WI,EOPKGTopologyConditionedWI,8d2a911a18bb4d61a536433690b744f0,854778689611649472,_EOPKG_WI-UN-f1-5-13_loan_v1_v5_simulated_GATv2,_EOPKG_WI-UN-f1-5,13,train_candidate_pred_score,0,1781079332810,6.0319658728206855
learn,EOPKG-WI,EOPKGTopologyConditionedWI,8d2a911a18bb4d61a536433690b744f0,854778689611649472,_EOPKG_WI-UN-f1-5-13_loan_v1_v5_simulated_GATv2,_EOPKG_WI-UN-f1-5,13,train_candidate_pred_score,0,1781079447146,6.008525520136701
learn,EOPKG-WI,EOPKGTopologyConditionedWI,8d2a911a18bb4d61a536433690b744f0,854778689611649472,_EOPKG_WI-UN-f1-5-13_loan_v1_v5_simulated_GATv2,_EOPKG_WI-UN-f1-5,13,train_candidate_pred_score,0,1781079447146,6.008525520136701
learn,EOPKG-WI,EOPKGTopologyConditionedWI,8d2a911a18bb4d61a536433690b744f0,854778689611649472,_EOPKG_WI-UN-f1-5-13_loan_v1_v5_simulated_GATv2,_EOPKG_WI-UN-f1-5,13,train_candidate_pred_score,0,1781079552152,5.997981125296394
learn,EOPKG-WI,EOPKGTopologyConditionedWI,8d2a911a18bb4d61a536433690b744f0,854778689611649472,_EOPKG_WI-UN-f1-5-13_loan_v1_v5_simulated_GATv2,_EOPKG_WI-UN-f1-5,13,train_candidate_pred_score,0,1781079552152,5.997981125296394
learn,EOPKG-WI,EOPKGTopologyConditionedWI,8d2a911a18bb4d61a536433690b744f0,854778689611649472,_EOPKG_WI-UN-f1-5-13_loan_v1_v5_simulated_GATv2,_EOPKG_WI-UN-f1-5,13,train_candidate_pred_score,0,1781079657267,5.990163477880966
learn,EOPKG-WI,EOPKGTopologyConditionedWI,8d2a911a18bb4d61a536433690b744f0,854778689611649472,_EOPKG_WI-UN-f1-5-13_loan_v1_v5_simulated_GATv2,_EOPKG_WI-UN-f1-5,13,train_candidate_pred_score,0,1781079657267,5.990163477880966
learn,EOPKG-WI,EOPKGTopologyConditionedWI,8d2a911a18bb4d61a536433690b744f0,854778689611649472,_EOPKG_WI-UN-f1-5-13_loan_v1_v5_simulated_GATv2,_EOPKG_WI-UN-f1-5,13,train_candidate_pred_score,0,1781079756664,6.002469147710998
learn,EOPKG-WI,EOPKGTopologyConditionedWI,8d2a911a18bb4d61a536433690b744f0,854778689611649472,_EOPKG_WI-UN-f1-5-13_loan_v1_v5_simulated_GATv2,_EOPKG_WI-UN-f1-5,13,train_candidate_pred_score,0,1781079756664,6.002469147710998
learn,EOPKG-WI,EOPKGTopologyConditionedWI,8d2a911a18bb4d61a536433690b744f0,854778689611649472,_EOPKG_WI-UN-f1-5-13_loan_v1_v5_simulated_GATv2,_EOPKG_WI-UN-f1-5,13,train_candidate_pred_score,0,1781079885433,6.004372448155535
learn,EOPKG-WI,EOPKGTopologyConditionedWI,8d2a911a18bb4d61a536433690b744f0,854778689611649472,_EOPKG_WI-UN-f1-5-13_loan_v1_v5_simulated_GATv2,_EOPKG_WI-UN-f1-5,13,train_candidate_pred_score,0,1781079885433,6.004372448155535
learn,EOPKG-WI,EOPKGTopologyConditionedWI,8d2a911a18bb4d61a536433690b744f0,854778689611649472,_EOPKG_WI-UN-f1-5-13_loan_v1_v5_simulated_GATv2,_EOPKG_WI-UN-f1-5,13,train_candidate_pred_score,0,1781080041783,5.972390794981455
learn,EOPKG-WI,EOPKGTopologyConditionedWI,8d2a911a18bb4d61a536433690b744f0,854778689611649472,_EOPKG_WI-UN-f1-5-13_loan_v1_v5_simulated_GATv2,_EOPKG_WI-UN-f1-5,13,train_candidate_pred_score,0,1781080041783,5.972390794981455
learn,EOPKG-WI,EOPKGTopologyConditionedWI,8d2a911a18bb4d61a536433690b744f0,854778689611649472,_EOPKG_WI-UN-f1-5-13_loan_v1_v5_simulated_GATv2,_EOPKG_WI-UN-f1-5,13,train_candidate_pred_score,0,1781080206198,5.961923540112324
learn,EOPKG-WI,EOPKGTopologyConditionedWI,8d2a911a18bb4d61a536433690b744f0,854778689611649472,_EOPKG_WI-UN-f1-5-13_loan_v1_v5_simulated_GATv2,_EOPKG_WI-UN-f1-5,13,train_candidate_pred_score,0,1781080206198,5.961923540112324
learn,EOPKG-WI,EOPKGTopologyConditionedWI,8d2a911a18bb4d61a536433690b744f0,854778689611649472,_EOPKG_WI-UN-f1-5-13_loan_v1_v5_simulated_GATv2,_EOPKG_WI-UN-f1-5,13,train_candidate_pred_score,0,1781080358208,5.986686644379778
learn,EOPKG-WI,EOPKGTopologyConditionedWI,8d2a911a18bb4d61a536433690b744f0,854778689611649472,_EOPKG_WI-UN-f1-5-13_loan_v1_v5_simulated_GATv2,_EOPKG_WI-UN-f1-5,13,train_candidate_pred_score,0,1781080358208,5.986686644379778
learn,EOPKG-WI,EOPKGTopologyConditionedWI,8d2a911a18bb4d61a536433690b744f0,854778689611649472,_EOPKG_WI-UN-f1-5-13_loan_v1_v5_simulated_GATv2,_EOPKG_WI-UN-f1-5,13,train_candidate_pred_score,0,1781080497415,5.958067201089783
learn,EOPKG-WI,EOPKGTopologyConditionedWI,8d2a911a18bb4d61a536433690b744f0,854778689611649472,_EOPKG_WI-UN-f1-5-13_loan_v1_v5_simulated_GATv2,_EOPKG_WI-UN-f1-5,13,train_candidate_pred_score,0,1781080497415,5.958067201089783
learn,EOPKG-WI,EOPKGTopologyConditionedWI,8d2a911a18bb4d61a536433690b744f0,854778689611649472,_EOPKG_WI-UN-f1-5-13_loan_v1_v5_simulated_GATv2,_EOPKG_WI-UN-f1-5,13,train_candidate_pred_score,0,1781080644802,5.952482479744382
learn,EOPKG-WI,EOPKGTopologyConditionedWI,8d2a911a18bb4d61a536433690b744f0,854778689611649472,_EOPKG_WI-UN-f1-5-13_loan_v1_v5_simulated_GATv2,_EOPKG_WI-UN-f1-5,13,train_candidate_pred_score,0,1781080644802,5.952482479744382
learn,EOPKG-WI,EOPKGTopologyConditionedWI,8d2a911a18bb4d61a536433690b744f0,854778689611649472,_EOPKG_WI-UN-f1-5-13_loan_v1_v5_simulated_GATv2,_EOPKG_WI-UN-f1-5,13,train_candidate_pred_score,0,1781080776762,5.938063983128825
learn,EOPKG-WI,EOPKGTopologyConditionedWI,8d2a911a18bb4d61a536433690b744f0,854778689611649472,_EOPKG_WI-UN-f1-5-13_loan_v1_v5_simulated_GATv2,_EOPKG_WI-UN-f1-5,13,train_candidate_pred_score,0,1781080776762,5.938063983128825
learn,EOPKG-WI,EOPKGTopologyConditionedWI,8d2a911a18bb4d61a536433690b744f0,854778689611649472,_EOPKG_WI-UN-f1-5-13_loan_v1_v5_simulated_GATv2,_EOPKG_WI-UN-f1-5,13,train_candidate_pred_score,0,1781080902517,5.9536080686390305
learn,EOPKG-WI,EOPKGTopologyConditionedWI,8d2a911a18bb4d61a536433690b744f0,854778689611649472,_EOPKG_WI-UN-f1-5-13_loan_v1_v5_simulated_GATv2,_EOPKG_WI-UN-f1-5,13,train_candidate_pred_score,0,1781080902517,5.9536080686390305
learn,EOPKG-WI,EOPKGTopologyConditionedWI,8d2a911a18bb4d61a536433690b744f0,854778689611649472,_EOPKG_WI-UN-f1-5-13_loan_v1_v5_simulated_GATv2,_EOPKG_WI-UN-f1-5,13,train_candidate_pred_score,0,1781081046109,5.938577481407808
learn,EOPKG-WI,EOPKGTopologyConditionedWI,8d2a911a18bb4d61a536433690b744f0,854778689611649472,_EOPKG_WI-UN-f1-5-13_loan_v1_v5_simulated_GATv2,_EOPKG_WI-UN-f1-5,13,train_candidate_pred_score,0,1781081046109,5.938577481407808
learn,EOPKG-WI,EOPKGTopologyConditionedWI,8d2a911a18bb4d61a536433690b744f0,854778689611649472,_EOPKG_WI-UN-f1-5-13_loan_v1_v5_simulated_GATv2,_EOPKG_WI-UN-f1-5,13,train_candidate_pred_score,0,1781081184705,5.892779401072637
learn,EOPKG-WI,EOPKGTopologyConditionedWI,8d2a911a18bb4d61a536433690b744f0,854778689611649472,_EOPKG_WI-UN-f1-5-13_loan_v1_v5_simulated_GATv2,_EOPKG_WI-UN-f1-5,13,train_candidate_pred_score,0,1781081184705,5.892779401072637
learn,EOPKG-WI,EOPKGTopologyConditionedWI,8d2a911a18bb4d61a536433690b744f0,854778689611649472,_EOPKG_WI-UN-f1-5-13_loan_v1_v5_simulated_GATv2,_EOPKG_WI-UN-f1-5,13,train_candidate_pred_score,0,1781081333275,5.952021577589463
learn,EOPKG-WI,EOPKGTopologyConditionedWI,8d2a911a18bb4d61a536433690b744f0,854778689611649472,_EOPKG_WI-UN-f1-5-13_loan_v1_v5_simulated_GATv2,_EOPKG_WI-UN-f1-5,13,train_candidate_pred_score,0,1781081333275,5.952021577589463
learn,EOPKG-WI,EOPKGTopologyConditionedWI,8d2a911a18bb4d61a536433690b744f0,854778689611649472,_EOPKG_WI-UN-f1-5-13_loan_v1_v5_simulated_GATv2,_EOPKG_WI-UN-f1-5,13,train_candidate_pred_score,0,1781081467147,5.933608068760325
learn,EOPKG-WI,EOPKGTopologyConditionedWI,8d2a911a18bb4d61a536433690b744f0,854778689611649472,_EOPKG_WI-UN-f1-5-13_loan_v1_v5_simulated_GATv2,_EOPKG_WI-UN-f1-5,13,train_candidate_pred_score,0,1781081467147,5.933608068760325
learn,EOPKG-WI,EOPKGTopologyConditionedWI,8d2a911a18bb4d61a536433690b744f0,854778689611649472,_EOPKG_WI-UN-f1-5-13_loan_v1_v5_simulated_GATv2,_EOPKG_WI-UN-f1-5,13,train_candidate_pred_score,0,1781081582893,5.915716698893682
learn,EOPKG-WI,EOPKGTopologyConditionedWI,8d2a911a18bb4d61a536433690b744f0,854778689611649472,_EOPKG_WI-UN-f1-5-13_loan_v1_v5_simulated_GATv2,_EOPKG_WI-UN-f1-5,13,train_candidate_pred_score,0,1781081582893,5.915716698893682
learn,EOPKG-WI,EOPKGTopologyConditionedWI,8d2a911a18bb4d61a536433690b744f0,854778689611649472,_EOPKG_WI-UN-f1-5-13_loan_v1_v5_simulated_GATv2,_EOPKG_WI-UN-f1-5,13,train_candidate_pred_score,0,1781081725497,5.962172895622556
learn,EOPKG-WI,EOPKGTopologyConditionedWI,8d2a911a18bb4d61a536433690b744f0,854778689611649472,_EOPKG_WI-UN-f1-5-13_loan_v1_v5_simulated_GATv2,_EOPKG_WI-UN-f1-5,13,train_candidate_pred_score,0,1781081725497,5.962172895622556
learn,EOPKG-WI,EOPKGTopologyConditionedWI,8d2a911a18bb4d61a536433690b744f0,854778689611649472,_EOPKG_WI-UN-f1-5-13_loan_v1_v5_simulated_GATv2,_EOPKG_WI-UN-f1-5,13,train_candidate_pred_score,0,1781081837643,5.94491979010723
learn,EOPKG-WI,EOPKGTopologyConditionedWI,8d2a911a18bb4d61a536433690b744f0,854778689611649472,_EOPKG_WI-UN-f1-5-13_loan_v1_v5_simulated_GATv2,_EOPKG_WI-UN-f1-5,13,train_candidate_pred_score,0,1781081837643,5.94491979010723
learn,EOPKG-WI,EOPKGTopologyConditionedWI,8d2a911a18bb4d61a536433690b744f0,854778689611649472,_EOPKG_WI-UN-f1-5-13_loan_v1_v5_simulated_GATv2,_EOPKG_WI-UN-f1-5,13,train_candidate_pred_score,0,1781081952285,5.9057819740950395
learn,EOPKG-WI,EOPKGTopologyConditionedWI,8d2a911a18bb4d61a536433690b744f0,854778689611649472,_EOPKG_WI-UN-f1-5-13_loan_v1_v5_simulated_GATv2,_EOPKG_WI-UN-f1-5,13,train_candidate_pred_score,0,1781081952285,5.9057819740950395
learn,EOPKG-WI,EOPKGTopologyConditionedWI,8d2a911a18bb4d61a536433690b744f0,854778689611649472,_EOPKG_WI-UN-f1-5-13_loan_v1_v5_simulated_GATv2,_EOPKG_WI-UN-f1-5,13,train_candidate_pred_score,0,1781082063581,5.917276905526797
learn,EOPKG-WI,EOPKGTopologyConditionedWI,8d2a911a18bb4d61a536433690b744f0,854778689611649472,_EOPKG_WI-UN-f1-5-13_loan_v1_v5_simulated_GATv2,_EOPKG_WI-UN-f1-5,13,train_candidate_pred_score,0,1781082063581,5.917276905526797
learn,EOPKG-WI,EOPKGTopologyConditionedWI,8d2a911a18bb4d61a536433690b744f0,854778689611649472,_EOPKG_WI-UN-f1-5-13_loan_v1_v5_simulated_GATv2,_EOPKG_WI-UN-f1-5,13,train_candidate_pred_score,0,1781082168727,5.949039141589773
learn,EOPKG-WI,EOPKGTopologyConditionedWI,8d2a911a18bb4d61a536433690b744f0,854778689611649472,_EOPKG_WI-UN-f1-5-13_loan_v1_v5_simulated_GATv2,_EOPKG_WI-UN-f1-5,13,train_candidate_pred_score,0,1781082168727,5.949039141589773
learn,EOPKG-WI,EOPKGTopologyConditionedWI,8d2a911a18bb4d61a536433690b744f0,854778689611649472,_EOPKG_WI-UN-f1-5-13_loan_v1_v5_simulated_GATv2,_EOPKG_WI-UN-f1-5,13,train_candidate_pred_score,0,1781082275221,5.935876117033117
learn,EOPKG-WI,EOPKGTopologyConditionedWI,8d2a911a18bb4d61a536433690b744f0,854778689611649472,_EOPKG_WI-UN-f1-5-13_loan_v1_v5_simulated_GATv2,_EOPKG_WI-UN-f1-5,13,train_candidate_pred_score,0,1781082275221,5.935876117033117
learn,EOPKG-WI,EOPKGTopologyConditionedWI,8d2a911a18bb4d61a536433690b744f0,854778689611649472,_EOPKG_WI-UN-f1-5-13_loan_v1_v5_simulated_GATv2,_EOPKG_WI-UN-f1-5,13,train_candidate_pred_score,0,1781082378240,5.942723229503783
learn,EOPKG-WI,EOPKGTopologyConditionedWI,8d2a911a18bb4d61a536433690b744f0,854778689611649472,_EOPKG_WI-UN-f1-5-13_loan_v1_v5_simulated_GATv2,_EOPKG_WI-UN-f1-5,13,train_candidate_pred_score,0,1781082378240,5.942723229503783
learn,EOPKG-WI,EOPKGTopologyConditionedWI,8d2a911a18bb4d61a536433690b744f0,854778689611649472,_EOPKG_WI-UN-f1-5-13_loan_v1_v5_simulated_GATv2,_EOPKG_WI-UN-f1-5,13,train_candidate_pred_score,0,1781082478750,5.952540074698686
learn,EOPKG-WI,EOPKGTopologyConditionedWI,8d2a911a18bb4d61a536433690b744f0,854778689611649472,_EOPKG_WI-UN-f1-5-13_loan_v1_v5_simulated_GATv2,_EOPKG_WI-UN-f1-5,13,train_candidate_pred_score,0,1781082478750,5.952540074698686
learn,EOPKG-WI,EOPKGTopologyConditionedWI,8d2a911a18bb4d61a536433690b744f0,854778689611649472,_EOPKG_WI-UN-f1-5-13_loan_v1_v5_simulated_GATv2,_EOPKG_WI-UN-f1-5,13,train_candidate_pred_score,0,1781082578590,5.956654119567386
learn,EOPKG-WI,EOPKGTopologyConditionedWI,8d2a911a18bb4d61a536433690b744f0,854778689611649472,_EOPKG_WI-UN-f1-5-13_loan_v1_v5_simulated_GATv2,_EOPKG_WI-UN-f1-5,13,train_candidate_pred_score,0,1781082578590,5.956654119567386
learn,EOPKG-WI,EOPKGTopologyConditionedWI,8d2a911a18bb4d61a536433690b744f0,854778689611649472,_EOPKG_WI-UN-f1-5-13_loan_v1_v5_simulated_GATv2,_EOPKG_WI-UN-f1-5,13,train_candidate_pred_score,0,1781082678183,5.973636354285697
learn,EOPKG-WI,EOPKGTopologyConditionedWI,8d2a911a18bb4d61a536433690b744f0,854778689611649472,_EOPKG_WI-UN-f1-5-13_loan_v1_v5_simulated_GATv2,_EOPKG_WI-UN-f1-5,13,train_candidate_pred_score,0,1781082678183,5.973636354285697
learn,EOPKG-WI,EOPKGTopologyConditionedWI,8d2a911a18bb4d61a536433690b744f0,854778689611649472,_EOPKG_WI-UN-f1-5-13_loan_v1_v5_simulated_GATv2,_EOPKG_WI-UN-f1-5,13,train_candidate_pred_score,0,1781082779679,5.980078812433919
learn,EOPKG-WI,EOPKGTopologyConditionedWI,8d2a911a18bb4d61a536433690b744f0,854778689611649472,_EOPKG_WI-UN-f1-5-13_loan_v1_v5_simulated_GATv2,_EOPKG_WI-UN-f1-5,13,train_candidate_pred_score,0,1781082779679,5.980078812433919
learn,EOPKG-WI,EOPKGTopologyConditionedWI,8d2a911a18bb4d61a536433690b744f0,854778689611649472,_EOPKG_WI-UN-f1-5-13_loan_v1_v5_simulated_GATv2,_EOPKG_WI-UN-f1-5,13,train_candidate_pred_score,0,1781082882399,5.945124871021992
learn,EOPKG-WI,EOPKGTopologyConditionedWI,8d2a911a18bb4d61a536433690b744f0,854778689611649472,_EOPKG_WI-UN-f1-5-13_loan_v1_v5_simulated_GATv2,_EOPKG_WI-UN-f1-5,13,train_candidate_pred_score,0,1781082882399,5.945124871021992
learn,EOPKG-WI,EOPKGTopologyConditionedWI,8d2a911a18bb4d61a536433690b744f0,854778689611649472,_EOPKG_WI-UN-f1-5-13_loan_v1_v5_simulated_GATv2,_EOPKG_WI-UN-f1-5,13,train_candidate_pred_score,0,1781082983392,5.963847121676883
learn,EOPKG-WI,EOPKGTopologyConditionedWI,8d2a911a18bb4d61a536433690b744f0,854778689611649472,_EOPKG_WI-UN-f1-5-13_loan_v1_v5_simulated_GATv2,_EOPKG_WI-UN-f1-5,13,train_candidate_pred_score,0,1781082983392,5.963847121676883
learn,EOPKG-WI,EOPKGTopologyConditionedWI,8d2a911a18bb4d61a536433690b744f0,854778689611649472,_EOPKG_WI-UN-f1-5-13_loan_v1_v5_simulated_GATv2,_EOPKG_WI-UN-f1-5,13,train_candidate_pred_score,0,1781083082596,5.94918363916855
learn,EOPKG-WI,EOPKGTopologyConditionedWI,8d2a911a18bb4d61a536433690b744f0,854778689611649472,_EOPKG_WI-UN-f1-5-13_loan_v1_v5_simulated_GATv2,_EOPKG_WI-UN-f1-5,13,train_candidate_pred_score,0,1781083082596,5.94918363916855
learn,EOPKG-WI,EOPKGTopologyConditionedWI,8d2a911a18bb4d61a536433690b744f0,854778689611649472,_EOPKG_WI-UN-f1-5-13_loan_v1_v5_simulated_GATv2,_EOPKG_WI-UN-f1-5,13,train_candidate_pred_score,0,1781083177804,5.983844320421568
learn,EOPKG-WI,EOPKGTopologyConditionedWI,8d2a911a18bb4d61a536433690b744f0,854778689611649472,_EOPKG_WI-UN-f1-5-13_loan_v1_v5_simulated_GATv2,_EOPKG_WI-UN-f1-5,13,train_candidate_pred_score,0,1781083177804,5.983844320421568
learn,EOPKG-WI,EOPKGTopologyConditionedWI,8d2a911a18bb4d61a536433690b744f0,854778689611649472,_EOPKG_WI-UN-f1-5-13_loan_v1_v5_simulated_GATv2,_EOPKG_WI-UN-f1-5,13,train_candidate_pred_score,0,1781083276024,5.955540465247271
learn,EOPKG-WI,EOPKGTopologyConditionedWI,8d2a911a18bb4d61a536433690b744f0,854778689611649472,_EOPKG_WI-UN-f1-5-13_loan_v1_v5_simulated_GATv2,_EOPKG_WI-UN-f1-5,13,train_candidate_pred_score,0,1781083276024,5.955540465247271
learn,EOPKG-WI,EOPKGTopologyConditionedWI,8d2a911a18bb4d61a536433690b744f0,854778689611649472,_EOPKG_WI-UN-f1-5-13_loan_v1_v5_simulated_GATv2,_EOPKG_WI-UN-f1-5,13,train_candidate_pred_score,0,1781083373763,5.989432505469633
learn,EOPKG-WI,EOPKGTopologyConditionedWI,8d2a911a18bb4d61a536433690b744f0,854778689611649472,_EOPKG_WI-UN-f1-5-13_loan_v1_v5_simulated_GATv2,_EOPKG_WI-UN-f1-5,13,train_candidate_pred_score,0,1781083373763,5.989432505469633
learn,EOPKG-WI,EOPKGTopologyConditionedWI,8d2a911a18bb4d61a536433690b744f0,854778689611649472,_EOPKG_WI-UN-f1-5-13_loan_v1_v5_simulated_GATv2,_EOPKG_WI-UN-f1-5,13,train_candidate_pred_score,0,1781083469832,5.968071979255858
learn,EOPKG-WI,EOPKGTopologyConditionedWI,8d2a911a18bb4d61a536433690b744f0,854778689611649472,_EOPKG_WI-UN-f1-5-13_loan_v1_v5_simulated_GATv2,_EOPKG_WI-UN-f1-5,13,train_candidate_pred_score,0,1781083469832,5.968071979255858
learn,EOPKG-WI,EOPKGTopologyConditionedWI,8d2a911a18bb4d61a536433690b744f0,854778689611649472,_EOPKG_WI-UN-f1-5-13_loan_v1_v5_simulated_GATv2,_EOPKG_WI-UN-f1-5,13,train_candidate_pred_score,0,1781083590077,5.973869118288704
learn,EOPKG-WI,EOPKGTopologyConditionedWI,8d2a911a18bb4d61a536433690b744f0,854778689611649472,_EOPKG_WI-UN-f1-5-13_loan_v1_v5_simulated_GATv2,_EOPKG_WI-UN-f1-5,13,train_candidate_pred_score,0,1781083590077,5.973869118288704
learn,EOPKG-WI,EOPKGTopologyConditionedWI,8d2a911a18bb4d61a536433690b744f0,854778689611649472,_EOPKG_WI-UN-f1-5-13_loan_v1_v5_simulated_GATv2,_EOPKG_WI-UN-f1-5,13,train_candidate_pred_score,0,1781083696531,5.955662188355608
learn,EOPKG-WI,EOPKGTopologyConditionedWI,8d2a911a18bb4d61a536433690b744f0,854778689611649472,_EOPKG_WI-UN-f1-5-13_loan_v1_v5_simulated_GATv2,_EOPKG_WI-UN-f1-5,13,train_candidate_pred_score,0,1781083696531,5.955662188355608
learn,EOPKG-WI,EOPKGTopologyConditionedWI,8d2a911a18bb4d61a536433690b744f0,854778689611649472,_EOPKG_WI-UN-f1-5-13_loan_v1_v5_simulated_GATv2,_EOPKG_WI-UN-f1-5,13,train_candidate_pred_score,0,1781083825759,5.968302720680904
learn,EOPKG-WI,EOPKGTopologyConditionedWI,8d2a911a18bb4d61a536433690b744f0,854778689611649472,_EOPKG_WI-UN-f1-5-13_loan_v1_v5_simulated_GATv2,_EOPKG_WI-UN-f1-5,13,train_candidate_pred_score,0,1781083825759,5.968302720680904
learn,EOPKG-WI,EOPKGTopologyConditionedWI,8d2a911a18bb4d61a536433690b744f0,854778689611649472,_EOPKG_WI-UN-f1-5-13_loan_v1_v5_simulated_GATv2,_EOPKG_WI-UN-f1-5,13,train_candidate_pred_score,0,1781083945408,5.9802172445530735
learn,EOPKG-WI,EOPKGTopologyConditionedWI,8d2a911a18bb4d61a536433690b744f0,854778689611649472,_EOPKG_WI-UN-f1-5-13_loan_v1_v5_simulated_GATv2,_EOPKG_WI-UN-f1-5,13,train_candidate_pred_score,0,1781083945408,5.9802172445530735
learn,EOPKG-WI,EOPKGTopologyConditionedWI,8d2a911a18bb4d61a536433690b744f0,854778689611649472,_EOPKG_WI-UN-f1-5-13_loan_v1_v5_simulated_GATv2,_EOPKG_WI-UN-f1-5,13,train_candidate_pred_score,0,1781084069050,5.971326593753833
learn,EOPKG-WI,EOPKGTopologyConditionedWI,8d2a911a18bb4d61a536433690b744f0,854778689611649472,_EOPKG_WI-UN-f1-5-13_loan_v1_v5_simulated_GATv2,_EOPKG_WI-UN-f1-5,13,train_candidate_pred_score,0,1781084069050,5.971326593753833
learn,EOPKG-WI,EOPKGTopologyConditionedWI,8d2a911a18bb4d61a536433690b744f0,854778689611649472,_EOPKG_WI-UN-f1-5-13_loan_v1_v5_simulated_GATv2,_EOPKG_WI-UN-f1-5,13,train_candidate_pred_score,0,1781084187716,6.005626104594414
learn,EOPKG-WI,EOPKGTopologyConditionedWI,8d2a911a18bb4d61a536433690b744f0,854778689611649472,_EOPKG_WI-UN-f1-5-13_loan_v1_v5_simulated_GATv2,_EOPKG_WI-UN-f1-5,13,train_candidate_pred_score,0,1781084187716,6.005626104594414
learn,EOPKG-WI,EOPKGTopologyConditionedWI,a29ca3bbdf9a497d9fccaf8f2e3a6269,854778689611649472,_EOPKG_WI-UN-f1-5-42_loan_v1_v5_simulated_GATv2,_EOPKG_WI-UN-f1-5,42,train_candidate_pred_score,0,1781038481615,4.95558032246576
learn,EOPKG-WI,EOPKGTopologyConditionedWI,a29ca3bbdf9a497d9fccaf8f2e3a6269,854778689611649472,_EOPKG_WI-UN-f1-5-42_loan_v1_v5_simulated_GATv2,_EOPKG_WI-UN-f1-5,42,train_candidate_pred_score,0,1781038601411,5.700878517805867
learn,EOPKG-WI,EOPKGTopologyConditionedWI,a29ca3bbdf9a497d9fccaf8f2e3a6269,854778689611649472,_EOPKG_WI-UN-f1-5-42_loan_v1_v5_simulated_GATv2,_EOPKG_WI-UN-f1-5,42,train_candidate_pred_score,0,1781038708648,5.863463873324978
learn,EOPKG-WI,EOPKGTopologyConditionedWI,a29ca3bbdf9a497d9fccaf8f2e3a6269,854778689611649472,_EOPKG_WI-UN-f1-5-42_loan_v1_v5_simulated_GATv2,_EOPKG_WI-UN-f1-5,42,train_candidate_pred_score,0,1781038814080,5.939570854502376
learn,EOPKG-WI,EOPKGTopologyConditionedWI,a29ca3bbdf9a497d9fccaf8f2e3a6269,854778689611649472,_EOPKG_WI-UN-f1-5-42_loan_v1_v5_simulated_GATv2,_EOPKG_WI-UN-f1-5,42,train_candidate_pred_score,0,1781038922523,5.9192451642313895
learn,EOPKG-WI,EOPKGTopologyConditionedWI,a29ca3bbdf9a497d9fccaf8f2e3a6269,854778689611649472,_EOPKG_WI-UN-f1-5-42_loan_v1_v5_simulated_GATv2,_EOPKG_WI-UN-f1-5,42,train_candidate_pred_score,0,1781039031135,5.939413035806677
learn,EOPKG-WI,EOPKGTopologyConditionedWI,a29ca3bbdf9a497d9fccaf8f2e3a6269,854778689611649472,_EOPKG_WI-UN-f1-5-42_loan_v1_v5_simulated_GATv2,_EOPKG_WI-UN-f1-5,42,train_candidate_pred_score,0,1781039139703,5.9554362835300365
learn,EOPKG-WI,EOPKGTopologyConditionedWI,a29ca3bbdf9a497d9fccaf8f2e3a6269,854778689611649472,_EOPKG_WI-UN-f1-5-42_loan_v1_v5_simulated_GATv2,_EOPKG_WI-UN-f1-5,42,train_candidate_pred_score,0,1781039248389,5.919586963229035
learn,EOPKG-WI,EOPKGTopologyConditionedWI,a29ca3bbdf9a497d9fccaf8f2e3a6269,854778689611649472,_EOPKG_WI-UN-f1-5-42_loan_v1_v5_simulated_GATv2,_EOPKG_WI-UN-f1-5,42,train_candidate_pred_score,0,1781039358085,5.913323659396513
learn,EOPKG-WI,EOPKGTopologyConditionedWI,a29ca3bbdf9a497d9fccaf8f2e3a6269,854778689611649472,_EOPKG_WI-UN-f1-5-42_loan_v1_v5_simulated_GATv2,_EOPKG_WI-UN-f1-5,42,train_candidate_pred_score,0,1781039469694,6.00101538492879
learn,EOPKG-WI,EOPKGTopologyConditionedWI,a29ca3bbdf9a497d9fccaf8f2e3a6269,854778689611649472,_EOPKG_WI-UN-f1-5-42_loan_v1_v5_simulated_GATv2,_EOPKG_WI-UN-f1-5,42,train_candidate_pred_score,0,1781039578740,5.966330720055463
learn,EOPKG-WI,EOPKGTopologyConditionedWI,a29ca3bbdf9a497d9fccaf8f2e3a6269,854778689611649472,_EOPKG_WI-UN-f1-5-42_loan_v1_v5_simulated_GATv2,_EOPKG_WI-UN-f1-5,42,train_candidate_pred_score,0,1781039688191,5.965119101853363
learn,EOPKG-WI,EOPKGTopologyConditionedWI,a29ca3bbdf9a497d9fccaf8f2e3a6269,854778689611649472,_EOPKG_WI-UN-f1-5-42_loan_v1_v5_simulated_GATv2,_EOPKG_WI-UN-f1-5,42,train_candidate_pred_score,0,1781039798435,6.002952308078639
learn,EOPKG-WI,EOPKGTopologyConditionedWI,a29ca3bbdf9a497d9fccaf8f2e3a6269,854778689611649472,_EOPKG_WI-UN-f1-5-42_loan_v1_v5_simulated_GATv2,_EOPKG_WI-UN-f1-5,42,train_candidate_pred_score,0,1781039910377,6.009017747233138
learn,EOPKG-WI,EOPKGTopologyConditionedWI,a29ca3bbdf9a497d9fccaf8f2e3a6269,854778689611649472,_EOPKG_WI-UN-f1-5-42_loan_v1_v5_simulated_GATv2,_EOPKG_WI-UN-f1-5,42,train_candidate_pred_score,0,1781040021659,5.99957868897479
learn,EOPKG-WI,EOPKGTopologyConditionedWI,a29ca3bbdf9a497d9fccaf8f2e3a6269,854778689611649472,_EOPKG_WI-UN-f1-5-42_loan_v1_v5_simulated_GATv2,_EOPKG_WI-UN-f1-5,42,train_candidate_pred_score,0,1781040131205,5.999868635532398
learn,EOPKG-WI,EOPKGTopologyConditionedWI,a29ca3bbdf9a497d9fccaf8f2e3a6269,854778689611649472,_EOPKG_WI-UN-f1-5-42_loan_v1_v5_simulated_GATv2,_EOPKG_WI-UN-f1-5,42,train_candidate_pred_score,0,1781040241304,6.003595362027991
learn,EOPKG-WI,EOPKGTopologyConditionedWI,a29ca3bbdf9a497d9fccaf8f2e3a6269,854778689611649472,_EOPKG_WI-UN-f1-5-42_loan_v1_v5_simulated_GATv2,_EOPKG_WI-UN-f1-5,42,train_candidate_pred_score,0,1781040349988,6.010103641140063
learn,EOPKG-WI,EOPKGTopologyConditionedWI,a29ca3bbdf9a497d9fccaf8f2e3a6269,854778689611649472,_EOPKG_WI-UN-f1-5-42_loan_v1_v5_simulated_GATv2,_EOPKG_WI-UN-f1-5,42,train_candidate_pred_score,0,1781040459702,5.995406448746334
learn,EOPKG-WI,EOPKGTopologyConditionedWI,a29ca3bbdf9a497d9fccaf8f2e3a6269,854778689611649472,_EOPKG_WI-UN-f1-5-42_loan_v1_v5_simulated_GATv2,_EOPKG_WI-UN-f1-5,42,train_candidate_pred_score,0,1781040570574,6.011067146337658
learn,EOPKG-WI,EOPKGTopologyConditionedWI,a29ca3bbdf9a497d9fccaf8f2e3a6269,854778689611649472,_EOPKG_WI-UN-f1-5-42_loan_v1_v5_simulated_GATv2,_EOPKG_WI-UN-f1-5,42,train_candidate_pred_score,0,1781040681178,6.001413951807067
learn,EOPKG-WI,EOPKGTopologyConditionedWI,a29ca3bbdf9a497d9fccaf8f2e3a6269,854778689611649472,_EOPKG_WI-UN-f1-5-42_loan_v1_v5_simulated_GATv2,_EOPKG_WI-UN-f1-5,42,train_candidate_pred_score,0,1781040790308,5.984080159228253
learn,EOPKG-WI,EOPKGTopologyConditionedWI,a29ca3bbdf9a497d9fccaf8f2e3a6269,854778689611649472,_EOPKG_WI-UN-f1-5-42_loan_v1_v5_simulated_GATv2,_EOPKG_WI-UN-f1-5,42,train_candidate_pred_score,0,1781040899620,6.004389728006384
learn,EOPKG-WI,EOPKGTopologyConditionedWI,a29ca3bbdf9a497d9fccaf8f2e3a6269,854778689611649472,_EOPKG_WI-UN-f1-5-42_loan_v1_v5_simulated_GATv2,_EOPKG_WI-UN-f1-5,42,train_candidate_pred_score,0,1781041009924,6.00556325457623
learn,EOPKG-WI,EOPKGTopologyConditionedWI,a29ca3bbdf9a497d9fccaf8f2e3a6269,854778689611649472,_EOPKG_WI-UN-f1-5-42_loan_v1_v5_simulated_GATv2,_EOPKG_WI-UN-f1-5,42,train_candidate_pred_score,0,1781041119043,5.984569268310013
learn,EOPKG-WI,EOPKGTopologyConditionedWI,a29ca3bbdf9a497d9fccaf8f2e3a6269,854778689611649472,_EOPKG_WI-UN-f1-5-42_loan_v1_v5_simulated_GATv2,_EOPKG_WI-UN-f1-5,42,train_candidate_pred_score,0,1781041228653,6.003489979499853
learn,EOPKG-WI,EOPKGTopologyConditionedWI,a29ca3bbdf9a497d9fccaf8f2e3a6269,854778689611649472,_EOPKG_WI-UN-f1-5-42_loan_v1_v5_simulated_GATv2,_EOPKG_WI-UN-f1-5,42,train_candidate_pred_score,0,1781041339462,5.9957664304772695
learn,EOPKG-WI,EOPKGTopologyConditionedWI,a29ca3bbdf9a497d9fccaf8f2e3a6269,854778689611649472,_EOPKG_WI-UN-f1-5-42_loan_v1_v5_simulated_GATv2,_EOPKG_WI-UN-f1-5,42,train_candidate_pred_score,0,1781041450509,5.997992649745487
learn,EOPKG-WI,EOPKGTopologyConditionedWI,a29ca3bbdf9a497d9fccaf8f2e3a6269,854778689611649472,_EOPKG_WI-UN-f1-5-42_loan_v1_v5_simulated_GATv2,_EOPKG_WI-UN-f1-5,42,train_candidate_pred_score,0,1781041559096,6.006699042782685
learn,EOPKG-WI,EOPKGTopologyConditionedWI,a29ca3bbdf9a497d9fccaf8f2e3a6269,854778689611649472,_EOPKG_WI-UN-f1-5-42_loan_v1_v5_simulated_GATv2,_EOPKG_WI-UN-f1-5,42,train_candidate_pred_score,0,1781041668190,6.008444429012474
learn,EOPKG-WI,EOPKGTopologyConditionedWI,a29ca3bbdf9a497d9fccaf8f2e3a6269,854778689611649472,_EOPKG_WI-UN-f1-5-42_loan_v1_v5_simulated_GATv2,_EOPKG_WI-UN-f1-5,42,train_candidate_pred_score,0,1781041776418,5.988468853203026
learn,EOPKG-WI,EOPKGTopologyConditionedWI,a29ca3bbdf9a497d9fccaf8f2e3a6269,854778689611649472,_EOPKG_WI-UN-f1-5-42_loan_v1_v5_simulated_GATv2,_EOPKG_WI-UN-f1-5,42,train_candidate_pred_score,0,1781041889591,6.017504189465497
learn,EOPKG-WI,EOPKGTopologyConditionedWI,a29ca3bbdf9a497d9fccaf8f2e3a6269,854778689611649472,_EOPKG_WI-UN-f1-5-42_loan_v1_v5_simulated_GATv2,_EOPKG_WI-UN-f1-5,42,train_candidate_pred_score,0,1781042002577,6.015015859861632
learn,EOPKG-WI,EOPKGTopologyConditionedWI,a29ca3bbdf9a497d9fccaf8f2e3a6269,854778689611649472,_EOPKG_WI-UN-f1-5-42_loan_v1_v5_simulated_GATv2,_EOPKG_WI-UN-f1-5,42,train_candidate_pred_score,0,1781042111368,5.9969625677706135
learn,EOPKG-WI,EOPKGTopologyConditionedWI,a29ca3bbdf9a497d9fccaf8f2e3a6269,854778689611649472,_EOPKG_WI-UN-f1-5-42_loan_v1_v5_simulated_GATv2,_EOPKG_WI-UN-f1-5,42,train_candidate_pred_score,0,1781042220402,5.980407667084226
learn,EOPKG-WI,EOPKGTopologyConditionedWI,a29ca3bbdf9a497d9fccaf8f2e3a6269,854778689611649472,_EOPKG_WI-UN-f1-5-42_loan_v1_v5_simulated_GATv2,_EOPKG_WI-UN-f1-5,42,train_candidate_pred_score,0,1781042329454,5.998327097566784
learn,EOPKG-WI,EOPKGTopologyConditionedWI,a29ca3bbdf9a497d9fccaf8f2e3a6269,854778689611649472,_EOPKG_WI-UN-f1-5-42_loan_v1_v5_simulated_GATv2,_EOPKG_WI-UN-f1-5,42,train_candidate_pred_score,0,1781042439311,6.006462287447979
learn,EOPKG-WI,EOPKGTopologyConditionedWI,a29ca3bbdf9a497d9fccaf8f2e3a6269,854778689611649472,_EOPKG_WI-UN-f1-5-42_loan_v1_v5_simulated_GATv2,_EOPKG_WI-UN-f1-5,42,train_candidate_pred_score,0,1781042548526,5.999302228797221
learn,EOPKG-WI,EOPKGTopologyConditionedWI,a29ca3bbdf9a497d9fccaf8f2e3a6269,854778689611649472,_EOPKG_WI-UN-f1-5-42_loan_v1_v5_simulated_GATv2,_EOPKG_WI-UN-f1-5,42,train_candidate_pred_score,0,1781042658810,5.997010348521659
learn,EOPKG-WI,EOPKGTopologyConditionedWI,a29ca3bbdf9a497d9fccaf8f2e3a6269,854778689611649472,_EOPKG_WI-UN-f1-5-42_loan_v1_v5_simulated_GATv2,_EOPKG_WI-UN-f1-5,42,train_candidate_pred_score,0,1781042768176,6.006545549735356
learn,EOPKG-WI,EOPKGTopologyConditionedWI,a29ca3bbdf9a497d9fccaf8f2e3a6269,854778689611649472,_EOPKG_WI-UN-f1-5-42_loan_v1_v5_simulated_GATv2,_EOPKG_WI-UN-f1-5,42,train_candidate_pred_score,0,1781042877067,6.001500160781302
learn,EOPKG-WI,EOPKGTopologyConditionedWI,a29ca3bbdf9a497d9fccaf8f2e3a6269,854778689611649472,_EOPKG_WI-UN-f1-5-42_loan_v1_v5_simulated_GATv2,_EOPKG_WI-UN-f1-5,42,train_candidate_pred_score,0,1781042986847,5.977140816292816
learn,EOPKG-WI,EOPKGTopologyConditionedWI,a29ca3bbdf9a497d9fccaf8f2e3a6269,854778689611649472,_EOPKG_WI-UN-f1-5-42_loan_v1_v5_simulated_GATv2,_EOPKG_WI-UN-f1-5,42,train_candidate_pred_score,0,1781043098452,6.010698335917462
learn,EOPKG-WI,EOPKGTopologyConditionedWI,a29ca3bbdf9a497d9fccaf8f2e3a6269,854778689611649472,_EOPKG_WI-UN-f1-5-42_loan_v1_v5_simulated_GATv2,_EOPKG_WI-UN-f1-5,42,train_candidate_pred_score,0,1781043212047,5.980767572248304
learn,EOPKG-WI,EOPKGTopologyConditionedWI,a29ca3bbdf9a497d9fccaf8f2e3a6269,854778689611649472,_EOPKG_WI-UN-f1-5-42_loan_v1_v5_simulated_GATv2,_EOPKG_WI-UN-f1-5,42,train_candidate_pred_score,0,1781043321226,5.988223022042473
learn,EOPKG-WI,EOPKGTopologyConditionedWI,a29ca3bbdf9a497d9fccaf8f2e3a6269,854778689611649472,_EOPKG_WI-UN-f1-5-42_loan_v1_v5_simulated_GATv2,_EOPKG_WI-UN-f1-5,42,train_candidate_pred_score,0,1781043434020,5.999797668669296
learn,EOPKG-WI,EOPKGTopologyConditionedWI,a29ca3bbdf9a497d9fccaf8f2e3a6269,854778689611649472,_EOPKG_WI-UN-f1-5-42_loan_v1_v5_simulated_GATv2,_EOPKG_WI-UN-f1-5,42,train_candidate_pred_score,0,1781043544547,6.009296586289883
learn,EOPKG-WI,EOPKGTopologyConditionedWI,a29ca3bbdf9a497d9fccaf8f2e3a6269,854778689611649472,_EOPKG_WI-UN-f1-5-42_loan_v1_v5_simulated_GATv2,_EOPKG_WI-UN-f1-5,42,train_candidate_pred_score,0,1781043656323,5.991409557233364
learn,EOPKG-WI,EOPKGTopologyConditionedWI,a29ca3bbdf9a497d9fccaf8f2e3a6269,854778689611649472,_EOPKG_WI-UN-f1-5-42_loan_v1_v5_simulated_GATv2,_EOPKG_WI-UN-f1-5,42,train_candidate_pred_score,0,1781043766622,5.990202175983375
learn,EOPKG-WI,EOPKGTopologyConditionedWI,a29ca3bbdf9a497d9fccaf8f2e3a6269,854778689611649472,_EOPKG_WI-UN-f1-5-42_loan_v1_v5_simulated_GATv2,_EOPKG_WI-UN-f1-5,42,train_candidate_pred_score,0,1781043875935,5.985301107215578
learn,EOPKG-WI,EOPKGTopologyConditionedWI,a29ca3bbdf9a497d9fccaf8f2e3a6269,854778689611649472,_EOPKG_WI-UN-f1-5-42_loan_v1_v5_simulated_GATv2,_EOPKG_WI-UN-f1-5,42,train_candidate_pred_score,0,1781043986240,6.0009903407438
learn,EOPKG-WI,EOPKGTopologyConditionedWI,a29ca3bbdf9a497d9fccaf8f2e3a6269,854778689611649472,_EOPKG_WI-UN-f1-5-42_loan_v1_v5_simulated_GATv2,_EOPKG_WI-UN-f1-5,42,train_candidate_pred_score,0,1781044095866,5.9829039520603295
learn,EOPKG-WI,EOPKGTopologyConditionedWI,d0cd559af6bc4bcd986fb11b0ed56877,854778689611649472,_EOPKG_WI-UN-f1-5-55_loan_v1_v5_simulated_GATv2,_EOPKG_WI-UN-f1-5,55,train_candidate_pred_score,0,1781084760730,4.9875324744677885
learn,EOPKG-WI,EOPKGTopologyConditionedWI,d0cd559af6bc4bcd986fb11b0ed56877,854778689611649472,_EOPKG_WI-UN-f1-5-55_loan_v1_v5_simulated_GATv2,_EOPKG_WI-UN-f1-5,55,train_candidate_pred_score,0,1781084760730,4.9875324744677885
learn,EOPKG-WI,EOPKGTopologyConditionedWI,d0cd559af6bc4bcd986fb11b0ed56877,854778689611649472,_EOPKG_WI-UN-f1-5-55_loan_v1_v5_simulated_GATv2,_EOPKG_WI-UN-f1-5,55,train_candidate_pred_score,0,1781084905465,5.7352987139327345
learn,EOPKG-WI,EOPKGTopologyConditionedWI,d0cd559af6bc4bcd986fb11b0ed56877,854778689611649472,_EOPKG_WI-UN-f1-5-55_loan_v1_v5_simulated_GATv2,_EOPKG_WI-UN-f1-5,55,train_candidate_pred_score,0,1781084905465,5.7352987139327345
learn,EOPKG-WI,EOPKGTopologyConditionedWI,d0cd559af6bc4bcd986fb11b0ed56877,854778689611649472,_EOPKG_WI-UN-f1-5-55_loan_v1_v5_simulated_GATv2,_EOPKG_WI-UN-f1-5,55,train_candidate_pred_score,0,1781085018933,5.916798704568835
learn,EOPKG-WI,EOPKGTopologyConditionedWI,d0cd559af6bc4bcd986fb11b0ed56877,854778689611649472,_EOPKG_WI-UN-f1-5-55_loan_v1_v5_simulated_GATv2,_EOPKG_WI-UN-f1-5,55,train_candidate_pred_score,0,1781085018933,5.916798704568835
learn,EOPKG-WI,EOPKGTopologyConditionedWI,d0cd559af6bc4bcd986fb11b0ed56877,854778689611649472,_EOPKG_WI-UN-f1-5-55_loan_v1_v5_simulated_GATv2,_EOPKG_WI-UN-f1-5,55,train_candidate_pred_score,0,1781085130456,5.931655372837958
learn,EOPKG-WI,EOPKGTopologyConditionedWI,d0cd559af6bc4bcd986fb11b0ed56877,854778689611649472,_EOPKG_WI-UN-f1-5-55_loan_v1_v5_simulated_GATv2,_EOPKG_WI-UN-f1-5,55,train_candidate_pred_score,0,1781085130456,5.931655372837958
learn,EOPKG-WI,EOPKGTopologyConditionedWI,d0cd559af6bc4bcd986fb11b0ed56877,854778689611649472,_EOPKG_WI-UN-f1-5-55_loan_v1_v5_simulated_GATv2,_EOPKG_WI-UN-f1-5,55,train_candidate_pred_score,0,1781085250506,5.9920714056927755
learn,EOPKG-WI,EOPKGTopologyConditionedWI,d0cd559af6bc4bcd986fb11b0ed56877,854778689611649472,_EOPKG_WI-UN-f1-5-55_loan_v1_v5_simulated_GATv2,_EOPKG_WI-UN-f1-5,55,train_candidate_pred_score,0,1781085250506,5.9920714056927755
learn,EOPKG-WI,EOPKGTopologyConditionedWI,d0cd559af6bc4bcd986fb11b0ed56877,854778689611649472,_EOPKG_WI-UN-f1-5-55_loan_v1_v5_simulated_GATv2,_EOPKG_WI-UN-f1-5,55,train_candidate_pred_score,0,1781085376232,5.968864455321635
learn,EOPKG-WI,EOPKGTopologyConditionedWI,d0cd559af6bc4bcd986fb11b0ed56877,854778689611649472,_EOPKG_WI-UN-f1-5-55_loan_v1_v5_simulated_GATv2,_EOPKG_WI-UN-f1-5,55,train_candidate_pred_score,0,1781085376232,5.968864455321635
learn,EOPKG-WI,EOPKGTopologyConditionedWI,d0cd559af6bc4bcd986fb11b0ed56877,854778689611649472,_EOPKG_WI-UN-f1-5-55_loan_v1_v5_simulated_GATv2,_EOPKG_WI-UN-f1-5,55,train_candidate_pred_score,0,1781085479895,5.988594876942839
learn,EOPKG-WI,EOPKGTopologyConditionedWI,d0cd559af6bc4bcd986fb11b0ed56877,854778689611649472,_EOPKG_WI-UN-f1-5-55_loan_v1_v5_simulated_GATv2,_EOPKG_WI-UN-f1-5,55,train_candidate_pred_score,0,1781085479895,5.988594876942839
learn,EOPKG-WI,EOPKGTopologyConditionedWI,d0cd559af6bc4bcd986fb11b0ed56877,854778689611649472,_EOPKG_WI-UN-f1-5-55_loan_v1_v5_simulated_GATv2,_EOPKG_WI-UN-f1-5,55,train_candidate_pred_score,0,1781085594318,6.010786824461387
learn,EOPKG-WI,EOPKGTopologyConditionedWI,d0cd559af6bc4bcd986fb11b0ed56877,854778689611649472,_EOPKG_WI-UN-f1-5-55_loan_v1_v5_simulated_GATv2,_EOPKG_WI-UN-f1-5,55,train_candidate_pred_score,0,1781085594318,6.010786824461387
learn,EOPKG-WI,EOPKGTopologyConditionedWI,d0cd559af6bc4bcd986fb11b0ed56877,854778689611649472,_EOPKG_WI-UN-f1-5-55_loan_v1_v5_simulated_GATv2,_EOPKG_WI-UN-f1-5,55,train_candidate_pred_score,0,1781085721746,5.961904482545838
learn,EOPKG-WI,EOPKGTopologyConditionedWI,d0cd559af6bc4bcd986fb11b0ed56877,854778689611649472,_EOPKG_WI-UN-f1-5-55_loan_v1_v5_simulated_GATv2,_EOPKG_WI-UN-f1-5,55,train_candidate_pred_score,0,1781085721746,5.961904482545838
learn,EOPKG-WI,EOPKGTopologyConditionedWI,d0cd559af6bc4bcd986fb11b0ed56877,854778689611649472,_EOPKG_WI-UN-f1-5-55_loan_v1_v5_simulated_GATv2,_EOPKG_WI-UN-f1-5,55,train_candidate_pred_score,0,1781085847107,5.98286404556614
learn,EOPKG-WI,EOPKGTopologyConditionedWI,d0cd559af6bc4bcd986fb11b0ed56877,854778689611649472,_EOPKG_WI-UN-f1-5-55_loan_v1_v5_simulated_GATv2,_EOPKG_WI-UN-f1-5,55,train_candidate_pred_score,0,1781085847107,5.98286404556614
learn,EOPKG-WI,EOPKGTopologyConditionedWI,d0cd559af6bc4bcd986fb11b0ed56877,854778689611649472,_EOPKG_WI-UN-f1-5-55_loan_v1_v5_simulated_GATv2,_EOPKG_WI-UN-f1-5,55,train_candidate_pred_score,0,1781085974049,5.970517449613975
learn,EOPKG-WI,EOPKGTopologyConditionedWI,d0cd559af6bc4bcd986fb11b0ed56877,854778689611649472,_EOPKG_WI-UN-f1-5-55_loan_v1_v5_simulated_GATv2,_EOPKG_WI-UN-f1-5,55,train_candidate_pred_score,0,1781085974049,5.970517449613975
learn,EOPKG-WI,EOPKGTopologyConditionedWI,d0cd559af6bc4bcd986fb11b0ed56877,854778689611649472,_EOPKG_WI-UN-f1-5-55_loan_v1_v5_simulated_GATv2,_EOPKG_WI-UN-f1-5,55,train_candidate_pred_score,0,1781086100019,5.960991780594915
learn,EOPKG-WI,EOPKGTopologyConditionedWI,d0cd559af6bc4bcd986fb11b0ed56877,854778689611649472,_EOPKG_WI-UN-f1-5-55_loan_v1_v5_simulated_GATv2,_EOPKG_WI-UN-f1-5,55,train_candidate_pred_score,0,1781086100019,5.960991780594915
learn,EOPKG-WI,EOPKGTopologyConditionedWI,d0cd559af6bc4bcd986fb11b0ed56877,854778689611649472,_EOPKG_WI-UN-f1-5-55_loan_v1_v5_simulated_GATv2,_EOPKG_WI-UN-f1-5,55,train_candidate_pred_score,0,1781086240616,5.955347446265774
learn,EOPKG-WI,EOPKGTopologyConditionedWI,d0cd559af6bc4bcd986fb11b0ed56877,854778689611649472,_EOPKG_WI-UN-f1-5-55_loan_v1_v5_simulated_GATv2,_EOPKG_WI-UN-f1-5,55,train_candidate_pred_score,0,1781086240616,5.955347446265774
learn,EOPKG-WI,EOPKGTopologyConditionedWI,d0cd559af6bc4bcd986fb11b0ed56877,854778689611649472,_EOPKG_WI-UN-f1-5-55_loan_v1_v5_simulated_GATv2,_EOPKG_WI-UN-f1-5,55,train_candidate_pred_score,0,1781086377162,5.94253197307617
learn,EOPKG-WI,EOPKGTopologyConditionedWI,d0cd559af6bc4bcd986fb11b0ed56877,854778689611649472,_EOPKG_WI-UN-f1-5-55_loan_v1_v5_simulated_GATv2,_EOPKG_WI-UN-f1-5,55,train_candidate_pred_score,0,1781086377162,5.94253197307617
learn,EOPKG-WI,EOPKGTopologyConditionedWI,d0cd559af6bc4bcd986fb11b0ed56877,854778689611649472,_EOPKG_WI-UN-f1-5-55_loan_v1_v5_simulated_GATv2,_EOPKG_WI-UN-f1-5,55,train_candidate_pred_score,0,1781086498451,5.944563101509227
learn,EOPKG-WI,EOPKGTopologyConditionedWI,d0cd559af6bc4bcd986fb11b0ed56877,854778689611649472,_EOPKG_WI-UN-f1-5-55_loan_v1_v5_simulated_GATv2,_EOPKG_WI-UN-f1-5,55,train_candidate_pred_score,0,1781086498451,5.944563101509227
learn,EOPKG-WI,EOPKGTopologyConditionedWI,d0cd559af6bc4bcd986fb11b0ed56877,854778689611649472,_EOPKG_WI-UN-f1-5-55_loan_v1_v5_simulated_GATv2,_EOPKG_WI-UN-f1-5,55,train_candidate_pred_score,0,1781086635513,5.931447718973569
learn,EOPKG-WI,EOPKGTopologyConditionedWI,d0cd559af6bc4bcd986fb11b0ed56877,854778689611649472,_EOPKG_WI-UN-f1-5-55_loan_v1_v5_simulated_GATv2,_EOPKG_WI-UN-f1-5,55,train_candidate_pred_score,0,1781086635513,5.931447718973569
learn,EOPKG-WI,EOPKGTopologyConditionedWI,d0cd559af6bc4bcd986fb11b0ed56877,854778689611649472,_EOPKG_WI-UN-f1-5-55_loan_v1_v5_simulated_GATv2,_EOPKG_WI-UN-f1-5,55,train_candidate_pred_score,0,1781086762872,5.921426570661875
learn,EOPKG-WI,EOPKGTopologyConditionedWI,d0cd559af6bc4bcd986fb11b0ed56877,854778689611649472,_EOPKG_WI-UN-f1-5-55_loan_v1_v5_simulated_GATv2,_EOPKG_WI-UN-f1-5,55,train_candidate_pred_score,0,1781086762872,5.921426570661875
learn,EOPKG-WI,EOPKGTopologyConditionedWI,d0cd559af6bc4bcd986fb11b0ed56877,854778689611649472,_EOPKG_WI-UN-f1-5-55_loan_v1_v5_simulated_GATv2,_EOPKG_WI-UN-f1-5,55,train_candidate_pred_score,0,1781086916802,5.915135418477991
learn,EOPKG-WI,EOPKGTopologyConditionedWI,d0cd559af6bc4bcd986fb11b0ed56877,854778689611649472,_EOPKG_WI-UN-f1-5-55_loan_v1_v5_simulated_GATv2,_EOPKG_WI-UN-f1-5,55,train_candidate_pred_score,0,1781086916802,5.915135418477991
learn,EOPKG-WI,EOPKGTopologyConditionedWI,d0cd559af6bc4bcd986fb11b0ed56877,854778689611649472,_EOPKG_WI-UN-f1-5-55_loan_v1_v5_simulated_GATv2,_EOPKG_WI-UN-f1-5,55,train_candidate_pred_score,0,1781087042025,5.900157427370832
learn,EOPKG-WI,EOPKGTopologyConditionedWI,d0cd559af6bc4bcd986fb11b0ed56877,854778689611649472,_EOPKG_WI-UN-f1-5-55_loan_v1_v5_simulated_GATv2,_EOPKG_WI-UN-f1-5,55,train_candidate_pred_score,0,1781087042025,5.900157427370832
learn,EOPKG-WI,EOPKGTopologyConditionedWI,d0cd559af6bc4bcd986fb11b0ed56877,854778689611649472,_EOPKG_WI-UN-f1-5-55_loan_v1_v5_simulated_GATv2,_EOPKG_WI-UN-f1-5,55,train_candidate_pred_score,0,1781087169015,5.8970812629250915
learn,EOPKG-WI,EOPKGTopologyConditionedWI,d0cd559af6bc4bcd986fb11b0ed56877,854778689611649472,_EOPKG_WI-UN-f1-5-55_loan_v1_v5_simulated_GATv2,_EOPKG_WI-UN-f1-5,55,train_candidate_pred_score,0,1781087169015,5.8970812629250915
learn,EOPKG-WI,EOPKGTopologyConditionedWI,d0cd559af6bc4bcd986fb11b0ed56877,854778689611649472,_EOPKG_WI-UN-f1-5-55_loan_v1_v5_simulated_GATv2,_EOPKG_WI-UN-f1-5,55,train_candidate_pred_score,0,1781087301129,5.909938680348601
learn,EOPKG-WI,EOPKGTopologyConditionedWI,d0cd559af6bc4bcd986fb11b0ed56877,854778689611649472,_EOPKG_WI-UN-f1-5-55_loan_v1_v5_simulated_GATv2,_EOPKG_WI-UN-f1-5,55,train_candidate_pred_score,0,1781087301129,5.909938680348601
learn,EOPKG-WI,EOPKGTopologyConditionedWI,d0cd559af6bc4bcd986fb11b0ed56877,854778689611649472,_EOPKG_WI-UN-f1-5-55_loan_v1_v5_simulated_GATv2,_EOPKG_WI-UN-f1-5,55,train_candidate_pred_score,0,1781087467110,5.901566754084892
learn,EOPKG-WI,EOPKGTopologyConditionedWI,d0cd559af6bc4bcd986fb11b0ed56877,854778689611649472,_EOPKG_WI-UN-f1-5-55_loan_v1_v5_simulated_GATv2,_EOPKG_WI-UN-f1-5,55,train_candidate_pred_score,0,1781087467110,5.901566754084892
learn,EOPKG-WI,EOPKGTopologyConditionedWI,d0cd559af6bc4bcd986fb11b0ed56877,854778689611649472,_EOPKG_WI-UN-f1-5-55_loan_v1_v5_simulated_GATv2,_EOPKG_WI-UN-f1-5,55,train_candidate_pred_score,0,1781087686004,5.897365538986764
learn,EOPKG-WI,EOPKGTopologyConditionedWI,d0cd559af6bc4bcd986fb11b0ed56877,854778689611649472,_EOPKG_WI-UN-f1-5-55_loan_v1_v5_simulated_GATv2,_EOPKG_WI-UN-f1-5,55,train_candidate_pred_score,0,1781087686004,5.897365538986764
learn,EOPKG-WI,EOPKGTopologyConditionedWI,d0cd559af6bc4bcd986fb11b0ed56877,854778689611649472,_EOPKG_WI-UN-f1-5-55_loan_v1_v5_simulated_GATv2,_EOPKG_WI-UN-f1-5,55,train_candidate_pred_score,0,1781087866257,5.870147704320037
learn,EOPKG-WI,EOPKGTopologyConditionedWI,d0cd559af6bc4bcd986fb11b0ed56877,854778689611649472,_EOPKG_WI-UN-f1-5-55_loan_v1_v5_simulated_GATv2,_EOPKG_WI-UN-f1-5,55,train_candidate_pred_score,0,1781087866257,5.870147704320037
learn,EOPKG-WI,EOPKGTopologyConditionedWI,d0cd559af6bc4bcd986fb11b0ed56877,854778689611649472,_EOPKG_WI-UN-f1-5-55_loan_v1_v5_simulated_GATv2,_EOPKG_WI-UN-f1-5,55,train_candidate_pred_score,0,1781088061374,5.871922568789726
learn,EOPKG-WI,EOPKGTopologyConditionedWI,d0cd559af6bc4bcd986fb11b0ed56877,854778689611649472,_EOPKG_WI-UN-f1-5-55_loan_v1_v5_simulated_GATv2,_EOPKG_WI-UN-f1-5,55,train_candidate_pred_score,0,1781088061374,5.871922568789726
learn,EOPKG-WI,EOPKGTopologyConditionedWI,d0cd559af6bc4bcd986fb11b0ed56877,854778689611649472,_EOPKG_WI-UN-f1-5-55_loan_v1_v5_simulated_GATv2,_EOPKG_WI-UN-f1-5,55,train_candidate_pred_score,0,1781088196911,5.879433091380449
learn,EOPKG-WI,EOPKGTopologyConditionedWI,d0cd559af6bc4bcd986fb11b0ed56877,854778689611649472,_EOPKG_WI-UN-f1-5-55_loan_v1_v5_simulated_GATv2,_EOPKG_WI-UN-f1-5,55,train_candidate_pred_score,0,1781088196911,5.879433091380449
learn,EOPKG-WI,EOPKGTopologyConditionedWI,d0cd559af6bc4bcd986fb11b0ed56877,854778689611649472,_EOPKG_WI-UN-f1-5-55_loan_v1_v5_simulated_GATv2,_EOPKG_WI-UN-f1-5,55,train_candidate_pred_score,0,1781088322138,5.88717165432977
learn,EOPKG-WI,EOPKGTopologyConditionedWI,d0cd559af6bc4bcd986fb11b0ed56877,854778689611649472,_EOPKG_WI-UN-f1-5-55_loan_v1_v5_simulated_GATv2,_EOPKG_WI-UN-f1-5,55,train_candidate_pred_score,0,1781088322138,5.88717165432977
learn,EOPKG-WI,EOPKGTopologyConditionedWI,d0cd559af6bc4bcd986fb11b0ed56877,854778689611649472,_EOPKG_WI-UN-f1-5-55_loan_v1_v5_simulated_GATv2,_EOPKG_WI-UN-f1-5,55,train_candidate_pred_score,0,1781088439515,5.8945525143597575
learn,EOPKG-WI,EOPKGTopologyConditionedWI,d0cd559af6bc4bcd986fb11b0ed56877,854778689611649472,_EOPKG_WI-UN-f1-5-55_loan_v1_v5_simulated_GATv2,_EOPKG_WI-UN-f1-5,55,train_candidate_pred_score,0,1781088439515,5.8945525143597575
learn,EOPKG-WI,EOPKGTopologyConditionedWI,d0cd559af6bc4bcd986fb11b0ed56877,854778689611649472,_EOPKG_WI-UN-f1-5-55_loan_v1_v5_simulated_GATv2,_EOPKG_WI-UN-f1-5,55,train_candidate_pred_score,0,1781088560756,5.892684121579169
learn,EOPKG-WI,EOPKGTopologyConditionedWI,d0cd559af6bc4bcd986fb11b0ed56877,854778689611649472,_EOPKG_WI-UN-f1-5-55_loan_v1_v5_simulated_GATv2,_EOPKG_WI-UN-f1-5,55,train_candidate_pred_score,0,1781088560756,5.892684121579169
learn,EOPKG-WI,EOPKGTopologyConditionedWI,d0cd559af6bc4bcd986fb11b0ed56877,854778689611649472,_EOPKG_WI-UN-f1-5-55_loan_v1_v5_simulated_GATv2,_EOPKG_WI-UN-f1-5,55,train_candidate_pred_score,0,1781088685089,5.930980729374483
learn,EOPKG-WI,EOPKGTopologyConditionedWI,d0cd559af6bc4bcd986fb11b0ed56877,854778689611649472,_EOPKG_WI-UN-f1-5-55_loan_v1_v5_simulated_GATv2,_EOPKG_WI-UN-f1-5,55,train_candidate_pred_score,0,1781088685089,5.930980729374483
learn,EOPKG-WI,EOPKGTopologyConditionedWI,d0cd559af6bc4bcd986fb11b0ed56877,854778689611649472,_EOPKG_WI-UN-f1-5-55_loan_v1_v5_simulated_GATv2,_EOPKG_WI-UN-f1-5,55,train_candidate_pred_score,0,1781088850582,5.903330874935811
learn,EOPKG-WI,EOPKGTopologyConditionedWI,d0cd559af6bc4bcd986fb11b0ed56877,854778689611649472,_EOPKG_WI-UN-f1-5-55_loan_v1_v5_simulated_GATv2,_EOPKG_WI-UN-f1-5,55,train_candidate_pred_score,0,1781088850582,5.903330874935811
learn,EOPKG-WI,EOPKGTopologyConditionedWI,d0cd559af6bc4bcd986fb11b0ed56877,854778689611649472,_EOPKG_WI-UN-f1-5-55_loan_v1_v5_simulated_GATv2,_EOPKG_WI-UN-f1-5,55,train_candidate_pred_score,0,1781089029135,5.902591311116666
learn,EOPKG-WI,EOPKGTopologyConditionedWI,d0cd559af6bc4bcd986fb11b0ed56877,854778689611649472,_EOPKG_WI-UN-f1-5-55_loan_v1_v5_simulated_GATv2,_EOPKG_WI-UN-f1-5,55,train_candidate_pred_score,0,1781089029135,5.902591311116666
learn,EOPKG-WI,EOPKGTopologyConditionedWI,d0cd559af6bc4bcd986fb11b0ed56877,854778689611649472,_EOPKG_WI-UN-f1-5-55_loan_v1_v5_simulated_GATv2,_EOPKG_WI-UN-f1-5,55,train_candidate_pred_score,0,1781089181060,5.926778812287154
learn,EOPKG-WI,EOPKGTopologyConditionedWI,d0cd559af6bc4bcd986fb11b0ed56877,854778689611649472,_EOPKG_WI-UN-f1-5-55_loan_v1_v5_simulated_GATv2,_EOPKG_WI-UN-f1-5,55,train_candidate_pred_score,0,1781089181060,5.926778812287154
learn,EOPKG-WI,EOPKGTopologyConditionedWI,d0cd559af6bc4bcd986fb11b0ed56877,854778689611649472,_EOPKG_WI-UN-f1-5-55_loan_v1_v5_simulated_GATv2,_EOPKG_WI-UN-f1-5,55,train_candidate_pred_score,0,1781089294585,5.904516911468749
learn,EOPKG-WI,EOPKGTopologyConditionedWI,d0cd559af6bc4bcd986fb11b0ed56877,854778689611649472,_EOPKG_WI-UN-f1-5-55_loan_v1_v5_simulated_GATv2,_EOPKG_WI-UN-f1-5,55,train_candidate_pred_score,0,1781089294585,5.904516911468749
learn,EOPKG-WI,EOPKGTopologyConditionedWI,d0cd559af6bc4bcd986fb11b0ed56877,854778689611649472,_EOPKG_WI-UN-f1-5-55_loan_v1_v5_simulated_GATv2,_EOPKG_WI-UN-f1-5,55,train_candidate_pred_score,0,1781089418814,5.919918584899417
learn,EOPKG-WI,EOPKGTopologyConditionedWI,d0cd559af6bc4bcd986fb11b0ed56877,854778689611649472,_EOPKG_WI-UN-f1-5-55_loan_v1_v5_simulated_GATv2,_EOPKG_WI-UN-f1-5,55,train_candidate_pred_score,0,1781089418814,5.919918584899417
learn,EOPKG-WI,EOPKGTopologyConditionedWI,d0cd559af6bc4bcd986fb11b0ed56877,854778689611649472,_EOPKG_WI-UN-f1-5-55_loan_v1_v5_simulated_GATv2,_EOPKG_WI-UN-f1-5,55,train_candidate_pred_score,0,1781089531676,5.931878666809519
learn,EOPKG-WI,EOPKGTopologyConditionedWI,d0cd559af6bc4bcd986fb11b0ed56877,854778689611649472,_EOPKG_WI-UN-f1-5-55_loan_v1_v5_simulated_GATv2,_EOPKG_WI-UN-f1-5,55,train_candidate_pred_score,0,1781089531676,5.931878666809519
learn,EOPKG-WI,EOPKGTopologyConditionedWI,d0cd559af6bc4bcd986fb11b0ed56877,854778689611649472,_EOPKG_WI-UN-f1-5-55_loan_v1_v5_simulated_GATv2,_EOPKG_WI-UN-f1-5,55,train_candidate_pred_score,0,1781089684967,5.916592227256545
learn,EOPKG-WI,EOPKGTopologyConditionedWI,d0cd559af6bc4bcd986fb11b0ed56877,854778689611649472,_EOPKG_WI-UN-f1-5-55_loan_v1_v5_simulated_GATv2,_EOPKG_WI-UN-f1-5,55,train_candidate_pred_score,0,1781089684967,5.916592227256545
learn,EOPKG-WI,EOPKGTopologyConditionedWI,d0cd559af6bc4bcd986fb11b0ed56877,854778689611649472,_EOPKG_WI-UN-f1-5-55_loan_v1_v5_simulated_GATv2,_EOPKG_WI-UN-f1-5,55,train_candidate_pred_score,0,1781089795704,5.885283530042736
learn,EOPKG-WI,EOPKGTopologyConditionedWI,d0cd559af6bc4bcd986fb11b0ed56877,854778689611649472,_EOPKG_WI-UN-f1-5-55_loan_v1_v5_simulated_GATv2,_EOPKG_WI-UN-f1-5,55,train_candidate_pred_score,0,1781089795704,5.885283530042736
learn,EOPKG-WI,EOPKGTopologyConditionedWI,d0cd559af6bc4bcd986fb11b0ed56877,854778689611649472,_EOPKG_WI-UN-f1-5-55_loan_v1_v5_simulated_GATv2,_EOPKG_WI-UN-f1-5,55,train_candidate_pred_score,0,1781089904333,5.949465965428678
learn,EOPKG-WI,EOPKGTopologyConditionedWI,d0cd559af6bc4bcd986fb11b0ed56877,854778689611649472,_EOPKG_WI-UN-f1-5-55_loan_v1_v5_simulated_GATv2,_EOPKG_WI-UN-f1-5,55,train_candidate_pred_score,0,1781089904333,5.949465965428678
learn,EOPKG-WI,EOPKGTopologyConditionedWI,d0cd559af6bc4bcd986fb11b0ed56877,854778689611649472,_EOPKG_WI-UN-f1-5-55_loan_v1_v5_simulated_GATv2,_EOPKG_WI-UN-f1-5,55,train_candidate_pred_score,0,1781090053177,5.914900174770143
learn,EOPKG-WI,EOPKGTopologyConditionedWI,d0cd559af6bc4bcd986fb11b0ed56877,854778689611649472,_EOPKG_WI-UN-f1-5-55_loan_v1_v5_simulated_GATv2,_EOPKG_WI-UN-f1-5,55,train_candidate_pred_score,0,1781090053177,5.914900174770143
learn,EOPKG-WI,EOPKGTopologyConditionedWI,d0cd559af6bc4bcd986fb11b0ed56877,854778689611649472,_EOPKG_WI-UN-f1-5-55_loan_v1_v5_simulated_GATv2,_EOPKG_WI-UN-f1-5,55,train_candidate_pred_score,0,1781090215625,5.928635626794424
learn,EOPKG-WI,EOPKGTopologyConditionedWI,d0cd559af6bc4bcd986fb11b0ed56877,854778689611649472,_EOPKG_WI-UN-f1-5-55_loan_v1_v5_simulated_GATv2,_EOPKG_WI-UN-f1-5,55,train_candidate_pred_score,0,1781090215625,5.928635626794424
learn,EOPKG-WI,EOPKGTopologyConditionedWI,d0cd559af6bc4bcd986fb11b0ed56877,854778689611649472,_EOPKG_WI-UN-f1-5-55_loan_v1_v5_simulated_GATv2,_EOPKG_WI-UN-f1-5,55,train_candidate_pred_score,0,1781090386294,5.956565748527054
learn,EOPKG-WI,EOPKGTopologyConditionedWI,d0cd559af6bc4bcd986fb11b0ed56877,854778689611649472,_EOPKG_WI-UN-f1-5-55_loan_v1_v5_simulated_GATv2,_EOPKG_WI-UN-f1-5,55,train_candidate_pred_score,0,1781090386294,5.956565748527054
learn,EOPKG-WI,EOPKGTopologyConditionedWI,d0cd559af6bc4bcd986fb11b0ed56877,854778689611649472,_EOPKG_WI-UN-f1-5-55_loan_v1_v5_simulated_GATv2,_EOPKG_WI-UN-f1-5,55,train_candidate_pred_score,0,1781090524932,5.942577506855296
learn,EOPKG-WI,EOPKGTopologyConditionedWI,d0cd559af6bc4bcd986fb11b0ed56877,854778689611649472,_EOPKG_WI-UN-f1-5-55_loan_v1_v5_simulated_GATv2,_EOPKG_WI-UN-f1-5,55,train_candidate_pred_score,0,1781090524932,5.942577506855296
learn,EOPKG-WI,EOPKGTopologyConditionedWI,d0cd559af6bc4bcd986fb11b0ed56877,854778689611649472,_EOPKG_WI-UN-f1-5-55_loan_v1_v5_simulated_GATv2,_EOPKG_WI-UN-f1-5,55,train_candidate_pred_score,0,1781090639617,5.942252571518357
learn,EOPKG-WI,EOPKGTopologyConditionedWI,d0cd559af6bc4bcd986fb11b0ed56877,854778689611649472,_EOPKG_WI-UN-f1-5-55_loan_v1_v5_simulated_GATv2,_EOPKG_WI-UN-f1-5,55,train_candidate_pred_score,0,1781090639617,5.942252571518357
learn,EOPKG-WI,EOPKGTopologyConditionedWI,d0cd559af6bc4bcd986fb11b0ed56877,854778689611649472,_EOPKG_WI-UN-f1-5-55_loan_v1_v5_simulated_GATv2,_EOPKG_WI-UN-f1-5,55,train_candidate_pred_score,0,1781090748063,5.940968314869794
learn,EOPKG-WI,EOPKGTopologyConditionedWI,d0cd559af6bc4bcd986fb11b0ed56877,854778689611649472,_EOPKG_WI-UN-f1-5-55_loan_v1_v5_simulated_GATv2,_EOPKG_WI-UN-f1-5,55,train_candidate_pred_score,0,1781090748063,5.940968314869794
learn,EOPKG-WI,EOPKGTopologyConditionedWI,d0cd559af6bc4bcd986fb11b0ed56877,854778689611649472,_EOPKG_WI-UN-f1-5-55_loan_v1_v5_simulated_GATv2,_EOPKG_WI-UN-f1-5,55,train_candidate_pred_score,0,1781090858143,5.964490083897625
learn,EOPKG-WI,EOPKGTopologyConditionedWI,d0cd559af6bc4bcd986fb11b0ed56877,854778689611649472,_EOPKG_WI-UN-f1-5-55_loan_v1_v5_simulated_GATv2,_EOPKG_WI-UN-f1-5,55,train_candidate_pred_score,0,1781090858143,5.964490083897625
learn,EOPKG-WI,EOPKGTopologyConditionedWI,d0cd559af6bc4bcd986fb11b0ed56877,854778689611649472,_EOPKG_WI-UN-f1-5-55_loan_v1_v5_simulated_GATv2,_EOPKG_WI-UN-f1-5,55,train_candidate_pred_score,0,1781090963516,5.951269702426201
learn,EOPKG-WI,EOPKGTopologyConditionedWI,d0cd559af6bc4bcd986fb11b0ed56877,854778689611649472,_EOPKG_WI-UN-f1-5-55_loan_v1_v5_simulated_GATv2,_EOPKG_WI-UN-f1-5,55,train_candidate_pred_score,0,1781090963516,5.951269702426201
learn,EOPKG-WI,EOPKGTopologyConditionedWI,d0cd559af6bc4bcd986fb11b0ed56877,854778689611649472,_EOPKG_WI-UN-f1-5-55_loan_v1_v5_simulated_GATv2,_EOPKG_WI-UN-f1-5,55,train_candidate_pred_score,0,1781091064149,5.940863010424688
learn,EOPKG-WI,EOPKGTopologyConditionedWI,d0cd559af6bc4bcd986fb11b0ed56877,854778689611649472,_EOPKG_WI-UN-f1-5-55_loan_v1_v5_simulated_GATv2,_EOPKG_WI-UN-f1-5,55,train_candidate_pred_score,0,1781091064149,5.940863010424688
learn,EOPKG-WI,EOPKGTopologyConditionedWI,d0cd559af6bc4bcd986fb11b0ed56877,854778689611649472,_EOPKG_WI-UN-f1-5-55_loan_v1_v5_simulated_GATv2,_EOPKG_WI-UN-f1-5,55,train_candidate_pred_score,0,1781091165658,5.972796982915299
learn,EOPKG-WI,EOPKGTopologyConditionedWI,d0cd559af6bc4bcd986fb11b0ed56877,854778689611649472,_EOPKG_WI-UN-f1-5-55_loan_v1_v5_simulated_GATv2,_EOPKG_WI-UN-f1-5,55,train_candidate_pred_score,0,1781091165658,5.972796982915299
learn,EOPKG-WI,EOPKGTopologyConditionedWI,d0cd559af6bc4bcd986fb11b0ed56877,854778689611649472,_EOPKG_WI-UN-f1-5-55_loan_v1_v5_simulated_GATv2,_EOPKG_WI-UN-f1-5,55,train_candidate_pred_score,0,1781091270716,5.985004469017914
learn,EOPKG-WI,EOPKGTopologyConditionedWI,d0cd559af6bc4bcd986fb11b0ed56877,854778689611649472,_EOPKG_WI-UN-f1-5-55_loan_v1_v5_simulated_GATv2,_EOPKG_WI-UN-f1-5,55,train_candidate_pred_score,0,1781091270716,5.985004469017914
