run_set,paper_model,model_type,run_id,experiment_id,run_name,preset_name,seed,metric,step,timestamp,value
learn,EOPKG,EOPKGTopologyConditioned,43c4e96d97544cea9eae53251dac57de,854778689611649472,_EOPKG_TC-UN-f1-5-penalty3l-32_loan_v1_v5_simulated_GATv2,_EOPKG_TC-UN-f1-5-penalty3l,32,train_impulse_activation_max_abs,0,1781418801118,3.100855170448558
learn,EOPKG,EOPKGTopologyConditioned,43c4e96d97544cea9eae53251dac57de,854778689611649472,_EOPKG_TC-UN-f1-5-penalty3l-32_loan_v1_v5_simulated_GATv2,_EOPKG_TC-UN-f1-5-penalty3l,32,train_impulse_activation_max_abs,0,1781418801118,3.100855170448558
learn,EOPKG,EOPKGTopologyConditioned,43c4e96d97544cea9eae53251dac57de,854778689611649472,_EOPKG_TC-UN-f1-5-penalty3l-32_loan_v1_v5_simulated_GATv2,_EOPKG_TC-UN-f1-5-penalty3l,32,train_impulse_activation_max_abs,0,1781419068875,3.5322905435850207
learn,EOPKG,EOPKGTopologyConditioned,43c4e96d97544cea9eae53251dac57de,854778689611649472,_EOPKG_TC-UN-f1-5-penalty3l-32_loan_v1_v5_simulated_GATv2,_EOPKG_TC-UN-f1-5-penalty3l,32,train_impulse_activation_max_abs,0,1781419068875,3.5322905435850207
learn,EOPKG,EOPKGTopologyConditioned,43c4e96d97544cea9eae53251dac57de,854778689611649472,_EOPKG_TC-UN-f1-5-penalty3l-32_loan_v1_v5_simulated_GATv2,_EOPKG_TC-UN-f1-5-penalty3l,32,train_impulse_activation_max_abs,0,1781419326609,3.672975706940425
learn,EOPKG,EOPKGTopologyConditioned,43c4e96d97544cea9eae53251dac57de,854778689611649472,_EOPKG_TC-UN-f1-5-penalty3l-32_loan_v1_v5_simulated_GATv2,_EOPKG_TC-UN-f1-5-penalty3l,32,train_impulse_activation_max_abs,0,1781419326609,3.672975706940425
learn,EOPKG,EOPKGTopologyConditioned,43c4e96d97544cea9eae53251dac57de,854778689611649472,_EOPKG_TC-UN-f1-5-penalty3l-32_loan_v1_v5_simulated_GATv2,_EOPKG_TC-UN-f1-5-penalty3l,32,train_impulse_activation_max_abs,0,1781419616174,3.8742988033779855
learn,EOPKG,EOPKGTopologyConditioned,43c4e96d97544cea9eae53251dac57de,854778689611649472,_EOPKG_TC-UN-f1-5-penalty3l-32_loan_v1_v5_simulated_GATv2,_EOPKG_TC-UN-f1-5-penalty3l,32,train_impulse_activation_max_abs,0,1781419616174,3.8742988033779855
learn,EOPKG,EOPKGTopologyConditioned,43c4e96d97544cea9eae53251dac57de,854778689611649472,_EOPKG_TC-UN-f1-5-penalty3l-32_loan_v1_v5_simulated_GATv2,_EOPKG_TC-UN-f1-5-penalty3l,32,train_impulse_activation_max_abs,0,1781419898223,4.009179499266826
learn,EOPKG,EOPKGTopologyConditioned,43c4e96d97544cea9eae53251dac57de,854778689611649472,_EOPKG_TC-UN-f1-5-penalty3l-32_loan_v1_v5_simulated_GATv2,_EOPKG_TC-UN-f1-5-penalty3l,32,train_impulse_activation_max_abs,0,1781419898223,4.009179499266826
learn,EOPKG,EOPKGTopologyConditioned,43c4e96d97544cea9eae53251dac57de,854778689611649472,_EOPKG_TC-UN-f1-5-penalty3l-32_loan_v1_v5_simulated_GATv2,_EOPKG_TC-UN-f1-5-penalty3l,32,train_impulse_activation_max_abs,0,1781420161568,3.944694528140021
learn,EOPKG,EOPKGTopologyConditioned,43c4e96d97544cea9eae53251dac57de,854778689611649472,_EOPKG_TC-UN-f1-5-penalty3l-32_loan_v1_v5_simulated_GATv2,_EOPKG_TC-UN-f1-5-penalty3l,32,train_impulse_activation_max_abs,0,1781420161568,3.944694528140021
learn,EOPKG,EOPKGTopologyConditioned,43c4e96d97544cea9eae53251dac57de,854778689611649472,_EOPKG_TC-UN-f1-5-penalty3l-32_loan_v1_v5_simulated_GATv2,_EOPKG_TC-UN-f1-5-penalty3l,32,train_impulse_activation_max_abs,0,1781420419739,4.002954548227768
learn,EOPKG,EOPKGTopologyConditioned,43c4e96d97544cea9eae53251dac57de,854778689611649472,_EOPKG_TC-UN-f1-5-penalty3l-32_loan_v1_v5_simulated_GATv2,_EOPKG_TC-UN-f1-5-penalty3l,32,train_impulse_activation_max_abs,0,1781420419739,4.002954548227768
learn,EOPKG,EOPKGTopologyConditioned,43c4e96d97544cea9eae53251dac57de,854778689611649472,_EOPKG_TC-UN-f1-5-penalty3l-32_loan_v1_v5_simulated_GATv2,_EOPKG_TC-UN-f1-5-penalty3l,32,train_impulse_activation_max_abs,0,1781420679241,4.152826883455528
learn,EOPKG,EOPKGTopologyConditioned,43c4e96d97544cea9eae53251dac57de,854778689611649472,_EOPKG_TC-UN-f1-5-penalty3l-32_loan_v1_v5_simulated_GATv2,_EOPKG_TC-UN-f1-5-penalty3l,32,train_impulse_activation_max_abs,0,1781420679241,4.152826883455528
learn,EOPKG,EOPKGTopologyConditioned,43c4e96d97544cea9eae53251dac57de,854778689611649472,_EOPKG_TC-UN-f1-5-penalty3l-32_loan_v1_v5_simulated_GATv2,_EOPKG_TC-UN-f1-5-penalty3l,32,train_impulse_activation_max_abs,0,1781420946400,4.201861181774655
learn,EOPKG,EOPKGTopologyConditioned,43c4e96d97544cea9eae53251dac57de,854778689611649472,_EOPKG_TC-UN-f1-5-penalty3l-32_loan_v1_v5_simulated_GATv2,_EOPKG_TC-UN-f1-5-penalty3l,32,train_impulse_activation_max_abs,0,1781420946400,4.201861181774655
learn,EOPKG,EOPKGTopologyConditioned,43c4e96d97544cea9eae53251dac57de,854778689611649472,_EOPKG_TC-UN-f1-5-penalty3l-32_loan_v1_v5_simulated_GATv2,_EOPKG_TC-UN-f1-5-penalty3l,32,train_impulse_activation_max_abs,0,1781421199470,4.247713256147594
learn,EOPKG,EOPKGTopologyConditioned,43c4e96d97544cea9eae53251dac57de,854778689611649472,_EOPKG_TC-UN-f1-5-penalty3l-32_loan_v1_v5_simulated_GATv2,_EOPKG_TC-UN-f1-5-penalty3l,32,train_impulse_activation_max_abs,0,1781421199470,4.247713256147594
learn,EOPKG,EOPKGTopologyConditioned,43c4e96d97544cea9eae53251dac57de,854778689611649472,_EOPKG_TC-UN-f1-5-penalty3l-32_loan_v1_v5_simulated_GATv2,_EOPKG_TC-UN-f1-5-penalty3l,32,train_impulse_activation_max_abs,0,1781421694455,4.483808574312632
learn,EOPKG,EOPKGTopologyConditioned,43c4e96d97544cea9eae53251dac57de,854778689611649472,_EOPKG_TC-UN-f1-5-penalty3l-32_loan_v1_v5_simulated_GATv2,_EOPKG_TC-UN-f1-5-penalty3l,32,train_impulse_activation_max_abs,0,1781421694455,4.483808574312632
learn,EOPKG,EOPKGTopologyConditioned,43c4e96d97544cea9eae53251dac57de,854778689611649472,_EOPKG_TC-UN-f1-5-penalty3l-32_loan_v1_v5_simulated_GATv2,_EOPKG_TC-UN-f1-5-penalty3l,32,train_impulse_activation_max_abs,0,1781422005592,4.629719496152359
learn,EOPKG,EOPKGTopologyConditioned,43c4e96d97544cea9eae53251dac57de,854778689611649472,_EOPKG_TC-UN-f1-5-penalty3l-32_loan_v1_v5_simulated_GATv2,_EOPKG_TC-UN-f1-5-penalty3l,32,train_impulse_activation_max_abs,0,1781422005592,4.629719496152359
learn,EOPKG,EOPKGTopologyConditioned,43c4e96d97544cea9eae53251dac57de,854778689611649472,_EOPKG_TC-UN-f1-5-penalty3l-32_loan_v1_v5_simulated_GATv2,_EOPKG_TC-UN-f1-5-penalty3l,32,train_impulse_activation_max_abs,0,1781422466308,4.7340469034373855
learn,EOPKG,EOPKGTopologyConditioned,43c4e96d97544cea9eae53251dac57de,854778689611649472,_EOPKG_TC-UN-f1-5-penalty3l-32_loan_v1_v5_simulated_GATv2,_EOPKG_TC-UN-f1-5-penalty3l,32,train_impulse_activation_max_abs,0,1781422466308,4.7340469034373855
learn,EOPKG,EOPKGTopologyConditioned,43c4e96d97544cea9eae53251dac57de,854778689611649472,_EOPKG_TC-UN-f1-5-penalty3l-32_loan_v1_v5_simulated_GATv2,_EOPKG_TC-UN-f1-5-penalty3l,32,train_impulse_activation_max_abs,0,1781422754202,4.750216304403041
learn,EOPKG,EOPKGTopologyConditioned,43c4e96d97544cea9eae53251dac57de,854778689611649472,_EOPKG_TC-UN-f1-5-penalty3l-32_loan_v1_v5_simulated_GATv2,_EOPKG_TC-UN-f1-5-penalty3l,32,train_impulse_activation_max_abs,0,1781422754202,4.750216304403041
learn,EOPKG,EOPKGTopologyConditioned,43c4e96d97544cea9eae53251dac57de,854778689611649472,_EOPKG_TC-UN-f1-5-penalty3l-32_loan_v1_v5_simulated_GATv2,_EOPKG_TC-UN-f1-5-penalty3l,32,train_impulse_activation_max_abs,0,1781423037817,4.689593572874327
learn,EOPKG,EOPKGTopologyConditioned,43c4e96d97544cea9eae53251dac57de,854778689611649472,_EOPKG_TC-UN-f1-5-penalty3l-32_loan_v1_v5_simulated_GATv2,_EOPKG_TC-UN-f1-5-penalty3l,32,train_impulse_activation_max_abs,0,1781423037817,4.689593572874327
learn,EOPKG,EOPKGTopologyConditioned,43c4e96d97544cea9eae53251dac57de,854778689611649472,_EOPKG_TC-UN-f1-5-penalty3l-32_loan_v1_v5_simulated_GATv2,_EOPKG_TC-UN-f1-5-penalty3l,32,train_impulse_activation_max_abs,0,1781423407926,4.968977201913613
learn,EOPKG,EOPKGTopologyConditioned,43c4e96d97544cea9eae53251dac57de,854778689611649472,_EOPKG_TC-UN-f1-5-penalty3l-32_loan_v1_v5_simulated_GATv2,_EOPKG_TC-UN-f1-5-penalty3l,32,train_impulse_activation_max_abs,0,1781423407926,4.968977201913613
learn,EOPKG,EOPKGTopologyConditioned,43c4e96d97544cea9eae53251dac57de,854778689611649472,_EOPKG_TC-UN-f1-5-penalty3l-32_loan_v1_v5_simulated_GATv2,_EOPKG_TC-UN-f1-5-penalty3l,32,train_impulse_activation_max_abs,0,1781423713520,5.032433296045931
learn,EOPKG,EOPKGTopologyConditioned,43c4e96d97544cea9eae53251dac57de,854778689611649472,_EOPKG_TC-UN-f1-5-penalty3l-32_loan_v1_v5_simulated_GATv2,_EOPKG_TC-UN-f1-5-penalty3l,32,train_impulse_activation_max_abs,0,1781423713520,5.032433296045931
learn,EOPKG,EOPKGTopologyConditioned,43c4e96d97544cea9eae53251dac57de,854778689611649472,_EOPKG_TC-UN-f1-5-penalty3l-32_loan_v1_v5_simulated_GATv2,_EOPKG_TC-UN-f1-5-penalty3l,32,train_impulse_activation_max_abs,0,1781423995318,4.95735684184088
learn,EOPKG,EOPKGTopologyConditioned,43c4e96d97544cea9eae53251dac57de,854778689611649472,_EOPKG_TC-UN-f1-5-penalty3l-32_loan_v1_v5_simulated_GATv2,_EOPKG_TC-UN-f1-5-penalty3l,32,train_impulse_activation_max_abs,0,1781423995318,4.95735684184088
learn,EOPKG,EOPKGTopologyConditioned,43c4e96d97544cea9eae53251dac57de,854778689611649472,_EOPKG_TC-UN-f1-5-penalty3l-32_loan_v1_v5_simulated_GATv2,_EOPKG_TC-UN-f1-5-penalty3l,32,train_impulse_activation_max_abs,0,1781424255890,5.0390498353870194
learn,EOPKG,EOPKGTopologyConditioned,43c4e96d97544cea9eae53251dac57de,854778689611649472,_EOPKG_TC-UN-f1-5-penalty3l-32_loan_v1_v5_simulated_GATv2,_EOPKG_TC-UN-f1-5-penalty3l,32,train_impulse_activation_max_abs,0,1781424255890,5.0390498353870194
learn,EOPKG,EOPKGTopologyConditioned,43c4e96d97544cea9eae53251dac57de,854778689611649472,_EOPKG_TC-UN-f1-5-penalty3l-32_loan_v1_v5_simulated_GATv2,_EOPKG_TC-UN-f1-5-penalty3l,32,train_impulse_activation_max_abs,0,1781424514547,5.088027845695023
learn,EOPKG,EOPKGTopologyConditioned,43c4e96d97544cea9eae53251dac57de,854778689611649472,_EOPKG_TC-UN-f1-5-penalty3l-32_loan_v1_v5_simulated_GATv2,_EOPKG_TC-UN-f1-5-penalty3l,32,train_impulse_activation_max_abs,0,1781424514547,5.088027845695023
learn,EOPKG,EOPKGTopologyConditioned,43c4e96d97544cea9eae53251dac57de,854778689611649472,_EOPKG_TC-UN-f1-5-penalty3l-32_loan_v1_v5_simulated_GATv2,_EOPKG_TC-UN-f1-5-penalty3l,32,train_impulse_activation_max_abs,0,1781424772709,5.390054308553189
learn,EOPKG,EOPKGTopologyConditioned,43c4e96d97544cea9eae53251dac57de,854778689611649472,_EOPKG_TC-UN-f1-5-penalty3l-32_loan_v1_v5_simulated_GATv2,_EOPKG_TC-UN-f1-5-penalty3l,32,train_impulse_activation_max_abs,0,1781424772709,5.390054308553189
learn,EOPKG,EOPKGTopologyConditioned,43c4e96d97544cea9eae53251dac57de,854778689611649472,_EOPKG_TC-UN-f1-5-penalty3l-32_loan_v1_v5_simulated_GATv2,_EOPKG_TC-UN-f1-5-penalty3l,32,train_impulse_activation_max_abs,0,1781425032553,5.4381187701263185
learn,EOPKG,EOPKGTopologyConditioned,43c4e96d97544cea9eae53251dac57de,854778689611649472,_EOPKG_TC-UN-f1-5-penalty3l-32_loan_v1_v5_simulated_GATv2,_EOPKG_TC-UN-f1-5-penalty3l,32,train_impulse_activation_max_abs,0,1781425032553,5.4381187701263185
learn,EOPKG,EOPKGTopologyConditioned,43c4e96d97544cea9eae53251dac57de,854778689611649472,_EOPKG_TC-UN-f1-5-penalty3l-32_loan_v1_v5_simulated_GATv2,_EOPKG_TC-UN-f1-5-penalty3l,32,train_impulse_activation_max_abs,0,1781425291406,5.343231639346561
learn,EOPKG,EOPKGTopologyConditioned,43c4e96d97544cea9eae53251dac57de,854778689611649472,_EOPKG_TC-UN-f1-5-penalty3l-32_loan_v1_v5_simulated_GATv2,_EOPKG_TC-UN-f1-5-penalty3l,32,train_impulse_activation_max_abs,0,1781425291406,5.343231639346561
learn,EOPKG,EOPKGTopologyConditioned,43c4e96d97544cea9eae53251dac57de,854778689611649472,_EOPKG_TC-UN-f1-5-penalty3l-32_loan_v1_v5_simulated_GATv2,_EOPKG_TC-UN-f1-5-penalty3l,32,train_impulse_activation_max_abs,0,1781425554304,5.40999964045417
learn,EOPKG,EOPKGTopologyConditioned,43c4e96d97544cea9eae53251dac57de,854778689611649472,_EOPKG_TC-UN-f1-5-penalty3l-32_loan_v1_v5_simulated_GATv2,_EOPKG_TC-UN-f1-5-penalty3l,32,train_impulse_activation_max_abs,0,1781425554304,5.40999964045417
learn,EOPKG,EOPKGTopologyConditioned,43c4e96d97544cea9eae53251dac57de,854778689611649472,_EOPKG_TC-UN-f1-5-penalty3l-32_loan_v1_v5_simulated_GATv2,_EOPKG_TC-UN-f1-5-penalty3l,32,train_impulse_activation_max_abs,0,1781425819483,5.616754056539369
learn,EOPKG,EOPKGTopologyConditioned,43c4e96d97544cea9eae53251dac57de,854778689611649472,_EOPKG_TC-UN-f1-5-penalty3l-32_loan_v1_v5_simulated_GATv2,_EOPKG_TC-UN-f1-5-penalty3l,32,train_impulse_activation_max_abs,0,1781425819483,5.616754056539369
learn,EOPKG,EOPKGTopologyConditioned,43c4e96d97544cea9eae53251dac57de,854778689611649472,_EOPKG_TC-UN-f1-5-penalty3l-32_loan_v1_v5_simulated_GATv2,_EOPKG_TC-UN-f1-5-penalty3l,32,train_impulse_activation_max_abs,0,1781426078427,5.79052036403662
learn,EOPKG,EOPKGTopologyConditioned,43c4e96d97544cea9eae53251dac57de,854778689611649472,_EOPKG_TC-UN-f1-5-penalty3l-32_loan_v1_v5_simulated_GATv2,_EOPKG_TC-UN-f1-5-penalty3l,32,train_impulse_activation_max_abs,0,1781426078427,5.79052036403662
learn,EOPKG,EOPKGTopologyConditioned,43c4e96d97544cea9eae53251dac57de,854778689611649472,_EOPKG_TC-UN-f1-5-penalty3l-32_loan_v1_v5_simulated_GATv2,_EOPKG_TC-UN-f1-5-penalty3l,32,train_impulse_activation_max_abs,0,1781426341031,5.90942637681582
learn,EOPKG,EOPKGTopologyConditioned,43c4e96d97544cea9eae53251dac57de,854778689611649472,_EOPKG_TC-UN-f1-5-penalty3l-32_loan_v1_v5_simulated_GATv2,_EOPKG_TC-UN-f1-5-penalty3l,32,train_impulse_activation_max_abs,0,1781426341031,5.90942637681582
learn,EOPKG,EOPKGTopologyConditioned,43c4e96d97544cea9eae53251dac57de,854778689611649472,_EOPKG_TC-UN-f1-5-penalty3l-32_loan_v1_v5_simulated_GATv2,_EOPKG_TC-UN-f1-5-penalty3l,32,train_impulse_activation_max_abs,0,1781426599086,6.044624190641321
learn,EOPKG,EOPKGTopologyConditioned,43c4e96d97544cea9eae53251dac57de,854778689611649472,_EOPKG_TC-UN-f1-5-penalty3l-32_loan_v1_v5_simulated_GATv2,_EOPKG_TC-UN-f1-5-penalty3l,32,train_impulse_activation_max_abs,0,1781426599086,6.044624190641321
learn,EOPKG,EOPKGTopologyConditioned,43c4e96d97544cea9eae53251dac57de,854778689611649472,_EOPKG_TC-UN-f1-5-penalty3l-32_loan_v1_v5_simulated_GATv2,_EOPKG_TC-UN-f1-5-penalty3l,32,train_impulse_activation_max_abs,0,1781426858684,6.1067094673981535
learn,EOPKG,EOPKGTopologyConditioned,43c4e96d97544cea9eae53251dac57de,854778689611649472,_EOPKG_TC-UN-f1-5-penalty3l-32_loan_v1_v5_simulated_GATv2,_EOPKG_TC-UN-f1-5-penalty3l,32,train_impulse_activation_max_abs,0,1781426858684,6.1067094673981535
learn,EOPKG,EOPKGTopologyConditioned,43c4e96d97544cea9eae53251dac57de,854778689611649472,_EOPKG_TC-UN-f1-5-penalty3l-32_loan_v1_v5_simulated_GATv2,_EOPKG_TC-UN-f1-5-penalty3l,32,train_impulse_activation_max_abs,0,1781427116962,6.107817241232043
learn,EOPKG,EOPKGTopologyConditioned,43c4e96d97544cea9eae53251dac57de,854778689611649472,_EOPKG_TC-UN-f1-5-penalty3l-32_loan_v1_v5_simulated_GATv2,_EOPKG_TC-UN-f1-5-penalty3l,32,train_impulse_activation_max_abs,0,1781427116962,6.107817241232043
learn,EOPKG,EOPKGTopologyConditioned,43c4e96d97544cea9eae53251dac57de,854778689611649472,_EOPKG_TC-UN-f1-5-penalty3l-32_loan_v1_v5_simulated_GATv2,_EOPKG_TC-UN-f1-5-penalty3l,32,train_impulse_activation_max_abs,0,1781427378097,6.039539679813839
learn,EOPKG,EOPKGTopologyConditioned,43c4e96d97544cea9eae53251dac57de,854778689611649472,_EOPKG_TC-UN-f1-5-penalty3l-32_loan_v1_v5_simulated_GATv2,_EOPKG_TC-UN-f1-5-penalty3l,32,train_impulse_activation_max_abs,0,1781427378097,6.039539679813839
learn,EOPKG,EOPKGTopologyConditioned,5e56c5c7531d4675b4c740f509ff678f,854778689611649472,_EOPKG_TC-UN-f1-5-penalty3l-42_loan_v1_v5_simulated_GATv2,_EOPKG_TC-UN-f1-5-penalty3l,42,train_impulse_activation_max_abs,0,1780655630854,3.29899103918212
learn,EOPKG,EOPKGTopologyConditioned,5e56c5c7531d4675b4c740f509ff678f,854778689611649472,_EOPKG_TC-UN-f1-5-penalty3l-42_loan_v1_v5_simulated_GATv2,_EOPKG_TC-UN-f1-5-penalty3l,42,train_impulse_activation_max_abs,0,1780655630854,3.29899103918212
learn,EOPKG,EOPKGTopologyConditioned,5e56c5c7531d4675b4c740f509ff678f,854778689611649472,_EOPKG_TC-UN-f1-5-penalty3l-42_loan_v1_v5_simulated_GATv2,_EOPKG_TC-UN-f1-5-penalty3l,42,train_impulse_activation_max_abs,0,1780655937638,4.229572244592615
learn,EOPKG,EOPKGTopologyConditioned,5e56c5c7531d4675b4c740f509ff678f,854778689611649472,_EOPKG_TC-UN-f1-5-penalty3l-42_loan_v1_v5_simulated_GATv2,_EOPKG_TC-UN-f1-5-penalty3l,42,train_impulse_activation_max_abs,0,1780655937638,4.229572244592615
learn,EOPKG,EOPKGTopologyConditioned,5e56c5c7531d4675b4c740f509ff678f,854778689611649472,_EOPKG_TC-UN-f1-5-penalty3l-42_loan_v1_v5_simulated_GATv2,_EOPKG_TC-UN-f1-5-penalty3l,42,train_impulse_activation_max_abs,0,1780656248676,5.011140768781944
learn,EOPKG,EOPKGTopologyConditioned,5e56c5c7531d4675b4c740f509ff678f,854778689611649472,_EOPKG_TC-UN-f1-5-penalty3l-42_loan_v1_v5_simulated_GATv2,_EOPKG_TC-UN-f1-5-penalty3l,42,train_impulse_activation_max_abs,0,1780656248676,5.011140768781944
learn,EOPKG,EOPKGTopologyConditioned,5e56c5c7531d4675b4c740f509ff678f,854778689611649472,_EOPKG_TC-UN-f1-5-penalty3l-42_loan_v1_v5_simulated_GATv2,_EOPKG_TC-UN-f1-5-penalty3l,42,train_impulse_activation_max_abs,0,1780656566304,5.400445078438909
learn,EOPKG,EOPKGTopologyConditioned,5e56c5c7531d4675b4c740f509ff678f,854778689611649472,_EOPKG_TC-UN-f1-5-penalty3l-42_loan_v1_v5_simulated_GATv2,_EOPKG_TC-UN-f1-5-penalty3l,42,train_impulse_activation_max_abs,0,1780656566304,5.400445078438909
learn,EOPKG,EOPKGTopologyConditioned,5e56c5c7531d4675b4c740f509ff678f,854778689611649472,_EOPKG_TC-UN-f1-5-penalty3l-42_loan_v1_v5_simulated_GATv2,_EOPKG_TC-UN-f1-5-penalty3l,42,train_impulse_activation_max_abs,0,1780656890840,5.838538136504981
learn,EOPKG,EOPKGTopologyConditioned,5e56c5c7531d4675b4c740f509ff678f,854778689611649472,_EOPKG_TC-UN-f1-5-penalty3l-42_loan_v1_v5_simulated_GATv2,_EOPKG_TC-UN-f1-5-penalty3l,42,train_impulse_activation_max_abs,0,1780656890840,5.838538136504981
learn,EOPKG,EOPKGTopologyConditioned,5e56c5c7531d4675b4c740f509ff678f,854778689611649472,_EOPKG_TC-UN-f1-5-penalty3l-42_loan_v1_v5_simulated_GATv2,_EOPKG_TC-UN-f1-5-penalty3l,42,train_impulse_activation_max_abs,0,1780657279478,5.84347672303265
learn,EOPKG,EOPKGTopologyConditioned,5e56c5c7531d4675b4c740f509ff678f,854778689611649472,_EOPKG_TC-UN-f1-5-penalty3l-42_loan_v1_v5_simulated_GATv2,_EOPKG_TC-UN-f1-5-penalty3l,42,train_impulse_activation_max_abs,0,1780657279478,5.84347672303265
learn,EOPKG,EOPKGTopologyConditioned,5e56c5c7531d4675b4c740f509ff678f,854778689611649472,_EOPKG_TC-UN-f1-5-penalty3l-42_loan_v1_v5_simulated_GATv2,_EOPKG_TC-UN-f1-5-penalty3l,42,train_impulse_activation_max_abs,0,1780657643099,5.868024982973957
learn,EOPKG,EOPKGTopologyConditioned,5e56c5c7531d4675b4c740f509ff678f,854778689611649472,_EOPKG_TC-UN-f1-5-penalty3l-42_loan_v1_v5_simulated_GATv2,_EOPKG_TC-UN-f1-5-penalty3l,42,train_impulse_activation_max_abs,0,1780657643099,5.868024982973957
learn,EOPKG,EOPKGTopologyConditioned,5e56c5c7531d4675b4c740f509ff678f,854778689611649472,_EOPKG_TC-UN-f1-5-penalty3l-42_loan_v1_v5_simulated_GATv2,_EOPKG_TC-UN-f1-5-penalty3l,42,train_impulse_activation_max_abs,0,1780657998143,6.294745689355701
learn,EOPKG,EOPKGTopologyConditioned,5e56c5c7531d4675b4c740f509ff678f,854778689611649472,_EOPKG_TC-UN-f1-5-penalty3l-42_loan_v1_v5_simulated_GATv2,_EOPKG_TC-UN-f1-5-penalty3l,42,train_impulse_activation_max_abs,0,1780657998143,6.294745689355701
learn,EOPKG,EOPKGTopologyConditioned,5e56c5c7531d4675b4c740f509ff678f,854778689611649472,_EOPKG_TC-UN-f1-5-penalty3l-42_loan_v1_v5_simulated_GATv2,_EOPKG_TC-UN-f1-5-penalty3l,42,train_impulse_activation_max_abs,0,1780658338189,5.927251576240188
learn,EOPKG,EOPKGTopologyConditioned,5e56c5c7531d4675b4c740f509ff678f,854778689611649472,_EOPKG_TC-UN-f1-5-penalty3l-42_loan_v1_v5_simulated_GATv2,_EOPKG_TC-UN-f1-5-penalty3l,42,train_impulse_activation_max_abs,0,1780658338189,5.927251576240188
learn,EOPKG,EOPKGTopologyConditioned,5e56c5c7531d4675b4c740f509ff678f,854778689611649472,_EOPKG_TC-UN-f1-5-penalty3l-42_loan_v1_v5_simulated_GATv2,_EOPKG_TC-UN-f1-5-penalty3l,42,train_impulse_activation_max_abs,0,1780658729864,6.105819488367708
learn,EOPKG,EOPKGTopologyConditioned,5e56c5c7531d4675b4c740f509ff678f,854778689611649472,_EOPKG_TC-UN-f1-5-penalty3l-42_loan_v1_v5_simulated_GATv2,_EOPKG_TC-UN-f1-5-penalty3l,42,train_impulse_activation_max_abs,0,1780658729864,6.105819488367708
learn,EOPKG,EOPKGTopologyConditioned,5e56c5c7531d4675b4c740f509ff678f,854778689611649472,_EOPKG_TC-UN-f1-5-penalty3l-42_loan_v1_v5_simulated_GATv2,_EOPKG_TC-UN-f1-5-penalty3l,42,train_impulse_activation_max_abs,0,1780659032197,5.960974926031262
learn,EOPKG,EOPKGTopologyConditioned,5e56c5c7531d4675b4c740f509ff678f,854778689611649472,_EOPKG_TC-UN-f1-5-penalty3l-42_loan_v1_v5_simulated_GATv2,_EOPKG_TC-UN-f1-5-penalty3l,42,train_impulse_activation_max_abs,0,1780659032197,5.960974926031262
learn,EOPKG,EOPKGTopologyConditioned,5e56c5c7531d4675b4c740f509ff678f,854778689611649472,_EOPKG_TC-UN-f1-5-penalty3l-42_loan_v1_v5_simulated_GATv2,_EOPKG_TC-UN-f1-5-penalty3l,42,train_impulse_activation_max_abs,0,1780659334915,5.974795417300468
learn,EOPKG,EOPKGTopologyConditioned,5e56c5c7531d4675b4c740f509ff678f,854778689611649472,_EOPKG_TC-UN-f1-5-penalty3l-42_loan_v1_v5_simulated_GATv2,_EOPKG_TC-UN-f1-5-penalty3l,42,train_impulse_activation_max_abs,0,1780659334915,5.974795417300468
learn,EOPKG,EOPKGTopologyConditioned,5e56c5c7531d4675b4c740f509ff678f,854778689611649472,_EOPKG_TC-UN-f1-5-penalty3l-42_loan_v1_v5_simulated_GATv2,_EOPKG_TC-UN-f1-5-penalty3l,42,train_impulse_activation_max_abs,0,1780659688459,6.045455226079459
learn,EOPKG,EOPKGTopologyConditioned,5e56c5c7531d4675b4c740f509ff678f,854778689611649472,_EOPKG_TC-UN-f1-5-penalty3l-42_loan_v1_v5_simulated_GATv2,_EOPKG_TC-UN-f1-5-penalty3l,42,train_impulse_activation_max_abs,0,1780659688459,6.045455226079459
learn,EOPKG,EOPKGTopologyConditioned,5e56c5c7531d4675b4c740f509ff678f,854778689611649472,_EOPKG_TC-UN-f1-5-penalty3l-42_loan_v1_v5_simulated_GATv2,_EOPKG_TC-UN-f1-5-penalty3l,42,train_impulse_activation_max_abs,0,1780659991786,5.959908600641927
learn,EOPKG,EOPKGTopologyConditioned,5e56c5c7531d4675b4c740f509ff678f,854778689611649472,_EOPKG_TC-UN-f1-5-penalty3l-42_loan_v1_v5_simulated_GATv2,_EOPKG_TC-UN-f1-5-penalty3l,42,train_impulse_activation_max_abs,0,1780659991786,5.959908600641927
learn,EOPKG,EOPKGTopologyConditioned,5e56c5c7531d4675b4c740f509ff678f,854778689611649472,_EOPKG_TC-UN-f1-5-penalty3l-42_loan_v1_v5_simulated_GATv2,_EOPKG_TC-UN-f1-5-penalty3l,42,train_impulse_activation_max_abs,0,1780660381256,5.929843822230596
learn,EOPKG,EOPKGTopologyConditioned,5e56c5c7531d4675b4c740f509ff678f,854778689611649472,_EOPKG_TC-UN-f1-5-penalty3l-42_loan_v1_v5_simulated_GATv2,_EOPKG_TC-UN-f1-5-penalty3l,42,train_impulse_activation_max_abs,0,1780660381256,5.929843822230596
learn,EOPKG,EOPKGTopologyConditioned,5e56c5c7531d4675b4c740f509ff678f,854778689611649472,_EOPKG_TC-UN-f1-5-penalty3l-42_loan_v1_v5_simulated_GATv2,_EOPKG_TC-UN-f1-5-penalty3l,42,train_impulse_activation_max_abs,0,1780660696304,5.97218574742255
learn,EOPKG,EOPKGTopologyConditioned,5e56c5c7531d4675b4c740f509ff678f,854778689611649472,_EOPKG_TC-UN-f1-5-penalty3l-42_loan_v1_v5_simulated_GATv2,_EOPKG_TC-UN-f1-5-penalty3l,42,train_impulse_activation_max_abs,0,1780660696304,5.97218574742255
learn,EOPKG,EOPKGTopologyConditioned,5e56c5c7531d4675b4c740f509ff678f,854778689611649472,_EOPKG_TC-UN-f1-5-penalty3l-42_loan_v1_v5_simulated_GATv2,_EOPKG_TC-UN-f1-5-penalty3l,42,train_impulse_activation_max_abs,0,1780661032157,5.803496967248962
learn,EOPKG,EOPKGTopologyConditioned,5e56c5c7531d4675b4c740f509ff678f,854778689611649472,_EOPKG_TC-UN-f1-5-penalty3l-42_loan_v1_v5_simulated_GATv2,_EOPKG_TC-UN-f1-5-penalty3l,42,train_impulse_activation_max_abs,0,1780661032157,5.803496967248962
learn,EOPKG,EOPKGTopologyConditioned,5e56c5c7531d4675b4c740f509ff678f,854778689611649472,_EOPKG_TC-UN-f1-5-penalty3l-42_loan_v1_v5_simulated_GATv2,_EOPKG_TC-UN-f1-5-penalty3l,42,train_impulse_activation_max_abs,0,1780661318378,5.855032129393852
learn,EOPKG,EOPKGTopologyConditioned,5e56c5c7531d4675b4c740f509ff678f,854778689611649472,_EOPKG_TC-UN-f1-5-penalty3l-42_loan_v1_v5_simulated_GATv2,_EOPKG_TC-UN-f1-5-penalty3l,42,train_impulse_activation_max_abs,0,1780661318378,5.855032129393852
learn,EOPKG,EOPKGTopologyConditioned,5e56c5c7531d4675b4c740f509ff678f,854778689611649472,_EOPKG_TC-UN-f1-5-penalty3l-42_loan_v1_v5_simulated_GATv2,_EOPKG_TC-UN-f1-5-penalty3l,42,train_impulse_activation_max_abs,0,1780661592155,5.643119445097276
learn,EOPKG,EOPKGTopologyConditioned,5e56c5c7531d4675b4c740f509ff678f,854778689611649472,_EOPKG_TC-UN-f1-5-penalty3l-42_loan_v1_v5_simulated_GATv2,_EOPKG_TC-UN-f1-5-penalty3l,42,train_impulse_activation_max_abs,0,1780661592155,5.643119445097276
learn,EOPKG,EOPKGTopologyConditioned,5e56c5c7531d4675b4c740f509ff678f,854778689611649472,_EOPKG_TC-UN-f1-5-penalty3l-42_loan_v1_v5_simulated_GATv2,_EOPKG_TC-UN-f1-5-penalty3l,42,train_impulse_activation_max_abs,0,1780661866481,5.520719601732749
learn,EOPKG,EOPKGTopologyConditioned,5e56c5c7531d4675b4c740f509ff678f,854778689611649472,_EOPKG_TC-UN-f1-5-penalty3l-42_loan_v1_v5_simulated_GATv2,_EOPKG_TC-UN-f1-5-penalty3l,42,train_impulse_activation_max_abs,0,1780661866481,5.520719601732749
learn,EOPKG,EOPKGTopologyConditioned,5e56c5c7531d4675b4c740f509ff678f,854778689611649472,_EOPKG_TC-UN-f1-5-penalty3l-42_loan_v1_v5_simulated_GATv2,_EOPKG_TC-UN-f1-5-penalty3l,42,train_impulse_activation_max_abs,0,1780662136089,5.748118658323546
learn,EOPKG,EOPKGTopologyConditioned,5e56c5c7531d4675b4c740f509ff678f,854778689611649472,_EOPKG_TC-UN-f1-5-penalty3l-42_loan_v1_v5_simulated_GATv2,_EOPKG_TC-UN-f1-5-penalty3l,42,train_impulse_activation_max_abs,0,1780662136089,5.748118658323546
learn,EOPKG,EOPKGTopologyConditioned,5e56c5c7531d4675b4c740f509ff678f,854778689611649472,_EOPKG_TC-UN-f1-5-penalty3l-42_loan_v1_v5_simulated_GATv2,_EOPKG_TC-UN-f1-5-penalty3l,42,train_impulse_activation_max_abs,0,1780662407514,5.600125445470522
learn,EOPKG,EOPKGTopologyConditioned,5e56c5c7531d4675b4c740f509ff678f,854778689611649472,_EOPKG_TC-UN-f1-5-penalty3l-42_loan_v1_v5_simulated_GATv2,_EOPKG_TC-UN-f1-5-penalty3l,42,train_impulse_activation_max_abs,0,1780662407514,5.600125445470522
learn,EOPKG,EOPKGTopologyConditioned,5e56c5c7531d4675b4c740f509ff678f,854778689611649472,_EOPKG_TC-UN-f1-5-penalty3l-42_loan_v1_v5_simulated_GATv2,_EOPKG_TC-UN-f1-5-penalty3l,42,train_impulse_activation_max_abs,0,1780662676476,5.573400101714748
learn,EOPKG,EOPKGTopologyConditioned,5e56c5c7531d4675b4c740f509ff678f,854778689611649472,_EOPKG_TC-UN-f1-5-penalty3l-42_loan_v1_v5_simulated_GATv2,_EOPKG_TC-UN-f1-5-penalty3l,42,train_impulse_activation_max_abs,0,1780662676476,5.573400101714748
learn,EOPKG,EOPKGTopologyConditioned,5e56c5c7531d4675b4c740f509ff678f,854778689611649472,_EOPKG_TC-UN-f1-5-penalty3l-42_loan_v1_v5_simulated_GATv2,_EOPKG_TC-UN-f1-5-penalty3l,42,train_impulse_activation_max_abs,0,1780662947260,5.496910703201173
learn,EOPKG,EOPKGTopologyConditioned,5e56c5c7531d4675b4c740f509ff678f,854778689611649472,_EOPKG_TC-UN-f1-5-penalty3l-42_loan_v1_v5_simulated_GATv2,_EOPKG_TC-UN-f1-5-penalty3l,42,train_impulse_activation_max_abs,0,1780662947260,5.496910703201173
learn,EOPKG,EOPKGTopologyConditioned,5e56c5c7531d4675b4c740f509ff678f,854778689611649472,_EOPKG_TC-UN-f1-5-penalty3l-42_loan_v1_v5_simulated_GATv2,_EOPKG_TC-UN-f1-5-penalty3l,42,train_impulse_activation_max_abs,0,1780663217861,5.519087131906579
learn,EOPKG,EOPKGTopologyConditioned,5e56c5c7531d4675b4c740f509ff678f,854778689611649472,_EOPKG_TC-UN-f1-5-penalty3l-42_loan_v1_v5_simulated_GATv2,_EOPKG_TC-UN-f1-5-penalty3l,42,train_impulse_activation_max_abs,0,1780663217861,5.519087131906579
learn,EOPKG,EOPKGTopologyConditioned,5e56c5c7531d4675b4c740f509ff678f,854778689611649472,_EOPKG_TC-UN-f1-5-penalty3l-42_loan_v1_v5_simulated_GATv2,_EOPKG_TC-UN-f1-5-penalty3l,42,train_impulse_activation_max_abs,0,1780663486614,5.865043622700702
learn,EOPKG,EOPKGTopologyConditioned,5e56c5c7531d4675b4c740f509ff678f,854778689611649472,_EOPKG_TC-UN-f1-5-penalty3l-42_loan_v1_v5_simulated_GATv2,_EOPKG_TC-UN-f1-5-penalty3l,42,train_impulse_activation_max_abs,0,1780663486614,5.865043622700702
learn,EOPKG,EOPKGTopologyConditioned,5e56c5c7531d4675b4c740f509ff678f,854778689611649472,_EOPKG_TC-UN-f1-5-penalty3l-42_loan_v1_v5_simulated_GATv2,_EOPKG_TC-UN-f1-5-penalty3l,42,train_impulse_activation_max_abs,0,1780663760334,5.654088931546113
learn,EOPKG,EOPKGTopologyConditioned,5e56c5c7531d4675b4c740f509ff678f,854778689611649472,_EOPKG_TC-UN-f1-5-penalty3l-42_loan_v1_v5_simulated_GATv2,_EOPKG_TC-UN-f1-5-penalty3l,42,train_impulse_activation_max_abs,0,1780663760334,5.654088931546113
learn,EOPKG,EOPKGTopologyConditioned,5e56c5c7531d4675b4c740f509ff678f,854778689611649472,_EOPKG_TC-UN-f1-5-penalty3l-42_loan_v1_v5_simulated_GATv2,_EOPKG_TC-UN-f1-5-penalty3l,42,train_impulse_activation_max_abs,0,1780664029576,5.97278203494219
learn,EOPKG,EOPKGTopologyConditioned,5e56c5c7531d4675b4c740f509ff678f,854778689611649472,_EOPKG_TC-UN-f1-5-penalty3l-42_loan_v1_v5_simulated_GATv2,_EOPKG_TC-UN-f1-5-penalty3l,42,train_impulse_activation_max_abs,0,1780664029576,5.97278203494219
learn,EOPKG,EOPKGTopologyConditioned,5e56c5c7531d4675b4c740f509ff678f,854778689611649472,_EOPKG_TC-UN-f1-5-penalty3l-42_loan_v1_v5_simulated_GATv2,_EOPKG_TC-UN-f1-5-penalty3l,42,train_impulse_activation_max_abs,0,1780664298443,6.0521385188322565
learn,EOPKG,EOPKGTopologyConditioned,5e56c5c7531d4675b4c740f509ff678f,854778689611649472,_EOPKG_TC-UN-f1-5-penalty3l-42_loan_v1_v5_simulated_GATv2,_EOPKG_TC-UN-f1-5-penalty3l,42,train_impulse_activation_max_abs,0,1780664298443,6.0521385188322565
learn,EOPKG,EOPKGTopologyConditioned,5e56c5c7531d4675b4c740f509ff678f,854778689611649472,_EOPKG_TC-UN-f1-5-penalty3l-42_loan_v1_v5_simulated_GATv2,_EOPKG_TC-UN-f1-5-penalty3l,42,train_impulse_activation_max_abs,0,1780664567882,5.780590332558879
learn,EOPKG,EOPKGTopologyConditioned,5e56c5c7531d4675b4c740f509ff678f,854778689611649472,_EOPKG_TC-UN-f1-5-penalty3l-42_loan_v1_v5_simulated_GATv2,_EOPKG_TC-UN-f1-5-penalty3l,42,train_impulse_activation_max_abs,0,1780664567882,5.780590332558879
learn,EOPKG,EOPKGTopologyConditioned,5e56c5c7531d4675b4c740f509ff678f,854778689611649472,_EOPKG_TC-UN-f1-5-penalty3l-42_loan_v1_v5_simulated_GATv2,_EOPKG_TC-UN-f1-5-penalty3l,42,train_impulse_activation_max_abs,0,1780664848297,5.827514792474162
learn,EOPKG,EOPKGTopologyConditioned,5e56c5c7531d4675b4c740f509ff678f,854778689611649472,_EOPKG_TC-UN-f1-5-penalty3l-42_loan_v1_v5_simulated_GATv2,_EOPKG_TC-UN-f1-5-penalty3l,42,train_impulse_activation_max_abs,0,1780664848297,5.827514792474162
learn,EOPKG,EOPKGTopologyConditioned,5e56c5c7531d4675b4c740f509ff678f,854778689611649472,_EOPKG_TC-UN-f1-5-penalty3l-42_loan_v1_v5_simulated_GATv2,_EOPKG_TC-UN-f1-5-penalty3l,42,train_impulse_activation_max_abs,0,1780665118975,5.731234855985414
learn,EOPKG,EOPKGTopologyConditioned,5e56c5c7531d4675b4c740f509ff678f,854778689611649472,_EOPKG_TC-UN-f1-5-penalty3l-42_loan_v1_v5_simulated_GATv2,_EOPKG_TC-UN-f1-5-penalty3l,42,train_impulse_activation_max_abs,0,1780665118975,5.731234855985414
learn,EOPKG,EOPKGTopologyConditioned,5e56c5c7531d4675b4c740f509ff678f,854778689611649472,_EOPKG_TC-UN-f1-5-penalty3l-42_loan_v1_v5_simulated_GATv2,_EOPKG_TC-UN-f1-5-penalty3l,42,train_impulse_activation_max_abs,0,1780665389594,5.705041852778206
learn,EOPKG,EOPKGTopologyConditioned,5e56c5c7531d4675b4c740f509ff678f,854778689611649472,_EOPKG_TC-UN-f1-5-penalty3l-42_loan_v1_v5_simulated_GATv2,_EOPKG_TC-UN-f1-5-penalty3l,42,train_impulse_activation_max_abs,0,1780665389594,5.705041852778206
learn,EOPKG,EOPKGTopologyConditioned,5e56c5c7531d4675b4c740f509ff678f,854778689611649472,_EOPKG_TC-UN-f1-5-penalty3l-42_loan_v1_v5_simulated_GATv2,_EOPKG_TC-UN-f1-5-penalty3l,42,train_impulse_activation_max_abs,0,1780665661206,5.917801712199879
learn,EOPKG,EOPKGTopologyConditioned,5e56c5c7531d4675b4c740f509ff678f,854778689611649472,_EOPKG_TC-UN-f1-5-penalty3l-42_loan_v1_v5_simulated_GATv2,_EOPKG_TC-UN-f1-5-penalty3l,42,train_impulse_activation_max_abs,0,1780665661206,5.917801712199879
learn,EOPKG,EOPKGTopologyConditioned,5e56c5c7531d4675b4c740f509ff678f,854778689611649472,_EOPKG_TC-UN-f1-5-penalty3l-42_loan_v1_v5_simulated_GATv2,_EOPKG_TC-UN-f1-5-penalty3l,42,train_impulse_activation_max_abs,0,1780665931743,5.802706446291343
learn,EOPKG,EOPKGTopologyConditioned,5e56c5c7531d4675b4c740f509ff678f,854778689611649472,_EOPKG_TC-UN-f1-5-penalty3l-42_loan_v1_v5_simulated_GATv2,_EOPKG_TC-UN-f1-5-penalty3l,42,train_impulse_activation_max_abs,0,1780665931743,5.802706446291343
learn,EOPKG,EOPKGTopologyConditioned,5e56c5c7531d4675b4c740f509ff678f,854778689611649472,_EOPKG_TC-UN-f1-5-penalty3l-42_loan_v1_v5_simulated_GATv2,_EOPKG_TC-UN-f1-5-penalty3l,42,train_impulse_activation_max_abs,0,1780666266896,5.714687908397002
learn,EOPKG,EOPKGTopologyConditioned,5e56c5c7531d4675b4c740f509ff678f,854778689611649472,_EOPKG_TC-UN-f1-5-penalty3l-42_loan_v1_v5_simulated_GATv2,_EOPKG_TC-UN-f1-5-penalty3l,42,train_impulse_activation_max_abs,0,1780666266896,5.714687908397002
learn,EOPKG,EOPKGTopologyConditioned,5e56c5c7531d4675b4c740f509ff678f,854778689611649472,_EOPKG_TC-UN-f1-5-penalty3l-42_loan_v1_v5_simulated_GATv2,_EOPKG_TC-UN-f1-5-penalty3l,42,train_impulse_activation_max_abs,0,1780666540272,5.867409435478416
learn,EOPKG,EOPKGTopologyConditioned,5e56c5c7531d4675b4c740f509ff678f,854778689611649472,_EOPKG_TC-UN-f1-5-penalty3l-42_loan_v1_v5_simulated_GATv2,_EOPKG_TC-UN-f1-5-penalty3l,42,train_impulse_activation_max_abs,0,1780666540272,5.867409435478416
learn,EOPKG,EOPKGTopologyConditioned,5e56c5c7531d4675b4c740f509ff678f,854778689611649472,_EOPKG_TC-UN-f1-5-penalty3l-42_loan_v1_v5_simulated_GATv2,_EOPKG_TC-UN-f1-5-penalty3l,42,train_impulse_activation_max_abs,0,1780666813312,6.065791382509119
learn,EOPKG,EOPKGTopologyConditioned,5e56c5c7531d4675b4c740f509ff678f,854778689611649472,_EOPKG_TC-UN-f1-5-penalty3l-42_loan_v1_v5_simulated_GATv2,_EOPKG_TC-UN-f1-5-penalty3l,42,train_impulse_activation_max_abs,0,1780666813312,6.065791382509119
learn,EOPKG,EOPKGTopologyConditioned,5e56c5c7531d4675b4c740f509ff678f,854778689611649472,_EOPKG_TC-UN-f1-5-penalty3l-42_loan_v1_v5_simulated_GATv2,_EOPKG_TC-UN-f1-5-penalty3l,42,train_impulse_activation_max_abs,0,1780667120683,6.255654888425988
learn,EOPKG,EOPKGTopologyConditioned,5e56c5c7531d4675b4c740f509ff678f,854778689611649472,_EOPKG_TC-UN-f1-5-penalty3l-42_loan_v1_v5_simulated_GATv2,_EOPKG_TC-UN-f1-5-penalty3l,42,train_impulse_activation_max_abs,0,1780667120683,6.255654888425988
learn,EOPKG,EOPKGTopologyConditioned,5e56c5c7531d4675b4c740f509ff678f,854778689611649472,_EOPKG_TC-UN-f1-5-penalty3l-42_loan_v1_v5_simulated_GATv2,_EOPKG_TC-UN-f1-5-penalty3l,42,train_impulse_activation_max_abs,0,1780670051413,6.285982100876413
learn,EOPKG,EOPKGTopologyConditioned,5e56c5c7531d4675b4c740f509ff678f,854778689611649472,_EOPKG_TC-UN-f1-5-penalty3l-42_loan_v1_v5_simulated_GATv2,_EOPKG_TC-UN-f1-5-penalty3l,42,train_impulse_activation_max_abs,0,1780670051413,6.285982100876413
learn,EOPKG,EOPKGTopologyConditioned,5e56c5c7531d4675b4c740f509ff678f,854778689611649472,_EOPKG_TC-UN-f1-5-penalty3l-42_loan_v1_v5_simulated_GATv2,_EOPKG_TC-UN-f1-5-penalty3l,42,train_impulse_activation_max_abs,0,1780670319678,6.176728983183165
learn,EOPKG,EOPKGTopologyConditioned,5e56c5c7531d4675b4c740f509ff678f,854778689611649472,_EOPKG_TC-UN-f1-5-penalty3l-42_loan_v1_v5_simulated_GATv2,_EOPKG_TC-UN-f1-5-penalty3l,42,train_impulse_activation_max_abs,0,1780670319678,6.176728983183165
learn,EOPKG,EOPKGTopologyConditioned,5e56c5c7531d4675b4c740f509ff678f,854778689611649472,_EOPKG_TC-UN-f1-5-penalty3l-42_loan_v1_v5_simulated_GATv2,_EOPKG_TC-UN-f1-5-penalty3l,42,train_impulse_activation_max_abs,0,1780670595746,6.220329465850927
learn,EOPKG,EOPKGTopologyConditioned,5e56c5c7531d4675b4c740f509ff678f,854778689611649472,_EOPKG_TC-UN-f1-5-penalty3l-42_loan_v1_v5_simulated_GATv2,_EOPKG_TC-UN-f1-5-penalty3l,42,train_impulse_activation_max_abs,0,1780670595746,6.220329465850927
learn,EOPKG,EOPKGTopologyConditioned,5e56c5c7531d4675b4c740f509ff678f,854778689611649472,_EOPKG_TC-UN-f1-5-penalty3l-42_loan_v1_v5_simulated_GATv2,_EOPKG_TC-UN-f1-5-penalty3l,42,train_impulse_activation_max_abs,0,1780670863765,6.283938266893639
learn,EOPKG,EOPKGTopologyConditioned,5e56c5c7531d4675b4c740f509ff678f,854778689611649472,_EOPKG_TC-UN-f1-5-penalty3l-42_loan_v1_v5_simulated_GATv2,_EOPKG_TC-UN-f1-5-penalty3l,42,train_impulse_activation_max_abs,0,1780670863765,6.283938266893639
learn,EOPKG,EOPKGTopologyConditioned,5e56c5c7531d4675b4c740f509ff678f,854778689611649472,_EOPKG_TC-UN-f1-5-penalty3l-42_loan_v1_v5_simulated_GATv2,_EOPKG_TC-UN-f1-5-penalty3l,42,train_impulse_activation_max_abs,0,1780671144842,6.542513361416864
learn,EOPKG,EOPKGTopologyConditioned,5e56c5c7531d4675b4c740f509ff678f,854778689611649472,_EOPKG_TC-UN-f1-5-penalty3l-42_loan_v1_v5_simulated_GATv2,_EOPKG_TC-UN-f1-5-penalty3l,42,train_impulse_activation_max_abs,0,1780671144842,6.542513361416864
learn,EOPKG,EOPKGTopologyConditioned,5fcc89889b1d45c489329f5e3df9a5a2,854778689611649472,_EOPKG_TC-UN-f1-5-penalty3l-78_loan_v1_v5_simulated_GATv2,_EOPKG_TC-UN-f1-5-penalty3l,78,train_impulse_activation_max_abs,0,1780870771918,3.3478100587908526
learn,EOPKG,EOPKGTopologyConditioned,5fcc89889b1d45c489329f5e3df9a5a2,854778689611649472,_EOPKG_TC-UN-f1-5-penalty3l-78_loan_v1_v5_simulated_GATv2,_EOPKG_TC-UN-f1-5-penalty3l,78,train_impulse_activation_max_abs,0,1780870771918,3.3478100587908526
learn,EOPKG,EOPKGTopologyConditioned,5fcc89889b1d45c489329f5e3df9a5a2,854778689611649472,_EOPKG_TC-UN-f1-5-penalty3l-78_loan_v1_v5_simulated_GATv2,_EOPKG_TC-UN-f1-5-penalty3l,78,train_impulse_activation_max_abs,0,1780871357614,3.837950798968632
learn,EOPKG,EOPKGTopologyConditioned,5fcc89889b1d45c489329f5e3df9a5a2,854778689611649472,_EOPKG_TC-UN-f1-5-penalty3l-78_loan_v1_v5_simulated_GATv2,_EOPKG_TC-UN-f1-5-penalty3l,78,train_impulse_activation_max_abs,0,1780871357614,3.837950798968632
learn,EOPKG,EOPKGTopologyConditioned,5fcc89889b1d45c489329f5e3df9a5a2,854778689611649472,_EOPKG_TC-UN-f1-5-penalty3l-78_loan_v1_v5_simulated_GATv2,_EOPKG_TC-UN-f1-5-penalty3l,78,train_impulse_activation_max_abs,0,1780871907891,4.020659776863498
learn,EOPKG,EOPKGTopologyConditioned,5fcc89889b1d45c489329f5e3df9a5a2,854778689611649472,_EOPKG_TC-UN-f1-5-penalty3l-78_loan_v1_v5_simulated_GATv2,_EOPKG_TC-UN-f1-5-penalty3l,78,train_impulse_activation_max_abs,0,1780871907891,4.020659776863498
learn,EOPKG,EOPKGTopologyConditioned,5fcc89889b1d45c489329f5e3df9a5a2,854778689611649472,_EOPKG_TC-UN-f1-5-penalty3l-78_loan_v1_v5_simulated_GATv2,_EOPKG_TC-UN-f1-5-penalty3l,78,train_impulse_activation_max_abs,0,1780872470190,4.214355360722504
learn,EOPKG,EOPKGTopologyConditioned,5fcc89889b1d45c489329f5e3df9a5a2,854778689611649472,_EOPKG_TC-UN-f1-5-penalty3l-78_loan_v1_v5_simulated_GATv2,_EOPKG_TC-UN-f1-5-penalty3l,78,train_impulse_activation_max_abs,0,1780872470190,4.214355360722504
learn,EOPKG,EOPKGTopologyConditioned,5fcc89889b1d45c489329f5e3df9a5a2,854778689611649472,_EOPKG_TC-UN-f1-5-penalty3l-78_loan_v1_v5_simulated_GATv2,_EOPKG_TC-UN-f1-5-penalty3l,78,train_impulse_activation_max_abs,0,1780892111439,4.484683336248837
learn,EOPKG,EOPKGTopologyConditioned,5fcc89889b1d45c489329f5e3df9a5a2,854778689611649472,_EOPKG_TC-UN-f1-5-penalty3l-78_loan_v1_v5_simulated_GATv2,_EOPKG_TC-UN-f1-5-penalty3l,78,train_impulse_activation_max_abs,0,1780892111439,4.484683336248837
learn,EOPKG,EOPKGTopologyConditioned,5fcc89889b1d45c489329f5e3df9a5a2,854778689611649472,_EOPKG_TC-UN-f1-5-penalty3l-78_loan_v1_v5_simulated_GATv2,_EOPKG_TC-UN-f1-5-penalty3l,78,train_impulse_activation_max_abs,0,1780892365012,4.668830729819633
learn,EOPKG,EOPKGTopologyConditioned,5fcc89889b1d45c489329f5e3df9a5a2,854778689611649472,_EOPKG_TC-UN-f1-5-penalty3l-78_loan_v1_v5_simulated_GATv2,_EOPKG_TC-UN-f1-5-penalty3l,78,train_impulse_activation_max_abs,0,1780892365012,4.668830729819633
learn,EOPKG,EOPKGTopologyConditioned,5fcc89889b1d45c489329f5e3df9a5a2,854778689611649472,_EOPKG_TC-UN-f1-5-penalty3l-78_loan_v1_v5_simulated_GATv2,_EOPKG_TC-UN-f1-5-penalty3l,78,train_impulse_activation_max_abs,0,1780892626917,4.672831724861278
learn,EOPKG,EOPKGTopologyConditioned,5fcc89889b1d45c489329f5e3df9a5a2,854778689611649472,_EOPKG_TC-UN-f1-5-penalty3l-78_loan_v1_v5_simulated_GATv2,_EOPKG_TC-UN-f1-5-penalty3l,78,train_impulse_activation_max_abs,0,1780892626917,4.672831724861278
learn,EOPKG,EOPKGTopologyConditioned,5fcc89889b1d45c489329f5e3df9a5a2,854778689611649472,_EOPKG_TC-UN-f1-5-penalty3l-78_loan_v1_v5_simulated_GATv2,_EOPKG_TC-UN-f1-5-penalty3l,78,train_impulse_activation_max_abs,0,1780892895836,5.050584072149426
learn,EOPKG,EOPKGTopologyConditioned,5fcc89889b1d45c489329f5e3df9a5a2,854778689611649472,_EOPKG_TC-UN-f1-5-penalty3l-78_loan_v1_v5_simulated_GATv2,_EOPKG_TC-UN-f1-5-penalty3l,78,train_impulse_activation_max_abs,0,1780892895836,5.050584072149426
learn,EOPKG,EOPKGTopologyConditioned,5fcc89889b1d45c489329f5e3df9a5a2,854778689611649472,_EOPKG_TC-UN-f1-5-penalty3l-78_loan_v1_v5_simulated_GATv2,_EOPKG_TC-UN-f1-5-penalty3l,78,train_impulse_activation_max_abs,0,1780893157984,5.050600036718129
learn,EOPKG,EOPKGTopologyConditioned,5fcc89889b1d45c489329f5e3df9a5a2,854778689611649472,_EOPKG_TC-UN-f1-5-penalty3l-78_loan_v1_v5_simulated_GATv2,_EOPKG_TC-UN-f1-5-penalty3l,78,train_impulse_activation_max_abs,0,1780893157984,5.050600036718129
learn,EOPKG,EOPKGTopologyConditioned,5fcc89889b1d45c489329f5e3df9a5a2,854778689611649472,_EOPKG_TC-UN-f1-5-penalty3l-78_loan_v1_v5_simulated_GATv2,_EOPKG_TC-UN-f1-5-penalty3l,78,train_impulse_activation_max_abs,0,1780893421555,5.089946744551908
learn,EOPKG,EOPKGTopologyConditioned,5fcc89889b1d45c489329f5e3df9a5a2,854778689611649472,_EOPKG_TC-UN-f1-5-penalty3l-78_loan_v1_v5_simulated_GATv2,_EOPKG_TC-UN-f1-5-penalty3l,78,train_impulse_activation_max_abs,0,1780893421555,5.089946744551908
learn,EOPKG,EOPKGTopologyConditioned,5fcc89889b1d45c489329f5e3df9a5a2,854778689611649472,_EOPKG_TC-UN-f1-5-penalty3l-78_loan_v1_v5_simulated_GATv2,_EOPKG_TC-UN-f1-5-penalty3l,78,train_impulse_activation_max_abs,0,1780893690097,5.192827218666744
learn,EOPKG,EOPKGTopologyConditioned,5fcc89889b1d45c489329f5e3df9a5a2,854778689611649472,_EOPKG_TC-UN-f1-5-penalty3l-78_loan_v1_v5_simulated_GATv2,_EOPKG_TC-UN-f1-5-penalty3l,78,train_impulse_activation_max_abs,0,1780893690097,5.192827218666744
learn,EOPKG,EOPKGTopologyConditioned,5fcc89889b1d45c489329f5e3df9a5a2,854778689611649472,_EOPKG_TC-UN-f1-5-penalty3l-78_loan_v1_v5_simulated_GATv2,_EOPKG_TC-UN-f1-5-penalty3l,78,train_impulse_activation_max_abs,0,1780893966201,5.194211371562818
learn,EOPKG,EOPKGTopologyConditioned,5fcc89889b1d45c489329f5e3df9a5a2,854778689611649472,_EOPKG_TC-UN-f1-5-penalty3l-78_loan_v1_v5_simulated_GATv2,_EOPKG_TC-UN-f1-5-penalty3l,78,train_impulse_activation_max_abs,0,1780893966201,5.194211371562818
learn,EOPKG,EOPKGTopologyConditioned,5fcc89889b1d45c489329f5e3df9a5a2,854778689611649472,_EOPKG_TC-UN-f1-5-penalty3l-78_loan_v1_v5_simulated_GATv2,_EOPKG_TC-UN-f1-5-penalty3l,78,train_impulse_activation_max_abs,0,1780894246765,5.205347619867855
learn,EOPKG,EOPKGTopologyConditioned,5fcc89889b1d45c489329f5e3df9a5a2,854778689611649472,_EOPKG_TC-UN-f1-5-penalty3l-78_loan_v1_v5_simulated_GATv2,_EOPKG_TC-UN-f1-5-penalty3l,78,train_impulse_activation_max_abs,0,1780894246765,5.205347619867855
learn,EOPKG,EOPKGTopologyConditioned,5fcc89889b1d45c489329f5e3df9a5a2,854778689611649472,_EOPKG_TC-UN-f1-5-penalty3l-78_loan_v1_v5_simulated_GATv2,_EOPKG_TC-UN-f1-5-penalty3l,78,train_impulse_activation_max_abs,0,1780894524668,5.436675801754756
learn,EOPKG,EOPKGTopologyConditioned,5fcc89889b1d45c489329f5e3df9a5a2,854778689611649472,_EOPKG_TC-UN-f1-5-penalty3l-78_loan_v1_v5_simulated_GATv2,_EOPKG_TC-UN-f1-5-penalty3l,78,train_impulse_activation_max_abs,0,1780894524668,5.436675801754756
learn,EOPKG,EOPKGTopologyConditioned,5fcc89889b1d45c489329f5e3df9a5a2,854778689611649472,_EOPKG_TC-UN-f1-5-penalty3l-78_loan_v1_v5_simulated_GATv2,_EOPKG_TC-UN-f1-5-penalty3l,78,train_impulse_activation_max_abs,0,1780894818257,5.4183663381870675
learn,EOPKG,EOPKGTopologyConditioned,5fcc89889b1d45c489329f5e3df9a5a2,854778689611649472,_EOPKG_TC-UN-f1-5-penalty3l-78_loan_v1_v5_simulated_GATv2,_EOPKG_TC-UN-f1-5-penalty3l,78,train_impulse_activation_max_abs,0,1780894818257,5.4183663381870675
learn,EOPKG,EOPKGTopologyConditioned,5fcc89889b1d45c489329f5e3df9a5a2,854778689611649472,_EOPKG_TC-UN-f1-5-penalty3l-78_loan_v1_v5_simulated_GATv2,_EOPKG_TC-UN-f1-5-penalty3l,78,train_impulse_activation_max_abs,0,1780895167175,5.468056924392385
learn,EOPKG,EOPKGTopologyConditioned,5fcc89889b1d45c489329f5e3df9a5a2,854778689611649472,_EOPKG_TC-UN-f1-5-penalty3l-78_loan_v1_v5_simulated_GATv2,_EOPKG_TC-UN-f1-5-penalty3l,78,train_impulse_activation_max_abs,0,1780895167175,5.468056924392385
learn,EOPKG,EOPKGTopologyConditioned,5fcc89889b1d45c489329f5e3df9a5a2,854778689611649472,_EOPKG_TC-UN-f1-5-penalty3l-78_loan_v1_v5_simulated_GATv2,_EOPKG_TC-UN-f1-5-penalty3l,78,train_impulse_activation_max_abs,0,1780895498813,5.547313363449752
learn,EOPKG,EOPKGTopologyConditioned,5fcc89889b1d45c489329f5e3df9a5a2,854778689611649472,_EOPKG_TC-UN-f1-5-penalty3l-78_loan_v1_v5_simulated_GATv2,_EOPKG_TC-UN-f1-5-penalty3l,78,train_impulse_activation_max_abs,0,1780895498813,5.547313363449752
learn,EOPKG,EOPKGTopologyConditioned,5fcc89889b1d45c489329f5e3df9a5a2,854778689611649472,_EOPKG_TC-UN-f1-5-penalty3l-78_loan_v1_v5_simulated_GATv2,_EOPKG_TC-UN-f1-5-penalty3l,78,train_impulse_activation_max_abs,0,1780895781705,5.69949589927928
learn,EOPKG,EOPKGTopologyConditioned,5fcc89889b1d45c489329f5e3df9a5a2,854778689611649472,_EOPKG_TC-UN-f1-5-penalty3l-78_loan_v1_v5_simulated_GATv2,_EOPKG_TC-UN-f1-5-penalty3l,78,train_impulse_activation_max_abs,0,1780895781705,5.69949589927928
learn,EOPKG,EOPKGTopologyConditioned,5fcc89889b1d45c489329f5e3df9a5a2,854778689611649472,_EOPKG_TC-UN-f1-5-penalty3l-78_loan_v1_v5_simulated_GATv2,_EOPKG_TC-UN-f1-5-penalty3l,78,train_impulse_activation_max_abs,0,1780896072414,5.893562824055197
learn,EOPKG,EOPKGTopologyConditioned,5fcc89889b1d45c489329f5e3df9a5a2,854778689611649472,_EOPKG_TC-UN-f1-5-penalty3l-78_loan_v1_v5_simulated_GATv2,_EOPKG_TC-UN-f1-5-penalty3l,78,train_impulse_activation_max_abs,0,1780896072414,5.893562824055197
learn,EOPKG,EOPKGTopologyConditioned,5fcc89889b1d45c489329f5e3df9a5a2,854778689611649472,_EOPKG_TC-UN-f1-5-penalty3l-78_loan_v1_v5_simulated_GATv2,_EOPKG_TC-UN-f1-5-penalty3l,78,train_impulse_activation_max_abs,0,1780896332394,5.780284074228405
learn,EOPKG,EOPKGTopologyConditioned,5fcc89889b1d45c489329f5e3df9a5a2,854778689611649472,_EOPKG_TC-UN-f1-5-penalty3l-78_loan_v1_v5_simulated_GATv2,_EOPKG_TC-UN-f1-5-penalty3l,78,train_impulse_activation_max_abs,0,1780896332394,5.780284074228405
learn,EOPKG,EOPKGTopologyConditioned,5fcc89889b1d45c489329f5e3df9a5a2,854778689611649472,_EOPKG_TC-UN-f1-5-penalty3l-78_loan_v1_v5_simulated_GATv2,_EOPKG_TC-UN-f1-5-penalty3l,78,train_impulse_activation_max_abs,0,1780896618854,5.76465089749456
learn,EOPKG,EOPKGTopologyConditioned,5fcc89889b1d45c489329f5e3df9a5a2,854778689611649472,_EOPKG_TC-UN-f1-5-penalty3l-78_loan_v1_v5_simulated_GATv2,_EOPKG_TC-UN-f1-5-penalty3l,78,train_impulse_activation_max_abs,0,1780896618854,5.76465089749456
learn,EOPKG,EOPKGTopologyConditioned,5fcc89889b1d45c489329f5e3df9a5a2,854778689611649472,_EOPKG_TC-UN-f1-5-penalty3l-78_loan_v1_v5_simulated_GATv2,_EOPKG_TC-UN-f1-5-penalty3l,78,train_impulse_activation_max_abs,0,1780896877822,5.816332039279665
learn,EOPKG,EOPKGTopologyConditioned,5fcc89889b1d45c489329f5e3df9a5a2,854778689611649472,_EOPKG_TC-UN-f1-5-penalty3l-78_loan_v1_v5_simulated_GATv2,_EOPKG_TC-UN-f1-5-penalty3l,78,train_impulse_activation_max_abs,0,1780896877822,5.816332039279665
learn,EOPKG,EOPKGTopologyConditioned,5fcc89889b1d45c489329f5e3df9a5a2,854778689611649472,_EOPKG_TC-UN-f1-5-penalty3l-78_loan_v1_v5_simulated_GATv2,_EOPKG_TC-UN-f1-5-penalty3l,78,train_impulse_activation_max_abs,0,1780897165204,5.906108677292477
learn,EOPKG,EOPKGTopologyConditioned,5fcc89889b1d45c489329f5e3df9a5a2,854778689611649472,_EOPKG_TC-UN-f1-5-penalty3l-78_loan_v1_v5_simulated_GATv2,_EOPKG_TC-UN-f1-5-penalty3l,78,train_impulse_activation_max_abs,0,1780897165204,5.906108677292477
learn,EOPKG,EOPKGTopologyConditioned,5fcc89889b1d45c489329f5e3df9a5a2,854778689611649472,_EOPKG_TC-UN-f1-5-penalty3l-78_loan_v1_v5_simulated_GATv2,_EOPKG_TC-UN-f1-5-penalty3l,78,train_impulse_activation_max_abs,0,1780897422055,5.787767080510174
learn,EOPKG,EOPKGTopologyConditioned,5fcc89889b1d45c489329f5e3df9a5a2,854778689611649472,_EOPKG_TC-UN-f1-5-penalty3l-78_loan_v1_v5_simulated_GATv2,_EOPKG_TC-UN-f1-5-penalty3l,78,train_impulse_activation_max_abs,0,1780897422055,5.787767080510174
learn,EOPKG,EOPKGTopologyConditioned,5fcc89889b1d45c489329f5e3df9a5a2,854778689611649472,_EOPKG_TC-UN-f1-5-penalty3l-78_loan_v1_v5_simulated_GATv2,_EOPKG_TC-UN-f1-5-penalty3l,78,train_impulse_activation_max_abs,0,1780897681556,5.814608471571736
learn,EOPKG,EOPKGTopologyConditioned,5fcc89889b1d45c489329f5e3df9a5a2,854778689611649472,_EOPKG_TC-UN-f1-5-penalty3l-78_loan_v1_v5_simulated_GATv2,_EOPKG_TC-UN-f1-5-penalty3l,78,train_impulse_activation_max_abs,0,1780897681556,5.814608471571736
learn,EOPKG,EOPKGTopologyConditioned,5fcc89889b1d45c489329f5e3df9a5a2,854778689611649472,_EOPKG_TC-UN-f1-5-penalty3l-78_loan_v1_v5_simulated_GATv2,_EOPKG_TC-UN-f1-5-penalty3l,78,train_impulse_activation_max_abs,0,1780897945761,5.737161238356501
learn,EOPKG,EOPKGTopologyConditioned,5fcc89889b1d45c489329f5e3df9a5a2,854778689611649472,_EOPKG_TC-UN-f1-5-penalty3l-78_loan_v1_v5_simulated_GATv2,_EOPKG_TC-UN-f1-5-penalty3l,78,train_impulse_activation_max_abs,0,1780897945761,5.737161238356501
learn,EOPKG,EOPKGTopologyConditioned,5fcc89889b1d45c489329f5e3df9a5a2,854778689611649472,_EOPKG_TC-UN-f1-5-penalty3l-78_loan_v1_v5_simulated_GATv2,_EOPKG_TC-UN-f1-5-penalty3l,78,train_impulse_activation_max_abs,0,1780898204420,5.722301570334381
learn,EOPKG,EOPKGTopologyConditioned,5fcc89889b1d45c489329f5e3df9a5a2,854778689611649472,_EOPKG_TC-UN-f1-5-penalty3l-78_loan_v1_v5_simulated_GATv2,_EOPKG_TC-UN-f1-5-penalty3l,78,train_impulse_activation_max_abs,0,1780898204420,5.722301570334381
learn,EOPKG,EOPKGTopologyConditioned,5fcc89889b1d45c489329f5e3df9a5a2,854778689611649472,_EOPKG_TC-UN-f1-5-penalty3l-78_loan_v1_v5_simulated_GATv2,_EOPKG_TC-UN-f1-5-penalty3l,78,train_impulse_activation_max_abs,0,1780898494085,5.800182478985081
learn,EOPKG,EOPKGTopologyConditioned,5fcc89889b1d45c489329f5e3df9a5a2,854778689611649472,_EOPKG_TC-UN-f1-5-penalty3l-78_loan_v1_v5_simulated_GATv2,_EOPKG_TC-UN-f1-5-penalty3l,78,train_impulse_activation_max_abs,0,1780898494085,5.800182478985081
learn,EOPKG,EOPKGTopologyConditioned,5fcc89889b1d45c489329f5e3df9a5a2,854778689611649472,_EOPKG_TC-UN-f1-5-penalty3l-78_loan_v1_v5_simulated_GATv2,_EOPKG_TC-UN-f1-5-penalty3l,78,train_impulse_activation_max_abs,0,1780898757442,5.8739568235764255
learn,EOPKG,EOPKGTopologyConditioned,5fcc89889b1d45c489329f5e3df9a5a2,854778689611649472,_EOPKG_TC-UN-f1-5-penalty3l-78_loan_v1_v5_simulated_GATv2,_EOPKG_TC-UN-f1-5-penalty3l,78,train_impulse_activation_max_abs,0,1780898757442,5.8739568235764255
learn,EOPKG,EOPKGTopologyConditioned,5fcc89889b1d45c489329f5e3df9a5a2,854778689611649472,_EOPKG_TC-UN-f1-5-penalty3l-78_loan_v1_v5_simulated_GATv2,_EOPKG_TC-UN-f1-5-penalty3l,78,train_impulse_activation_max_abs,0,1780899039889,5.725108919916926
learn,EOPKG,EOPKGTopologyConditioned,5fcc89889b1d45c489329f5e3df9a5a2,854778689611649472,_EOPKG_TC-UN-f1-5-penalty3l-78_loan_v1_v5_simulated_GATv2,_EOPKG_TC-UN-f1-5-penalty3l,78,train_impulse_activation_max_abs,0,1780899039889,5.725108919916926
learn,EOPKG,EOPKGTopologyConditioned,5fcc89889b1d45c489329f5e3df9a5a2,854778689611649472,_EOPKG_TC-UN-f1-5-penalty3l-78_loan_v1_v5_simulated_GATv2,_EOPKG_TC-UN-f1-5-penalty3l,78,train_impulse_activation_max_abs,0,1780899317245,5.664102124485567
learn,EOPKG,EOPKGTopologyConditioned,5fcc89889b1d45c489329f5e3df9a5a2,854778689611649472,_EOPKG_TC-UN-f1-5-penalty3l-78_loan_v1_v5_simulated_GATv2,_EOPKG_TC-UN-f1-5-penalty3l,78,train_impulse_activation_max_abs,0,1780899317245,5.664102124485567
learn,EOPKG,EOPKGTopologyConditioned,5fcc89889b1d45c489329f5e3df9a5a2,854778689611649472,_EOPKG_TC-UN-f1-5-penalty3l-78_loan_v1_v5_simulated_GATv2,_EOPKG_TC-UN-f1-5-penalty3l,78,train_impulse_activation_max_abs,0,1780899609574,5.653484869837192
learn,EOPKG,EOPKGTopologyConditioned,5fcc89889b1d45c489329f5e3df9a5a2,854778689611649472,_EOPKG_TC-UN-f1-5-penalty3l-78_loan_v1_v5_simulated_GATv2,_EOPKG_TC-UN-f1-5-penalty3l,78,train_impulse_activation_max_abs,0,1780899609574,5.653484869837192
learn,EOPKG,EOPKGTopologyConditioned,5fcc89889b1d45c489329f5e3df9a5a2,854778689611649472,_EOPKG_TC-UN-f1-5-penalty3l-78_loan_v1_v5_simulated_GATv2,_EOPKG_TC-UN-f1-5-penalty3l,78,train_impulse_activation_max_abs,0,1780899884407,5.895345965326306
learn,EOPKG,EOPKGTopologyConditioned,5fcc89889b1d45c489329f5e3df9a5a2,854778689611649472,_EOPKG_TC-UN-f1-5-penalty3l-78_loan_v1_v5_simulated_GATv2,_EOPKG_TC-UN-f1-5-penalty3l,78,train_impulse_activation_max_abs,0,1780899884407,5.895345965326306
learn,EOPKG,EOPKGTopologyConditioned,5fcc89889b1d45c489329f5e3df9a5a2,854778689611649472,_EOPKG_TC-UN-f1-5-penalty3l-78_loan_v1_v5_simulated_GATv2,_EOPKG_TC-UN-f1-5-penalty3l,78,train_impulse_activation_max_abs,0,1780900143065,6.049723653990438
learn,EOPKG,EOPKGTopologyConditioned,5fcc89889b1d45c489329f5e3df9a5a2,854778689611649472,_EOPKG_TC-UN-f1-5-penalty3l-78_loan_v1_v5_simulated_GATv2,_EOPKG_TC-UN-f1-5-penalty3l,78,train_impulse_activation_max_abs,0,1780900143065,6.049723653990438
learn,EOPKG,EOPKGTopologyConditioned,5fcc89889b1d45c489329f5e3df9a5a2,854778689611649472,_EOPKG_TC-UN-f1-5-penalty3l-78_loan_v1_v5_simulated_GATv2,_EOPKG_TC-UN-f1-5-penalty3l,78,train_impulse_activation_max_abs,0,1780900410659,6.120825242920407
learn,EOPKG,EOPKGTopologyConditioned,5fcc89889b1d45c489329f5e3df9a5a2,854778689611649472,_EOPKG_TC-UN-f1-5-penalty3l-78_loan_v1_v5_simulated_GATv2,_EOPKG_TC-UN-f1-5-penalty3l,78,train_impulse_activation_max_abs,0,1780900410659,6.120825242920407
learn,EOPKG,EOPKGTopologyConditioned,5fcc89889b1d45c489329f5e3df9a5a2,854778689611649472,_EOPKG_TC-UN-f1-5-penalty3l-78_loan_v1_v5_simulated_GATv2,_EOPKG_TC-UN-f1-5-penalty3l,78,train_impulse_activation_max_abs,0,1780900678593,6.210461572547027
learn,EOPKG,EOPKGTopologyConditioned,5fcc89889b1d45c489329f5e3df9a5a2,854778689611649472,_EOPKG_TC-UN-f1-5-penalty3l-78_loan_v1_v5_simulated_GATv2,_EOPKG_TC-UN-f1-5-penalty3l,78,train_impulse_activation_max_abs,0,1780900678593,6.210461572547027
learn,EOPKG,EOPKGTopologyConditioned,5fcc89889b1d45c489329f5e3df9a5a2,854778689611649472,_EOPKG_TC-UN-f1-5-penalty3l-78_loan_v1_v5_simulated_GATv2,_EOPKG_TC-UN-f1-5-penalty3l,78,train_impulse_activation_max_abs,0,1780900938106,6.105703785233732
learn,EOPKG,EOPKGTopologyConditioned,5fcc89889b1d45c489329f5e3df9a5a2,854778689611649472,_EOPKG_TC-UN-f1-5-penalty3l-78_loan_v1_v5_simulated_GATv2,_EOPKG_TC-UN-f1-5-penalty3l,78,train_impulse_activation_max_abs,0,1780900938106,6.105703785233732
learn,EOPKG,EOPKGTopologyConditioned,5fcc89889b1d45c489329f5e3df9a5a2,854778689611649472,_EOPKG_TC-UN-f1-5-penalty3l-78_loan_v1_v5_simulated_GATv2,_EOPKG_TC-UN-f1-5-penalty3l,78,train_impulse_activation_max_abs,0,1780901193152,6.096415769125206
learn,EOPKG,EOPKGTopologyConditioned,5fcc89889b1d45c489329f5e3df9a5a2,854778689611649472,_EOPKG_TC-UN-f1-5-penalty3l-78_loan_v1_v5_simulated_GATv2,_EOPKG_TC-UN-f1-5-penalty3l,78,train_impulse_activation_max_abs,0,1780901193152,6.096415769125206
learn,EOPKG,EOPKGTopologyConditioned,5fcc89889b1d45c489329f5e3df9a5a2,854778689611649472,_EOPKG_TC-UN-f1-5-penalty3l-78_loan_v1_v5_simulated_GATv2,_EOPKG_TC-UN-f1-5-penalty3l,78,train_impulse_activation_max_abs,0,1780901453044,6.05347460745249
learn,EOPKG,EOPKGTopologyConditioned,5fcc89889b1d45c489329f5e3df9a5a2,854778689611649472,_EOPKG_TC-UN-f1-5-penalty3l-78_loan_v1_v5_simulated_GATv2,_EOPKG_TC-UN-f1-5-penalty3l,78,train_impulse_activation_max_abs,0,1780901453044,6.05347460745249
learn,EOPKG,EOPKGTopologyConditioned,5fcc89889b1d45c489329f5e3df9a5a2,854778689611649472,_EOPKG_TC-UN-f1-5-penalty3l-78_loan_v1_v5_simulated_GATv2,_EOPKG_TC-UN-f1-5-penalty3l,78,train_impulse_activation_max_abs,0,1780901713993,6.0918454017093335
learn,EOPKG,EOPKGTopologyConditioned,5fcc89889b1d45c489329f5e3df9a5a2,854778689611649472,_EOPKG_TC-UN-f1-5-penalty3l-78_loan_v1_v5_simulated_GATv2,_EOPKG_TC-UN-f1-5-penalty3l,78,train_impulse_activation_max_abs,0,1780901713993,6.0918454017093335
learn,EOPKG,EOPKGTopologyConditioned,5fcc89889b1d45c489329f5e3df9a5a2,854778689611649472,_EOPKG_TC-UN-f1-5-penalty3l-78_loan_v1_v5_simulated_GATv2,_EOPKG_TC-UN-f1-5-penalty3l,78,train_impulse_activation_max_abs,0,1780901974561,6.15604023789374
learn,EOPKG,EOPKGTopologyConditioned,5fcc89889b1d45c489329f5e3df9a5a2,854778689611649472,_EOPKG_TC-UN-f1-5-penalty3l-78_loan_v1_v5_simulated_GATv2,_EOPKG_TC-UN-f1-5-penalty3l,78,train_impulse_activation_max_abs,0,1780901974561,6.15604023789374
learn,EOPKG,EOPKGTopologyConditioned,a9ec65c003b14176b0d853a15471bbbb,854778689611649472,_EOPKG_TC-UN-f1-5-penalty3l-13_loan_v1_v5_simulated_GATv2,_EOPKG_TC-UN-f1-5-penalty3l,13,train_impulse_activation_max_abs,0,1780837198298,3.0561057770763935
learn,EOPKG,EOPKGTopologyConditioned,a9ec65c003b14176b0d853a15471bbbb,854778689611649472,_EOPKG_TC-UN-f1-5-penalty3l-13_loan_v1_v5_simulated_GATv2,_EOPKG_TC-UN-f1-5-penalty3l,13,train_impulse_activation_max_abs,0,1780837198298,3.0561057770763935
learn,EOPKG,EOPKGTopologyConditioned,a9ec65c003b14176b0d853a15471bbbb,854778689611649472,_EOPKG_TC-UN-f1-5-penalty3l-13_loan_v1_v5_simulated_GATv2,_EOPKG_TC-UN-f1-5-penalty3l,13,train_impulse_activation_max_abs,0,1780837464977,3.5232495200273912
learn,EOPKG,EOPKGTopologyConditioned,a9ec65c003b14176b0d853a15471bbbb,854778689611649472,_EOPKG_TC-UN-f1-5-penalty3l-13_loan_v1_v5_simulated_GATv2,_EOPKG_TC-UN-f1-5-penalty3l,13,train_impulse_activation_max_abs,0,1780837464977,3.5232495200273912
learn,EOPKG,EOPKGTopologyConditioned,a9ec65c003b14176b0d853a15471bbbb,854778689611649472,_EOPKG_TC-UN-f1-5-penalty3l-13_loan_v1_v5_simulated_GATv2,_EOPKG_TC-UN-f1-5-penalty3l,13,train_impulse_activation_max_abs,0,1780837714280,3.9986316073679964
learn,EOPKG,EOPKGTopologyConditioned,a9ec65c003b14176b0d853a15471bbbb,854778689611649472,_EOPKG_TC-UN-f1-5-penalty3l-13_loan_v1_v5_simulated_GATv2,_EOPKG_TC-UN-f1-5-penalty3l,13,train_impulse_activation_max_abs,0,1780837714280,3.9986316073679964
learn,EOPKG,EOPKGTopologyConditioned,a9ec65c003b14176b0d853a15471bbbb,854778689611649472,_EOPKG_TC-UN-f1-5-penalty3l-13_loan_v1_v5_simulated_GATv2,_EOPKG_TC-UN-f1-5-penalty3l,13,train_impulse_activation_max_abs,0,1780837962267,4.257103479154917
learn,EOPKG,EOPKGTopologyConditioned,a9ec65c003b14176b0d853a15471bbbb,854778689611649472,_EOPKG_TC-UN-f1-5-penalty3l-13_loan_v1_v5_simulated_GATv2,_EOPKG_TC-UN-f1-5-penalty3l,13,train_impulse_activation_max_abs,0,1780837962267,4.257103479154917
learn,EOPKG,EOPKGTopologyConditioned,a9ec65c003b14176b0d853a15471bbbb,854778689611649472,_EOPKG_TC-UN-f1-5-penalty3l-13_loan_v1_v5_simulated_GATv2,_EOPKG_TC-UN-f1-5-penalty3l,13,train_impulse_activation_max_abs,0,1780838213100,4.374093747101073
learn,EOPKG,EOPKGTopologyConditioned,a9ec65c003b14176b0d853a15471bbbb,854778689611649472,_EOPKG_TC-UN-f1-5-penalty3l-13_loan_v1_v5_simulated_GATv2,_EOPKG_TC-UN-f1-5-penalty3l,13,train_impulse_activation_max_abs,0,1780838213100,4.374093747101073
learn,EOPKG,EOPKGTopologyConditioned,a9ec65c003b14176b0d853a15471bbbb,854778689611649472,_EOPKG_TC-UN-f1-5-penalty3l-13_loan_v1_v5_simulated_GATv2,_EOPKG_TC-UN-f1-5-penalty3l,13,train_impulse_activation_max_abs,0,1780838460350,4.5778416867096965
learn,EOPKG,EOPKGTopologyConditioned,a9ec65c003b14176b0d853a15471bbbb,854778689611649472,_EOPKG_TC-UN-f1-5-penalty3l-13_loan_v1_v5_simulated_GATv2,_EOPKG_TC-UN-f1-5-penalty3l,13,train_impulse_activation_max_abs,0,1780838460350,4.5778416867096965
learn,EOPKG,EOPKGTopologyConditioned,a9ec65c003b14176b0d853a15471bbbb,854778689611649472,_EOPKG_TC-UN-f1-5-penalty3l-13_loan_v1_v5_simulated_GATv2,_EOPKG_TC-UN-f1-5-penalty3l,13,train_impulse_activation_max_abs,0,1780838706410,4.619203574327672
learn,EOPKG,EOPKGTopologyConditioned,a9ec65c003b14176b0d853a15471bbbb,854778689611649472,_EOPKG_TC-UN-f1-5-penalty3l-13_loan_v1_v5_simulated_GATv2,_EOPKG_TC-UN-f1-5-penalty3l,13,train_impulse_activation_max_abs,0,1780838706410,4.619203574327672
learn,EOPKG,EOPKGTopologyConditioned,a9ec65c003b14176b0d853a15471bbbb,854778689611649472,_EOPKG_TC-UN-f1-5-penalty3l-13_loan_v1_v5_simulated_GATv2,_EOPKG_TC-UN-f1-5-penalty3l,13,train_impulse_activation_max_abs,0,1780838951613,4.824639611479209
learn,EOPKG,EOPKGTopologyConditioned,a9ec65c003b14176b0d853a15471bbbb,854778689611649472,_EOPKG_TC-UN-f1-5-penalty3l-13_loan_v1_v5_simulated_GATv2,_EOPKG_TC-UN-f1-5-penalty3l,13,train_impulse_activation_max_abs,0,1780838951613,4.824639611479209
learn,EOPKG,EOPKGTopologyConditioned,a9ec65c003b14176b0d853a15471bbbb,854778689611649472,_EOPKG_TC-UN-f1-5-penalty3l-13_loan_v1_v5_simulated_GATv2,_EOPKG_TC-UN-f1-5-penalty3l,13,train_impulse_activation_max_abs,0,1780839203102,4.797227957290382
learn,EOPKG,EOPKGTopologyConditioned,a9ec65c003b14176b0d853a15471bbbb,854778689611649472,_EOPKG_TC-UN-f1-5-penalty3l-13_loan_v1_v5_simulated_GATv2,_EOPKG_TC-UN-f1-5-penalty3l,13,train_impulse_activation_max_abs,0,1780839203102,4.797227957290382
learn,EOPKG,EOPKGTopologyConditioned,a9ec65c003b14176b0d853a15471bbbb,854778689611649472,_EOPKG_TC-UN-f1-5-penalty3l-13_loan_v1_v5_simulated_GATv2,_EOPKG_TC-UN-f1-5-penalty3l,13,train_impulse_activation_max_abs,0,1780839453418,4.9359969971479405
learn,EOPKG,EOPKGTopologyConditioned,a9ec65c003b14176b0d853a15471bbbb,854778689611649472,_EOPKG_TC-UN-f1-5-penalty3l-13_loan_v1_v5_simulated_GATv2,_EOPKG_TC-UN-f1-5-penalty3l,13,train_impulse_activation_max_abs,0,1780839453418,4.9359969971479405
learn,EOPKG,EOPKGTopologyConditioned,a9ec65c003b14176b0d853a15471bbbb,854778689611649472,_EOPKG_TC-UN-f1-5-penalty3l-13_loan_v1_v5_simulated_GATv2,_EOPKG_TC-UN-f1-5-penalty3l,13,train_impulse_activation_max_abs,0,1780839700049,5.036301217132229
learn,EOPKG,EOPKGTopologyConditioned,a9ec65c003b14176b0d853a15471bbbb,854778689611649472,_EOPKG_TC-UN-f1-5-penalty3l-13_loan_v1_v5_simulated_GATv2,_EOPKG_TC-UN-f1-5-penalty3l,13,train_impulse_activation_max_abs,0,1780839700049,5.036301217132229
learn,EOPKG,EOPKGTopologyConditioned,a9ec65c003b14176b0d853a15471bbbb,854778689611649472,_EOPKG_TC-UN-f1-5-penalty3l-13_loan_v1_v5_simulated_GATv2,_EOPKG_TC-UN-f1-5-penalty3l,13,train_impulse_activation_max_abs,0,1780839950447,5.2582447001968164
learn,EOPKG,EOPKGTopologyConditioned,a9ec65c003b14176b0d853a15471bbbb,854778689611649472,_EOPKG_TC-UN-f1-5-penalty3l-13_loan_v1_v5_simulated_GATv2,_EOPKG_TC-UN-f1-5-penalty3l,13,train_impulse_activation_max_abs,0,1780839950447,5.2582447001968164
learn,EOPKG,EOPKGTopologyConditioned,a9ec65c003b14176b0d853a15471bbbb,854778689611649472,_EOPKG_TC-UN-f1-5-penalty3l-13_loan_v1_v5_simulated_GATv2,_EOPKG_TC-UN-f1-5-penalty3l,13,train_impulse_activation_max_abs,0,1780840202310,5.37134188119861
learn,EOPKG,EOPKGTopologyConditioned,a9ec65c003b14176b0d853a15471bbbb,854778689611649472,_EOPKG_TC-UN-f1-5-penalty3l-13_loan_v1_v5_simulated_GATv2,_EOPKG_TC-UN-f1-5-penalty3l,13,train_impulse_activation_max_abs,0,1780840202310,5.37134188119861
learn,EOPKG,EOPKGTopologyConditioned,a9ec65c003b14176b0d853a15471bbbb,854778689611649472,_EOPKG_TC-UN-f1-5-penalty3l-13_loan_v1_v5_simulated_GATv2,_EOPKG_TC-UN-f1-5-penalty3l,13,train_impulse_activation_max_abs,0,1780840450548,5.4328470199779035
learn,EOPKG,EOPKGTopologyConditioned,a9ec65c003b14176b0d853a15471bbbb,854778689611649472,_EOPKG_TC-UN-f1-5-penalty3l-13_loan_v1_v5_simulated_GATv2,_EOPKG_TC-UN-f1-5-penalty3l,13,train_impulse_activation_max_abs,0,1780840450548,5.4328470199779035
learn,EOPKG,EOPKGTopologyConditioned,a9ec65c003b14176b0d853a15471bbbb,854778689611649472,_EOPKG_TC-UN-f1-5-penalty3l-13_loan_v1_v5_simulated_GATv2,_EOPKG_TC-UN-f1-5-penalty3l,13,train_impulse_activation_max_abs,0,1780840695679,5.453328506366627
learn,EOPKG,EOPKGTopologyConditioned,a9ec65c003b14176b0d853a15471bbbb,854778689611649472,_EOPKG_TC-UN-f1-5-penalty3l-13_loan_v1_v5_simulated_GATv2,_EOPKG_TC-UN-f1-5-penalty3l,13,train_impulse_activation_max_abs,0,1780840695679,5.453328506366627
learn,EOPKG,EOPKGTopologyConditioned,a9ec65c003b14176b0d853a15471bbbb,854778689611649472,_EOPKG_TC-UN-f1-5-penalty3l-13_loan_v1_v5_simulated_GATv2,_EOPKG_TC-UN-f1-5-penalty3l,13,train_impulse_activation_max_abs,0,1780840942061,5.42373487263302
learn,EOPKG,EOPKGTopologyConditioned,a9ec65c003b14176b0d853a15471bbbb,854778689611649472,_EOPKG_TC-UN-f1-5-penalty3l-13_loan_v1_v5_simulated_GATv2,_EOPKG_TC-UN-f1-5-penalty3l,13,train_impulse_activation_max_abs,0,1780840942061,5.42373487263302
learn,EOPKG,EOPKGTopologyConditioned,a9ec65c003b14176b0d853a15471bbbb,854778689611649472,_EOPKG_TC-UN-f1-5-penalty3l-13_loan_v1_v5_simulated_GATv2,_EOPKG_TC-UN-f1-5-penalty3l,13,train_impulse_activation_max_abs,0,1780841188054,5.417716146842095
learn,EOPKG,EOPKGTopologyConditioned,a9ec65c003b14176b0d853a15471bbbb,854778689611649472,_EOPKG_TC-UN-f1-5-penalty3l-13_loan_v1_v5_simulated_GATv2,_EOPKG_TC-UN-f1-5-penalty3l,13,train_impulse_activation_max_abs,0,1780841188054,5.417716146842095
learn,EOPKG,EOPKGTopologyConditioned,a9ec65c003b14176b0d853a15471bbbb,854778689611649472,_EOPKG_TC-UN-f1-5-penalty3l-13_loan_v1_v5_simulated_GATv2,_EOPKG_TC-UN-f1-5-penalty3l,13,train_impulse_activation_max_abs,0,1780841436795,5.586265153839403
learn,EOPKG,EOPKGTopologyConditioned,a9ec65c003b14176b0d853a15471bbbb,854778689611649472,_EOPKG_TC-UN-f1-5-penalty3l-13_loan_v1_v5_simulated_GATv2,_EOPKG_TC-UN-f1-5-penalty3l,13,train_impulse_activation_max_abs,0,1780841436795,5.586265153839403
learn,EOPKG,EOPKGTopologyConditioned,a9ec65c003b14176b0d853a15471bbbb,854778689611649472,_EOPKG_TC-UN-f1-5-penalty3l-13_loan_v1_v5_simulated_GATv2,_EOPKG_TC-UN-f1-5-penalty3l,13,train_impulse_activation_max_abs,0,1780841683746,5.621411986874094
learn,EOPKG,EOPKGTopologyConditioned,a9ec65c003b14176b0d853a15471bbbb,854778689611649472,_EOPKG_TC-UN-f1-5-penalty3l-13_loan_v1_v5_simulated_GATv2,_EOPKG_TC-UN-f1-5-penalty3l,13,train_impulse_activation_max_abs,0,1780841683746,5.621411986874094
learn,EOPKG,EOPKGTopologyConditioned,a9ec65c003b14176b0d853a15471bbbb,854778689611649472,_EOPKG_TC-UN-f1-5-penalty3l-13_loan_v1_v5_simulated_GATv2,_EOPKG_TC-UN-f1-5-penalty3l,13,train_impulse_activation_max_abs,0,1780841929278,5.5270562793567946
learn,EOPKG,EOPKGTopologyConditioned,a9ec65c003b14176b0d853a15471bbbb,854778689611649472,_EOPKG_TC-UN-f1-5-penalty3l-13_loan_v1_v5_simulated_GATv2,_EOPKG_TC-UN-f1-5-penalty3l,13,train_impulse_activation_max_abs,0,1780841929278,5.5270562793567946
learn,EOPKG,EOPKGTopologyConditioned,a9ec65c003b14176b0d853a15471bbbb,854778689611649472,_EOPKG_TC-UN-f1-5-penalty3l-13_loan_v1_v5_simulated_GATv2,_EOPKG_TC-UN-f1-5-penalty3l,13,train_impulse_activation_max_abs,0,1780842175322,5.56144309309215
learn,EOPKG,EOPKGTopologyConditioned,a9ec65c003b14176b0d853a15471bbbb,854778689611649472,_EOPKG_TC-UN-f1-5-penalty3l-13_loan_v1_v5_simulated_GATv2,_EOPKG_TC-UN-f1-5-penalty3l,13,train_impulse_activation_max_abs,0,1780842175322,5.56144309309215
learn,EOPKG,EOPKGTopologyConditioned,a9ec65c003b14176b0d853a15471bbbb,854778689611649472,_EOPKG_TC-UN-f1-5-penalty3l-13_loan_v1_v5_simulated_GATv2,_EOPKG_TC-UN-f1-5-penalty3l,13,train_impulse_activation_max_abs,0,1780842420505,5.795712051785807
learn,EOPKG,EOPKGTopologyConditioned,a9ec65c003b14176b0d853a15471bbbb,854778689611649472,_EOPKG_TC-UN-f1-5-penalty3l-13_loan_v1_v5_simulated_GATv2,_EOPKG_TC-UN-f1-5-penalty3l,13,train_impulse_activation_max_abs,0,1780842420505,5.795712051785807
learn,EOPKG,EOPKGTopologyConditioned,a9ec65c003b14176b0d853a15471bbbb,854778689611649472,_EOPKG_TC-UN-f1-5-penalty3l-13_loan_v1_v5_simulated_GATv2,_EOPKG_TC-UN-f1-5-penalty3l,13,train_impulse_activation_max_abs,0,1780842668694,5.720913245681738
learn,EOPKG,EOPKGTopologyConditioned,a9ec65c003b14176b0d853a15471bbbb,854778689611649472,_EOPKG_TC-UN-f1-5-penalty3l-13_loan_v1_v5_simulated_GATv2,_EOPKG_TC-UN-f1-5-penalty3l,13,train_impulse_activation_max_abs,0,1780842668694,5.720913245681738
learn,EOPKG,EOPKGTopologyConditioned,a9ec65c003b14176b0d853a15471bbbb,854778689611649472,_EOPKG_TC-UN-f1-5-penalty3l-13_loan_v1_v5_simulated_GATv2,_EOPKG_TC-UN-f1-5-penalty3l,13,train_impulse_activation_max_abs,0,1780842915618,5.637873333474601
learn,EOPKG,EOPKGTopologyConditioned,a9ec65c003b14176b0d853a15471bbbb,854778689611649472,_EOPKG_TC-UN-f1-5-penalty3l-13_loan_v1_v5_simulated_GATv2,_EOPKG_TC-UN-f1-5-penalty3l,13,train_impulse_activation_max_abs,0,1780842915618,5.637873333474601
learn,EOPKG,EOPKGTopologyConditioned,a9ec65c003b14176b0d853a15471bbbb,854778689611649472,_EOPKG_TC-UN-f1-5-penalty3l-13_loan_v1_v5_simulated_GATv2,_EOPKG_TC-UN-f1-5-penalty3l,13,train_impulse_activation_max_abs,0,1780843165137,5.676302992482633
learn,EOPKG,EOPKGTopologyConditioned,a9ec65c003b14176b0d853a15471bbbb,854778689611649472,_EOPKG_TC-UN-f1-5-penalty3l-13_loan_v1_v5_simulated_GATv2,_EOPKG_TC-UN-f1-5-penalty3l,13,train_impulse_activation_max_abs,0,1780843165137,5.676302992482633
learn,EOPKG,EOPKGTopologyConditioned,a9ec65c003b14176b0d853a15471bbbb,854778689611649472,_EOPKG_TC-UN-f1-5-penalty3l-13_loan_v1_v5_simulated_GATv2,_EOPKG_TC-UN-f1-5-penalty3l,13,train_impulse_activation_max_abs,0,1780843414354,5.852514749869633
learn,EOPKG,EOPKGTopologyConditioned,a9ec65c003b14176b0d853a15471bbbb,854778689611649472,_EOPKG_TC-UN-f1-5-penalty3l-13_loan_v1_v5_simulated_GATv2,_EOPKG_TC-UN-f1-5-penalty3l,13,train_impulse_activation_max_abs,0,1780843414354,5.852514749869633
learn,EOPKG,EOPKGTopologyConditioned,a9ec65c003b14176b0d853a15471bbbb,854778689611649472,_EOPKG_TC-UN-f1-5-penalty3l-13_loan_v1_v5_simulated_GATv2,_EOPKG_TC-UN-f1-5-penalty3l,13,train_impulse_activation_max_abs,0,1780843662896,5.8743473767097125
learn,EOPKG,EOPKGTopologyConditioned,a9ec65c003b14176b0d853a15471bbbb,854778689611649472,_EOPKG_TC-UN-f1-5-penalty3l-13_loan_v1_v5_simulated_GATv2,_EOPKG_TC-UN-f1-5-penalty3l,13,train_impulse_activation_max_abs,0,1780843662896,5.8743473767097125
learn,EOPKG,EOPKGTopologyConditioned,a9ec65c003b14176b0d853a15471bbbb,854778689611649472,_EOPKG_TC-UN-f1-5-penalty3l-13_loan_v1_v5_simulated_GATv2,_EOPKG_TC-UN-f1-5-penalty3l,13,train_impulse_activation_max_abs,0,1780843909234,6.094549336759388
learn,EOPKG,EOPKGTopologyConditioned,a9ec65c003b14176b0d853a15471bbbb,854778689611649472,_EOPKG_TC-UN-f1-5-penalty3l-13_loan_v1_v5_simulated_GATv2,_EOPKG_TC-UN-f1-5-penalty3l,13,train_impulse_activation_max_abs,0,1780843909234,6.094549336759388
learn,EOPKG,EOPKGTopologyConditioned,a9ec65c003b14176b0d853a15471bbbb,854778689611649472,_EOPKG_TC-UN-f1-5-penalty3l-13_loan_v1_v5_simulated_GATv2,_EOPKG_TC-UN-f1-5-penalty3l,13,train_impulse_activation_max_abs,0,1780844155688,6.088347996740539
learn,EOPKG,EOPKGTopologyConditioned,a9ec65c003b14176b0d853a15471bbbb,854778689611649472,_EOPKG_TC-UN-f1-5-penalty3l-13_loan_v1_v5_simulated_GATv2,_EOPKG_TC-UN-f1-5-penalty3l,13,train_impulse_activation_max_abs,0,1780844155688,6.088347996740539
learn,EOPKG,EOPKGTopologyConditioned,a9ec65c003b14176b0d853a15471bbbb,854778689611649472,_EOPKG_TC-UN-f1-5-penalty3l-13_loan_v1_v5_simulated_GATv2,_EOPKG_TC-UN-f1-5-penalty3l,13,train_impulse_activation_max_abs,0,1780844401122,6.145514532189301
learn,EOPKG,EOPKGTopologyConditioned,a9ec65c003b14176b0d853a15471bbbb,854778689611649472,_EOPKG_TC-UN-f1-5-penalty3l-13_loan_v1_v5_simulated_GATv2,_EOPKG_TC-UN-f1-5-penalty3l,13,train_impulse_activation_max_abs,0,1780844401122,6.145514532189301
learn,EOPKG,EOPKGTopologyConditioned,a9ec65c003b14176b0d853a15471bbbb,854778689611649472,_EOPKG_TC-UN-f1-5-penalty3l-13_loan_v1_v5_simulated_GATv2,_EOPKG_TC-UN-f1-5-penalty3l,13,train_impulse_activation_max_abs,0,1780844648935,6.173548483128388
learn,EOPKG,EOPKGTopologyConditioned,a9ec65c003b14176b0d853a15471bbbb,854778689611649472,_EOPKG_TC-UN-f1-5-penalty3l-13_loan_v1_v5_simulated_GATv2,_EOPKG_TC-UN-f1-5-penalty3l,13,train_impulse_activation_max_abs,0,1780844648935,6.173548483128388
learn,EOPKG,EOPKGTopologyConditioned,a9ec65c003b14176b0d853a15471bbbb,854778689611649472,_EOPKG_TC-UN-f1-5-penalty3l-13_loan_v1_v5_simulated_GATv2,_EOPKG_TC-UN-f1-5-penalty3l,13,train_impulse_activation_max_abs,0,1780844897722,6.261165177689447
learn,EOPKG,EOPKGTopologyConditioned,a9ec65c003b14176b0d853a15471bbbb,854778689611649472,_EOPKG_TC-UN-f1-5-penalty3l-13_loan_v1_v5_simulated_GATv2,_EOPKG_TC-UN-f1-5-penalty3l,13,train_impulse_activation_max_abs,0,1780844897722,6.261165177689447
learn,EOPKG,EOPKGTopologyConditioned,a9ec65c003b14176b0d853a15471bbbb,854778689611649472,_EOPKG_TC-UN-f1-5-penalty3l-13_loan_v1_v5_simulated_GATv2,_EOPKG_TC-UN-f1-5-penalty3l,13,train_impulse_activation_max_abs,0,1780845149259,6.27663440810478
learn,EOPKG,EOPKGTopologyConditioned,a9ec65c003b14176b0d853a15471bbbb,854778689611649472,_EOPKG_TC-UN-f1-5-penalty3l-13_loan_v1_v5_simulated_GATv2,_EOPKG_TC-UN-f1-5-penalty3l,13,train_impulse_activation_max_abs,0,1780845149259,6.27663440810478
learn,EOPKG,EOPKGTopologyConditioned,a9ec65c003b14176b0d853a15471bbbb,854778689611649472,_EOPKG_TC-UN-f1-5-penalty3l-13_loan_v1_v5_simulated_GATv2,_EOPKG_TC-UN-f1-5-penalty3l,13,train_impulse_activation_max_abs,0,1780845393551,6.290189858271321
learn,EOPKG,EOPKGTopologyConditioned,a9ec65c003b14176b0d853a15471bbbb,854778689611649472,_EOPKG_TC-UN-f1-5-penalty3l-13_loan_v1_v5_simulated_GATv2,_EOPKG_TC-UN-f1-5-penalty3l,13,train_impulse_activation_max_abs,0,1780845393551,6.290189858271321
learn,EOPKG,EOPKGTopologyConditioned,a9ec65c003b14176b0d853a15471bbbb,854778689611649472,_EOPKG_TC-UN-f1-5-penalty3l-13_loan_v1_v5_simulated_GATv2,_EOPKG_TC-UN-f1-5-penalty3l,13,train_impulse_activation_max_abs,0,1780845640654,6.314159071123278
learn,EOPKG,EOPKGTopologyConditioned,a9ec65c003b14176b0d853a15471bbbb,854778689611649472,_EOPKG_TC-UN-f1-5-penalty3l-13_loan_v1_v5_simulated_GATv2,_EOPKG_TC-UN-f1-5-penalty3l,13,train_impulse_activation_max_abs,0,1780845640654,6.314159071123278
learn,EOPKG,EOPKGTopologyConditioned,a9ec65c003b14176b0d853a15471bbbb,854778689611649472,_EOPKG_TC-UN-f1-5-penalty3l-13_loan_v1_v5_simulated_GATv2,_EOPKG_TC-UN-f1-5-penalty3l,13,train_impulse_activation_max_abs,0,1780845886235,6.297396767499526
learn,EOPKG,EOPKGTopologyConditioned,a9ec65c003b14176b0d853a15471bbbb,854778689611649472,_EOPKG_TC-UN-f1-5-penalty3l-13_loan_v1_v5_simulated_GATv2,_EOPKG_TC-UN-f1-5-penalty3l,13,train_impulse_activation_max_abs,0,1780845886235,6.297396767499526
learn,EOPKG,EOPKGTopologyConditioned,a9ec65c003b14176b0d853a15471bbbb,854778689611649472,_EOPKG_TC-UN-f1-5-penalty3l-13_loan_v1_v5_simulated_GATv2,_EOPKG_TC-UN-f1-5-penalty3l,13,train_impulse_activation_max_abs,0,1780846133056,6.1487340115970195
learn,EOPKG,EOPKGTopologyConditioned,a9ec65c003b14176b0d853a15471bbbb,854778689611649472,_EOPKG_TC-UN-f1-5-penalty3l-13_loan_v1_v5_simulated_GATv2,_EOPKG_TC-UN-f1-5-penalty3l,13,train_impulse_activation_max_abs,0,1780846133056,6.1487340115970195
learn,EOPKG,EOPKGTopologyConditioned,a9ec65c003b14176b0d853a15471bbbb,854778689611649472,_EOPKG_TC-UN-f1-5-penalty3l-13_loan_v1_v5_simulated_GATv2,_EOPKG_TC-UN-f1-5-penalty3l,13,train_impulse_activation_max_abs,0,1780846381225,6.336686342054406
learn,EOPKG,EOPKGTopologyConditioned,a9ec65c003b14176b0d853a15471bbbb,854778689611649472,_EOPKG_TC-UN-f1-5-penalty3l-13_loan_v1_v5_simulated_GATv2,_EOPKG_TC-UN-f1-5-penalty3l,13,train_impulse_activation_max_abs,0,1780846381225,6.336686342054406
learn,EOPKG,EOPKGTopologyConditioned,a9ec65c003b14176b0d853a15471bbbb,854778689611649472,_EOPKG_TC-UN-f1-5-penalty3l-13_loan_v1_v5_simulated_GATv2,_EOPKG_TC-UN-f1-5-penalty3l,13,train_impulse_activation_max_abs,0,1780846626480,6.192607145809786
learn,EOPKG,EOPKGTopologyConditioned,a9ec65c003b14176b0d853a15471bbbb,854778689611649472,_EOPKG_TC-UN-f1-5-penalty3l-13_loan_v1_v5_simulated_GATv2,_EOPKG_TC-UN-f1-5-penalty3l,13,train_impulse_activation_max_abs,0,1780846626480,6.192607145809786
learn,EOPKG,EOPKGTopologyConditioned,b8f6130db97f4f28b27d4528497aa1f3,854778689611649472,_EOPKG_TC-UN-f1-5-penalty3l-55_loan_v1_v5_simulated_GATv2,_EOPKG_TC-UN-f1-5-penalty3l,55,train_impulse_activation_max_abs,0,1780851153158,3.476453559008236
learn,EOPKG,EOPKGTopologyConditioned,b8f6130db97f4f28b27d4528497aa1f3,854778689611649472,_EOPKG_TC-UN-f1-5-penalty3l-55_loan_v1_v5_simulated_GATv2,_EOPKG_TC-UN-f1-5-penalty3l,55,train_impulse_activation_max_abs,0,1780851153158,3.476453559008236
learn,EOPKG,EOPKGTopologyConditioned,b8f6130db97f4f28b27d4528497aa1f3,854778689611649472,_EOPKG_TC-UN-f1-5-penalty3l-55_loan_v1_v5_simulated_GATv2,_EOPKG_TC-UN-f1-5-penalty3l,55,train_impulse_activation_max_abs,0,1780851413338,3.765797392173488
learn,EOPKG,EOPKGTopologyConditioned,b8f6130db97f4f28b27d4528497aa1f3,854778689611649472,_EOPKG_TC-UN-f1-5-penalty3l-55_loan_v1_v5_simulated_GATv2,_EOPKG_TC-UN-f1-5-penalty3l,55,train_impulse_activation_max_abs,0,1780851413338,3.765797392173488
learn,EOPKG,EOPKGTopologyConditioned,b8f6130db97f4f28b27d4528497aa1f3,854778689611649472,_EOPKG_TC-UN-f1-5-penalty3l-55_loan_v1_v5_simulated_GATv2,_EOPKG_TC-UN-f1-5-penalty3l,55,train_impulse_activation_max_abs,0,1780851663527,3.628525905275572
learn,EOPKG,EOPKGTopologyConditioned,b8f6130db97f4f28b27d4528497aa1f3,854778689611649472,_EOPKG_TC-UN-f1-5-penalty3l-55_loan_v1_v5_simulated_GATv2,_EOPKG_TC-UN-f1-5-penalty3l,55,train_impulse_activation_max_abs,0,1780851663527,3.628525905275572
learn,EOPKG,EOPKGTopologyConditioned,b8f6130db97f4f28b27d4528497aa1f3,854778689611649472,_EOPKG_TC-UN-f1-5-penalty3l-55_loan_v1_v5_simulated_GATv2,_EOPKG_TC-UN-f1-5-penalty3l,55,train_impulse_activation_max_abs,0,1780851910802,3.740777334082866
learn,EOPKG,EOPKGTopologyConditioned,b8f6130db97f4f28b27d4528497aa1f3,854778689611649472,_EOPKG_TC-UN-f1-5-penalty3l-55_loan_v1_v5_simulated_GATv2,_EOPKG_TC-UN-f1-5-penalty3l,55,train_impulse_activation_max_abs,0,1780851910802,3.740777334082866
learn,EOPKG,EOPKGTopologyConditioned,b8f6130db97f4f28b27d4528497aa1f3,854778689611649472,_EOPKG_TC-UN-f1-5-penalty3l-55_loan_v1_v5_simulated_GATv2,_EOPKG_TC-UN-f1-5-penalty3l,55,train_impulse_activation_max_abs,0,1780852161538,4.035021404393716
learn,EOPKG,EOPKGTopologyConditioned,b8f6130db97f4f28b27d4528497aa1f3,854778689611649472,_EOPKG_TC-UN-f1-5-penalty3l-55_loan_v1_v5_simulated_GATv2,_EOPKG_TC-UN-f1-5-penalty3l,55,train_impulse_activation_max_abs,0,1780852161538,4.035021404393716
learn,EOPKG,EOPKGTopologyConditioned,b8f6130db97f4f28b27d4528497aa1f3,854778689611649472,_EOPKG_TC-UN-f1-5-penalty3l-55_loan_v1_v5_simulated_GATv2,_EOPKG_TC-UN-f1-5-penalty3l,55,train_impulse_activation_max_abs,0,1780852420782,4.162627676143555
learn,EOPKG,EOPKGTopologyConditioned,b8f6130db97f4f28b27d4528497aa1f3,854778689611649472,_EOPKG_TC-UN-f1-5-penalty3l-55_loan_v1_v5_simulated_GATv2,_EOPKG_TC-UN-f1-5-penalty3l,55,train_impulse_activation_max_abs,0,1780852420782,4.162627676143555
learn,EOPKG,EOPKGTopologyConditioned,b8f6130db97f4f28b27d4528497aa1f3,854778689611649472,_EOPKG_TC-UN-f1-5-penalty3l-55_loan_v1_v5_simulated_GATv2,_EOPKG_TC-UN-f1-5-penalty3l,55,train_impulse_activation_max_abs,0,1780852666360,4.499327431422539
learn,EOPKG,EOPKGTopologyConditioned,b8f6130db97f4f28b27d4528497aa1f3,854778689611649472,_EOPKG_TC-UN-f1-5-penalty3l-55_loan_v1_v5_simulated_GATv2,_EOPKG_TC-UN-f1-5-penalty3l,55,train_impulse_activation_max_abs,0,1780852666360,4.499327431422539
learn,EOPKG,EOPKGTopologyConditioned,b8f6130db97f4f28b27d4528497aa1f3,854778689611649472,_EOPKG_TC-UN-f1-5-penalty3l-55_loan_v1_v5_simulated_GATv2,_EOPKG_TC-UN-f1-5-penalty3l,55,train_impulse_activation_max_abs,0,1780852915508,4.666230667187034
learn,EOPKG,EOPKGTopologyConditioned,b8f6130db97f4f28b27d4528497aa1f3,854778689611649472,_EOPKG_TC-UN-f1-5-penalty3l-55_loan_v1_v5_simulated_GATv2,_EOPKG_TC-UN-f1-5-penalty3l,55,train_impulse_activation_max_abs,0,1780852915508,4.666230667187034
learn,EOPKG,EOPKGTopologyConditioned,b8f6130db97f4f28b27d4528497aa1f3,854778689611649472,_EOPKG_TC-UN-f1-5-penalty3l-55_loan_v1_v5_simulated_GATv2,_EOPKG_TC-UN-f1-5-penalty3l,55,train_impulse_activation_max_abs,0,1780853171046,4.855032083150503
learn,EOPKG,EOPKGTopologyConditioned,b8f6130db97f4f28b27d4528497aa1f3,854778689611649472,_EOPKG_TC-UN-f1-5-penalty3l-55_loan_v1_v5_simulated_GATv2,_EOPKG_TC-UN-f1-5-penalty3l,55,train_impulse_activation_max_abs,0,1780853171046,4.855032083150503
learn,EOPKG,EOPKGTopologyConditioned,b8f6130db97f4f28b27d4528497aa1f3,854778689611649472,_EOPKG_TC-UN-f1-5-penalty3l-55_loan_v1_v5_simulated_GATv2,_EOPKG_TC-UN-f1-5-penalty3l,55,train_impulse_activation_max_abs,0,1780853418668,5.048861083620493
learn,EOPKG,EOPKGTopologyConditioned,b8f6130db97f4f28b27d4528497aa1f3,854778689611649472,_EOPKG_TC-UN-f1-5-penalty3l-55_loan_v1_v5_simulated_GATv2,_EOPKG_TC-UN-f1-5-penalty3l,55,train_impulse_activation_max_abs,0,1780853418668,5.048861083620493
learn,EOPKG,EOPKGTopologyConditioned,b8f6130db97f4f28b27d4528497aa1f3,854778689611649472,_EOPKG_TC-UN-f1-5-penalty3l-55_loan_v1_v5_simulated_GATv2,_EOPKG_TC-UN-f1-5-penalty3l,55,train_impulse_activation_max_abs,0,1780853672148,5.097991825855782
learn,EOPKG,EOPKGTopologyConditioned,b8f6130db97f4f28b27d4528497aa1f3,854778689611649472,_EOPKG_TC-UN-f1-5-penalty3l-55_loan_v1_v5_simulated_GATv2,_EOPKG_TC-UN-f1-5-penalty3l,55,train_impulse_activation_max_abs,0,1780853672148,5.097991825855782
learn,EOPKG,EOPKGTopologyConditioned,b8f6130db97f4f28b27d4528497aa1f3,854778689611649472,_EOPKG_TC-UN-f1-5-penalty3l-55_loan_v1_v5_simulated_GATv2,_EOPKG_TC-UN-f1-5-penalty3l,55,train_impulse_activation_max_abs,0,1780853920965,5.118571959163502
learn,EOPKG,EOPKGTopologyConditioned,b8f6130db97f4f28b27d4528497aa1f3,854778689611649472,_EOPKG_TC-UN-f1-5-penalty3l-55_loan_v1_v5_simulated_GATv2,_EOPKG_TC-UN-f1-5-penalty3l,55,train_impulse_activation_max_abs,0,1780853920965,5.118571959163502
learn,EOPKG,EOPKGTopologyConditioned,b8f6130db97f4f28b27d4528497aa1f3,854778689611649472,_EOPKG_TC-UN-f1-5-penalty3l-55_loan_v1_v5_simulated_GATv2,_EOPKG_TC-UN-f1-5-penalty3l,55,train_impulse_activation_max_abs,0,1780854169528,5.194848284243779
learn,EOPKG,EOPKGTopologyConditioned,b8f6130db97f4f28b27d4528497aa1f3,854778689611649472,_EOPKG_TC-UN-f1-5-penalty3l-55_loan_v1_v5_simulated_GATv2,_EOPKG_TC-UN-f1-5-penalty3l,55,train_impulse_activation_max_abs,0,1780854169528,5.194848284243779
learn,EOPKG,EOPKGTopologyConditioned,b8f6130db97f4f28b27d4528497aa1f3,854778689611649472,_EOPKG_TC-UN-f1-5-penalty3l-55_loan_v1_v5_simulated_GATv2,_EOPKG_TC-UN-f1-5-penalty3l,55,train_impulse_activation_max_abs,0,1780854456726,5.564024186854522
learn,EOPKG,EOPKGTopologyConditioned,b8f6130db97f4f28b27d4528497aa1f3,854778689611649472,_EOPKG_TC-UN-f1-5-penalty3l-55_loan_v1_v5_simulated_GATv2,_EOPKG_TC-UN-f1-5-penalty3l,55,train_impulse_activation_max_abs,0,1780854456726,5.564024186854522
learn,EOPKG,EOPKGTopologyConditioned,b8f6130db97f4f28b27d4528497aa1f3,854778689611649472,_EOPKG_TC-UN-f1-5-penalty3l-55_loan_v1_v5_simulated_GATv2,_EOPKG_TC-UN-f1-5-penalty3l,55,train_impulse_activation_max_abs,0,1780854739498,5.718140471720734
learn,EOPKG,EOPKGTopologyConditioned,b8f6130db97f4f28b27d4528497aa1f3,854778689611649472,_EOPKG_TC-UN-f1-5-penalty3l-55_loan_v1_v5_simulated_GATv2,_EOPKG_TC-UN-f1-5-penalty3l,55,train_impulse_activation_max_abs,0,1780854739498,5.718140471720734
learn,EOPKG,EOPKGTopologyConditioned,b8f6130db97f4f28b27d4528497aa1f3,854778689611649472,_EOPKG_TC-UN-f1-5-penalty3l-55_loan_v1_v5_simulated_GATv2,_EOPKG_TC-UN-f1-5-penalty3l,55,train_impulse_activation_max_abs,0,1780854982936,5.617640216324022
learn,EOPKG,EOPKGTopologyConditioned,b8f6130db97f4f28b27d4528497aa1f3,854778689611649472,_EOPKG_TC-UN-f1-5-penalty3l-55_loan_v1_v5_simulated_GATv2,_EOPKG_TC-UN-f1-5-penalty3l,55,train_impulse_activation_max_abs,0,1780854982936,5.617640216324022
learn,EOPKG,EOPKGTopologyConditioned,b8f6130db97f4f28b27d4528497aa1f3,854778689611649472,_EOPKG_TC-UN-f1-5-penalty3l-55_loan_v1_v5_simulated_GATv2,_EOPKG_TC-UN-f1-5-penalty3l,55,train_impulse_activation_max_abs,0,1780855226728,5.954967980923069
learn,EOPKG,EOPKGTopologyConditioned,b8f6130db97f4f28b27d4528497aa1f3,854778689611649472,_EOPKG_TC-UN-f1-5-penalty3l-55_loan_v1_v5_simulated_GATv2,_EOPKG_TC-UN-f1-5-penalty3l,55,train_impulse_activation_max_abs,0,1780855226728,5.954967980923069
learn,EOPKG,EOPKGTopologyConditioned,b8f6130db97f4f28b27d4528497aa1f3,854778689611649472,_EOPKG_TC-UN-f1-5-penalty3l-55_loan_v1_v5_simulated_GATv2,_EOPKG_TC-UN-f1-5-penalty3l,55,train_impulse_activation_max_abs,0,1780855470950,6.01496196892379
learn,EOPKG,EOPKGTopologyConditioned,b8f6130db97f4f28b27d4528497aa1f3,854778689611649472,_EOPKG_TC-UN-f1-5-penalty3l-55_loan_v1_v5_simulated_GATv2,_EOPKG_TC-UN-f1-5-penalty3l,55,train_impulse_activation_max_abs,0,1780855470950,6.01496196892379
learn,EOPKG,EOPKGTopologyConditioned,b8f6130db97f4f28b27d4528497aa1f3,854778689611649472,_EOPKG_TC-UN-f1-5-penalty3l-55_loan_v1_v5_simulated_GATv2,_EOPKG_TC-UN-f1-5-penalty3l,55,train_impulse_activation_max_abs,0,1780855707200,6.240381816233285
learn,EOPKG,EOPKGTopologyConditioned,b8f6130db97f4f28b27d4528497aa1f3,854778689611649472,_EOPKG_TC-UN-f1-5-penalty3l-55_loan_v1_v5_simulated_GATv2,_EOPKG_TC-UN-f1-5-penalty3l,55,train_impulse_activation_max_abs,0,1780855707200,6.240381816233285
learn,EOPKG,EOPKGTopologyConditioned,b8f6130db97f4f28b27d4528497aa1f3,854778689611649472,_EOPKG_TC-UN-f1-5-penalty3l-55_loan_v1_v5_simulated_GATv2,_EOPKG_TC-UN-f1-5-penalty3l,55,train_impulse_activation_max_abs,0,1780855953814,6.412378554503376
learn,EOPKG,EOPKGTopologyConditioned,b8f6130db97f4f28b27d4528497aa1f3,854778689611649472,_EOPKG_TC-UN-f1-5-penalty3l-55_loan_v1_v5_simulated_GATv2,_EOPKG_TC-UN-f1-5-penalty3l,55,train_impulse_activation_max_abs,0,1780855953814,6.412378554503376
learn,EOPKG,EOPKGTopologyConditioned,b8f6130db97f4f28b27d4528497aa1f3,854778689611649472,_EOPKG_TC-UN-f1-5-penalty3l-55_loan_v1_v5_simulated_GATv2,_EOPKG_TC-UN-f1-5-penalty3l,55,train_impulse_activation_max_abs,0,1780856195532,6.2167599038213535
learn,EOPKG,EOPKGTopologyConditioned,b8f6130db97f4f28b27d4528497aa1f3,854778689611649472,_EOPKG_TC-UN-f1-5-penalty3l-55_loan_v1_v5_simulated_GATv2,_EOPKG_TC-UN-f1-5-penalty3l,55,train_impulse_activation_max_abs,0,1780856195532,6.2167599038213535
learn,EOPKG,EOPKGTopologyConditioned,b8f6130db97f4f28b27d4528497aa1f3,854778689611649472,_EOPKG_TC-UN-f1-5-penalty3l-55_loan_v1_v5_simulated_GATv2,_EOPKG_TC-UN-f1-5-penalty3l,55,train_impulse_activation_max_abs,0,1780856432306,6.526654868133496
learn,EOPKG,EOPKGTopologyConditioned,b8f6130db97f4f28b27d4528497aa1f3,854778689611649472,_EOPKG_TC-UN-f1-5-penalty3l-55_loan_v1_v5_simulated_GATv2,_EOPKG_TC-UN-f1-5-penalty3l,55,train_impulse_activation_max_abs,0,1780856432306,6.526654868133496
learn,EOPKG,EOPKGTopologyConditioned,b8f6130db97f4f28b27d4528497aa1f3,854778689611649472,_EOPKG_TC-UN-f1-5-penalty3l-55_loan_v1_v5_simulated_GATv2,_EOPKG_TC-UN-f1-5-penalty3l,55,train_impulse_activation_max_abs,0,1780856665932,6.506122905991983
learn,EOPKG,EOPKGTopologyConditioned,b8f6130db97f4f28b27d4528497aa1f3,854778689611649472,_EOPKG_TC-UN-f1-5-penalty3l-55_loan_v1_v5_simulated_GATv2,_EOPKG_TC-UN-f1-5-penalty3l,55,train_impulse_activation_max_abs,0,1780856665932,6.506122905991983
learn,EOPKG,EOPKGTopologyConditioned,b8f6130db97f4f28b27d4528497aa1f3,854778689611649472,_EOPKG_TC-UN-f1-5-penalty3l-55_loan_v1_v5_simulated_GATv2,_EOPKG_TC-UN-f1-5-penalty3l,55,train_impulse_activation_max_abs,0,1780856899196,6.590379984086951
learn,EOPKG,EOPKGTopologyConditioned,b8f6130db97f4f28b27d4528497aa1f3,854778689611649472,_EOPKG_TC-UN-f1-5-penalty3l-55_loan_v1_v5_simulated_GATv2,_EOPKG_TC-UN-f1-5-penalty3l,55,train_impulse_activation_max_abs,0,1780856899196,6.590379984086951
learn,EOPKG,EOPKGTopologyConditioned,b8f6130db97f4f28b27d4528497aa1f3,854778689611649472,_EOPKG_TC-UN-f1-5-penalty3l-55_loan_v1_v5_simulated_GATv2,_EOPKG_TC-UN-f1-5-penalty3l,55,train_impulse_activation_max_abs,0,1780857160825,6.57550969146583
learn,EOPKG,EOPKGTopologyConditioned,b8f6130db97f4f28b27d4528497aa1f3,854778689611649472,_EOPKG_TC-UN-f1-5-penalty3l-55_loan_v1_v5_simulated_GATv2,_EOPKG_TC-UN-f1-5-penalty3l,55,train_impulse_activation_max_abs,0,1780857160825,6.57550969146583
learn,EOPKG,EOPKGTopologyConditioned,b8f6130db97f4f28b27d4528497aa1f3,854778689611649472,_EOPKG_TC-UN-f1-5-penalty3l-55_loan_v1_v5_simulated_GATv2,_EOPKG_TC-UN-f1-5-penalty3l,55,train_impulse_activation_max_abs,0,1780857410796,6.793767939690376
learn,EOPKG,EOPKGTopologyConditioned,b8f6130db97f4f28b27d4528497aa1f3,854778689611649472,_EOPKG_TC-UN-f1-5-penalty3l-55_loan_v1_v5_simulated_GATv2,_EOPKG_TC-UN-f1-5-penalty3l,55,train_impulse_activation_max_abs,0,1780857410796,6.793767939690376
learn,EOPKG,EOPKGTopologyConditioned,b8f6130db97f4f28b27d4528497aa1f3,854778689611649472,_EOPKG_TC-UN-f1-5-penalty3l-55_loan_v1_v5_simulated_GATv2,_EOPKG_TC-UN-f1-5-penalty3l,55,train_impulse_activation_max_abs,0,1780857663012,7.084915187665882
learn,EOPKG,EOPKGTopologyConditioned,b8f6130db97f4f28b27d4528497aa1f3,854778689611649472,_EOPKG_TC-UN-f1-5-penalty3l-55_loan_v1_v5_simulated_GATv2,_EOPKG_TC-UN-f1-5-penalty3l,55,train_impulse_activation_max_abs,0,1780857663012,7.084915187665882
learn,EOPKG,EOPKGTopologyConditioned,b8f6130db97f4f28b27d4528497aa1f3,854778689611649472,_EOPKG_TC-UN-f1-5-penalty3l-55_loan_v1_v5_simulated_GATv2,_EOPKG_TC-UN-f1-5-penalty3l,55,train_impulse_activation_max_abs,0,1780857912791,6.910717339508105
learn,EOPKG,EOPKGTopologyConditioned,b8f6130db97f4f28b27d4528497aa1f3,854778689611649472,_EOPKG_TC-UN-f1-5-penalty3l-55_loan_v1_v5_simulated_GATv2,_EOPKG_TC-UN-f1-5-penalty3l,55,train_impulse_activation_max_abs,0,1780857912791,6.910717339508105
learn,EOPKG,EOPKGTopologyConditioned,b8f6130db97f4f28b27d4528497aa1f3,854778689611649472,_EOPKG_TC-UN-f1-5-penalty3l-55_loan_v1_v5_simulated_GATv2,_EOPKG_TC-UN-f1-5-penalty3l,55,train_impulse_activation_max_abs,0,1780858157971,7.029288494340566
learn,EOPKG,EOPKGTopologyConditioned,b8f6130db97f4f28b27d4528497aa1f3,854778689611649472,_EOPKG_TC-UN-f1-5-penalty3l-55_loan_v1_v5_simulated_GATv2,_EOPKG_TC-UN-f1-5-penalty3l,55,train_impulse_activation_max_abs,0,1780858157971,7.029288494340566
learn,EOPKG,EOPKGTopologyConditioned,b8f6130db97f4f28b27d4528497aa1f3,854778689611649472,_EOPKG_TC-UN-f1-5-penalty3l-55_loan_v1_v5_simulated_GATv2,_EOPKG_TC-UN-f1-5-penalty3l,55,train_impulse_activation_max_abs,0,1780858409276,7.255983442115481
learn,EOPKG,EOPKGTopologyConditioned,b8f6130db97f4f28b27d4528497aa1f3,854778689611649472,_EOPKG_TC-UN-f1-5-penalty3l-55_loan_v1_v5_simulated_GATv2,_EOPKG_TC-UN-f1-5-penalty3l,55,train_impulse_activation_max_abs,0,1780858409276,7.255983442115481
learn,EOPKG,EOPKGTopologyConditioned,b8f6130db97f4f28b27d4528497aa1f3,854778689611649472,_EOPKG_TC-UN-f1-5-penalty3l-55_loan_v1_v5_simulated_GATv2,_EOPKG_TC-UN-f1-5-penalty3l,55,train_impulse_activation_max_abs,0,1780858663795,7.288332052943438
learn,EOPKG,EOPKGTopologyConditioned,b8f6130db97f4f28b27d4528497aa1f3,854778689611649472,_EOPKG_TC-UN-f1-5-penalty3l-55_loan_v1_v5_simulated_GATv2,_EOPKG_TC-UN-f1-5-penalty3l,55,train_impulse_activation_max_abs,0,1780858663795,7.288332052943438
learn,EOPKG,EOPKGTopologyConditioned,b8f6130db97f4f28b27d4528497aa1f3,854778689611649472,_EOPKG_TC-UN-f1-5-penalty3l-55_loan_v1_v5_simulated_GATv2,_EOPKG_TC-UN-f1-5-penalty3l,55,train_impulse_activation_max_abs,0,1780858913009,7.581104028395515
learn,EOPKG,EOPKGTopologyConditioned,b8f6130db97f4f28b27d4528497aa1f3,854778689611649472,_EOPKG_TC-UN-f1-5-penalty3l-55_loan_v1_v5_simulated_GATv2,_EOPKG_TC-UN-f1-5-penalty3l,55,train_impulse_activation_max_abs,0,1780858913009,7.581104028395515
learn,EOPKG,EOPKGTopologyConditioned,b8f6130db97f4f28b27d4528497aa1f3,854778689611649472,_EOPKG_TC-UN-f1-5-penalty3l-55_loan_v1_v5_simulated_GATv2,_EOPKG_TC-UN-f1-5-penalty3l,55,train_impulse_activation_max_abs,0,1780859162052,7.74357930048471
learn,EOPKG,EOPKGTopologyConditioned,b8f6130db97f4f28b27d4528497aa1f3,854778689611649472,_EOPKG_TC-UN-f1-5-penalty3l-55_loan_v1_v5_simulated_GATv2,_EOPKG_TC-UN-f1-5-penalty3l,55,train_impulse_activation_max_abs,0,1780859162052,7.74357930048471
learn,EOPKG,EOPKGTopologyConditioned,b8f6130db97f4f28b27d4528497aa1f3,854778689611649472,_EOPKG_TC-UN-f1-5-penalty3l-55_loan_v1_v5_simulated_GATv2,_EOPKG_TC-UN-f1-5-penalty3l,55,train_impulse_activation_max_abs,0,1780859406667,7.781257786318683
learn,EOPKG,EOPKGTopologyConditioned,b8f6130db97f4f28b27d4528497aa1f3,854778689611649472,_EOPKG_TC-UN-f1-5-penalty3l-55_loan_v1_v5_simulated_GATv2,_EOPKG_TC-UN-f1-5-penalty3l,55,train_impulse_activation_max_abs,0,1780859406667,7.781257786318683
learn,EOPKG,EOPKGTopologyConditioned,b8f6130db97f4f28b27d4528497aa1f3,854778689611649472,_EOPKG_TC-UN-f1-5-penalty3l-55_loan_v1_v5_simulated_GATv2,_EOPKG_TC-UN-f1-5-penalty3l,55,train_impulse_activation_max_abs,0,1780859654390,8.158243021639048
learn,EOPKG,EOPKGTopologyConditioned,b8f6130db97f4f28b27d4528497aa1f3,854778689611649472,_EOPKG_TC-UN-f1-5-penalty3l-55_loan_v1_v5_simulated_GATv2,_EOPKG_TC-UN-f1-5-penalty3l,55,train_impulse_activation_max_abs,0,1780859654390,8.158243021639048
learn,EOPKG,EOPKGTopologyConditioned,b8f6130db97f4f28b27d4528497aa1f3,854778689611649472,_EOPKG_TC-UN-f1-5-penalty3l-55_loan_v1_v5_simulated_GATv2,_EOPKG_TC-UN-f1-5-penalty3l,55,train_impulse_activation_max_abs,0,1780859899326,7.839390170972185
learn,EOPKG,EOPKGTopologyConditioned,b8f6130db97f4f28b27d4528497aa1f3,854778689611649472,_EOPKG_TC-UN-f1-5-penalty3l-55_loan_v1_v5_simulated_GATv2,_EOPKG_TC-UN-f1-5-penalty3l,55,train_impulse_activation_max_abs,0,1780859899326,7.839390170972185
learn,EOPKG,EOPKGTopologyConditioned,b8f6130db97f4f28b27d4528497aa1f3,854778689611649472,_EOPKG_TC-UN-f1-5-penalty3l-55_loan_v1_v5_simulated_GATv2,_EOPKG_TC-UN-f1-5-penalty3l,55,train_impulse_activation_max_abs,0,1780860152923,7.925764378758417
learn,EOPKG,EOPKGTopologyConditioned,b8f6130db97f4f28b27d4528497aa1f3,854778689611649472,_EOPKG_TC-UN-f1-5-penalty3l-55_loan_v1_v5_simulated_GATv2,_EOPKG_TC-UN-f1-5-penalty3l,55,train_impulse_activation_max_abs,0,1780860152923,7.925764378758417
learn,EOPKG,EOPKGTopologyConditioned,b8f6130db97f4f28b27d4528497aa1f3,854778689611649472,_EOPKG_TC-UN-f1-5-penalty3l-55_loan_v1_v5_simulated_GATv2,_EOPKG_TC-UN-f1-5-penalty3l,55,train_impulse_activation_max_abs,0,1780860619664,7.867875350109155
learn,EOPKG,EOPKGTopologyConditioned,b8f6130db97f4f28b27d4528497aa1f3,854778689611649472,_EOPKG_TC-UN-f1-5-penalty3l-55_loan_v1_v5_simulated_GATv2,_EOPKG_TC-UN-f1-5-penalty3l,55,train_impulse_activation_max_abs,0,1780860619664,7.867875350109155
learn,EOPKG,EOPKGTopologyConditioned,b8f6130db97f4f28b27d4528497aa1f3,854778689611649472,_EOPKG_TC-UN-f1-5-penalty3l-55_loan_v1_v5_simulated_GATv2,_EOPKG_TC-UN-f1-5-penalty3l,55,train_impulse_activation_max_abs,0,1780860985995,8.11036194451094
learn,EOPKG,EOPKGTopologyConditioned,b8f6130db97f4f28b27d4528497aa1f3,854778689611649472,_EOPKG_TC-UN-f1-5-penalty3l-55_loan_v1_v5_simulated_GATv2,_EOPKG_TC-UN-f1-5-penalty3l,55,train_impulse_activation_max_abs,0,1780860985995,8.11036194451094
learn,EOPKG,EOPKGTopologyConditioned,b8f6130db97f4f28b27d4528497aa1f3,854778689611649472,_EOPKG_TC-UN-f1-5-penalty3l-55_loan_v1_v5_simulated_GATv2,_EOPKG_TC-UN-f1-5-penalty3l,55,train_impulse_activation_max_abs,0,1780861493657,7.9642092366665835
learn,EOPKG,EOPKGTopologyConditioned,b8f6130db97f4f28b27d4528497aa1f3,854778689611649472,_EOPKG_TC-UN-f1-5-penalty3l-55_loan_v1_v5_simulated_GATv2,_EOPKG_TC-UN-f1-5-penalty3l,55,train_impulse_activation_max_abs,0,1780861493657,7.9642092366665835
learn,EOPKG,EOPKGTopologyConditioned,b8f6130db97f4f28b27d4528497aa1f3,854778689611649472,_EOPKG_TC-UN-f1-5-penalty3l-55_loan_v1_v5_simulated_GATv2,_EOPKG_TC-UN-f1-5-penalty3l,55,train_impulse_activation_max_abs,0,1780861918728,8.05374594978005
learn,EOPKG,EOPKGTopologyConditioned,b8f6130db97f4f28b27d4528497aa1f3,854778689611649472,_EOPKG_TC-UN-f1-5-penalty3l-55_loan_v1_v5_simulated_GATv2,_EOPKG_TC-UN-f1-5-penalty3l,55,train_impulse_activation_max_abs,0,1780861918728,8.05374594978005
learn,EOPKG,EOPKGTopologyConditioned,b8f6130db97f4f28b27d4528497aa1f3,854778689611649472,_EOPKG_TC-UN-f1-5-penalty3l-55_loan_v1_v5_simulated_GATv2,_EOPKG_TC-UN-f1-5-penalty3l,55,train_impulse_activation_max_abs,0,1780862421404,8.228562175374721
learn,EOPKG,EOPKGTopologyConditioned,b8f6130db97f4f28b27d4528497aa1f3,854778689611649472,_EOPKG_TC-UN-f1-5-penalty3l-55_loan_v1_v5_simulated_GATv2,_EOPKG_TC-UN-f1-5-penalty3l,55,train_impulse_activation_max_abs,0,1780862421404,8.228562175374721
learn,EOPKG,EOPKGTopologyConditioned,b8f6130db97f4f28b27d4528497aa1f3,854778689611649472,_EOPKG_TC-UN-f1-5-penalty3l-55_loan_v1_v5_simulated_GATv2,_EOPKG_TC-UN-f1-5-penalty3l,55,train_impulse_activation_max_abs,0,1780862893422,8.43452584080173
learn,EOPKG,EOPKGTopologyConditioned,b8f6130db97f4f28b27d4528497aa1f3,854778689611649472,_EOPKG_TC-UN-f1-5-penalty3l-55_loan_v1_v5_simulated_GATv2,_EOPKG_TC-UN-f1-5-penalty3l,55,train_impulse_activation_max_abs,0,1780862893422,8.43452584080173
learn,EOPKG,EOPKGTopologyConditioned,c9399e3109674246bfa4894487904d27,854778689611649472,_EOPKG_TC-UN-f1-5-penalty3l-99_loan_v1_v5_simulated_GATv2,_EOPKG_TC-UN-f1-5-penalty3l,99,train_impulse_activation_max_abs,0,1781381277542,3.6751994772063528
learn,EOPKG,EOPKGTopologyConditioned,c9399e3109674246bfa4894487904d27,854778689611649472,_EOPKG_TC-UN-f1-5-penalty3l-99_loan_v1_v5_simulated_GATv2,_EOPKG_TC-UN-f1-5-penalty3l,99,train_impulse_activation_max_abs,0,1781381277542,3.6751994772063528
learn,EOPKG,EOPKGTopologyConditioned,c9399e3109674246bfa4894487904d27,854778689611649472,_EOPKG_TC-UN-f1-5-penalty3l-99_loan_v1_v5_simulated_GATv2,_EOPKG_TC-UN-f1-5-penalty3l,99,train_impulse_activation_max_abs,0,1781381541268,4.434025005619552
learn,EOPKG,EOPKGTopologyConditioned,c9399e3109674246bfa4894487904d27,854778689611649472,_EOPKG_TC-UN-f1-5-penalty3l-99_loan_v1_v5_simulated_GATv2,_EOPKG_TC-UN-f1-5-penalty3l,99,train_impulse_activation_max_abs,0,1781381541268,4.434025005619552
learn,EOPKG,EOPKGTopologyConditioned,c9399e3109674246bfa4894487904d27,854778689611649472,_EOPKG_TC-UN-f1-5-penalty3l-99_loan_v1_v5_simulated_GATv2,_EOPKG_TC-UN-f1-5-penalty3l,99,train_impulse_activation_max_abs,0,1781381797954,4.544895720216542
learn,EOPKG,EOPKGTopologyConditioned,c9399e3109674246bfa4894487904d27,854778689611649472,_EOPKG_TC-UN-f1-5-penalty3l-99_loan_v1_v5_simulated_GATv2,_EOPKG_TC-UN-f1-5-penalty3l,99,train_impulse_activation_max_abs,0,1781381797954,4.544895720216542
learn,EOPKG,EOPKGTopologyConditioned,c9399e3109674246bfa4894487904d27,854778689611649472,_EOPKG_TC-UN-f1-5-penalty3l-99_loan_v1_v5_simulated_GATv2,_EOPKG_TC-UN-f1-5-penalty3l,99,train_impulse_activation_max_abs,0,1781382052961,4.5620451231260555
learn,EOPKG,EOPKGTopologyConditioned,c9399e3109674246bfa4894487904d27,854778689611649472,_EOPKG_TC-UN-f1-5-penalty3l-99_loan_v1_v5_simulated_GATv2,_EOPKG_TC-UN-f1-5-penalty3l,99,train_impulse_activation_max_abs,0,1781382052961,4.5620451231260555
learn,EOPKG,EOPKGTopologyConditioned,c9399e3109674246bfa4894487904d27,854778689611649472,_EOPKG_TC-UN-f1-5-penalty3l-99_loan_v1_v5_simulated_GATv2,_EOPKG_TC-UN-f1-5-penalty3l,99,train_impulse_activation_max_abs,0,1781382311803,4.5338148092806625
learn,EOPKG,EOPKGTopologyConditioned,c9399e3109674246bfa4894487904d27,854778689611649472,_EOPKG_TC-UN-f1-5-penalty3l-99_loan_v1_v5_simulated_GATv2,_EOPKG_TC-UN-f1-5-penalty3l,99,train_impulse_activation_max_abs,0,1781382311803,4.5338148092806625
learn,EOPKG,EOPKGTopologyConditioned,c9399e3109674246bfa4894487904d27,854778689611649472,_EOPKG_TC-UN-f1-5-penalty3l-99_loan_v1_v5_simulated_GATv2,_EOPKG_TC-UN-f1-5-penalty3l,99,train_impulse_activation_max_abs,0,1781382568099,4.58103527287421
learn,EOPKG,EOPKGTopologyConditioned,c9399e3109674246bfa4894487904d27,854778689611649472,_EOPKG_TC-UN-f1-5-penalty3l-99_loan_v1_v5_simulated_GATv2,_EOPKG_TC-UN-f1-5-penalty3l,99,train_impulse_activation_max_abs,0,1781382568099,4.58103527287421
learn,EOPKG,EOPKGTopologyConditioned,c9399e3109674246bfa4894487904d27,854778689611649472,_EOPKG_TC-UN-f1-5-penalty3l-99_loan_v1_v5_simulated_GATv2,_EOPKG_TC-UN-f1-5-penalty3l,99,train_impulse_activation_max_abs,0,1781382828883,4.5272082115015655
learn,EOPKG,EOPKGTopologyConditioned,c9399e3109674246bfa4894487904d27,854778689611649472,_EOPKG_TC-UN-f1-5-penalty3l-99_loan_v1_v5_simulated_GATv2,_EOPKG_TC-UN-f1-5-penalty3l,99,train_impulse_activation_max_abs,0,1781382828883,4.5272082115015655
learn,EOPKG,EOPKGTopologyConditioned,c9399e3109674246bfa4894487904d27,854778689611649472,_EOPKG_TC-UN-f1-5-penalty3l-99_loan_v1_v5_simulated_GATv2,_EOPKG_TC-UN-f1-5-penalty3l,99,train_impulse_activation_max_abs,0,1781383085188,4.649142708801124
learn,EOPKG,EOPKGTopologyConditioned,c9399e3109674246bfa4894487904d27,854778689611649472,_EOPKG_TC-UN-f1-5-penalty3l-99_loan_v1_v5_simulated_GATv2,_EOPKG_TC-UN-f1-5-penalty3l,99,train_impulse_activation_max_abs,0,1781383085188,4.649142708801124
learn,EOPKG,EOPKGTopologyConditioned,c9399e3109674246bfa4894487904d27,854778689611649472,_EOPKG_TC-UN-f1-5-penalty3l-99_loan_v1_v5_simulated_GATv2,_EOPKG_TC-UN-f1-5-penalty3l,99,train_impulse_activation_max_abs,0,1781383341641,4.881398534547354
learn,EOPKG,EOPKGTopologyConditioned,c9399e3109674246bfa4894487904d27,854778689611649472,_EOPKG_TC-UN-f1-5-penalty3l-99_loan_v1_v5_simulated_GATv2,_EOPKG_TC-UN-f1-5-penalty3l,99,train_impulse_activation_max_abs,0,1781383341641,4.881398534547354
learn,EOPKG,EOPKGTopologyConditioned,c9399e3109674246bfa4894487904d27,854778689611649472,_EOPKG_TC-UN-f1-5-penalty3l-99_loan_v1_v5_simulated_GATv2,_EOPKG_TC-UN-f1-5-penalty3l,99,train_impulse_activation_max_abs,0,1781383598565,5.023312902981223
learn,EOPKG,EOPKGTopologyConditioned,c9399e3109674246bfa4894487904d27,854778689611649472,_EOPKG_TC-UN-f1-5-penalty3l-99_loan_v1_v5_simulated_GATv2,_EOPKG_TC-UN-f1-5-penalty3l,99,train_impulse_activation_max_abs,0,1781383598565,5.023312902981223
learn,EOPKG,EOPKGTopologyConditioned,c9399e3109674246bfa4894487904d27,854778689611649472,_EOPKG_TC-UN-f1-5-penalty3l-99_loan_v1_v5_simulated_GATv2,_EOPKG_TC-UN-f1-5-penalty3l,99,train_impulse_activation_max_abs,0,1781383855733,5.377749094333861
learn,EOPKG,EOPKGTopologyConditioned,c9399e3109674246bfa4894487904d27,854778689611649472,_EOPKG_TC-UN-f1-5-penalty3l-99_loan_v1_v5_simulated_GATv2,_EOPKG_TC-UN-f1-5-penalty3l,99,train_impulse_activation_max_abs,0,1781383855733,5.377749094333861
learn,EOPKG,EOPKGTopologyConditioned,c9399e3109674246bfa4894487904d27,854778689611649472,_EOPKG_TC-UN-f1-5-penalty3l-99_loan_v1_v5_simulated_GATv2,_EOPKG_TC-UN-f1-5-penalty3l,99,train_impulse_activation_max_abs,0,1781384114680,5.5465425861279805
learn,EOPKG,EOPKGTopologyConditioned,c9399e3109674246bfa4894487904d27,854778689611649472,_EOPKG_TC-UN-f1-5-penalty3l-99_loan_v1_v5_simulated_GATv2,_EOPKG_TC-UN-f1-5-penalty3l,99,train_impulse_activation_max_abs,0,1781384114680,5.5465425861279805
learn,EOPKG,EOPKGTopologyConditioned,c9399e3109674246bfa4894487904d27,854778689611649472,_EOPKG_TC-UN-f1-5-penalty3l-99_loan_v1_v5_simulated_GATv2,_EOPKG_TC-UN-f1-5-penalty3l,99,train_impulse_activation_max_abs,0,1781384369923,5.665584800732344
learn,EOPKG,EOPKGTopologyConditioned,c9399e3109674246bfa4894487904d27,854778689611649472,_EOPKG_TC-UN-f1-5-penalty3l-99_loan_v1_v5_simulated_GATv2,_EOPKG_TC-UN-f1-5-penalty3l,99,train_impulse_activation_max_abs,0,1781384369923,5.665584800732344
learn,EOPKG,EOPKGTopologyConditioned,c9399e3109674246bfa4894487904d27,854778689611649472,_EOPKG_TC-UN-f1-5-penalty3l-99_loan_v1_v5_simulated_GATv2,_EOPKG_TC-UN-f1-5-penalty3l,99,train_impulse_activation_max_abs,0,1781384625594,6.072082524079776
learn,EOPKG,EOPKGTopologyConditioned,c9399e3109674246bfa4894487904d27,854778689611649472,_EOPKG_TC-UN-f1-5-penalty3l-99_loan_v1_v5_simulated_GATv2,_EOPKG_TC-UN-f1-5-penalty3l,99,train_impulse_activation_max_abs,0,1781384625594,6.072082524079776
learn,EOPKG,EOPKGTopologyConditioned,c9399e3109674246bfa4894487904d27,854778689611649472,_EOPKG_TC-UN-f1-5-penalty3l-99_loan_v1_v5_simulated_GATv2,_EOPKG_TC-UN-f1-5-penalty3l,99,train_impulse_activation_max_abs,0,1781384881291,6.048874370623468
learn,EOPKG,EOPKGTopologyConditioned,c9399e3109674246bfa4894487904d27,854778689611649472,_EOPKG_TC-UN-f1-5-penalty3l-99_loan_v1_v5_simulated_GATv2,_EOPKG_TC-UN-f1-5-penalty3l,99,train_impulse_activation_max_abs,0,1781384881291,6.048874370623468
learn,EOPKG,EOPKGTopologyConditioned,c9399e3109674246bfa4894487904d27,854778689611649472,_EOPKG_TC-UN-f1-5-penalty3l-99_loan_v1_v5_simulated_GATv2,_EOPKG_TC-UN-f1-5-penalty3l,99,train_impulse_activation_max_abs,0,1781385136138,6.283172711279889
learn,EOPKG,EOPKGTopologyConditioned,c9399e3109674246bfa4894487904d27,854778689611649472,_EOPKG_TC-UN-f1-5-penalty3l-99_loan_v1_v5_simulated_GATv2,_EOPKG_TC-UN-f1-5-penalty3l,99,train_impulse_activation_max_abs,0,1781385136138,6.283172711279889
learn,EOPKG,EOPKGTopologyConditioned,c9399e3109674246bfa4894487904d27,854778689611649472,_EOPKG_TC-UN-f1-5-penalty3l-99_loan_v1_v5_simulated_GATv2,_EOPKG_TC-UN-f1-5-penalty3l,99,train_impulse_activation_max_abs,0,1781385390806,6.31559585501545
learn,EOPKG,EOPKGTopologyConditioned,c9399e3109674246bfa4894487904d27,854778689611649472,_EOPKG_TC-UN-f1-5-penalty3l-99_loan_v1_v5_simulated_GATv2,_EOPKG_TC-UN-f1-5-penalty3l,99,train_impulse_activation_max_abs,0,1781385390806,6.31559585501545
learn,EOPKG,EOPKGTopologyConditioned,c9399e3109674246bfa4894487904d27,854778689611649472,_EOPKG_TC-UN-f1-5-penalty3l-99_loan_v1_v5_simulated_GATv2,_EOPKG_TC-UN-f1-5-penalty3l,99,train_impulse_activation_max_abs,0,1781385645730,6.54041723227084
learn,EOPKG,EOPKGTopologyConditioned,c9399e3109674246bfa4894487904d27,854778689611649472,_EOPKG_TC-UN-f1-5-penalty3l-99_loan_v1_v5_simulated_GATv2,_EOPKG_TC-UN-f1-5-penalty3l,99,train_impulse_activation_max_abs,0,1781385645730,6.54041723227084
learn,EOPKG,EOPKGTopologyConditioned,c9399e3109674246bfa4894487904d27,854778689611649472,_EOPKG_TC-UN-f1-5-penalty3l-99_loan_v1_v5_simulated_GATv2,_EOPKG_TC-UN-f1-5-penalty3l,99,train_impulse_activation_max_abs,0,1781385907238,6.6906899283914
learn,EOPKG,EOPKGTopologyConditioned,c9399e3109674246bfa4894487904d27,854778689611649472,_EOPKG_TC-UN-f1-5-penalty3l-99_loan_v1_v5_simulated_GATv2,_EOPKG_TC-UN-f1-5-penalty3l,99,train_impulse_activation_max_abs,0,1781385907238,6.6906899283914
learn,EOPKG,EOPKGTopologyConditioned,c9399e3109674246bfa4894487904d27,854778689611649472,_EOPKG_TC-UN-f1-5-penalty3l-99_loan_v1_v5_simulated_GATv2,_EOPKG_TC-UN-f1-5-penalty3l,99,train_impulse_activation_max_abs,0,1781386163010,6.748135756233348
learn,EOPKG,EOPKGTopologyConditioned,c9399e3109674246bfa4894487904d27,854778689611649472,_EOPKG_TC-UN-f1-5-penalty3l-99_loan_v1_v5_simulated_GATv2,_EOPKG_TC-UN-f1-5-penalty3l,99,train_impulse_activation_max_abs,0,1781386163010,6.748135756233348
learn,EOPKG,EOPKGTopologyConditioned,c9399e3109674246bfa4894487904d27,854778689611649472,_EOPKG_TC-UN-f1-5-penalty3l-99_loan_v1_v5_simulated_GATv2,_EOPKG_TC-UN-f1-5-penalty3l,99,train_impulse_activation_max_abs,0,1781386418299,7.227959736731549
learn,EOPKG,EOPKGTopologyConditioned,c9399e3109674246bfa4894487904d27,854778689611649472,_EOPKG_TC-UN-f1-5-penalty3l-99_loan_v1_v5_simulated_GATv2,_EOPKG_TC-UN-f1-5-penalty3l,99,train_impulse_activation_max_abs,0,1781386418299,7.227959736731549
learn,EOPKG,EOPKGTopologyConditioned,c9399e3109674246bfa4894487904d27,854778689611649472,_EOPKG_TC-UN-f1-5-penalty3l-99_loan_v1_v5_simulated_GATv2,_EOPKG_TC-UN-f1-5-penalty3l,99,train_impulse_activation_max_abs,0,1781386673068,7.272441823076936
learn,EOPKG,EOPKGTopologyConditioned,c9399e3109674246bfa4894487904d27,854778689611649472,_EOPKG_TC-UN-f1-5-penalty3l-99_loan_v1_v5_simulated_GATv2,_EOPKG_TC-UN-f1-5-penalty3l,99,train_impulse_activation_max_abs,0,1781386673068,7.272441823076936
learn,EOPKG,EOPKGTopologyConditioned,c9399e3109674246bfa4894487904d27,854778689611649472,_EOPKG_TC-UN-f1-5-penalty3l-99_loan_v1_v5_simulated_GATv2,_EOPKG_TC-UN-f1-5-penalty3l,99,train_impulse_activation_max_abs,0,1781386929006,7.153872016124391
learn,EOPKG,EOPKGTopologyConditioned,c9399e3109674246bfa4894487904d27,854778689611649472,_EOPKG_TC-UN-f1-5-penalty3l-99_loan_v1_v5_simulated_GATv2,_EOPKG_TC-UN-f1-5-penalty3l,99,train_impulse_activation_max_abs,0,1781386929006,7.153872016124391
learn,EOPKG,EOPKGTopologyConditioned,c9399e3109674246bfa4894487904d27,854778689611649472,_EOPKG_TC-UN-f1-5-penalty3l-99_loan_v1_v5_simulated_GATv2,_EOPKG_TC-UN-f1-5-penalty3l,99,train_impulse_activation_max_abs,0,1781387185309,7.074102203872511
learn,EOPKG,EOPKGTopologyConditioned,c9399e3109674246bfa4894487904d27,854778689611649472,_EOPKG_TC-UN-f1-5-penalty3l-99_loan_v1_v5_simulated_GATv2,_EOPKG_TC-UN-f1-5-penalty3l,99,train_impulse_activation_max_abs,0,1781387185309,7.074102203872511
learn,EOPKG,EOPKGTopologyConditioned,c9399e3109674246bfa4894487904d27,854778689611649472,_EOPKG_TC-UN-f1-5-penalty3l-99_loan_v1_v5_simulated_GATv2,_EOPKG_TC-UN-f1-5-penalty3l,99,train_impulse_activation_max_abs,0,1781387442001,6.965580452038108
learn,EOPKG,EOPKGTopologyConditioned,c9399e3109674246bfa4894487904d27,854778689611649472,_EOPKG_TC-UN-f1-5-penalty3l-99_loan_v1_v5_simulated_GATv2,_EOPKG_TC-UN-f1-5-penalty3l,99,train_impulse_activation_max_abs,0,1781387442001,6.965580452038108
learn,EOPKG,EOPKGTopologyConditioned,c9399e3109674246bfa4894487904d27,854778689611649472,_EOPKG_TC-UN-f1-5-penalty3l-99_loan_v1_v5_simulated_GATv2,_EOPKG_TC-UN-f1-5-penalty3l,99,train_impulse_activation_max_abs,0,1781387697793,7.490381113485994
learn,EOPKG,EOPKGTopologyConditioned,c9399e3109674246bfa4894487904d27,854778689611649472,_EOPKG_TC-UN-f1-5-penalty3l-99_loan_v1_v5_simulated_GATv2,_EOPKG_TC-UN-f1-5-penalty3l,99,train_impulse_activation_max_abs,0,1781387697793,7.490381113485994
learn,EOPKG,EOPKGTopologyConditioned,c9399e3109674246bfa4894487904d27,854778689611649472,_EOPKG_TC-UN-f1-5-penalty3l-99_loan_v1_v5_simulated_GATv2,_EOPKG_TC-UN-f1-5-penalty3l,99,train_impulse_activation_max_abs,0,1781387955411,7.742593133013654
learn,EOPKG,EOPKGTopologyConditioned,c9399e3109674246bfa4894487904d27,854778689611649472,_EOPKG_TC-UN-f1-5-penalty3l-99_loan_v1_v5_simulated_GATv2,_EOPKG_TC-UN-f1-5-penalty3l,99,train_impulse_activation_max_abs,0,1781387955411,7.742593133013654
learn,EOPKG,EOPKGTopologyConditioned,c9399e3109674246bfa4894487904d27,854778689611649472,_EOPKG_TC-UN-f1-5-penalty3l-99_loan_v1_v5_simulated_GATv2,_EOPKG_TC-UN-f1-5-penalty3l,99,train_impulse_activation_max_abs,0,1781388213785,7.794253743509799
learn,EOPKG,EOPKGTopologyConditioned,c9399e3109674246bfa4894487904d27,854778689611649472,_EOPKG_TC-UN-f1-5-penalty3l-99_loan_v1_v5_simulated_GATv2,_EOPKG_TC-UN-f1-5-penalty3l,99,train_impulse_activation_max_abs,0,1781388213785,7.794253743509799
learn,EOPKG,EOPKGTopologyConditioned,c9399e3109674246bfa4894487904d27,854778689611649472,_EOPKG_TC-UN-f1-5-penalty3l-99_loan_v1_v5_simulated_GATv2,_EOPKG_TC-UN-f1-5-penalty3l,99,train_impulse_activation_max_abs,0,1781388469329,7.915052520830794
learn,EOPKG,EOPKGTopologyConditioned,c9399e3109674246bfa4894487904d27,854778689611649472,_EOPKG_TC-UN-f1-5-penalty3l-99_loan_v1_v5_simulated_GATv2,_EOPKG_TC-UN-f1-5-penalty3l,99,train_impulse_activation_max_abs,0,1781388469329,7.915052520830794
learn,EOPKG,EOPKGTopologyConditioned,c9399e3109674246bfa4894487904d27,854778689611649472,_EOPKG_TC-UN-f1-5-penalty3l-99_loan_v1_v5_simulated_GATv2,_EOPKG_TC-UN-f1-5-penalty3l,99,train_impulse_activation_max_abs,0,1781388724765,7.966769517131375
learn,EOPKG,EOPKGTopologyConditioned,c9399e3109674246bfa4894487904d27,854778689611649472,_EOPKG_TC-UN-f1-5-penalty3l-99_loan_v1_v5_simulated_GATv2,_EOPKG_TC-UN-f1-5-penalty3l,99,train_impulse_activation_max_abs,0,1781388724765,7.966769517131375
learn,EOPKG,EOPKGTopologyConditioned,c9399e3109674246bfa4894487904d27,854778689611649472,_EOPKG_TC-UN-f1-5-penalty3l-99_loan_v1_v5_simulated_GATv2,_EOPKG_TC-UN-f1-5-penalty3l,99,train_impulse_activation_max_abs,0,1781388980485,8.375216174770046
learn,EOPKG,EOPKGTopologyConditioned,c9399e3109674246bfa4894487904d27,854778689611649472,_EOPKG_TC-UN-f1-5-penalty3l-99_loan_v1_v5_simulated_GATv2,_EOPKG_TC-UN-f1-5-penalty3l,99,train_impulse_activation_max_abs,0,1781388980485,8.375216174770046
learn,EOPKG,EOPKGTopologyConditioned,c9399e3109674246bfa4894487904d27,854778689611649472,_EOPKG_TC-UN-f1-5-penalty3l-99_loan_v1_v5_simulated_GATv2,_EOPKG_TC-UN-f1-5-penalty3l,99,train_impulse_activation_max_abs,0,1781389235922,8.160110825385502
learn,EOPKG,EOPKGTopologyConditioned,c9399e3109674246bfa4894487904d27,854778689611649472,_EOPKG_TC-UN-f1-5-penalty3l-99_loan_v1_v5_simulated_GATv2,_EOPKG_TC-UN-f1-5-penalty3l,99,train_impulse_activation_max_abs,0,1781389235922,8.160110825385502
learn,EOPKG,EOPKGTopologyConditioned,c9399e3109674246bfa4894487904d27,854778689611649472,_EOPKG_TC-UN-f1-5-penalty3l-99_loan_v1_v5_simulated_GATv2,_EOPKG_TC-UN-f1-5-penalty3l,99,train_impulse_activation_max_abs,0,1781389492926,7.735229370893469
learn,EOPKG,EOPKGTopologyConditioned,c9399e3109674246bfa4894487904d27,854778689611649472,_EOPKG_TC-UN-f1-5-penalty3l-99_loan_v1_v5_simulated_GATv2,_EOPKG_TC-UN-f1-5-penalty3l,99,train_impulse_activation_max_abs,0,1781389492926,7.735229370893469
learn,EOPKG,EOPKGTopologyConditioned,c9399e3109674246bfa4894487904d27,854778689611649472,_EOPKG_TC-UN-f1-5-penalty3l-99_loan_v1_v5_simulated_GATv2,_EOPKG_TC-UN-f1-5-penalty3l,99,train_impulse_activation_max_abs,0,1781389748501,8.155275654148411
learn,EOPKG,EOPKGTopologyConditioned,c9399e3109674246bfa4894487904d27,854778689611649472,_EOPKG_TC-UN-f1-5-penalty3l-99_loan_v1_v5_simulated_GATv2,_EOPKG_TC-UN-f1-5-penalty3l,99,train_impulse_activation_max_abs,0,1781389748501,8.155275654148411
learn,EOPKG,EOPKGTopologyConditioned,c9399e3109674246bfa4894487904d27,854778689611649472,_EOPKG_TC-UN-f1-5-penalty3l-99_loan_v1_v5_simulated_GATv2,_EOPKG_TC-UN-f1-5-penalty3l,99,train_impulse_activation_max_abs,0,1781390007244,8.880895815517261
learn,EOPKG,EOPKGTopologyConditioned,c9399e3109674246bfa4894487904d27,854778689611649472,_EOPKG_TC-UN-f1-5-penalty3l-99_loan_v1_v5_simulated_GATv2,_EOPKG_TC-UN-f1-5-penalty3l,99,train_impulse_activation_max_abs,0,1781390007244,8.880895815517261
learn,EOPKG,EOPKGTopologyConditioned,c9399e3109674246bfa4894487904d27,854778689611649472,_EOPKG_TC-UN-f1-5-penalty3l-99_loan_v1_v5_simulated_GATv2,_EOPKG_TC-UN-f1-5-penalty3l,99,train_impulse_activation_max_abs,0,1781390265169,8.539223679298438
learn,EOPKG,EOPKGTopologyConditioned,c9399e3109674246bfa4894487904d27,854778689611649472,_EOPKG_TC-UN-f1-5-penalty3l-99_loan_v1_v5_simulated_GATv2,_EOPKG_TC-UN-f1-5-penalty3l,99,train_impulse_activation_max_abs,0,1781390265169,8.539223679298438
learn,EOPKG,EOPKGTopologyConditioned,c9399e3109674246bfa4894487904d27,854778689611649472,_EOPKG_TC-UN-f1-5-penalty3l-99_loan_v1_v5_simulated_GATv2,_EOPKG_TC-UN-f1-5-penalty3l,99,train_impulse_activation_max_abs,0,1781390521437,8.014932988747503
learn,EOPKG,EOPKGTopologyConditioned,c9399e3109674246bfa4894487904d27,854778689611649472,_EOPKG_TC-UN-f1-5-penalty3l-99_loan_v1_v5_simulated_GATv2,_EOPKG_TC-UN-f1-5-penalty3l,99,train_impulse_activation_max_abs,0,1781390521437,8.014932988747503
learn,EOPKG,EOPKGTopologyConditioned,c9399e3109674246bfa4894487904d27,854778689611649472,_EOPKG_TC-UN-f1-5-penalty3l-99_loan_v1_v5_simulated_GATv2,_EOPKG_TC-UN-f1-5-penalty3l,99,train_impulse_activation_max_abs,0,1781390778379,7.778736394994399
learn,EOPKG,EOPKGTopologyConditioned,c9399e3109674246bfa4894487904d27,854778689611649472,_EOPKG_TC-UN-f1-5-penalty3l-99_loan_v1_v5_simulated_GATv2,_EOPKG_TC-UN-f1-5-penalty3l,99,train_impulse_activation_max_abs,0,1781390778379,7.778736394994399
learn,EOPKG,EOPKGTopologyConditioned,c9399e3109674246bfa4894487904d27,854778689611649472,_EOPKG_TC-UN-f1-5-penalty3l-99_loan_v1_v5_simulated_GATv2,_EOPKG_TC-UN-f1-5-penalty3l,99,train_impulse_activation_max_abs,0,1781391033739,8.039573200177312
learn,EOPKG,EOPKGTopologyConditioned,c9399e3109674246bfa4894487904d27,854778689611649472,_EOPKG_TC-UN-f1-5-penalty3l-99_loan_v1_v5_simulated_GATv2,_EOPKG_TC-UN-f1-5-penalty3l,99,train_impulse_activation_max_abs,0,1781391033739,8.039573200177312
learn,EOPKG,EOPKGTopologyConditioned,ebdfb988ea654392a4a4fc270f9e7c71,854778689611649472,_EOPKG_TC-UN-f1-5-penalty3l-67_loan_v1_v5_simulated_GATv2,_EOPKG_TC-UN-f1-5-penalty3l,67,train_impulse_activation_max_abs,0,1780673123220,3.6782027257455363
learn,EOPKG,EOPKGTopologyConditioned,ebdfb988ea654392a4a4fc270f9e7c71,854778689611649472,_EOPKG_TC-UN-f1-5-penalty3l-67_loan_v1_v5_simulated_GATv2,_EOPKG_TC-UN-f1-5-penalty3l,67,train_impulse_activation_max_abs,0,1780673123220,3.6782027257455363
learn,EOPKG,EOPKGTopologyConditioned,ebdfb988ea654392a4a4fc270f9e7c71,854778689611649472,_EOPKG_TC-UN-f1-5-penalty3l-67_loan_v1_v5_simulated_GATv2,_EOPKG_TC-UN-f1-5-penalty3l,67,train_impulse_activation_max_abs,0,1780673642127,3.5299277188099434
learn,EOPKG,EOPKGTopologyConditioned,ebdfb988ea654392a4a4fc270f9e7c71,854778689611649472,_EOPKG_TC-UN-f1-5-penalty3l-67_loan_v1_v5_simulated_GATv2,_EOPKG_TC-UN-f1-5-penalty3l,67,train_impulse_activation_max_abs,0,1780673642127,3.5299277188099434
learn,EOPKG,EOPKGTopologyConditioned,ebdfb988ea654392a4a4fc270f9e7c71,854778689611649472,_EOPKG_TC-UN-f1-5-penalty3l-67_loan_v1_v5_simulated_GATv2,_EOPKG_TC-UN-f1-5-penalty3l,67,train_impulse_activation_max_abs,0,1780674006549,3.909025524682195
learn,EOPKG,EOPKGTopologyConditioned,ebdfb988ea654392a4a4fc270f9e7c71,854778689611649472,_EOPKG_TC-UN-f1-5-penalty3l-67_loan_v1_v5_simulated_GATv2,_EOPKG_TC-UN-f1-5-penalty3l,67,train_impulse_activation_max_abs,0,1780674006549,3.909025524682195
learn,EOPKG,EOPKGTopologyConditioned,ebdfb988ea654392a4a4fc270f9e7c71,854778689611649472,_EOPKG_TC-UN-f1-5-penalty3l-67_loan_v1_v5_simulated_GATv2,_EOPKG_TC-UN-f1-5-penalty3l,67,train_impulse_activation_max_abs,0,1780674282126,4.149959837878641
learn,EOPKG,EOPKGTopologyConditioned,ebdfb988ea654392a4a4fc270f9e7c71,854778689611649472,_EOPKG_TC-UN-f1-5-penalty3l-67_loan_v1_v5_simulated_GATv2,_EOPKG_TC-UN-f1-5-penalty3l,67,train_impulse_activation_max_abs,0,1780674282126,4.149959837878641
learn,EOPKG,EOPKGTopologyConditioned,ebdfb988ea654392a4a4fc270f9e7c71,854778689611649472,_EOPKG_TC-UN-f1-5-penalty3l-67_loan_v1_v5_simulated_GATv2,_EOPKG_TC-UN-f1-5-penalty3l,67,train_impulse_activation_max_abs,0,1780674537088,4.284168650501294
learn,EOPKG,EOPKGTopologyConditioned,ebdfb988ea654392a4a4fc270f9e7c71,854778689611649472,_EOPKG_TC-UN-f1-5-penalty3l-67_loan_v1_v5_simulated_GATv2,_EOPKG_TC-UN-f1-5-penalty3l,67,train_impulse_activation_max_abs,0,1780674537088,4.284168650501294
learn,EOPKG,EOPKGTopologyConditioned,ebdfb988ea654392a4a4fc270f9e7c71,854778689611649472,_EOPKG_TC-UN-f1-5-penalty3l-67_loan_v1_v5_simulated_GATv2,_EOPKG_TC-UN-f1-5-penalty3l,67,train_impulse_activation_max_abs,0,1780674827755,4.531163559050931
learn,EOPKG,EOPKGTopologyConditioned,ebdfb988ea654392a4a4fc270f9e7c71,854778689611649472,_EOPKG_TC-UN-f1-5-penalty3l-67_loan_v1_v5_simulated_GATv2,_EOPKG_TC-UN-f1-5-penalty3l,67,train_impulse_activation_max_abs,0,1780674827755,4.531163559050931
learn,EOPKG,EOPKGTopologyConditioned,ebdfb988ea654392a4a4fc270f9e7c71,854778689611649472,_EOPKG_TC-UN-f1-5-penalty3l-67_loan_v1_v5_simulated_GATv2,_EOPKG_TC-UN-f1-5-penalty3l,67,train_impulse_activation_max_abs,0,1780675233505,4.640788894010462
learn,EOPKG,EOPKGTopologyConditioned,ebdfb988ea654392a4a4fc270f9e7c71,854778689611649472,_EOPKG_TC-UN-f1-5-penalty3l-67_loan_v1_v5_simulated_GATv2,_EOPKG_TC-UN-f1-5-penalty3l,67,train_impulse_activation_max_abs,0,1780675233505,4.640788894010462
learn,EOPKG,EOPKGTopologyConditioned,ebdfb988ea654392a4a4fc270f9e7c71,854778689611649472,_EOPKG_TC-UN-f1-5-penalty3l-67_loan_v1_v5_simulated_GATv2,_EOPKG_TC-UN-f1-5-penalty3l,67,train_impulse_activation_max_abs,0,1780675627370,4.931747457749893
learn,EOPKG,EOPKGTopologyConditioned,ebdfb988ea654392a4a4fc270f9e7c71,854778689611649472,_EOPKG_TC-UN-f1-5-penalty3l-67_loan_v1_v5_simulated_GATv2,_EOPKG_TC-UN-f1-5-penalty3l,67,train_impulse_activation_max_abs,0,1780675627370,4.931747457749893
learn,EOPKG,EOPKGTopologyConditioned,ebdfb988ea654392a4a4fc270f9e7c71,854778689611649472,_EOPKG_TC-UN-f1-5-penalty3l-67_loan_v1_v5_simulated_GATv2,_EOPKG_TC-UN-f1-5-penalty3l,67,train_impulse_activation_max_abs,0,1780675965801,5.016708513511573
learn,EOPKG,EOPKGTopologyConditioned,ebdfb988ea654392a4a4fc270f9e7c71,854778689611649472,_EOPKG_TC-UN-f1-5-penalty3l-67_loan_v1_v5_simulated_GATv2,_EOPKG_TC-UN-f1-5-penalty3l,67,train_impulse_activation_max_abs,0,1780675965801,5.016708513511573
learn,EOPKG,EOPKGTopologyConditioned,ebdfb988ea654392a4a4fc270f9e7c71,854778689611649472,_EOPKG_TC-UN-f1-5-penalty3l-67_loan_v1_v5_simulated_GATv2,_EOPKG_TC-UN-f1-5-penalty3l,67,train_impulse_activation_max_abs,0,1780676238103,5.02279511165164
learn,EOPKG,EOPKGTopologyConditioned,ebdfb988ea654392a4a4fc270f9e7c71,854778689611649472,_EOPKG_TC-UN-f1-5-penalty3l-67_loan_v1_v5_simulated_GATv2,_EOPKG_TC-UN-f1-5-penalty3l,67,train_impulse_activation_max_abs,0,1780676238103,5.02279511165164
learn,EOPKG,EOPKGTopologyConditioned,ebdfb988ea654392a4a4fc270f9e7c71,854778689611649472,_EOPKG_TC-UN-f1-5-penalty3l-67_loan_v1_v5_simulated_GATv2,_EOPKG_TC-UN-f1-5-penalty3l,67,train_impulse_activation_max_abs,0,1780676499067,5.133634974353833
learn,EOPKG,EOPKGTopologyConditioned,ebdfb988ea654392a4a4fc270f9e7c71,854778689611649472,_EOPKG_TC-UN-f1-5-penalty3l-67_loan_v1_v5_simulated_GATv2,_EOPKG_TC-UN-f1-5-penalty3l,67,train_impulse_activation_max_abs,0,1780676499067,5.133634974353833
learn,EOPKG,EOPKGTopologyConditioned,ebdfb988ea654392a4a4fc270f9e7c71,854778689611649472,_EOPKG_TC-UN-f1-5-penalty3l-67_loan_v1_v5_simulated_GATv2,_EOPKG_TC-UN-f1-5-penalty3l,67,train_impulse_activation_max_abs,0,1780676759608,5.380604454368021
learn,EOPKG,EOPKGTopologyConditioned,ebdfb988ea654392a4a4fc270f9e7c71,854778689611649472,_EOPKG_TC-UN-f1-5-penalty3l-67_loan_v1_v5_simulated_GATv2,_EOPKG_TC-UN-f1-5-penalty3l,67,train_impulse_activation_max_abs,0,1780676759608,5.380604454368021
learn,EOPKG,EOPKGTopologyConditioned,ebdfb988ea654392a4a4fc270f9e7c71,854778689611649472,_EOPKG_TC-UN-f1-5-penalty3l-67_loan_v1_v5_simulated_GATv2,_EOPKG_TC-UN-f1-5-penalty3l,67,train_impulse_activation_max_abs,0,1780677037839,5.526346462140591
learn,EOPKG,EOPKGTopologyConditioned,ebdfb988ea654392a4a4fc270f9e7c71,854778689611649472,_EOPKG_TC-UN-f1-5-penalty3l-67_loan_v1_v5_simulated_GATv2,_EOPKG_TC-UN-f1-5-penalty3l,67,train_impulse_activation_max_abs,0,1780677037839,5.526346462140591
learn,EOPKG,EOPKGTopologyConditioned,ebdfb988ea654392a4a4fc270f9e7c71,854778689611649472,_EOPKG_TC-UN-f1-5-penalty3l-67_loan_v1_v5_simulated_GATv2,_EOPKG_TC-UN-f1-5-penalty3l,67,train_impulse_activation_max_abs,0,1780677365167,5.51484497628265
learn,EOPKG,EOPKGTopologyConditioned,ebdfb988ea654392a4a4fc270f9e7c71,854778689611649472,_EOPKG_TC-UN-f1-5-penalty3l-67_loan_v1_v5_simulated_GATv2,_EOPKG_TC-UN-f1-5-penalty3l,67,train_impulse_activation_max_abs,0,1780677365167,5.51484497628265
learn,EOPKG,EOPKGTopologyConditioned,ebdfb988ea654392a4a4fc270f9e7c71,854778689611649472,_EOPKG_TC-UN-f1-5-penalty3l-67_loan_v1_v5_simulated_GATv2,_EOPKG_TC-UN-f1-5-penalty3l,67,train_impulse_activation_max_abs,0,1780677746681,5.470888928502846
learn,EOPKG,EOPKGTopologyConditioned,ebdfb988ea654392a4a4fc270f9e7c71,854778689611649472,_EOPKG_TC-UN-f1-5-penalty3l-67_loan_v1_v5_simulated_GATv2,_EOPKG_TC-UN-f1-5-penalty3l,67,train_impulse_activation_max_abs,0,1780677746681,5.470888928502846
learn,EOPKG,EOPKGTopologyConditioned,ebdfb988ea654392a4a4fc270f9e7c71,854778689611649472,_EOPKG_TC-UN-f1-5-penalty3l-67_loan_v1_v5_simulated_GATv2,_EOPKG_TC-UN-f1-5-penalty3l,67,train_impulse_activation_max_abs,0,1780678062128,5.666359858217224
learn,EOPKG,EOPKGTopologyConditioned,ebdfb988ea654392a4a4fc270f9e7c71,854778689611649472,_EOPKG_TC-UN-f1-5-penalty3l-67_loan_v1_v5_simulated_GATv2,_EOPKG_TC-UN-f1-5-penalty3l,67,train_impulse_activation_max_abs,0,1780678062128,5.666359858217224
learn,EOPKG,EOPKGTopologyConditioned,ebdfb988ea654392a4a4fc270f9e7c71,854778689611649472,_EOPKG_TC-UN-f1-5-penalty3l-67_loan_v1_v5_simulated_GATv2,_EOPKG_TC-UN-f1-5-penalty3l,67,train_impulse_activation_max_abs,0,1780678336982,5.729083375824654
learn,EOPKG,EOPKGTopologyConditioned,ebdfb988ea654392a4a4fc270f9e7c71,854778689611649472,_EOPKG_TC-UN-f1-5-penalty3l-67_loan_v1_v5_simulated_GATv2,_EOPKG_TC-UN-f1-5-penalty3l,67,train_impulse_activation_max_abs,0,1780678336982,5.729083375824654
learn,EOPKG,EOPKGTopologyConditioned,ebdfb988ea654392a4a4fc270f9e7c71,854778689611649472,_EOPKG_TC-UN-f1-5-penalty3l-67_loan_v1_v5_simulated_GATv2,_EOPKG_TC-UN-f1-5-penalty3l,67,train_impulse_activation_max_abs,0,1780678640273,5.895415405400796
learn,EOPKG,EOPKGTopologyConditioned,ebdfb988ea654392a4a4fc270f9e7c71,854778689611649472,_EOPKG_TC-UN-f1-5-penalty3l-67_loan_v1_v5_simulated_GATv2,_EOPKG_TC-UN-f1-5-penalty3l,67,train_impulse_activation_max_abs,0,1780678640273,5.895415405400796
learn,EOPKG,EOPKGTopologyConditioned,ebdfb988ea654392a4a4fc270f9e7c71,854778689611649472,_EOPKG_TC-UN-f1-5-penalty3l-67_loan_v1_v5_simulated_GATv2,_EOPKG_TC-UN-f1-5-penalty3l,67,train_impulse_activation_max_abs,0,1780679067892,5.917895298125444
learn,EOPKG,EOPKGTopologyConditioned,ebdfb988ea654392a4a4fc270f9e7c71,854778689611649472,_EOPKG_TC-UN-f1-5-penalty3l-67_loan_v1_v5_simulated_GATv2,_EOPKG_TC-UN-f1-5-penalty3l,67,train_impulse_activation_max_abs,0,1780679067892,5.917895298125444
learn,EOPKG,EOPKGTopologyConditioned,ebdfb988ea654392a4a4fc270f9e7c71,854778689611649472,_EOPKG_TC-UN-f1-5-penalty3l-67_loan_v1_v5_simulated_GATv2,_EOPKG_TC-UN-f1-5-penalty3l,67,train_impulse_activation_max_abs,0,1780679431844,6.029721097840035
learn,EOPKG,EOPKGTopologyConditioned,ebdfb988ea654392a4a4fc270f9e7c71,854778689611649472,_EOPKG_TC-UN-f1-5-penalty3l-67_loan_v1_v5_simulated_GATv2,_EOPKG_TC-UN-f1-5-penalty3l,67,train_impulse_activation_max_abs,0,1780679431844,6.029721097840035
learn,EOPKG,EOPKGTopologyConditioned,ebdfb988ea654392a4a4fc270f9e7c71,854778689611649472,_EOPKG_TC-UN-f1-5-penalty3l-67_loan_v1_v5_simulated_GATv2,_EOPKG_TC-UN-f1-5-penalty3l,67,train_impulse_activation_max_abs,0,1780679732428,6.2250738469898605
learn,EOPKG,EOPKGTopologyConditioned,ebdfb988ea654392a4a4fc270f9e7c71,854778689611649472,_EOPKG_TC-UN-f1-5-penalty3l-67_loan_v1_v5_simulated_GATv2,_EOPKG_TC-UN-f1-5-penalty3l,67,train_impulse_activation_max_abs,0,1780679732428,6.2250738469898605
learn,EOPKG,EOPKGTopologyConditioned,ebdfb988ea654392a4a4fc270f9e7c71,854778689611649472,_EOPKG_TC-UN-f1-5-penalty3l-67_loan_v1_v5_simulated_GATv2,_EOPKG_TC-UN-f1-5-penalty3l,67,train_impulse_activation_max_abs,0,1780679996309,6.069865366991828
learn,EOPKG,EOPKGTopologyConditioned,ebdfb988ea654392a4a4fc270f9e7c71,854778689611649472,_EOPKG_TC-UN-f1-5-penalty3l-67_loan_v1_v5_simulated_GATv2,_EOPKG_TC-UN-f1-5-penalty3l,67,train_impulse_activation_max_abs,0,1780679996309,6.069865366991828
learn,EOPKG,EOPKGTopologyConditioned,ebdfb988ea654392a4a4fc270f9e7c71,854778689611649472,_EOPKG_TC-UN-f1-5-penalty3l-67_loan_v1_v5_simulated_GATv2,_EOPKG_TC-UN-f1-5-penalty3l,67,train_impulse_activation_max_abs,0,1780680264229,5.883792317728549
learn,EOPKG,EOPKGTopologyConditioned,ebdfb988ea654392a4a4fc270f9e7c71,854778689611649472,_EOPKG_TC-UN-f1-5-penalty3l-67_loan_v1_v5_simulated_GATv2,_EOPKG_TC-UN-f1-5-penalty3l,67,train_impulse_activation_max_abs,0,1780680264229,5.883792317728549
learn,EOPKG,EOPKGTopologyConditioned,ebdfb988ea654392a4a4fc270f9e7c71,854778689611649472,_EOPKG_TC-UN-f1-5-penalty3l-67_loan_v1_v5_simulated_GATv2,_EOPKG_TC-UN-f1-5-penalty3l,67,train_impulse_activation_max_abs,0,1780680518408,6.063629059420102
learn,EOPKG,EOPKGTopologyConditioned,ebdfb988ea654392a4a4fc270f9e7c71,854778689611649472,_EOPKG_TC-UN-f1-5-penalty3l-67_loan_v1_v5_simulated_GATv2,_EOPKG_TC-UN-f1-5-penalty3l,67,train_impulse_activation_max_abs,0,1780680518408,6.063629059420102
learn,EOPKG,EOPKGTopologyConditioned,ebdfb988ea654392a4a4fc270f9e7c71,854778689611649472,_EOPKG_TC-UN-f1-5-penalty3l-67_loan_v1_v5_simulated_GATv2,_EOPKG_TC-UN-f1-5-penalty3l,67,train_impulse_activation_max_abs,0,1780680773343,5.958672382494225
learn,EOPKG,EOPKGTopologyConditioned,ebdfb988ea654392a4a4fc270f9e7c71,854778689611649472,_EOPKG_TC-UN-f1-5-penalty3l-67_loan_v1_v5_simulated_GATv2,_EOPKG_TC-UN-f1-5-penalty3l,67,train_impulse_activation_max_abs,0,1780680773343,5.958672382494225
learn,EOPKG,EOPKGTopologyConditioned,ebdfb988ea654392a4a4fc270f9e7c71,854778689611649472,_EOPKG_TC-UN-f1-5-penalty3l-67_loan_v1_v5_simulated_GATv2,_EOPKG_TC-UN-f1-5-penalty3l,67,train_impulse_activation_max_abs,0,1780681029939,6.079210188885372
learn,EOPKG,EOPKGTopologyConditioned,ebdfb988ea654392a4a4fc270f9e7c71,854778689611649472,_EOPKG_TC-UN-f1-5-penalty3l-67_loan_v1_v5_simulated_GATv2,_EOPKG_TC-UN-f1-5-penalty3l,67,train_impulse_activation_max_abs,0,1780681029939,6.079210188885372
learn,EOPKG,EOPKGTopologyConditioned,ebdfb988ea654392a4a4fc270f9e7c71,854778689611649472,_EOPKG_TC-UN-f1-5-penalty3l-67_loan_v1_v5_simulated_GATv2,_EOPKG_TC-UN-f1-5-penalty3l,67,train_impulse_activation_max_abs,0,1780681353818,6.044389749748339
learn,EOPKG,EOPKGTopologyConditioned,ebdfb988ea654392a4a4fc270f9e7c71,854778689611649472,_EOPKG_TC-UN-f1-5-penalty3l-67_loan_v1_v5_simulated_GATv2,_EOPKG_TC-UN-f1-5-penalty3l,67,train_impulse_activation_max_abs,0,1780681353818,6.044389749748339
learn,EOPKG,EOPKGTopologyConditioned,ebdfb988ea654392a4a4fc270f9e7c71,854778689611649472,_EOPKG_TC-UN-f1-5-penalty3l-67_loan_v1_v5_simulated_GATv2,_EOPKG_TC-UN-f1-5-penalty3l,67,train_impulse_activation_max_abs,0,1780681706538,6.350318999661929
learn,EOPKG,EOPKGTopologyConditioned,ebdfb988ea654392a4a4fc270f9e7c71,854778689611649472,_EOPKG_TC-UN-f1-5-penalty3l-67_loan_v1_v5_simulated_GATv2,_EOPKG_TC-UN-f1-5-penalty3l,67,train_impulse_activation_max_abs,0,1780681706538,6.350318999661929
learn,EOPKG,EOPKGTopologyConditioned,ebdfb988ea654392a4a4fc270f9e7c71,854778689611649472,_EOPKG_TC-UN-f1-5-penalty3l-67_loan_v1_v5_simulated_GATv2,_EOPKG_TC-UN-f1-5-penalty3l,67,train_impulse_activation_max_abs,0,1780682217541,6.353258260293303
learn,EOPKG,EOPKGTopologyConditioned,ebdfb988ea654392a4a4fc270f9e7c71,854778689611649472,_EOPKG_TC-UN-f1-5-penalty3l-67_loan_v1_v5_simulated_GATv2,_EOPKG_TC-UN-f1-5-penalty3l,67,train_impulse_activation_max_abs,0,1780682217541,6.353258260293303
learn,EOPKG,EOPKGTopologyConditioned,ebdfb988ea654392a4a4fc270f9e7c71,854778689611649472,_EOPKG_TC-UN-f1-5-penalty3l-67_loan_v1_v5_simulated_GATv2,_EOPKG_TC-UN-f1-5-penalty3l,67,train_impulse_activation_max_abs,0,1780682639601,6.445679130159994
learn,EOPKG,EOPKGTopologyConditioned,ebdfb988ea654392a4a4fc270f9e7c71,854778689611649472,_EOPKG_TC-UN-f1-5-penalty3l-67_loan_v1_v5_simulated_GATv2,_EOPKG_TC-UN-f1-5-penalty3l,67,train_impulse_activation_max_abs,0,1780682639601,6.445679130159994
learn,EOPKG,EOPKGTopologyConditioned,ebdfb988ea654392a4a4fc270f9e7c71,854778689611649472,_EOPKG_TC-UN-f1-5-penalty3l-67_loan_v1_v5_simulated_GATv2,_EOPKG_TC-UN-f1-5-penalty3l,67,train_impulse_activation_max_abs,0,1780682918098,6.449721099841386
learn,EOPKG,EOPKGTopologyConditioned,ebdfb988ea654392a4a4fc270f9e7c71,854778689611649472,_EOPKG_TC-UN-f1-5-penalty3l-67_loan_v1_v5_simulated_GATv2,_EOPKG_TC-UN-f1-5-penalty3l,67,train_impulse_activation_max_abs,0,1780682918098,6.449721099841386
learn,EOPKG,EOPKGTopologyConditioned,ebdfb988ea654392a4a4fc270f9e7c71,854778689611649472,_EOPKG_TC-UN-f1-5-penalty3l-67_loan_v1_v5_simulated_GATv2,_EOPKG_TC-UN-f1-5-penalty3l,67,train_impulse_activation_max_abs,0,1780683219149,6.214399850235834
learn,EOPKG,EOPKGTopologyConditioned,ebdfb988ea654392a4a4fc270f9e7c71,854778689611649472,_EOPKG_TC-UN-f1-5-penalty3l-67_loan_v1_v5_simulated_GATv2,_EOPKG_TC-UN-f1-5-penalty3l,67,train_impulse_activation_max_abs,0,1780683219149,6.214399850235834
learn,EOPKG,EOPKGTopologyConditioned,ebdfb988ea654392a4a4fc270f9e7c71,854778689611649472,_EOPKG_TC-UN-f1-5-penalty3l-67_loan_v1_v5_simulated_GATv2,_EOPKG_TC-UN-f1-5-penalty3l,67,train_impulse_activation_max_abs,0,1780683566179,6.184535146328148
learn,EOPKG,EOPKGTopologyConditioned,ebdfb988ea654392a4a4fc270f9e7c71,854778689611649472,_EOPKG_TC-UN-f1-5-penalty3l-67_loan_v1_v5_simulated_GATv2,_EOPKG_TC-UN-f1-5-penalty3l,67,train_impulse_activation_max_abs,0,1780683566179,6.184535146328148
learn,EOPKG,EOPKGTopologyConditioned,ebdfb988ea654392a4a4fc270f9e7c71,854778689611649472,_EOPKG_TC-UN-f1-5-penalty3l-67_loan_v1_v5_simulated_GATv2,_EOPKG_TC-UN-f1-5-penalty3l,67,train_impulse_activation_max_abs,0,1780683880810,6.2430990291892625
learn,EOPKG,EOPKGTopologyConditioned,ebdfb988ea654392a4a4fc270f9e7c71,854778689611649472,_EOPKG_TC-UN-f1-5-penalty3l-67_loan_v1_v5_simulated_GATv2,_EOPKG_TC-UN-f1-5-penalty3l,67,train_impulse_activation_max_abs,0,1780683880810,6.2430990291892625
learn,EOPKG,EOPKGTopologyConditioned,ebdfb988ea654392a4a4fc270f9e7c71,854778689611649472,_EOPKG_TC-UN-f1-5-penalty3l-67_loan_v1_v5_simulated_GATv2,_EOPKG_TC-UN-f1-5-penalty3l,67,train_impulse_activation_max_abs,0,1780684194307,6.01448186592381
learn,EOPKG,EOPKGTopologyConditioned,ebdfb988ea654392a4a4fc270f9e7c71,854778689611649472,_EOPKG_TC-UN-f1-5-penalty3l-67_loan_v1_v5_simulated_GATv2,_EOPKG_TC-UN-f1-5-penalty3l,67,train_impulse_activation_max_abs,0,1780684194307,6.01448186592381
learn,EOPKG,EOPKGTopologyConditioned,ebdfb988ea654392a4a4fc270f9e7c71,854778689611649472,_EOPKG_TC-UN-f1-5-penalty3l-67_loan_v1_v5_simulated_GATv2,_EOPKG_TC-UN-f1-5-penalty3l,67,train_impulse_activation_max_abs,0,1780684515944,6.086009659335041
learn,EOPKG,EOPKGTopologyConditioned,ebdfb988ea654392a4a4fc270f9e7c71,854778689611649472,_EOPKG_TC-UN-f1-5-penalty3l-67_loan_v1_v5_simulated_GATv2,_EOPKG_TC-UN-f1-5-penalty3l,67,train_impulse_activation_max_abs,0,1780684515944,6.086009659335041
learn,EOPKG,EOPKGTopologyConditioned,ebdfb988ea654392a4a4fc270f9e7c71,854778689611649472,_EOPKG_TC-UN-f1-5-penalty3l-67_loan_v1_v5_simulated_GATv2,_EOPKG_TC-UN-f1-5-penalty3l,67,train_impulse_activation_max_abs,0,1780684787467,5.9131569407513105
learn,EOPKG,EOPKGTopologyConditioned,ebdfb988ea654392a4a4fc270f9e7c71,854778689611649472,_EOPKG_TC-UN-f1-5-penalty3l-67_loan_v1_v5_simulated_GATv2,_EOPKG_TC-UN-f1-5-penalty3l,67,train_impulse_activation_max_abs,0,1780684787467,5.9131569407513105
learn,EOPKG,EOPKGTopologyConditioned,ebdfb988ea654392a4a4fc270f9e7c71,854778689611649472,_EOPKG_TC-UN-f1-5-penalty3l-67_loan_v1_v5_simulated_GATv2,_EOPKG_TC-UN-f1-5-penalty3l,67,train_impulse_activation_max_abs,0,1780685047278,5.927324609650338
learn,EOPKG,EOPKGTopologyConditioned,ebdfb988ea654392a4a4fc270f9e7c71,854778689611649472,_EOPKG_TC-UN-f1-5-penalty3l-67_loan_v1_v5_simulated_GATv2,_EOPKG_TC-UN-f1-5-penalty3l,67,train_impulse_activation_max_abs,0,1780685047278,5.927324609650338
learn,EOPKG,EOPKGTopologyConditioned,ebdfb988ea654392a4a4fc270f9e7c71,854778689611649472,_EOPKG_TC-UN-f1-5-penalty3l-67_loan_v1_v5_simulated_GATv2,_EOPKG_TC-UN-f1-5-penalty3l,67,train_impulse_activation_max_abs,0,1780685302445,6.059399384193845
learn,EOPKG,EOPKGTopologyConditioned,ebdfb988ea654392a4a4fc270f9e7c71,854778689611649472,_EOPKG_TC-UN-f1-5-penalty3l-67_loan_v1_v5_simulated_GATv2,_EOPKG_TC-UN-f1-5-penalty3l,67,train_impulse_activation_max_abs,0,1780685302445,6.059399384193845
learn,EOPKG,EOPKGTopologyConditioned,ebdfb988ea654392a4a4fc270f9e7c71,854778689611649472,_EOPKG_TC-UN-f1-5-penalty3l-67_loan_v1_v5_simulated_GATv2,_EOPKG_TC-UN-f1-5-penalty3l,67,train_impulse_activation_max_abs,0,1780685556392,6.140931540339095
learn,EOPKG,EOPKGTopologyConditioned,ebdfb988ea654392a4a4fc270f9e7c71,854778689611649472,_EOPKG_TC-UN-f1-5-penalty3l-67_loan_v1_v5_simulated_GATv2,_EOPKG_TC-UN-f1-5-penalty3l,67,train_impulse_activation_max_abs,0,1780685556392,6.140931540339095
learn,EOPKG,EOPKGTopologyConditioned,ebdfb988ea654392a4a4fc270f9e7c71,854778689611649472,_EOPKG_TC-UN-f1-5-penalty3l-67_loan_v1_v5_simulated_GATv2,_EOPKG_TC-UN-f1-5-penalty3l,67,train_impulse_activation_max_abs,0,1780685810848,6.163143294414769
learn,EOPKG,EOPKGTopologyConditioned,ebdfb988ea654392a4a4fc270f9e7c71,854778689611649472,_EOPKG_TC-UN-f1-5-penalty3l-67_loan_v1_v5_simulated_GATv2,_EOPKG_TC-UN-f1-5-penalty3l,67,train_impulse_activation_max_abs,0,1780685810848,6.163143294414769
learn,EOPKG,EOPKGTopologyConditioned,ebdfb988ea654392a4a4fc270f9e7c71,854778689611649472,_EOPKG_TC-UN-f1-5-penalty3l-67_loan_v1_v5_simulated_GATv2,_EOPKG_TC-UN-f1-5-penalty3l,67,train_impulse_activation_max_abs,0,1780686073503,6.188927194082869
learn,EOPKG,EOPKGTopologyConditioned,ebdfb988ea654392a4a4fc270f9e7c71,854778689611649472,_EOPKG_TC-UN-f1-5-penalty3l-67_loan_v1_v5_simulated_GATv2,_EOPKG_TC-UN-f1-5-penalty3l,67,train_impulse_activation_max_abs,0,1780686073503,6.188927194082869
learn,EOPKG-WI,EOPKGTopologyConditionedWI,65fb28926d0d45709ad89ec7cf9aef59,854778689611649472,_EOPKG_WI-UN-f1-5-32_loan_v1_v5_simulated_GATv2,_EOPKG_WI-UN-f1-5,32,train_impulse_activation_max_abs,0,1781533351818,0.0
learn,EOPKG-WI,EOPKGTopologyConditionedWI,65fb28926d0d45709ad89ec7cf9aef59,854778689611649472,_EOPKG_WI-UN-f1-5-32_loan_v1_v5_simulated_GATv2,_EOPKG_WI-UN-f1-5,32,train_impulse_activation_max_abs,0,1781533351818,0.0
learn,EOPKG-WI,EOPKGTopologyConditionedWI,65fb28926d0d45709ad89ec7cf9aef59,854778689611649472,_EOPKG_WI-UN-f1-5-32_loan_v1_v5_simulated_GATv2,_EOPKG_WI-UN-f1-5,32,train_impulse_activation_max_abs,0,1781533723959,0.0
learn,EOPKG-WI,EOPKGTopologyConditionedWI,65fb28926d0d45709ad89ec7cf9aef59,854778689611649472,_EOPKG_WI-UN-f1-5-32_loan_v1_v5_simulated_GATv2,_EOPKG_WI-UN-f1-5,32,train_impulse_activation_max_abs,0,1781533723959,0.0
learn,EOPKG-WI,EOPKGTopologyConditionedWI,65fb28926d0d45709ad89ec7cf9aef59,854778689611649472,_EOPKG_WI-UN-f1-5-32_loan_v1_v5_simulated_GATv2,_EOPKG_WI-UN-f1-5,32,train_impulse_activation_max_abs,0,1781534086276,0.0
learn,EOPKG-WI,EOPKGTopologyConditionedWI,65fb28926d0d45709ad89ec7cf9aef59,854778689611649472,_EOPKG_WI-UN-f1-5-32_loan_v1_v5_simulated_GATv2,_EOPKG_WI-UN-f1-5,32,train_impulse_activation_max_abs,0,1781534086276,0.0
learn,EOPKG-WI,EOPKGTopologyConditionedWI,65fb28926d0d45709ad89ec7cf9aef59,854778689611649472,_EOPKG_WI-UN-f1-5-32_loan_v1_v5_simulated_GATv2,_EOPKG_WI-UN-f1-5,32,train_impulse_activation_max_abs,0,1781534483051,0.0
learn,EOPKG-WI,EOPKGTopologyConditionedWI,65fb28926d0d45709ad89ec7cf9aef59,854778689611649472,_EOPKG_WI-UN-f1-5-32_loan_v1_v5_simulated_GATv2,_EOPKG_WI-UN-f1-5,32,train_impulse_activation_max_abs,0,1781534483051,0.0
learn,EOPKG-WI,EOPKGTopologyConditionedWI,65fb28926d0d45709ad89ec7cf9aef59,854778689611649472,_EOPKG_WI-UN-f1-5-32_loan_v1_v5_simulated_GATv2,_EOPKG_WI-UN-f1-5,32,train_impulse_activation_max_abs,0,1781534686672,0.0
learn,EOPKG-WI,EOPKGTopologyConditionedWI,65fb28926d0d45709ad89ec7cf9aef59,854778689611649472,_EOPKG_WI-UN-f1-5-32_loan_v1_v5_simulated_GATv2,_EOPKG_WI-UN-f1-5,32,train_impulse_activation_max_abs,0,1781534686672,0.0
learn,EOPKG-WI,EOPKGTopologyConditionedWI,65fb28926d0d45709ad89ec7cf9aef59,854778689611649472,_EOPKG_WI-UN-f1-5-32_loan_v1_v5_simulated_GATv2,_EOPKG_WI-UN-f1-5,32,train_impulse_activation_max_abs,0,1781534842119,0.0
learn,EOPKG-WI,EOPKGTopologyConditionedWI,65fb28926d0d45709ad89ec7cf9aef59,854778689611649472,_EOPKG_WI-UN-f1-5-32_loan_v1_v5_simulated_GATv2,_EOPKG_WI-UN-f1-5,32,train_impulse_activation_max_abs,0,1781534842119,0.0
learn,EOPKG-WI,EOPKGTopologyConditionedWI,65fb28926d0d45709ad89ec7cf9aef59,854778689611649472,_EOPKG_WI-UN-f1-5-32_loan_v1_v5_simulated_GATv2,_EOPKG_WI-UN-f1-5,32,train_impulse_activation_max_abs,0,1781535118781,0.0
learn,EOPKG-WI,EOPKGTopologyConditionedWI,65fb28926d0d45709ad89ec7cf9aef59,854778689611649472,_EOPKG_WI-UN-f1-5-32_loan_v1_v5_simulated_GATv2,_EOPKG_WI-UN-f1-5,32,train_impulse_activation_max_abs,0,1781535118781,0.0
learn,EOPKG-WI,EOPKGTopologyConditionedWI,65fb28926d0d45709ad89ec7cf9aef59,854778689611649472,_EOPKG_WI-UN-f1-5-32_loan_v1_v5_simulated_GATv2,_EOPKG_WI-UN-f1-5,32,train_impulse_activation_max_abs,0,1781535486096,0.0
learn,EOPKG-WI,EOPKGTopologyConditionedWI,65fb28926d0d45709ad89ec7cf9aef59,854778689611649472,_EOPKG_WI-UN-f1-5-32_loan_v1_v5_simulated_GATv2,_EOPKG_WI-UN-f1-5,32,train_impulse_activation_max_abs,0,1781535486096,0.0
learn,EOPKG-WI,EOPKGTopologyConditionedWI,65fb28926d0d45709ad89ec7cf9aef59,854778689611649472,_EOPKG_WI-UN-f1-5-32_loan_v1_v5_simulated_GATv2,_EOPKG_WI-UN-f1-5,32,train_impulse_activation_max_abs,0,1781535767263,0.0
learn,EOPKG-WI,EOPKGTopologyConditionedWI,65fb28926d0d45709ad89ec7cf9aef59,854778689611649472,_EOPKG_WI-UN-f1-5-32_loan_v1_v5_simulated_GATv2,_EOPKG_WI-UN-f1-5,32,train_impulse_activation_max_abs,0,1781535767263,0.0
learn,EOPKG-WI,EOPKGTopologyConditionedWI,65fb28926d0d45709ad89ec7cf9aef59,854778689611649472,_EOPKG_WI-UN-f1-5-32_loan_v1_v5_simulated_GATv2,_EOPKG_WI-UN-f1-5,32,train_impulse_activation_max_abs,0,1781535910105,0.0
learn,EOPKG-WI,EOPKGTopologyConditionedWI,65fb28926d0d45709ad89ec7cf9aef59,854778689611649472,_EOPKG_WI-UN-f1-5-32_loan_v1_v5_simulated_GATv2,_EOPKG_WI-UN-f1-5,32,train_impulse_activation_max_abs,0,1781535910105,0.0
learn,EOPKG-WI,EOPKGTopologyConditionedWI,65fb28926d0d45709ad89ec7cf9aef59,854778689611649472,_EOPKG_WI-UN-f1-5-32_loan_v1_v5_simulated_GATv2,_EOPKG_WI-UN-f1-5,32,train_impulse_activation_max_abs,0,1781536188382,0.0
learn,EOPKG-WI,EOPKGTopologyConditionedWI,65fb28926d0d45709ad89ec7cf9aef59,854778689611649472,_EOPKG_WI-UN-f1-5-32_loan_v1_v5_simulated_GATv2,_EOPKG_WI-UN-f1-5,32,train_impulse_activation_max_abs,0,1781536188382,0.0
learn,EOPKG-WI,EOPKGTopologyConditionedWI,65fb28926d0d45709ad89ec7cf9aef59,854778689611649472,_EOPKG_WI-UN-f1-5-32_loan_v1_v5_simulated_GATv2,_EOPKG_WI-UN-f1-5,32,train_impulse_activation_max_abs,0,1781536425647,0.0
learn,EOPKG-WI,EOPKGTopologyConditionedWI,65fb28926d0d45709ad89ec7cf9aef59,854778689611649472,_EOPKG_WI-UN-f1-5-32_loan_v1_v5_simulated_GATv2,_EOPKG_WI-UN-f1-5,32,train_impulse_activation_max_abs,0,1781536425647,0.0
learn,EOPKG-WI,EOPKGTopologyConditionedWI,65fb28926d0d45709ad89ec7cf9aef59,854778689611649472,_EOPKG_WI-UN-f1-5-32_loan_v1_v5_simulated_GATv2,_EOPKG_WI-UN-f1-5,32,train_impulse_activation_max_abs,0,1781536618709,0.0
learn,EOPKG-WI,EOPKGTopologyConditionedWI,65fb28926d0d45709ad89ec7cf9aef59,854778689611649472,_EOPKG_WI-UN-f1-5-32_loan_v1_v5_simulated_GATv2,_EOPKG_WI-UN-f1-5,32,train_impulse_activation_max_abs,0,1781536618709,0.0
learn,EOPKG-WI,EOPKGTopologyConditionedWI,65fb28926d0d45709ad89ec7cf9aef59,854778689611649472,_EOPKG_WI-UN-f1-5-32_loan_v1_v5_simulated_GATv2,_EOPKG_WI-UN-f1-5,32,train_impulse_activation_max_abs,0,1781536791187,0.0
learn,EOPKG-WI,EOPKGTopologyConditionedWI,65fb28926d0d45709ad89ec7cf9aef59,854778689611649472,_EOPKG_WI-UN-f1-5-32_loan_v1_v5_simulated_GATv2,_EOPKG_WI-UN-f1-5,32,train_impulse_activation_max_abs,0,1781536791187,0.0
learn,EOPKG-WI,EOPKGTopologyConditionedWI,65fb28926d0d45709ad89ec7cf9aef59,854778689611649472,_EOPKG_WI-UN-f1-5-32_loan_v1_v5_simulated_GATv2,_EOPKG_WI-UN-f1-5,32,train_impulse_activation_max_abs,0,1781536948786,0.0
learn,EOPKG-WI,EOPKGTopologyConditionedWI,65fb28926d0d45709ad89ec7cf9aef59,854778689611649472,_EOPKG_WI-UN-f1-5-32_loan_v1_v5_simulated_GATv2,_EOPKG_WI-UN-f1-5,32,train_impulse_activation_max_abs,0,1781536948786,0.0
learn,EOPKG-WI,EOPKGTopologyConditionedWI,65fb28926d0d45709ad89ec7cf9aef59,854778689611649472,_EOPKG_WI-UN-f1-5-32_loan_v1_v5_simulated_GATv2,_EOPKG_WI-UN-f1-5,32,train_impulse_activation_max_abs,0,1781537084678,0.0
learn,EOPKG-WI,EOPKGTopologyConditionedWI,65fb28926d0d45709ad89ec7cf9aef59,854778689611649472,_EOPKG_WI-UN-f1-5-32_loan_v1_v5_simulated_GATv2,_EOPKG_WI-UN-f1-5,32,train_impulse_activation_max_abs,0,1781537084678,0.0
learn,EOPKG-WI,EOPKGTopologyConditionedWI,65fb28926d0d45709ad89ec7cf9aef59,854778689611649472,_EOPKG_WI-UN-f1-5-32_loan_v1_v5_simulated_GATv2,_EOPKG_WI-UN-f1-5,32,train_impulse_activation_max_abs,0,1781537399456,0.0
learn,EOPKG-WI,EOPKGTopologyConditionedWI,65fb28926d0d45709ad89ec7cf9aef59,854778689611649472,_EOPKG_WI-UN-f1-5-32_loan_v1_v5_simulated_GATv2,_EOPKG_WI-UN-f1-5,32,train_impulse_activation_max_abs,0,1781537399456,0.0
learn,EOPKG-WI,EOPKGTopologyConditionedWI,65fb28926d0d45709ad89ec7cf9aef59,854778689611649472,_EOPKG_WI-UN-f1-5-32_loan_v1_v5_simulated_GATv2,_EOPKG_WI-UN-f1-5,32,train_impulse_activation_max_abs,0,1781537608551,0.0
learn,EOPKG-WI,EOPKGTopologyConditionedWI,65fb28926d0d45709ad89ec7cf9aef59,854778689611649472,_EOPKG_WI-UN-f1-5-32_loan_v1_v5_simulated_GATv2,_EOPKG_WI-UN-f1-5,32,train_impulse_activation_max_abs,0,1781537608551,0.0
learn,EOPKG-WI,EOPKGTopologyConditionedWI,65fb28926d0d45709ad89ec7cf9aef59,854778689611649472,_EOPKG_WI-UN-f1-5-32_loan_v1_v5_simulated_GATv2,_EOPKG_WI-UN-f1-5,32,train_impulse_activation_max_abs,0,1781537812763,0.0
learn,EOPKG-WI,EOPKGTopologyConditionedWI,65fb28926d0d45709ad89ec7cf9aef59,854778689611649472,_EOPKG_WI-UN-f1-5-32_loan_v1_v5_simulated_GATv2,_EOPKG_WI-UN-f1-5,32,train_impulse_activation_max_abs,0,1781537812763,0.0
learn,EOPKG-WI,EOPKGTopologyConditionedWI,65fb28926d0d45709ad89ec7cf9aef59,854778689611649472,_EOPKG_WI-UN-f1-5-32_loan_v1_v5_simulated_GATv2,_EOPKG_WI-UN-f1-5,32,train_impulse_activation_max_abs,0,1781537948458,0.0
learn,EOPKG-WI,EOPKGTopologyConditionedWI,65fb28926d0d45709ad89ec7cf9aef59,854778689611649472,_EOPKG_WI-UN-f1-5-32_loan_v1_v5_simulated_GATv2,_EOPKG_WI-UN-f1-5,32,train_impulse_activation_max_abs,0,1781537948458,0.0
learn,EOPKG-WI,EOPKGTopologyConditionedWI,65fb28926d0d45709ad89ec7cf9aef59,854778689611649472,_EOPKG_WI-UN-f1-5-32_loan_v1_v5_simulated_GATv2,_EOPKG_WI-UN-f1-5,32,train_impulse_activation_max_abs,0,1781538137772,0.0
learn,EOPKG-WI,EOPKGTopologyConditionedWI,65fb28926d0d45709ad89ec7cf9aef59,854778689611649472,_EOPKG_WI-UN-f1-5-32_loan_v1_v5_simulated_GATv2,_EOPKG_WI-UN-f1-5,32,train_impulse_activation_max_abs,0,1781538137772,0.0
learn,EOPKG-WI,EOPKGTopologyConditionedWI,65fb28926d0d45709ad89ec7cf9aef59,854778689611649472,_EOPKG_WI-UN-f1-5-32_loan_v1_v5_simulated_GATv2,_EOPKG_WI-UN-f1-5,32,train_impulse_activation_max_abs,0,1781538299066,0.0
learn,EOPKG-WI,EOPKGTopologyConditionedWI,65fb28926d0d45709ad89ec7cf9aef59,854778689611649472,_EOPKG_WI-UN-f1-5-32_loan_v1_v5_simulated_GATv2,_EOPKG_WI-UN-f1-5,32,train_impulse_activation_max_abs,0,1781538299066,0.0
learn,EOPKG-WI,EOPKGTopologyConditionedWI,65fb28926d0d45709ad89ec7cf9aef59,854778689611649472,_EOPKG_WI-UN-f1-5-32_loan_v1_v5_simulated_GATv2,_EOPKG_WI-UN-f1-5,32,train_impulse_activation_max_abs,0,1781538420651,0.0
learn,EOPKG-WI,EOPKGTopologyConditionedWI,65fb28926d0d45709ad89ec7cf9aef59,854778689611649472,_EOPKG_WI-UN-f1-5-32_loan_v1_v5_simulated_GATv2,_EOPKG_WI-UN-f1-5,32,train_impulse_activation_max_abs,0,1781538420651,0.0
learn,EOPKG-WI,EOPKGTopologyConditionedWI,65fb28926d0d45709ad89ec7cf9aef59,854778689611649472,_EOPKG_WI-UN-f1-5-32_loan_v1_v5_simulated_GATv2,_EOPKG_WI-UN-f1-5,32,train_impulse_activation_max_abs,0,1781538545159,0.0
learn,EOPKG-WI,EOPKGTopologyConditionedWI,65fb28926d0d45709ad89ec7cf9aef59,854778689611649472,_EOPKG_WI-UN-f1-5-32_loan_v1_v5_simulated_GATv2,_EOPKG_WI-UN-f1-5,32,train_impulse_activation_max_abs,0,1781538545159,0.0
learn,EOPKG-WI,EOPKGTopologyConditionedWI,65fb28926d0d45709ad89ec7cf9aef59,854778689611649472,_EOPKG_WI-UN-f1-5-32_loan_v1_v5_simulated_GATv2,_EOPKG_WI-UN-f1-5,32,train_impulse_activation_max_abs,0,1781538655274,0.0
learn,EOPKG-WI,EOPKGTopologyConditionedWI,65fb28926d0d45709ad89ec7cf9aef59,854778689611649472,_EOPKG_WI-UN-f1-5-32_loan_v1_v5_simulated_GATv2,_EOPKG_WI-UN-f1-5,32,train_impulse_activation_max_abs,0,1781538655274,0.0
learn,EOPKG-WI,EOPKGTopologyConditionedWI,65fb28926d0d45709ad89ec7cf9aef59,854778689611649472,_EOPKG_WI-UN-f1-5-32_loan_v1_v5_simulated_GATv2,_EOPKG_WI-UN-f1-5,32,train_impulse_activation_max_abs,0,1781538775622,0.0
learn,EOPKG-WI,EOPKGTopologyConditionedWI,65fb28926d0d45709ad89ec7cf9aef59,854778689611649472,_EOPKG_WI-UN-f1-5-32_loan_v1_v5_simulated_GATv2,_EOPKG_WI-UN-f1-5,32,train_impulse_activation_max_abs,0,1781538775622,0.0
learn,EOPKG-WI,EOPKGTopologyConditionedWI,65fb28926d0d45709ad89ec7cf9aef59,854778689611649472,_EOPKG_WI-UN-f1-5-32_loan_v1_v5_simulated_GATv2,_EOPKG_WI-UN-f1-5,32,train_impulse_activation_max_abs,0,1781538916000,0.0
learn,EOPKG-WI,EOPKGTopologyConditionedWI,65fb28926d0d45709ad89ec7cf9aef59,854778689611649472,_EOPKG_WI-UN-f1-5-32_loan_v1_v5_simulated_GATv2,_EOPKG_WI-UN-f1-5,32,train_impulse_activation_max_abs,0,1781538916000,0.0
learn,EOPKG-WI,EOPKGTopologyConditionedWI,65fb28926d0d45709ad89ec7cf9aef59,854778689611649472,_EOPKG_WI-UN-f1-5-32_loan_v1_v5_simulated_GATv2,_EOPKG_WI-UN-f1-5,32,train_impulse_activation_max_abs,0,1781539074065,0.0
learn,EOPKG-WI,EOPKGTopologyConditionedWI,65fb28926d0d45709ad89ec7cf9aef59,854778689611649472,_EOPKG_WI-UN-f1-5-32_loan_v1_v5_simulated_GATv2,_EOPKG_WI-UN-f1-5,32,train_impulse_activation_max_abs,0,1781539074065,0.0
learn,EOPKG-WI,EOPKGTopologyConditionedWI,65fb28926d0d45709ad89ec7cf9aef59,854778689611649472,_EOPKG_WI-UN-f1-5-32_loan_v1_v5_simulated_GATv2,_EOPKG_WI-UN-f1-5,32,train_impulse_activation_max_abs,0,1781539242133,0.0
learn,EOPKG-WI,EOPKGTopologyConditionedWI,65fb28926d0d45709ad89ec7cf9aef59,854778689611649472,_EOPKG_WI-UN-f1-5-32_loan_v1_v5_simulated_GATv2,_EOPKG_WI-UN-f1-5,32,train_impulse_activation_max_abs,0,1781539242133,0.0
learn,EOPKG-WI,EOPKGTopologyConditionedWI,65fb28926d0d45709ad89ec7cf9aef59,854778689611649472,_EOPKG_WI-UN-f1-5-32_loan_v1_v5_simulated_GATv2,_EOPKG_WI-UN-f1-5,32,train_impulse_activation_max_abs,0,1781539401036,0.0
learn,EOPKG-WI,EOPKGTopologyConditionedWI,65fb28926d0d45709ad89ec7cf9aef59,854778689611649472,_EOPKG_WI-UN-f1-5-32_loan_v1_v5_simulated_GATv2,_EOPKG_WI-UN-f1-5,32,train_impulse_activation_max_abs,0,1781539401036,0.0
learn,EOPKG-WI,EOPKGTopologyConditionedWI,65fb28926d0d45709ad89ec7cf9aef59,854778689611649472,_EOPKG_WI-UN-f1-5-32_loan_v1_v5_simulated_GATv2,_EOPKG_WI-UN-f1-5,32,train_impulse_activation_max_abs,0,1781539528745,0.0
learn,EOPKG-WI,EOPKGTopologyConditionedWI,65fb28926d0d45709ad89ec7cf9aef59,854778689611649472,_EOPKG_WI-UN-f1-5-32_loan_v1_v5_simulated_GATv2,_EOPKG_WI-UN-f1-5,32,train_impulse_activation_max_abs,0,1781539528745,0.0
learn,EOPKG-WI,EOPKGTopologyConditionedWI,65fb28926d0d45709ad89ec7cf9aef59,854778689611649472,_EOPKG_WI-UN-f1-5-32_loan_v1_v5_simulated_GATv2,_EOPKG_WI-UN-f1-5,32,train_impulse_activation_max_abs,0,1781539647588,0.0
learn,EOPKG-WI,EOPKGTopologyConditionedWI,65fb28926d0d45709ad89ec7cf9aef59,854778689611649472,_EOPKG_WI-UN-f1-5-32_loan_v1_v5_simulated_GATv2,_EOPKG_WI-UN-f1-5,32,train_impulse_activation_max_abs,0,1781539647588,0.0
learn,EOPKG-WI,EOPKGTopologyConditionedWI,65fb28926d0d45709ad89ec7cf9aef59,854778689611649472,_EOPKG_WI-UN-f1-5-32_loan_v1_v5_simulated_GATv2,_EOPKG_WI-UN-f1-5,32,train_impulse_activation_max_abs,0,1781539776508,0.0
learn,EOPKG-WI,EOPKGTopologyConditionedWI,65fb28926d0d45709ad89ec7cf9aef59,854778689611649472,_EOPKG_WI-UN-f1-5-32_loan_v1_v5_simulated_GATv2,_EOPKG_WI-UN-f1-5,32,train_impulse_activation_max_abs,0,1781539776508,0.0
learn,EOPKG-WI,EOPKGTopologyConditionedWI,65fb28926d0d45709ad89ec7cf9aef59,854778689611649472,_EOPKG_WI-UN-f1-5-32_loan_v1_v5_simulated_GATv2,_EOPKG_WI-UN-f1-5,32,train_impulse_activation_max_abs,0,1781540021102,0.0
learn,EOPKG-WI,EOPKGTopologyConditionedWI,65fb28926d0d45709ad89ec7cf9aef59,854778689611649472,_EOPKG_WI-UN-f1-5-32_loan_v1_v5_simulated_GATv2,_EOPKG_WI-UN-f1-5,32,train_impulse_activation_max_abs,0,1781540021102,0.0
learn,EOPKG-WI,EOPKGTopologyConditionedWI,65fb28926d0d45709ad89ec7cf9aef59,854778689611649472,_EOPKG_WI-UN-f1-5-32_loan_v1_v5_simulated_GATv2,_EOPKG_WI-UN-f1-5,32,train_impulse_activation_max_abs,0,1781540229386,0.0
learn,EOPKG-WI,EOPKGTopologyConditionedWI,65fb28926d0d45709ad89ec7cf9aef59,854778689611649472,_EOPKG_WI-UN-f1-5-32_loan_v1_v5_simulated_GATv2,_EOPKG_WI-UN-f1-5,32,train_impulse_activation_max_abs,0,1781540229386,0.0
learn,EOPKG-WI,EOPKGTopologyConditionedWI,65fb28926d0d45709ad89ec7cf9aef59,854778689611649472,_EOPKG_WI-UN-f1-5-32_loan_v1_v5_simulated_GATv2,_EOPKG_WI-UN-f1-5,32,train_impulse_activation_max_abs,0,1781540350758,0.0
learn,EOPKG-WI,EOPKGTopologyConditionedWI,65fb28926d0d45709ad89ec7cf9aef59,854778689611649472,_EOPKG_WI-UN-f1-5-32_loan_v1_v5_simulated_GATv2,_EOPKG_WI-UN-f1-5,32,train_impulse_activation_max_abs,0,1781540350758,0.0
learn,EOPKG-WI,EOPKGTopologyConditionedWI,65fb28926d0d45709ad89ec7cf9aef59,854778689611649472,_EOPKG_WI-UN-f1-5-32_loan_v1_v5_simulated_GATv2,_EOPKG_WI-UN-f1-5,32,train_impulse_activation_max_abs,0,1781540510977,0.0
learn,EOPKG-WI,EOPKGTopologyConditionedWI,65fb28926d0d45709ad89ec7cf9aef59,854778689611649472,_EOPKG_WI-UN-f1-5-32_loan_v1_v5_simulated_GATv2,_EOPKG_WI-UN-f1-5,32,train_impulse_activation_max_abs,0,1781540510977,0.0
learn,EOPKG-WI,EOPKGTopologyConditionedWI,65fb28926d0d45709ad89ec7cf9aef59,854778689611649472,_EOPKG_WI-UN-f1-5-32_loan_v1_v5_simulated_GATv2,_EOPKG_WI-UN-f1-5,32,train_impulse_activation_max_abs,0,1781540771287,0.0
learn,EOPKG-WI,EOPKGTopologyConditionedWI,65fb28926d0d45709ad89ec7cf9aef59,854778689611649472,_EOPKG_WI-UN-f1-5-32_loan_v1_v5_simulated_GATv2,_EOPKG_WI-UN-f1-5,32,train_impulse_activation_max_abs,0,1781540771287,0.0
learn,EOPKG-WI,EOPKGTopologyConditionedWI,65fb28926d0d45709ad89ec7cf9aef59,854778689611649472,_EOPKG_WI-UN-f1-5-32_loan_v1_v5_simulated_GATv2,_EOPKG_WI-UN-f1-5,32,train_impulse_activation_max_abs,0,1781540886721,0.0
learn,EOPKG-WI,EOPKGTopologyConditionedWI,65fb28926d0d45709ad89ec7cf9aef59,854778689611649472,_EOPKG_WI-UN-f1-5-32_loan_v1_v5_simulated_GATv2,_EOPKG_WI-UN-f1-5,32,train_impulse_activation_max_abs,0,1781540886721,0.0
learn,EOPKG-WI,EOPKGTopologyConditionedWI,65fb28926d0d45709ad89ec7cf9aef59,854778689611649472,_EOPKG_WI-UN-f1-5-32_loan_v1_v5_simulated_GATv2,_EOPKG_WI-UN-f1-5,32,train_impulse_activation_max_abs,0,1781541002712,0.0
learn,EOPKG-WI,EOPKGTopologyConditionedWI,65fb28926d0d45709ad89ec7cf9aef59,854778689611649472,_EOPKG_WI-UN-f1-5-32_loan_v1_v5_simulated_GATv2,_EOPKG_WI-UN-f1-5,32,train_impulse_activation_max_abs,0,1781541002712,0.0
learn,EOPKG-WI,EOPKGTopologyConditionedWI,65fb28926d0d45709ad89ec7cf9aef59,854778689611649472,_EOPKG_WI-UN-f1-5-32_loan_v1_v5_simulated_GATv2,_EOPKG_WI-UN-f1-5,32,train_impulse_activation_max_abs,0,1781541110875,0.0
learn,EOPKG-WI,EOPKGTopologyConditionedWI,65fb28926d0d45709ad89ec7cf9aef59,854778689611649472,_EOPKG_WI-UN-f1-5-32_loan_v1_v5_simulated_GATv2,_EOPKG_WI-UN-f1-5,32,train_impulse_activation_max_abs,0,1781541110875,0.0
learn,EOPKG-WI,EOPKGTopologyConditionedWI,65fb28926d0d45709ad89ec7cf9aef59,854778689611649472,_EOPKG_WI-UN-f1-5-32_loan_v1_v5_simulated_GATv2,_EOPKG_WI-UN-f1-5,32,train_impulse_activation_max_abs,0,1781541230893,0.0
learn,EOPKG-WI,EOPKGTopologyConditionedWI,65fb28926d0d45709ad89ec7cf9aef59,854778689611649472,_EOPKG_WI-UN-f1-5-32_loan_v1_v5_simulated_GATv2,_EOPKG_WI-UN-f1-5,32,train_impulse_activation_max_abs,0,1781541230893,0.0
learn,EOPKG-WI,EOPKGTopologyConditionedWI,65fb28926d0d45709ad89ec7cf9aef59,854778689611649472,_EOPKG_WI-UN-f1-5-32_loan_v1_v5_simulated_GATv2,_EOPKG_WI-UN-f1-5,32,train_impulse_activation_max_abs,0,1781541344686,0.0
learn,EOPKG-WI,EOPKGTopologyConditionedWI,65fb28926d0d45709ad89ec7cf9aef59,854778689611649472,_EOPKG_WI-UN-f1-5-32_loan_v1_v5_simulated_GATv2,_EOPKG_WI-UN-f1-5,32,train_impulse_activation_max_abs,0,1781541344686,0.0
learn,EOPKG-WI,EOPKGTopologyConditionedWI,65fb28926d0d45709ad89ec7cf9aef59,854778689611649472,_EOPKG_WI-UN-f1-5-32_loan_v1_v5_simulated_GATv2,_EOPKG_WI-UN-f1-5,32,train_impulse_activation_max_abs,0,1781541454537,0.0
learn,EOPKG-WI,EOPKGTopologyConditionedWI,65fb28926d0d45709ad89ec7cf9aef59,854778689611649472,_EOPKG_WI-UN-f1-5-32_loan_v1_v5_simulated_GATv2,_EOPKG_WI-UN-f1-5,32,train_impulse_activation_max_abs,0,1781541454537,0.0
learn,EOPKG-WI,EOPKGTopologyConditionedWI,65fb28926d0d45709ad89ec7cf9aef59,854778689611649472,_EOPKG_WI-UN-f1-5-32_loan_v1_v5_simulated_GATv2,_EOPKG_WI-UN-f1-5,32,train_impulse_activation_max_abs,0,1781541566108,0.0
learn,EOPKG-WI,EOPKGTopologyConditionedWI,65fb28926d0d45709ad89ec7cf9aef59,854778689611649472,_EOPKG_WI-UN-f1-5-32_loan_v1_v5_simulated_GATv2,_EOPKG_WI-UN-f1-5,32,train_impulse_activation_max_abs,0,1781541566108,0.0
learn,EOPKG-WI,EOPKGTopologyConditionedWI,65fb28926d0d45709ad89ec7cf9aef59,854778689611649472,_EOPKG_WI-UN-f1-5-32_loan_v1_v5_simulated_GATv2,_EOPKG_WI-UN-f1-5,32,train_impulse_activation_max_abs,0,1781541678866,0.0
learn,EOPKG-WI,EOPKGTopologyConditionedWI,65fb28926d0d45709ad89ec7cf9aef59,854778689611649472,_EOPKG_WI-UN-f1-5-32_loan_v1_v5_simulated_GATv2,_EOPKG_WI-UN-f1-5,32,train_impulse_activation_max_abs,0,1781541678866,0.0
learn,EOPKG-WI,EOPKGTopologyConditionedWI,65fb28926d0d45709ad89ec7cf9aef59,854778689611649472,_EOPKG_WI-UN-f1-5-32_loan_v1_v5_simulated_GATv2,_EOPKG_WI-UN-f1-5,32,train_impulse_activation_max_abs,0,1781541786958,0.0
learn,EOPKG-WI,EOPKGTopologyConditionedWI,65fb28926d0d45709ad89ec7cf9aef59,854778689611649472,_EOPKG_WI-UN-f1-5-32_loan_v1_v5_simulated_GATv2,_EOPKG_WI-UN-f1-5,32,train_impulse_activation_max_abs,0,1781541786958,0.0
learn,EOPKG-WI,EOPKGTopologyConditionedWI,65fb28926d0d45709ad89ec7cf9aef59,854778689611649472,_EOPKG_WI-UN-f1-5-32_loan_v1_v5_simulated_GATv2,_EOPKG_WI-UN-f1-5,32,train_impulse_activation_max_abs,0,1781541891967,0.0
learn,EOPKG-WI,EOPKGTopologyConditionedWI,65fb28926d0d45709ad89ec7cf9aef59,854778689611649472,_EOPKG_WI-UN-f1-5-32_loan_v1_v5_simulated_GATv2,_EOPKG_WI-UN-f1-5,32,train_impulse_activation_max_abs,0,1781541891967,0.0
learn,EOPKG-WI,EOPKGTopologyConditionedWI,65fb28926d0d45709ad89ec7cf9aef59,854778689611649472,_EOPKG_WI-UN-f1-5-32_loan_v1_v5_simulated_GATv2,_EOPKG_WI-UN-f1-5,32,train_impulse_activation_max_abs,0,1781542000869,0.0
learn,EOPKG-WI,EOPKGTopologyConditionedWI,65fb28926d0d45709ad89ec7cf9aef59,854778689611649472,_EOPKG_WI-UN-f1-5-32_loan_v1_v5_simulated_GATv2,_EOPKG_WI-UN-f1-5,32,train_impulse_activation_max_abs,0,1781542000869,0.0
learn,EOPKG-WI,EOPKGTopologyConditionedWI,65fb28926d0d45709ad89ec7cf9aef59,854778689611649472,_EOPKG_WI-UN-f1-5-32_loan_v1_v5_simulated_GATv2,_EOPKG_WI-UN-f1-5,32,train_impulse_activation_max_abs,0,1781542106037,0.0
learn,EOPKG-WI,EOPKGTopologyConditionedWI,65fb28926d0d45709ad89ec7cf9aef59,854778689611649472,_EOPKG_WI-UN-f1-5-32_loan_v1_v5_simulated_GATv2,_EOPKG_WI-UN-f1-5,32,train_impulse_activation_max_abs,0,1781542106037,0.0
learn,EOPKG-WI,EOPKGTopologyConditionedWI,88e10c5c5b45467e935548e0decdf824,854778689611649472,_EOPKG_WI-UN-f1-5-78_loan_v1_v5_simulated_GATv2,_EOPKG_WI-UN-f1-5,78,train_impulse_activation_max_abs,0,1781092062902,0.0
learn,EOPKG-WI,EOPKGTopologyConditionedWI,88e10c5c5b45467e935548e0decdf824,854778689611649472,_EOPKG_WI-UN-f1-5-78_loan_v1_v5_simulated_GATv2,_EOPKG_WI-UN-f1-5,78,train_impulse_activation_max_abs,0,1781092062902,0.0
learn,EOPKG-WI,EOPKGTopologyConditionedWI,88e10c5c5b45467e935548e0decdf824,854778689611649472,_EOPKG_WI-UN-f1-5-78_loan_v1_v5_simulated_GATv2,_EOPKG_WI-UN-f1-5,78,train_impulse_activation_max_abs,0,1781092210752,0.0
learn,EOPKG-WI,EOPKGTopologyConditionedWI,88e10c5c5b45467e935548e0decdf824,854778689611649472,_EOPKG_WI-UN-f1-5-78_loan_v1_v5_simulated_GATv2,_EOPKG_WI-UN-f1-5,78,train_impulse_activation_max_abs,0,1781092210752,0.0
learn,EOPKG-WI,EOPKGTopologyConditionedWI,88e10c5c5b45467e935548e0decdf824,854778689611649472,_EOPKG_WI-UN-f1-5-78_loan_v1_v5_simulated_GATv2,_EOPKG_WI-UN-f1-5,78,train_impulse_activation_max_abs,0,1781092323460,0.0
learn,EOPKG-WI,EOPKGTopologyConditionedWI,88e10c5c5b45467e935548e0decdf824,854778689611649472,_EOPKG_WI-UN-f1-5-78_loan_v1_v5_simulated_GATv2,_EOPKG_WI-UN-f1-5,78,train_impulse_activation_max_abs,0,1781092323460,0.0
learn,EOPKG-WI,EOPKGTopologyConditionedWI,88e10c5c5b45467e935548e0decdf824,854778689611649472,_EOPKG_WI-UN-f1-5-78_loan_v1_v5_simulated_GATv2,_EOPKG_WI-UN-f1-5,78,train_impulse_activation_max_abs,0,1781092443456,0.0
learn,EOPKG-WI,EOPKGTopologyConditionedWI,88e10c5c5b45467e935548e0decdf824,854778689611649472,_EOPKG_WI-UN-f1-5-78_loan_v1_v5_simulated_GATv2,_EOPKG_WI-UN-f1-5,78,train_impulse_activation_max_abs,0,1781092443456,0.0
learn,EOPKG-WI,EOPKGTopologyConditionedWI,88e10c5c5b45467e935548e0decdf824,854778689611649472,_EOPKG_WI-UN-f1-5-78_loan_v1_v5_simulated_GATv2,_EOPKG_WI-UN-f1-5,78,train_impulse_activation_max_abs,0,1781092567985,0.0
learn,EOPKG-WI,EOPKGTopologyConditionedWI,88e10c5c5b45467e935548e0decdf824,854778689611649472,_EOPKG_WI-UN-f1-5-78_loan_v1_v5_simulated_GATv2,_EOPKG_WI-UN-f1-5,78,train_impulse_activation_max_abs,0,1781092567985,0.0
learn,EOPKG-WI,EOPKGTopologyConditionedWI,88e10c5c5b45467e935548e0decdf824,854778689611649472,_EOPKG_WI-UN-f1-5-78_loan_v1_v5_simulated_GATv2,_EOPKG_WI-UN-f1-5,78,train_impulse_activation_max_abs,0,1781092680642,0.0
learn,EOPKG-WI,EOPKGTopologyConditionedWI,88e10c5c5b45467e935548e0decdf824,854778689611649472,_EOPKG_WI-UN-f1-5-78_loan_v1_v5_simulated_GATv2,_EOPKG_WI-UN-f1-5,78,train_impulse_activation_max_abs,0,1781092680642,0.0
learn,EOPKG-WI,EOPKGTopologyConditionedWI,88e10c5c5b45467e935548e0decdf824,854778689611649472,_EOPKG_WI-UN-f1-5-78_loan_v1_v5_simulated_GATv2,_EOPKG_WI-UN-f1-5,78,train_impulse_activation_max_abs,0,1781092793727,0.0
learn,EOPKG-WI,EOPKGTopologyConditionedWI,88e10c5c5b45467e935548e0decdf824,854778689611649472,_EOPKG_WI-UN-f1-5-78_loan_v1_v5_simulated_GATv2,_EOPKG_WI-UN-f1-5,78,train_impulse_activation_max_abs,0,1781092793727,0.0
learn,EOPKG-WI,EOPKGTopologyConditionedWI,88e10c5c5b45467e935548e0decdf824,854778689611649472,_EOPKG_WI-UN-f1-5-78_loan_v1_v5_simulated_GATv2,_EOPKG_WI-UN-f1-5,78,train_impulse_activation_max_abs,0,1781092915672,0.0
learn,EOPKG-WI,EOPKGTopologyConditionedWI,88e10c5c5b45467e935548e0decdf824,854778689611649472,_EOPKG_WI-UN-f1-5-78_loan_v1_v5_simulated_GATv2,_EOPKG_WI-UN-f1-5,78,train_impulse_activation_max_abs,0,1781092915672,0.0
learn,EOPKG-WI,EOPKGTopologyConditionedWI,88e10c5c5b45467e935548e0decdf824,854778689611649472,_EOPKG_WI-UN-f1-5-78_loan_v1_v5_simulated_GATv2,_EOPKG_WI-UN-f1-5,78,train_impulse_activation_max_abs,0,1781093033957,0.0
learn,EOPKG-WI,EOPKGTopologyConditionedWI,88e10c5c5b45467e935548e0decdf824,854778689611649472,_EOPKG_WI-UN-f1-5-78_loan_v1_v5_simulated_GATv2,_EOPKG_WI-UN-f1-5,78,train_impulse_activation_max_abs,0,1781093033957,0.0
learn,EOPKG-WI,EOPKGTopologyConditionedWI,88e10c5c5b45467e935548e0decdf824,854778689611649472,_EOPKG_WI-UN-f1-5-78_loan_v1_v5_simulated_GATv2,_EOPKG_WI-UN-f1-5,78,train_impulse_activation_max_abs,0,1781093150707,0.0
learn,EOPKG-WI,EOPKGTopologyConditionedWI,88e10c5c5b45467e935548e0decdf824,854778689611649472,_EOPKG_WI-UN-f1-5-78_loan_v1_v5_simulated_GATv2,_EOPKG_WI-UN-f1-5,78,train_impulse_activation_max_abs,0,1781093150707,0.0
learn,EOPKG-WI,EOPKGTopologyConditionedWI,88e10c5c5b45467e935548e0decdf824,854778689611649472,_EOPKG_WI-UN-f1-5-78_loan_v1_v5_simulated_GATv2,_EOPKG_WI-UN-f1-5,78,train_impulse_activation_max_abs,0,1781093258747,0.0
learn,EOPKG-WI,EOPKGTopologyConditionedWI,88e10c5c5b45467e935548e0decdf824,854778689611649472,_EOPKG_WI-UN-f1-5-78_loan_v1_v5_simulated_GATv2,_EOPKG_WI-UN-f1-5,78,train_impulse_activation_max_abs,0,1781093258747,0.0
learn,EOPKG-WI,EOPKGTopologyConditionedWI,88e10c5c5b45467e935548e0decdf824,854778689611649472,_EOPKG_WI-UN-f1-5-78_loan_v1_v5_simulated_GATv2,_EOPKG_WI-UN-f1-5,78,train_impulse_activation_max_abs,0,1781093361214,0.0
learn,EOPKG-WI,EOPKGTopologyConditionedWI,88e10c5c5b45467e935548e0decdf824,854778689611649472,_EOPKG_WI-UN-f1-5-78_loan_v1_v5_simulated_GATv2,_EOPKG_WI-UN-f1-5,78,train_impulse_activation_max_abs,0,1781093361214,0.0
learn,EOPKG-WI,EOPKGTopologyConditionedWI,88e10c5c5b45467e935548e0decdf824,854778689611649472,_EOPKG_WI-UN-f1-5-78_loan_v1_v5_simulated_GATv2,_EOPKG_WI-UN-f1-5,78,train_impulse_activation_max_abs,0,1781093463332,0.0
learn,EOPKG-WI,EOPKGTopologyConditionedWI,88e10c5c5b45467e935548e0decdf824,854778689611649472,_EOPKG_WI-UN-f1-5-78_loan_v1_v5_simulated_GATv2,_EOPKG_WI-UN-f1-5,78,train_impulse_activation_max_abs,0,1781093463332,0.0
learn,EOPKG-WI,EOPKGTopologyConditionedWI,88e10c5c5b45467e935548e0decdf824,854778689611649472,_EOPKG_WI-UN-f1-5-78_loan_v1_v5_simulated_GATv2,_EOPKG_WI-UN-f1-5,78,train_impulse_activation_max_abs,0,1781093575175,0.0
learn,EOPKG-WI,EOPKGTopologyConditionedWI,88e10c5c5b45467e935548e0decdf824,854778689611649472,_EOPKG_WI-UN-f1-5-78_loan_v1_v5_simulated_GATv2,_EOPKG_WI-UN-f1-5,78,train_impulse_activation_max_abs,0,1781093575175,0.0
learn,EOPKG-WI,EOPKGTopologyConditionedWI,88e10c5c5b45467e935548e0decdf824,854778689611649472,_EOPKG_WI-UN-f1-5-78_loan_v1_v5_simulated_GATv2,_EOPKG_WI-UN-f1-5,78,train_impulse_activation_max_abs,0,1781093684114,0.0
learn,EOPKG-WI,EOPKGTopologyConditionedWI,88e10c5c5b45467e935548e0decdf824,854778689611649472,_EOPKG_WI-UN-f1-5-78_loan_v1_v5_simulated_GATv2,_EOPKG_WI-UN-f1-5,78,train_impulse_activation_max_abs,0,1781093684114,0.0
learn,EOPKG-WI,EOPKGTopologyConditionedWI,88e10c5c5b45467e935548e0decdf824,854778689611649472,_EOPKG_WI-UN-f1-5-78_loan_v1_v5_simulated_GATv2,_EOPKG_WI-UN-f1-5,78,train_impulse_activation_max_abs,0,1781093798690,0.0
learn,EOPKG-WI,EOPKGTopologyConditionedWI,88e10c5c5b45467e935548e0decdf824,854778689611649472,_EOPKG_WI-UN-f1-5-78_loan_v1_v5_simulated_GATv2,_EOPKG_WI-UN-f1-5,78,train_impulse_activation_max_abs,0,1781093798690,0.0
learn,EOPKG-WI,EOPKGTopologyConditionedWI,88e10c5c5b45467e935548e0decdf824,854778689611649472,_EOPKG_WI-UN-f1-5-78_loan_v1_v5_simulated_GATv2,_EOPKG_WI-UN-f1-5,78,train_impulse_activation_max_abs,0,1781093927888,0.0
learn,EOPKG-WI,EOPKGTopologyConditionedWI,88e10c5c5b45467e935548e0decdf824,854778689611649472,_EOPKG_WI-UN-f1-5-78_loan_v1_v5_simulated_GATv2,_EOPKG_WI-UN-f1-5,78,train_impulse_activation_max_abs,0,1781093927888,0.0
learn,EOPKG-WI,EOPKGTopologyConditionedWI,88e10c5c5b45467e935548e0decdf824,854778689611649472,_EOPKG_WI-UN-f1-5-78_loan_v1_v5_simulated_GATv2,_EOPKG_WI-UN-f1-5,78,train_impulse_activation_max_abs,0,1781094041065,0.0
learn,EOPKG-WI,EOPKGTopologyConditionedWI,88e10c5c5b45467e935548e0decdf824,854778689611649472,_EOPKG_WI-UN-f1-5-78_loan_v1_v5_simulated_GATv2,_EOPKG_WI-UN-f1-5,78,train_impulse_activation_max_abs,0,1781094041065,0.0
learn,EOPKG-WI,EOPKGTopologyConditionedWI,88e10c5c5b45467e935548e0decdf824,854778689611649472,_EOPKG_WI-UN-f1-5-78_loan_v1_v5_simulated_GATv2,_EOPKG_WI-UN-f1-5,78,train_impulse_activation_max_abs,0,1781094183594,0.0
learn,EOPKG-WI,EOPKGTopologyConditionedWI,88e10c5c5b45467e935548e0decdf824,854778689611649472,_EOPKG_WI-UN-f1-5-78_loan_v1_v5_simulated_GATv2,_EOPKG_WI-UN-f1-5,78,train_impulse_activation_max_abs,0,1781094183594,0.0
learn,EOPKG-WI,EOPKGTopologyConditionedWI,88e10c5c5b45467e935548e0decdf824,854778689611649472,_EOPKG_WI-UN-f1-5-78_loan_v1_v5_simulated_GATv2,_EOPKG_WI-UN-f1-5,78,train_impulse_activation_max_abs,0,1781094357874,0.0
learn,EOPKG-WI,EOPKGTopologyConditionedWI,88e10c5c5b45467e935548e0decdf824,854778689611649472,_EOPKG_WI-UN-f1-5-78_loan_v1_v5_simulated_GATv2,_EOPKG_WI-UN-f1-5,78,train_impulse_activation_max_abs,0,1781094357874,0.0
learn,EOPKG-WI,EOPKGTopologyConditionedWI,88e10c5c5b45467e935548e0decdf824,854778689611649472,_EOPKG_WI-UN-f1-5-78_loan_v1_v5_simulated_GATv2,_EOPKG_WI-UN-f1-5,78,train_impulse_activation_max_abs,0,1781094544213,0.0
learn,EOPKG-WI,EOPKGTopologyConditionedWI,88e10c5c5b45467e935548e0decdf824,854778689611649472,_EOPKG_WI-UN-f1-5-78_loan_v1_v5_simulated_GATv2,_EOPKG_WI-UN-f1-5,78,train_impulse_activation_max_abs,0,1781094544213,0.0
learn,EOPKG-WI,EOPKGTopologyConditionedWI,88e10c5c5b45467e935548e0decdf824,854778689611649472,_EOPKG_WI-UN-f1-5-78_loan_v1_v5_simulated_GATv2,_EOPKG_WI-UN-f1-5,78,train_impulse_activation_max_abs,0,1781094710020,0.0
learn,EOPKG-WI,EOPKGTopologyConditionedWI,88e10c5c5b45467e935548e0decdf824,854778689611649472,_EOPKG_WI-UN-f1-5-78_loan_v1_v5_simulated_GATv2,_EOPKG_WI-UN-f1-5,78,train_impulse_activation_max_abs,0,1781094710020,0.0
learn,EOPKG-WI,EOPKGTopologyConditionedWI,88e10c5c5b45467e935548e0decdf824,854778689611649472,_EOPKG_WI-UN-f1-5-78_loan_v1_v5_simulated_GATv2,_EOPKG_WI-UN-f1-5,78,train_impulse_activation_max_abs,0,1781094824598,0.0
learn,EOPKG-WI,EOPKGTopologyConditionedWI,88e10c5c5b45467e935548e0decdf824,854778689611649472,_EOPKG_WI-UN-f1-5-78_loan_v1_v5_simulated_GATv2,_EOPKG_WI-UN-f1-5,78,train_impulse_activation_max_abs,0,1781094824598,0.0
learn,EOPKG-WI,EOPKGTopologyConditionedWI,88e10c5c5b45467e935548e0decdf824,854778689611649472,_EOPKG_WI-UN-f1-5-78_loan_v1_v5_simulated_GATv2,_EOPKG_WI-UN-f1-5,78,train_impulse_activation_max_abs,0,1781094946665,0.0
learn,EOPKG-WI,EOPKGTopologyConditionedWI,88e10c5c5b45467e935548e0decdf824,854778689611649472,_EOPKG_WI-UN-f1-5-78_loan_v1_v5_simulated_GATv2,_EOPKG_WI-UN-f1-5,78,train_impulse_activation_max_abs,0,1781094946665,0.0
learn,EOPKG-WI,EOPKGTopologyConditionedWI,88e10c5c5b45467e935548e0decdf824,854778689611649472,_EOPKG_WI-UN-f1-5-78_loan_v1_v5_simulated_GATv2,_EOPKG_WI-UN-f1-5,78,train_impulse_activation_max_abs,0,1781095065547,0.0
learn,EOPKG-WI,EOPKGTopologyConditionedWI,88e10c5c5b45467e935548e0decdf824,854778689611649472,_EOPKG_WI-UN-f1-5-78_loan_v1_v5_simulated_GATv2,_EOPKG_WI-UN-f1-5,78,train_impulse_activation_max_abs,0,1781095065547,0.0
learn,EOPKG-WI,EOPKGTopologyConditionedWI,88e10c5c5b45467e935548e0decdf824,854778689611649472,_EOPKG_WI-UN-f1-5-78_loan_v1_v5_simulated_GATv2,_EOPKG_WI-UN-f1-5,78,train_impulse_activation_max_abs,0,1781095197574,0.0
learn,EOPKG-WI,EOPKGTopologyConditionedWI,88e10c5c5b45467e935548e0decdf824,854778689611649472,_EOPKG_WI-UN-f1-5-78_loan_v1_v5_simulated_GATv2,_EOPKG_WI-UN-f1-5,78,train_impulse_activation_max_abs,0,1781095197574,0.0
learn,EOPKG-WI,EOPKGTopologyConditionedWI,88e10c5c5b45467e935548e0decdf824,854778689611649472,_EOPKG_WI-UN-f1-5-78_loan_v1_v5_simulated_GATv2,_EOPKG_WI-UN-f1-5,78,train_impulse_activation_max_abs,0,1781095304730,0.0
learn,EOPKG-WI,EOPKGTopologyConditionedWI,88e10c5c5b45467e935548e0decdf824,854778689611649472,_EOPKG_WI-UN-f1-5-78_loan_v1_v5_simulated_GATv2,_EOPKG_WI-UN-f1-5,78,train_impulse_activation_max_abs,0,1781095304730,0.0
learn,EOPKG-WI,EOPKGTopologyConditionedWI,88e10c5c5b45467e935548e0decdf824,854778689611649472,_EOPKG_WI-UN-f1-5-78_loan_v1_v5_simulated_GATv2,_EOPKG_WI-UN-f1-5,78,train_impulse_activation_max_abs,0,1781095407938,0.0
learn,EOPKG-WI,EOPKGTopologyConditionedWI,88e10c5c5b45467e935548e0decdf824,854778689611649472,_EOPKG_WI-UN-f1-5-78_loan_v1_v5_simulated_GATv2,_EOPKG_WI-UN-f1-5,78,train_impulse_activation_max_abs,0,1781095407938,0.0
learn,EOPKG-WI,EOPKGTopologyConditionedWI,88e10c5c5b45467e935548e0decdf824,854778689611649472,_EOPKG_WI-UN-f1-5-78_loan_v1_v5_simulated_GATv2,_EOPKG_WI-UN-f1-5,78,train_impulse_activation_max_abs,0,1781095511786,0.0
learn,EOPKG-WI,EOPKGTopologyConditionedWI,88e10c5c5b45467e935548e0decdf824,854778689611649472,_EOPKG_WI-UN-f1-5-78_loan_v1_v5_simulated_GATv2,_EOPKG_WI-UN-f1-5,78,train_impulse_activation_max_abs,0,1781095511786,0.0
learn,EOPKG-WI,EOPKGTopologyConditionedWI,88e10c5c5b45467e935548e0decdf824,854778689611649472,_EOPKG_WI-UN-f1-5-78_loan_v1_v5_simulated_GATv2,_EOPKG_WI-UN-f1-5,78,train_impulse_activation_max_abs,0,1781095612163,0.0
learn,EOPKG-WI,EOPKGTopologyConditionedWI,88e10c5c5b45467e935548e0decdf824,854778689611649472,_EOPKG_WI-UN-f1-5-78_loan_v1_v5_simulated_GATv2,_EOPKG_WI-UN-f1-5,78,train_impulse_activation_max_abs,0,1781095612163,0.0
learn,EOPKG-WI,EOPKGTopologyConditionedWI,88e10c5c5b45467e935548e0decdf824,854778689611649472,_EOPKG_WI-UN-f1-5-78_loan_v1_v5_simulated_GATv2,_EOPKG_WI-UN-f1-5,78,train_impulse_activation_max_abs,0,1781095711877,0.0
learn,EOPKG-WI,EOPKGTopologyConditionedWI,88e10c5c5b45467e935548e0decdf824,854778689611649472,_EOPKG_WI-UN-f1-5-78_loan_v1_v5_simulated_GATv2,_EOPKG_WI-UN-f1-5,78,train_impulse_activation_max_abs,0,1781095711877,0.0
learn,EOPKG-WI,EOPKGTopologyConditionedWI,88e10c5c5b45467e935548e0decdf824,854778689611649472,_EOPKG_WI-UN-f1-5-78_loan_v1_v5_simulated_GATv2,_EOPKG_WI-UN-f1-5,78,train_impulse_activation_max_abs,0,1781095811191,0.0
learn,EOPKG-WI,EOPKGTopologyConditionedWI,88e10c5c5b45467e935548e0decdf824,854778689611649472,_EOPKG_WI-UN-f1-5-78_loan_v1_v5_simulated_GATv2,_EOPKG_WI-UN-f1-5,78,train_impulse_activation_max_abs,0,1781095811191,0.0
learn,EOPKG-WI,EOPKGTopologyConditionedWI,88e10c5c5b45467e935548e0decdf824,854778689611649472,_EOPKG_WI-UN-f1-5-78_loan_v1_v5_simulated_GATv2,_EOPKG_WI-UN-f1-5,78,train_impulse_activation_max_abs,0,1781095909395,0.0
learn,EOPKG-WI,EOPKGTopologyConditionedWI,88e10c5c5b45467e935548e0decdf824,854778689611649472,_EOPKG_WI-UN-f1-5-78_loan_v1_v5_simulated_GATv2,_EOPKG_WI-UN-f1-5,78,train_impulse_activation_max_abs,0,1781095909395,0.0
learn,EOPKG-WI,EOPKGTopologyConditionedWI,88e10c5c5b45467e935548e0decdf824,854778689611649472,_EOPKG_WI-UN-f1-5-78_loan_v1_v5_simulated_GATv2,_EOPKG_WI-UN-f1-5,78,train_impulse_activation_max_abs,0,1781096007777,0.0
learn,EOPKG-WI,EOPKGTopologyConditionedWI,88e10c5c5b45467e935548e0decdf824,854778689611649472,_EOPKG_WI-UN-f1-5-78_loan_v1_v5_simulated_GATv2,_EOPKG_WI-UN-f1-5,78,train_impulse_activation_max_abs,0,1781096007777,0.0
learn,EOPKG-WI,EOPKGTopologyConditionedWI,88e10c5c5b45467e935548e0decdf824,854778689611649472,_EOPKG_WI-UN-f1-5-78_loan_v1_v5_simulated_GATv2,_EOPKG_WI-UN-f1-5,78,train_impulse_activation_max_abs,0,1781096106862,0.0
learn,EOPKG-WI,EOPKGTopologyConditionedWI,88e10c5c5b45467e935548e0decdf824,854778689611649472,_EOPKG_WI-UN-f1-5-78_loan_v1_v5_simulated_GATv2,_EOPKG_WI-UN-f1-5,78,train_impulse_activation_max_abs,0,1781096106862,0.0
learn,EOPKG-WI,EOPKGTopologyConditionedWI,88e10c5c5b45467e935548e0decdf824,854778689611649472,_EOPKG_WI-UN-f1-5-78_loan_v1_v5_simulated_GATv2,_EOPKG_WI-UN-f1-5,78,train_impulse_activation_max_abs,0,1781096206155,0.0
learn,EOPKG-WI,EOPKGTopologyConditionedWI,88e10c5c5b45467e935548e0decdf824,854778689611649472,_EOPKG_WI-UN-f1-5-78_loan_v1_v5_simulated_GATv2,_EOPKG_WI-UN-f1-5,78,train_impulse_activation_max_abs,0,1781096206155,0.0
learn,EOPKG-WI,EOPKGTopologyConditionedWI,88e10c5c5b45467e935548e0decdf824,854778689611649472,_EOPKG_WI-UN-f1-5-78_loan_v1_v5_simulated_GATv2,_EOPKG_WI-UN-f1-5,78,train_impulse_activation_max_abs,0,1781096304045,0.0
learn,EOPKG-WI,EOPKGTopologyConditionedWI,88e10c5c5b45467e935548e0decdf824,854778689611649472,_EOPKG_WI-UN-f1-5-78_loan_v1_v5_simulated_GATv2,_EOPKG_WI-UN-f1-5,78,train_impulse_activation_max_abs,0,1781096304045,0.0
learn,EOPKG-WI,EOPKGTopologyConditionedWI,88e10c5c5b45467e935548e0decdf824,854778689611649472,_EOPKG_WI-UN-f1-5-78_loan_v1_v5_simulated_GATv2,_EOPKG_WI-UN-f1-5,78,train_impulse_activation_max_abs,0,1781096402696,0.0
learn,EOPKG-WI,EOPKGTopologyConditionedWI,88e10c5c5b45467e935548e0decdf824,854778689611649472,_EOPKG_WI-UN-f1-5-78_loan_v1_v5_simulated_GATv2,_EOPKG_WI-UN-f1-5,78,train_impulse_activation_max_abs,0,1781096402696,0.0
learn,EOPKG-WI,EOPKGTopologyConditionedWI,88e10c5c5b45467e935548e0decdf824,854778689611649472,_EOPKG_WI-UN-f1-5-78_loan_v1_v5_simulated_GATv2,_EOPKG_WI-UN-f1-5,78,train_impulse_activation_max_abs,0,1781096501998,0.0
learn,EOPKG-WI,EOPKGTopologyConditionedWI,88e10c5c5b45467e935548e0decdf824,854778689611649472,_EOPKG_WI-UN-f1-5-78_loan_v1_v5_simulated_GATv2,_EOPKG_WI-UN-f1-5,78,train_impulse_activation_max_abs,0,1781096501998,0.0
learn,EOPKG-WI,EOPKGTopologyConditionedWI,88e10c5c5b45467e935548e0decdf824,854778689611649472,_EOPKG_WI-UN-f1-5-78_loan_v1_v5_simulated_GATv2,_EOPKG_WI-UN-f1-5,78,train_impulse_activation_max_abs,0,1781096600429,0.0
learn,EOPKG-WI,EOPKGTopologyConditionedWI,88e10c5c5b45467e935548e0decdf824,854778689611649472,_EOPKG_WI-UN-f1-5-78_loan_v1_v5_simulated_GATv2,_EOPKG_WI-UN-f1-5,78,train_impulse_activation_max_abs,0,1781096600429,0.0
learn,EOPKG-WI,EOPKGTopologyConditionedWI,88e10c5c5b45467e935548e0decdf824,854778689611649472,_EOPKG_WI-UN-f1-5-78_loan_v1_v5_simulated_GATv2,_EOPKG_WI-UN-f1-5,78,train_impulse_activation_max_abs,0,1781096699752,0.0
learn,EOPKG-WI,EOPKGTopologyConditionedWI,88e10c5c5b45467e935548e0decdf824,854778689611649472,_EOPKG_WI-UN-f1-5-78_loan_v1_v5_simulated_GATv2,_EOPKG_WI-UN-f1-5,78,train_impulse_activation_max_abs,0,1781096699752,0.0
learn,EOPKG-WI,EOPKGTopologyConditionedWI,88e10c5c5b45467e935548e0decdf824,854778689611649472,_EOPKG_WI-UN-f1-5-78_loan_v1_v5_simulated_GATv2,_EOPKG_WI-UN-f1-5,78,train_impulse_activation_max_abs,0,1781096798628,0.0
learn,EOPKG-WI,EOPKGTopologyConditionedWI,88e10c5c5b45467e935548e0decdf824,854778689611649472,_EOPKG_WI-UN-f1-5-78_loan_v1_v5_simulated_GATv2,_EOPKG_WI-UN-f1-5,78,train_impulse_activation_max_abs,0,1781096798628,0.0
learn,EOPKG-WI,EOPKGTopologyConditionedWI,88e10c5c5b45467e935548e0decdf824,854778689611649472,_EOPKG_WI-UN-f1-5-78_loan_v1_v5_simulated_GATv2,_EOPKG_WI-UN-f1-5,78,train_impulse_activation_max_abs,0,1781096897604,0.0
learn,EOPKG-WI,EOPKGTopologyConditionedWI,88e10c5c5b45467e935548e0decdf824,854778689611649472,_EOPKG_WI-UN-f1-5-78_loan_v1_v5_simulated_GATv2,_EOPKG_WI-UN-f1-5,78,train_impulse_activation_max_abs,0,1781096897604,0.0
learn,EOPKG-WI,EOPKGTopologyConditionedWI,88e10c5c5b45467e935548e0decdf824,854778689611649472,_EOPKG_WI-UN-f1-5-78_loan_v1_v5_simulated_GATv2,_EOPKG_WI-UN-f1-5,78,train_impulse_activation_max_abs,0,1781096996860,0.0
learn,EOPKG-WI,EOPKGTopologyConditionedWI,88e10c5c5b45467e935548e0decdf824,854778689611649472,_EOPKG_WI-UN-f1-5-78_loan_v1_v5_simulated_GATv2,_EOPKG_WI-UN-f1-5,78,train_impulse_activation_max_abs,0,1781096996860,0.0
learn,EOPKG-WI,EOPKGTopologyConditionedWI,88e10c5c5b45467e935548e0decdf824,854778689611649472,_EOPKG_WI-UN-f1-5-78_loan_v1_v5_simulated_GATv2,_EOPKG_WI-UN-f1-5,78,train_impulse_activation_max_abs,0,1781097095891,0.0
learn,EOPKG-WI,EOPKGTopologyConditionedWI,88e10c5c5b45467e935548e0decdf824,854778689611649472,_EOPKG_WI-UN-f1-5-78_loan_v1_v5_simulated_GATv2,_EOPKG_WI-UN-f1-5,78,train_impulse_activation_max_abs,0,1781097095891,0.0
learn,EOPKG-WI,EOPKGTopologyConditionedWI,88e10c5c5b45467e935548e0decdf824,854778689611649472,_EOPKG_WI-UN-f1-5-78_loan_v1_v5_simulated_GATv2,_EOPKG_WI-UN-f1-5,78,train_impulse_activation_max_abs,0,1781097196699,0.0
learn,EOPKG-WI,EOPKGTopologyConditionedWI,88e10c5c5b45467e935548e0decdf824,854778689611649472,_EOPKG_WI-UN-f1-5-78_loan_v1_v5_simulated_GATv2,_EOPKG_WI-UN-f1-5,78,train_impulse_activation_max_abs,0,1781097196699,0.0
learn,EOPKG-WI,EOPKGTopologyConditionedWI,88e10c5c5b45467e935548e0decdf824,854778689611649472,_EOPKG_WI-UN-f1-5-78_loan_v1_v5_simulated_GATv2,_EOPKG_WI-UN-f1-5,78,train_impulse_activation_max_abs,0,1781097296448,0.0
learn,EOPKG-WI,EOPKGTopologyConditionedWI,88e10c5c5b45467e935548e0decdf824,854778689611649472,_EOPKG_WI-UN-f1-5-78_loan_v1_v5_simulated_GATv2,_EOPKG_WI-UN-f1-5,78,train_impulse_activation_max_abs,0,1781097296448,0.0
learn,EOPKG-WI,EOPKGTopologyConditionedWI,88e10c5c5b45467e935548e0decdf824,854778689611649472,_EOPKG_WI-UN-f1-5-78_loan_v1_v5_simulated_GATv2,_EOPKG_WI-UN-f1-5,78,train_impulse_activation_max_abs,0,1781097396648,0.0
learn,EOPKG-WI,EOPKGTopologyConditionedWI,88e10c5c5b45467e935548e0decdf824,854778689611649472,_EOPKG_WI-UN-f1-5-78_loan_v1_v5_simulated_GATv2,_EOPKG_WI-UN-f1-5,78,train_impulse_activation_max_abs,0,1781097396648,0.0
learn,EOPKG-WI,EOPKGTopologyConditionedWI,88e10c5c5b45467e935548e0decdf824,854778689611649472,_EOPKG_WI-UN-f1-5-78_loan_v1_v5_simulated_GATv2,_EOPKG_WI-UN-f1-5,78,train_impulse_activation_max_abs,0,1781097495804,0.0
learn,EOPKG-WI,EOPKGTopologyConditionedWI,88e10c5c5b45467e935548e0decdf824,854778689611649472,_EOPKG_WI-UN-f1-5-78_loan_v1_v5_simulated_GATv2,_EOPKG_WI-UN-f1-5,78,train_impulse_activation_max_abs,0,1781097495804,0.0
learn,EOPKG-WI,EOPKGTopologyConditionedWI,88e10c5c5b45467e935548e0decdf824,854778689611649472,_EOPKG_WI-UN-f1-5-78_loan_v1_v5_simulated_GATv2,_EOPKG_WI-UN-f1-5,78,train_impulse_activation_max_abs,0,1781097595084,0.0
learn,EOPKG-WI,EOPKGTopologyConditionedWI,88e10c5c5b45467e935548e0decdf824,854778689611649472,_EOPKG_WI-UN-f1-5-78_loan_v1_v5_simulated_GATv2,_EOPKG_WI-UN-f1-5,78,train_impulse_activation_max_abs,0,1781097595084,0.0
learn,EOPKG-WI,EOPKGTopologyConditionedWI,8b07202c23874e298ad9b3445b49872d,854778689611649472,_EOPKG_WI-UN-f1-5-42_loan_v1_v5_simulated_GATv2,_EOPKG_WI-UN-f1-5,42,train_impulse_activation_max_abs,0,1781630522925,0.0
learn,EOPKG-WI,EOPKGTopologyConditionedWI,8b07202c23874e298ad9b3445b49872d,854778689611649472,_EOPKG_WI-UN-f1-5-42_loan_v1_v5_simulated_GATv2,_EOPKG_WI-UN-f1-5,42,train_impulse_activation_max_abs,0,1781630522925,0.0
learn,EOPKG-WI,EOPKGTopologyConditionedWI,8b07202c23874e298ad9b3445b49872d,854778689611649472,_EOPKG_WI-UN-f1-5-42_loan_v1_v5_simulated_GATv2,_EOPKG_WI-UN-f1-5,42,train_impulse_activation_max_abs,0,1781630648264,0.0
learn,EOPKG-WI,EOPKGTopologyConditionedWI,8b07202c23874e298ad9b3445b49872d,854778689611649472,_EOPKG_WI-UN-f1-5-42_loan_v1_v5_simulated_GATv2,_EOPKG_WI-UN-f1-5,42,train_impulse_activation_max_abs,0,1781630648264,0.0
learn,EOPKG-WI,EOPKGTopologyConditionedWI,8b07202c23874e298ad9b3445b49872d,854778689611649472,_EOPKG_WI-UN-f1-5-42_loan_v1_v5_simulated_GATv2,_EOPKG_WI-UN-f1-5,42,train_impulse_activation_max_abs,0,1781630756880,0.0
learn,EOPKG-WI,EOPKGTopologyConditionedWI,8b07202c23874e298ad9b3445b49872d,854778689611649472,_EOPKG_WI-UN-f1-5-42_loan_v1_v5_simulated_GATv2,_EOPKG_WI-UN-f1-5,42,train_impulse_activation_max_abs,0,1781630756880,0.0
learn,EOPKG-WI,EOPKGTopologyConditionedWI,8b07202c23874e298ad9b3445b49872d,854778689611649472,_EOPKG_WI-UN-f1-5-42_loan_v1_v5_simulated_GATv2,_EOPKG_WI-UN-f1-5,42,train_impulse_activation_max_abs,0,1781630891802,0.0
learn,EOPKG-WI,EOPKGTopologyConditionedWI,8b07202c23874e298ad9b3445b49872d,854778689611649472,_EOPKG_WI-UN-f1-5-42_loan_v1_v5_simulated_GATv2,_EOPKG_WI-UN-f1-5,42,train_impulse_activation_max_abs,0,1781630891802,0.0
learn,EOPKG-WI,EOPKGTopologyConditionedWI,8b07202c23874e298ad9b3445b49872d,854778689611649472,_EOPKG_WI-UN-f1-5-42_loan_v1_v5_simulated_GATv2,_EOPKG_WI-UN-f1-5,42,train_impulse_activation_max_abs,0,1781631007844,0.0
learn,EOPKG-WI,EOPKGTopologyConditionedWI,8b07202c23874e298ad9b3445b49872d,854778689611649472,_EOPKG_WI-UN-f1-5-42_loan_v1_v5_simulated_GATv2,_EOPKG_WI-UN-f1-5,42,train_impulse_activation_max_abs,0,1781631007844,0.0
learn,EOPKG-WI,EOPKGTopologyConditionedWI,8b07202c23874e298ad9b3445b49872d,854778689611649472,_EOPKG_WI-UN-f1-5-42_loan_v1_v5_simulated_GATv2,_EOPKG_WI-UN-f1-5,42,train_impulse_activation_max_abs,0,1781631171581,0.0
learn,EOPKG-WI,EOPKGTopologyConditionedWI,8b07202c23874e298ad9b3445b49872d,854778689611649472,_EOPKG_WI-UN-f1-5-42_loan_v1_v5_simulated_GATv2,_EOPKG_WI-UN-f1-5,42,train_impulse_activation_max_abs,0,1781631171581,0.0
learn,EOPKG-WI,EOPKGTopologyConditionedWI,8b07202c23874e298ad9b3445b49872d,854778689611649472,_EOPKG_WI-UN-f1-5-42_loan_v1_v5_simulated_GATv2,_EOPKG_WI-UN-f1-5,42,train_impulse_activation_max_abs,0,1781631306423,0.0
learn,EOPKG-WI,EOPKGTopologyConditionedWI,8b07202c23874e298ad9b3445b49872d,854778689611649472,_EOPKG_WI-UN-f1-5-42_loan_v1_v5_simulated_GATv2,_EOPKG_WI-UN-f1-5,42,train_impulse_activation_max_abs,0,1781631306423,0.0
learn,EOPKG-WI,EOPKGTopologyConditionedWI,8b07202c23874e298ad9b3445b49872d,854778689611649472,_EOPKG_WI-UN-f1-5-42_loan_v1_v5_simulated_GATv2,_EOPKG_WI-UN-f1-5,42,train_impulse_activation_max_abs,0,1781631445302,0.0
learn,EOPKG-WI,EOPKGTopologyConditionedWI,8b07202c23874e298ad9b3445b49872d,854778689611649472,_EOPKG_WI-UN-f1-5-42_loan_v1_v5_simulated_GATv2,_EOPKG_WI-UN-f1-5,42,train_impulse_activation_max_abs,0,1781631445302,0.0
learn,EOPKG-WI,EOPKGTopologyConditionedWI,8b07202c23874e298ad9b3445b49872d,854778689611649472,_EOPKG_WI-UN-f1-5-42_loan_v1_v5_simulated_GATv2,_EOPKG_WI-UN-f1-5,42,train_impulse_activation_max_abs,0,1781631595573,0.0
learn,EOPKG-WI,EOPKGTopologyConditionedWI,8b07202c23874e298ad9b3445b49872d,854778689611649472,_EOPKG_WI-UN-f1-5-42_loan_v1_v5_simulated_GATv2,_EOPKG_WI-UN-f1-5,42,train_impulse_activation_max_abs,0,1781631595573,0.0
learn,EOPKG-WI,EOPKGTopologyConditionedWI,8b07202c23874e298ad9b3445b49872d,854778689611649472,_EOPKG_WI-UN-f1-5-42_loan_v1_v5_simulated_GATv2,_EOPKG_WI-UN-f1-5,42,train_impulse_activation_max_abs,0,1781631735454,0.0
learn,EOPKG-WI,EOPKGTopologyConditionedWI,8b07202c23874e298ad9b3445b49872d,854778689611649472,_EOPKG_WI-UN-f1-5-42_loan_v1_v5_simulated_GATv2,_EOPKG_WI-UN-f1-5,42,train_impulse_activation_max_abs,0,1781631735454,0.0
learn,EOPKG-WI,EOPKGTopologyConditionedWI,8b07202c23874e298ad9b3445b49872d,854778689611649472,_EOPKG_WI-UN-f1-5-42_loan_v1_v5_simulated_GATv2,_EOPKG_WI-UN-f1-5,42,train_impulse_activation_max_abs,0,1781631879287,0.0
learn,EOPKG-WI,EOPKGTopologyConditionedWI,8b07202c23874e298ad9b3445b49872d,854778689611649472,_EOPKG_WI-UN-f1-5-42_loan_v1_v5_simulated_GATv2,_EOPKG_WI-UN-f1-5,42,train_impulse_activation_max_abs,0,1781631879287,0.0
learn,EOPKG-WI,EOPKGTopologyConditionedWI,8b07202c23874e298ad9b3445b49872d,854778689611649472,_EOPKG_WI-UN-f1-5-42_loan_v1_v5_simulated_GATv2,_EOPKG_WI-UN-f1-5,42,train_impulse_activation_max_abs,0,1781632015970,0.0
learn,EOPKG-WI,EOPKGTopologyConditionedWI,8b07202c23874e298ad9b3445b49872d,854778689611649472,_EOPKG_WI-UN-f1-5-42_loan_v1_v5_simulated_GATv2,_EOPKG_WI-UN-f1-5,42,train_impulse_activation_max_abs,0,1781632015970,0.0
learn,EOPKG-WI,EOPKGTopologyConditionedWI,8b07202c23874e298ad9b3445b49872d,854778689611649472,_EOPKG_WI-UN-f1-5-42_loan_v1_v5_simulated_GATv2,_EOPKG_WI-UN-f1-5,42,train_impulse_activation_max_abs,0,1781632161786,0.0
learn,EOPKG-WI,EOPKGTopologyConditionedWI,8b07202c23874e298ad9b3445b49872d,854778689611649472,_EOPKG_WI-UN-f1-5-42_loan_v1_v5_simulated_GATv2,_EOPKG_WI-UN-f1-5,42,train_impulse_activation_max_abs,0,1781632161786,0.0
learn,EOPKG-WI,EOPKGTopologyConditionedWI,8b07202c23874e298ad9b3445b49872d,854778689611649472,_EOPKG_WI-UN-f1-5-42_loan_v1_v5_simulated_GATv2,_EOPKG_WI-UN-f1-5,42,train_impulse_activation_max_abs,0,1781632310829,0.0
learn,EOPKG-WI,EOPKGTopologyConditionedWI,8b07202c23874e298ad9b3445b49872d,854778689611649472,_EOPKG_WI-UN-f1-5-42_loan_v1_v5_simulated_GATv2,_EOPKG_WI-UN-f1-5,42,train_impulse_activation_max_abs,0,1781632310829,0.0
learn,EOPKG-WI,EOPKGTopologyConditionedWI,8b07202c23874e298ad9b3445b49872d,854778689611649472,_EOPKG_WI-UN-f1-5-42_loan_v1_v5_simulated_GATv2,_EOPKG_WI-UN-f1-5,42,train_impulse_activation_max_abs,0,1781632443899,0.0
learn,EOPKG-WI,EOPKGTopologyConditionedWI,8b07202c23874e298ad9b3445b49872d,854778689611649472,_EOPKG_WI-UN-f1-5-42_loan_v1_v5_simulated_GATv2,_EOPKG_WI-UN-f1-5,42,train_impulse_activation_max_abs,0,1781632443899,0.0
learn,EOPKG-WI,EOPKGTopologyConditionedWI,8b07202c23874e298ad9b3445b49872d,854778689611649472,_EOPKG_WI-UN-f1-5-42_loan_v1_v5_simulated_GATv2,_EOPKG_WI-UN-f1-5,42,train_impulse_activation_max_abs,0,1781632586185,0.0
learn,EOPKG-WI,EOPKGTopologyConditionedWI,8b07202c23874e298ad9b3445b49872d,854778689611649472,_EOPKG_WI-UN-f1-5-42_loan_v1_v5_simulated_GATv2,_EOPKG_WI-UN-f1-5,42,train_impulse_activation_max_abs,0,1781632586185,0.0
learn,EOPKG-WI,EOPKGTopologyConditionedWI,8b07202c23874e298ad9b3445b49872d,854778689611649472,_EOPKG_WI-UN-f1-5-42_loan_v1_v5_simulated_GATv2,_EOPKG_WI-UN-f1-5,42,train_impulse_activation_max_abs,0,1781632766756,0.0
learn,EOPKG-WI,EOPKGTopologyConditionedWI,8b07202c23874e298ad9b3445b49872d,854778689611649472,_EOPKG_WI-UN-f1-5-42_loan_v1_v5_simulated_GATv2,_EOPKG_WI-UN-f1-5,42,train_impulse_activation_max_abs,0,1781632766756,0.0
learn,EOPKG-WI,EOPKGTopologyConditionedWI,8b07202c23874e298ad9b3445b49872d,854778689611649472,_EOPKG_WI-UN-f1-5-42_loan_v1_v5_simulated_GATv2,_EOPKG_WI-UN-f1-5,42,train_impulse_activation_max_abs,0,1781632921809,0.0
learn,EOPKG-WI,EOPKGTopologyConditionedWI,8b07202c23874e298ad9b3445b49872d,854778689611649472,_EOPKG_WI-UN-f1-5-42_loan_v1_v5_simulated_GATv2,_EOPKG_WI-UN-f1-5,42,train_impulse_activation_max_abs,0,1781632921809,0.0
learn,EOPKG-WI,EOPKGTopologyConditionedWI,8b07202c23874e298ad9b3445b49872d,854778689611649472,_EOPKG_WI-UN-f1-5-42_loan_v1_v5_simulated_GATv2,_EOPKG_WI-UN-f1-5,42,train_impulse_activation_max_abs,0,1781633078320,0.0
learn,EOPKG-WI,EOPKGTopologyConditionedWI,8b07202c23874e298ad9b3445b49872d,854778689611649472,_EOPKG_WI-UN-f1-5-42_loan_v1_v5_simulated_GATv2,_EOPKG_WI-UN-f1-5,42,train_impulse_activation_max_abs,0,1781633078320,0.0
learn,EOPKG-WI,EOPKGTopologyConditionedWI,8b07202c23874e298ad9b3445b49872d,854778689611649472,_EOPKG_WI-UN-f1-5-42_loan_v1_v5_simulated_GATv2,_EOPKG_WI-UN-f1-5,42,train_impulse_activation_max_abs,0,1781633217807,0.0
learn,EOPKG-WI,EOPKGTopologyConditionedWI,8b07202c23874e298ad9b3445b49872d,854778689611649472,_EOPKG_WI-UN-f1-5-42_loan_v1_v5_simulated_GATv2,_EOPKG_WI-UN-f1-5,42,train_impulse_activation_max_abs,0,1781633217807,0.0
learn,EOPKG-WI,EOPKGTopologyConditionedWI,8b07202c23874e298ad9b3445b49872d,854778689611649472,_EOPKG_WI-UN-f1-5-42_loan_v1_v5_simulated_GATv2,_EOPKG_WI-UN-f1-5,42,train_impulse_activation_max_abs,0,1781633334762,0.0
learn,EOPKG-WI,EOPKGTopologyConditionedWI,8b07202c23874e298ad9b3445b49872d,854778689611649472,_EOPKG_WI-UN-f1-5-42_loan_v1_v5_simulated_GATv2,_EOPKG_WI-UN-f1-5,42,train_impulse_activation_max_abs,0,1781633334762,0.0
learn,EOPKG-WI,EOPKGTopologyConditionedWI,8b07202c23874e298ad9b3445b49872d,854778689611649472,_EOPKG_WI-UN-f1-5-42_loan_v1_v5_simulated_GATv2,_EOPKG_WI-UN-f1-5,42,train_impulse_activation_max_abs,0,1781633447779,0.0
learn,EOPKG-WI,EOPKGTopologyConditionedWI,8b07202c23874e298ad9b3445b49872d,854778689611649472,_EOPKG_WI-UN-f1-5-42_loan_v1_v5_simulated_GATv2,_EOPKG_WI-UN-f1-5,42,train_impulse_activation_max_abs,0,1781633447779,0.0
learn,EOPKG-WI,EOPKGTopologyConditionedWI,8b07202c23874e298ad9b3445b49872d,854778689611649472,_EOPKG_WI-UN-f1-5-42_loan_v1_v5_simulated_GATv2,_EOPKG_WI-UN-f1-5,42,train_impulse_activation_max_abs,0,1781633561439,0.0
learn,EOPKG-WI,EOPKGTopologyConditionedWI,8b07202c23874e298ad9b3445b49872d,854778689611649472,_EOPKG_WI-UN-f1-5-42_loan_v1_v5_simulated_GATv2,_EOPKG_WI-UN-f1-5,42,train_impulse_activation_max_abs,0,1781633561439,0.0
learn,EOPKG-WI,EOPKGTopologyConditionedWI,8b07202c23874e298ad9b3445b49872d,854778689611649472,_EOPKG_WI-UN-f1-5-42_loan_v1_v5_simulated_GATv2,_EOPKG_WI-UN-f1-5,42,train_impulse_activation_max_abs,0,1781633675571,0.0
learn,EOPKG-WI,EOPKGTopologyConditionedWI,8b07202c23874e298ad9b3445b49872d,854778689611649472,_EOPKG_WI-UN-f1-5-42_loan_v1_v5_simulated_GATv2,_EOPKG_WI-UN-f1-5,42,train_impulse_activation_max_abs,0,1781633675571,0.0
learn,EOPKG-WI,EOPKGTopologyConditionedWI,8b07202c23874e298ad9b3445b49872d,854778689611649472,_EOPKG_WI-UN-f1-5-42_loan_v1_v5_simulated_GATv2,_EOPKG_WI-UN-f1-5,42,train_impulse_activation_max_abs,0,1781633792554,0.0
learn,EOPKG-WI,EOPKGTopologyConditionedWI,8b07202c23874e298ad9b3445b49872d,854778689611649472,_EOPKG_WI-UN-f1-5-42_loan_v1_v5_simulated_GATv2,_EOPKG_WI-UN-f1-5,42,train_impulse_activation_max_abs,0,1781633792554,0.0
learn,EOPKG-WI,EOPKGTopologyConditionedWI,8b07202c23874e298ad9b3445b49872d,854778689611649472,_EOPKG_WI-UN-f1-5-42_loan_v1_v5_simulated_GATv2,_EOPKG_WI-UN-f1-5,42,train_impulse_activation_max_abs,0,1781633909878,0.0
learn,EOPKG-WI,EOPKGTopologyConditionedWI,8b07202c23874e298ad9b3445b49872d,854778689611649472,_EOPKG_WI-UN-f1-5-42_loan_v1_v5_simulated_GATv2,_EOPKG_WI-UN-f1-5,42,train_impulse_activation_max_abs,0,1781633909878,0.0
learn,EOPKG-WI,EOPKGTopologyConditionedWI,8b07202c23874e298ad9b3445b49872d,854778689611649472,_EOPKG_WI-UN-f1-5-42_loan_v1_v5_simulated_GATv2,_EOPKG_WI-UN-f1-5,42,train_impulse_activation_max_abs,0,1781634204644,0.0
learn,EOPKG-WI,EOPKGTopologyConditionedWI,8b07202c23874e298ad9b3445b49872d,854778689611649472,_EOPKG_WI-UN-f1-5-42_loan_v1_v5_simulated_GATv2,_EOPKG_WI-UN-f1-5,42,train_impulse_activation_max_abs,0,1781634204644,0.0
learn,EOPKG-WI,EOPKGTopologyConditionedWI,8b07202c23874e298ad9b3445b49872d,854778689611649472,_EOPKG_WI-UN-f1-5-42_loan_v1_v5_simulated_GATv2,_EOPKG_WI-UN-f1-5,42,train_impulse_activation_max_abs,0,1781634372611,0.0
learn,EOPKG-WI,EOPKGTopologyConditionedWI,8b07202c23874e298ad9b3445b49872d,854778689611649472,_EOPKG_WI-UN-f1-5-42_loan_v1_v5_simulated_GATv2,_EOPKG_WI-UN-f1-5,42,train_impulse_activation_max_abs,0,1781634372611,0.0
learn,EOPKG-WI,EOPKGTopologyConditionedWI,8b07202c23874e298ad9b3445b49872d,854778689611649472,_EOPKG_WI-UN-f1-5-42_loan_v1_v5_simulated_GATv2,_EOPKG_WI-UN-f1-5,42,train_impulse_activation_max_abs,0,1781634482621,0.0
learn,EOPKG-WI,EOPKGTopologyConditionedWI,8b07202c23874e298ad9b3445b49872d,854778689611649472,_EOPKG_WI-UN-f1-5-42_loan_v1_v5_simulated_GATv2,_EOPKG_WI-UN-f1-5,42,train_impulse_activation_max_abs,0,1781634482621,0.0
learn,EOPKG-WI,EOPKGTopologyConditionedWI,8b07202c23874e298ad9b3445b49872d,854778689611649472,_EOPKG_WI-UN-f1-5-42_loan_v1_v5_simulated_GATv2,_EOPKG_WI-UN-f1-5,42,train_impulse_activation_max_abs,0,1781634595223,0.0
learn,EOPKG-WI,EOPKGTopologyConditionedWI,8b07202c23874e298ad9b3445b49872d,854778689611649472,_EOPKG_WI-UN-f1-5-42_loan_v1_v5_simulated_GATv2,_EOPKG_WI-UN-f1-5,42,train_impulse_activation_max_abs,0,1781634595223,0.0
learn,EOPKG-WI,EOPKGTopologyConditionedWI,8b07202c23874e298ad9b3445b49872d,854778689611649472,_EOPKG_WI-UN-f1-5-42_loan_v1_v5_simulated_GATv2,_EOPKG_WI-UN-f1-5,42,train_impulse_activation_max_abs,0,1781634703277,0.0
learn,EOPKG-WI,EOPKGTopologyConditionedWI,8b07202c23874e298ad9b3445b49872d,854778689611649472,_EOPKG_WI-UN-f1-5-42_loan_v1_v5_simulated_GATv2,_EOPKG_WI-UN-f1-5,42,train_impulse_activation_max_abs,0,1781634703277,0.0
learn,EOPKG-WI,EOPKGTopologyConditionedWI,8b07202c23874e298ad9b3445b49872d,854778689611649472,_EOPKG_WI-UN-f1-5-42_loan_v1_v5_simulated_GATv2,_EOPKG_WI-UN-f1-5,42,train_impulse_activation_max_abs,0,1781634835614,0.0
learn,EOPKG-WI,EOPKGTopologyConditionedWI,8b07202c23874e298ad9b3445b49872d,854778689611649472,_EOPKG_WI-UN-f1-5-42_loan_v1_v5_simulated_GATv2,_EOPKG_WI-UN-f1-5,42,train_impulse_activation_max_abs,0,1781634835614,0.0
learn,EOPKG-WI,EOPKGTopologyConditionedWI,8b07202c23874e298ad9b3445b49872d,854778689611649472,_EOPKG_WI-UN-f1-5-42_loan_v1_v5_simulated_GATv2,_EOPKG_WI-UN-f1-5,42,train_impulse_activation_max_abs,0,1781635030475,0.0
learn,EOPKG-WI,EOPKGTopologyConditionedWI,8b07202c23874e298ad9b3445b49872d,854778689611649472,_EOPKG_WI-UN-f1-5-42_loan_v1_v5_simulated_GATv2,_EOPKG_WI-UN-f1-5,42,train_impulse_activation_max_abs,0,1781635030475,0.0
learn,EOPKG-WI,EOPKGTopologyConditionedWI,8b07202c23874e298ad9b3445b49872d,854778689611649472,_EOPKG_WI-UN-f1-5-42_loan_v1_v5_simulated_GATv2,_EOPKG_WI-UN-f1-5,42,train_impulse_activation_max_abs,0,1781635237041,0.0
learn,EOPKG-WI,EOPKGTopologyConditionedWI,8b07202c23874e298ad9b3445b49872d,854778689611649472,_EOPKG_WI-UN-f1-5-42_loan_v1_v5_simulated_GATv2,_EOPKG_WI-UN-f1-5,42,train_impulse_activation_max_abs,0,1781635237041,0.0
learn,EOPKG-WI,EOPKGTopologyConditionedWI,8b07202c23874e298ad9b3445b49872d,854778689611649472,_EOPKG_WI-UN-f1-5-42_loan_v1_v5_simulated_GATv2,_EOPKG_WI-UN-f1-5,42,train_impulse_activation_max_abs,0,1781635444896,0.0
learn,EOPKG-WI,EOPKGTopologyConditionedWI,8b07202c23874e298ad9b3445b49872d,854778689611649472,_EOPKG_WI-UN-f1-5-42_loan_v1_v5_simulated_GATv2,_EOPKG_WI-UN-f1-5,42,train_impulse_activation_max_abs,0,1781635444896,0.0
learn,EOPKG-WI,EOPKGTopologyConditionedWI,8b07202c23874e298ad9b3445b49872d,854778689611649472,_EOPKG_WI-UN-f1-5-42_loan_v1_v5_simulated_GATv2,_EOPKG_WI-UN-f1-5,42,train_impulse_activation_max_abs,0,1781635637326,0.0
learn,EOPKG-WI,EOPKGTopologyConditionedWI,8b07202c23874e298ad9b3445b49872d,854778689611649472,_EOPKG_WI-UN-f1-5-42_loan_v1_v5_simulated_GATv2,_EOPKG_WI-UN-f1-5,42,train_impulse_activation_max_abs,0,1781635637326,0.0
learn,EOPKG-WI,EOPKGTopologyConditionedWI,8b07202c23874e298ad9b3445b49872d,854778689611649472,_EOPKG_WI-UN-f1-5-42_loan_v1_v5_simulated_GATv2,_EOPKG_WI-UN-f1-5,42,train_impulse_activation_max_abs,0,1781635836289,0.0
learn,EOPKG-WI,EOPKGTopologyConditionedWI,8b07202c23874e298ad9b3445b49872d,854778689611649472,_EOPKG_WI-UN-f1-5-42_loan_v1_v5_simulated_GATv2,_EOPKG_WI-UN-f1-5,42,train_impulse_activation_max_abs,0,1781635836289,0.0
learn,EOPKG-WI,EOPKGTopologyConditionedWI,8b07202c23874e298ad9b3445b49872d,854778689611649472,_EOPKG_WI-UN-f1-5-42_loan_v1_v5_simulated_GATv2,_EOPKG_WI-UN-f1-5,42,train_impulse_activation_max_abs,0,1781636028676,0.0
learn,EOPKG-WI,EOPKGTopologyConditionedWI,8b07202c23874e298ad9b3445b49872d,854778689611649472,_EOPKG_WI-UN-f1-5-42_loan_v1_v5_simulated_GATv2,_EOPKG_WI-UN-f1-5,42,train_impulse_activation_max_abs,0,1781636028676,0.0
learn,EOPKG-WI,EOPKGTopologyConditionedWI,8b07202c23874e298ad9b3445b49872d,854778689611649472,_EOPKG_WI-UN-f1-5-42_loan_v1_v5_simulated_GATv2,_EOPKG_WI-UN-f1-5,42,train_impulse_activation_max_abs,0,1781636228542,0.0
learn,EOPKG-WI,EOPKGTopologyConditionedWI,8b07202c23874e298ad9b3445b49872d,854778689611649472,_EOPKG_WI-UN-f1-5-42_loan_v1_v5_simulated_GATv2,_EOPKG_WI-UN-f1-5,42,train_impulse_activation_max_abs,0,1781636228542,0.0
learn,EOPKG-WI,EOPKGTopologyConditionedWI,8b07202c23874e298ad9b3445b49872d,854778689611649472,_EOPKG_WI-UN-f1-5-42_loan_v1_v5_simulated_GATv2,_EOPKG_WI-UN-f1-5,42,train_impulse_activation_max_abs,0,1781636439979,0.0
learn,EOPKG-WI,EOPKGTopologyConditionedWI,8b07202c23874e298ad9b3445b49872d,854778689611649472,_EOPKG_WI-UN-f1-5-42_loan_v1_v5_simulated_GATv2,_EOPKG_WI-UN-f1-5,42,train_impulse_activation_max_abs,0,1781636439979,0.0
learn,EOPKG-WI,EOPKGTopologyConditionedWI,8b07202c23874e298ad9b3445b49872d,854778689611649472,_EOPKG_WI-UN-f1-5-42_loan_v1_v5_simulated_GATv2,_EOPKG_WI-UN-f1-5,42,train_impulse_activation_max_abs,0,1781636636781,0.0
learn,EOPKG-WI,EOPKGTopologyConditionedWI,8b07202c23874e298ad9b3445b49872d,854778689611649472,_EOPKG_WI-UN-f1-5-42_loan_v1_v5_simulated_GATv2,_EOPKG_WI-UN-f1-5,42,train_impulse_activation_max_abs,0,1781636636781,0.0
learn,EOPKG-WI,EOPKGTopologyConditionedWI,8b07202c23874e298ad9b3445b49872d,854778689611649472,_EOPKG_WI-UN-f1-5-42_loan_v1_v5_simulated_GATv2,_EOPKG_WI-UN-f1-5,42,train_impulse_activation_max_abs,0,1781636836152,0.0
learn,EOPKG-WI,EOPKGTopologyConditionedWI,8b07202c23874e298ad9b3445b49872d,854778689611649472,_EOPKG_WI-UN-f1-5-42_loan_v1_v5_simulated_GATv2,_EOPKG_WI-UN-f1-5,42,train_impulse_activation_max_abs,0,1781636836152,0.0
learn,EOPKG-WI,EOPKGTopologyConditionedWI,8b07202c23874e298ad9b3445b49872d,854778689611649472,_EOPKG_WI-UN-f1-5-42_loan_v1_v5_simulated_GATv2,_EOPKG_WI-UN-f1-5,42,train_impulse_activation_max_abs,0,1781636979357,0.0
learn,EOPKG-WI,EOPKGTopologyConditionedWI,8b07202c23874e298ad9b3445b49872d,854778689611649472,_EOPKG_WI-UN-f1-5-42_loan_v1_v5_simulated_GATv2,_EOPKG_WI-UN-f1-5,42,train_impulse_activation_max_abs,0,1781636979357,0.0
learn,EOPKG-WI,EOPKGTopologyConditionedWI,8b07202c23874e298ad9b3445b49872d,854778689611649472,_EOPKG_WI-UN-f1-5-42_loan_v1_v5_simulated_GATv2,_EOPKG_WI-UN-f1-5,42,train_impulse_activation_max_abs,0,1781637100948,0.0
learn,EOPKG-WI,EOPKGTopologyConditionedWI,8b07202c23874e298ad9b3445b49872d,854778689611649472,_EOPKG_WI-UN-f1-5-42_loan_v1_v5_simulated_GATv2,_EOPKG_WI-UN-f1-5,42,train_impulse_activation_max_abs,0,1781637100948,0.0
learn,EOPKG-WI,EOPKGTopologyConditionedWI,8b07202c23874e298ad9b3445b49872d,854778689611649472,_EOPKG_WI-UN-f1-5-42_loan_v1_v5_simulated_GATv2,_EOPKG_WI-UN-f1-5,42,train_impulse_activation_max_abs,0,1781637226730,0.0
learn,EOPKG-WI,EOPKGTopologyConditionedWI,8b07202c23874e298ad9b3445b49872d,854778689611649472,_EOPKG_WI-UN-f1-5-42_loan_v1_v5_simulated_GATv2,_EOPKG_WI-UN-f1-5,42,train_impulse_activation_max_abs,0,1781637226730,0.0
learn,EOPKG-WI,EOPKGTopologyConditionedWI,8b07202c23874e298ad9b3445b49872d,854778689611649472,_EOPKG_WI-UN-f1-5-42_loan_v1_v5_simulated_GATv2,_EOPKG_WI-UN-f1-5,42,train_impulse_activation_max_abs,0,1781637369503,0.0
learn,EOPKG-WI,EOPKGTopologyConditionedWI,8b07202c23874e298ad9b3445b49872d,854778689611649472,_EOPKG_WI-UN-f1-5-42_loan_v1_v5_simulated_GATv2,_EOPKG_WI-UN-f1-5,42,train_impulse_activation_max_abs,0,1781637369503,0.0
learn,EOPKG-WI,EOPKGTopologyConditionedWI,8b07202c23874e298ad9b3445b49872d,854778689611649472,_EOPKG_WI-UN-f1-5-42_loan_v1_v5_simulated_GATv2,_EOPKG_WI-UN-f1-5,42,train_impulse_activation_max_abs,0,1781637490648,0.0
learn,EOPKG-WI,EOPKGTopologyConditionedWI,8b07202c23874e298ad9b3445b49872d,854778689611649472,_EOPKG_WI-UN-f1-5-42_loan_v1_v5_simulated_GATv2,_EOPKG_WI-UN-f1-5,42,train_impulse_activation_max_abs,0,1781637490648,0.0
learn,EOPKG-WI,EOPKGTopologyConditionedWI,8b07202c23874e298ad9b3445b49872d,854778689611649472,_EOPKG_WI-UN-f1-5-42_loan_v1_v5_simulated_GATv2,_EOPKG_WI-UN-f1-5,42,train_impulse_activation_max_abs,0,1781637619395,0.0
learn,EOPKG-WI,EOPKGTopologyConditionedWI,8b07202c23874e298ad9b3445b49872d,854778689611649472,_EOPKG_WI-UN-f1-5-42_loan_v1_v5_simulated_GATv2,_EOPKG_WI-UN-f1-5,42,train_impulse_activation_max_abs,0,1781637619395,0.0
learn,EOPKG-WI,EOPKGTopologyConditionedWI,8b07202c23874e298ad9b3445b49872d,854778689611649472,_EOPKG_WI-UN-f1-5-42_loan_v1_v5_simulated_GATv2,_EOPKG_WI-UN-f1-5,42,train_impulse_activation_max_abs,0,1781637740312,0.0
learn,EOPKG-WI,EOPKGTopologyConditionedWI,8b07202c23874e298ad9b3445b49872d,854778689611649472,_EOPKG_WI-UN-f1-5-42_loan_v1_v5_simulated_GATv2,_EOPKG_WI-UN-f1-5,42,train_impulse_activation_max_abs,0,1781637740312,0.0
learn,EOPKG-WI,EOPKGTopologyConditionedWI,8b07202c23874e298ad9b3445b49872d,854778689611649472,_EOPKG_WI-UN-f1-5-42_loan_v1_v5_simulated_GATv2,_EOPKG_WI-UN-f1-5,42,train_impulse_activation_max_abs,0,1781637861228,0.0
learn,EOPKG-WI,EOPKGTopologyConditionedWI,8b07202c23874e298ad9b3445b49872d,854778689611649472,_EOPKG_WI-UN-f1-5-42_loan_v1_v5_simulated_GATv2,_EOPKG_WI-UN-f1-5,42,train_impulse_activation_max_abs,0,1781637861228,0.0
learn,EOPKG-WI,EOPKGTopologyConditionedWI,8d2a911a18bb4d61a536433690b744f0,854778689611649472,_EOPKG_WI-UN-f1-5-13_loan_v1_v5_simulated_GATv2,_EOPKG_WI-UN-f1-5,13,train_impulse_activation_max_abs,0,1781078382915,0.0
learn,EOPKG-WI,EOPKGTopologyConditionedWI,8d2a911a18bb4d61a536433690b744f0,854778689611649472,_EOPKG_WI-UN-f1-5-13_loan_v1_v5_simulated_GATv2,_EOPKG_WI-UN-f1-5,13,train_impulse_activation_max_abs,0,1781078382915,0.0
learn,EOPKG-WI,EOPKGTopologyConditionedWI,8d2a911a18bb4d61a536433690b744f0,854778689611649472,_EOPKG_WI-UN-f1-5-13_loan_v1_v5_simulated_GATv2,_EOPKG_WI-UN-f1-5,13,train_impulse_activation_max_abs,0,1781078518021,0.0
learn,EOPKG-WI,EOPKGTopologyConditionedWI,8d2a911a18bb4d61a536433690b744f0,854778689611649472,_EOPKG_WI-UN-f1-5-13_loan_v1_v5_simulated_GATv2,_EOPKG_WI-UN-f1-5,13,train_impulse_activation_max_abs,0,1781078518021,0.0
learn,EOPKG-WI,EOPKGTopologyConditionedWI,8d2a911a18bb4d61a536433690b744f0,854778689611649472,_EOPKG_WI-UN-f1-5-13_loan_v1_v5_simulated_GATv2,_EOPKG_WI-UN-f1-5,13,train_impulse_activation_max_abs,0,1781078638695,0.0
learn,EOPKG-WI,EOPKGTopologyConditionedWI,8d2a911a18bb4d61a536433690b744f0,854778689611649472,_EOPKG_WI-UN-f1-5-13_loan_v1_v5_simulated_GATv2,_EOPKG_WI-UN-f1-5,13,train_impulse_activation_max_abs,0,1781078638695,0.0
learn,EOPKG-WI,EOPKGTopologyConditionedWI,8d2a911a18bb4d61a536433690b744f0,854778689611649472,_EOPKG_WI-UN-f1-5-13_loan_v1_v5_simulated_GATv2,_EOPKG_WI-UN-f1-5,13,train_impulse_activation_max_abs,0,1781078757741,0.0
learn,EOPKG-WI,EOPKGTopologyConditionedWI,8d2a911a18bb4d61a536433690b744f0,854778689611649472,_EOPKG_WI-UN-f1-5-13_loan_v1_v5_simulated_GATv2,_EOPKG_WI-UN-f1-5,13,train_impulse_activation_max_abs,0,1781078757741,0.0
learn,EOPKG-WI,EOPKGTopologyConditionedWI,8d2a911a18bb4d61a536433690b744f0,854778689611649472,_EOPKG_WI-UN-f1-5-13_loan_v1_v5_simulated_GATv2,_EOPKG_WI-UN-f1-5,13,train_impulse_activation_max_abs,0,1781078887526,0.0
learn,EOPKG-WI,EOPKGTopologyConditionedWI,8d2a911a18bb4d61a536433690b744f0,854778689611649472,_EOPKG_WI-UN-f1-5-13_loan_v1_v5_simulated_GATv2,_EOPKG_WI-UN-f1-5,13,train_impulse_activation_max_abs,0,1781078887526,0.0
learn,EOPKG-WI,EOPKGTopologyConditionedWI,8d2a911a18bb4d61a536433690b744f0,854778689611649472,_EOPKG_WI-UN-f1-5-13_loan_v1_v5_simulated_GATv2,_EOPKG_WI-UN-f1-5,13,train_impulse_activation_max_abs,0,1781078998777,0.0
learn,EOPKG-WI,EOPKGTopologyConditionedWI,8d2a911a18bb4d61a536433690b744f0,854778689611649472,_EOPKG_WI-UN-f1-5-13_loan_v1_v5_simulated_GATv2,_EOPKG_WI-UN-f1-5,13,train_impulse_activation_max_abs,0,1781078998777,0.0
learn,EOPKG-WI,EOPKGTopologyConditionedWI,8d2a911a18bb4d61a536433690b744f0,854778689611649472,_EOPKG_WI-UN-f1-5-13_loan_v1_v5_simulated_GATv2,_EOPKG_WI-UN-f1-5,13,train_impulse_activation_max_abs,0,1781079111699,0.0
learn,EOPKG-WI,EOPKGTopologyConditionedWI,8d2a911a18bb4d61a536433690b744f0,854778689611649472,_EOPKG_WI-UN-f1-5-13_loan_v1_v5_simulated_GATv2,_EOPKG_WI-UN-f1-5,13,train_impulse_activation_max_abs,0,1781079111699,0.0
learn,EOPKG-WI,EOPKGTopologyConditionedWI,8d2a911a18bb4d61a536433690b744f0,854778689611649472,_EOPKG_WI-UN-f1-5-13_loan_v1_v5_simulated_GATv2,_EOPKG_WI-UN-f1-5,13,train_impulse_activation_max_abs,0,1781079219565,0.0
learn,EOPKG-WI,EOPKGTopologyConditionedWI,8d2a911a18bb4d61a536433690b744f0,854778689611649472,_EOPKG_WI-UN-f1-5-13_loan_v1_v5_simulated_GATv2,_EOPKG_WI-UN-f1-5,13,train_impulse_activation_max_abs,0,1781079219565,0.0
learn,EOPKG-WI,EOPKGTopologyConditionedWI,8d2a911a18bb4d61a536433690b744f0,854778689611649472,_EOPKG_WI-UN-f1-5-13_loan_v1_v5_simulated_GATv2,_EOPKG_WI-UN-f1-5,13,train_impulse_activation_max_abs,0,1781079332848,0.0
learn,EOPKG-WI,EOPKGTopologyConditionedWI,8d2a911a18bb4d61a536433690b744f0,854778689611649472,_EOPKG_WI-UN-f1-5-13_loan_v1_v5_simulated_GATv2,_EOPKG_WI-UN-f1-5,13,train_impulse_activation_max_abs,0,1781079332848,0.0
learn,EOPKG-WI,EOPKGTopologyConditionedWI,8d2a911a18bb4d61a536433690b744f0,854778689611649472,_EOPKG_WI-UN-f1-5-13_loan_v1_v5_simulated_GATv2,_EOPKG_WI-UN-f1-5,13,train_impulse_activation_max_abs,0,1781079447192,0.0
learn,EOPKG-WI,EOPKGTopologyConditionedWI,8d2a911a18bb4d61a536433690b744f0,854778689611649472,_EOPKG_WI-UN-f1-5-13_loan_v1_v5_simulated_GATv2,_EOPKG_WI-UN-f1-5,13,train_impulse_activation_max_abs,0,1781079447192,0.0
learn,EOPKG-WI,EOPKGTopologyConditionedWI,8d2a911a18bb4d61a536433690b744f0,854778689611649472,_EOPKG_WI-UN-f1-5-13_loan_v1_v5_simulated_GATv2,_EOPKG_WI-UN-f1-5,13,train_impulse_activation_max_abs,0,1781079552194,0.0
learn,EOPKG-WI,EOPKGTopologyConditionedWI,8d2a911a18bb4d61a536433690b744f0,854778689611649472,_EOPKG_WI-UN-f1-5-13_loan_v1_v5_simulated_GATv2,_EOPKG_WI-UN-f1-5,13,train_impulse_activation_max_abs,0,1781079552194,0.0
learn,EOPKG-WI,EOPKGTopologyConditionedWI,8d2a911a18bb4d61a536433690b744f0,854778689611649472,_EOPKG_WI-UN-f1-5-13_loan_v1_v5_simulated_GATv2,_EOPKG_WI-UN-f1-5,13,train_impulse_activation_max_abs,0,1781079657312,0.0
learn,EOPKG-WI,EOPKGTopologyConditionedWI,8d2a911a18bb4d61a536433690b744f0,854778689611649472,_EOPKG_WI-UN-f1-5-13_loan_v1_v5_simulated_GATv2,_EOPKG_WI-UN-f1-5,13,train_impulse_activation_max_abs,0,1781079657312,0.0
learn,EOPKG-WI,EOPKGTopologyConditionedWI,8d2a911a18bb4d61a536433690b744f0,854778689611649472,_EOPKG_WI-UN-f1-5-13_loan_v1_v5_simulated_GATv2,_EOPKG_WI-UN-f1-5,13,train_impulse_activation_max_abs,0,1781079756705,0.0
learn,EOPKG-WI,EOPKGTopologyConditionedWI,8d2a911a18bb4d61a536433690b744f0,854778689611649472,_EOPKG_WI-UN-f1-5-13_loan_v1_v5_simulated_GATv2,_EOPKG_WI-UN-f1-5,13,train_impulse_activation_max_abs,0,1781079756705,0.0
learn,EOPKG-WI,EOPKGTopologyConditionedWI,8d2a911a18bb4d61a536433690b744f0,854778689611649472,_EOPKG_WI-UN-f1-5-13_loan_v1_v5_simulated_GATv2,_EOPKG_WI-UN-f1-5,13,train_impulse_activation_max_abs,0,1781079885488,0.0
learn,EOPKG-WI,EOPKGTopologyConditionedWI,8d2a911a18bb4d61a536433690b744f0,854778689611649472,_EOPKG_WI-UN-f1-5-13_loan_v1_v5_simulated_GATv2,_EOPKG_WI-UN-f1-5,13,train_impulse_activation_max_abs,0,1781079885488,0.0
learn,EOPKG-WI,EOPKGTopologyConditionedWI,8d2a911a18bb4d61a536433690b744f0,854778689611649472,_EOPKG_WI-UN-f1-5-13_loan_v1_v5_simulated_GATv2,_EOPKG_WI-UN-f1-5,13,train_impulse_activation_max_abs,0,1781080041831,0.0
learn,EOPKG-WI,EOPKGTopologyConditionedWI,8d2a911a18bb4d61a536433690b744f0,854778689611649472,_EOPKG_WI-UN-f1-5-13_loan_v1_v5_simulated_GATv2,_EOPKG_WI-UN-f1-5,13,train_impulse_activation_max_abs,0,1781080041831,0.0
learn,EOPKG-WI,EOPKGTopologyConditionedWI,8d2a911a18bb4d61a536433690b744f0,854778689611649472,_EOPKG_WI-UN-f1-5-13_loan_v1_v5_simulated_GATv2,_EOPKG_WI-UN-f1-5,13,train_impulse_activation_max_abs,0,1781080206238,0.0
learn,EOPKG-WI,EOPKGTopologyConditionedWI,8d2a911a18bb4d61a536433690b744f0,854778689611649472,_EOPKG_WI-UN-f1-5-13_loan_v1_v5_simulated_GATv2,_EOPKG_WI-UN-f1-5,13,train_impulse_activation_max_abs,0,1781080206238,0.0
learn,EOPKG-WI,EOPKGTopologyConditionedWI,8d2a911a18bb4d61a536433690b744f0,854778689611649472,_EOPKG_WI-UN-f1-5-13_loan_v1_v5_simulated_GATv2,_EOPKG_WI-UN-f1-5,13,train_impulse_activation_max_abs,0,1781080358250,0.0
learn,EOPKG-WI,EOPKGTopologyConditionedWI,8d2a911a18bb4d61a536433690b744f0,854778689611649472,_EOPKG_WI-UN-f1-5-13_loan_v1_v5_simulated_GATv2,_EOPKG_WI-UN-f1-5,13,train_impulse_activation_max_abs,0,1781080358250,0.0
learn,EOPKG-WI,EOPKGTopologyConditionedWI,8d2a911a18bb4d61a536433690b744f0,854778689611649472,_EOPKG_WI-UN-f1-5-13_loan_v1_v5_simulated_GATv2,_EOPKG_WI-UN-f1-5,13,train_impulse_activation_max_abs,0,1781080497469,0.0
learn,EOPKG-WI,EOPKGTopologyConditionedWI,8d2a911a18bb4d61a536433690b744f0,854778689611649472,_EOPKG_WI-UN-f1-5-13_loan_v1_v5_simulated_GATv2,_EOPKG_WI-UN-f1-5,13,train_impulse_activation_max_abs,0,1781080497469,0.0
learn,EOPKG-WI,EOPKGTopologyConditionedWI,8d2a911a18bb4d61a536433690b744f0,854778689611649472,_EOPKG_WI-UN-f1-5-13_loan_v1_v5_simulated_GATv2,_EOPKG_WI-UN-f1-5,13,train_impulse_activation_max_abs,0,1781080644845,0.0
learn,EOPKG-WI,EOPKGTopologyConditionedWI,8d2a911a18bb4d61a536433690b744f0,854778689611649472,_EOPKG_WI-UN-f1-5-13_loan_v1_v5_simulated_GATv2,_EOPKG_WI-UN-f1-5,13,train_impulse_activation_max_abs,0,1781080644845,0.0
learn,EOPKG-WI,EOPKGTopologyConditionedWI,8d2a911a18bb4d61a536433690b744f0,854778689611649472,_EOPKG_WI-UN-f1-5-13_loan_v1_v5_simulated_GATv2,_EOPKG_WI-UN-f1-5,13,train_impulse_activation_max_abs,0,1781080776807,0.0
learn,EOPKG-WI,EOPKGTopologyConditionedWI,8d2a911a18bb4d61a536433690b744f0,854778689611649472,_EOPKG_WI-UN-f1-5-13_loan_v1_v5_simulated_GATv2,_EOPKG_WI-UN-f1-5,13,train_impulse_activation_max_abs,0,1781080776807,0.0
learn,EOPKG-WI,EOPKGTopologyConditionedWI,8d2a911a18bb4d61a536433690b744f0,854778689611649472,_EOPKG_WI-UN-f1-5-13_loan_v1_v5_simulated_GATv2,_EOPKG_WI-UN-f1-5,13,train_impulse_activation_max_abs,0,1781080902568,0.0
learn,EOPKG-WI,EOPKGTopologyConditionedWI,8d2a911a18bb4d61a536433690b744f0,854778689611649472,_EOPKG_WI-UN-f1-5-13_loan_v1_v5_simulated_GATv2,_EOPKG_WI-UN-f1-5,13,train_impulse_activation_max_abs,0,1781080902568,0.0
learn,EOPKG-WI,EOPKGTopologyConditionedWI,8d2a911a18bb4d61a536433690b744f0,854778689611649472,_EOPKG_WI-UN-f1-5-13_loan_v1_v5_simulated_GATv2,_EOPKG_WI-UN-f1-5,13,train_impulse_activation_max_abs,0,1781081046167,0.0
learn,EOPKG-WI,EOPKGTopologyConditionedWI,8d2a911a18bb4d61a536433690b744f0,854778689611649472,_EOPKG_WI-UN-f1-5-13_loan_v1_v5_simulated_GATv2,_EOPKG_WI-UN-f1-5,13,train_impulse_activation_max_abs,0,1781081046167,0.0
learn,EOPKG-WI,EOPKGTopologyConditionedWI,8d2a911a18bb4d61a536433690b744f0,854778689611649472,_EOPKG_WI-UN-f1-5-13_loan_v1_v5_simulated_GATv2,_EOPKG_WI-UN-f1-5,13,train_impulse_activation_max_abs,0,1781081184750,0.0
learn,EOPKG-WI,EOPKGTopologyConditionedWI,8d2a911a18bb4d61a536433690b744f0,854778689611649472,_EOPKG_WI-UN-f1-5-13_loan_v1_v5_simulated_GATv2,_EOPKG_WI-UN-f1-5,13,train_impulse_activation_max_abs,0,1781081184750,0.0
learn,EOPKG-WI,EOPKGTopologyConditionedWI,8d2a911a18bb4d61a536433690b744f0,854778689611649472,_EOPKG_WI-UN-f1-5-13_loan_v1_v5_simulated_GATv2,_EOPKG_WI-UN-f1-5,13,train_impulse_activation_max_abs,0,1781081333318,0.0
learn,EOPKG-WI,EOPKGTopologyConditionedWI,8d2a911a18bb4d61a536433690b744f0,854778689611649472,_EOPKG_WI-UN-f1-5-13_loan_v1_v5_simulated_GATv2,_EOPKG_WI-UN-f1-5,13,train_impulse_activation_max_abs,0,1781081333318,0.0
learn,EOPKG-WI,EOPKGTopologyConditionedWI,8d2a911a18bb4d61a536433690b744f0,854778689611649472,_EOPKG_WI-UN-f1-5-13_loan_v1_v5_simulated_GATv2,_EOPKG_WI-UN-f1-5,13,train_impulse_activation_max_abs,0,1781081467195,0.0
learn,EOPKG-WI,EOPKGTopologyConditionedWI,8d2a911a18bb4d61a536433690b744f0,854778689611649472,_EOPKG_WI-UN-f1-5-13_loan_v1_v5_simulated_GATv2,_EOPKG_WI-UN-f1-5,13,train_impulse_activation_max_abs,0,1781081467195,0.0
learn,EOPKG-WI,EOPKGTopologyConditionedWI,8d2a911a18bb4d61a536433690b744f0,854778689611649472,_EOPKG_WI-UN-f1-5-13_loan_v1_v5_simulated_GATv2,_EOPKG_WI-UN-f1-5,13,train_impulse_activation_max_abs,0,1781081582939,0.0
learn,EOPKG-WI,EOPKGTopologyConditionedWI,8d2a911a18bb4d61a536433690b744f0,854778689611649472,_EOPKG_WI-UN-f1-5-13_loan_v1_v5_simulated_GATv2,_EOPKG_WI-UN-f1-5,13,train_impulse_activation_max_abs,0,1781081582939,0.0
learn,EOPKG-WI,EOPKGTopologyConditionedWI,8d2a911a18bb4d61a536433690b744f0,854778689611649472,_EOPKG_WI-UN-f1-5-13_loan_v1_v5_simulated_GATv2,_EOPKG_WI-UN-f1-5,13,train_impulse_activation_max_abs,0,1781081725541,0.0
learn,EOPKG-WI,EOPKGTopologyConditionedWI,8d2a911a18bb4d61a536433690b744f0,854778689611649472,_EOPKG_WI-UN-f1-5-13_loan_v1_v5_simulated_GATv2,_EOPKG_WI-UN-f1-5,13,train_impulse_activation_max_abs,0,1781081725541,0.0
learn,EOPKG-WI,EOPKGTopologyConditionedWI,8d2a911a18bb4d61a536433690b744f0,854778689611649472,_EOPKG_WI-UN-f1-5-13_loan_v1_v5_simulated_GATv2,_EOPKG_WI-UN-f1-5,13,train_impulse_activation_max_abs,0,1781081837688,0.0
learn,EOPKG-WI,EOPKGTopologyConditionedWI,8d2a911a18bb4d61a536433690b744f0,854778689611649472,_EOPKG_WI-UN-f1-5-13_loan_v1_v5_simulated_GATv2,_EOPKG_WI-UN-f1-5,13,train_impulse_activation_max_abs,0,1781081837688,0.0
learn,EOPKG-WI,EOPKGTopologyConditionedWI,8d2a911a18bb4d61a536433690b744f0,854778689611649472,_EOPKG_WI-UN-f1-5-13_loan_v1_v5_simulated_GATv2,_EOPKG_WI-UN-f1-5,13,train_impulse_activation_max_abs,0,1781081952328,0.0
learn,EOPKG-WI,EOPKGTopologyConditionedWI,8d2a911a18bb4d61a536433690b744f0,854778689611649472,_EOPKG_WI-UN-f1-5-13_loan_v1_v5_simulated_GATv2,_EOPKG_WI-UN-f1-5,13,train_impulse_activation_max_abs,0,1781081952328,0.0
learn,EOPKG-WI,EOPKGTopologyConditionedWI,8d2a911a18bb4d61a536433690b744f0,854778689611649472,_EOPKG_WI-UN-f1-5-13_loan_v1_v5_simulated_GATv2,_EOPKG_WI-UN-f1-5,13,train_impulse_activation_max_abs,0,1781082063626,0.0
learn,EOPKG-WI,EOPKGTopologyConditionedWI,8d2a911a18bb4d61a536433690b744f0,854778689611649472,_EOPKG_WI-UN-f1-5-13_loan_v1_v5_simulated_GATv2,_EOPKG_WI-UN-f1-5,13,train_impulse_activation_max_abs,0,1781082063626,0.0
learn,EOPKG-WI,EOPKGTopologyConditionedWI,8d2a911a18bb4d61a536433690b744f0,854778689611649472,_EOPKG_WI-UN-f1-5-13_loan_v1_v5_simulated_GATv2,_EOPKG_WI-UN-f1-5,13,train_impulse_activation_max_abs,0,1781082168766,0.0
learn,EOPKG-WI,EOPKGTopologyConditionedWI,8d2a911a18bb4d61a536433690b744f0,854778689611649472,_EOPKG_WI-UN-f1-5-13_loan_v1_v5_simulated_GATv2,_EOPKG_WI-UN-f1-5,13,train_impulse_activation_max_abs,0,1781082168766,0.0
learn,EOPKG-WI,EOPKGTopologyConditionedWI,8d2a911a18bb4d61a536433690b744f0,854778689611649472,_EOPKG_WI-UN-f1-5-13_loan_v1_v5_simulated_GATv2,_EOPKG_WI-UN-f1-5,13,train_impulse_activation_max_abs,0,1781082275263,0.0
learn,EOPKG-WI,EOPKGTopologyConditionedWI,8d2a911a18bb4d61a536433690b744f0,854778689611649472,_EOPKG_WI-UN-f1-5-13_loan_v1_v5_simulated_GATv2,_EOPKG_WI-UN-f1-5,13,train_impulse_activation_max_abs,0,1781082275263,0.0
learn,EOPKG-WI,EOPKGTopologyConditionedWI,8d2a911a18bb4d61a536433690b744f0,854778689611649472,_EOPKG_WI-UN-f1-5-13_loan_v1_v5_simulated_GATv2,_EOPKG_WI-UN-f1-5,13,train_impulse_activation_max_abs,0,1781082378281,0.0
learn,EOPKG-WI,EOPKGTopologyConditionedWI,8d2a911a18bb4d61a536433690b744f0,854778689611649472,_EOPKG_WI-UN-f1-5-13_loan_v1_v5_simulated_GATv2,_EOPKG_WI-UN-f1-5,13,train_impulse_activation_max_abs,0,1781082378281,0.0
learn,EOPKG-WI,EOPKGTopologyConditionedWI,8d2a911a18bb4d61a536433690b744f0,854778689611649472,_EOPKG_WI-UN-f1-5-13_loan_v1_v5_simulated_GATv2,_EOPKG_WI-UN-f1-5,13,train_impulse_activation_max_abs,0,1781082478788,0.0
learn,EOPKG-WI,EOPKGTopologyConditionedWI,8d2a911a18bb4d61a536433690b744f0,854778689611649472,_EOPKG_WI-UN-f1-5-13_loan_v1_v5_simulated_GATv2,_EOPKG_WI-UN-f1-5,13,train_impulse_activation_max_abs,0,1781082478788,0.0
learn,EOPKG-WI,EOPKGTopologyConditionedWI,8d2a911a18bb4d61a536433690b744f0,854778689611649472,_EOPKG_WI-UN-f1-5-13_loan_v1_v5_simulated_GATv2,_EOPKG_WI-UN-f1-5,13,train_impulse_activation_max_abs,0,1781082578631,0.0
learn,EOPKG-WI,EOPKGTopologyConditionedWI,8d2a911a18bb4d61a536433690b744f0,854778689611649472,_EOPKG_WI-UN-f1-5-13_loan_v1_v5_simulated_GATv2,_EOPKG_WI-UN-f1-5,13,train_impulse_activation_max_abs,0,1781082578631,0.0
learn,EOPKG-WI,EOPKGTopologyConditionedWI,8d2a911a18bb4d61a536433690b744f0,854778689611649472,_EOPKG_WI-UN-f1-5-13_loan_v1_v5_simulated_GATv2,_EOPKG_WI-UN-f1-5,13,train_impulse_activation_max_abs,0,1781082678221,0.0
learn,EOPKG-WI,EOPKGTopologyConditionedWI,8d2a911a18bb4d61a536433690b744f0,854778689611649472,_EOPKG_WI-UN-f1-5-13_loan_v1_v5_simulated_GATv2,_EOPKG_WI-UN-f1-5,13,train_impulse_activation_max_abs,0,1781082678221,0.0
learn,EOPKG-WI,EOPKGTopologyConditionedWI,8d2a911a18bb4d61a536433690b744f0,854778689611649472,_EOPKG_WI-UN-f1-5-13_loan_v1_v5_simulated_GATv2,_EOPKG_WI-UN-f1-5,13,train_impulse_activation_max_abs,0,1781082779720,0.0
learn,EOPKG-WI,EOPKGTopologyConditionedWI,8d2a911a18bb4d61a536433690b744f0,854778689611649472,_EOPKG_WI-UN-f1-5-13_loan_v1_v5_simulated_GATv2,_EOPKG_WI-UN-f1-5,13,train_impulse_activation_max_abs,0,1781082779720,0.0
learn,EOPKG-WI,EOPKGTopologyConditionedWI,8d2a911a18bb4d61a536433690b744f0,854778689611649472,_EOPKG_WI-UN-f1-5-13_loan_v1_v5_simulated_GATv2,_EOPKG_WI-UN-f1-5,13,train_impulse_activation_max_abs,0,1781082882439,0.0
learn,EOPKG-WI,EOPKGTopologyConditionedWI,8d2a911a18bb4d61a536433690b744f0,854778689611649472,_EOPKG_WI-UN-f1-5-13_loan_v1_v5_simulated_GATv2,_EOPKG_WI-UN-f1-5,13,train_impulse_activation_max_abs,0,1781082882439,0.0
learn,EOPKG-WI,EOPKGTopologyConditionedWI,8d2a911a18bb4d61a536433690b744f0,854778689611649472,_EOPKG_WI-UN-f1-5-13_loan_v1_v5_simulated_GATv2,_EOPKG_WI-UN-f1-5,13,train_impulse_activation_max_abs,0,1781082983432,0.0
learn,EOPKG-WI,EOPKGTopologyConditionedWI,8d2a911a18bb4d61a536433690b744f0,854778689611649472,_EOPKG_WI-UN-f1-5-13_loan_v1_v5_simulated_GATv2,_EOPKG_WI-UN-f1-5,13,train_impulse_activation_max_abs,0,1781082983432,0.0
learn,EOPKG-WI,EOPKGTopologyConditionedWI,8d2a911a18bb4d61a536433690b744f0,854778689611649472,_EOPKG_WI-UN-f1-5-13_loan_v1_v5_simulated_GATv2,_EOPKG_WI-UN-f1-5,13,train_impulse_activation_max_abs,0,1781083082636,0.0
learn,EOPKG-WI,EOPKGTopologyConditionedWI,8d2a911a18bb4d61a536433690b744f0,854778689611649472,_EOPKG_WI-UN-f1-5-13_loan_v1_v5_simulated_GATv2,_EOPKG_WI-UN-f1-5,13,train_impulse_activation_max_abs,0,1781083082636,0.0
learn,EOPKG-WI,EOPKGTopologyConditionedWI,8d2a911a18bb4d61a536433690b744f0,854778689611649472,_EOPKG_WI-UN-f1-5-13_loan_v1_v5_simulated_GATv2,_EOPKG_WI-UN-f1-5,13,train_impulse_activation_max_abs,0,1781083177838,0.0
learn,EOPKG-WI,EOPKGTopologyConditionedWI,8d2a911a18bb4d61a536433690b744f0,854778689611649472,_EOPKG_WI-UN-f1-5-13_loan_v1_v5_simulated_GATv2,_EOPKG_WI-UN-f1-5,13,train_impulse_activation_max_abs,0,1781083177838,0.0
learn,EOPKG-WI,EOPKGTopologyConditionedWI,8d2a911a18bb4d61a536433690b744f0,854778689611649472,_EOPKG_WI-UN-f1-5-13_loan_v1_v5_simulated_GATv2,_EOPKG_WI-UN-f1-5,13,train_impulse_activation_max_abs,0,1781083276066,0.0
learn,EOPKG-WI,EOPKGTopologyConditionedWI,8d2a911a18bb4d61a536433690b744f0,854778689611649472,_EOPKG_WI-UN-f1-5-13_loan_v1_v5_simulated_GATv2,_EOPKG_WI-UN-f1-5,13,train_impulse_activation_max_abs,0,1781083276066,0.0
learn,EOPKG-WI,EOPKGTopologyConditionedWI,8d2a911a18bb4d61a536433690b744f0,854778689611649472,_EOPKG_WI-UN-f1-5-13_loan_v1_v5_simulated_GATv2,_EOPKG_WI-UN-f1-5,13,train_impulse_activation_max_abs,0,1781083373803,0.0
learn,EOPKG-WI,EOPKGTopologyConditionedWI,8d2a911a18bb4d61a536433690b744f0,854778689611649472,_EOPKG_WI-UN-f1-5-13_loan_v1_v5_simulated_GATv2,_EOPKG_WI-UN-f1-5,13,train_impulse_activation_max_abs,0,1781083373803,0.0
learn,EOPKG-WI,EOPKGTopologyConditionedWI,8d2a911a18bb4d61a536433690b744f0,854778689611649472,_EOPKG_WI-UN-f1-5-13_loan_v1_v5_simulated_GATv2,_EOPKG_WI-UN-f1-5,13,train_impulse_activation_max_abs,0,1781083469873,0.0
learn,EOPKG-WI,EOPKGTopologyConditionedWI,8d2a911a18bb4d61a536433690b744f0,854778689611649472,_EOPKG_WI-UN-f1-5-13_loan_v1_v5_simulated_GATv2,_EOPKG_WI-UN-f1-5,13,train_impulse_activation_max_abs,0,1781083469873,0.0
learn,EOPKG-WI,EOPKGTopologyConditionedWI,8d2a911a18bb4d61a536433690b744f0,854778689611649472,_EOPKG_WI-UN-f1-5-13_loan_v1_v5_simulated_GATv2,_EOPKG_WI-UN-f1-5,13,train_impulse_activation_max_abs,0,1781083590120,0.0
learn,EOPKG-WI,EOPKGTopologyConditionedWI,8d2a911a18bb4d61a536433690b744f0,854778689611649472,_EOPKG_WI-UN-f1-5-13_loan_v1_v5_simulated_GATv2,_EOPKG_WI-UN-f1-5,13,train_impulse_activation_max_abs,0,1781083590120,0.0
learn,EOPKG-WI,EOPKGTopologyConditionedWI,8d2a911a18bb4d61a536433690b744f0,854778689611649472,_EOPKG_WI-UN-f1-5-13_loan_v1_v5_simulated_GATv2,_EOPKG_WI-UN-f1-5,13,train_impulse_activation_max_abs,0,1781083696569,0.0
learn,EOPKG-WI,EOPKGTopologyConditionedWI,8d2a911a18bb4d61a536433690b744f0,854778689611649472,_EOPKG_WI-UN-f1-5-13_loan_v1_v5_simulated_GATv2,_EOPKG_WI-UN-f1-5,13,train_impulse_activation_max_abs,0,1781083696569,0.0
learn,EOPKG-WI,EOPKGTopologyConditionedWI,8d2a911a18bb4d61a536433690b744f0,854778689611649472,_EOPKG_WI-UN-f1-5-13_loan_v1_v5_simulated_GATv2,_EOPKG_WI-UN-f1-5,13,train_impulse_activation_max_abs,0,1781083825797,0.0
learn,EOPKG-WI,EOPKGTopologyConditionedWI,8d2a911a18bb4d61a536433690b744f0,854778689611649472,_EOPKG_WI-UN-f1-5-13_loan_v1_v5_simulated_GATv2,_EOPKG_WI-UN-f1-5,13,train_impulse_activation_max_abs,0,1781083825797,0.0
learn,EOPKG-WI,EOPKGTopologyConditionedWI,8d2a911a18bb4d61a536433690b744f0,854778689611649472,_EOPKG_WI-UN-f1-5-13_loan_v1_v5_simulated_GATv2,_EOPKG_WI-UN-f1-5,13,train_impulse_activation_max_abs,0,1781083945457,0.0
learn,EOPKG-WI,EOPKGTopologyConditionedWI,8d2a911a18bb4d61a536433690b744f0,854778689611649472,_EOPKG_WI-UN-f1-5-13_loan_v1_v5_simulated_GATv2,_EOPKG_WI-UN-f1-5,13,train_impulse_activation_max_abs,0,1781083945457,0.0
learn,EOPKG-WI,EOPKGTopologyConditionedWI,8d2a911a18bb4d61a536433690b744f0,854778689611649472,_EOPKG_WI-UN-f1-5-13_loan_v1_v5_simulated_GATv2,_EOPKG_WI-UN-f1-5,13,train_impulse_activation_max_abs,0,1781084069089,0.0
learn,EOPKG-WI,EOPKGTopologyConditionedWI,8d2a911a18bb4d61a536433690b744f0,854778689611649472,_EOPKG_WI-UN-f1-5-13_loan_v1_v5_simulated_GATv2,_EOPKG_WI-UN-f1-5,13,train_impulse_activation_max_abs,0,1781084069089,0.0
learn,EOPKG-WI,EOPKGTopologyConditionedWI,8d2a911a18bb4d61a536433690b744f0,854778689611649472,_EOPKG_WI-UN-f1-5-13_loan_v1_v5_simulated_GATv2,_EOPKG_WI-UN-f1-5,13,train_impulse_activation_max_abs,0,1781084187769,0.0
learn,EOPKG-WI,EOPKGTopologyConditionedWI,8d2a911a18bb4d61a536433690b744f0,854778689611649472,_EOPKG_WI-UN-f1-5-13_loan_v1_v5_simulated_GATv2,_EOPKG_WI-UN-f1-5,13,train_impulse_activation_max_abs,0,1781084187769,0.0
learn,EOPKG-WI,EOPKGTopologyConditionedWI,a6f92d038fdd4015af0c2ca3d4d657de,854778689611649472,_EOPKG_WI-UN-f1-5-99_loan_v1_v5_simulated_GATv2,_EOPKG_WI-UN-f1-5,99,train_impulse_activation_max_abs,0,1781524510128,0.0
learn,EOPKG-WI,EOPKGTopologyConditionedWI,a6f92d038fdd4015af0c2ca3d4d657de,854778689611649472,_EOPKG_WI-UN-f1-5-99_loan_v1_v5_simulated_GATv2,_EOPKG_WI-UN-f1-5,99,train_impulse_activation_max_abs,0,1781524510128,0.0
learn,EOPKG-WI,EOPKGTopologyConditionedWI,a6f92d038fdd4015af0c2ca3d4d657de,854778689611649472,_EOPKG_WI-UN-f1-5-99_loan_v1_v5_simulated_GATv2,_EOPKG_WI-UN-f1-5,99,train_impulse_activation_max_abs,0,1781524664682,0.0
learn,EOPKG-WI,EOPKGTopologyConditionedWI,a6f92d038fdd4015af0c2ca3d4d657de,854778689611649472,_EOPKG_WI-UN-f1-5-99_loan_v1_v5_simulated_GATv2,_EOPKG_WI-UN-f1-5,99,train_impulse_activation_max_abs,0,1781524664682,0.0
learn,EOPKG-WI,EOPKGTopologyConditionedWI,a6f92d038fdd4015af0c2ca3d4d657de,854778689611649472,_EOPKG_WI-UN-f1-5-99_loan_v1_v5_simulated_GATv2,_EOPKG_WI-UN-f1-5,99,train_impulse_activation_max_abs,0,1781524796455,0.0
learn,EOPKG-WI,EOPKGTopologyConditionedWI,a6f92d038fdd4015af0c2ca3d4d657de,854778689611649472,_EOPKG_WI-UN-f1-5-99_loan_v1_v5_simulated_GATv2,_EOPKG_WI-UN-f1-5,99,train_impulse_activation_max_abs,0,1781524796455,0.0
learn,EOPKG-WI,EOPKGTopologyConditionedWI,a6f92d038fdd4015af0c2ca3d4d657de,854778689611649472,_EOPKG_WI-UN-f1-5-99_loan_v1_v5_simulated_GATv2,_EOPKG_WI-UN-f1-5,99,train_impulse_activation_max_abs,0,1781524937540,0.0
learn,EOPKG-WI,EOPKGTopologyConditionedWI,a6f92d038fdd4015af0c2ca3d4d657de,854778689611649472,_EOPKG_WI-UN-f1-5-99_loan_v1_v5_simulated_GATv2,_EOPKG_WI-UN-f1-5,99,train_impulse_activation_max_abs,0,1781524937540,0.0
learn,EOPKG-WI,EOPKGTopologyConditionedWI,a6f92d038fdd4015af0c2ca3d4d657de,854778689611649472,_EOPKG_WI-UN-f1-5-99_loan_v1_v5_simulated_GATv2,_EOPKG_WI-UN-f1-5,99,train_impulse_activation_max_abs,0,1781525076984,0.0
learn,EOPKG-WI,EOPKGTopologyConditionedWI,a6f92d038fdd4015af0c2ca3d4d657de,854778689611649472,_EOPKG_WI-UN-f1-5-99_loan_v1_v5_simulated_GATv2,_EOPKG_WI-UN-f1-5,99,train_impulse_activation_max_abs,0,1781525076984,0.0
learn,EOPKG-WI,EOPKGTopologyConditionedWI,a6f92d038fdd4015af0c2ca3d4d657de,854778689611649472,_EOPKG_WI-UN-f1-5-99_loan_v1_v5_simulated_GATv2,_EOPKG_WI-UN-f1-5,99,train_impulse_activation_max_abs,0,1781525207875,0.0
learn,EOPKG-WI,EOPKGTopologyConditionedWI,a6f92d038fdd4015af0c2ca3d4d657de,854778689611649472,_EOPKG_WI-UN-f1-5-99_loan_v1_v5_simulated_GATv2,_EOPKG_WI-UN-f1-5,99,train_impulse_activation_max_abs,0,1781525207875,0.0
learn,EOPKG-WI,EOPKGTopologyConditionedWI,a6f92d038fdd4015af0c2ca3d4d657de,854778689611649472,_EOPKG_WI-UN-f1-5-99_loan_v1_v5_simulated_GATv2,_EOPKG_WI-UN-f1-5,99,train_impulse_activation_max_abs,0,1781525379744,0.0
learn,EOPKG-WI,EOPKGTopologyConditionedWI,a6f92d038fdd4015af0c2ca3d4d657de,854778689611649472,_EOPKG_WI-UN-f1-5-99_loan_v1_v5_simulated_GATv2,_EOPKG_WI-UN-f1-5,99,train_impulse_activation_max_abs,0,1781525379744,0.0
learn,EOPKG-WI,EOPKGTopologyConditionedWI,a6f92d038fdd4015af0c2ca3d4d657de,854778689611649472,_EOPKG_WI-UN-f1-5-99_loan_v1_v5_simulated_GATv2,_EOPKG_WI-UN-f1-5,99,train_impulse_activation_max_abs,0,1781525777655,0.0
learn,EOPKG-WI,EOPKGTopologyConditionedWI,a6f92d038fdd4015af0c2ca3d4d657de,854778689611649472,_EOPKG_WI-UN-f1-5-99_loan_v1_v5_simulated_GATv2,_EOPKG_WI-UN-f1-5,99,train_impulse_activation_max_abs,0,1781525777655,0.0
learn,EOPKG-WI,EOPKGTopologyConditionedWI,a6f92d038fdd4015af0c2ca3d4d657de,854778689611649472,_EOPKG_WI-UN-f1-5-99_loan_v1_v5_simulated_GATv2,_EOPKG_WI-UN-f1-5,99,train_impulse_activation_max_abs,0,1781526075346,0.0
learn,EOPKG-WI,EOPKGTopologyConditionedWI,a6f92d038fdd4015af0c2ca3d4d657de,854778689611649472,_EOPKG_WI-UN-f1-5-99_loan_v1_v5_simulated_GATv2,_EOPKG_WI-UN-f1-5,99,train_impulse_activation_max_abs,0,1781526075346,0.0
learn,EOPKG-WI,EOPKGTopologyConditionedWI,a6f92d038fdd4015af0c2ca3d4d657de,854778689611649472,_EOPKG_WI-UN-f1-5-99_loan_v1_v5_simulated_GATv2,_EOPKG_WI-UN-f1-5,99,train_impulse_activation_max_abs,0,1781526300556,0.0
learn,EOPKG-WI,EOPKGTopologyConditionedWI,a6f92d038fdd4015af0c2ca3d4d657de,854778689611649472,_EOPKG_WI-UN-f1-5-99_loan_v1_v5_simulated_GATv2,_EOPKG_WI-UN-f1-5,99,train_impulse_activation_max_abs,0,1781526300556,0.0
learn,EOPKG-WI,EOPKGTopologyConditionedWI,a6f92d038fdd4015af0c2ca3d4d657de,854778689611649472,_EOPKG_WI-UN-f1-5-99_loan_v1_v5_simulated_GATv2,_EOPKG_WI-UN-f1-5,99,train_impulse_activation_max_abs,0,1781526644078,0.0
learn,EOPKG-WI,EOPKGTopologyConditionedWI,a6f92d038fdd4015af0c2ca3d4d657de,854778689611649472,_EOPKG_WI-UN-f1-5-99_loan_v1_v5_simulated_GATv2,_EOPKG_WI-UN-f1-5,99,train_impulse_activation_max_abs,0,1781526644078,0.0
learn,EOPKG-WI,EOPKGTopologyConditionedWI,a6f92d038fdd4015af0c2ca3d4d657de,854778689611649472,_EOPKG_WI-UN-f1-5-99_loan_v1_v5_simulated_GATv2,_EOPKG_WI-UN-f1-5,99,train_impulse_activation_max_abs,0,1781526908907,0.0
learn,EOPKG-WI,EOPKGTopologyConditionedWI,a6f92d038fdd4015af0c2ca3d4d657de,854778689611649472,_EOPKG_WI-UN-f1-5-99_loan_v1_v5_simulated_GATv2,_EOPKG_WI-UN-f1-5,99,train_impulse_activation_max_abs,0,1781526908907,0.0
learn,EOPKG-WI,EOPKGTopologyConditionedWI,a6f92d038fdd4015af0c2ca3d4d657de,854778689611649472,_EOPKG_WI-UN-f1-5-99_loan_v1_v5_simulated_GATv2,_EOPKG_WI-UN-f1-5,99,train_impulse_activation_max_abs,0,1781527238785,0.0
learn,EOPKG-WI,EOPKGTopologyConditionedWI,a6f92d038fdd4015af0c2ca3d4d657de,854778689611649472,_EOPKG_WI-UN-f1-5-99_loan_v1_v5_simulated_GATv2,_EOPKG_WI-UN-f1-5,99,train_impulse_activation_max_abs,0,1781527238785,0.0
learn,EOPKG-WI,EOPKGTopologyConditionedWI,a6f92d038fdd4015af0c2ca3d4d657de,854778689611649472,_EOPKG_WI-UN-f1-5-99_loan_v1_v5_simulated_GATv2,_EOPKG_WI-UN-f1-5,99,train_impulse_activation_max_abs,0,1781527426788,0.0
learn,EOPKG-WI,EOPKGTopologyConditionedWI,a6f92d038fdd4015af0c2ca3d4d657de,854778689611649472,_EOPKG_WI-UN-f1-5-99_loan_v1_v5_simulated_GATv2,_EOPKG_WI-UN-f1-5,99,train_impulse_activation_max_abs,0,1781527426788,0.0
learn,EOPKG-WI,EOPKGTopologyConditionedWI,a6f92d038fdd4015af0c2ca3d4d657de,854778689611649472,_EOPKG_WI-UN-f1-5-99_loan_v1_v5_simulated_GATv2,_EOPKG_WI-UN-f1-5,99,train_impulse_activation_max_abs,0,1781527584730,0.0
learn,EOPKG-WI,EOPKGTopologyConditionedWI,a6f92d038fdd4015af0c2ca3d4d657de,854778689611649472,_EOPKG_WI-UN-f1-5-99_loan_v1_v5_simulated_GATv2,_EOPKG_WI-UN-f1-5,99,train_impulse_activation_max_abs,0,1781527584730,0.0
learn,EOPKG-WI,EOPKGTopologyConditionedWI,a6f92d038fdd4015af0c2ca3d4d657de,854778689611649472,_EOPKG_WI-UN-f1-5-99_loan_v1_v5_simulated_GATv2,_EOPKG_WI-UN-f1-5,99,train_impulse_activation_max_abs,0,1781527735526,0.0
learn,EOPKG-WI,EOPKGTopologyConditionedWI,a6f92d038fdd4015af0c2ca3d4d657de,854778689611649472,_EOPKG_WI-UN-f1-5-99_loan_v1_v5_simulated_GATv2,_EOPKG_WI-UN-f1-5,99,train_impulse_activation_max_abs,0,1781527735526,0.0
learn,EOPKG-WI,EOPKGTopologyConditionedWI,a6f92d038fdd4015af0c2ca3d4d657de,854778689611649472,_EOPKG_WI-UN-f1-5-99_loan_v1_v5_simulated_GATv2,_EOPKG_WI-UN-f1-5,99,train_impulse_activation_max_abs,0,1781527856211,0.0
learn,EOPKG-WI,EOPKGTopologyConditionedWI,a6f92d038fdd4015af0c2ca3d4d657de,854778689611649472,_EOPKG_WI-UN-f1-5-99_loan_v1_v5_simulated_GATv2,_EOPKG_WI-UN-f1-5,99,train_impulse_activation_max_abs,0,1781527856211,0.0
learn,EOPKG-WI,EOPKGTopologyConditionedWI,a6f92d038fdd4015af0c2ca3d4d657de,854778689611649472,_EOPKG_WI-UN-f1-5-99_loan_v1_v5_simulated_GATv2,_EOPKG_WI-UN-f1-5,99,train_impulse_activation_max_abs,0,1781527981425,0.0
learn,EOPKG-WI,EOPKGTopologyConditionedWI,a6f92d038fdd4015af0c2ca3d4d657de,854778689611649472,_EOPKG_WI-UN-f1-5-99_loan_v1_v5_simulated_GATv2,_EOPKG_WI-UN-f1-5,99,train_impulse_activation_max_abs,0,1781527981425,0.0
learn,EOPKG-WI,EOPKGTopologyConditionedWI,a6f92d038fdd4015af0c2ca3d4d657de,854778689611649472,_EOPKG_WI-UN-f1-5-99_loan_v1_v5_simulated_GATv2,_EOPKG_WI-UN-f1-5,99,train_impulse_activation_max_abs,0,1781528104261,0.0
learn,EOPKG-WI,EOPKGTopologyConditionedWI,a6f92d038fdd4015af0c2ca3d4d657de,854778689611649472,_EOPKG_WI-UN-f1-5-99_loan_v1_v5_simulated_GATv2,_EOPKG_WI-UN-f1-5,99,train_impulse_activation_max_abs,0,1781528104261,0.0
learn,EOPKG-WI,EOPKGTopologyConditionedWI,a6f92d038fdd4015af0c2ca3d4d657de,854778689611649472,_EOPKG_WI-UN-f1-5-99_loan_v1_v5_simulated_GATv2,_EOPKG_WI-UN-f1-5,99,train_impulse_activation_max_abs,0,1781528226031,0.0
learn,EOPKG-WI,EOPKGTopologyConditionedWI,a6f92d038fdd4015af0c2ca3d4d657de,854778689611649472,_EOPKG_WI-UN-f1-5-99_loan_v1_v5_simulated_GATv2,_EOPKG_WI-UN-f1-5,99,train_impulse_activation_max_abs,0,1781528226031,0.0
learn,EOPKG-WI,EOPKGTopologyConditionedWI,a6f92d038fdd4015af0c2ca3d4d657de,854778689611649472,_EOPKG_WI-UN-f1-5-99_loan_v1_v5_simulated_GATv2,_EOPKG_WI-UN-f1-5,99,train_impulse_activation_max_abs,0,1781528340962,0.0
learn,EOPKG-WI,EOPKGTopologyConditionedWI,a6f92d038fdd4015af0c2ca3d4d657de,854778689611649472,_EOPKG_WI-UN-f1-5-99_loan_v1_v5_simulated_GATv2,_EOPKG_WI-UN-f1-5,99,train_impulse_activation_max_abs,0,1781528340962,0.0
learn,EOPKG-WI,EOPKGTopologyConditionedWI,a6f92d038fdd4015af0c2ca3d4d657de,854778689611649472,_EOPKG_WI-UN-f1-5-99_loan_v1_v5_simulated_GATv2,_EOPKG_WI-UN-f1-5,99,train_impulse_activation_max_abs,0,1781528483440,0.0
learn,EOPKG-WI,EOPKGTopologyConditionedWI,a6f92d038fdd4015af0c2ca3d4d657de,854778689611649472,_EOPKG_WI-UN-f1-5-99_loan_v1_v5_simulated_GATv2,_EOPKG_WI-UN-f1-5,99,train_impulse_activation_max_abs,0,1781528483440,0.0
learn,EOPKG-WI,EOPKGTopologyConditionedWI,a6f92d038fdd4015af0c2ca3d4d657de,854778689611649472,_EOPKG_WI-UN-f1-5-99_loan_v1_v5_simulated_GATv2,_EOPKG_WI-UN-f1-5,99,train_impulse_activation_max_abs,0,1781528791037,0.0
learn,EOPKG-WI,EOPKGTopologyConditionedWI,a6f92d038fdd4015af0c2ca3d4d657de,854778689611649472,_EOPKG_WI-UN-f1-5-99_loan_v1_v5_simulated_GATv2,_EOPKG_WI-UN-f1-5,99,train_impulse_activation_max_abs,0,1781528791037,0.0
learn,EOPKG-WI,EOPKGTopologyConditionedWI,a6f92d038fdd4015af0c2ca3d4d657de,854778689611649472,_EOPKG_WI-UN-f1-5-99_loan_v1_v5_simulated_GATv2,_EOPKG_WI-UN-f1-5,99,train_impulse_activation_max_abs,0,1781528974150,0.0
learn,EOPKG-WI,EOPKGTopologyConditionedWI,a6f92d038fdd4015af0c2ca3d4d657de,854778689611649472,_EOPKG_WI-UN-f1-5-99_loan_v1_v5_simulated_GATv2,_EOPKG_WI-UN-f1-5,99,train_impulse_activation_max_abs,0,1781528974150,0.0
learn,EOPKG-WI,EOPKGTopologyConditionedWI,a6f92d038fdd4015af0c2ca3d4d657de,854778689611649472,_EOPKG_WI-UN-f1-5-99_loan_v1_v5_simulated_GATv2,_EOPKG_WI-UN-f1-5,99,train_impulse_activation_max_abs,0,1781529154456,0.0
learn,EOPKG-WI,EOPKGTopologyConditionedWI,a6f92d038fdd4015af0c2ca3d4d657de,854778689611649472,_EOPKG_WI-UN-f1-5-99_loan_v1_v5_simulated_GATv2,_EOPKG_WI-UN-f1-5,99,train_impulse_activation_max_abs,0,1781529154456,0.0
learn,EOPKG-WI,EOPKGTopologyConditionedWI,a6f92d038fdd4015af0c2ca3d4d657de,854778689611649472,_EOPKG_WI-UN-f1-5-99_loan_v1_v5_simulated_GATv2,_EOPKG_WI-UN-f1-5,99,train_impulse_activation_max_abs,0,1781529331757,0.0
learn,EOPKG-WI,EOPKGTopologyConditionedWI,a6f92d038fdd4015af0c2ca3d4d657de,854778689611649472,_EOPKG_WI-UN-f1-5-99_loan_v1_v5_simulated_GATv2,_EOPKG_WI-UN-f1-5,99,train_impulse_activation_max_abs,0,1781529331757,0.0
learn,EOPKG-WI,EOPKGTopologyConditionedWI,a6f92d038fdd4015af0c2ca3d4d657de,854778689611649472,_EOPKG_WI-UN-f1-5-99_loan_v1_v5_simulated_GATv2,_EOPKG_WI-UN-f1-5,99,train_impulse_activation_max_abs,0,1781529485648,0.0
learn,EOPKG-WI,EOPKGTopologyConditionedWI,a6f92d038fdd4015af0c2ca3d4d657de,854778689611649472,_EOPKG_WI-UN-f1-5-99_loan_v1_v5_simulated_GATv2,_EOPKG_WI-UN-f1-5,99,train_impulse_activation_max_abs,0,1781529485648,0.0
learn,EOPKG-WI,EOPKGTopologyConditionedWI,a6f92d038fdd4015af0c2ca3d4d657de,854778689611649472,_EOPKG_WI-UN-f1-5-99_loan_v1_v5_simulated_GATv2,_EOPKG_WI-UN-f1-5,99,train_impulse_activation_max_abs,0,1781529598398,0.0
learn,EOPKG-WI,EOPKGTopologyConditionedWI,a6f92d038fdd4015af0c2ca3d4d657de,854778689611649472,_EOPKG_WI-UN-f1-5-99_loan_v1_v5_simulated_GATv2,_EOPKG_WI-UN-f1-5,99,train_impulse_activation_max_abs,0,1781529598398,0.0
learn,EOPKG-WI,EOPKGTopologyConditionedWI,a6f92d038fdd4015af0c2ca3d4d657de,854778689611649472,_EOPKG_WI-UN-f1-5-99_loan_v1_v5_simulated_GATv2,_EOPKG_WI-UN-f1-5,99,train_impulse_activation_max_abs,0,1781529712882,0.0
learn,EOPKG-WI,EOPKGTopologyConditionedWI,a6f92d038fdd4015af0c2ca3d4d657de,854778689611649472,_EOPKG_WI-UN-f1-5-99_loan_v1_v5_simulated_GATv2,_EOPKG_WI-UN-f1-5,99,train_impulse_activation_max_abs,0,1781529712882,0.0
learn,EOPKG-WI,EOPKGTopologyConditionedWI,a6f92d038fdd4015af0c2ca3d4d657de,854778689611649472,_EOPKG_WI-UN-f1-5-99_loan_v1_v5_simulated_GATv2,_EOPKG_WI-UN-f1-5,99,train_impulse_activation_max_abs,0,1781529838499,0.0
learn,EOPKG-WI,EOPKGTopologyConditionedWI,a6f92d038fdd4015af0c2ca3d4d657de,854778689611649472,_EOPKG_WI-UN-f1-5-99_loan_v1_v5_simulated_GATv2,_EOPKG_WI-UN-f1-5,99,train_impulse_activation_max_abs,0,1781529838499,0.0
learn,EOPKG-WI,EOPKGTopologyConditionedWI,a6f92d038fdd4015af0c2ca3d4d657de,854778689611649472,_EOPKG_WI-UN-f1-5-99_loan_v1_v5_simulated_GATv2,_EOPKG_WI-UN-f1-5,99,train_impulse_activation_max_abs,0,1781529959315,0.0
learn,EOPKG-WI,EOPKGTopologyConditionedWI,a6f92d038fdd4015af0c2ca3d4d657de,854778689611649472,_EOPKG_WI-UN-f1-5-99_loan_v1_v5_simulated_GATv2,_EOPKG_WI-UN-f1-5,99,train_impulse_activation_max_abs,0,1781529959315,0.0
learn,EOPKG-WI,EOPKGTopologyConditionedWI,a6f92d038fdd4015af0c2ca3d4d657de,854778689611649472,_EOPKG_WI-UN-f1-5-99_loan_v1_v5_simulated_GATv2,_EOPKG_WI-UN-f1-5,99,train_impulse_activation_max_abs,0,1781530075444,0.0
learn,EOPKG-WI,EOPKGTopologyConditionedWI,a6f92d038fdd4015af0c2ca3d4d657de,854778689611649472,_EOPKG_WI-UN-f1-5-99_loan_v1_v5_simulated_GATv2,_EOPKG_WI-UN-f1-5,99,train_impulse_activation_max_abs,0,1781530075444,0.0
learn,EOPKG-WI,EOPKGTopologyConditionedWI,a6f92d038fdd4015af0c2ca3d4d657de,854778689611649472,_EOPKG_WI-UN-f1-5-99_loan_v1_v5_simulated_GATv2,_EOPKG_WI-UN-f1-5,99,train_impulse_activation_max_abs,0,1781530227028,0.0
learn,EOPKG-WI,EOPKGTopologyConditionedWI,a6f92d038fdd4015af0c2ca3d4d657de,854778689611649472,_EOPKG_WI-UN-f1-5-99_loan_v1_v5_simulated_GATv2,_EOPKG_WI-UN-f1-5,99,train_impulse_activation_max_abs,0,1781530227028,0.0
learn,EOPKG-WI,EOPKGTopologyConditionedWI,a6f92d038fdd4015af0c2ca3d4d657de,854778689611649472,_EOPKG_WI-UN-f1-5-99_loan_v1_v5_simulated_GATv2,_EOPKG_WI-UN-f1-5,99,train_impulse_activation_max_abs,0,1781530444731,0.0
learn,EOPKG-WI,EOPKGTopologyConditionedWI,a6f92d038fdd4015af0c2ca3d4d657de,854778689611649472,_EOPKG_WI-UN-f1-5-99_loan_v1_v5_simulated_GATv2,_EOPKG_WI-UN-f1-5,99,train_impulse_activation_max_abs,0,1781530444731,0.0
learn,EOPKG-WI,EOPKGTopologyConditionedWI,a6f92d038fdd4015af0c2ca3d4d657de,854778689611649472,_EOPKG_WI-UN-f1-5-99_loan_v1_v5_simulated_GATv2,_EOPKG_WI-UN-f1-5,99,train_impulse_activation_max_abs,0,1781530722245,0.0
learn,EOPKG-WI,EOPKGTopologyConditionedWI,a6f92d038fdd4015af0c2ca3d4d657de,854778689611649472,_EOPKG_WI-UN-f1-5-99_loan_v1_v5_simulated_GATv2,_EOPKG_WI-UN-f1-5,99,train_impulse_activation_max_abs,0,1781530722245,0.0
learn,EOPKG-WI,EOPKGTopologyConditionedWI,a6f92d038fdd4015af0c2ca3d4d657de,854778689611649472,_EOPKG_WI-UN-f1-5-99_loan_v1_v5_simulated_GATv2,_EOPKG_WI-UN-f1-5,99,train_impulse_activation_max_abs,0,1781531034644,0.0
learn,EOPKG-WI,EOPKGTopologyConditionedWI,a6f92d038fdd4015af0c2ca3d4d657de,854778689611649472,_EOPKG_WI-UN-f1-5-99_loan_v1_v5_simulated_GATv2,_EOPKG_WI-UN-f1-5,99,train_impulse_activation_max_abs,0,1781531034644,0.0
learn,EOPKG-WI,EOPKGTopologyConditionedWI,a6f92d038fdd4015af0c2ca3d4d657de,854778689611649472,_EOPKG_WI-UN-f1-5-99_loan_v1_v5_simulated_GATv2,_EOPKG_WI-UN-f1-5,99,train_impulse_activation_max_abs,0,1781531149856,0.0
learn,EOPKG-WI,EOPKGTopologyConditionedWI,a6f92d038fdd4015af0c2ca3d4d657de,854778689611649472,_EOPKG_WI-UN-f1-5-99_loan_v1_v5_simulated_GATv2,_EOPKG_WI-UN-f1-5,99,train_impulse_activation_max_abs,0,1781531149856,0.0
learn,EOPKG-WI,EOPKGTopologyConditionedWI,a6f92d038fdd4015af0c2ca3d4d657de,854778689611649472,_EOPKG_WI-UN-f1-5-99_loan_v1_v5_simulated_GATv2,_EOPKG_WI-UN-f1-5,99,train_impulse_activation_max_abs,0,1781531261124,0.0
learn,EOPKG-WI,EOPKGTopologyConditionedWI,a6f92d038fdd4015af0c2ca3d4d657de,854778689611649472,_EOPKG_WI-UN-f1-5-99_loan_v1_v5_simulated_GATv2,_EOPKG_WI-UN-f1-5,99,train_impulse_activation_max_abs,0,1781531261124,0.0
learn,EOPKG-WI,EOPKGTopologyConditionedWI,a6f92d038fdd4015af0c2ca3d4d657de,854778689611649472,_EOPKG_WI-UN-f1-5-99_loan_v1_v5_simulated_GATv2,_EOPKG_WI-UN-f1-5,99,train_impulse_activation_max_abs,0,1781531374947,0.0
learn,EOPKG-WI,EOPKGTopologyConditionedWI,a6f92d038fdd4015af0c2ca3d4d657de,854778689611649472,_EOPKG_WI-UN-f1-5-99_loan_v1_v5_simulated_GATv2,_EOPKG_WI-UN-f1-5,99,train_impulse_activation_max_abs,0,1781531374947,0.0
learn,EOPKG-WI,EOPKGTopologyConditionedWI,a6f92d038fdd4015af0c2ca3d4d657de,854778689611649472,_EOPKG_WI-UN-f1-5-99_loan_v1_v5_simulated_GATv2,_EOPKG_WI-UN-f1-5,99,train_impulse_activation_max_abs,0,1781531485904,0.0
learn,EOPKG-WI,EOPKGTopologyConditionedWI,a6f92d038fdd4015af0c2ca3d4d657de,854778689611649472,_EOPKG_WI-UN-f1-5-99_loan_v1_v5_simulated_GATv2,_EOPKG_WI-UN-f1-5,99,train_impulse_activation_max_abs,0,1781531485904,0.0
learn,EOPKG-WI,EOPKGTopologyConditionedWI,a6f92d038fdd4015af0c2ca3d4d657de,854778689611649472,_EOPKG_WI-UN-f1-5-99_loan_v1_v5_simulated_GATv2,_EOPKG_WI-UN-f1-5,99,train_impulse_activation_max_abs,0,1781531594857,0.0
learn,EOPKG-WI,EOPKGTopologyConditionedWI,a6f92d038fdd4015af0c2ca3d4d657de,854778689611649472,_EOPKG_WI-UN-f1-5-99_loan_v1_v5_simulated_GATv2,_EOPKG_WI-UN-f1-5,99,train_impulse_activation_max_abs,0,1781531594857,0.0
learn,EOPKG-WI,EOPKGTopologyConditionedWI,a6f92d038fdd4015af0c2ca3d4d657de,854778689611649472,_EOPKG_WI-UN-f1-5-99_loan_v1_v5_simulated_GATv2,_EOPKG_WI-UN-f1-5,99,train_impulse_activation_max_abs,0,1781531703423,0.0
learn,EOPKG-WI,EOPKGTopologyConditionedWI,a6f92d038fdd4015af0c2ca3d4d657de,854778689611649472,_EOPKG_WI-UN-f1-5-99_loan_v1_v5_simulated_GATv2,_EOPKG_WI-UN-f1-5,99,train_impulse_activation_max_abs,0,1781531703423,0.0
learn,EOPKG-WI,EOPKGTopologyConditionedWI,a6f92d038fdd4015af0c2ca3d4d657de,854778689611649472,_EOPKG_WI-UN-f1-5-99_loan_v1_v5_simulated_GATv2,_EOPKG_WI-UN-f1-5,99,train_impulse_activation_max_abs,0,1781531811819,0.0
learn,EOPKG-WI,EOPKGTopologyConditionedWI,a6f92d038fdd4015af0c2ca3d4d657de,854778689611649472,_EOPKG_WI-UN-f1-5-99_loan_v1_v5_simulated_GATv2,_EOPKG_WI-UN-f1-5,99,train_impulse_activation_max_abs,0,1781531811819,0.0
learn,EOPKG-WI,EOPKGTopologyConditionedWI,a6f92d038fdd4015af0c2ca3d4d657de,854778689611649472,_EOPKG_WI-UN-f1-5-99_loan_v1_v5_simulated_GATv2,_EOPKG_WI-UN-f1-5,99,train_impulse_activation_max_abs,0,1781531921130,0.0
learn,EOPKG-WI,EOPKGTopologyConditionedWI,a6f92d038fdd4015af0c2ca3d4d657de,854778689611649472,_EOPKG_WI-UN-f1-5-99_loan_v1_v5_simulated_GATv2,_EOPKG_WI-UN-f1-5,99,train_impulse_activation_max_abs,0,1781531921130,0.0
learn,EOPKG-WI,EOPKGTopologyConditionedWI,a6f92d038fdd4015af0c2ca3d4d657de,854778689611649472,_EOPKG_WI-UN-f1-5-99_loan_v1_v5_simulated_GATv2,_EOPKG_WI-UN-f1-5,99,train_impulse_activation_max_abs,0,1781532028909,0.0
learn,EOPKG-WI,EOPKGTopologyConditionedWI,a6f92d038fdd4015af0c2ca3d4d657de,854778689611649472,_EOPKG_WI-UN-f1-5-99_loan_v1_v5_simulated_GATv2,_EOPKG_WI-UN-f1-5,99,train_impulse_activation_max_abs,0,1781532028909,0.0
learn,EOPKG-WI,EOPKGTopologyConditionedWI,a6f92d038fdd4015af0c2ca3d4d657de,854778689611649472,_EOPKG_WI-UN-f1-5-99_loan_v1_v5_simulated_GATv2,_EOPKG_WI-UN-f1-5,99,train_impulse_activation_max_abs,0,1781532136791,0.0
learn,EOPKG-WI,EOPKGTopologyConditionedWI,a6f92d038fdd4015af0c2ca3d4d657de,854778689611649472,_EOPKG_WI-UN-f1-5-99_loan_v1_v5_simulated_GATv2,_EOPKG_WI-UN-f1-5,99,train_impulse_activation_max_abs,0,1781532136791,0.0
learn,EOPKG-WI,EOPKGTopologyConditionedWI,a6f92d038fdd4015af0c2ca3d4d657de,854778689611649472,_EOPKG_WI-UN-f1-5-99_loan_v1_v5_simulated_GATv2,_EOPKG_WI-UN-f1-5,99,train_impulse_activation_max_abs,0,1781532245676,0.0
learn,EOPKG-WI,EOPKGTopologyConditionedWI,a6f92d038fdd4015af0c2ca3d4d657de,854778689611649472,_EOPKG_WI-UN-f1-5-99_loan_v1_v5_simulated_GATv2,_EOPKG_WI-UN-f1-5,99,train_impulse_activation_max_abs,0,1781532245676,0.0
learn,EOPKG-WI,EOPKGTopologyConditionedWI,a6f92d038fdd4015af0c2ca3d4d657de,854778689611649472,_EOPKG_WI-UN-f1-5-99_loan_v1_v5_simulated_GATv2,_EOPKG_WI-UN-f1-5,99,train_impulse_activation_max_abs,0,1781532359238,0.0
learn,EOPKG-WI,EOPKGTopologyConditionedWI,a6f92d038fdd4015af0c2ca3d4d657de,854778689611649472,_EOPKG_WI-UN-f1-5-99_loan_v1_v5_simulated_GATv2,_EOPKG_WI-UN-f1-5,99,train_impulse_activation_max_abs,0,1781532359238,0.0
learn,EOPKG-WI,EOPKGTopologyConditionedWI,a6f92d038fdd4015af0c2ca3d4d657de,854778689611649472,_EOPKG_WI-UN-f1-5-99_loan_v1_v5_simulated_GATv2,_EOPKG_WI-UN-f1-5,99,train_impulse_activation_max_abs,0,1781532468409,0.0
learn,EOPKG-WI,EOPKGTopologyConditionedWI,a6f92d038fdd4015af0c2ca3d4d657de,854778689611649472,_EOPKG_WI-UN-f1-5-99_loan_v1_v5_simulated_GATv2,_EOPKG_WI-UN-f1-5,99,train_impulse_activation_max_abs,0,1781532468409,0.0
learn,EOPKG-WI,EOPKGTopologyConditionedWI,a6f92d038fdd4015af0c2ca3d4d657de,854778689611649472,_EOPKG_WI-UN-f1-5-99_loan_v1_v5_simulated_GATv2,_EOPKG_WI-UN-f1-5,99,train_impulse_activation_max_abs,0,1781532578695,0.0
learn,EOPKG-WI,EOPKGTopologyConditionedWI,a6f92d038fdd4015af0c2ca3d4d657de,854778689611649472,_EOPKG_WI-UN-f1-5-99_loan_v1_v5_simulated_GATv2,_EOPKG_WI-UN-f1-5,99,train_impulse_activation_max_abs,0,1781532578695,0.0
learn,EOPKG-WI,EOPKGTopologyConditionedWI,d0cd559af6bc4bcd986fb11b0ed56877,854778689611649472,_EOPKG_WI-UN-f1-5-55_loan_v1_v5_simulated_GATv2,_EOPKG_WI-UN-f1-5,55,train_impulse_activation_max_abs,0,1781084760771,0.0
learn,EOPKG-WI,EOPKGTopologyConditionedWI,d0cd559af6bc4bcd986fb11b0ed56877,854778689611649472,_EOPKG_WI-UN-f1-5-55_loan_v1_v5_simulated_GATv2,_EOPKG_WI-UN-f1-5,55,train_impulse_activation_max_abs,0,1781084760771,0.0
learn,EOPKG-WI,EOPKGTopologyConditionedWI,d0cd559af6bc4bcd986fb11b0ed56877,854778689611649472,_EOPKG_WI-UN-f1-5-55_loan_v1_v5_simulated_GATv2,_EOPKG_WI-UN-f1-5,55,train_impulse_activation_max_abs,0,1781084905513,0.0
learn,EOPKG-WI,EOPKGTopologyConditionedWI,d0cd559af6bc4bcd986fb11b0ed56877,854778689611649472,_EOPKG_WI-UN-f1-5-55_loan_v1_v5_simulated_GATv2,_EOPKG_WI-UN-f1-5,55,train_impulse_activation_max_abs,0,1781084905513,0.0
learn,EOPKG-WI,EOPKGTopologyConditionedWI,d0cd559af6bc4bcd986fb11b0ed56877,854778689611649472,_EOPKG_WI-UN-f1-5-55_loan_v1_v5_simulated_GATv2,_EOPKG_WI-UN-f1-5,55,train_impulse_activation_max_abs,0,1781085018975,0.0
learn,EOPKG-WI,EOPKGTopologyConditionedWI,d0cd559af6bc4bcd986fb11b0ed56877,854778689611649472,_EOPKG_WI-UN-f1-5-55_loan_v1_v5_simulated_GATv2,_EOPKG_WI-UN-f1-5,55,train_impulse_activation_max_abs,0,1781085018975,0.0
learn,EOPKG-WI,EOPKGTopologyConditionedWI,d0cd559af6bc4bcd986fb11b0ed56877,854778689611649472,_EOPKG_WI-UN-f1-5-55_loan_v1_v5_simulated_GATv2,_EOPKG_WI-UN-f1-5,55,train_impulse_activation_max_abs,0,1781085130501,0.0
learn,EOPKG-WI,EOPKGTopologyConditionedWI,d0cd559af6bc4bcd986fb11b0ed56877,854778689611649472,_EOPKG_WI-UN-f1-5-55_loan_v1_v5_simulated_GATv2,_EOPKG_WI-UN-f1-5,55,train_impulse_activation_max_abs,0,1781085130501,0.0
learn,EOPKG-WI,EOPKGTopologyConditionedWI,d0cd559af6bc4bcd986fb11b0ed56877,854778689611649472,_EOPKG_WI-UN-f1-5-55_loan_v1_v5_simulated_GATv2,_EOPKG_WI-UN-f1-5,55,train_impulse_activation_max_abs,0,1781085250544,0.0
learn,EOPKG-WI,EOPKGTopologyConditionedWI,d0cd559af6bc4bcd986fb11b0ed56877,854778689611649472,_EOPKG_WI-UN-f1-5-55_loan_v1_v5_simulated_GATv2,_EOPKG_WI-UN-f1-5,55,train_impulse_activation_max_abs,0,1781085250544,0.0
learn,EOPKG-WI,EOPKGTopologyConditionedWI,d0cd559af6bc4bcd986fb11b0ed56877,854778689611649472,_EOPKG_WI-UN-f1-5-55_loan_v1_v5_simulated_GATv2,_EOPKG_WI-UN-f1-5,55,train_impulse_activation_max_abs,0,1781085376272,0.0
learn,EOPKG-WI,EOPKGTopologyConditionedWI,d0cd559af6bc4bcd986fb11b0ed56877,854778689611649472,_EOPKG_WI-UN-f1-5-55_loan_v1_v5_simulated_GATv2,_EOPKG_WI-UN-f1-5,55,train_impulse_activation_max_abs,0,1781085376272,0.0
learn,EOPKG-WI,EOPKGTopologyConditionedWI,d0cd559af6bc4bcd986fb11b0ed56877,854778689611649472,_EOPKG_WI-UN-f1-5-55_loan_v1_v5_simulated_GATv2,_EOPKG_WI-UN-f1-5,55,train_impulse_activation_max_abs,0,1781085479935,0.0
learn,EOPKG-WI,EOPKGTopologyConditionedWI,d0cd559af6bc4bcd986fb11b0ed56877,854778689611649472,_EOPKG_WI-UN-f1-5-55_loan_v1_v5_simulated_GATv2,_EOPKG_WI-UN-f1-5,55,train_impulse_activation_max_abs,0,1781085479935,0.0
learn,EOPKG-WI,EOPKGTopologyConditionedWI,d0cd559af6bc4bcd986fb11b0ed56877,854778689611649472,_EOPKG_WI-UN-f1-5-55_loan_v1_v5_simulated_GATv2,_EOPKG_WI-UN-f1-5,55,train_impulse_activation_max_abs,0,1781085594362,0.0
learn,EOPKG-WI,EOPKGTopologyConditionedWI,d0cd559af6bc4bcd986fb11b0ed56877,854778689611649472,_EOPKG_WI-UN-f1-5-55_loan_v1_v5_simulated_GATv2,_EOPKG_WI-UN-f1-5,55,train_impulse_activation_max_abs,0,1781085594362,0.0
learn,EOPKG-WI,EOPKGTopologyConditionedWI,d0cd559af6bc4bcd986fb11b0ed56877,854778689611649472,_EOPKG_WI-UN-f1-5-55_loan_v1_v5_simulated_GATv2,_EOPKG_WI-UN-f1-5,55,train_impulse_activation_max_abs,0,1781085722076,0.0
learn,EOPKG-WI,EOPKGTopologyConditionedWI,d0cd559af6bc4bcd986fb11b0ed56877,854778689611649472,_EOPKG_WI-UN-f1-5-55_loan_v1_v5_simulated_GATv2,_EOPKG_WI-UN-f1-5,55,train_impulse_activation_max_abs,0,1781085722076,0.0
learn,EOPKG-WI,EOPKGTopologyConditionedWI,d0cd559af6bc4bcd986fb11b0ed56877,854778689611649472,_EOPKG_WI-UN-f1-5-55_loan_v1_v5_simulated_GATv2,_EOPKG_WI-UN-f1-5,55,train_impulse_activation_max_abs,0,1781085847152,0.0
learn,EOPKG-WI,EOPKGTopologyConditionedWI,d0cd559af6bc4bcd986fb11b0ed56877,854778689611649472,_EOPKG_WI-UN-f1-5-55_loan_v1_v5_simulated_GATv2,_EOPKG_WI-UN-f1-5,55,train_impulse_activation_max_abs,0,1781085847152,0.0
learn,EOPKG-WI,EOPKGTopologyConditionedWI,d0cd559af6bc4bcd986fb11b0ed56877,854778689611649472,_EOPKG_WI-UN-f1-5-55_loan_v1_v5_simulated_GATv2,_EOPKG_WI-UN-f1-5,55,train_impulse_activation_max_abs,0,1781085974097,0.0
learn,EOPKG-WI,EOPKGTopologyConditionedWI,d0cd559af6bc4bcd986fb11b0ed56877,854778689611649472,_EOPKG_WI-UN-f1-5-55_loan_v1_v5_simulated_GATv2,_EOPKG_WI-UN-f1-5,55,train_impulse_activation_max_abs,0,1781085974097,0.0
learn,EOPKG-WI,EOPKGTopologyConditionedWI,d0cd559af6bc4bcd986fb11b0ed56877,854778689611649472,_EOPKG_WI-UN-f1-5-55_loan_v1_v5_simulated_GATv2,_EOPKG_WI-UN-f1-5,55,train_impulse_activation_max_abs,0,1781086100067,0.0
learn,EOPKG-WI,EOPKGTopologyConditionedWI,d0cd559af6bc4bcd986fb11b0ed56877,854778689611649472,_EOPKG_WI-UN-f1-5-55_loan_v1_v5_simulated_GATv2,_EOPKG_WI-UN-f1-5,55,train_impulse_activation_max_abs,0,1781086100067,0.0
learn,EOPKG-WI,EOPKGTopologyConditionedWI,d0cd559af6bc4bcd986fb11b0ed56877,854778689611649472,_EOPKG_WI-UN-f1-5-55_loan_v1_v5_simulated_GATv2,_EOPKG_WI-UN-f1-5,55,train_impulse_activation_max_abs,0,1781086240658,0.0
learn,EOPKG-WI,EOPKGTopologyConditionedWI,d0cd559af6bc4bcd986fb11b0ed56877,854778689611649472,_EOPKG_WI-UN-f1-5-55_loan_v1_v5_simulated_GATv2,_EOPKG_WI-UN-f1-5,55,train_impulse_activation_max_abs,0,1781086240658,0.0
learn,EOPKG-WI,EOPKGTopologyConditionedWI,d0cd559af6bc4bcd986fb11b0ed56877,854778689611649472,_EOPKG_WI-UN-f1-5-55_loan_v1_v5_simulated_GATv2,_EOPKG_WI-UN-f1-5,55,train_impulse_activation_max_abs,0,1781086377204,0.0
learn,EOPKG-WI,EOPKGTopologyConditionedWI,d0cd559af6bc4bcd986fb11b0ed56877,854778689611649472,_EOPKG_WI-UN-f1-5-55_loan_v1_v5_simulated_GATv2,_EOPKG_WI-UN-f1-5,55,train_impulse_activation_max_abs,0,1781086377204,0.0
learn,EOPKG-WI,EOPKGTopologyConditionedWI,d0cd559af6bc4bcd986fb11b0ed56877,854778689611649472,_EOPKG_WI-UN-f1-5-55_loan_v1_v5_simulated_GATv2,_EOPKG_WI-UN-f1-5,55,train_impulse_activation_max_abs,0,1781086498515,0.0
learn,EOPKG-WI,EOPKGTopologyConditionedWI,d0cd559af6bc4bcd986fb11b0ed56877,854778689611649472,_EOPKG_WI-UN-f1-5-55_loan_v1_v5_simulated_GATv2,_EOPKG_WI-UN-f1-5,55,train_impulse_activation_max_abs,0,1781086498515,0.0
learn,EOPKG-WI,EOPKGTopologyConditionedWI,d0cd559af6bc4bcd986fb11b0ed56877,854778689611649472,_EOPKG_WI-UN-f1-5-55_loan_v1_v5_simulated_GATv2,_EOPKG_WI-UN-f1-5,55,train_impulse_activation_max_abs,0,1781086635554,0.0
learn,EOPKG-WI,EOPKGTopologyConditionedWI,d0cd559af6bc4bcd986fb11b0ed56877,854778689611649472,_EOPKG_WI-UN-f1-5-55_loan_v1_v5_simulated_GATv2,_EOPKG_WI-UN-f1-5,55,train_impulse_activation_max_abs,0,1781086635554,0.0
learn,EOPKG-WI,EOPKGTopologyConditionedWI,d0cd559af6bc4bcd986fb11b0ed56877,854778689611649472,_EOPKG_WI-UN-f1-5-55_loan_v1_v5_simulated_GATv2,_EOPKG_WI-UN-f1-5,55,train_impulse_activation_max_abs,0,1781086762914,0.0
learn,EOPKG-WI,EOPKGTopologyConditionedWI,d0cd559af6bc4bcd986fb11b0ed56877,854778689611649472,_EOPKG_WI-UN-f1-5-55_loan_v1_v5_simulated_GATv2,_EOPKG_WI-UN-f1-5,55,train_impulse_activation_max_abs,0,1781086762914,0.0
learn,EOPKG-WI,EOPKGTopologyConditionedWI,d0cd559af6bc4bcd986fb11b0ed56877,854778689611649472,_EOPKG_WI-UN-f1-5-55_loan_v1_v5_simulated_GATv2,_EOPKG_WI-UN-f1-5,55,train_impulse_activation_max_abs,0,1781086916848,0.0
learn,EOPKG-WI,EOPKGTopologyConditionedWI,d0cd559af6bc4bcd986fb11b0ed56877,854778689611649472,_EOPKG_WI-UN-f1-5-55_loan_v1_v5_simulated_GATv2,_EOPKG_WI-UN-f1-5,55,train_impulse_activation_max_abs,0,1781086916848,0.0
learn,EOPKG-WI,EOPKGTopologyConditionedWI,d0cd559af6bc4bcd986fb11b0ed56877,854778689611649472,_EOPKG_WI-UN-f1-5-55_loan_v1_v5_simulated_GATv2,_EOPKG_WI-UN-f1-5,55,train_impulse_activation_max_abs,0,1781087042078,0.0
learn,EOPKG-WI,EOPKGTopologyConditionedWI,d0cd559af6bc4bcd986fb11b0ed56877,854778689611649472,_EOPKG_WI-UN-f1-5-55_loan_v1_v5_simulated_GATv2,_EOPKG_WI-UN-f1-5,55,train_impulse_activation_max_abs,0,1781087042078,0.0
learn,EOPKG-WI,EOPKGTopologyConditionedWI,d0cd559af6bc4bcd986fb11b0ed56877,854778689611649472,_EOPKG_WI-UN-f1-5-55_loan_v1_v5_simulated_GATv2,_EOPKG_WI-UN-f1-5,55,train_impulse_activation_max_abs,0,1781087169055,0.0
learn,EOPKG-WI,EOPKGTopologyConditionedWI,d0cd559af6bc4bcd986fb11b0ed56877,854778689611649472,_EOPKG_WI-UN-f1-5-55_loan_v1_v5_simulated_GATv2,_EOPKG_WI-UN-f1-5,55,train_impulse_activation_max_abs,0,1781087169055,0.0
learn,EOPKG-WI,EOPKGTopologyConditionedWI,d0cd559af6bc4bcd986fb11b0ed56877,854778689611649472,_EOPKG_WI-UN-f1-5-55_loan_v1_v5_simulated_GATv2,_EOPKG_WI-UN-f1-5,55,train_impulse_activation_max_abs,0,1781087301169,0.0
learn,EOPKG-WI,EOPKGTopologyConditionedWI,d0cd559af6bc4bcd986fb11b0ed56877,854778689611649472,_EOPKG_WI-UN-f1-5-55_loan_v1_v5_simulated_GATv2,_EOPKG_WI-UN-f1-5,55,train_impulse_activation_max_abs,0,1781087301169,0.0
learn,EOPKG-WI,EOPKGTopologyConditionedWI,d0cd559af6bc4bcd986fb11b0ed56877,854778689611649472,_EOPKG_WI-UN-f1-5-55_loan_v1_v5_simulated_GATv2,_EOPKG_WI-UN-f1-5,55,train_impulse_activation_max_abs,0,1781087467166,0.0
learn,EOPKG-WI,EOPKGTopologyConditionedWI,d0cd559af6bc4bcd986fb11b0ed56877,854778689611649472,_EOPKG_WI-UN-f1-5-55_loan_v1_v5_simulated_GATv2,_EOPKG_WI-UN-f1-5,55,train_impulse_activation_max_abs,0,1781087467166,0.0
learn,EOPKG-WI,EOPKGTopologyConditionedWI,d0cd559af6bc4bcd986fb11b0ed56877,854778689611649472,_EOPKG_WI-UN-f1-5-55_loan_v1_v5_simulated_GATv2,_EOPKG_WI-UN-f1-5,55,train_impulse_activation_max_abs,0,1781087686081,0.0
learn,EOPKG-WI,EOPKGTopologyConditionedWI,d0cd559af6bc4bcd986fb11b0ed56877,854778689611649472,_EOPKG_WI-UN-f1-5-55_loan_v1_v5_simulated_GATv2,_EOPKG_WI-UN-f1-5,55,train_impulse_activation_max_abs,0,1781087686081,0.0
learn,EOPKG-WI,EOPKGTopologyConditionedWI,d0cd559af6bc4bcd986fb11b0ed56877,854778689611649472,_EOPKG_WI-UN-f1-5-55_loan_v1_v5_simulated_GATv2,_EOPKG_WI-UN-f1-5,55,train_impulse_activation_max_abs,0,1781087866333,0.0
learn,EOPKG-WI,EOPKGTopologyConditionedWI,d0cd559af6bc4bcd986fb11b0ed56877,854778689611649472,_EOPKG_WI-UN-f1-5-55_loan_v1_v5_simulated_GATv2,_EOPKG_WI-UN-f1-5,55,train_impulse_activation_max_abs,0,1781087866333,0.0
learn,EOPKG-WI,EOPKGTopologyConditionedWI,d0cd559af6bc4bcd986fb11b0ed56877,854778689611649472,_EOPKG_WI-UN-f1-5-55_loan_v1_v5_simulated_GATv2,_EOPKG_WI-UN-f1-5,55,train_impulse_activation_max_abs,0,1781088061419,0.0
learn,EOPKG-WI,EOPKGTopologyConditionedWI,d0cd559af6bc4bcd986fb11b0ed56877,854778689611649472,_EOPKG_WI-UN-f1-5-55_loan_v1_v5_simulated_GATv2,_EOPKG_WI-UN-f1-5,55,train_impulse_activation_max_abs,0,1781088061419,0.0
learn,EOPKG-WI,EOPKGTopologyConditionedWI,d0cd559af6bc4bcd986fb11b0ed56877,854778689611649472,_EOPKG_WI-UN-f1-5-55_loan_v1_v5_simulated_GATv2,_EOPKG_WI-UN-f1-5,55,train_impulse_activation_max_abs,0,1781088196955,0.0
learn,EOPKG-WI,EOPKGTopologyConditionedWI,d0cd559af6bc4bcd986fb11b0ed56877,854778689611649472,_EOPKG_WI-UN-f1-5-55_loan_v1_v5_simulated_GATv2,_EOPKG_WI-UN-f1-5,55,train_impulse_activation_max_abs,0,1781088196955,0.0
learn,EOPKG-WI,EOPKGTopologyConditionedWI,d0cd559af6bc4bcd986fb11b0ed56877,854778689611649472,_EOPKG_WI-UN-f1-5-55_loan_v1_v5_simulated_GATv2,_EOPKG_WI-UN-f1-5,55,train_impulse_activation_max_abs,0,1781088322181,0.0
learn,EOPKG-WI,EOPKGTopologyConditionedWI,d0cd559af6bc4bcd986fb11b0ed56877,854778689611649472,_EOPKG_WI-UN-f1-5-55_loan_v1_v5_simulated_GATv2,_EOPKG_WI-UN-f1-5,55,train_impulse_activation_max_abs,0,1781088322181,0.0
learn,EOPKG-WI,EOPKGTopologyConditionedWI,d0cd559af6bc4bcd986fb11b0ed56877,854778689611649472,_EOPKG_WI-UN-f1-5-55_loan_v1_v5_simulated_GATv2,_EOPKG_WI-UN-f1-5,55,train_impulse_activation_max_abs,0,1781088439574,0.0
learn,EOPKG-WI,EOPKGTopologyConditionedWI,d0cd559af6bc4bcd986fb11b0ed56877,854778689611649472,_EOPKG_WI-UN-f1-5-55_loan_v1_v5_simulated_GATv2,_EOPKG_WI-UN-f1-5,55,train_impulse_activation_max_abs,0,1781088439574,0.0
learn,EOPKG-WI,EOPKGTopologyConditionedWI,d0cd559af6bc4bcd986fb11b0ed56877,854778689611649472,_EOPKG_WI-UN-f1-5-55_loan_v1_v5_simulated_GATv2,_EOPKG_WI-UN-f1-5,55,train_impulse_activation_max_abs,0,1781088560798,0.0
learn,EOPKG-WI,EOPKGTopologyConditionedWI,d0cd559af6bc4bcd986fb11b0ed56877,854778689611649472,_EOPKG_WI-UN-f1-5-55_loan_v1_v5_simulated_GATv2,_EOPKG_WI-UN-f1-5,55,train_impulse_activation_max_abs,0,1781088560798,0.0
learn,EOPKG-WI,EOPKGTopologyConditionedWI,d0cd559af6bc4bcd986fb11b0ed56877,854778689611649472,_EOPKG_WI-UN-f1-5-55_loan_v1_v5_simulated_GATv2,_EOPKG_WI-UN-f1-5,55,train_impulse_activation_max_abs,0,1781088685133,0.0
learn,EOPKG-WI,EOPKGTopologyConditionedWI,d0cd559af6bc4bcd986fb11b0ed56877,854778689611649472,_EOPKG_WI-UN-f1-5-55_loan_v1_v5_simulated_GATv2,_EOPKG_WI-UN-f1-5,55,train_impulse_activation_max_abs,0,1781088685133,0.0
learn,EOPKG-WI,EOPKGTopologyConditionedWI,d0cd559af6bc4bcd986fb11b0ed56877,854778689611649472,_EOPKG_WI-UN-f1-5-55_loan_v1_v5_simulated_GATv2,_EOPKG_WI-UN-f1-5,55,train_impulse_activation_max_abs,0,1781088850627,0.0
learn,EOPKG-WI,EOPKGTopologyConditionedWI,d0cd559af6bc4bcd986fb11b0ed56877,854778689611649472,_EOPKG_WI-UN-f1-5-55_loan_v1_v5_simulated_GATv2,_EOPKG_WI-UN-f1-5,55,train_impulse_activation_max_abs,0,1781088850627,0.0
learn,EOPKG-WI,EOPKGTopologyConditionedWI,d0cd559af6bc4bcd986fb11b0ed56877,854778689611649472,_EOPKG_WI-UN-f1-5-55_loan_v1_v5_simulated_GATv2,_EOPKG_WI-UN-f1-5,55,train_impulse_activation_max_abs,0,1781089029180,0.0
learn,EOPKG-WI,EOPKGTopologyConditionedWI,d0cd559af6bc4bcd986fb11b0ed56877,854778689611649472,_EOPKG_WI-UN-f1-5-55_loan_v1_v5_simulated_GATv2,_EOPKG_WI-UN-f1-5,55,train_impulse_activation_max_abs,0,1781089029180,0.0
learn,EOPKG-WI,EOPKGTopologyConditionedWI,d0cd559af6bc4bcd986fb11b0ed56877,854778689611649472,_EOPKG_WI-UN-f1-5-55_loan_v1_v5_simulated_GATv2,_EOPKG_WI-UN-f1-5,55,train_impulse_activation_max_abs,0,1781089181102,0.0
learn,EOPKG-WI,EOPKGTopologyConditionedWI,d0cd559af6bc4bcd986fb11b0ed56877,854778689611649472,_EOPKG_WI-UN-f1-5-55_loan_v1_v5_simulated_GATv2,_EOPKG_WI-UN-f1-5,55,train_impulse_activation_max_abs,0,1781089181102,0.0
learn,EOPKG-WI,EOPKGTopologyConditionedWI,d0cd559af6bc4bcd986fb11b0ed56877,854778689611649472,_EOPKG_WI-UN-f1-5-55_loan_v1_v5_simulated_GATv2,_EOPKG_WI-UN-f1-5,55,train_impulse_activation_max_abs,0,1781089294631,0.0
learn,EOPKG-WI,EOPKGTopologyConditionedWI,d0cd559af6bc4bcd986fb11b0ed56877,854778689611649472,_EOPKG_WI-UN-f1-5-55_loan_v1_v5_simulated_GATv2,_EOPKG_WI-UN-f1-5,55,train_impulse_activation_max_abs,0,1781089294631,0.0
learn,EOPKG-WI,EOPKGTopologyConditionedWI,d0cd559af6bc4bcd986fb11b0ed56877,854778689611649472,_EOPKG_WI-UN-f1-5-55_loan_v1_v5_simulated_GATv2,_EOPKG_WI-UN-f1-5,55,train_impulse_activation_max_abs,0,1781089418859,0.0
learn,EOPKG-WI,EOPKGTopologyConditionedWI,d0cd559af6bc4bcd986fb11b0ed56877,854778689611649472,_EOPKG_WI-UN-f1-5-55_loan_v1_v5_simulated_GATv2,_EOPKG_WI-UN-f1-5,55,train_impulse_activation_max_abs,0,1781089418859,0.0
learn,EOPKG-WI,EOPKGTopologyConditionedWI,d0cd559af6bc4bcd986fb11b0ed56877,854778689611649472,_EOPKG_WI-UN-f1-5-55_loan_v1_v5_simulated_GATv2,_EOPKG_WI-UN-f1-5,55,train_impulse_activation_max_abs,0,1781089531713,0.0
learn,EOPKG-WI,EOPKGTopologyConditionedWI,d0cd559af6bc4bcd986fb11b0ed56877,854778689611649472,_EOPKG_WI-UN-f1-5-55_loan_v1_v5_simulated_GATv2,_EOPKG_WI-UN-f1-5,55,train_impulse_activation_max_abs,0,1781089531713,0.0
learn,EOPKG-WI,EOPKGTopologyConditionedWI,d0cd559af6bc4bcd986fb11b0ed56877,854778689611649472,_EOPKG_WI-UN-f1-5-55_loan_v1_v5_simulated_GATv2,_EOPKG_WI-UN-f1-5,55,train_impulse_activation_max_abs,0,1781089685056,0.0
learn,EOPKG-WI,EOPKGTopologyConditionedWI,d0cd559af6bc4bcd986fb11b0ed56877,854778689611649472,_EOPKG_WI-UN-f1-5-55_loan_v1_v5_simulated_GATv2,_EOPKG_WI-UN-f1-5,55,train_impulse_activation_max_abs,0,1781089685056,0.0
learn,EOPKG-WI,EOPKGTopologyConditionedWI,d0cd559af6bc4bcd986fb11b0ed56877,854778689611649472,_EOPKG_WI-UN-f1-5-55_loan_v1_v5_simulated_GATv2,_EOPKG_WI-UN-f1-5,55,train_impulse_activation_max_abs,0,1781089795746,0.0
learn,EOPKG-WI,EOPKGTopologyConditionedWI,d0cd559af6bc4bcd986fb11b0ed56877,854778689611649472,_EOPKG_WI-UN-f1-5-55_loan_v1_v5_simulated_GATv2,_EOPKG_WI-UN-f1-5,55,train_impulse_activation_max_abs,0,1781089795746,0.0
learn,EOPKG-WI,EOPKGTopologyConditionedWI,d0cd559af6bc4bcd986fb11b0ed56877,854778689611649472,_EOPKG_WI-UN-f1-5-55_loan_v1_v5_simulated_GATv2,_EOPKG_WI-UN-f1-5,55,train_impulse_activation_max_abs,0,1781089904372,0.0
learn,EOPKG-WI,EOPKGTopologyConditionedWI,d0cd559af6bc4bcd986fb11b0ed56877,854778689611649472,_EOPKG_WI-UN-f1-5-55_loan_v1_v5_simulated_GATv2,_EOPKG_WI-UN-f1-5,55,train_impulse_activation_max_abs,0,1781089904372,0.0
learn,EOPKG-WI,EOPKGTopologyConditionedWI,d0cd559af6bc4bcd986fb11b0ed56877,854778689611649472,_EOPKG_WI-UN-f1-5-55_loan_v1_v5_simulated_GATv2,_EOPKG_WI-UN-f1-5,55,train_impulse_activation_max_abs,0,1781090053223,0.0
learn,EOPKG-WI,EOPKGTopologyConditionedWI,d0cd559af6bc4bcd986fb11b0ed56877,854778689611649472,_EOPKG_WI-UN-f1-5-55_loan_v1_v5_simulated_GATv2,_EOPKG_WI-UN-f1-5,55,train_impulse_activation_max_abs,0,1781090053223,0.0
learn,EOPKG-WI,EOPKGTopologyConditionedWI,d0cd559af6bc4bcd986fb11b0ed56877,854778689611649472,_EOPKG_WI-UN-f1-5-55_loan_v1_v5_simulated_GATv2,_EOPKG_WI-UN-f1-5,55,train_impulse_activation_max_abs,0,1781090215668,0.0
learn,EOPKG-WI,EOPKGTopologyConditionedWI,d0cd559af6bc4bcd986fb11b0ed56877,854778689611649472,_EOPKG_WI-UN-f1-5-55_loan_v1_v5_simulated_GATv2,_EOPKG_WI-UN-f1-5,55,train_impulse_activation_max_abs,0,1781090215668,0.0
learn,EOPKG-WI,EOPKGTopologyConditionedWI,d0cd559af6bc4bcd986fb11b0ed56877,854778689611649472,_EOPKG_WI-UN-f1-5-55_loan_v1_v5_simulated_GATv2,_EOPKG_WI-UN-f1-5,55,train_impulse_activation_max_abs,0,1781090386344,0.0
learn,EOPKG-WI,EOPKGTopologyConditionedWI,d0cd559af6bc4bcd986fb11b0ed56877,854778689611649472,_EOPKG_WI-UN-f1-5-55_loan_v1_v5_simulated_GATv2,_EOPKG_WI-UN-f1-5,55,train_impulse_activation_max_abs,0,1781090386344,0.0
learn,EOPKG-WI,EOPKGTopologyConditionedWI,d0cd559af6bc4bcd986fb11b0ed56877,854778689611649472,_EOPKG_WI-UN-f1-5-55_loan_v1_v5_simulated_GATv2,_EOPKG_WI-UN-f1-5,55,train_impulse_activation_max_abs,0,1781090524977,0.0
learn,EOPKG-WI,EOPKGTopologyConditionedWI,d0cd559af6bc4bcd986fb11b0ed56877,854778689611649472,_EOPKG_WI-UN-f1-5-55_loan_v1_v5_simulated_GATv2,_EOPKG_WI-UN-f1-5,55,train_impulse_activation_max_abs,0,1781090524977,0.0
learn,EOPKG-WI,EOPKGTopologyConditionedWI,d0cd559af6bc4bcd986fb11b0ed56877,854778689611649472,_EOPKG_WI-UN-f1-5-55_loan_v1_v5_simulated_GATv2,_EOPKG_WI-UN-f1-5,55,train_impulse_activation_max_abs,0,1781090639660,0.0
learn,EOPKG-WI,EOPKGTopologyConditionedWI,d0cd559af6bc4bcd986fb11b0ed56877,854778689611649472,_EOPKG_WI-UN-f1-5-55_loan_v1_v5_simulated_GATv2,_EOPKG_WI-UN-f1-5,55,train_impulse_activation_max_abs,0,1781090639660,0.0
learn,EOPKG-WI,EOPKGTopologyConditionedWI,d0cd559af6bc4bcd986fb11b0ed56877,854778689611649472,_EOPKG_WI-UN-f1-5-55_loan_v1_v5_simulated_GATv2,_EOPKG_WI-UN-f1-5,55,train_impulse_activation_max_abs,0,1781090748108,0.0
learn,EOPKG-WI,EOPKGTopologyConditionedWI,d0cd559af6bc4bcd986fb11b0ed56877,854778689611649472,_EOPKG_WI-UN-f1-5-55_loan_v1_v5_simulated_GATv2,_EOPKG_WI-UN-f1-5,55,train_impulse_activation_max_abs,0,1781090748108,0.0
learn,EOPKG-WI,EOPKGTopologyConditionedWI,d0cd559af6bc4bcd986fb11b0ed56877,854778689611649472,_EOPKG_WI-UN-f1-5-55_loan_v1_v5_simulated_GATv2,_EOPKG_WI-UN-f1-5,55,train_impulse_activation_max_abs,0,1781090858182,0.0
learn,EOPKG-WI,EOPKGTopologyConditionedWI,d0cd559af6bc4bcd986fb11b0ed56877,854778689611649472,_EOPKG_WI-UN-f1-5-55_loan_v1_v5_simulated_GATv2,_EOPKG_WI-UN-f1-5,55,train_impulse_activation_max_abs,0,1781090858182,0.0
learn,EOPKG-WI,EOPKGTopologyConditionedWI,d0cd559af6bc4bcd986fb11b0ed56877,854778689611649472,_EOPKG_WI-UN-f1-5-55_loan_v1_v5_simulated_GATv2,_EOPKG_WI-UN-f1-5,55,train_impulse_activation_max_abs,0,1781090963555,0.0
learn,EOPKG-WI,EOPKGTopologyConditionedWI,d0cd559af6bc4bcd986fb11b0ed56877,854778689611649472,_EOPKG_WI-UN-f1-5-55_loan_v1_v5_simulated_GATv2,_EOPKG_WI-UN-f1-5,55,train_impulse_activation_max_abs,0,1781090963555,0.0
learn,EOPKG-WI,EOPKGTopologyConditionedWI,d0cd559af6bc4bcd986fb11b0ed56877,854778689611649472,_EOPKG_WI-UN-f1-5-55_loan_v1_v5_simulated_GATv2,_EOPKG_WI-UN-f1-5,55,train_impulse_activation_max_abs,0,1781091064193,0.0
learn,EOPKG-WI,EOPKGTopologyConditionedWI,d0cd559af6bc4bcd986fb11b0ed56877,854778689611649472,_EOPKG_WI-UN-f1-5-55_loan_v1_v5_simulated_GATv2,_EOPKG_WI-UN-f1-5,55,train_impulse_activation_max_abs,0,1781091064193,0.0
learn,EOPKG-WI,EOPKGTopologyConditionedWI,d0cd559af6bc4bcd986fb11b0ed56877,854778689611649472,_EOPKG_WI-UN-f1-5-55_loan_v1_v5_simulated_GATv2,_EOPKG_WI-UN-f1-5,55,train_impulse_activation_max_abs,0,1781091165695,0.0
learn,EOPKG-WI,EOPKGTopologyConditionedWI,d0cd559af6bc4bcd986fb11b0ed56877,854778689611649472,_EOPKG_WI-UN-f1-5-55_loan_v1_v5_simulated_GATv2,_EOPKG_WI-UN-f1-5,55,train_impulse_activation_max_abs,0,1781091165695,0.0
learn,EOPKG-WI,EOPKGTopologyConditionedWI,d0cd559af6bc4bcd986fb11b0ed56877,854778689611649472,_EOPKG_WI-UN-f1-5-55_loan_v1_v5_simulated_GATv2,_EOPKG_WI-UN-f1-5,55,train_impulse_activation_max_abs,0,1781091270755,0.0
learn,EOPKG-WI,EOPKGTopologyConditionedWI,d0cd559af6bc4bcd986fb11b0ed56877,854778689611649472,_EOPKG_WI-UN-f1-5-55_loan_v1_v5_simulated_GATv2,_EOPKG_WI-UN-f1-5,55,train_impulse_activation_max_abs,0,1781091270755,0.0
learn,EOPKG-WI,EOPKGTopologyConditionedWI,d3b7c7404a1b432b8dd330d96271b528,854778689611649472,_EOPKG_WI-UN-f1-5-67_loan_v1_v5_simulated_GATv2,_EOPKG_WI-UN-f1-5,67,train_impulse_activation_max_abs,0,1781608059320,0.0
learn,EOPKG-WI,EOPKGTopologyConditionedWI,d3b7c7404a1b432b8dd330d96271b528,854778689611649472,_EOPKG_WI-UN-f1-5-67_loan_v1_v5_simulated_GATv2,_EOPKG_WI-UN-f1-5,67,train_impulse_activation_max_abs,0,1781608059320,0.0
learn,EOPKG-WI,EOPKGTopologyConditionedWI,d3b7c7404a1b432b8dd330d96271b528,854778689611649472,_EOPKG_WI-UN-f1-5-67_loan_v1_v5_simulated_GATv2,_EOPKG_WI-UN-f1-5,67,train_impulse_activation_max_abs,0,1781608204352,0.0
learn,EOPKG-WI,EOPKGTopologyConditionedWI,d3b7c7404a1b432b8dd330d96271b528,854778689611649472,_EOPKG_WI-UN-f1-5-67_loan_v1_v5_simulated_GATv2,_EOPKG_WI-UN-f1-5,67,train_impulse_activation_max_abs,0,1781608204352,0.0
learn,EOPKG-WI,EOPKGTopologyConditionedWI,d3b7c7404a1b432b8dd330d96271b528,854778689611649472,_EOPKG_WI-UN-f1-5-67_loan_v1_v5_simulated_GATv2,_EOPKG_WI-UN-f1-5,67,train_impulse_activation_max_abs,0,1781608324177,0.0
learn,EOPKG-WI,EOPKGTopologyConditionedWI,d3b7c7404a1b432b8dd330d96271b528,854778689611649472,_EOPKG_WI-UN-f1-5-67_loan_v1_v5_simulated_GATv2,_EOPKG_WI-UN-f1-5,67,train_impulse_activation_max_abs,0,1781608324177,0.0
learn,EOPKG-WI,EOPKGTopologyConditionedWI,d3b7c7404a1b432b8dd330d96271b528,854778689611649472,_EOPKG_WI-UN-f1-5-67_loan_v1_v5_simulated_GATv2,_EOPKG_WI-UN-f1-5,67,train_impulse_activation_max_abs,0,1781608447284,0.0
learn,EOPKG-WI,EOPKGTopologyConditionedWI,d3b7c7404a1b432b8dd330d96271b528,854778689611649472,_EOPKG_WI-UN-f1-5-67_loan_v1_v5_simulated_GATv2,_EOPKG_WI-UN-f1-5,67,train_impulse_activation_max_abs,0,1781608447284,0.0
learn,EOPKG-WI,EOPKGTopologyConditionedWI,d3b7c7404a1b432b8dd330d96271b528,854778689611649472,_EOPKG_WI-UN-f1-5-67_loan_v1_v5_simulated_GATv2,_EOPKG_WI-UN-f1-5,67,train_impulse_activation_max_abs,0,1781608589254,0.0
learn,EOPKG-WI,EOPKGTopologyConditionedWI,d3b7c7404a1b432b8dd330d96271b528,854778689611649472,_EOPKG_WI-UN-f1-5-67_loan_v1_v5_simulated_GATv2,_EOPKG_WI-UN-f1-5,67,train_impulse_activation_max_abs,0,1781608589254,0.0
learn,EOPKG-WI,EOPKGTopologyConditionedWI,d3b7c7404a1b432b8dd330d96271b528,854778689611649472,_EOPKG_WI-UN-f1-5-67_loan_v1_v5_simulated_GATv2,_EOPKG_WI-UN-f1-5,67,train_impulse_activation_max_abs,0,1781608716750,0.0
learn,EOPKG-WI,EOPKGTopologyConditionedWI,d3b7c7404a1b432b8dd330d96271b528,854778689611649472,_EOPKG_WI-UN-f1-5-67_loan_v1_v5_simulated_GATv2,_EOPKG_WI-UN-f1-5,67,train_impulse_activation_max_abs,0,1781608716750,0.0
learn,EOPKG-WI,EOPKGTopologyConditionedWI,d3b7c7404a1b432b8dd330d96271b528,854778689611649472,_EOPKG_WI-UN-f1-5-67_loan_v1_v5_simulated_GATv2,_EOPKG_WI-UN-f1-5,67,train_impulse_activation_max_abs,0,1781608837971,0.0
learn,EOPKG-WI,EOPKGTopologyConditionedWI,d3b7c7404a1b432b8dd330d96271b528,854778689611649472,_EOPKG_WI-UN-f1-5-67_loan_v1_v5_simulated_GATv2,_EOPKG_WI-UN-f1-5,67,train_impulse_activation_max_abs,0,1781608837971,0.0
learn,EOPKG-WI,EOPKGTopologyConditionedWI,d3b7c7404a1b432b8dd330d96271b528,854778689611649472,_EOPKG_WI-UN-f1-5-67_loan_v1_v5_simulated_GATv2,_EOPKG_WI-UN-f1-5,67,train_impulse_activation_max_abs,0,1781608957369,0.0
learn,EOPKG-WI,EOPKGTopologyConditionedWI,d3b7c7404a1b432b8dd330d96271b528,854778689611649472,_EOPKG_WI-UN-f1-5-67_loan_v1_v5_simulated_GATv2,_EOPKG_WI-UN-f1-5,67,train_impulse_activation_max_abs,0,1781608957369,0.0
learn,EOPKG-WI,EOPKGTopologyConditionedWI,d3b7c7404a1b432b8dd330d96271b528,854778689611649472,_EOPKG_WI-UN-f1-5-67_loan_v1_v5_simulated_GATv2,_EOPKG_WI-UN-f1-5,67,train_impulse_activation_max_abs,0,1781609073888,0.0
learn,EOPKG-WI,EOPKGTopologyConditionedWI,d3b7c7404a1b432b8dd330d96271b528,854778689611649472,_EOPKG_WI-UN-f1-5-67_loan_v1_v5_simulated_GATv2,_EOPKG_WI-UN-f1-5,67,train_impulse_activation_max_abs,0,1781609073888,0.0
learn,EOPKG-WI,EOPKGTopologyConditionedWI,d3b7c7404a1b432b8dd330d96271b528,854778689611649472,_EOPKG_WI-UN-f1-5-67_loan_v1_v5_simulated_GATv2,_EOPKG_WI-UN-f1-5,67,train_impulse_activation_max_abs,0,1781609194000,0.0
learn,EOPKG-WI,EOPKGTopologyConditionedWI,d3b7c7404a1b432b8dd330d96271b528,854778689611649472,_EOPKG_WI-UN-f1-5-67_loan_v1_v5_simulated_GATv2,_EOPKG_WI-UN-f1-5,67,train_impulse_activation_max_abs,0,1781609194000,0.0
learn,EOPKG-WI,EOPKGTopologyConditionedWI,d3b7c7404a1b432b8dd330d96271b528,854778689611649472,_EOPKG_WI-UN-f1-5-67_loan_v1_v5_simulated_GATv2,_EOPKG_WI-UN-f1-5,67,train_impulse_activation_max_abs,0,1781609312427,0.0
learn,EOPKG-WI,EOPKGTopologyConditionedWI,d3b7c7404a1b432b8dd330d96271b528,854778689611649472,_EOPKG_WI-UN-f1-5-67_loan_v1_v5_simulated_GATv2,_EOPKG_WI-UN-f1-5,67,train_impulse_activation_max_abs,0,1781609312427,0.0
learn,EOPKG-WI,EOPKGTopologyConditionedWI,d3b7c7404a1b432b8dd330d96271b528,854778689611649472,_EOPKG_WI-UN-f1-5-67_loan_v1_v5_simulated_GATv2,_EOPKG_WI-UN-f1-5,67,train_impulse_activation_max_abs,0,1781609433575,0.0
learn,EOPKG-WI,EOPKGTopologyConditionedWI,d3b7c7404a1b432b8dd330d96271b528,854778689611649472,_EOPKG_WI-UN-f1-5-67_loan_v1_v5_simulated_GATv2,_EOPKG_WI-UN-f1-5,67,train_impulse_activation_max_abs,0,1781609433575,0.0
learn,EOPKG-WI,EOPKGTopologyConditionedWI,d3b7c7404a1b432b8dd330d96271b528,854778689611649472,_EOPKG_WI-UN-f1-5-67_loan_v1_v5_simulated_GATv2,_EOPKG_WI-UN-f1-5,67,train_impulse_activation_max_abs,0,1781609580262,0.0
learn,EOPKG-WI,EOPKGTopologyConditionedWI,d3b7c7404a1b432b8dd330d96271b528,854778689611649472,_EOPKG_WI-UN-f1-5-67_loan_v1_v5_simulated_GATv2,_EOPKG_WI-UN-f1-5,67,train_impulse_activation_max_abs,0,1781609580262,0.0
learn,EOPKG-WI,EOPKGTopologyConditionedWI,d3b7c7404a1b432b8dd330d96271b528,854778689611649472,_EOPKG_WI-UN-f1-5-67_loan_v1_v5_simulated_GATv2,_EOPKG_WI-UN-f1-5,67,train_impulse_activation_max_abs,0,1781609717374,0.0
learn,EOPKG-WI,EOPKGTopologyConditionedWI,d3b7c7404a1b432b8dd330d96271b528,854778689611649472,_EOPKG_WI-UN-f1-5-67_loan_v1_v5_simulated_GATv2,_EOPKG_WI-UN-f1-5,67,train_impulse_activation_max_abs,0,1781609717374,0.0
learn,EOPKG-WI,EOPKGTopologyConditionedWI,d3b7c7404a1b432b8dd330d96271b528,854778689611649472,_EOPKG_WI-UN-f1-5-67_loan_v1_v5_simulated_GATv2,_EOPKG_WI-UN-f1-5,67,train_impulse_activation_max_abs,0,1781609839136,0.0
learn,EOPKG-WI,EOPKGTopologyConditionedWI,d3b7c7404a1b432b8dd330d96271b528,854778689611649472,_EOPKG_WI-UN-f1-5-67_loan_v1_v5_simulated_GATv2,_EOPKG_WI-UN-f1-5,67,train_impulse_activation_max_abs,0,1781609839136,0.0
learn,EOPKG-WI,EOPKGTopologyConditionedWI,d3b7c7404a1b432b8dd330d96271b528,854778689611649472,_EOPKG_WI-UN-f1-5-67_loan_v1_v5_simulated_GATv2,_EOPKG_WI-UN-f1-5,67,train_impulse_activation_max_abs,0,1781609968248,0.0
learn,EOPKG-WI,EOPKGTopologyConditionedWI,d3b7c7404a1b432b8dd330d96271b528,854778689611649472,_EOPKG_WI-UN-f1-5-67_loan_v1_v5_simulated_GATv2,_EOPKG_WI-UN-f1-5,67,train_impulse_activation_max_abs,0,1781609968248,0.0
learn,EOPKG-WI,EOPKGTopologyConditionedWI,d3b7c7404a1b432b8dd330d96271b528,854778689611649472,_EOPKG_WI-UN-f1-5-67_loan_v1_v5_simulated_GATv2,_EOPKG_WI-UN-f1-5,67,train_impulse_activation_max_abs,0,1781610098418,0.0
learn,EOPKG-WI,EOPKGTopologyConditionedWI,d3b7c7404a1b432b8dd330d96271b528,854778689611649472,_EOPKG_WI-UN-f1-5-67_loan_v1_v5_simulated_GATv2,_EOPKG_WI-UN-f1-5,67,train_impulse_activation_max_abs,0,1781610098418,0.0
learn,EOPKG-WI,EOPKGTopologyConditionedWI,d3b7c7404a1b432b8dd330d96271b528,854778689611649472,_EOPKG_WI-UN-f1-5-67_loan_v1_v5_simulated_GATv2,_EOPKG_WI-UN-f1-5,67,train_impulse_activation_max_abs,0,1781610213414,0.0
learn,EOPKG-WI,EOPKGTopologyConditionedWI,d3b7c7404a1b432b8dd330d96271b528,854778689611649472,_EOPKG_WI-UN-f1-5-67_loan_v1_v5_simulated_GATv2,_EOPKG_WI-UN-f1-5,67,train_impulse_activation_max_abs,0,1781610213414,0.0
learn,EOPKG-WI,EOPKGTopologyConditionedWI,d3b7c7404a1b432b8dd330d96271b528,854778689611649472,_EOPKG_WI-UN-f1-5-67_loan_v1_v5_simulated_GATv2,_EOPKG_WI-UN-f1-5,67,train_impulse_activation_max_abs,0,1781610318260,0.0
learn,EOPKG-WI,EOPKGTopologyConditionedWI,d3b7c7404a1b432b8dd330d96271b528,854778689611649472,_EOPKG_WI-UN-f1-5-67_loan_v1_v5_simulated_GATv2,_EOPKG_WI-UN-f1-5,67,train_impulse_activation_max_abs,0,1781610318260,0.0
learn,EOPKG-WI,EOPKGTopologyConditionedWI,d3b7c7404a1b432b8dd330d96271b528,854778689611649472,_EOPKG_WI-UN-f1-5-67_loan_v1_v5_simulated_GATv2,_EOPKG_WI-UN-f1-5,67,train_impulse_activation_max_abs,0,1781610429169,0.0
learn,EOPKG-WI,EOPKGTopologyConditionedWI,d3b7c7404a1b432b8dd330d96271b528,854778689611649472,_EOPKG_WI-UN-f1-5-67_loan_v1_v5_simulated_GATv2,_EOPKG_WI-UN-f1-5,67,train_impulse_activation_max_abs,0,1781610429169,0.0
learn,EOPKG-WI,EOPKGTopologyConditionedWI,d3b7c7404a1b432b8dd330d96271b528,854778689611649472,_EOPKG_WI-UN-f1-5-67_loan_v1_v5_simulated_GATv2,_EOPKG_WI-UN-f1-5,67,train_impulse_activation_max_abs,0,1781610541523,0.0
learn,EOPKG-WI,EOPKGTopologyConditionedWI,d3b7c7404a1b432b8dd330d96271b528,854778689611649472,_EOPKG_WI-UN-f1-5-67_loan_v1_v5_simulated_GATv2,_EOPKG_WI-UN-f1-5,67,train_impulse_activation_max_abs,0,1781610541523,0.0
learn,EOPKG-WI,EOPKGTopologyConditionedWI,d3b7c7404a1b432b8dd330d96271b528,854778689611649472,_EOPKG_WI-UN-f1-5-67_loan_v1_v5_simulated_GATv2,_EOPKG_WI-UN-f1-5,67,train_impulse_activation_max_abs,0,1781610653829,0.0
learn,EOPKG-WI,EOPKGTopologyConditionedWI,d3b7c7404a1b432b8dd330d96271b528,854778689611649472,_EOPKG_WI-UN-f1-5-67_loan_v1_v5_simulated_GATv2,_EOPKG_WI-UN-f1-5,67,train_impulse_activation_max_abs,0,1781610653829,0.0
learn,EOPKG-WI,EOPKGTopologyConditionedWI,d3b7c7404a1b432b8dd330d96271b528,854778689611649472,_EOPKG_WI-UN-f1-5-67_loan_v1_v5_simulated_GATv2,_EOPKG_WI-UN-f1-5,67,train_impulse_activation_max_abs,0,1781610759916,0.0
learn,EOPKG-WI,EOPKGTopologyConditionedWI,d3b7c7404a1b432b8dd330d96271b528,854778689611649472,_EOPKG_WI-UN-f1-5-67_loan_v1_v5_simulated_GATv2,_EOPKG_WI-UN-f1-5,67,train_impulse_activation_max_abs,0,1781610759916,0.0
learn,EOPKG-WI,EOPKGTopologyConditionedWI,d3b7c7404a1b432b8dd330d96271b528,854778689611649472,_EOPKG_WI-UN-f1-5-67_loan_v1_v5_simulated_GATv2,_EOPKG_WI-UN-f1-5,67,train_impulse_activation_max_abs,0,1781610866346,0.0
learn,EOPKG-WI,EOPKGTopologyConditionedWI,d3b7c7404a1b432b8dd330d96271b528,854778689611649472,_EOPKG_WI-UN-f1-5-67_loan_v1_v5_simulated_GATv2,_EOPKG_WI-UN-f1-5,67,train_impulse_activation_max_abs,0,1781610866346,0.0
learn,EOPKG-WI,EOPKGTopologyConditionedWI,d3b7c7404a1b432b8dd330d96271b528,854778689611649472,_EOPKG_WI-UN-f1-5-67_loan_v1_v5_simulated_GATv2,_EOPKG_WI-UN-f1-5,67,train_impulse_activation_max_abs,0,1781610971588,0.0
learn,EOPKG-WI,EOPKGTopologyConditionedWI,d3b7c7404a1b432b8dd330d96271b528,854778689611649472,_EOPKG_WI-UN-f1-5-67_loan_v1_v5_simulated_GATv2,_EOPKG_WI-UN-f1-5,67,train_impulse_activation_max_abs,0,1781610971588,0.0
learn,EOPKG-WI,EOPKGTopologyConditionedWI,d3b7c7404a1b432b8dd330d96271b528,854778689611649472,_EOPKG_WI-UN-f1-5-67_loan_v1_v5_simulated_GATv2,_EOPKG_WI-UN-f1-5,67,train_impulse_activation_max_abs,0,1781611080541,0.0
learn,EOPKG-WI,EOPKGTopologyConditionedWI,d3b7c7404a1b432b8dd330d96271b528,854778689611649472,_EOPKG_WI-UN-f1-5-67_loan_v1_v5_simulated_GATv2,_EOPKG_WI-UN-f1-5,67,train_impulse_activation_max_abs,0,1781611080541,0.0
learn,EOPKG-WI,EOPKGTopologyConditionedWI,d3b7c7404a1b432b8dd330d96271b528,854778689611649472,_EOPKG_WI-UN-f1-5-67_loan_v1_v5_simulated_GATv2,_EOPKG_WI-UN-f1-5,67,train_impulse_activation_max_abs,0,1781611185731,0.0
learn,EOPKG-WI,EOPKGTopologyConditionedWI,d3b7c7404a1b432b8dd330d96271b528,854778689611649472,_EOPKG_WI-UN-f1-5-67_loan_v1_v5_simulated_GATv2,_EOPKG_WI-UN-f1-5,67,train_impulse_activation_max_abs,0,1781611185731,0.0
learn,EOPKG-WI,EOPKGTopologyConditionedWI,d3b7c7404a1b432b8dd330d96271b528,854778689611649472,_EOPKG_WI-UN-f1-5-67_loan_v1_v5_simulated_GATv2,_EOPKG_WI-UN-f1-5,67,train_impulse_activation_max_abs,0,1781611293432,0.0
learn,EOPKG-WI,EOPKGTopologyConditionedWI,d3b7c7404a1b432b8dd330d96271b528,854778689611649472,_EOPKG_WI-UN-f1-5-67_loan_v1_v5_simulated_GATv2,_EOPKG_WI-UN-f1-5,67,train_impulse_activation_max_abs,0,1781611293432,0.0
learn,EOPKG-WI,EOPKGTopologyConditionedWI,d3b7c7404a1b432b8dd330d96271b528,854778689611649472,_EOPKG_WI-UN-f1-5-67_loan_v1_v5_simulated_GATv2,_EOPKG_WI-UN-f1-5,67,train_impulse_activation_max_abs,0,1781611398253,0.0
learn,EOPKG-WI,EOPKGTopologyConditionedWI,d3b7c7404a1b432b8dd330d96271b528,854778689611649472,_EOPKG_WI-UN-f1-5-67_loan_v1_v5_simulated_GATv2,_EOPKG_WI-UN-f1-5,67,train_impulse_activation_max_abs,0,1781611398253,0.0
learn,EOPKG-WI,EOPKGTopologyConditionedWI,d3b7c7404a1b432b8dd330d96271b528,854778689611649472,_EOPKG_WI-UN-f1-5-67_loan_v1_v5_simulated_GATv2,_EOPKG_WI-UN-f1-5,67,train_impulse_activation_max_abs,0,1781611504342,0.0
learn,EOPKG-WI,EOPKGTopologyConditionedWI,d3b7c7404a1b432b8dd330d96271b528,854778689611649472,_EOPKG_WI-UN-f1-5-67_loan_v1_v5_simulated_GATv2,_EOPKG_WI-UN-f1-5,67,train_impulse_activation_max_abs,0,1781611504342,0.0
learn,EOPKG-WI,EOPKGTopologyConditionedWI,d3b7c7404a1b432b8dd330d96271b528,854778689611649472,_EOPKG_WI-UN-f1-5-67_loan_v1_v5_simulated_GATv2,_EOPKG_WI-UN-f1-5,67,train_impulse_activation_max_abs,0,1781611611142,0.0
learn,EOPKG-WI,EOPKGTopologyConditionedWI,d3b7c7404a1b432b8dd330d96271b528,854778689611649472,_EOPKG_WI-UN-f1-5-67_loan_v1_v5_simulated_GATv2,_EOPKG_WI-UN-f1-5,67,train_impulse_activation_max_abs,0,1781611611142,0.0
learn,EOPKG-WI,EOPKGTopologyConditionedWI,d3b7c7404a1b432b8dd330d96271b528,854778689611649472,_EOPKG_WI-UN-f1-5-67_loan_v1_v5_simulated_GATv2,_EOPKG_WI-UN-f1-5,67,train_impulse_activation_max_abs,0,1781611715590,0.0
learn,EOPKG-WI,EOPKGTopologyConditionedWI,d3b7c7404a1b432b8dd330d96271b528,854778689611649472,_EOPKG_WI-UN-f1-5-67_loan_v1_v5_simulated_GATv2,_EOPKG_WI-UN-f1-5,67,train_impulse_activation_max_abs,0,1781611715590,0.0
learn,EOPKG-WI,EOPKGTopologyConditionedWI,d3b7c7404a1b432b8dd330d96271b528,854778689611649472,_EOPKG_WI-UN-f1-5-67_loan_v1_v5_simulated_GATv2,_EOPKG_WI-UN-f1-5,67,train_impulse_activation_max_abs,0,1781611821587,0.0
learn,EOPKG-WI,EOPKGTopologyConditionedWI,d3b7c7404a1b432b8dd330d96271b528,854778689611649472,_EOPKG_WI-UN-f1-5-67_loan_v1_v5_simulated_GATv2,_EOPKG_WI-UN-f1-5,67,train_impulse_activation_max_abs,0,1781611821587,0.0
learn,EOPKG-WI,EOPKGTopologyConditionedWI,d3b7c7404a1b432b8dd330d96271b528,854778689611649472,_EOPKG_WI-UN-f1-5-67_loan_v1_v5_simulated_GATv2,_EOPKG_WI-UN-f1-5,67,train_impulse_activation_max_abs,0,1781611926720,0.0
learn,EOPKG-WI,EOPKGTopologyConditionedWI,d3b7c7404a1b432b8dd330d96271b528,854778689611649472,_EOPKG_WI-UN-f1-5-67_loan_v1_v5_simulated_GATv2,_EOPKG_WI-UN-f1-5,67,train_impulse_activation_max_abs,0,1781611926720,0.0
learn,EOPKG-WI,EOPKGTopologyConditionedWI,d3b7c7404a1b432b8dd330d96271b528,854778689611649472,_EOPKG_WI-UN-f1-5-67_loan_v1_v5_simulated_GATv2,_EOPKG_WI-UN-f1-5,67,train_impulse_activation_max_abs,0,1781612031605,0.0
learn,EOPKG-WI,EOPKGTopologyConditionedWI,d3b7c7404a1b432b8dd330d96271b528,854778689611649472,_EOPKG_WI-UN-f1-5-67_loan_v1_v5_simulated_GATv2,_EOPKG_WI-UN-f1-5,67,train_impulse_activation_max_abs,0,1781612031605,0.0
learn,EOPKG-WI,EOPKGTopologyConditionedWI,d3b7c7404a1b432b8dd330d96271b528,854778689611649472,_EOPKG_WI-UN-f1-5-67_loan_v1_v5_simulated_GATv2,_EOPKG_WI-UN-f1-5,67,train_impulse_activation_max_abs,0,1781612136862,0.0
learn,EOPKG-WI,EOPKGTopologyConditionedWI,d3b7c7404a1b432b8dd330d96271b528,854778689611649472,_EOPKG_WI-UN-f1-5-67_loan_v1_v5_simulated_GATv2,_EOPKG_WI-UN-f1-5,67,train_impulse_activation_max_abs,0,1781612136862,0.0
learn,EOPKG-WI,EOPKGTopologyConditionedWI,d3b7c7404a1b432b8dd330d96271b528,854778689611649472,_EOPKG_WI-UN-f1-5-67_loan_v1_v5_simulated_GATv2,_EOPKG_WI-UN-f1-5,67,train_impulse_activation_max_abs,0,1781612242040,0.0
learn,EOPKG-WI,EOPKGTopologyConditionedWI,d3b7c7404a1b432b8dd330d96271b528,854778689611649472,_EOPKG_WI-UN-f1-5-67_loan_v1_v5_simulated_GATv2,_EOPKG_WI-UN-f1-5,67,train_impulse_activation_max_abs,0,1781612242040,0.0
learn,EOPKG-WI,EOPKGTopologyConditionedWI,d3b7c7404a1b432b8dd330d96271b528,854778689611649472,_EOPKG_WI-UN-f1-5-67_loan_v1_v5_simulated_GATv2,_EOPKG_WI-UN-f1-5,67,train_impulse_activation_max_abs,0,1781612362990,0.0
learn,EOPKG-WI,EOPKGTopologyConditionedWI,d3b7c7404a1b432b8dd330d96271b528,854778689611649472,_EOPKG_WI-UN-f1-5-67_loan_v1_v5_simulated_GATv2,_EOPKG_WI-UN-f1-5,67,train_impulse_activation_max_abs,0,1781612362990,0.0
learn,EOPKG-WI,EOPKGTopologyConditionedWI,d3b7c7404a1b432b8dd330d96271b528,854778689611649472,_EOPKG_WI-UN-f1-5-67_loan_v1_v5_simulated_GATv2,_EOPKG_WI-UN-f1-5,67,train_impulse_activation_max_abs,0,1781612468560,0.0
learn,EOPKG-WI,EOPKGTopologyConditionedWI,d3b7c7404a1b432b8dd330d96271b528,854778689611649472,_EOPKG_WI-UN-f1-5-67_loan_v1_v5_simulated_GATv2,_EOPKG_WI-UN-f1-5,67,train_impulse_activation_max_abs,0,1781612468560,0.0
learn,EOPKG-WI,EOPKGTopologyConditionedWI,d3b7c7404a1b432b8dd330d96271b528,854778689611649472,_EOPKG_WI-UN-f1-5-67_loan_v1_v5_simulated_GATv2,_EOPKG_WI-UN-f1-5,67,train_impulse_activation_max_abs,0,1781612572871,0.0
learn,EOPKG-WI,EOPKGTopologyConditionedWI,d3b7c7404a1b432b8dd330d96271b528,854778689611649472,_EOPKG_WI-UN-f1-5-67_loan_v1_v5_simulated_GATv2,_EOPKG_WI-UN-f1-5,67,train_impulse_activation_max_abs,0,1781612572871,0.0
learn,EOPKG-WI,EOPKGTopologyConditionedWI,d3b7c7404a1b432b8dd330d96271b528,854778689611649472,_EOPKG_WI-UN-f1-5-67_loan_v1_v5_simulated_GATv2,_EOPKG_WI-UN-f1-5,67,train_impulse_activation_max_abs,0,1781612676745,0.0
learn,EOPKG-WI,EOPKGTopologyConditionedWI,d3b7c7404a1b432b8dd330d96271b528,854778689611649472,_EOPKG_WI-UN-f1-5-67_loan_v1_v5_simulated_GATv2,_EOPKG_WI-UN-f1-5,67,train_impulse_activation_max_abs,0,1781612676745,0.0
learn,EOPKG-WI,EOPKGTopologyConditionedWI,d3b7c7404a1b432b8dd330d96271b528,854778689611649472,_EOPKG_WI-UN-f1-5-67_loan_v1_v5_simulated_GATv2,_EOPKG_WI-UN-f1-5,67,train_impulse_activation_max_abs,0,1781612781469,0.0
learn,EOPKG-WI,EOPKGTopologyConditionedWI,d3b7c7404a1b432b8dd330d96271b528,854778689611649472,_EOPKG_WI-UN-f1-5-67_loan_v1_v5_simulated_GATv2,_EOPKG_WI-UN-f1-5,67,train_impulse_activation_max_abs,0,1781612781469,0.0
learn,EOPKG-WI,EOPKGTopologyConditionedWI,d3b7c7404a1b432b8dd330d96271b528,854778689611649472,_EOPKG_WI-UN-f1-5-67_loan_v1_v5_simulated_GATv2,_EOPKG_WI-UN-f1-5,67,train_impulse_activation_max_abs,0,1781612885658,0.0
learn,EOPKG-WI,EOPKGTopologyConditionedWI,d3b7c7404a1b432b8dd330d96271b528,854778689611649472,_EOPKG_WI-UN-f1-5-67_loan_v1_v5_simulated_GATv2,_EOPKG_WI-UN-f1-5,67,train_impulse_activation_max_abs,0,1781612885658,0.0
learn,EOPKG-WI,EOPKGTopologyConditionedWI,d3b7c7404a1b432b8dd330d96271b528,854778689611649472,_EOPKG_WI-UN-f1-5-67_loan_v1_v5_simulated_GATv2,_EOPKG_WI-UN-f1-5,67,train_impulse_activation_max_abs,0,1781612990251,0.0
learn,EOPKG-WI,EOPKGTopologyConditionedWI,d3b7c7404a1b432b8dd330d96271b528,854778689611649472,_EOPKG_WI-UN-f1-5-67_loan_v1_v5_simulated_GATv2,_EOPKG_WI-UN-f1-5,67,train_impulse_activation_max_abs,0,1781612990251,0.0
learn,EOPKG-WI,EOPKGTopologyConditionedWI,d3b7c7404a1b432b8dd330d96271b528,854778689611649472,_EOPKG_WI-UN-f1-5-67_loan_v1_v5_simulated_GATv2,_EOPKG_WI-UN-f1-5,67,train_impulse_activation_max_abs,0,1781613095787,0.0
learn,EOPKG-WI,EOPKGTopologyConditionedWI,d3b7c7404a1b432b8dd330d96271b528,854778689611649472,_EOPKG_WI-UN-f1-5-67_loan_v1_v5_simulated_GATv2,_EOPKG_WI-UN-f1-5,67,train_impulse_activation_max_abs,0,1781613095787,0.0
learn,EOPKG-WI,EOPKGTopologyConditionedWI,d3b7c7404a1b432b8dd330d96271b528,854778689611649472,_EOPKG_WI-UN-f1-5-67_loan_v1_v5_simulated_GATv2,_EOPKG_WI-UN-f1-5,67,train_impulse_activation_max_abs,0,1781613199382,0.0
learn,EOPKG-WI,EOPKGTopologyConditionedWI,d3b7c7404a1b432b8dd330d96271b528,854778689611649472,_EOPKG_WI-UN-f1-5-67_loan_v1_v5_simulated_GATv2,_EOPKG_WI-UN-f1-5,67,train_impulse_activation_max_abs,0,1781613199382,0.0
learn,EOPKG-WI,EOPKGTopologyConditionedWI,d3b7c7404a1b432b8dd330d96271b528,854778689611649472,_EOPKG_WI-UN-f1-5-67_loan_v1_v5_simulated_GATv2,_EOPKG_WI-UN-f1-5,67,train_impulse_activation_max_abs,0,1781613303971,0.0
learn,EOPKG-WI,EOPKGTopologyConditionedWI,d3b7c7404a1b432b8dd330d96271b528,854778689611649472,_EOPKG_WI-UN-f1-5-67_loan_v1_v5_simulated_GATv2,_EOPKG_WI-UN-f1-5,67,train_impulse_activation_max_abs,0,1781613303971,0.0
learn,EOPKG-WI,EOPKGTopologyConditionedWI,d3b7c7404a1b432b8dd330d96271b528,854778689611649472,_EOPKG_WI-UN-f1-5-67_loan_v1_v5_simulated_GATv2,_EOPKG_WI-UN-f1-5,67,train_impulse_activation_max_abs,0,1781613408592,0.0
learn,EOPKG-WI,EOPKGTopologyConditionedWI,d3b7c7404a1b432b8dd330d96271b528,854778689611649472,_EOPKG_WI-UN-f1-5-67_loan_v1_v5_simulated_GATv2,_EOPKG_WI-UN-f1-5,67,train_impulse_activation_max_abs,0,1781613408592,0.0
learn,EOPKG-WI,EOPKGTopologyConditionedWI,d3b7c7404a1b432b8dd330d96271b528,854778689611649472,_EOPKG_WI-UN-f1-5-67_loan_v1_v5_simulated_GATv2,_EOPKG_WI-UN-f1-5,67,train_impulse_activation_max_abs,0,1781613514356,0.0
learn,EOPKG-WI,EOPKGTopologyConditionedWI,d3b7c7404a1b432b8dd330d96271b528,854778689611649472,_EOPKG_WI-UN-f1-5-67_loan_v1_v5_simulated_GATv2,_EOPKG_WI-UN-f1-5,67,train_impulse_activation_max_abs,0,1781613514356,0.0
learn,EOPKG-WI,EOPKGTopologyConditionedWI,d3b7c7404a1b432b8dd330d96271b528,854778689611649472,_EOPKG_WI-UN-f1-5-67_loan_v1_v5_simulated_GATv2,_EOPKG_WI-UN-f1-5,67,train_impulse_activation_max_abs,0,1781613620189,0.0
learn,EOPKG-WI,EOPKGTopologyConditionedWI,d3b7c7404a1b432b8dd330d96271b528,854778689611649472,_EOPKG_WI-UN-f1-5-67_loan_v1_v5_simulated_GATv2,_EOPKG_WI-UN-f1-5,67,train_impulse_activation_max_abs,0,1781613620189,0.0
