run_set,paper_model,model_type,run_id,experiment_id,run_name,preset_name,seed,metric,step,timestamp,value
learn,EOPKG,EOPKGTopologyConditioned,43c4e96d97544cea9eae53251dac57de,854778689611649472,_EOPKG_TC-UN-f1-5-penalty3l-32_loan_v1_v5_simulated_GATv2,_EOPKG_TC-UN-f1-5-penalty3l,32,train_candidate_target_in_candidate_set_rate,0,1781418801170,1.0
learn,EOPKG,EOPKGTopologyConditioned,43c4e96d97544cea9eae53251dac57de,854778689611649472,_EOPKG_TC-UN-f1-5-penalty3l-32_loan_v1_v5_simulated_GATv2,_EOPKG_TC-UN-f1-5-penalty3l,32,train_candidate_target_in_candidate_set_rate,0,1781418801170,1.0
learn,EOPKG,EOPKGTopologyConditioned,43c4e96d97544cea9eae53251dac57de,854778689611649472,_EOPKG_TC-UN-f1-5-penalty3l-32_loan_v1_v5_simulated_GATv2,_EOPKG_TC-UN-f1-5-penalty3l,32,train_candidate_target_in_candidate_set_rate,0,1781419068917,1.0
learn,EOPKG,EOPKGTopologyConditioned,43c4e96d97544cea9eae53251dac57de,854778689611649472,_EOPKG_TC-UN-f1-5-penalty3l-32_loan_v1_v5_simulated_GATv2,_EOPKG_TC-UN-f1-5-penalty3l,32,train_candidate_target_in_candidate_set_rate,0,1781419068917,1.0
learn,EOPKG,EOPKGTopologyConditioned,43c4e96d97544cea9eae53251dac57de,854778689611649472,_EOPKG_TC-UN-f1-5-penalty3l-32_loan_v1_v5_simulated_GATv2,_EOPKG_TC-UN-f1-5-penalty3l,32,train_candidate_target_in_candidate_set_rate,0,1781419326657,1.0
learn,EOPKG,EOPKGTopologyConditioned,43c4e96d97544cea9eae53251dac57de,854778689611649472,_EOPKG_TC-UN-f1-5-penalty3l-32_loan_v1_v5_simulated_GATv2,_EOPKG_TC-UN-f1-5-penalty3l,32,train_candidate_target_in_candidate_set_rate,0,1781419326657,1.0
learn,EOPKG,EOPKGTopologyConditioned,43c4e96d97544cea9eae53251dac57de,854778689611649472,_EOPKG_TC-UN-f1-5-penalty3l-32_loan_v1_v5_simulated_GATv2,_EOPKG_TC-UN-f1-5-penalty3l,32,train_candidate_target_in_candidate_set_rate,0,1781419616219,1.0
learn,EOPKG,EOPKGTopologyConditioned,43c4e96d97544cea9eae53251dac57de,854778689611649472,_EOPKG_TC-UN-f1-5-penalty3l-32_loan_v1_v5_simulated_GATv2,_EOPKG_TC-UN-f1-5-penalty3l,32,train_candidate_target_in_candidate_set_rate,0,1781419616219,1.0
learn,EOPKG,EOPKGTopologyConditioned,43c4e96d97544cea9eae53251dac57de,854778689611649472,_EOPKG_TC-UN-f1-5-penalty3l-32_loan_v1_v5_simulated_GATv2,_EOPKG_TC-UN-f1-5-penalty3l,32,train_candidate_target_in_candidate_set_rate,0,1781419898272,1.0
learn,EOPKG,EOPKGTopologyConditioned,43c4e96d97544cea9eae53251dac57de,854778689611649472,_EOPKG_TC-UN-f1-5-penalty3l-32_loan_v1_v5_simulated_GATv2,_EOPKG_TC-UN-f1-5-penalty3l,32,train_candidate_target_in_candidate_set_rate,0,1781419898272,1.0
learn,EOPKG,EOPKGTopologyConditioned,43c4e96d97544cea9eae53251dac57de,854778689611649472,_EOPKG_TC-UN-f1-5-penalty3l-32_loan_v1_v5_simulated_GATv2,_EOPKG_TC-UN-f1-5-penalty3l,32,train_candidate_target_in_candidate_set_rate,0,1781420161613,1.0
learn,EOPKG,EOPKGTopologyConditioned,43c4e96d97544cea9eae53251dac57de,854778689611649472,_EOPKG_TC-UN-f1-5-penalty3l-32_loan_v1_v5_simulated_GATv2,_EOPKG_TC-UN-f1-5-penalty3l,32,train_candidate_target_in_candidate_set_rate,0,1781420161613,1.0
learn,EOPKG,EOPKGTopologyConditioned,43c4e96d97544cea9eae53251dac57de,854778689611649472,_EOPKG_TC-UN-f1-5-penalty3l-32_loan_v1_v5_simulated_GATv2,_EOPKG_TC-UN-f1-5-penalty3l,32,train_candidate_target_in_candidate_set_rate,0,1781420419790,1.0
learn,EOPKG,EOPKGTopologyConditioned,43c4e96d97544cea9eae53251dac57de,854778689611649472,_EOPKG_TC-UN-f1-5-penalty3l-32_loan_v1_v5_simulated_GATv2,_EOPKG_TC-UN-f1-5-penalty3l,32,train_candidate_target_in_candidate_set_rate,0,1781420419790,1.0
learn,EOPKG,EOPKGTopologyConditioned,43c4e96d97544cea9eae53251dac57de,854778689611649472,_EOPKG_TC-UN-f1-5-penalty3l-32_loan_v1_v5_simulated_GATv2,_EOPKG_TC-UN-f1-5-penalty3l,32,train_candidate_target_in_candidate_set_rate,0,1781420679302,1.0
learn,EOPKG,EOPKGTopologyConditioned,43c4e96d97544cea9eae53251dac57de,854778689611649472,_EOPKG_TC-UN-f1-5-penalty3l-32_loan_v1_v5_simulated_GATv2,_EOPKG_TC-UN-f1-5-penalty3l,32,train_candidate_target_in_candidate_set_rate,0,1781420679302,1.0
learn,EOPKG,EOPKGTopologyConditioned,43c4e96d97544cea9eae53251dac57de,854778689611649472,_EOPKG_TC-UN-f1-5-penalty3l-32_loan_v1_v5_simulated_GATv2,_EOPKG_TC-UN-f1-5-penalty3l,32,train_candidate_target_in_candidate_set_rate,0,1781420946449,1.0
learn,EOPKG,EOPKGTopologyConditioned,43c4e96d97544cea9eae53251dac57de,854778689611649472,_EOPKG_TC-UN-f1-5-penalty3l-32_loan_v1_v5_simulated_GATv2,_EOPKG_TC-UN-f1-5-penalty3l,32,train_candidate_target_in_candidate_set_rate,0,1781420946449,1.0
learn,EOPKG,EOPKGTopologyConditioned,43c4e96d97544cea9eae53251dac57de,854778689611649472,_EOPKG_TC-UN-f1-5-penalty3l-32_loan_v1_v5_simulated_GATv2,_EOPKG_TC-UN-f1-5-penalty3l,32,train_candidate_target_in_candidate_set_rate,0,1781421199527,1.0
learn,EOPKG,EOPKGTopologyConditioned,43c4e96d97544cea9eae53251dac57de,854778689611649472,_EOPKG_TC-UN-f1-5-penalty3l-32_loan_v1_v5_simulated_GATv2,_EOPKG_TC-UN-f1-5-penalty3l,32,train_candidate_target_in_candidate_set_rate,0,1781421199527,1.0
learn,EOPKG,EOPKGTopologyConditioned,43c4e96d97544cea9eae53251dac57de,854778689611649472,_EOPKG_TC-UN-f1-5-penalty3l-32_loan_v1_v5_simulated_GATv2,_EOPKG_TC-UN-f1-5-penalty3l,32,train_candidate_target_in_candidate_set_rate,0,1781421694505,1.0
learn,EOPKG,EOPKGTopologyConditioned,43c4e96d97544cea9eae53251dac57de,854778689611649472,_EOPKG_TC-UN-f1-5-penalty3l-32_loan_v1_v5_simulated_GATv2,_EOPKG_TC-UN-f1-5-penalty3l,32,train_candidate_target_in_candidate_set_rate,0,1781421694505,1.0
learn,EOPKG,EOPKGTopologyConditioned,43c4e96d97544cea9eae53251dac57de,854778689611649472,_EOPKG_TC-UN-f1-5-penalty3l-32_loan_v1_v5_simulated_GATv2,_EOPKG_TC-UN-f1-5-penalty3l,32,train_candidate_target_in_candidate_set_rate,0,1781422005646,1.0
learn,EOPKG,EOPKGTopologyConditioned,43c4e96d97544cea9eae53251dac57de,854778689611649472,_EOPKG_TC-UN-f1-5-penalty3l-32_loan_v1_v5_simulated_GATv2,_EOPKG_TC-UN-f1-5-penalty3l,32,train_candidate_target_in_candidate_set_rate,0,1781422005646,1.0
learn,EOPKG,EOPKGTopologyConditioned,43c4e96d97544cea9eae53251dac57de,854778689611649472,_EOPKG_TC-UN-f1-5-penalty3l-32_loan_v1_v5_simulated_GATv2,_EOPKG_TC-UN-f1-5-penalty3l,32,train_candidate_target_in_candidate_set_rate,0,1781422466365,1.0
learn,EOPKG,EOPKGTopologyConditioned,43c4e96d97544cea9eae53251dac57de,854778689611649472,_EOPKG_TC-UN-f1-5-penalty3l-32_loan_v1_v5_simulated_GATv2,_EOPKG_TC-UN-f1-5-penalty3l,32,train_candidate_target_in_candidate_set_rate,0,1781422466365,1.0
learn,EOPKG,EOPKGTopologyConditioned,43c4e96d97544cea9eae53251dac57de,854778689611649472,_EOPKG_TC-UN-f1-5-penalty3l-32_loan_v1_v5_simulated_GATv2,_EOPKG_TC-UN-f1-5-penalty3l,32,train_candidate_target_in_candidate_set_rate,0,1781422754251,1.0
learn,EOPKG,EOPKGTopologyConditioned,43c4e96d97544cea9eae53251dac57de,854778689611649472,_EOPKG_TC-UN-f1-5-penalty3l-32_loan_v1_v5_simulated_GATv2,_EOPKG_TC-UN-f1-5-penalty3l,32,train_candidate_target_in_candidate_set_rate,0,1781422754251,1.0
learn,EOPKG,EOPKGTopologyConditioned,43c4e96d97544cea9eae53251dac57de,854778689611649472,_EOPKG_TC-UN-f1-5-penalty3l-32_loan_v1_v5_simulated_GATv2,_EOPKG_TC-UN-f1-5-penalty3l,32,train_candidate_target_in_candidate_set_rate,0,1781423037970,1.0
learn,EOPKG,EOPKGTopologyConditioned,43c4e96d97544cea9eae53251dac57de,854778689611649472,_EOPKG_TC-UN-f1-5-penalty3l-32_loan_v1_v5_simulated_GATv2,_EOPKG_TC-UN-f1-5-penalty3l,32,train_candidate_target_in_candidate_set_rate,0,1781423037970,1.0
learn,EOPKG,EOPKGTopologyConditioned,43c4e96d97544cea9eae53251dac57de,854778689611649472,_EOPKG_TC-UN-f1-5-penalty3l-32_loan_v1_v5_simulated_GATv2,_EOPKG_TC-UN-f1-5-penalty3l,32,train_candidate_target_in_candidate_set_rate,0,1781423407974,1.0
learn,EOPKG,EOPKGTopologyConditioned,43c4e96d97544cea9eae53251dac57de,854778689611649472,_EOPKG_TC-UN-f1-5-penalty3l-32_loan_v1_v5_simulated_GATv2,_EOPKG_TC-UN-f1-5-penalty3l,32,train_candidate_target_in_candidate_set_rate,0,1781423407974,1.0
learn,EOPKG,EOPKGTopologyConditioned,43c4e96d97544cea9eae53251dac57de,854778689611649472,_EOPKG_TC-UN-f1-5-penalty3l-32_loan_v1_v5_simulated_GATv2,_EOPKG_TC-UN-f1-5-penalty3l,32,train_candidate_target_in_candidate_set_rate,0,1781423713579,1.0
learn,EOPKG,EOPKGTopologyConditioned,43c4e96d97544cea9eae53251dac57de,854778689611649472,_EOPKG_TC-UN-f1-5-penalty3l-32_loan_v1_v5_simulated_GATv2,_EOPKG_TC-UN-f1-5-penalty3l,32,train_candidate_target_in_candidate_set_rate,0,1781423713579,1.0
learn,EOPKG,EOPKGTopologyConditioned,43c4e96d97544cea9eae53251dac57de,854778689611649472,_EOPKG_TC-UN-f1-5-penalty3l-32_loan_v1_v5_simulated_GATv2,_EOPKG_TC-UN-f1-5-penalty3l,32,train_candidate_target_in_candidate_set_rate,0,1781423995366,1.0
learn,EOPKG,EOPKGTopologyConditioned,43c4e96d97544cea9eae53251dac57de,854778689611649472,_EOPKG_TC-UN-f1-5-penalty3l-32_loan_v1_v5_simulated_GATv2,_EOPKG_TC-UN-f1-5-penalty3l,32,train_candidate_target_in_candidate_set_rate,0,1781423995366,1.0
learn,EOPKG,EOPKGTopologyConditioned,43c4e96d97544cea9eae53251dac57de,854778689611649472,_EOPKG_TC-UN-f1-5-penalty3l-32_loan_v1_v5_simulated_GATv2,_EOPKG_TC-UN-f1-5-penalty3l,32,train_candidate_target_in_candidate_set_rate,0,1781424255945,1.0
learn,EOPKG,EOPKGTopologyConditioned,43c4e96d97544cea9eae53251dac57de,854778689611649472,_EOPKG_TC-UN-f1-5-penalty3l-32_loan_v1_v5_simulated_GATv2,_EOPKG_TC-UN-f1-5-penalty3l,32,train_candidate_target_in_candidate_set_rate,0,1781424255945,1.0
learn,EOPKG,EOPKGTopologyConditioned,43c4e96d97544cea9eae53251dac57de,854778689611649472,_EOPKG_TC-UN-f1-5-penalty3l-32_loan_v1_v5_simulated_GATv2,_EOPKG_TC-UN-f1-5-penalty3l,32,train_candidate_target_in_candidate_set_rate,0,1781424514595,1.0
learn,EOPKG,EOPKGTopologyConditioned,43c4e96d97544cea9eae53251dac57de,854778689611649472,_EOPKG_TC-UN-f1-5-penalty3l-32_loan_v1_v5_simulated_GATv2,_EOPKG_TC-UN-f1-5-penalty3l,32,train_candidate_target_in_candidate_set_rate,0,1781424514595,1.0
learn,EOPKG,EOPKGTopologyConditioned,43c4e96d97544cea9eae53251dac57de,854778689611649472,_EOPKG_TC-UN-f1-5-penalty3l-32_loan_v1_v5_simulated_GATv2,_EOPKG_TC-UN-f1-5-penalty3l,32,train_candidate_target_in_candidate_set_rate,0,1781424772760,1.0
learn,EOPKG,EOPKGTopologyConditioned,43c4e96d97544cea9eae53251dac57de,854778689611649472,_EOPKG_TC-UN-f1-5-penalty3l-32_loan_v1_v5_simulated_GATv2,_EOPKG_TC-UN-f1-5-penalty3l,32,train_candidate_target_in_candidate_set_rate,0,1781424772760,1.0
learn,EOPKG,EOPKGTopologyConditioned,43c4e96d97544cea9eae53251dac57de,854778689611649472,_EOPKG_TC-UN-f1-5-penalty3l-32_loan_v1_v5_simulated_GATv2,_EOPKG_TC-UN-f1-5-penalty3l,32,train_candidate_target_in_candidate_set_rate,0,1781425032605,1.0
learn,EOPKG,EOPKGTopologyConditioned,43c4e96d97544cea9eae53251dac57de,854778689611649472,_EOPKG_TC-UN-f1-5-penalty3l-32_loan_v1_v5_simulated_GATv2,_EOPKG_TC-UN-f1-5-penalty3l,32,train_candidate_target_in_candidate_set_rate,0,1781425032605,1.0
learn,EOPKG,EOPKGTopologyConditioned,43c4e96d97544cea9eae53251dac57de,854778689611649472,_EOPKG_TC-UN-f1-5-penalty3l-32_loan_v1_v5_simulated_GATv2,_EOPKG_TC-UN-f1-5-penalty3l,32,train_candidate_target_in_candidate_set_rate,0,1781425291456,1.0
learn,EOPKG,EOPKGTopologyConditioned,43c4e96d97544cea9eae53251dac57de,854778689611649472,_EOPKG_TC-UN-f1-5-penalty3l-32_loan_v1_v5_simulated_GATv2,_EOPKG_TC-UN-f1-5-penalty3l,32,train_candidate_target_in_candidate_set_rate,0,1781425291456,1.0
learn,EOPKG,EOPKGTopologyConditioned,43c4e96d97544cea9eae53251dac57de,854778689611649472,_EOPKG_TC-UN-f1-5-penalty3l-32_loan_v1_v5_simulated_GATv2,_EOPKG_TC-UN-f1-5-penalty3l,32,train_candidate_target_in_candidate_set_rate,0,1781425554354,1.0
learn,EOPKG,EOPKGTopologyConditioned,43c4e96d97544cea9eae53251dac57de,854778689611649472,_EOPKG_TC-UN-f1-5-penalty3l-32_loan_v1_v5_simulated_GATv2,_EOPKG_TC-UN-f1-5-penalty3l,32,train_candidate_target_in_candidate_set_rate,0,1781425554354,1.0
learn,EOPKG,EOPKGTopologyConditioned,43c4e96d97544cea9eae53251dac57de,854778689611649472,_EOPKG_TC-UN-f1-5-penalty3l-32_loan_v1_v5_simulated_GATv2,_EOPKG_TC-UN-f1-5-penalty3l,32,train_candidate_target_in_candidate_set_rate,0,1781425819533,1.0
learn,EOPKG,EOPKGTopologyConditioned,43c4e96d97544cea9eae53251dac57de,854778689611649472,_EOPKG_TC-UN-f1-5-penalty3l-32_loan_v1_v5_simulated_GATv2,_EOPKG_TC-UN-f1-5-penalty3l,32,train_candidate_target_in_candidate_set_rate,0,1781425819533,1.0
learn,EOPKG,EOPKGTopologyConditioned,43c4e96d97544cea9eae53251dac57de,854778689611649472,_EOPKG_TC-UN-f1-5-penalty3l-32_loan_v1_v5_simulated_GATv2,_EOPKG_TC-UN-f1-5-penalty3l,32,train_candidate_target_in_candidate_set_rate,0,1781426078475,1.0
learn,EOPKG,EOPKGTopologyConditioned,43c4e96d97544cea9eae53251dac57de,854778689611649472,_EOPKG_TC-UN-f1-5-penalty3l-32_loan_v1_v5_simulated_GATv2,_EOPKG_TC-UN-f1-5-penalty3l,32,train_candidate_target_in_candidate_set_rate,0,1781426078475,1.0
learn,EOPKG,EOPKGTopologyConditioned,43c4e96d97544cea9eae53251dac57de,854778689611649472,_EOPKG_TC-UN-f1-5-penalty3l-32_loan_v1_v5_simulated_GATv2,_EOPKG_TC-UN-f1-5-penalty3l,32,train_candidate_target_in_candidate_set_rate,0,1781426341082,1.0
learn,EOPKG,EOPKGTopologyConditioned,43c4e96d97544cea9eae53251dac57de,854778689611649472,_EOPKG_TC-UN-f1-5-penalty3l-32_loan_v1_v5_simulated_GATv2,_EOPKG_TC-UN-f1-5-penalty3l,32,train_candidate_target_in_candidate_set_rate,0,1781426341082,1.0
learn,EOPKG,EOPKGTopologyConditioned,43c4e96d97544cea9eae53251dac57de,854778689611649472,_EOPKG_TC-UN-f1-5-penalty3l-32_loan_v1_v5_simulated_GATv2,_EOPKG_TC-UN-f1-5-penalty3l,32,train_candidate_target_in_candidate_set_rate,0,1781426599139,1.0
learn,EOPKG,EOPKGTopologyConditioned,43c4e96d97544cea9eae53251dac57de,854778689611649472,_EOPKG_TC-UN-f1-5-penalty3l-32_loan_v1_v5_simulated_GATv2,_EOPKG_TC-UN-f1-5-penalty3l,32,train_candidate_target_in_candidate_set_rate,0,1781426599139,1.0
learn,EOPKG,EOPKGTopologyConditioned,43c4e96d97544cea9eae53251dac57de,854778689611649472,_EOPKG_TC-UN-f1-5-penalty3l-32_loan_v1_v5_simulated_GATv2,_EOPKG_TC-UN-f1-5-penalty3l,32,train_candidate_target_in_candidate_set_rate,0,1781426858737,1.0
learn,EOPKG,EOPKGTopologyConditioned,43c4e96d97544cea9eae53251dac57de,854778689611649472,_EOPKG_TC-UN-f1-5-penalty3l-32_loan_v1_v5_simulated_GATv2,_EOPKG_TC-UN-f1-5-penalty3l,32,train_candidate_target_in_candidate_set_rate,0,1781426858737,1.0
learn,EOPKG,EOPKGTopologyConditioned,43c4e96d97544cea9eae53251dac57de,854778689611649472,_EOPKG_TC-UN-f1-5-penalty3l-32_loan_v1_v5_simulated_GATv2,_EOPKG_TC-UN-f1-5-penalty3l,32,train_candidate_target_in_candidate_set_rate,0,1781427117032,1.0
learn,EOPKG,EOPKGTopologyConditioned,43c4e96d97544cea9eae53251dac57de,854778689611649472,_EOPKG_TC-UN-f1-5-penalty3l-32_loan_v1_v5_simulated_GATv2,_EOPKG_TC-UN-f1-5-penalty3l,32,train_candidate_target_in_candidate_set_rate,0,1781427117032,1.0
learn,EOPKG,EOPKGTopologyConditioned,43c4e96d97544cea9eae53251dac57de,854778689611649472,_EOPKG_TC-UN-f1-5-penalty3l-32_loan_v1_v5_simulated_GATv2,_EOPKG_TC-UN-f1-5-penalty3l,32,train_candidate_target_in_candidate_set_rate,0,1781427378154,1.0
learn,EOPKG,EOPKGTopologyConditioned,43c4e96d97544cea9eae53251dac57de,854778689611649472,_EOPKG_TC-UN-f1-5-penalty3l-32_loan_v1_v5_simulated_GATv2,_EOPKG_TC-UN-f1-5-penalty3l,32,train_candidate_target_in_candidate_set_rate,0,1781427378154,1.0
learn,EOPKG,EOPKGTopologyConditioned,5e56c5c7531d4675b4c740f509ff678f,854778689611649472,_EOPKG_TC-UN-f1-5-penalty3l-42_loan_v1_v5_simulated_GATv2,_EOPKG_TC-UN-f1-5-penalty3l,42,train_candidate_target_in_candidate_set_rate,0,1780655630893,1.0
learn,EOPKG,EOPKGTopologyConditioned,5e56c5c7531d4675b4c740f509ff678f,854778689611649472,_EOPKG_TC-UN-f1-5-penalty3l-42_loan_v1_v5_simulated_GATv2,_EOPKG_TC-UN-f1-5-penalty3l,42,train_candidate_target_in_candidate_set_rate,0,1780655630893,1.0
learn,EOPKG,EOPKGTopologyConditioned,5e56c5c7531d4675b4c740f509ff678f,854778689611649472,_EOPKG_TC-UN-f1-5-penalty3l-42_loan_v1_v5_simulated_GATv2,_EOPKG_TC-UN-f1-5-penalty3l,42,train_candidate_target_in_candidate_set_rate,0,1780655937693,1.0
learn,EOPKG,EOPKGTopologyConditioned,5e56c5c7531d4675b4c740f509ff678f,854778689611649472,_EOPKG_TC-UN-f1-5-penalty3l-42_loan_v1_v5_simulated_GATv2,_EOPKG_TC-UN-f1-5-penalty3l,42,train_candidate_target_in_candidate_set_rate,0,1780655937693,1.0
learn,EOPKG,EOPKGTopologyConditioned,5e56c5c7531d4675b4c740f509ff678f,854778689611649472,_EOPKG_TC-UN-f1-5-penalty3l-42_loan_v1_v5_simulated_GATv2,_EOPKG_TC-UN-f1-5-penalty3l,42,train_candidate_target_in_candidate_set_rate,0,1780656248735,1.0
learn,EOPKG,EOPKGTopologyConditioned,5e56c5c7531d4675b4c740f509ff678f,854778689611649472,_EOPKG_TC-UN-f1-5-penalty3l-42_loan_v1_v5_simulated_GATv2,_EOPKG_TC-UN-f1-5-penalty3l,42,train_candidate_target_in_candidate_set_rate,0,1780656248735,1.0
learn,EOPKG,EOPKGTopologyConditioned,5e56c5c7531d4675b4c740f509ff678f,854778689611649472,_EOPKG_TC-UN-f1-5-penalty3l-42_loan_v1_v5_simulated_GATv2,_EOPKG_TC-UN-f1-5-penalty3l,42,train_candidate_target_in_candidate_set_rate,0,1780656566364,1.0
learn,EOPKG,EOPKGTopologyConditioned,5e56c5c7531d4675b4c740f509ff678f,854778689611649472,_EOPKG_TC-UN-f1-5-penalty3l-42_loan_v1_v5_simulated_GATv2,_EOPKG_TC-UN-f1-5-penalty3l,42,train_candidate_target_in_candidate_set_rate,0,1780656566364,1.0
learn,EOPKG,EOPKGTopologyConditioned,5e56c5c7531d4675b4c740f509ff678f,854778689611649472,_EOPKG_TC-UN-f1-5-penalty3l-42_loan_v1_v5_simulated_GATv2,_EOPKG_TC-UN-f1-5-penalty3l,42,train_candidate_target_in_candidate_set_rate,0,1780656890895,1.0
learn,EOPKG,EOPKGTopologyConditioned,5e56c5c7531d4675b4c740f509ff678f,854778689611649472,_EOPKG_TC-UN-f1-5-penalty3l-42_loan_v1_v5_simulated_GATv2,_EOPKG_TC-UN-f1-5-penalty3l,42,train_candidate_target_in_candidate_set_rate,0,1780656890895,1.0
learn,EOPKG,EOPKGTopologyConditioned,5e56c5c7531d4675b4c740f509ff678f,854778689611649472,_EOPKG_TC-UN-f1-5-penalty3l-42_loan_v1_v5_simulated_GATv2,_EOPKG_TC-UN-f1-5-penalty3l,42,train_candidate_target_in_candidate_set_rate,0,1780657279541,1.0
learn,EOPKG,EOPKGTopologyConditioned,5e56c5c7531d4675b4c740f509ff678f,854778689611649472,_EOPKG_TC-UN-f1-5-penalty3l-42_loan_v1_v5_simulated_GATv2,_EOPKG_TC-UN-f1-5-penalty3l,42,train_candidate_target_in_candidate_set_rate,0,1780657279541,1.0
learn,EOPKG,EOPKGTopologyConditioned,5e56c5c7531d4675b4c740f509ff678f,854778689611649472,_EOPKG_TC-UN-f1-5-penalty3l-42_loan_v1_v5_simulated_GATv2,_EOPKG_TC-UN-f1-5-penalty3l,42,train_candidate_target_in_candidate_set_rate,0,1780657643180,1.0
learn,EOPKG,EOPKGTopologyConditioned,5e56c5c7531d4675b4c740f509ff678f,854778689611649472,_EOPKG_TC-UN-f1-5-penalty3l-42_loan_v1_v5_simulated_GATv2,_EOPKG_TC-UN-f1-5-penalty3l,42,train_candidate_target_in_candidate_set_rate,0,1780657643180,1.0
learn,EOPKG,EOPKGTopologyConditioned,5e56c5c7531d4675b4c740f509ff678f,854778689611649472,_EOPKG_TC-UN-f1-5-penalty3l-42_loan_v1_v5_simulated_GATv2,_EOPKG_TC-UN-f1-5-penalty3l,42,train_candidate_target_in_candidate_set_rate,0,1780657998202,1.0
learn,EOPKG,EOPKGTopologyConditioned,5e56c5c7531d4675b4c740f509ff678f,854778689611649472,_EOPKG_TC-UN-f1-5-penalty3l-42_loan_v1_v5_simulated_GATv2,_EOPKG_TC-UN-f1-5-penalty3l,42,train_candidate_target_in_candidate_set_rate,0,1780657998202,1.0
learn,EOPKG,EOPKGTopologyConditioned,5e56c5c7531d4675b4c740f509ff678f,854778689611649472,_EOPKG_TC-UN-f1-5-penalty3l-42_loan_v1_v5_simulated_GATv2,_EOPKG_TC-UN-f1-5-penalty3l,42,train_candidate_target_in_candidate_set_rate,0,1780658338256,1.0
learn,EOPKG,EOPKGTopologyConditioned,5e56c5c7531d4675b4c740f509ff678f,854778689611649472,_EOPKG_TC-UN-f1-5-penalty3l-42_loan_v1_v5_simulated_GATv2,_EOPKG_TC-UN-f1-5-penalty3l,42,train_candidate_target_in_candidate_set_rate,0,1780658338256,1.0
learn,EOPKG,EOPKGTopologyConditioned,5e56c5c7531d4675b4c740f509ff678f,854778689611649472,_EOPKG_TC-UN-f1-5-penalty3l-42_loan_v1_v5_simulated_GATv2,_EOPKG_TC-UN-f1-5-penalty3l,42,train_candidate_target_in_candidate_set_rate,0,1780658729926,1.0
learn,EOPKG,EOPKGTopologyConditioned,5e56c5c7531d4675b4c740f509ff678f,854778689611649472,_EOPKG_TC-UN-f1-5-penalty3l-42_loan_v1_v5_simulated_GATv2,_EOPKG_TC-UN-f1-5-penalty3l,42,train_candidate_target_in_candidate_set_rate,0,1780658729926,1.0
learn,EOPKG,EOPKGTopologyConditioned,5e56c5c7531d4675b4c740f509ff678f,854778689611649472,_EOPKG_TC-UN-f1-5-penalty3l-42_loan_v1_v5_simulated_GATv2,_EOPKG_TC-UN-f1-5-penalty3l,42,train_candidate_target_in_candidate_set_rate,0,1780659032246,1.0
learn,EOPKG,EOPKGTopologyConditioned,5e56c5c7531d4675b4c740f509ff678f,854778689611649472,_EOPKG_TC-UN-f1-5-penalty3l-42_loan_v1_v5_simulated_GATv2,_EOPKG_TC-UN-f1-5-penalty3l,42,train_candidate_target_in_candidate_set_rate,0,1780659032246,1.0
learn,EOPKG,EOPKGTopologyConditioned,5e56c5c7531d4675b4c740f509ff678f,854778689611649472,_EOPKG_TC-UN-f1-5-penalty3l-42_loan_v1_v5_simulated_GATv2,_EOPKG_TC-UN-f1-5-penalty3l,42,train_candidate_target_in_candidate_set_rate,0,1780659334999,1.0
learn,EOPKG,EOPKGTopologyConditioned,5e56c5c7531d4675b4c740f509ff678f,854778689611649472,_EOPKG_TC-UN-f1-5-penalty3l-42_loan_v1_v5_simulated_GATv2,_EOPKG_TC-UN-f1-5-penalty3l,42,train_candidate_target_in_candidate_set_rate,0,1780659334999,1.0
learn,EOPKG,EOPKGTopologyConditioned,5e56c5c7531d4675b4c740f509ff678f,854778689611649472,_EOPKG_TC-UN-f1-5-penalty3l-42_loan_v1_v5_simulated_GATv2,_EOPKG_TC-UN-f1-5-penalty3l,42,train_candidate_target_in_candidate_set_rate,0,1780659688516,1.0
learn,EOPKG,EOPKGTopologyConditioned,5e56c5c7531d4675b4c740f509ff678f,854778689611649472,_EOPKG_TC-UN-f1-5-penalty3l-42_loan_v1_v5_simulated_GATv2,_EOPKG_TC-UN-f1-5-penalty3l,42,train_candidate_target_in_candidate_set_rate,0,1780659688516,1.0
learn,EOPKG,EOPKGTopologyConditioned,5e56c5c7531d4675b4c740f509ff678f,854778689611649472,_EOPKG_TC-UN-f1-5-penalty3l-42_loan_v1_v5_simulated_GATv2,_EOPKG_TC-UN-f1-5-penalty3l,42,train_candidate_target_in_candidate_set_rate,0,1780659991836,1.0
learn,EOPKG,EOPKGTopologyConditioned,5e56c5c7531d4675b4c740f509ff678f,854778689611649472,_EOPKG_TC-UN-f1-5-penalty3l-42_loan_v1_v5_simulated_GATv2,_EOPKG_TC-UN-f1-5-penalty3l,42,train_candidate_target_in_candidate_set_rate,0,1780659991836,1.0
learn,EOPKG,EOPKGTopologyConditioned,5e56c5c7531d4675b4c740f509ff678f,854778689611649472,_EOPKG_TC-UN-f1-5-penalty3l-42_loan_v1_v5_simulated_GATv2,_EOPKG_TC-UN-f1-5-penalty3l,42,train_candidate_target_in_candidate_set_rate,0,1780660381316,1.0
learn,EOPKG,EOPKGTopologyConditioned,5e56c5c7531d4675b4c740f509ff678f,854778689611649472,_EOPKG_TC-UN-f1-5-penalty3l-42_loan_v1_v5_simulated_GATv2,_EOPKG_TC-UN-f1-5-penalty3l,42,train_candidate_target_in_candidate_set_rate,0,1780660381316,1.0
learn,EOPKG,EOPKGTopologyConditioned,5e56c5c7531d4675b4c740f509ff678f,854778689611649472,_EOPKG_TC-UN-f1-5-penalty3l-42_loan_v1_v5_simulated_GATv2,_EOPKG_TC-UN-f1-5-penalty3l,42,train_candidate_target_in_candidate_set_rate,0,1780660696357,1.0
learn,EOPKG,EOPKGTopologyConditioned,5e56c5c7531d4675b4c740f509ff678f,854778689611649472,_EOPKG_TC-UN-f1-5-penalty3l-42_loan_v1_v5_simulated_GATv2,_EOPKG_TC-UN-f1-5-penalty3l,42,train_candidate_target_in_candidate_set_rate,0,1780660696357,1.0
learn,EOPKG,EOPKGTopologyConditioned,5e56c5c7531d4675b4c740f509ff678f,854778689611649472,_EOPKG_TC-UN-f1-5-penalty3l-42_loan_v1_v5_simulated_GATv2,_EOPKG_TC-UN-f1-5-penalty3l,42,train_candidate_target_in_candidate_set_rate,0,1780661032237,1.0
learn,EOPKG,EOPKGTopologyConditioned,5e56c5c7531d4675b4c740f509ff678f,854778689611649472,_EOPKG_TC-UN-f1-5-penalty3l-42_loan_v1_v5_simulated_GATv2,_EOPKG_TC-UN-f1-5-penalty3l,42,train_candidate_target_in_candidate_set_rate,0,1780661032237,1.0
learn,EOPKG,EOPKGTopologyConditioned,5e56c5c7531d4675b4c740f509ff678f,854778689611649472,_EOPKG_TC-UN-f1-5-penalty3l-42_loan_v1_v5_simulated_GATv2,_EOPKG_TC-UN-f1-5-penalty3l,42,train_candidate_target_in_candidate_set_rate,0,1780661318431,1.0
learn,EOPKG,EOPKGTopologyConditioned,5e56c5c7531d4675b4c740f509ff678f,854778689611649472,_EOPKG_TC-UN-f1-5-penalty3l-42_loan_v1_v5_simulated_GATv2,_EOPKG_TC-UN-f1-5-penalty3l,42,train_candidate_target_in_candidate_set_rate,0,1780661318431,1.0
learn,EOPKG,EOPKGTopologyConditioned,5e56c5c7531d4675b4c740f509ff678f,854778689611649472,_EOPKG_TC-UN-f1-5-penalty3l-42_loan_v1_v5_simulated_GATv2,_EOPKG_TC-UN-f1-5-penalty3l,42,train_candidate_target_in_candidate_set_rate,0,1780661592216,1.0
learn,EOPKG,EOPKGTopologyConditioned,5e56c5c7531d4675b4c740f509ff678f,854778689611649472,_EOPKG_TC-UN-f1-5-penalty3l-42_loan_v1_v5_simulated_GATv2,_EOPKG_TC-UN-f1-5-penalty3l,42,train_candidate_target_in_candidate_set_rate,0,1780661592216,1.0
learn,EOPKG,EOPKGTopologyConditioned,5e56c5c7531d4675b4c740f509ff678f,854778689611649472,_EOPKG_TC-UN-f1-5-penalty3l-42_loan_v1_v5_simulated_GATv2,_EOPKG_TC-UN-f1-5-penalty3l,42,train_candidate_target_in_candidate_set_rate,0,1780661866525,1.0
learn,EOPKG,EOPKGTopologyConditioned,5e56c5c7531d4675b4c740f509ff678f,854778689611649472,_EOPKG_TC-UN-f1-5-penalty3l-42_loan_v1_v5_simulated_GATv2,_EOPKG_TC-UN-f1-5-penalty3l,42,train_candidate_target_in_candidate_set_rate,0,1780661866525,1.0
learn,EOPKG,EOPKGTopologyConditioned,5e56c5c7531d4675b4c740f509ff678f,854778689611649472,_EOPKG_TC-UN-f1-5-penalty3l-42_loan_v1_v5_simulated_GATv2,_EOPKG_TC-UN-f1-5-penalty3l,42,train_candidate_target_in_candidate_set_rate,0,1780662136148,1.0
learn,EOPKG,EOPKGTopologyConditioned,5e56c5c7531d4675b4c740f509ff678f,854778689611649472,_EOPKG_TC-UN-f1-5-penalty3l-42_loan_v1_v5_simulated_GATv2,_EOPKG_TC-UN-f1-5-penalty3l,42,train_candidate_target_in_candidate_set_rate,0,1780662136148,1.0
learn,EOPKG,EOPKGTopologyConditioned,5e56c5c7531d4675b4c740f509ff678f,854778689611649472,_EOPKG_TC-UN-f1-5-penalty3l-42_loan_v1_v5_simulated_GATv2,_EOPKG_TC-UN-f1-5-penalty3l,42,train_candidate_target_in_candidate_set_rate,0,1780662407576,1.0
learn,EOPKG,EOPKGTopologyConditioned,5e56c5c7531d4675b4c740f509ff678f,854778689611649472,_EOPKG_TC-UN-f1-5-penalty3l-42_loan_v1_v5_simulated_GATv2,_EOPKG_TC-UN-f1-5-penalty3l,42,train_candidate_target_in_candidate_set_rate,0,1780662407576,1.0
learn,EOPKG,EOPKGTopologyConditioned,5e56c5c7531d4675b4c740f509ff678f,854778689611649472,_EOPKG_TC-UN-f1-5-penalty3l-42_loan_v1_v5_simulated_GATv2,_EOPKG_TC-UN-f1-5-penalty3l,42,train_candidate_target_in_candidate_set_rate,0,1780662676523,1.0
learn,EOPKG,EOPKGTopologyConditioned,5e56c5c7531d4675b4c740f509ff678f,854778689611649472,_EOPKG_TC-UN-f1-5-penalty3l-42_loan_v1_v5_simulated_GATv2,_EOPKG_TC-UN-f1-5-penalty3l,42,train_candidate_target_in_candidate_set_rate,0,1780662676523,1.0
learn,EOPKG,EOPKGTopologyConditioned,5e56c5c7531d4675b4c740f509ff678f,854778689611649472,_EOPKG_TC-UN-f1-5-penalty3l-42_loan_v1_v5_simulated_GATv2,_EOPKG_TC-UN-f1-5-penalty3l,42,train_candidate_target_in_candidate_set_rate,0,1780662947336,1.0
learn,EOPKG,EOPKGTopologyConditioned,5e56c5c7531d4675b4c740f509ff678f,854778689611649472,_EOPKG_TC-UN-f1-5-penalty3l-42_loan_v1_v5_simulated_GATv2,_EOPKG_TC-UN-f1-5-penalty3l,42,train_candidate_target_in_candidate_set_rate,0,1780662947336,1.0
learn,EOPKG,EOPKGTopologyConditioned,5e56c5c7531d4675b4c740f509ff678f,854778689611649472,_EOPKG_TC-UN-f1-5-penalty3l-42_loan_v1_v5_simulated_GATv2,_EOPKG_TC-UN-f1-5-penalty3l,42,train_candidate_target_in_candidate_set_rate,0,1780663217907,1.0
learn,EOPKG,EOPKGTopologyConditioned,5e56c5c7531d4675b4c740f509ff678f,854778689611649472,_EOPKG_TC-UN-f1-5-penalty3l-42_loan_v1_v5_simulated_GATv2,_EOPKG_TC-UN-f1-5-penalty3l,42,train_candidate_target_in_candidate_set_rate,0,1780663217907,1.0
learn,EOPKG,EOPKGTopologyConditioned,5e56c5c7531d4675b4c740f509ff678f,854778689611649472,_EOPKG_TC-UN-f1-5-penalty3l-42_loan_v1_v5_simulated_GATv2,_EOPKG_TC-UN-f1-5-penalty3l,42,train_candidate_target_in_candidate_set_rate,0,1780663486659,1.0
learn,EOPKG,EOPKGTopologyConditioned,5e56c5c7531d4675b4c740f509ff678f,854778689611649472,_EOPKG_TC-UN-f1-5-penalty3l-42_loan_v1_v5_simulated_GATv2,_EOPKG_TC-UN-f1-5-penalty3l,42,train_candidate_target_in_candidate_set_rate,0,1780663486659,1.0
learn,EOPKG,EOPKGTopologyConditioned,5e56c5c7531d4675b4c740f509ff678f,854778689611649472,_EOPKG_TC-UN-f1-5-penalty3l-42_loan_v1_v5_simulated_GATv2,_EOPKG_TC-UN-f1-5-penalty3l,42,train_candidate_target_in_candidate_set_rate,0,1780663760379,1.0
learn,EOPKG,EOPKGTopologyConditioned,5e56c5c7531d4675b4c740f509ff678f,854778689611649472,_EOPKG_TC-UN-f1-5-penalty3l-42_loan_v1_v5_simulated_GATv2,_EOPKG_TC-UN-f1-5-penalty3l,42,train_candidate_target_in_candidate_set_rate,0,1780663760379,1.0
learn,EOPKG,EOPKGTopologyConditioned,5e56c5c7531d4675b4c740f509ff678f,854778689611649472,_EOPKG_TC-UN-f1-5-penalty3l-42_loan_v1_v5_simulated_GATv2,_EOPKG_TC-UN-f1-5-penalty3l,42,train_candidate_target_in_candidate_set_rate,0,1780664029621,1.0
learn,EOPKG,EOPKGTopologyConditioned,5e56c5c7531d4675b4c740f509ff678f,854778689611649472,_EOPKG_TC-UN-f1-5-penalty3l-42_loan_v1_v5_simulated_GATv2,_EOPKG_TC-UN-f1-5-penalty3l,42,train_candidate_target_in_candidate_set_rate,0,1780664029621,1.0
learn,EOPKG,EOPKGTopologyConditioned,5e56c5c7531d4675b4c740f509ff678f,854778689611649472,_EOPKG_TC-UN-f1-5-penalty3l-42_loan_v1_v5_simulated_GATv2,_EOPKG_TC-UN-f1-5-penalty3l,42,train_candidate_target_in_candidate_set_rate,0,1780664298496,1.0
learn,EOPKG,EOPKGTopologyConditioned,5e56c5c7531d4675b4c740f509ff678f,854778689611649472,_EOPKG_TC-UN-f1-5-penalty3l-42_loan_v1_v5_simulated_GATv2,_EOPKG_TC-UN-f1-5-penalty3l,42,train_candidate_target_in_candidate_set_rate,0,1780664298496,1.0
learn,EOPKG,EOPKGTopologyConditioned,5e56c5c7531d4675b4c740f509ff678f,854778689611649472,_EOPKG_TC-UN-f1-5-penalty3l-42_loan_v1_v5_simulated_GATv2,_EOPKG_TC-UN-f1-5-penalty3l,42,train_candidate_target_in_candidate_set_rate,0,1780664567934,1.0
learn,EOPKG,EOPKGTopologyConditioned,5e56c5c7531d4675b4c740f509ff678f,854778689611649472,_EOPKG_TC-UN-f1-5-penalty3l-42_loan_v1_v5_simulated_GATv2,_EOPKG_TC-UN-f1-5-penalty3l,42,train_candidate_target_in_candidate_set_rate,0,1780664567934,1.0
learn,EOPKG,EOPKGTopologyConditioned,5e56c5c7531d4675b4c740f509ff678f,854778689611649472,_EOPKG_TC-UN-f1-5-penalty3l-42_loan_v1_v5_simulated_GATv2,_EOPKG_TC-UN-f1-5-penalty3l,42,train_candidate_target_in_candidate_set_rate,0,1780664848339,1.0
learn,EOPKG,EOPKGTopologyConditioned,5e56c5c7531d4675b4c740f509ff678f,854778689611649472,_EOPKG_TC-UN-f1-5-penalty3l-42_loan_v1_v5_simulated_GATv2,_EOPKG_TC-UN-f1-5-penalty3l,42,train_candidate_target_in_candidate_set_rate,0,1780664848339,1.0
learn,EOPKG,EOPKGTopologyConditioned,5e56c5c7531d4675b4c740f509ff678f,854778689611649472,_EOPKG_TC-UN-f1-5-penalty3l-42_loan_v1_v5_simulated_GATv2,_EOPKG_TC-UN-f1-5-penalty3l,42,train_candidate_target_in_candidate_set_rate,0,1780665119054,1.0
learn,EOPKG,EOPKGTopologyConditioned,5e56c5c7531d4675b4c740f509ff678f,854778689611649472,_EOPKG_TC-UN-f1-5-penalty3l-42_loan_v1_v5_simulated_GATv2,_EOPKG_TC-UN-f1-5-penalty3l,42,train_candidate_target_in_candidate_set_rate,0,1780665119054,1.0
learn,EOPKG,EOPKGTopologyConditioned,5e56c5c7531d4675b4c740f509ff678f,854778689611649472,_EOPKG_TC-UN-f1-5-penalty3l-42_loan_v1_v5_simulated_GATv2,_EOPKG_TC-UN-f1-5-penalty3l,42,train_candidate_target_in_candidate_set_rate,0,1780665389652,1.0
learn,EOPKG,EOPKGTopologyConditioned,5e56c5c7531d4675b4c740f509ff678f,854778689611649472,_EOPKG_TC-UN-f1-5-penalty3l-42_loan_v1_v5_simulated_GATv2,_EOPKG_TC-UN-f1-5-penalty3l,42,train_candidate_target_in_candidate_set_rate,0,1780665389652,1.0
learn,EOPKG,EOPKGTopologyConditioned,5e56c5c7531d4675b4c740f509ff678f,854778689611649472,_EOPKG_TC-UN-f1-5-penalty3l-42_loan_v1_v5_simulated_GATv2,_EOPKG_TC-UN-f1-5-penalty3l,42,train_candidate_target_in_candidate_set_rate,0,1780665661261,1.0
learn,EOPKG,EOPKGTopologyConditioned,5e56c5c7531d4675b4c740f509ff678f,854778689611649472,_EOPKG_TC-UN-f1-5-penalty3l-42_loan_v1_v5_simulated_GATv2,_EOPKG_TC-UN-f1-5-penalty3l,42,train_candidate_target_in_candidate_set_rate,0,1780665661261,1.0
learn,EOPKG,EOPKGTopologyConditioned,5e56c5c7531d4675b4c740f509ff678f,854778689611649472,_EOPKG_TC-UN-f1-5-penalty3l-42_loan_v1_v5_simulated_GATv2,_EOPKG_TC-UN-f1-5-penalty3l,42,train_candidate_target_in_candidate_set_rate,0,1780665931794,1.0
learn,EOPKG,EOPKGTopologyConditioned,5e56c5c7531d4675b4c740f509ff678f,854778689611649472,_EOPKG_TC-UN-f1-5-penalty3l-42_loan_v1_v5_simulated_GATv2,_EOPKG_TC-UN-f1-5-penalty3l,42,train_candidate_target_in_candidate_set_rate,0,1780665931794,1.0
learn,EOPKG,EOPKGTopologyConditioned,5e56c5c7531d4675b4c740f509ff678f,854778689611649472,_EOPKG_TC-UN-f1-5-penalty3l-42_loan_v1_v5_simulated_GATv2,_EOPKG_TC-UN-f1-5-penalty3l,42,train_candidate_target_in_candidate_set_rate,0,1780666266964,1.0
learn,EOPKG,EOPKGTopologyConditioned,5e56c5c7531d4675b4c740f509ff678f,854778689611649472,_EOPKG_TC-UN-f1-5-penalty3l-42_loan_v1_v5_simulated_GATv2,_EOPKG_TC-UN-f1-5-penalty3l,42,train_candidate_target_in_candidate_set_rate,0,1780666266964,1.0
learn,EOPKG,EOPKGTopologyConditioned,5e56c5c7531d4675b4c740f509ff678f,854778689611649472,_EOPKG_TC-UN-f1-5-penalty3l-42_loan_v1_v5_simulated_GATv2,_EOPKG_TC-UN-f1-5-penalty3l,42,train_candidate_target_in_candidate_set_rate,0,1780666540335,1.0
learn,EOPKG,EOPKGTopologyConditioned,5e56c5c7531d4675b4c740f509ff678f,854778689611649472,_EOPKG_TC-UN-f1-5-penalty3l-42_loan_v1_v5_simulated_GATv2,_EOPKG_TC-UN-f1-5-penalty3l,42,train_candidate_target_in_candidate_set_rate,0,1780666540335,1.0
learn,EOPKG,EOPKGTopologyConditioned,5e56c5c7531d4675b4c740f509ff678f,854778689611649472,_EOPKG_TC-UN-f1-5-penalty3l-42_loan_v1_v5_simulated_GATv2,_EOPKG_TC-UN-f1-5-penalty3l,42,train_candidate_target_in_candidate_set_rate,0,1780666813374,1.0
learn,EOPKG,EOPKGTopologyConditioned,5e56c5c7531d4675b4c740f509ff678f,854778689611649472,_EOPKG_TC-UN-f1-5-penalty3l-42_loan_v1_v5_simulated_GATv2,_EOPKG_TC-UN-f1-5-penalty3l,42,train_candidate_target_in_candidate_set_rate,0,1780666813374,1.0
learn,EOPKG,EOPKGTopologyConditioned,5e56c5c7531d4675b4c740f509ff678f,854778689611649472,_EOPKG_TC-UN-f1-5-penalty3l-42_loan_v1_v5_simulated_GATv2,_EOPKG_TC-UN-f1-5-penalty3l,42,train_candidate_target_in_candidate_set_rate,0,1780667120738,1.0
learn,EOPKG,EOPKGTopologyConditioned,5e56c5c7531d4675b4c740f509ff678f,854778689611649472,_EOPKG_TC-UN-f1-5-penalty3l-42_loan_v1_v5_simulated_GATv2,_EOPKG_TC-UN-f1-5-penalty3l,42,train_candidate_target_in_candidate_set_rate,0,1780667120738,1.0
learn,EOPKG,EOPKGTopologyConditioned,5e56c5c7531d4675b4c740f509ff678f,854778689611649472,_EOPKG_TC-UN-f1-5-penalty3l-42_loan_v1_v5_simulated_GATv2,_EOPKG_TC-UN-f1-5-penalty3l,42,train_candidate_target_in_candidate_set_rate,0,1780670051462,1.0
learn,EOPKG,EOPKGTopologyConditioned,5e56c5c7531d4675b4c740f509ff678f,854778689611649472,_EOPKG_TC-UN-f1-5-penalty3l-42_loan_v1_v5_simulated_GATv2,_EOPKG_TC-UN-f1-5-penalty3l,42,train_candidate_target_in_candidate_set_rate,0,1780670051462,1.0
learn,EOPKG,EOPKGTopologyConditioned,5e56c5c7531d4675b4c740f509ff678f,854778689611649472,_EOPKG_TC-UN-f1-5-penalty3l-42_loan_v1_v5_simulated_GATv2,_EOPKG_TC-UN-f1-5-penalty3l,42,train_candidate_target_in_candidate_set_rate,0,1780670319736,1.0
learn,EOPKG,EOPKGTopologyConditioned,5e56c5c7531d4675b4c740f509ff678f,854778689611649472,_EOPKG_TC-UN-f1-5-penalty3l-42_loan_v1_v5_simulated_GATv2,_EOPKG_TC-UN-f1-5-penalty3l,42,train_candidate_target_in_candidate_set_rate,0,1780670319736,1.0
learn,EOPKG,EOPKGTopologyConditioned,5e56c5c7531d4675b4c740f509ff678f,854778689611649472,_EOPKG_TC-UN-f1-5-penalty3l-42_loan_v1_v5_simulated_GATv2,_EOPKG_TC-UN-f1-5-penalty3l,42,train_candidate_target_in_candidate_set_rate,0,1780670595790,1.0
learn,EOPKG,EOPKGTopologyConditioned,5e56c5c7531d4675b4c740f509ff678f,854778689611649472,_EOPKG_TC-UN-f1-5-penalty3l-42_loan_v1_v5_simulated_GATv2,_EOPKG_TC-UN-f1-5-penalty3l,42,train_candidate_target_in_candidate_set_rate,0,1780670595790,1.0
learn,EOPKG,EOPKGTopologyConditioned,5e56c5c7531d4675b4c740f509ff678f,854778689611649472,_EOPKG_TC-UN-f1-5-penalty3l-42_loan_v1_v5_simulated_GATv2,_EOPKG_TC-UN-f1-5-penalty3l,42,train_candidate_target_in_candidate_set_rate,0,1780670863810,1.0
learn,EOPKG,EOPKGTopologyConditioned,5e56c5c7531d4675b4c740f509ff678f,854778689611649472,_EOPKG_TC-UN-f1-5-penalty3l-42_loan_v1_v5_simulated_GATv2,_EOPKG_TC-UN-f1-5-penalty3l,42,train_candidate_target_in_candidate_set_rate,0,1780670863810,1.0
learn,EOPKG,EOPKGTopologyConditioned,5e56c5c7531d4675b4c740f509ff678f,854778689611649472,_EOPKG_TC-UN-f1-5-penalty3l-42_loan_v1_v5_simulated_GATv2,_EOPKG_TC-UN-f1-5-penalty3l,42,train_candidate_target_in_candidate_set_rate,0,1780671144897,1.0
learn,EOPKG,EOPKGTopologyConditioned,5e56c5c7531d4675b4c740f509ff678f,854778689611649472,_EOPKG_TC-UN-f1-5-penalty3l-42_loan_v1_v5_simulated_GATv2,_EOPKG_TC-UN-f1-5-penalty3l,42,train_candidate_target_in_candidate_set_rate,0,1780671144897,1.0
learn,EOPKG,EOPKGTopologyConditioned,5fcc89889b1d45c489329f5e3df9a5a2,854778689611649472,_EOPKG_TC-UN-f1-5-penalty3l-78_loan_v1_v5_simulated_GATv2,_EOPKG_TC-UN-f1-5-penalty3l,78,train_candidate_target_in_candidate_set_rate,0,1780870772022,1.0
learn,EOPKG,EOPKGTopologyConditioned,5fcc89889b1d45c489329f5e3df9a5a2,854778689611649472,_EOPKG_TC-UN-f1-5-penalty3l-78_loan_v1_v5_simulated_GATv2,_EOPKG_TC-UN-f1-5-penalty3l,78,train_candidate_target_in_candidate_set_rate,0,1780870772022,1.0
learn,EOPKG,EOPKGTopologyConditioned,5fcc89889b1d45c489329f5e3df9a5a2,854778689611649472,_EOPKG_TC-UN-f1-5-penalty3l-78_loan_v1_v5_simulated_GATv2,_EOPKG_TC-UN-f1-5-penalty3l,78,train_candidate_target_in_candidate_set_rate,0,1780871357715,1.0
learn,EOPKG,EOPKGTopologyConditioned,5fcc89889b1d45c489329f5e3df9a5a2,854778689611649472,_EOPKG_TC-UN-f1-5-penalty3l-78_loan_v1_v5_simulated_GATv2,_EOPKG_TC-UN-f1-5-penalty3l,78,train_candidate_target_in_candidate_set_rate,0,1780871357715,1.0
learn,EOPKG,EOPKGTopologyConditioned,5fcc89889b1d45c489329f5e3df9a5a2,854778689611649472,_EOPKG_TC-UN-f1-5-penalty3l-78_loan_v1_v5_simulated_GATv2,_EOPKG_TC-UN-f1-5-penalty3l,78,train_candidate_target_in_candidate_set_rate,0,1780871907989,1.0
learn,EOPKG,EOPKGTopologyConditioned,5fcc89889b1d45c489329f5e3df9a5a2,854778689611649472,_EOPKG_TC-UN-f1-5-penalty3l-78_loan_v1_v5_simulated_GATv2,_EOPKG_TC-UN-f1-5-penalty3l,78,train_candidate_target_in_candidate_set_rate,0,1780871907989,1.0
learn,EOPKG,EOPKGTopologyConditioned,5fcc89889b1d45c489329f5e3df9a5a2,854778689611649472,_EOPKG_TC-UN-f1-5-penalty3l-78_loan_v1_v5_simulated_GATv2,_EOPKG_TC-UN-f1-5-penalty3l,78,train_candidate_target_in_candidate_set_rate,0,1780872470287,1.0
learn,EOPKG,EOPKGTopologyConditioned,5fcc89889b1d45c489329f5e3df9a5a2,854778689611649472,_EOPKG_TC-UN-f1-5-penalty3l-78_loan_v1_v5_simulated_GATv2,_EOPKG_TC-UN-f1-5-penalty3l,78,train_candidate_target_in_candidate_set_rate,0,1780872470287,1.0
learn,EOPKG,EOPKGTopologyConditioned,5fcc89889b1d45c489329f5e3df9a5a2,854778689611649472,_EOPKG_TC-UN-f1-5-penalty3l-78_loan_v1_v5_simulated_GATv2,_EOPKG_TC-UN-f1-5-penalty3l,78,train_candidate_target_in_candidate_set_rate,0,1780892111503,1.0
learn,EOPKG,EOPKGTopologyConditioned,5fcc89889b1d45c489329f5e3df9a5a2,854778689611649472,_EOPKG_TC-UN-f1-5-penalty3l-78_loan_v1_v5_simulated_GATv2,_EOPKG_TC-UN-f1-5-penalty3l,78,train_candidate_target_in_candidate_set_rate,0,1780892111503,1.0
learn,EOPKG,EOPKGTopologyConditioned,5fcc89889b1d45c489329f5e3df9a5a2,854778689611649472,_EOPKG_TC-UN-f1-5-penalty3l-78_loan_v1_v5_simulated_GATv2,_EOPKG_TC-UN-f1-5-penalty3l,78,train_candidate_target_in_candidate_set_rate,0,1780892365065,1.0
learn,EOPKG,EOPKGTopologyConditioned,5fcc89889b1d45c489329f5e3df9a5a2,854778689611649472,_EOPKG_TC-UN-f1-5-penalty3l-78_loan_v1_v5_simulated_GATv2,_EOPKG_TC-UN-f1-5-penalty3l,78,train_candidate_target_in_candidate_set_rate,0,1780892365065,1.0
learn,EOPKG,EOPKGTopologyConditioned,5fcc89889b1d45c489329f5e3df9a5a2,854778689611649472,_EOPKG_TC-UN-f1-5-penalty3l-78_loan_v1_v5_simulated_GATv2,_EOPKG_TC-UN-f1-5-penalty3l,78,train_candidate_target_in_candidate_set_rate,0,1780892626968,1.0
learn,EOPKG,EOPKGTopologyConditioned,5fcc89889b1d45c489329f5e3df9a5a2,854778689611649472,_EOPKG_TC-UN-f1-5-penalty3l-78_loan_v1_v5_simulated_GATv2,_EOPKG_TC-UN-f1-5-penalty3l,78,train_candidate_target_in_candidate_set_rate,0,1780892626968,1.0
learn,EOPKG,EOPKGTopologyConditioned,5fcc89889b1d45c489329f5e3df9a5a2,854778689611649472,_EOPKG_TC-UN-f1-5-penalty3l-78_loan_v1_v5_simulated_GATv2,_EOPKG_TC-UN-f1-5-penalty3l,78,train_candidate_target_in_candidate_set_rate,0,1780892895890,1.0
learn,EOPKG,EOPKGTopologyConditioned,5fcc89889b1d45c489329f5e3df9a5a2,854778689611649472,_EOPKG_TC-UN-f1-5-penalty3l-78_loan_v1_v5_simulated_GATv2,_EOPKG_TC-UN-f1-5-penalty3l,78,train_candidate_target_in_candidate_set_rate,0,1780892895890,1.0
learn,EOPKG,EOPKGTopologyConditioned,5fcc89889b1d45c489329f5e3df9a5a2,854778689611649472,_EOPKG_TC-UN-f1-5-penalty3l-78_loan_v1_v5_simulated_GATv2,_EOPKG_TC-UN-f1-5-penalty3l,78,train_candidate_target_in_candidate_set_rate,0,1780893158036,1.0
learn,EOPKG,EOPKGTopologyConditioned,5fcc89889b1d45c489329f5e3df9a5a2,854778689611649472,_EOPKG_TC-UN-f1-5-penalty3l-78_loan_v1_v5_simulated_GATv2,_EOPKG_TC-UN-f1-5-penalty3l,78,train_candidate_target_in_candidate_set_rate,0,1780893158036,1.0
learn,EOPKG,EOPKGTopologyConditioned,5fcc89889b1d45c489329f5e3df9a5a2,854778689611649472,_EOPKG_TC-UN-f1-5-penalty3l-78_loan_v1_v5_simulated_GATv2,_EOPKG_TC-UN-f1-5-penalty3l,78,train_candidate_target_in_candidate_set_rate,0,1780893421609,1.0
learn,EOPKG,EOPKGTopologyConditioned,5fcc89889b1d45c489329f5e3df9a5a2,854778689611649472,_EOPKG_TC-UN-f1-5-penalty3l-78_loan_v1_v5_simulated_GATv2,_EOPKG_TC-UN-f1-5-penalty3l,78,train_candidate_target_in_candidate_set_rate,0,1780893421609,1.0
learn,EOPKG,EOPKGTopologyConditioned,5fcc89889b1d45c489329f5e3df9a5a2,854778689611649472,_EOPKG_TC-UN-f1-5-penalty3l-78_loan_v1_v5_simulated_GATv2,_EOPKG_TC-UN-f1-5-penalty3l,78,train_candidate_target_in_candidate_set_rate,0,1780893690149,1.0
learn,EOPKG,EOPKGTopologyConditioned,5fcc89889b1d45c489329f5e3df9a5a2,854778689611649472,_EOPKG_TC-UN-f1-5-penalty3l-78_loan_v1_v5_simulated_GATv2,_EOPKG_TC-UN-f1-5-penalty3l,78,train_candidate_target_in_candidate_set_rate,0,1780893690149,1.0
learn,EOPKG,EOPKGTopologyConditioned,5fcc89889b1d45c489329f5e3df9a5a2,854778689611649472,_EOPKG_TC-UN-f1-5-penalty3l-78_loan_v1_v5_simulated_GATv2,_EOPKG_TC-UN-f1-5-penalty3l,78,train_candidate_target_in_candidate_set_rate,0,1780893966263,1.0
learn,EOPKG,EOPKGTopologyConditioned,5fcc89889b1d45c489329f5e3df9a5a2,854778689611649472,_EOPKG_TC-UN-f1-5-penalty3l-78_loan_v1_v5_simulated_GATv2,_EOPKG_TC-UN-f1-5-penalty3l,78,train_candidate_target_in_candidate_set_rate,0,1780893966263,1.0
learn,EOPKG,EOPKGTopologyConditioned,5fcc89889b1d45c489329f5e3df9a5a2,854778689611649472,_EOPKG_TC-UN-f1-5-penalty3l-78_loan_v1_v5_simulated_GATv2,_EOPKG_TC-UN-f1-5-penalty3l,78,train_candidate_target_in_candidate_set_rate,0,1780894246832,1.0
learn,EOPKG,EOPKGTopologyConditioned,5fcc89889b1d45c489329f5e3df9a5a2,854778689611649472,_EOPKG_TC-UN-f1-5-penalty3l-78_loan_v1_v5_simulated_GATv2,_EOPKG_TC-UN-f1-5-penalty3l,78,train_candidate_target_in_candidate_set_rate,0,1780894246832,1.0
learn,EOPKG,EOPKGTopologyConditioned,5fcc89889b1d45c489329f5e3df9a5a2,854778689611649472,_EOPKG_TC-UN-f1-5-penalty3l-78_loan_v1_v5_simulated_GATv2,_EOPKG_TC-UN-f1-5-penalty3l,78,train_candidate_target_in_candidate_set_rate,0,1780894524723,1.0
learn,EOPKG,EOPKGTopologyConditioned,5fcc89889b1d45c489329f5e3df9a5a2,854778689611649472,_EOPKG_TC-UN-f1-5-penalty3l-78_loan_v1_v5_simulated_GATv2,_EOPKG_TC-UN-f1-5-penalty3l,78,train_candidate_target_in_candidate_set_rate,0,1780894524723,1.0
learn,EOPKG,EOPKGTopologyConditioned,5fcc89889b1d45c489329f5e3df9a5a2,854778689611649472,_EOPKG_TC-UN-f1-5-penalty3l-78_loan_v1_v5_simulated_GATv2,_EOPKG_TC-UN-f1-5-penalty3l,78,train_candidate_target_in_candidate_set_rate,0,1780894818316,1.0
learn,EOPKG,EOPKGTopologyConditioned,5fcc89889b1d45c489329f5e3df9a5a2,854778689611649472,_EOPKG_TC-UN-f1-5-penalty3l-78_loan_v1_v5_simulated_GATv2,_EOPKG_TC-UN-f1-5-penalty3l,78,train_candidate_target_in_candidate_set_rate,0,1780894818316,1.0
learn,EOPKG,EOPKGTopologyConditioned,5fcc89889b1d45c489329f5e3df9a5a2,854778689611649472,_EOPKG_TC-UN-f1-5-penalty3l-78_loan_v1_v5_simulated_GATv2,_EOPKG_TC-UN-f1-5-penalty3l,78,train_candidate_target_in_candidate_set_rate,0,1780895167255,1.0
learn,EOPKG,EOPKGTopologyConditioned,5fcc89889b1d45c489329f5e3df9a5a2,854778689611649472,_EOPKG_TC-UN-f1-5-penalty3l-78_loan_v1_v5_simulated_GATv2,_EOPKG_TC-UN-f1-5-penalty3l,78,train_candidate_target_in_candidate_set_rate,0,1780895167255,1.0
learn,EOPKG,EOPKGTopologyConditioned,5fcc89889b1d45c489329f5e3df9a5a2,854778689611649472,_EOPKG_TC-UN-f1-5-penalty3l-78_loan_v1_v5_simulated_GATv2,_EOPKG_TC-UN-f1-5-penalty3l,78,train_candidate_target_in_candidate_set_rate,0,1780895498870,1.0
learn,EOPKG,EOPKGTopologyConditioned,5fcc89889b1d45c489329f5e3df9a5a2,854778689611649472,_EOPKG_TC-UN-f1-5-penalty3l-78_loan_v1_v5_simulated_GATv2,_EOPKG_TC-UN-f1-5-penalty3l,78,train_candidate_target_in_candidate_set_rate,0,1780895498870,1.0
learn,EOPKG,EOPKGTopologyConditioned,5fcc89889b1d45c489329f5e3df9a5a2,854778689611649472,_EOPKG_TC-UN-f1-5-penalty3l-78_loan_v1_v5_simulated_GATv2,_EOPKG_TC-UN-f1-5-penalty3l,78,train_candidate_target_in_candidate_set_rate,0,1780895781757,1.0
learn,EOPKG,EOPKGTopologyConditioned,5fcc89889b1d45c489329f5e3df9a5a2,854778689611649472,_EOPKG_TC-UN-f1-5-penalty3l-78_loan_v1_v5_simulated_GATv2,_EOPKG_TC-UN-f1-5-penalty3l,78,train_candidate_target_in_candidate_set_rate,0,1780895781757,1.0
learn,EOPKG,EOPKGTopologyConditioned,5fcc89889b1d45c489329f5e3df9a5a2,854778689611649472,_EOPKG_TC-UN-f1-5-penalty3l-78_loan_v1_v5_simulated_GATv2,_EOPKG_TC-UN-f1-5-penalty3l,78,train_candidate_target_in_candidate_set_rate,0,1780896072461,1.0
learn,EOPKG,EOPKGTopologyConditioned,5fcc89889b1d45c489329f5e3df9a5a2,854778689611649472,_EOPKG_TC-UN-f1-5-penalty3l-78_loan_v1_v5_simulated_GATv2,_EOPKG_TC-UN-f1-5-penalty3l,78,train_candidate_target_in_candidate_set_rate,0,1780896072461,1.0
learn,EOPKG,EOPKGTopologyConditioned,5fcc89889b1d45c489329f5e3df9a5a2,854778689611649472,_EOPKG_TC-UN-f1-5-penalty3l-78_loan_v1_v5_simulated_GATv2,_EOPKG_TC-UN-f1-5-penalty3l,78,train_candidate_target_in_candidate_set_rate,0,1780896332452,1.0
learn,EOPKG,EOPKGTopologyConditioned,5fcc89889b1d45c489329f5e3df9a5a2,854778689611649472,_EOPKG_TC-UN-f1-5-penalty3l-78_loan_v1_v5_simulated_GATv2,_EOPKG_TC-UN-f1-5-penalty3l,78,train_candidate_target_in_candidate_set_rate,0,1780896332452,1.0
learn,EOPKG,EOPKGTopologyConditioned,5fcc89889b1d45c489329f5e3df9a5a2,854778689611649472,_EOPKG_TC-UN-f1-5-penalty3l-78_loan_v1_v5_simulated_GATv2,_EOPKG_TC-UN-f1-5-penalty3l,78,train_candidate_target_in_candidate_set_rate,0,1780896618905,1.0
learn,EOPKG,EOPKGTopologyConditioned,5fcc89889b1d45c489329f5e3df9a5a2,854778689611649472,_EOPKG_TC-UN-f1-5-penalty3l-78_loan_v1_v5_simulated_GATv2,_EOPKG_TC-UN-f1-5-penalty3l,78,train_candidate_target_in_candidate_set_rate,0,1780896618905,1.0
learn,EOPKG,EOPKGTopologyConditioned,5fcc89889b1d45c489329f5e3df9a5a2,854778689611649472,_EOPKG_TC-UN-f1-5-penalty3l-78_loan_v1_v5_simulated_GATv2,_EOPKG_TC-UN-f1-5-penalty3l,78,train_candidate_target_in_candidate_set_rate,0,1780896877893,1.0
learn,EOPKG,EOPKGTopologyConditioned,5fcc89889b1d45c489329f5e3df9a5a2,854778689611649472,_EOPKG_TC-UN-f1-5-penalty3l-78_loan_v1_v5_simulated_GATv2,_EOPKG_TC-UN-f1-5-penalty3l,78,train_candidate_target_in_candidate_set_rate,0,1780896877893,1.0
learn,EOPKG,EOPKGTopologyConditioned,5fcc89889b1d45c489329f5e3df9a5a2,854778689611649472,_EOPKG_TC-UN-f1-5-penalty3l-78_loan_v1_v5_simulated_GATv2,_EOPKG_TC-UN-f1-5-penalty3l,78,train_candidate_target_in_candidate_set_rate,0,1780897165255,1.0
learn,EOPKG,EOPKGTopologyConditioned,5fcc89889b1d45c489329f5e3df9a5a2,854778689611649472,_EOPKG_TC-UN-f1-5-penalty3l-78_loan_v1_v5_simulated_GATv2,_EOPKG_TC-UN-f1-5-penalty3l,78,train_candidate_target_in_candidate_set_rate,0,1780897165255,1.0
learn,EOPKG,EOPKGTopologyConditioned,5fcc89889b1d45c489329f5e3df9a5a2,854778689611649472,_EOPKG_TC-UN-f1-5-penalty3l-78_loan_v1_v5_simulated_GATv2,_EOPKG_TC-UN-f1-5-penalty3l,78,train_candidate_target_in_candidate_set_rate,0,1780897422111,1.0
learn,EOPKG,EOPKGTopologyConditioned,5fcc89889b1d45c489329f5e3df9a5a2,854778689611649472,_EOPKG_TC-UN-f1-5-penalty3l-78_loan_v1_v5_simulated_GATv2,_EOPKG_TC-UN-f1-5-penalty3l,78,train_candidate_target_in_candidate_set_rate,0,1780897422111,1.0
learn,EOPKG,EOPKGTopologyConditioned,5fcc89889b1d45c489329f5e3df9a5a2,854778689611649472,_EOPKG_TC-UN-f1-5-penalty3l-78_loan_v1_v5_simulated_GATv2,_EOPKG_TC-UN-f1-5-penalty3l,78,train_candidate_target_in_candidate_set_rate,0,1780897681605,1.0
learn,EOPKG,EOPKGTopologyConditioned,5fcc89889b1d45c489329f5e3df9a5a2,854778689611649472,_EOPKG_TC-UN-f1-5-penalty3l-78_loan_v1_v5_simulated_GATv2,_EOPKG_TC-UN-f1-5-penalty3l,78,train_candidate_target_in_candidate_set_rate,0,1780897681605,1.0
learn,EOPKG,EOPKGTopologyConditioned,5fcc89889b1d45c489329f5e3df9a5a2,854778689611649472,_EOPKG_TC-UN-f1-5-penalty3l-78_loan_v1_v5_simulated_GATv2,_EOPKG_TC-UN-f1-5-penalty3l,78,train_candidate_target_in_candidate_set_rate,0,1780897945814,1.0
learn,EOPKG,EOPKGTopologyConditioned,5fcc89889b1d45c489329f5e3df9a5a2,854778689611649472,_EOPKG_TC-UN-f1-5-penalty3l-78_loan_v1_v5_simulated_GATv2,_EOPKG_TC-UN-f1-5-penalty3l,78,train_candidate_target_in_candidate_set_rate,0,1780897945814,1.0
learn,EOPKG,EOPKGTopologyConditioned,5fcc89889b1d45c489329f5e3df9a5a2,854778689611649472,_EOPKG_TC-UN-f1-5-penalty3l-78_loan_v1_v5_simulated_GATv2,_EOPKG_TC-UN-f1-5-penalty3l,78,train_candidate_target_in_candidate_set_rate,0,1780898204470,1.0
learn,EOPKG,EOPKGTopologyConditioned,5fcc89889b1d45c489329f5e3df9a5a2,854778689611649472,_EOPKG_TC-UN-f1-5-penalty3l-78_loan_v1_v5_simulated_GATv2,_EOPKG_TC-UN-f1-5-penalty3l,78,train_candidate_target_in_candidate_set_rate,0,1780898204470,1.0
learn,EOPKG,EOPKGTopologyConditioned,5fcc89889b1d45c489329f5e3df9a5a2,854778689611649472,_EOPKG_TC-UN-f1-5-penalty3l-78_loan_v1_v5_simulated_GATv2,_EOPKG_TC-UN-f1-5-penalty3l,78,train_candidate_target_in_candidate_set_rate,0,1780898494140,1.0
learn,EOPKG,EOPKGTopologyConditioned,5fcc89889b1d45c489329f5e3df9a5a2,854778689611649472,_EOPKG_TC-UN-f1-5-penalty3l-78_loan_v1_v5_simulated_GATv2,_EOPKG_TC-UN-f1-5-penalty3l,78,train_candidate_target_in_candidate_set_rate,0,1780898494140,1.0
learn,EOPKG,EOPKGTopologyConditioned,5fcc89889b1d45c489329f5e3df9a5a2,854778689611649472,_EOPKG_TC-UN-f1-5-penalty3l-78_loan_v1_v5_simulated_GATv2,_EOPKG_TC-UN-f1-5-penalty3l,78,train_candidate_target_in_candidate_set_rate,0,1780898757493,1.0
learn,EOPKG,EOPKGTopologyConditioned,5fcc89889b1d45c489329f5e3df9a5a2,854778689611649472,_EOPKG_TC-UN-f1-5-penalty3l-78_loan_v1_v5_simulated_GATv2,_EOPKG_TC-UN-f1-5-penalty3l,78,train_candidate_target_in_candidate_set_rate,0,1780898757493,1.0
learn,EOPKG,EOPKGTopologyConditioned,5fcc89889b1d45c489329f5e3df9a5a2,854778689611649472,_EOPKG_TC-UN-f1-5-penalty3l-78_loan_v1_v5_simulated_GATv2,_EOPKG_TC-UN-f1-5-penalty3l,78,train_candidate_target_in_candidate_set_rate,0,1780899039944,1.0
learn,EOPKG,EOPKGTopologyConditioned,5fcc89889b1d45c489329f5e3df9a5a2,854778689611649472,_EOPKG_TC-UN-f1-5-penalty3l-78_loan_v1_v5_simulated_GATv2,_EOPKG_TC-UN-f1-5-penalty3l,78,train_candidate_target_in_candidate_set_rate,0,1780899039944,1.0
learn,EOPKG,EOPKGTopologyConditioned,5fcc89889b1d45c489329f5e3df9a5a2,854778689611649472,_EOPKG_TC-UN-f1-5-penalty3l-78_loan_v1_v5_simulated_GATv2,_EOPKG_TC-UN-f1-5-penalty3l,78,train_candidate_target_in_candidate_set_rate,0,1780899317302,1.0
learn,EOPKG,EOPKGTopologyConditioned,5fcc89889b1d45c489329f5e3df9a5a2,854778689611649472,_EOPKG_TC-UN-f1-5-penalty3l-78_loan_v1_v5_simulated_GATv2,_EOPKG_TC-UN-f1-5-penalty3l,78,train_candidate_target_in_candidate_set_rate,0,1780899317302,1.0
learn,EOPKG,EOPKGTopologyConditioned,5fcc89889b1d45c489329f5e3df9a5a2,854778689611649472,_EOPKG_TC-UN-f1-5-penalty3l-78_loan_v1_v5_simulated_GATv2,_EOPKG_TC-UN-f1-5-penalty3l,78,train_candidate_target_in_candidate_set_rate,0,1780899609630,1.0
learn,EOPKG,EOPKGTopologyConditioned,5fcc89889b1d45c489329f5e3df9a5a2,854778689611649472,_EOPKG_TC-UN-f1-5-penalty3l-78_loan_v1_v5_simulated_GATv2,_EOPKG_TC-UN-f1-5-penalty3l,78,train_candidate_target_in_candidate_set_rate,0,1780899609630,1.0
learn,EOPKG,EOPKGTopologyConditioned,5fcc89889b1d45c489329f5e3df9a5a2,854778689611649472,_EOPKG_TC-UN-f1-5-penalty3l-78_loan_v1_v5_simulated_GATv2,_EOPKG_TC-UN-f1-5-penalty3l,78,train_candidate_target_in_candidate_set_rate,0,1780899884455,1.0
learn,EOPKG,EOPKGTopologyConditioned,5fcc89889b1d45c489329f5e3df9a5a2,854778689611649472,_EOPKG_TC-UN-f1-5-penalty3l-78_loan_v1_v5_simulated_GATv2,_EOPKG_TC-UN-f1-5-penalty3l,78,train_candidate_target_in_candidate_set_rate,0,1780899884455,1.0
learn,EOPKG,EOPKGTopologyConditioned,5fcc89889b1d45c489329f5e3df9a5a2,854778689611649472,_EOPKG_TC-UN-f1-5-penalty3l-78_loan_v1_v5_simulated_GATv2,_EOPKG_TC-UN-f1-5-penalty3l,78,train_candidate_target_in_candidate_set_rate,0,1780900143121,1.0
learn,EOPKG,EOPKGTopologyConditioned,5fcc89889b1d45c489329f5e3df9a5a2,854778689611649472,_EOPKG_TC-UN-f1-5-penalty3l-78_loan_v1_v5_simulated_GATv2,_EOPKG_TC-UN-f1-5-penalty3l,78,train_candidate_target_in_candidate_set_rate,0,1780900143121,1.0
learn,EOPKG,EOPKGTopologyConditioned,5fcc89889b1d45c489329f5e3df9a5a2,854778689611649472,_EOPKG_TC-UN-f1-5-penalty3l-78_loan_v1_v5_simulated_GATv2,_EOPKG_TC-UN-f1-5-penalty3l,78,train_candidate_target_in_candidate_set_rate,0,1780900410714,1.0
learn,EOPKG,EOPKGTopologyConditioned,5fcc89889b1d45c489329f5e3df9a5a2,854778689611649472,_EOPKG_TC-UN-f1-5-penalty3l-78_loan_v1_v5_simulated_GATv2,_EOPKG_TC-UN-f1-5-penalty3l,78,train_candidate_target_in_candidate_set_rate,0,1780900410714,1.0
learn,EOPKG,EOPKGTopologyConditioned,5fcc89889b1d45c489329f5e3df9a5a2,854778689611649472,_EOPKG_TC-UN-f1-5-penalty3l-78_loan_v1_v5_simulated_GATv2,_EOPKG_TC-UN-f1-5-penalty3l,78,train_candidate_target_in_candidate_set_rate,0,1780900678667,1.0
learn,EOPKG,EOPKGTopologyConditioned,5fcc89889b1d45c489329f5e3df9a5a2,854778689611649472,_EOPKG_TC-UN-f1-5-penalty3l-78_loan_v1_v5_simulated_GATv2,_EOPKG_TC-UN-f1-5-penalty3l,78,train_candidate_target_in_candidate_set_rate,0,1780900678667,1.0
learn,EOPKG,EOPKGTopologyConditioned,5fcc89889b1d45c489329f5e3df9a5a2,854778689611649472,_EOPKG_TC-UN-f1-5-penalty3l-78_loan_v1_v5_simulated_GATv2,_EOPKG_TC-UN-f1-5-penalty3l,78,train_candidate_target_in_candidate_set_rate,0,1780900938161,1.0
learn,EOPKG,EOPKGTopologyConditioned,5fcc89889b1d45c489329f5e3df9a5a2,854778689611649472,_EOPKG_TC-UN-f1-5-penalty3l-78_loan_v1_v5_simulated_GATv2,_EOPKG_TC-UN-f1-5-penalty3l,78,train_candidate_target_in_candidate_set_rate,0,1780900938161,1.0
learn,EOPKG,EOPKGTopologyConditioned,5fcc89889b1d45c489329f5e3df9a5a2,854778689611649472,_EOPKG_TC-UN-f1-5-penalty3l-78_loan_v1_v5_simulated_GATv2,_EOPKG_TC-UN-f1-5-penalty3l,78,train_candidate_target_in_candidate_set_rate,0,1780901193208,1.0
learn,EOPKG,EOPKGTopologyConditioned,5fcc89889b1d45c489329f5e3df9a5a2,854778689611649472,_EOPKG_TC-UN-f1-5-penalty3l-78_loan_v1_v5_simulated_GATv2,_EOPKG_TC-UN-f1-5-penalty3l,78,train_candidate_target_in_candidate_set_rate,0,1780901193208,1.0
learn,EOPKG,EOPKGTopologyConditioned,5fcc89889b1d45c489329f5e3df9a5a2,854778689611649472,_EOPKG_TC-UN-f1-5-penalty3l-78_loan_v1_v5_simulated_GATv2,_EOPKG_TC-UN-f1-5-penalty3l,78,train_candidate_target_in_candidate_set_rate,0,1780901453101,1.0
learn,EOPKG,EOPKGTopologyConditioned,5fcc89889b1d45c489329f5e3df9a5a2,854778689611649472,_EOPKG_TC-UN-f1-5-penalty3l-78_loan_v1_v5_simulated_GATv2,_EOPKG_TC-UN-f1-5-penalty3l,78,train_candidate_target_in_candidate_set_rate,0,1780901453101,1.0
learn,EOPKG,EOPKGTopologyConditioned,5fcc89889b1d45c489329f5e3df9a5a2,854778689611649472,_EOPKG_TC-UN-f1-5-penalty3l-78_loan_v1_v5_simulated_GATv2,_EOPKG_TC-UN-f1-5-penalty3l,78,train_candidate_target_in_candidate_set_rate,0,1780901714057,1.0
learn,EOPKG,EOPKGTopologyConditioned,5fcc89889b1d45c489329f5e3df9a5a2,854778689611649472,_EOPKG_TC-UN-f1-5-penalty3l-78_loan_v1_v5_simulated_GATv2,_EOPKG_TC-UN-f1-5-penalty3l,78,train_candidate_target_in_candidate_set_rate,0,1780901714057,1.0
learn,EOPKG,EOPKGTopologyConditioned,5fcc89889b1d45c489329f5e3df9a5a2,854778689611649472,_EOPKG_TC-UN-f1-5-penalty3l-78_loan_v1_v5_simulated_GATv2,_EOPKG_TC-UN-f1-5-penalty3l,78,train_candidate_target_in_candidate_set_rate,0,1780901974614,1.0
learn,EOPKG,EOPKGTopologyConditioned,5fcc89889b1d45c489329f5e3df9a5a2,854778689611649472,_EOPKG_TC-UN-f1-5-penalty3l-78_loan_v1_v5_simulated_GATv2,_EOPKG_TC-UN-f1-5-penalty3l,78,train_candidate_target_in_candidate_set_rate,0,1780901974614,1.0
learn,EOPKG,EOPKGTopologyConditioned,a9ec65c003b14176b0d853a15471bbbb,854778689611649472,_EOPKG_TC-UN-f1-5-penalty3l-13_loan_v1_v5_simulated_GATv2,_EOPKG_TC-UN-f1-5-penalty3l,13,train_candidate_target_in_candidate_set_rate,0,1780837198348,1.0
learn,EOPKG,EOPKGTopologyConditioned,a9ec65c003b14176b0d853a15471bbbb,854778689611649472,_EOPKG_TC-UN-f1-5-penalty3l-13_loan_v1_v5_simulated_GATv2,_EOPKG_TC-UN-f1-5-penalty3l,13,train_candidate_target_in_candidate_set_rate,0,1780837198348,1.0
learn,EOPKG,EOPKGTopologyConditioned,a9ec65c003b14176b0d853a15471bbbb,854778689611649472,_EOPKG_TC-UN-f1-5-penalty3l-13_loan_v1_v5_simulated_GATv2,_EOPKG_TC-UN-f1-5-penalty3l,13,train_candidate_target_in_candidate_set_rate,0,1780837465027,1.0
learn,EOPKG,EOPKGTopologyConditioned,a9ec65c003b14176b0d853a15471bbbb,854778689611649472,_EOPKG_TC-UN-f1-5-penalty3l-13_loan_v1_v5_simulated_GATv2,_EOPKG_TC-UN-f1-5-penalty3l,13,train_candidate_target_in_candidate_set_rate,0,1780837465027,1.0
learn,EOPKG,EOPKGTopologyConditioned,a9ec65c003b14176b0d853a15471bbbb,854778689611649472,_EOPKG_TC-UN-f1-5-penalty3l-13_loan_v1_v5_simulated_GATv2,_EOPKG_TC-UN-f1-5-penalty3l,13,train_candidate_target_in_candidate_set_rate,0,1780837714332,1.0
learn,EOPKG,EOPKGTopologyConditioned,a9ec65c003b14176b0d853a15471bbbb,854778689611649472,_EOPKG_TC-UN-f1-5-penalty3l-13_loan_v1_v5_simulated_GATv2,_EOPKG_TC-UN-f1-5-penalty3l,13,train_candidate_target_in_candidate_set_rate,0,1780837714332,1.0
learn,EOPKG,EOPKGTopologyConditioned,a9ec65c003b14176b0d853a15471bbbb,854778689611649472,_EOPKG_TC-UN-f1-5-penalty3l-13_loan_v1_v5_simulated_GATv2,_EOPKG_TC-UN-f1-5-penalty3l,13,train_candidate_target_in_candidate_set_rate,0,1780837962318,1.0
learn,EOPKG,EOPKGTopologyConditioned,a9ec65c003b14176b0d853a15471bbbb,854778689611649472,_EOPKG_TC-UN-f1-5-penalty3l-13_loan_v1_v5_simulated_GATv2,_EOPKG_TC-UN-f1-5-penalty3l,13,train_candidate_target_in_candidate_set_rate,0,1780837962318,1.0
learn,EOPKG,EOPKGTopologyConditioned,a9ec65c003b14176b0d853a15471bbbb,854778689611649472,_EOPKG_TC-UN-f1-5-penalty3l-13_loan_v1_v5_simulated_GATv2,_EOPKG_TC-UN-f1-5-penalty3l,13,train_candidate_target_in_candidate_set_rate,0,1780838213148,1.0
learn,EOPKG,EOPKGTopologyConditioned,a9ec65c003b14176b0d853a15471bbbb,854778689611649472,_EOPKG_TC-UN-f1-5-penalty3l-13_loan_v1_v5_simulated_GATv2,_EOPKG_TC-UN-f1-5-penalty3l,13,train_candidate_target_in_candidate_set_rate,0,1780838213148,1.0
learn,EOPKG,EOPKGTopologyConditioned,a9ec65c003b14176b0d853a15471bbbb,854778689611649472,_EOPKG_TC-UN-f1-5-penalty3l-13_loan_v1_v5_simulated_GATv2,_EOPKG_TC-UN-f1-5-penalty3l,13,train_candidate_target_in_candidate_set_rate,0,1780838460402,1.0
learn,EOPKG,EOPKGTopologyConditioned,a9ec65c003b14176b0d853a15471bbbb,854778689611649472,_EOPKG_TC-UN-f1-5-penalty3l-13_loan_v1_v5_simulated_GATv2,_EOPKG_TC-UN-f1-5-penalty3l,13,train_candidate_target_in_candidate_set_rate,0,1780838460402,1.0
learn,EOPKG,EOPKGTopologyConditioned,a9ec65c003b14176b0d853a15471bbbb,854778689611649472,_EOPKG_TC-UN-f1-5-penalty3l-13_loan_v1_v5_simulated_GATv2,_EOPKG_TC-UN-f1-5-penalty3l,13,train_candidate_target_in_candidate_set_rate,0,1780838706456,1.0
learn,EOPKG,EOPKGTopologyConditioned,a9ec65c003b14176b0d853a15471bbbb,854778689611649472,_EOPKG_TC-UN-f1-5-penalty3l-13_loan_v1_v5_simulated_GATv2,_EOPKG_TC-UN-f1-5-penalty3l,13,train_candidate_target_in_candidate_set_rate,0,1780838706456,1.0
learn,EOPKG,EOPKGTopologyConditioned,a9ec65c003b14176b0d853a15471bbbb,854778689611649472,_EOPKG_TC-UN-f1-5-penalty3l-13_loan_v1_v5_simulated_GATv2,_EOPKG_TC-UN-f1-5-penalty3l,13,train_candidate_target_in_candidate_set_rate,0,1780838951667,1.0
learn,EOPKG,EOPKGTopologyConditioned,a9ec65c003b14176b0d853a15471bbbb,854778689611649472,_EOPKG_TC-UN-f1-5-penalty3l-13_loan_v1_v5_simulated_GATv2,_EOPKG_TC-UN-f1-5-penalty3l,13,train_candidate_target_in_candidate_set_rate,0,1780838951667,1.0
learn,EOPKG,EOPKGTopologyConditioned,a9ec65c003b14176b0d853a15471bbbb,854778689611649472,_EOPKG_TC-UN-f1-5-penalty3l-13_loan_v1_v5_simulated_GATv2,_EOPKG_TC-UN-f1-5-penalty3l,13,train_candidate_target_in_candidate_set_rate,0,1780839203154,1.0
learn,EOPKG,EOPKGTopologyConditioned,a9ec65c003b14176b0d853a15471bbbb,854778689611649472,_EOPKG_TC-UN-f1-5-penalty3l-13_loan_v1_v5_simulated_GATv2,_EOPKG_TC-UN-f1-5-penalty3l,13,train_candidate_target_in_candidate_set_rate,0,1780839203154,1.0
learn,EOPKG,EOPKGTopologyConditioned,a9ec65c003b14176b0d853a15471bbbb,854778689611649472,_EOPKG_TC-UN-f1-5-penalty3l-13_loan_v1_v5_simulated_GATv2,_EOPKG_TC-UN-f1-5-penalty3l,13,train_candidate_target_in_candidate_set_rate,0,1780839453468,1.0
learn,EOPKG,EOPKGTopologyConditioned,a9ec65c003b14176b0d853a15471bbbb,854778689611649472,_EOPKG_TC-UN-f1-5-penalty3l-13_loan_v1_v5_simulated_GATv2,_EOPKG_TC-UN-f1-5-penalty3l,13,train_candidate_target_in_candidate_set_rate,0,1780839453468,1.0
learn,EOPKG,EOPKGTopologyConditioned,a9ec65c003b14176b0d853a15471bbbb,854778689611649472,_EOPKG_TC-UN-f1-5-penalty3l-13_loan_v1_v5_simulated_GATv2,_EOPKG_TC-UN-f1-5-penalty3l,13,train_candidate_target_in_candidate_set_rate,0,1780839700099,1.0
learn,EOPKG,EOPKGTopologyConditioned,a9ec65c003b14176b0d853a15471bbbb,854778689611649472,_EOPKG_TC-UN-f1-5-penalty3l-13_loan_v1_v5_simulated_GATv2,_EOPKG_TC-UN-f1-5-penalty3l,13,train_candidate_target_in_candidate_set_rate,0,1780839700099,1.0
learn,EOPKG,EOPKGTopologyConditioned,a9ec65c003b14176b0d853a15471bbbb,854778689611649472,_EOPKG_TC-UN-f1-5-penalty3l-13_loan_v1_v5_simulated_GATv2,_EOPKG_TC-UN-f1-5-penalty3l,13,train_candidate_target_in_candidate_set_rate,0,1780839950496,1.0
learn,EOPKG,EOPKGTopologyConditioned,a9ec65c003b14176b0d853a15471bbbb,854778689611649472,_EOPKG_TC-UN-f1-5-penalty3l-13_loan_v1_v5_simulated_GATv2,_EOPKG_TC-UN-f1-5-penalty3l,13,train_candidate_target_in_candidate_set_rate,0,1780839950496,1.0
learn,EOPKG,EOPKGTopologyConditioned,a9ec65c003b14176b0d853a15471bbbb,854778689611649472,_EOPKG_TC-UN-f1-5-penalty3l-13_loan_v1_v5_simulated_GATv2,_EOPKG_TC-UN-f1-5-penalty3l,13,train_candidate_target_in_candidate_set_rate,0,1780840202378,1.0
learn,EOPKG,EOPKGTopologyConditioned,a9ec65c003b14176b0d853a15471bbbb,854778689611649472,_EOPKG_TC-UN-f1-5-penalty3l-13_loan_v1_v5_simulated_GATv2,_EOPKG_TC-UN-f1-5-penalty3l,13,train_candidate_target_in_candidate_set_rate,0,1780840202378,1.0
learn,EOPKG,EOPKGTopologyConditioned,a9ec65c003b14176b0d853a15471bbbb,854778689611649472,_EOPKG_TC-UN-f1-5-penalty3l-13_loan_v1_v5_simulated_GATv2,_EOPKG_TC-UN-f1-5-penalty3l,13,train_candidate_target_in_candidate_set_rate,0,1780840450594,1.0
learn,EOPKG,EOPKGTopologyConditioned,a9ec65c003b14176b0d853a15471bbbb,854778689611649472,_EOPKG_TC-UN-f1-5-penalty3l-13_loan_v1_v5_simulated_GATv2,_EOPKG_TC-UN-f1-5-penalty3l,13,train_candidate_target_in_candidate_set_rate,0,1780840450594,1.0
learn,EOPKG,EOPKGTopologyConditioned,a9ec65c003b14176b0d853a15471bbbb,854778689611649472,_EOPKG_TC-UN-f1-5-penalty3l-13_loan_v1_v5_simulated_GATv2,_EOPKG_TC-UN-f1-5-penalty3l,13,train_candidate_target_in_candidate_set_rate,0,1780840695728,1.0
learn,EOPKG,EOPKGTopologyConditioned,a9ec65c003b14176b0d853a15471bbbb,854778689611649472,_EOPKG_TC-UN-f1-5-penalty3l-13_loan_v1_v5_simulated_GATv2,_EOPKG_TC-UN-f1-5-penalty3l,13,train_candidate_target_in_candidate_set_rate,0,1780840695728,1.0
learn,EOPKG,EOPKGTopologyConditioned,a9ec65c003b14176b0d853a15471bbbb,854778689611649472,_EOPKG_TC-UN-f1-5-penalty3l-13_loan_v1_v5_simulated_GATv2,_EOPKG_TC-UN-f1-5-penalty3l,13,train_candidate_target_in_candidate_set_rate,0,1780840942109,1.0
learn,EOPKG,EOPKGTopologyConditioned,a9ec65c003b14176b0d853a15471bbbb,854778689611649472,_EOPKG_TC-UN-f1-5-penalty3l-13_loan_v1_v5_simulated_GATv2,_EOPKG_TC-UN-f1-5-penalty3l,13,train_candidate_target_in_candidate_set_rate,0,1780840942109,1.0
learn,EOPKG,EOPKGTopologyConditioned,a9ec65c003b14176b0d853a15471bbbb,854778689611649472,_EOPKG_TC-UN-f1-5-penalty3l-13_loan_v1_v5_simulated_GATv2,_EOPKG_TC-UN-f1-5-penalty3l,13,train_candidate_target_in_candidate_set_rate,0,1780841188104,1.0
learn,EOPKG,EOPKGTopologyConditioned,a9ec65c003b14176b0d853a15471bbbb,854778689611649472,_EOPKG_TC-UN-f1-5-penalty3l-13_loan_v1_v5_simulated_GATv2,_EOPKG_TC-UN-f1-5-penalty3l,13,train_candidate_target_in_candidate_set_rate,0,1780841188104,1.0
learn,EOPKG,EOPKGTopologyConditioned,a9ec65c003b14176b0d853a15471bbbb,854778689611649472,_EOPKG_TC-UN-f1-5-penalty3l-13_loan_v1_v5_simulated_GATv2,_EOPKG_TC-UN-f1-5-penalty3l,13,train_candidate_target_in_candidate_set_rate,0,1780841436846,1.0
learn,EOPKG,EOPKGTopologyConditioned,a9ec65c003b14176b0d853a15471bbbb,854778689611649472,_EOPKG_TC-UN-f1-5-penalty3l-13_loan_v1_v5_simulated_GATv2,_EOPKG_TC-UN-f1-5-penalty3l,13,train_candidate_target_in_candidate_set_rate,0,1780841436846,1.0
learn,EOPKG,EOPKGTopologyConditioned,a9ec65c003b14176b0d853a15471bbbb,854778689611649472,_EOPKG_TC-UN-f1-5-penalty3l-13_loan_v1_v5_simulated_GATv2,_EOPKG_TC-UN-f1-5-penalty3l,13,train_candidate_target_in_candidate_set_rate,0,1780841683794,1.0
learn,EOPKG,EOPKGTopologyConditioned,a9ec65c003b14176b0d853a15471bbbb,854778689611649472,_EOPKG_TC-UN-f1-5-penalty3l-13_loan_v1_v5_simulated_GATv2,_EOPKG_TC-UN-f1-5-penalty3l,13,train_candidate_target_in_candidate_set_rate,0,1780841683794,1.0
learn,EOPKG,EOPKGTopologyConditioned,a9ec65c003b14176b0d853a15471bbbb,854778689611649472,_EOPKG_TC-UN-f1-5-penalty3l-13_loan_v1_v5_simulated_GATv2,_EOPKG_TC-UN-f1-5-penalty3l,13,train_candidate_target_in_candidate_set_rate,0,1780841929324,1.0
learn,EOPKG,EOPKGTopologyConditioned,a9ec65c003b14176b0d853a15471bbbb,854778689611649472,_EOPKG_TC-UN-f1-5-penalty3l-13_loan_v1_v5_simulated_GATv2,_EOPKG_TC-UN-f1-5-penalty3l,13,train_candidate_target_in_candidate_set_rate,0,1780841929324,1.0
learn,EOPKG,EOPKGTopologyConditioned,a9ec65c003b14176b0d853a15471bbbb,854778689611649472,_EOPKG_TC-UN-f1-5-penalty3l-13_loan_v1_v5_simulated_GATv2,_EOPKG_TC-UN-f1-5-penalty3l,13,train_candidate_target_in_candidate_set_rate,0,1780842175371,1.0
learn,EOPKG,EOPKGTopologyConditioned,a9ec65c003b14176b0d853a15471bbbb,854778689611649472,_EOPKG_TC-UN-f1-5-penalty3l-13_loan_v1_v5_simulated_GATv2,_EOPKG_TC-UN-f1-5-penalty3l,13,train_candidate_target_in_candidate_set_rate,0,1780842175371,1.0
learn,EOPKG,EOPKGTopologyConditioned,a9ec65c003b14176b0d853a15471bbbb,854778689611649472,_EOPKG_TC-UN-f1-5-penalty3l-13_loan_v1_v5_simulated_GATv2,_EOPKG_TC-UN-f1-5-penalty3l,13,train_candidate_target_in_candidate_set_rate,0,1780842420557,1.0
learn,EOPKG,EOPKGTopologyConditioned,a9ec65c003b14176b0d853a15471bbbb,854778689611649472,_EOPKG_TC-UN-f1-5-penalty3l-13_loan_v1_v5_simulated_GATv2,_EOPKG_TC-UN-f1-5-penalty3l,13,train_candidate_target_in_candidate_set_rate,0,1780842420557,1.0
learn,EOPKG,EOPKGTopologyConditioned,a9ec65c003b14176b0d853a15471bbbb,854778689611649472,_EOPKG_TC-UN-f1-5-penalty3l-13_loan_v1_v5_simulated_GATv2,_EOPKG_TC-UN-f1-5-penalty3l,13,train_candidate_target_in_candidate_set_rate,0,1780842668741,1.0
learn,EOPKG,EOPKGTopologyConditioned,a9ec65c003b14176b0d853a15471bbbb,854778689611649472,_EOPKG_TC-UN-f1-5-penalty3l-13_loan_v1_v5_simulated_GATv2,_EOPKG_TC-UN-f1-5-penalty3l,13,train_candidate_target_in_candidate_set_rate,0,1780842668741,1.0
learn,EOPKG,EOPKGTopologyConditioned,a9ec65c003b14176b0d853a15471bbbb,854778689611649472,_EOPKG_TC-UN-f1-5-penalty3l-13_loan_v1_v5_simulated_GATv2,_EOPKG_TC-UN-f1-5-penalty3l,13,train_candidate_target_in_candidate_set_rate,0,1780842915665,1.0
learn,EOPKG,EOPKGTopologyConditioned,a9ec65c003b14176b0d853a15471bbbb,854778689611649472,_EOPKG_TC-UN-f1-5-penalty3l-13_loan_v1_v5_simulated_GATv2,_EOPKG_TC-UN-f1-5-penalty3l,13,train_candidate_target_in_candidate_set_rate,0,1780842915665,1.0
learn,EOPKG,EOPKGTopologyConditioned,a9ec65c003b14176b0d853a15471bbbb,854778689611649472,_EOPKG_TC-UN-f1-5-penalty3l-13_loan_v1_v5_simulated_GATv2,_EOPKG_TC-UN-f1-5-penalty3l,13,train_candidate_target_in_candidate_set_rate,0,1780843165182,1.0
learn,EOPKG,EOPKGTopologyConditioned,a9ec65c003b14176b0d853a15471bbbb,854778689611649472,_EOPKG_TC-UN-f1-5-penalty3l-13_loan_v1_v5_simulated_GATv2,_EOPKG_TC-UN-f1-5-penalty3l,13,train_candidate_target_in_candidate_set_rate,0,1780843165182,1.0
learn,EOPKG,EOPKGTopologyConditioned,a9ec65c003b14176b0d853a15471bbbb,854778689611649472,_EOPKG_TC-UN-f1-5-penalty3l-13_loan_v1_v5_simulated_GATv2,_EOPKG_TC-UN-f1-5-penalty3l,13,train_candidate_target_in_candidate_set_rate,0,1780843414400,1.0
learn,EOPKG,EOPKGTopologyConditioned,a9ec65c003b14176b0d853a15471bbbb,854778689611649472,_EOPKG_TC-UN-f1-5-penalty3l-13_loan_v1_v5_simulated_GATv2,_EOPKG_TC-UN-f1-5-penalty3l,13,train_candidate_target_in_candidate_set_rate,0,1780843414400,1.0
learn,EOPKG,EOPKGTopologyConditioned,a9ec65c003b14176b0d853a15471bbbb,854778689611649472,_EOPKG_TC-UN-f1-5-penalty3l-13_loan_v1_v5_simulated_GATv2,_EOPKG_TC-UN-f1-5-penalty3l,13,train_candidate_target_in_candidate_set_rate,0,1780843662950,1.0
learn,EOPKG,EOPKGTopologyConditioned,a9ec65c003b14176b0d853a15471bbbb,854778689611649472,_EOPKG_TC-UN-f1-5-penalty3l-13_loan_v1_v5_simulated_GATv2,_EOPKG_TC-UN-f1-5-penalty3l,13,train_candidate_target_in_candidate_set_rate,0,1780843662950,1.0
learn,EOPKG,EOPKGTopologyConditioned,a9ec65c003b14176b0d853a15471bbbb,854778689611649472,_EOPKG_TC-UN-f1-5-penalty3l-13_loan_v1_v5_simulated_GATv2,_EOPKG_TC-UN-f1-5-penalty3l,13,train_candidate_target_in_candidate_set_rate,0,1780843909291,1.0
learn,EOPKG,EOPKGTopologyConditioned,a9ec65c003b14176b0d853a15471bbbb,854778689611649472,_EOPKG_TC-UN-f1-5-penalty3l-13_loan_v1_v5_simulated_GATv2,_EOPKG_TC-UN-f1-5-penalty3l,13,train_candidate_target_in_candidate_set_rate,0,1780843909291,1.0
learn,EOPKG,EOPKGTopologyConditioned,a9ec65c003b14176b0d853a15471bbbb,854778689611649472,_EOPKG_TC-UN-f1-5-penalty3l-13_loan_v1_v5_simulated_GATv2,_EOPKG_TC-UN-f1-5-penalty3l,13,train_candidate_target_in_candidate_set_rate,0,1780844155737,1.0
learn,EOPKG,EOPKGTopologyConditioned,a9ec65c003b14176b0d853a15471bbbb,854778689611649472,_EOPKG_TC-UN-f1-5-penalty3l-13_loan_v1_v5_simulated_GATv2,_EOPKG_TC-UN-f1-5-penalty3l,13,train_candidate_target_in_candidate_set_rate,0,1780844155737,1.0
learn,EOPKG,EOPKGTopologyConditioned,a9ec65c003b14176b0d853a15471bbbb,854778689611649472,_EOPKG_TC-UN-f1-5-penalty3l-13_loan_v1_v5_simulated_GATv2,_EOPKG_TC-UN-f1-5-penalty3l,13,train_candidate_target_in_candidate_set_rate,0,1780844401171,1.0
learn,EOPKG,EOPKGTopologyConditioned,a9ec65c003b14176b0d853a15471bbbb,854778689611649472,_EOPKG_TC-UN-f1-5-penalty3l-13_loan_v1_v5_simulated_GATv2,_EOPKG_TC-UN-f1-5-penalty3l,13,train_candidate_target_in_candidate_set_rate,0,1780844401171,1.0
learn,EOPKG,EOPKGTopologyConditioned,a9ec65c003b14176b0d853a15471bbbb,854778689611649472,_EOPKG_TC-UN-f1-5-penalty3l-13_loan_v1_v5_simulated_GATv2,_EOPKG_TC-UN-f1-5-penalty3l,13,train_candidate_target_in_candidate_set_rate,0,1780844648985,1.0
learn,EOPKG,EOPKGTopologyConditioned,a9ec65c003b14176b0d853a15471bbbb,854778689611649472,_EOPKG_TC-UN-f1-5-penalty3l-13_loan_v1_v5_simulated_GATv2,_EOPKG_TC-UN-f1-5-penalty3l,13,train_candidate_target_in_candidate_set_rate,0,1780844648985,1.0
learn,EOPKG,EOPKGTopologyConditioned,a9ec65c003b14176b0d853a15471bbbb,854778689611649472,_EOPKG_TC-UN-f1-5-penalty3l-13_loan_v1_v5_simulated_GATv2,_EOPKG_TC-UN-f1-5-penalty3l,13,train_candidate_target_in_candidate_set_rate,0,1780844897772,1.0
learn,EOPKG,EOPKGTopologyConditioned,a9ec65c003b14176b0d853a15471bbbb,854778689611649472,_EOPKG_TC-UN-f1-5-penalty3l-13_loan_v1_v5_simulated_GATv2,_EOPKG_TC-UN-f1-5-penalty3l,13,train_candidate_target_in_candidate_set_rate,0,1780844897772,1.0
learn,EOPKG,EOPKGTopologyConditioned,a9ec65c003b14176b0d853a15471bbbb,854778689611649472,_EOPKG_TC-UN-f1-5-penalty3l-13_loan_v1_v5_simulated_GATv2,_EOPKG_TC-UN-f1-5-penalty3l,13,train_candidate_target_in_candidate_set_rate,0,1780845149306,1.0
learn,EOPKG,EOPKGTopologyConditioned,a9ec65c003b14176b0d853a15471bbbb,854778689611649472,_EOPKG_TC-UN-f1-5-penalty3l-13_loan_v1_v5_simulated_GATv2,_EOPKG_TC-UN-f1-5-penalty3l,13,train_candidate_target_in_candidate_set_rate,0,1780845149306,1.0
learn,EOPKG,EOPKGTopologyConditioned,a9ec65c003b14176b0d853a15471bbbb,854778689611649472,_EOPKG_TC-UN-f1-5-penalty3l-13_loan_v1_v5_simulated_GATv2,_EOPKG_TC-UN-f1-5-penalty3l,13,train_candidate_target_in_candidate_set_rate,0,1780845393601,1.0
learn,EOPKG,EOPKGTopologyConditioned,a9ec65c003b14176b0d853a15471bbbb,854778689611649472,_EOPKG_TC-UN-f1-5-penalty3l-13_loan_v1_v5_simulated_GATv2,_EOPKG_TC-UN-f1-5-penalty3l,13,train_candidate_target_in_candidate_set_rate,0,1780845393601,1.0
learn,EOPKG,EOPKGTopologyConditioned,a9ec65c003b14176b0d853a15471bbbb,854778689611649472,_EOPKG_TC-UN-f1-5-penalty3l-13_loan_v1_v5_simulated_GATv2,_EOPKG_TC-UN-f1-5-penalty3l,13,train_candidate_target_in_candidate_set_rate,0,1780845640701,1.0
learn,EOPKG,EOPKGTopologyConditioned,a9ec65c003b14176b0d853a15471bbbb,854778689611649472,_EOPKG_TC-UN-f1-5-penalty3l-13_loan_v1_v5_simulated_GATv2,_EOPKG_TC-UN-f1-5-penalty3l,13,train_candidate_target_in_candidate_set_rate,0,1780845640701,1.0
learn,EOPKG,EOPKGTopologyConditioned,a9ec65c003b14176b0d853a15471bbbb,854778689611649472,_EOPKG_TC-UN-f1-5-penalty3l-13_loan_v1_v5_simulated_GATv2,_EOPKG_TC-UN-f1-5-penalty3l,13,train_candidate_target_in_candidate_set_rate,0,1780845886287,1.0
learn,EOPKG,EOPKGTopologyConditioned,a9ec65c003b14176b0d853a15471bbbb,854778689611649472,_EOPKG_TC-UN-f1-5-penalty3l-13_loan_v1_v5_simulated_GATv2,_EOPKG_TC-UN-f1-5-penalty3l,13,train_candidate_target_in_candidate_set_rate,0,1780845886287,1.0
learn,EOPKG,EOPKGTopologyConditioned,a9ec65c003b14176b0d853a15471bbbb,854778689611649472,_EOPKG_TC-UN-f1-5-penalty3l-13_loan_v1_v5_simulated_GATv2,_EOPKG_TC-UN-f1-5-penalty3l,13,train_candidate_target_in_candidate_set_rate,0,1780846133107,1.0
learn,EOPKG,EOPKGTopologyConditioned,a9ec65c003b14176b0d853a15471bbbb,854778689611649472,_EOPKG_TC-UN-f1-5-penalty3l-13_loan_v1_v5_simulated_GATv2,_EOPKG_TC-UN-f1-5-penalty3l,13,train_candidate_target_in_candidate_set_rate,0,1780846133107,1.0
learn,EOPKG,EOPKGTopologyConditioned,a9ec65c003b14176b0d853a15471bbbb,854778689611649472,_EOPKG_TC-UN-f1-5-penalty3l-13_loan_v1_v5_simulated_GATv2,_EOPKG_TC-UN-f1-5-penalty3l,13,train_candidate_target_in_candidate_set_rate,0,1780846381269,1.0
learn,EOPKG,EOPKGTopologyConditioned,a9ec65c003b14176b0d853a15471bbbb,854778689611649472,_EOPKG_TC-UN-f1-5-penalty3l-13_loan_v1_v5_simulated_GATv2,_EOPKG_TC-UN-f1-5-penalty3l,13,train_candidate_target_in_candidate_set_rate,0,1780846381269,1.0
learn,EOPKG,EOPKGTopologyConditioned,a9ec65c003b14176b0d853a15471bbbb,854778689611649472,_EOPKG_TC-UN-f1-5-penalty3l-13_loan_v1_v5_simulated_GATv2,_EOPKG_TC-UN-f1-5-penalty3l,13,train_candidate_target_in_candidate_set_rate,0,1780846626529,1.0
learn,EOPKG,EOPKGTopologyConditioned,a9ec65c003b14176b0d853a15471bbbb,854778689611649472,_EOPKG_TC-UN-f1-5-penalty3l-13_loan_v1_v5_simulated_GATv2,_EOPKG_TC-UN-f1-5-penalty3l,13,train_candidate_target_in_candidate_set_rate,0,1780846626529,1.0
learn,EOPKG,EOPKGTopologyConditioned,b8f6130db97f4f28b27d4528497aa1f3,854778689611649472,_EOPKG_TC-UN-f1-5-penalty3l-55_loan_v1_v5_simulated_GATv2,_EOPKG_TC-UN-f1-5-penalty3l,55,train_candidate_target_in_candidate_set_rate,0,1780851153214,1.0
learn,EOPKG,EOPKGTopologyConditioned,b8f6130db97f4f28b27d4528497aa1f3,854778689611649472,_EOPKG_TC-UN-f1-5-penalty3l-55_loan_v1_v5_simulated_GATv2,_EOPKG_TC-UN-f1-5-penalty3l,55,train_candidate_target_in_candidate_set_rate,0,1780851153214,1.0
learn,EOPKG,EOPKGTopologyConditioned,b8f6130db97f4f28b27d4528497aa1f3,854778689611649472,_EOPKG_TC-UN-f1-5-penalty3l-55_loan_v1_v5_simulated_GATv2,_EOPKG_TC-UN-f1-5-penalty3l,55,train_candidate_target_in_candidate_set_rate,0,1780851413383,1.0
learn,EOPKG,EOPKGTopologyConditioned,b8f6130db97f4f28b27d4528497aa1f3,854778689611649472,_EOPKG_TC-UN-f1-5-penalty3l-55_loan_v1_v5_simulated_GATv2,_EOPKG_TC-UN-f1-5-penalty3l,55,train_candidate_target_in_candidate_set_rate,0,1780851413383,1.0
learn,EOPKG,EOPKGTopologyConditioned,b8f6130db97f4f28b27d4528497aa1f3,854778689611649472,_EOPKG_TC-UN-f1-5-penalty3l-55_loan_v1_v5_simulated_GATv2,_EOPKG_TC-UN-f1-5-penalty3l,55,train_candidate_target_in_candidate_set_rate,0,1780851663578,1.0
learn,EOPKG,EOPKGTopologyConditioned,b8f6130db97f4f28b27d4528497aa1f3,854778689611649472,_EOPKG_TC-UN-f1-5-penalty3l-55_loan_v1_v5_simulated_GATv2,_EOPKG_TC-UN-f1-5-penalty3l,55,train_candidate_target_in_candidate_set_rate,0,1780851663578,1.0
learn,EOPKG,EOPKGTopologyConditioned,b8f6130db97f4f28b27d4528497aa1f3,854778689611649472,_EOPKG_TC-UN-f1-5-penalty3l-55_loan_v1_v5_simulated_GATv2,_EOPKG_TC-UN-f1-5-penalty3l,55,train_candidate_target_in_candidate_set_rate,0,1780851910845,1.0
learn,EOPKG,EOPKGTopologyConditioned,b8f6130db97f4f28b27d4528497aa1f3,854778689611649472,_EOPKG_TC-UN-f1-5-penalty3l-55_loan_v1_v5_simulated_GATv2,_EOPKG_TC-UN-f1-5-penalty3l,55,train_candidate_target_in_candidate_set_rate,0,1780851910845,1.0
learn,EOPKG,EOPKGTopologyConditioned,b8f6130db97f4f28b27d4528497aa1f3,854778689611649472,_EOPKG_TC-UN-f1-5-penalty3l-55_loan_v1_v5_simulated_GATv2,_EOPKG_TC-UN-f1-5-penalty3l,55,train_candidate_target_in_candidate_set_rate,0,1780852161594,1.0
learn,EOPKG,EOPKGTopologyConditioned,b8f6130db97f4f28b27d4528497aa1f3,854778689611649472,_EOPKG_TC-UN-f1-5-penalty3l-55_loan_v1_v5_simulated_GATv2,_EOPKG_TC-UN-f1-5-penalty3l,55,train_candidate_target_in_candidate_set_rate,0,1780852161594,1.0
learn,EOPKG,EOPKGTopologyConditioned,b8f6130db97f4f28b27d4528497aa1f3,854778689611649472,_EOPKG_TC-UN-f1-5-penalty3l-55_loan_v1_v5_simulated_GATv2,_EOPKG_TC-UN-f1-5-penalty3l,55,train_candidate_target_in_candidate_set_rate,0,1780852420837,1.0
learn,EOPKG,EOPKGTopologyConditioned,b8f6130db97f4f28b27d4528497aa1f3,854778689611649472,_EOPKG_TC-UN-f1-5-penalty3l-55_loan_v1_v5_simulated_GATv2,_EOPKG_TC-UN-f1-5-penalty3l,55,train_candidate_target_in_candidate_set_rate,0,1780852420837,1.0
learn,EOPKG,EOPKGTopologyConditioned,b8f6130db97f4f28b27d4528497aa1f3,854778689611649472,_EOPKG_TC-UN-f1-5-penalty3l-55_loan_v1_v5_simulated_GATv2,_EOPKG_TC-UN-f1-5-penalty3l,55,train_candidate_target_in_candidate_set_rate,0,1780852666409,1.0
learn,EOPKG,EOPKGTopologyConditioned,b8f6130db97f4f28b27d4528497aa1f3,854778689611649472,_EOPKG_TC-UN-f1-5-penalty3l-55_loan_v1_v5_simulated_GATv2,_EOPKG_TC-UN-f1-5-penalty3l,55,train_candidate_target_in_candidate_set_rate,0,1780852666409,1.0
learn,EOPKG,EOPKGTopologyConditioned,b8f6130db97f4f28b27d4528497aa1f3,854778689611649472,_EOPKG_TC-UN-f1-5-penalty3l-55_loan_v1_v5_simulated_GATv2,_EOPKG_TC-UN-f1-5-penalty3l,55,train_candidate_target_in_candidate_set_rate,0,1780852915563,1.0
learn,EOPKG,EOPKGTopologyConditioned,b8f6130db97f4f28b27d4528497aa1f3,854778689611649472,_EOPKG_TC-UN-f1-5-penalty3l-55_loan_v1_v5_simulated_GATv2,_EOPKG_TC-UN-f1-5-penalty3l,55,train_candidate_target_in_candidate_set_rate,0,1780852915563,1.0
learn,EOPKG,EOPKGTopologyConditioned,b8f6130db97f4f28b27d4528497aa1f3,854778689611649472,_EOPKG_TC-UN-f1-5-penalty3l-55_loan_v1_v5_simulated_GATv2,_EOPKG_TC-UN-f1-5-penalty3l,55,train_candidate_target_in_candidate_set_rate,0,1780853171099,1.0
learn,EOPKG,EOPKGTopologyConditioned,b8f6130db97f4f28b27d4528497aa1f3,854778689611649472,_EOPKG_TC-UN-f1-5-penalty3l-55_loan_v1_v5_simulated_GATv2,_EOPKG_TC-UN-f1-5-penalty3l,55,train_candidate_target_in_candidate_set_rate,0,1780853171099,1.0
learn,EOPKG,EOPKGTopologyConditioned,b8f6130db97f4f28b27d4528497aa1f3,854778689611649472,_EOPKG_TC-UN-f1-5-penalty3l-55_loan_v1_v5_simulated_GATv2,_EOPKG_TC-UN-f1-5-penalty3l,55,train_candidate_target_in_candidate_set_rate,0,1780853418713,1.0
learn,EOPKG,EOPKGTopologyConditioned,b8f6130db97f4f28b27d4528497aa1f3,854778689611649472,_EOPKG_TC-UN-f1-5-penalty3l-55_loan_v1_v5_simulated_GATv2,_EOPKG_TC-UN-f1-5-penalty3l,55,train_candidate_target_in_candidate_set_rate,0,1780853418713,1.0
learn,EOPKG,EOPKGTopologyConditioned,b8f6130db97f4f28b27d4528497aa1f3,854778689611649472,_EOPKG_TC-UN-f1-5-penalty3l-55_loan_v1_v5_simulated_GATv2,_EOPKG_TC-UN-f1-5-penalty3l,55,train_candidate_target_in_candidate_set_rate,0,1780853672196,1.0
learn,EOPKG,EOPKGTopologyConditioned,b8f6130db97f4f28b27d4528497aa1f3,854778689611649472,_EOPKG_TC-UN-f1-5-penalty3l-55_loan_v1_v5_simulated_GATv2,_EOPKG_TC-UN-f1-5-penalty3l,55,train_candidate_target_in_candidate_set_rate,0,1780853672196,1.0
learn,EOPKG,EOPKGTopologyConditioned,b8f6130db97f4f28b27d4528497aa1f3,854778689611649472,_EOPKG_TC-UN-f1-5-penalty3l-55_loan_v1_v5_simulated_GATv2,_EOPKG_TC-UN-f1-5-penalty3l,55,train_candidate_target_in_candidate_set_rate,0,1780853921018,1.0
learn,EOPKG,EOPKGTopologyConditioned,b8f6130db97f4f28b27d4528497aa1f3,854778689611649472,_EOPKG_TC-UN-f1-5-penalty3l-55_loan_v1_v5_simulated_GATv2,_EOPKG_TC-UN-f1-5-penalty3l,55,train_candidate_target_in_candidate_set_rate,0,1780853921018,1.0
learn,EOPKG,EOPKGTopologyConditioned,b8f6130db97f4f28b27d4528497aa1f3,854778689611649472,_EOPKG_TC-UN-f1-5-penalty3l-55_loan_v1_v5_simulated_GATv2,_EOPKG_TC-UN-f1-5-penalty3l,55,train_candidate_target_in_candidate_set_rate,0,1780854169580,1.0
learn,EOPKG,EOPKGTopologyConditioned,b8f6130db97f4f28b27d4528497aa1f3,854778689611649472,_EOPKG_TC-UN-f1-5-penalty3l-55_loan_v1_v5_simulated_GATv2,_EOPKG_TC-UN-f1-5-penalty3l,55,train_candidate_target_in_candidate_set_rate,0,1780854169580,1.0
learn,EOPKG,EOPKGTopologyConditioned,b8f6130db97f4f28b27d4528497aa1f3,854778689611649472,_EOPKG_TC-UN-f1-5-penalty3l-55_loan_v1_v5_simulated_GATv2,_EOPKG_TC-UN-f1-5-penalty3l,55,train_candidate_target_in_candidate_set_rate,0,1780854456777,1.0
learn,EOPKG,EOPKGTopologyConditioned,b8f6130db97f4f28b27d4528497aa1f3,854778689611649472,_EOPKG_TC-UN-f1-5-penalty3l-55_loan_v1_v5_simulated_GATv2,_EOPKG_TC-UN-f1-5-penalty3l,55,train_candidate_target_in_candidate_set_rate,0,1780854456777,1.0
learn,EOPKG,EOPKGTopologyConditioned,b8f6130db97f4f28b27d4528497aa1f3,854778689611649472,_EOPKG_TC-UN-f1-5-penalty3l-55_loan_v1_v5_simulated_GATv2,_EOPKG_TC-UN-f1-5-penalty3l,55,train_candidate_target_in_candidate_set_rate,0,1780854739550,1.0
learn,EOPKG,EOPKGTopologyConditioned,b8f6130db97f4f28b27d4528497aa1f3,854778689611649472,_EOPKG_TC-UN-f1-5-penalty3l-55_loan_v1_v5_simulated_GATv2,_EOPKG_TC-UN-f1-5-penalty3l,55,train_candidate_target_in_candidate_set_rate,0,1780854739550,1.0
learn,EOPKG,EOPKGTopologyConditioned,b8f6130db97f4f28b27d4528497aa1f3,854778689611649472,_EOPKG_TC-UN-f1-5-penalty3l-55_loan_v1_v5_simulated_GATv2,_EOPKG_TC-UN-f1-5-penalty3l,55,train_candidate_target_in_candidate_set_rate,0,1780854982981,1.0
learn,EOPKG,EOPKGTopologyConditioned,b8f6130db97f4f28b27d4528497aa1f3,854778689611649472,_EOPKG_TC-UN-f1-5-penalty3l-55_loan_v1_v5_simulated_GATv2,_EOPKG_TC-UN-f1-5-penalty3l,55,train_candidate_target_in_candidate_set_rate,0,1780854982981,1.0
learn,EOPKG,EOPKGTopologyConditioned,b8f6130db97f4f28b27d4528497aa1f3,854778689611649472,_EOPKG_TC-UN-f1-5-penalty3l-55_loan_v1_v5_simulated_GATv2,_EOPKG_TC-UN-f1-5-penalty3l,55,train_candidate_target_in_candidate_set_rate,0,1780855226771,1.0
learn,EOPKG,EOPKGTopologyConditioned,b8f6130db97f4f28b27d4528497aa1f3,854778689611649472,_EOPKG_TC-UN-f1-5-penalty3l-55_loan_v1_v5_simulated_GATv2,_EOPKG_TC-UN-f1-5-penalty3l,55,train_candidate_target_in_candidate_set_rate,0,1780855226771,1.0
learn,EOPKG,EOPKGTopologyConditioned,b8f6130db97f4f28b27d4528497aa1f3,854778689611649472,_EOPKG_TC-UN-f1-5-penalty3l-55_loan_v1_v5_simulated_GATv2,_EOPKG_TC-UN-f1-5-penalty3l,55,train_candidate_target_in_candidate_set_rate,0,1780855470994,1.0
learn,EOPKG,EOPKGTopologyConditioned,b8f6130db97f4f28b27d4528497aa1f3,854778689611649472,_EOPKG_TC-UN-f1-5-penalty3l-55_loan_v1_v5_simulated_GATv2,_EOPKG_TC-UN-f1-5-penalty3l,55,train_candidate_target_in_candidate_set_rate,0,1780855470994,1.0
learn,EOPKG,EOPKGTopologyConditioned,b8f6130db97f4f28b27d4528497aa1f3,854778689611649472,_EOPKG_TC-UN-f1-5-penalty3l-55_loan_v1_v5_simulated_GATv2,_EOPKG_TC-UN-f1-5-penalty3l,55,train_candidate_target_in_candidate_set_rate,0,1780855707243,1.0
learn,EOPKG,EOPKGTopologyConditioned,b8f6130db97f4f28b27d4528497aa1f3,854778689611649472,_EOPKG_TC-UN-f1-5-penalty3l-55_loan_v1_v5_simulated_GATv2,_EOPKG_TC-UN-f1-5-penalty3l,55,train_candidate_target_in_candidate_set_rate,0,1780855707243,1.0
learn,EOPKG,EOPKGTopologyConditioned,b8f6130db97f4f28b27d4528497aa1f3,854778689611649472,_EOPKG_TC-UN-f1-5-penalty3l-55_loan_v1_v5_simulated_GATv2,_EOPKG_TC-UN-f1-5-penalty3l,55,train_candidate_target_in_candidate_set_rate,0,1780855953860,1.0
learn,EOPKG,EOPKGTopologyConditioned,b8f6130db97f4f28b27d4528497aa1f3,854778689611649472,_EOPKG_TC-UN-f1-5-penalty3l-55_loan_v1_v5_simulated_GATv2,_EOPKG_TC-UN-f1-5-penalty3l,55,train_candidate_target_in_candidate_set_rate,0,1780855953860,1.0
learn,EOPKG,EOPKGTopologyConditioned,b8f6130db97f4f28b27d4528497aa1f3,854778689611649472,_EOPKG_TC-UN-f1-5-penalty3l-55_loan_v1_v5_simulated_GATv2,_EOPKG_TC-UN-f1-5-penalty3l,55,train_candidate_target_in_candidate_set_rate,0,1780856195577,1.0
learn,EOPKG,EOPKGTopologyConditioned,b8f6130db97f4f28b27d4528497aa1f3,854778689611649472,_EOPKG_TC-UN-f1-5-penalty3l-55_loan_v1_v5_simulated_GATv2,_EOPKG_TC-UN-f1-5-penalty3l,55,train_candidate_target_in_candidate_set_rate,0,1780856195577,1.0
learn,EOPKG,EOPKGTopologyConditioned,b8f6130db97f4f28b27d4528497aa1f3,854778689611649472,_EOPKG_TC-UN-f1-5-penalty3l-55_loan_v1_v5_simulated_GATv2,_EOPKG_TC-UN-f1-5-penalty3l,55,train_candidate_target_in_candidate_set_rate,0,1780856432366,1.0
learn,EOPKG,EOPKGTopologyConditioned,b8f6130db97f4f28b27d4528497aa1f3,854778689611649472,_EOPKG_TC-UN-f1-5-penalty3l-55_loan_v1_v5_simulated_GATv2,_EOPKG_TC-UN-f1-5-penalty3l,55,train_candidate_target_in_candidate_set_rate,0,1780856432366,1.0
learn,EOPKG,EOPKGTopologyConditioned,b8f6130db97f4f28b27d4528497aa1f3,854778689611649472,_EOPKG_TC-UN-f1-5-penalty3l-55_loan_v1_v5_simulated_GATv2,_EOPKG_TC-UN-f1-5-penalty3l,55,train_candidate_target_in_candidate_set_rate,0,1780856665975,1.0
learn,EOPKG,EOPKGTopologyConditioned,b8f6130db97f4f28b27d4528497aa1f3,854778689611649472,_EOPKG_TC-UN-f1-5-penalty3l-55_loan_v1_v5_simulated_GATv2,_EOPKG_TC-UN-f1-5-penalty3l,55,train_candidate_target_in_candidate_set_rate,0,1780856665975,1.0
learn,EOPKG,EOPKGTopologyConditioned,b8f6130db97f4f28b27d4528497aa1f3,854778689611649472,_EOPKG_TC-UN-f1-5-penalty3l-55_loan_v1_v5_simulated_GATv2,_EOPKG_TC-UN-f1-5-penalty3l,55,train_candidate_target_in_candidate_set_rate,0,1780856899244,1.0
learn,EOPKG,EOPKGTopologyConditioned,b8f6130db97f4f28b27d4528497aa1f3,854778689611649472,_EOPKG_TC-UN-f1-5-penalty3l-55_loan_v1_v5_simulated_GATv2,_EOPKG_TC-UN-f1-5-penalty3l,55,train_candidate_target_in_candidate_set_rate,0,1780856899244,1.0
learn,EOPKG,EOPKGTopologyConditioned,b8f6130db97f4f28b27d4528497aa1f3,854778689611649472,_EOPKG_TC-UN-f1-5-penalty3l-55_loan_v1_v5_simulated_GATv2,_EOPKG_TC-UN-f1-5-penalty3l,55,train_candidate_target_in_candidate_set_rate,0,1780857160911,1.0
learn,EOPKG,EOPKGTopologyConditioned,b8f6130db97f4f28b27d4528497aa1f3,854778689611649472,_EOPKG_TC-UN-f1-5-penalty3l-55_loan_v1_v5_simulated_GATv2,_EOPKG_TC-UN-f1-5-penalty3l,55,train_candidate_target_in_candidate_set_rate,0,1780857160911,1.0
learn,EOPKG,EOPKGTopologyConditioned,b8f6130db97f4f28b27d4528497aa1f3,854778689611649472,_EOPKG_TC-UN-f1-5-penalty3l-55_loan_v1_v5_simulated_GATv2,_EOPKG_TC-UN-f1-5-penalty3l,55,train_candidate_target_in_candidate_set_rate,0,1780857410843,1.0
learn,EOPKG,EOPKGTopologyConditioned,b8f6130db97f4f28b27d4528497aa1f3,854778689611649472,_EOPKG_TC-UN-f1-5-penalty3l-55_loan_v1_v5_simulated_GATv2,_EOPKG_TC-UN-f1-5-penalty3l,55,train_candidate_target_in_candidate_set_rate,0,1780857410843,1.0
learn,EOPKG,EOPKGTopologyConditioned,b8f6130db97f4f28b27d4528497aa1f3,854778689611649472,_EOPKG_TC-UN-f1-5-penalty3l-55_loan_v1_v5_simulated_GATv2,_EOPKG_TC-UN-f1-5-penalty3l,55,train_candidate_target_in_candidate_set_rate,0,1780857663059,1.0
learn,EOPKG,EOPKGTopologyConditioned,b8f6130db97f4f28b27d4528497aa1f3,854778689611649472,_EOPKG_TC-UN-f1-5-penalty3l-55_loan_v1_v5_simulated_GATv2,_EOPKG_TC-UN-f1-5-penalty3l,55,train_candidate_target_in_candidate_set_rate,0,1780857663059,1.0
learn,EOPKG,EOPKGTopologyConditioned,b8f6130db97f4f28b27d4528497aa1f3,854778689611649472,_EOPKG_TC-UN-f1-5-penalty3l-55_loan_v1_v5_simulated_GATv2,_EOPKG_TC-UN-f1-5-penalty3l,55,train_candidate_target_in_candidate_set_rate,0,1780857912838,1.0
learn,EOPKG,EOPKGTopologyConditioned,b8f6130db97f4f28b27d4528497aa1f3,854778689611649472,_EOPKG_TC-UN-f1-5-penalty3l-55_loan_v1_v5_simulated_GATv2,_EOPKG_TC-UN-f1-5-penalty3l,55,train_candidate_target_in_candidate_set_rate,0,1780857912838,1.0
learn,EOPKG,EOPKGTopologyConditioned,b8f6130db97f4f28b27d4528497aa1f3,854778689611649472,_EOPKG_TC-UN-f1-5-penalty3l-55_loan_v1_v5_simulated_GATv2,_EOPKG_TC-UN-f1-5-penalty3l,55,train_candidate_target_in_candidate_set_rate,0,1780858158014,1.0
learn,EOPKG,EOPKGTopologyConditioned,b8f6130db97f4f28b27d4528497aa1f3,854778689611649472,_EOPKG_TC-UN-f1-5-penalty3l-55_loan_v1_v5_simulated_GATv2,_EOPKG_TC-UN-f1-5-penalty3l,55,train_candidate_target_in_candidate_set_rate,0,1780858158014,1.0
learn,EOPKG,EOPKGTopologyConditioned,b8f6130db97f4f28b27d4528497aa1f3,854778689611649472,_EOPKG_TC-UN-f1-5-penalty3l-55_loan_v1_v5_simulated_GATv2,_EOPKG_TC-UN-f1-5-penalty3l,55,train_candidate_target_in_candidate_set_rate,0,1780858409328,1.0
learn,EOPKG,EOPKGTopologyConditioned,b8f6130db97f4f28b27d4528497aa1f3,854778689611649472,_EOPKG_TC-UN-f1-5-penalty3l-55_loan_v1_v5_simulated_GATv2,_EOPKG_TC-UN-f1-5-penalty3l,55,train_candidate_target_in_candidate_set_rate,0,1780858409328,1.0
learn,EOPKG,EOPKGTopologyConditioned,b8f6130db97f4f28b27d4528497aa1f3,854778689611649472,_EOPKG_TC-UN-f1-5-penalty3l-55_loan_v1_v5_simulated_GATv2,_EOPKG_TC-UN-f1-5-penalty3l,55,train_candidate_target_in_candidate_set_rate,0,1780858663848,1.0
learn,EOPKG,EOPKGTopologyConditioned,b8f6130db97f4f28b27d4528497aa1f3,854778689611649472,_EOPKG_TC-UN-f1-5-penalty3l-55_loan_v1_v5_simulated_GATv2,_EOPKG_TC-UN-f1-5-penalty3l,55,train_candidate_target_in_candidate_set_rate,0,1780858663848,1.0
learn,EOPKG,EOPKGTopologyConditioned,b8f6130db97f4f28b27d4528497aa1f3,854778689611649472,_EOPKG_TC-UN-f1-5-penalty3l-55_loan_v1_v5_simulated_GATv2,_EOPKG_TC-UN-f1-5-penalty3l,55,train_candidate_target_in_candidate_set_rate,0,1780858913054,1.0
learn,EOPKG,EOPKGTopologyConditioned,b8f6130db97f4f28b27d4528497aa1f3,854778689611649472,_EOPKG_TC-UN-f1-5-penalty3l-55_loan_v1_v5_simulated_GATv2,_EOPKG_TC-UN-f1-5-penalty3l,55,train_candidate_target_in_candidate_set_rate,0,1780858913054,1.0
learn,EOPKG,EOPKGTopologyConditioned,b8f6130db97f4f28b27d4528497aa1f3,854778689611649472,_EOPKG_TC-UN-f1-5-penalty3l-55_loan_v1_v5_simulated_GATv2,_EOPKG_TC-UN-f1-5-penalty3l,55,train_candidate_target_in_candidate_set_rate,0,1780859162099,1.0
learn,EOPKG,EOPKGTopologyConditioned,b8f6130db97f4f28b27d4528497aa1f3,854778689611649472,_EOPKG_TC-UN-f1-5-penalty3l-55_loan_v1_v5_simulated_GATv2,_EOPKG_TC-UN-f1-5-penalty3l,55,train_candidate_target_in_candidate_set_rate,0,1780859162099,1.0
learn,EOPKG,EOPKGTopologyConditioned,b8f6130db97f4f28b27d4528497aa1f3,854778689611649472,_EOPKG_TC-UN-f1-5-penalty3l-55_loan_v1_v5_simulated_GATv2,_EOPKG_TC-UN-f1-5-penalty3l,55,train_candidate_target_in_candidate_set_rate,0,1780859406714,1.0
learn,EOPKG,EOPKGTopologyConditioned,b8f6130db97f4f28b27d4528497aa1f3,854778689611649472,_EOPKG_TC-UN-f1-5-penalty3l-55_loan_v1_v5_simulated_GATv2,_EOPKG_TC-UN-f1-5-penalty3l,55,train_candidate_target_in_candidate_set_rate,0,1780859406714,1.0
learn,EOPKG,EOPKGTopologyConditioned,b8f6130db97f4f28b27d4528497aa1f3,854778689611649472,_EOPKG_TC-UN-f1-5-penalty3l-55_loan_v1_v5_simulated_GATv2,_EOPKG_TC-UN-f1-5-penalty3l,55,train_candidate_target_in_candidate_set_rate,0,1780859654440,1.0
learn,EOPKG,EOPKGTopologyConditioned,b8f6130db97f4f28b27d4528497aa1f3,854778689611649472,_EOPKG_TC-UN-f1-5-penalty3l-55_loan_v1_v5_simulated_GATv2,_EOPKG_TC-UN-f1-5-penalty3l,55,train_candidate_target_in_candidate_set_rate,0,1780859654440,1.0
learn,EOPKG,EOPKGTopologyConditioned,b8f6130db97f4f28b27d4528497aa1f3,854778689611649472,_EOPKG_TC-UN-f1-5-penalty3l-55_loan_v1_v5_simulated_GATv2,_EOPKG_TC-UN-f1-5-penalty3l,55,train_candidate_target_in_candidate_set_rate,0,1780859899374,1.0
learn,EOPKG,EOPKGTopologyConditioned,b8f6130db97f4f28b27d4528497aa1f3,854778689611649472,_EOPKG_TC-UN-f1-5-penalty3l-55_loan_v1_v5_simulated_GATv2,_EOPKG_TC-UN-f1-5-penalty3l,55,train_candidate_target_in_candidate_set_rate,0,1780859899374,1.0
learn,EOPKG,EOPKGTopologyConditioned,b8f6130db97f4f28b27d4528497aa1f3,854778689611649472,_EOPKG_TC-UN-f1-5-penalty3l-55_loan_v1_v5_simulated_GATv2,_EOPKG_TC-UN-f1-5-penalty3l,55,train_candidate_target_in_candidate_set_rate,0,1780860152992,1.0
learn,EOPKG,EOPKGTopologyConditioned,b8f6130db97f4f28b27d4528497aa1f3,854778689611649472,_EOPKG_TC-UN-f1-5-penalty3l-55_loan_v1_v5_simulated_GATv2,_EOPKG_TC-UN-f1-5-penalty3l,55,train_candidate_target_in_candidate_set_rate,0,1780860152992,1.0
learn,EOPKG,EOPKGTopologyConditioned,b8f6130db97f4f28b27d4528497aa1f3,854778689611649472,_EOPKG_TC-UN-f1-5-penalty3l-55_loan_v1_v5_simulated_GATv2,_EOPKG_TC-UN-f1-5-penalty3l,55,train_candidate_target_in_candidate_set_rate,0,1780860619727,1.0
learn,EOPKG,EOPKGTopologyConditioned,b8f6130db97f4f28b27d4528497aa1f3,854778689611649472,_EOPKG_TC-UN-f1-5-penalty3l-55_loan_v1_v5_simulated_GATv2,_EOPKG_TC-UN-f1-5-penalty3l,55,train_candidate_target_in_candidate_set_rate,0,1780860619727,1.0
learn,EOPKG,EOPKGTopologyConditioned,b8f6130db97f4f28b27d4528497aa1f3,854778689611649472,_EOPKG_TC-UN-f1-5-penalty3l-55_loan_v1_v5_simulated_GATv2,_EOPKG_TC-UN-f1-5-penalty3l,55,train_candidate_target_in_candidate_set_rate,0,1780860986085,1.0
learn,EOPKG,EOPKGTopologyConditioned,b8f6130db97f4f28b27d4528497aa1f3,854778689611649472,_EOPKG_TC-UN-f1-5-penalty3l-55_loan_v1_v5_simulated_GATv2,_EOPKG_TC-UN-f1-5-penalty3l,55,train_candidate_target_in_candidate_set_rate,0,1780860986085,1.0
learn,EOPKG,EOPKGTopologyConditioned,b8f6130db97f4f28b27d4528497aa1f3,854778689611649472,_EOPKG_TC-UN-f1-5-penalty3l-55_loan_v1_v5_simulated_GATv2,_EOPKG_TC-UN-f1-5-penalty3l,55,train_candidate_target_in_candidate_set_rate,0,1780861493753,1.0
learn,EOPKG,EOPKGTopologyConditioned,b8f6130db97f4f28b27d4528497aa1f3,854778689611649472,_EOPKG_TC-UN-f1-5-penalty3l-55_loan_v1_v5_simulated_GATv2,_EOPKG_TC-UN-f1-5-penalty3l,55,train_candidate_target_in_candidate_set_rate,0,1780861493753,1.0
learn,EOPKG,EOPKGTopologyConditioned,b8f6130db97f4f28b27d4528497aa1f3,854778689611649472,_EOPKG_TC-UN-f1-5-penalty3l-55_loan_v1_v5_simulated_GATv2,_EOPKG_TC-UN-f1-5-penalty3l,55,train_candidate_target_in_candidate_set_rate,0,1780861918818,1.0
learn,EOPKG,EOPKGTopologyConditioned,b8f6130db97f4f28b27d4528497aa1f3,854778689611649472,_EOPKG_TC-UN-f1-5-penalty3l-55_loan_v1_v5_simulated_GATv2,_EOPKG_TC-UN-f1-5-penalty3l,55,train_candidate_target_in_candidate_set_rate,0,1780861918818,1.0
learn,EOPKG,EOPKGTopologyConditioned,b8f6130db97f4f28b27d4528497aa1f3,854778689611649472,_EOPKG_TC-UN-f1-5-penalty3l-55_loan_v1_v5_simulated_GATv2,_EOPKG_TC-UN-f1-5-penalty3l,55,train_candidate_target_in_candidate_set_rate,0,1780862421513,1.0
learn,EOPKG,EOPKGTopologyConditioned,b8f6130db97f4f28b27d4528497aa1f3,854778689611649472,_EOPKG_TC-UN-f1-5-penalty3l-55_loan_v1_v5_simulated_GATv2,_EOPKG_TC-UN-f1-5-penalty3l,55,train_candidate_target_in_candidate_set_rate,0,1780862421513,1.0
learn,EOPKG,EOPKGTopologyConditioned,b8f6130db97f4f28b27d4528497aa1f3,854778689611649472,_EOPKG_TC-UN-f1-5-penalty3l-55_loan_v1_v5_simulated_GATv2,_EOPKG_TC-UN-f1-5-penalty3l,55,train_candidate_target_in_candidate_set_rate,0,1780862893481,1.0
learn,EOPKG,EOPKGTopologyConditioned,b8f6130db97f4f28b27d4528497aa1f3,854778689611649472,_EOPKG_TC-UN-f1-5-penalty3l-55_loan_v1_v5_simulated_GATv2,_EOPKG_TC-UN-f1-5-penalty3l,55,train_candidate_target_in_candidate_set_rate,0,1780862893481,1.0
learn,EOPKG,EOPKGTopologyConditioned,c9399e3109674246bfa4894487904d27,854778689611649472,_EOPKG_TC-UN-f1-5-penalty3l-99_loan_v1_v5_simulated_GATv2,_EOPKG_TC-UN-f1-5-penalty3l,99,train_candidate_target_in_candidate_set_rate,0,1781381277588,1.0
learn,EOPKG,EOPKGTopologyConditioned,c9399e3109674246bfa4894487904d27,854778689611649472,_EOPKG_TC-UN-f1-5-penalty3l-99_loan_v1_v5_simulated_GATv2,_EOPKG_TC-UN-f1-5-penalty3l,99,train_candidate_target_in_candidate_set_rate,0,1781381277588,1.0
learn,EOPKG,EOPKGTopologyConditioned,c9399e3109674246bfa4894487904d27,854778689611649472,_EOPKG_TC-UN-f1-5-penalty3l-99_loan_v1_v5_simulated_GATv2,_EOPKG_TC-UN-f1-5-penalty3l,99,train_candidate_target_in_candidate_set_rate,0,1781381541317,1.0
learn,EOPKG,EOPKGTopologyConditioned,c9399e3109674246bfa4894487904d27,854778689611649472,_EOPKG_TC-UN-f1-5-penalty3l-99_loan_v1_v5_simulated_GATv2,_EOPKG_TC-UN-f1-5-penalty3l,99,train_candidate_target_in_candidate_set_rate,0,1781381541317,1.0
learn,EOPKG,EOPKGTopologyConditioned,c9399e3109674246bfa4894487904d27,854778689611649472,_EOPKG_TC-UN-f1-5-penalty3l-99_loan_v1_v5_simulated_GATv2,_EOPKG_TC-UN-f1-5-penalty3l,99,train_candidate_target_in_candidate_set_rate,0,1781381797999,1.0
learn,EOPKG,EOPKGTopologyConditioned,c9399e3109674246bfa4894487904d27,854778689611649472,_EOPKG_TC-UN-f1-5-penalty3l-99_loan_v1_v5_simulated_GATv2,_EOPKG_TC-UN-f1-5-penalty3l,99,train_candidate_target_in_candidate_set_rate,0,1781381797999,1.0
learn,EOPKG,EOPKGTopologyConditioned,c9399e3109674246bfa4894487904d27,854778689611649472,_EOPKG_TC-UN-f1-5-penalty3l-99_loan_v1_v5_simulated_GATv2,_EOPKG_TC-UN-f1-5-penalty3l,99,train_candidate_target_in_candidate_set_rate,0,1781382053010,1.0
learn,EOPKG,EOPKGTopologyConditioned,c9399e3109674246bfa4894487904d27,854778689611649472,_EOPKG_TC-UN-f1-5-penalty3l-99_loan_v1_v5_simulated_GATv2,_EOPKG_TC-UN-f1-5-penalty3l,99,train_candidate_target_in_candidate_set_rate,0,1781382053010,1.0
learn,EOPKG,EOPKGTopologyConditioned,c9399e3109674246bfa4894487904d27,854778689611649472,_EOPKG_TC-UN-f1-5-penalty3l-99_loan_v1_v5_simulated_GATv2,_EOPKG_TC-UN-f1-5-penalty3l,99,train_candidate_target_in_candidate_set_rate,0,1781382311856,1.0
learn,EOPKG,EOPKGTopologyConditioned,c9399e3109674246bfa4894487904d27,854778689611649472,_EOPKG_TC-UN-f1-5-penalty3l-99_loan_v1_v5_simulated_GATv2,_EOPKG_TC-UN-f1-5-penalty3l,99,train_candidate_target_in_candidate_set_rate,0,1781382311856,1.0
learn,EOPKG,EOPKGTopologyConditioned,c9399e3109674246bfa4894487904d27,854778689611649472,_EOPKG_TC-UN-f1-5-penalty3l-99_loan_v1_v5_simulated_GATv2,_EOPKG_TC-UN-f1-5-penalty3l,99,train_candidate_target_in_candidate_set_rate,0,1781382568163,1.0
learn,EOPKG,EOPKGTopologyConditioned,c9399e3109674246bfa4894487904d27,854778689611649472,_EOPKG_TC-UN-f1-5-penalty3l-99_loan_v1_v5_simulated_GATv2,_EOPKG_TC-UN-f1-5-penalty3l,99,train_candidate_target_in_candidate_set_rate,0,1781382568163,1.0
learn,EOPKG,EOPKGTopologyConditioned,c9399e3109674246bfa4894487904d27,854778689611649472,_EOPKG_TC-UN-f1-5-penalty3l-99_loan_v1_v5_simulated_GATv2,_EOPKG_TC-UN-f1-5-penalty3l,99,train_candidate_target_in_candidate_set_rate,0,1781382828933,1.0
learn,EOPKG,EOPKGTopologyConditioned,c9399e3109674246bfa4894487904d27,854778689611649472,_EOPKG_TC-UN-f1-5-penalty3l-99_loan_v1_v5_simulated_GATv2,_EOPKG_TC-UN-f1-5-penalty3l,99,train_candidate_target_in_candidate_set_rate,0,1781382828933,1.0
learn,EOPKG,EOPKGTopologyConditioned,c9399e3109674246bfa4894487904d27,854778689611649472,_EOPKG_TC-UN-f1-5-penalty3l-99_loan_v1_v5_simulated_GATv2,_EOPKG_TC-UN-f1-5-penalty3l,99,train_candidate_target_in_candidate_set_rate,0,1781383085230,1.0
learn,EOPKG,EOPKGTopologyConditioned,c9399e3109674246bfa4894487904d27,854778689611649472,_EOPKG_TC-UN-f1-5-penalty3l-99_loan_v1_v5_simulated_GATv2,_EOPKG_TC-UN-f1-5-penalty3l,99,train_candidate_target_in_candidate_set_rate,0,1781383085230,1.0
learn,EOPKG,EOPKGTopologyConditioned,c9399e3109674246bfa4894487904d27,854778689611649472,_EOPKG_TC-UN-f1-5-penalty3l-99_loan_v1_v5_simulated_GATv2,_EOPKG_TC-UN-f1-5-penalty3l,99,train_candidate_target_in_candidate_set_rate,0,1781383341688,1.0
learn,EOPKG,EOPKGTopologyConditioned,c9399e3109674246bfa4894487904d27,854778689611649472,_EOPKG_TC-UN-f1-5-penalty3l-99_loan_v1_v5_simulated_GATv2,_EOPKG_TC-UN-f1-5-penalty3l,99,train_candidate_target_in_candidate_set_rate,0,1781383341688,1.0
learn,EOPKG,EOPKGTopologyConditioned,c9399e3109674246bfa4894487904d27,854778689611649472,_EOPKG_TC-UN-f1-5-penalty3l-99_loan_v1_v5_simulated_GATv2,_EOPKG_TC-UN-f1-5-penalty3l,99,train_candidate_target_in_candidate_set_rate,0,1781383598611,1.0
learn,EOPKG,EOPKGTopologyConditioned,c9399e3109674246bfa4894487904d27,854778689611649472,_EOPKG_TC-UN-f1-5-penalty3l-99_loan_v1_v5_simulated_GATv2,_EOPKG_TC-UN-f1-5-penalty3l,99,train_candidate_target_in_candidate_set_rate,0,1781383598611,1.0
learn,EOPKG,EOPKGTopologyConditioned,c9399e3109674246bfa4894487904d27,854778689611649472,_EOPKG_TC-UN-f1-5-penalty3l-99_loan_v1_v5_simulated_GATv2,_EOPKG_TC-UN-f1-5-penalty3l,99,train_candidate_target_in_candidate_set_rate,0,1781383855783,1.0
learn,EOPKG,EOPKGTopologyConditioned,c9399e3109674246bfa4894487904d27,854778689611649472,_EOPKG_TC-UN-f1-5-penalty3l-99_loan_v1_v5_simulated_GATv2,_EOPKG_TC-UN-f1-5-penalty3l,99,train_candidate_target_in_candidate_set_rate,0,1781383855783,1.0
learn,EOPKG,EOPKGTopologyConditioned,c9399e3109674246bfa4894487904d27,854778689611649472,_EOPKG_TC-UN-f1-5-penalty3l-99_loan_v1_v5_simulated_GATv2,_EOPKG_TC-UN-f1-5-penalty3l,99,train_candidate_target_in_candidate_set_rate,0,1781384114731,1.0
learn,EOPKG,EOPKGTopologyConditioned,c9399e3109674246bfa4894487904d27,854778689611649472,_EOPKG_TC-UN-f1-5-penalty3l-99_loan_v1_v5_simulated_GATv2,_EOPKG_TC-UN-f1-5-penalty3l,99,train_candidate_target_in_candidate_set_rate,0,1781384114731,1.0
learn,EOPKG,EOPKGTopologyConditioned,c9399e3109674246bfa4894487904d27,854778689611649472,_EOPKG_TC-UN-f1-5-penalty3l-99_loan_v1_v5_simulated_GATv2,_EOPKG_TC-UN-f1-5-penalty3l,99,train_candidate_target_in_candidate_set_rate,0,1781384369972,1.0
learn,EOPKG,EOPKGTopologyConditioned,c9399e3109674246bfa4894487904d27,854778689611649472,_EOPKG_TC-UN-f1-5-penalty3l-99_loan_v1_v5_simulated_GATv2,_EOPKG_TC-UN-f1-5-penalty3l,99,train_candidate_target_in_candidate_set_rate,0,1781384369972,1.0
learn,EOPKG,EOPKGTopologyConditioned,c9399e3109674246bfa4894487904d27,854778689611649472,_EOPKG_TC-UN-f1-5-penalty3l-99_loan_v1_v5_simulated_GATv2,_EOPKG_TC-UN-f1-5-penalty3l,99,train_candidate_target_in_candidate_set_rate,0,1781384625636,1.0
learn,EOPKG,EOPKGTopologyConditioned,c9399e3109674246bfa4894487904d27,854778689611649472,_EOPKG_TC-UN-f1-5-penalty3l-99_loan_v1_v5_simulated_GATv2,_EOPKG_TC-UN-f1-5-penalty3l,99,train_candidate_target_in_candidate_set_rate,0,1781384625636,1.0
learn,EOPKG,EOPKGTopologyConditioned,c9399e3109674246bfa4894487904d27,854778689611649472,_EOPKG_TC-UN-f1-5-penalty3l-99_loan_v1_v5_simulated_GATv2,_EOPKG_TC-UN-f1-5-penalty3l,99,train_candidate_target_in_candidate_set_rate,0,1781384881318,1.0
learn,EOPKG,EOPKGTopologyConditioned,c9399e3109674246bfa4894487904d27,854778689611649472,_EOPKG_TC-UN-f1-5-penalty3l-99_loan_v1_v5_simulated_GATv2,_EOPKG_TC-UN-f1-5-penalty3l,99,train_candidate_target_in_candidate_set_rate,0,1781384881318,1.0
learn,EOPKG,EOPKGTopologyConditioned,c9399e3109674246bfa4894487904d27,854778689611649472,_EOPKG_TC-UN-f1-5-penalty3l-99_loan_v1_v5_simulated_GATv2,_EOPKG_TC-UN-f1-5-penalty3l,99,train_candidate_target_in_candidate_set_rate,0,1781385136177,1.0
learn,EOPKG,EOPKGTopologyConditioned,c9399e3109674246bfa4894487904d27,854778689611649472,_EOPKG_TC-UN-f1-5-penalty3l-99_loan_v1_v5_simulated_GATv2,_EOPKG_TC-UN-f1-5-penalty3l,99,train_candidate_target_in_candidate_set_rate,0,1781385136177,1.0
learn,EOPKG,EOPKGTopologyConditioned,c9399e3109674246bfa4894487904d27,854778689611649472,_EOPKG_TC-UN-f1-5-penalty3l-99_loan_v1_v5_simulated_GATv2,_EOPKG_TC-UN-f1-5-penalty3l,99,train_candidate_target_in_candidate_set_rate,0,1781385390842,1.0
learn,EOPKG,EOPKGTopologyConditioned,c9399e3109674246bfa4894487904d27,854778689611649472,_EOPKG_TC-UN-f1-5-penalty3l-99_loan_v1_v5_simulated_GATv2,_EOPKG_TC-UN-f1-5-penalty3l,99,train_candidate_target_in_candidate_set_rate,0,1781385390842,1.0
learn,EOPKG,EOPKGTopologyConditioned,c9399e3109674246bfa4894487904d27,854778689611649472,_EOPKG_TC-UN-f1-5-penalty3l-99_loan_v1_v5_simulated_GATv2,_EOPKG_TC-UN-f1-5-penalty3l,99,train_candidate_target_in_candidate_set_rate,0,1781385645774,1.0
learn,EOPKG,EOPKGTopologyConditioned,c9399e3109674246bfa4894487904d27,854778689611649472,_EOPKG_TC-UN-f1-5-penalty3l-99_loan_v1_v5_simulated_GATv2,_EOPKG_TC-UN-f1-5-penalty3l,99,train_candidate_target_in_candidate_set_rate,0,1781385645774,1.0
learn,EOPKG,EOPKGTopologyConditioned,c9399e3109674246bfa4894487904d27,854778689611649472,_EOPKG_TC-UN-f1-5-penalty3l-99_loan_v1_v5_simulated_GATv2,_EOPKG_TC-UN-f1-5-penalty3l,99,train_candidate_target_in_candidate_set_rate,0,1781385907298,1.0
learn,EOPKG,EOPKGTopologyConditioned,c9399e3109674246bfa4894487904d27,854778689611649472,_EOPKG_TC-UN-f1-5-penalty3l-99_loan_v1_v5_simulated_GATv2,_EOPKG_TC-UN-f1-5-penalty3l,99,train_candidate_target_in_candidate_set_rate,0,1781385907298,1.0
learn,EOPKG,EOPKGTopologyConditioned,c9399e3109674246bfa4894487904d27,854778689611649472,_EOPKG_TC-UN-f1-5-penalty3l-99_loan_v1_v5_simulated_GATv2,_EOPKG_TC-UN-f1-5-penalty3l,99,train_candidate_target_in_candidate_set_rate,0,1781386163069,1.0
learn,EOPKG,EOPKGTopologyConditioned,c9399e3109674246bfa4894487904d27,854778689611649472,_EOPKG_TC-UN-f1-5-penalty3l-99_loan_v1_v5_simulated_GATv2,_EOPKG_TC-UN-f1-5-penalty3l,99,train_candidate_target_in_candidate_set_rate,0,1781386163069,1.0
learn,EOPKG,EOPKGTopologyConditioned,c9399e3109674246bfa4894487904d27,854778689611649472,_EOPKG_TC-UN-f1-5-penalty3l-99_loan_v1_v5_simulated_GATv2,_EOPKG_TC-UN-f1-5-penalty3l,99,train_candidate_target_in_candidate_set_rate,0,1781386418349,1.0
learn,EOPKG,EOPKGTopologyConditioned,c9399e3109674246bfa4894487904d27,854778689611649472,_EOPKG_TC-UN-f1-5-penalty3l-99_loan_v1_v5_simulated_GATv2,_EOPKG_TC-UN-f1-5-penalty3l,99,train_candidate_target_in_candidate_set_rate,0,1781386418349,1.0
learn,EOPKG,EOPKGTopologyConditioned,c9399e3109674246bfa4894487904d27,854778689611649472,_EOPKG_TC-UN-f1-5-penalty3l-99_loan_v1_v5_simulated_GATv2,_EOPKG_TC-UN-f1-5-penalty3l,99,train_candidate_target_in_candidate_set_rate,0,1781386673117,1.0
learn,EOPKG,EOPKGTopologyConditioned,c9399e3109674246bfa4894487904d27,854778689611649472,_EOPKG_TC-UN-f1-5-penalty3l-99_loan_v1_v5_simulated_GATv2,_EOPKG_TC-UN-f1-5-penalty3l,99,train_candidate_target_in_candidate_set_rate,0,1781386673117,1.0
learn,EOPKG,EOPKGTopologyConditioned,c9399e3109674246bfa4894487904d27,854778689611649472,_EOPKG_TC-UN-f1-5-penalty3l-99_loan_v1_v5_simulated_GATv2,_EOPKG_TC-UN-f1-5-penalty3l,99,train_candidate_target_in_candidate_set_rate,0,1781386929053,1.0
learn,EOPKG,EOPKGTopologyConditioned,c9399e3109674246bfa4894487904d27,854778689611649472,_EOPKG_TC-UN-f1-5-penalty3l-99_loan_v1_v5_simulated_GATv2,_EOPKG_TC-UN-f1-5-penalty3l,99,train_candidate_target_in_candidate_set_rate,0,1781386929053,1.0
learn,EOPKG,EOPKGTopologyConditioned,c9399e3109674246bfa4894487904d27,854778689611649472,_EOPKG_TC-UN-f1-5-penalty3l-99_loan_v1_v5_simulated_GATv2,_EOPKG_TC-UN-f1-5-penalty3l,99,train_candidate_target_in_candidate_set_rate,0,1781387185351,1.0
learn,EOPKG,EOPKGTopologyConditioned,c9399e3109674246bfa4894487904d27,854778689611649472,_EOPKG_TC-UN-f1-5-penalty3l-99_loan_v1_v5_simulated_GATv2,_EOPKG_TC-UN-f1-5-penalty3l,99,train_candidate_target_in_candidate_set_rate,0,1781387185351,1.0
learn,EOPKG,EOPKGTopologyConditioned,c9399e3109674246bfa4894487904d27,854778689611649472,_EOPKG_TC-UN-f1-5-penalty3l-99_loan_v1_v5_simulated_GATv2,_EOPKG_TC-UN-f1-5-penalty3l,99,train_candidate_target_in_candidate_set_rate,0,1781387442046,1.0
learn,EOPKG,EOPKGTopologyConditioned,c9399e3109674246bfa4894487904d27,854778689611649472,_EOPKG_TC-UN-f1-5-penalty3l-99_loan_v1_v5_simulated_GATv2,_EOPKG_TC-UN-f1-5-penalty3l,99,train_candidate_target_in_candidate_set_rate,0,1781387442046,1.0
learn,EOPKG,EOPKGTopologyConditioned,c9399e3109674246bfa4894487904d27,854778689611649472,_EOPKG_TC-UN-f1-5-penalty3l-99_loan_v1_v5_simulated_GATv2,_EOPKG_TC-UN-f1-5-penalty3l,99,train_candidate_target_in_candidate_set_rate,0,1781387697846,1.0
learn,EOPKG,EOPKGTopologyConditioned,c9399e3109674246bfa4894487904d27,854778689611649472,_EOPKG_TC-UN-f1-5-penalty3l-99_loan_v1_v5_simulated_GATv2,_EOPKG_TC-UN-f1-5-penalty3l,99,train_candidate_target_in_candidate_set_rate,0,1781387697846,1.0
learn,EOPKG,EOPKGTopologyConditioned,c9399e3109674246bfa4894487904d27,854778689611649472,_EOPKG_TC-UN-f1-5-penalty3l-99_loan_v1_v5_simulated_GATv2,_EOPKG_TC-UN-f1-5-penalty3l,99,train_candidate_target_in_candidate_set_rate,0,1781387955469,1.0
learn,EOPKG,EOPKGTopologyConditioned,c9399e3109674246bfa4894487904d27,854778689611649472,_EOPKG_TC-UN-f1-5-penalty3l-99_loan_v1_v5_simulated_GATv2,_EOPKG_TC-UN-f1-5-penalty3l,99,train_candidate_target_in_candidate_set_rate,0,1781387955469,1.0
learn,EOPKG,EOPKGTopologyConditioned,c9399e3109674246bfa4894487904d27,854778689611649472,_EOPKG_TC-UN-f1-5-penalty3l-99_loan_v1_v5_simulated_GATv2,_EOPKG_TC-UN-f1-5-penalty3l,99,train_candidate_target_in_candidate_set_rate,0,1781388213840,1.0
learn,EOPKG,EOPKGTopologyConditioned,c9399e3109674246bfa4894487904d27,854778689611649472,_EOPKG_TC-UN-f1-5-penalty3l-99_loan_v1_v5_simulated_GATv2,_EOPKG_TC-UN-f1-5-penalty3l,99,train_candidate_target_in_candidate_set_rate,0,1781388213840,1.0
learn,EOPKG,EOPKGTopologyConditioned,c9399e3109674246bfa4894487904d27,854778689611649472,_EOPKG_TC-UN-f1-5-penalty3l-99_loan_v1_v5_simulated_GATv2,_EOPKG_TC-UN-f1-5-penalty3l,99,train_candidate_target_in_candidate_set_rate,0,1781388469382,1.0
learn,EOPKG,EOPKGTopologyConditioned,c9399e3109674246bfa4894487904d27,854778689611649472,_EOPKG_TC-UN-f1-5-penalty3l-99_loan_v1_v5_simulated_GATv2,_EOPKG_TC-UN-f1-5-penalty3l,99,train_candidate_target_in_candidate_set_rate,0,1781388469382,1.0
learn,EOPKG,EOPKGTopologyConditioned,c9399e3109674246bfa4894487904d27,854778689611649472,_EOPKG_TC-UN-f1-5-penalty3l-99_loan_v1_v5_simulated_GATv2,_EOPKG_TC-UN-f1-5-penalty3l,99,train_candidate_target_in_candidate_set_rate,0,1781388724816,1.0
learn,EOPKG,EOPKGTopologyConditioned,c9399e3109674246bfa4894487904d27,854778689611649472,_EOPKG_TC-UN-f1-5-penalty3l-99_loan_v1_v5_simulated_GATv2,_EOPKG_TC-UN-f1-5-penalty3l,99,train_candidate_target_in_candidate_set_rate,0,1781388724816,1.0
learn,EOPKG,EOPKGTopologyConditioned,c9399e3109674246bfa4894487904d27,854778689611649472,_EOPKG_TC-UN-f1-5-penalty3l-99_loan_v1_v5_simulated_GATv2,_EOPKG_TC-UN-f1-5-penalty3l,99,train_candidate_target_in_candidate_set_rate,0,1781388980526,1.0
learn,EOPKG,EOPKGTopologyConditioned,c9399e3109674246bfa4894487904d27,854778689611649472,_EOPKG_TC-UN-f1-5-penalty3l-99_loan_v1_v5_simulated_GATv2,_EOPKG_TC-UN-f1-5-penalty3l,99,train_candidate_target_in_candidate_set_rate,0,1781388980526,1.0
learn,EOPKG,EOPKGTopologyConditioned,c9399e3109674246bfa4894487904d27,854778689611649472,_EOPKG_TC-UN-f1-5-penalty3l-99_loan_v1_v5_simulated_GATv2,_EOPKG_TC-UN-f1-5-penalty3l,99,train_candidate_target_in_candidate_set_rate,0,1781389235970,1.0
learn,EOPKG,EOPKGTopologyConditioned,c9399e3109674246bfa4894487904d27,854778689611649472,_EOPKG_TC-UN-f1-5-penalty3l-99_loan_v1_v5_simulated_GATv2,_EOPKG_TC-UN-f1-5-penalty3l,99,train_candidate_target_in_candidate_set_rate,0,1781389235970,1.0
learn,EOPKG,EOPKGTopologyConditioned,c9399e3109674246bfa4894487904d27,854778689611649472,_EOPKG_TC-UN-f1-5-penalty3l-99_loan_v1_v5_simulated_GATv2,_EOPKG_TC-UN-f1-5-penalty3l,99,train_candidate_target_in_candidate_set_rate,0,1781389492963,1.0
learn,EOPKG,EOPKGTopologyConditioned,c9399e3109674246bfa4894487904d27,854778689611649472,_EOPKG_TC-UN-f1-5-penalty3l-99_loan_v1_v5_simulated_GATv2,_EOPKG_TC-UN-f1-5-penalty3l,99,train_candidate_target_in_candidate_set_rate,0,1781389492963,1.0
learn,EOPKG,EOPKGTopologyConditioned,c9399e3109674246bfa4894487904d27,854778689611649472,_EOPKG_TC-UN-f1-5-penalty3l-99_loan_v1_v5_simulated_GATv2,_EOPKG_TC-UN-f1-5-penalty3l,99,train_candidate_target_in_candidate_set_rate,0,1781389748542,1.0
learn,EOPKG,EOPKGTopologyConditioned,c9399e3109674246bfa4894487904d27,854778689611649472,_EOPKG_TC-UN-f1-5-penalty3l-99_loan_v1_v5_simulated_GATv2,_EOPKG_TC-UN-f1-5-penalty3l,99,train_candidate_target_in_candidate_set_rate,0,1781389748542,1.0
learn,EOPKG,EOPKGTopologyConditioned,c9399e3109674246bfa4894487904d27,854778689611649472,_EOPKG_TC-UN-f1-5-penalty3l-99_loan_v1_v5_simulated_GATv2,_EOPKG_TC-UN-f1-5-penalty3l,99,train_candidate_target_in_candidate_set_rate,0,1781390007307,1.0
learn,EOPKG,EOPKGTopologyConditioned,c9399e3109674246bfa4894487904d27,854778689611649472,_EOPKG_TC-UN-f1-5-penalty3l-99_loan_v1_v5_simulated_GATv2,_EOPKG_TC-UN-f1-5-penalty3l,99,train_candidate_target_in_candidate_set_rate,0,1781390007307,1.0
learn,EOPKG,EOPKGTopologyConditioned,c9399e3109674246bfa4894487904d27,854778689611649472,_EOPKG_TC-UN-f1-5-penalty3l-99_loan_v1_v5_simulated_GATv2,_EOPKG_TC-UN-f1-5-penalty3l,99,train_candidate_target_in_candidate_set_rate,0,1781390265220,1.0
learn,EOPKG,EOPKGTopologyConditioned,c9399e3109674246bfa4894487904d27,854778689611649472,_EOPKG_TC-UN-f1-5-penalty3l-99_loan_v1_v5_simulated_GATv2,_EOPKG_TC-UN-f1-5-penalty3l,99,train_candidate_target_in_candidate_set_rate,0,1781390265220,1.0
learn,EOPKG,EOPKGTopologyConditioned,c9399e3109674246bfa4894487904d27,854778689611649472,_EOPKG_TC-UN-f1-5-penalty3l-99_loan_v1_v5_simulated_GATv2,_EOPKG_TC-UN-f1-5-penalty3l,99,train_candidate_target_in_candidate_set_rate,0,1781390521478,1.0
learn,EOPKG,EOPKGTopologyConditioned,c9399e3109674246bfa4894487904d27,854778689611649472,_EOPKG_TC-UN-f1-5-penalty3l-99_loan_v1_v5_simulated_GATv2,_EOPKG_TC-UN-f1-5-penalty3l,99,train_candidate_target_in_candidate_set_rate,0,1781390521478,1.0
learn,EOPKG,EOPKGTopologyConditioned,c9399e3109674246bfa4894487904d27,854778689611649472,_EOPKG_TC-UN-f1-5-penalty3l-99_loan_v1_v5_simulated_GATv2,_EOPKG_TC-UN-f1-5-penalty3l,99,train_candidate_target_in_candidate_set_rate,0,1781390778433,1.0
learn,EOPKG,EOPKGTopologyConditioned,c9399e3109674246bfa4894487904d27,854778689611649472,_EOPKG_TC-UN-f1-5-penalty3l-99_loan_v1_v5_simulated_GATv2,_EOPKG_TC-UN-f1-5-penalty3l,99,train_candidate_target_in_candidate_set_rate,0,1781390778433,1.0
learn,EOPKG,EOPKGTopologyConditioned,c9399e3109674246bfa4894487904d27,854778689611649472,_EOPKG_TC-UN-f1-5-penalty3l-99_loan_v1_v5_simulated_GATv2,_EOPKG_TC-UN-f1-5-penalty3l,99,train_candidate_target_in_candidate_set_rate,0,1781391033792,1.0
learn,EOPKG,EOPKGTopologyConditioned,c9399e3109674246bfa4894487904d27,854778689611649472,_EOPKG_TC-UN-f1-5-penalty3l-99_loan_v1_v5_simulated_GATv2,_EOPKG_TC-UN-f1-5-penalty3l,99,train_candidate_target_in_candidate_set_rate,0,1781391033792,1.0
learn,EOPKG,EOPKGTopologyConditioned,ebdfb988ea654392a4a4fc270f9e7c71,854778689611649472,_EOPKG_TC-UN-f1-5-penalty3l-67_loan_v1_v5_simulated_GATv2,_EOPKG_TC-UN-f1-5-penalty3l,67,train_candidate_target_in_candidate_set_rate,0,1780673123301,1.0
learn,EOPKG,EOPKGTopologyConditioned,ebdfb988ea654392a4a4fc270f9e7c71,854778689611649472,_EOPKG_TC-UN-f1-5-penalty3l-67_loan_v1_v5_simulated_GATv2,_EOPKG_TC-UN-f1-5-penalty3l,67,train_candidate_target_in_candidate_set_rate,0,1780673123301,1.0
learn,EOPKG,EOPKGTopologyConditioned,ebdfb988ea654392a4a4fc270f9e7c71,854778689611649472,_EOPKG_TC-UN-f1-5-penalty3l-67_loan_v1_v5_simulated_GATv2,_EOPKG_TC-UN-f1-5-penalty3l,67,train_candidate_target_in_candidate_set_rate,0,1780673642212,1.0
learn,EOPKG,EOPKGTopologyConditioned,ebdfb988ea654392a4a4fc270f9e7c71,854778689611649472,_EOPKG_TC-UN-f1-5-penalty3l-67_loan_v1_v5_simulated_GATv2,_EOPKG_TC-UN-f1-5-penalty3l,67,train_candidate_target_in_candidate_set_rate,0,1780673642212,1.0
learn,EOPKG,EOPKGTopologyConditioned,ebdfb988ea654392a4a4fc270f9e7c71,854778689611649472,_EOPKG_TC-UN-f1-5-penalty3l-67_loan_v1_v5_simulated_GATv2,_EOPKG_TC-UN-f1-5-penalty3l,67,train_candidate_target_in_candidate_set_rate,0,1780674006606,1.0
learn,EOPKG,EOPKGTopologyConditioned,ebdfb988ea654392a4a4fc270f9e7c71,854778689611649472,_EOPKG_TC-UN-f1-5-penalty3l-67_loan_v1_v5_simulated_GATv2,_EOPKG_TC-UN-f1-5-penalty3l,67,train_candidate_target_in_candidate_set_rate,0,1780674006606,1.0
learn,EOPKG,EOPKGTopologyConditioned,ebdfb988ea654392a4a4fc270f9e7c71,854778689611649472,_EOPKG_TC-UN-f1-5-penalty3l-67_loan_v1_v5_simulated_GATv2,_EOPKG_TC-UN-f1-5-penalty3l,67,train_candidate_target_in_candidate_set_rate,0,1780674282181,1.0
learn,EOPKG,EOPKGTopologyConditioned,ebdfb988ea654392a4a4fc270f9e7c71,854778689611649472,_EOPKG_TC-UN-f1-5-penalty3l-67_loan_v1_v5_simulated_GATv2,_EOPKG_TC-UN-f1-5-penalty3l,67,train_candidate_target_in_candidate_set_rate,0,1780674282181,1.0
learn,EOPKG,EOPKGTopologyConditioned,ebdfb988ea654392a4a4fc270f9e7c71,854778689611649472,_EOPKG_TC-UN-f1-5-penalty3l-67_loan_v1_v5_simulated_GATv2,_EOPKG_TC-UN-f1-5-penalty3l,67,train_candidate_target_in_candidate_set_rate,0,1780674537158,1.0
learn,EOPKG,EOPKGTopologyConditioned,ebdfb988ea654392a4a4fc270f9e7c71,854778689611649472,_EOPKG_TC-UN-f1-5-penalty3l-67_loan_v1_v5_simulated_GATv2,_EOPKG_TC-UN-f1-5-penalty3l,67,train_candidate_target_in_candidate_set_rate,0,1780674537158,1.0
learn,EOPKG,EOPKGTopologyConditioned,ebdfb988ea654392a4a4fc270f9e7c71,854778689611649472,_EOPKG_TC-UN-f1-5-penalty3l-67_loan_v1_v5_simulated_GATv2,_EOPKG_TC-UN-f1-5-penalty3l,67,train_candidate_target_in_candidate_set_rate,0,1780674827803,1.0
learn,EOPKG,EOPKGTopologyConditioned,ebdfb988ea654392a4a4fc270f9e7c71,854778689611649472,_EOPKG_TC-UN-f1-5-penalty3l-67_loan_v1_v5_simulated_GATv2,_EOPKG_TC-UN-f1-5-penalty3l,67,train_candidate_target_in_candidate_set_rate,0,1780674827803,1.0
learn,EOPKG,EOPKGTopologyConditioned,ebdfb988ea654392a4a4fc270f9e7c71,854778689611649472,_EOPKG_TC-UN-f1-5-penalty3l-67_loan_v1_v5_simulated_GATv2,_EOPKG_TC-UN-f1-5-penalty3l,67,train_candidate_target_in_candidate_set_rate,0,1780675233620,1.0
learn,EOPKG,EOPKGTopologyConditioned,ebdfb988ea654392a4a4fc270f9e7c71,854778689611649472,_EOPKG_TC-UN-f1-5-penalty3l-67_loan_v1_v5_simulated_GATv2,_EOPKG_TC-UN-f1-5-penalty3l,67,train_candidate_target_in_candidate_set_rate,0,1780675233620,1.0
learn,EOPKG,EOPKGTopologyConditioned,ebdfb988ea654392a4a4fc270f9e7c71,854778689611649472,_EOPKG_TC-UN-f1-5-penalty3l-67_loan_v1_v5_simulated_GATv2,_EOPKG_TC-UN-f1-5-penalty3l,67,train_candidate_target_in_candidate_set_rate,0,1780675627434,1.0
learn,EOPKG,EOPKGTopologyConditioned,ebdfb988ea654392a4a4fc270f9e7c71,854778689611649472,_EOPKG_TC-UN-f1-5-penalty3l-67_loan_v1_v5_simulated_GATv2,_EOPKG_TC-UN-f1-5-penalty3l,67,train_candidate_target_in_candidate_set_rate,0,1780675627434,1.0
learn,EOPKG,EOPKGTopologyConditioned,ebdfb988ea654392a4a4fc270f9e7c71,854778689611649472,_EOPKG_TC-UN-f1-5-penalty3l-67_loan_v1_v5_simulated_GATv2,_EOPKG_TC-UN-f1-5-penalty3l,67,train_candidate_target_in_candidate_set_rate,0,1780675965857,1.0
learn,EOPKG,EOPKGTopologyConditioned,ebdfb988ea654392a4a4fc270f9e7c71,854778689611649472,_EOPKG_TC-UN-f1-5-penalty3l-67_loan_v1_v5_simulated_GATv2,_EOPKG_TC-UN-f1-5-penalty3l,67,train_candidate_target_in_candidate_set_rate,0,1780675965857,1.0
learn,EOPKG,EOPKGTopologyConditioned,ebdfb988ea654392a4a4fc270f9e7c71,854778689611649472,_EOPKG_TC-UN-f1-5-penalty3l-67_loan_v1_v5_simulated_GATv2,_EOPKG_TC-UN-f1-5-penalty3l,67,train_candidate_target_in_candidate_set_rate,0,1780676238174,1.0
learn,EOPKG,EOPKGTopologyConditioned,ebdfb988ea654392a4a4fc270f9e7c71,854778689611649472,_EOPKG_TC-UN-f1-5-penalty3l-67_loan_v1_v5_simulated_GATv2,_EOPKG_TC-UN-f1-5-penalty3l,67,train_candidate_target_in_candidate_set_rate,0,1780676238174,1.0
learn,EOPKG,EOPKGTopologyConditioned,ebdfb988ea654392a4a4fc270f9e7c71,854778689611649472,_EOPKG_TC-UN-f1-5-penalty3l-67_loan_v1_v5_simulated_GATv2,_EOPKG_TC-UN-f1-5-penalty3l,67,train_candidate_target_in_candidate_set_rate,0,1780676499123,1.0
learn,EOPKG,EOPKGTopologyConditioned,ebdfb988ea654392a4a4fc270f9e7c71,854778689611649472,_EOPKG_TC-UN-f1-5-penalty3l-67_loan_v1_v5_simulated_GATv2,_EOPKG_TC-UN-f1-5-penalty3l,67,train_candidate_target_in_candidate_set_rate,0,1780676499123,1.0
learn,EOPKG,EOPKGTopologyConditioned,ebdfb988ea654392a4a4fc270f9e7c71,854778689611649472,_EOPKG_TC-UN-f1-5-penalty3l-67_loan_v1_v5_simulated_GATv2,_EOPKG_TC-UN-f1-5-penalty3l,67,train_candidate_target_in_candidate_set_rate,0,1780676759687,1.0
learn,EOPKG,EOPKGTopologyConditioned,ebdfb988ea654392a4a4fc270f9e7c71,854778689611649472,_EOPKG_TC-UN-f1-5-penalty3l-67_loan_v1_v5_simulated_GATv2,_EOPKG_TC-UN-f1-5-penalty3l,67,train_candidate_target_in_candidate_set_rate,0,1780676759687,1.0
learn,EOPKG,EOPKGTopologyConditioned,ebdfb988ea654392a4a4fc270f9e7c71,854778689611649472,_EOPKG_TC-UN-f1-5-penalty3l-67_loan_v1_v5_simulated_GATv2,_EOPKG_TC-UN-f1-5-penalty3l,67,train_candidate_target_in_candidate_set_rate,0,1780677037899,1.0
learn,EOPKG,EOPKGTopologyConditioned,ebdfb988ea654392a4a4fc270f9e7c71,854778689611649472,_EOPKG_TC-UN-f1-5-penalty3l-67_loan_v1_v5_simulated_GATv2,_EOPKG_TC-UN-f1-5-penalty3l,67,train_candidate_target_in_candidate_set_rate,0,1780677037899,1.0
learn,EOPKG,EOPKGTopologyConditioned,ebdfb988ea654392a4a4fc270f9e7c71,854778689611649472,_EOPKG_TC-UN-f1-5-penalty3l-67_loan_v1_v5_simulated_GATv2,_EOPKG_TC-UN-f1-5-penalty3l,67,train_candidate_target_in_candidate_set_rate,0,1780677365229,1.0
learn,EOPKG,EOPKGTopologyConditioned,ebdfb988ea654392a4a4fc270f9e7c71,854778689611649472,_EOPKG_TC-UN-f1-5-penalty3l-67_loan_v1_v5_simulated_GATv2,_EOPKG_TC-UN-f1-5-penalty3l,67,train_candidate_target_in_candidate_set_rate,0,1780677365229,1.0
learn,EOPKG,EOPKGTopologyConditioned,ebdfb988ea654392a4a4fc270f9e7c71,854778689611649472,_EOPKG_TC-UN-f1-5-penalty3l-67_loan_v1_v5_simulated_GATv2,_EOPKG_TC-UN-f1-5-penalty3l,67,train_candidate_target_in_candidate_set_rate,0,1780677746737,1.0
learn,EOPKG,EOPKGTopologyConditioned,ebdfb988ea654392a4a4fc270f9e7c71,854778689611649472,_EOPKG_TC-UN-f1-5-penalty3l-67_loan_v1_v5_simulated_GATv2,_EOPKG_TC-UN-f1-5-penalty3l,67,train_candidate_target_in_candidate_set_rate,0,1780677746737,1.0
learn,EOPKG,EOPKGTopologyConditioned,ebdfb988ea654392a4a4fc270f9e7c71,854778689611649472,_EOPKG_TC-UN-f1-5-penalty3l-67_loan_v1_v5_simulated_GATv2,_EOPKG_TC-UN-f1-5-penalty3l,67,train_candidate_target_in_candidate_set_rate,0,1780678062183,1.0
learn,EOPKG,EOPKGTopologyConditioned,ebdfb988ea654392a4a4fc270f9e7c71,854778689611649472,_EOPKG_TC-UN-f1-5-penalty3l-67_loan_v1_v5_simulated_GATv2,_EOPKG_TC-UN-f1-5-penalty3l,67,train_candidate_target_in_candidate_set_rate,0,1780678062183,1.0
learn,EOPKG,EOPKGTopologyConditioned,ebdfb988ea654392a4a4fc270f9e7c71,854778689611649472,_EOPKG_TC-UN-f1-5-penalty3l-67_loan_v1_v5_simulated_GATv2,_EOPKG_TC-UN-f1-5-penalty3l,67,train_candidate_target_in_candidate_set_rate,0,1780678337054,1.0
learn,EOPKG,EOPKGTopologyConditioned,ebdfb988ea654392a4a4fc270f9e7c71,854778689611649472,_EOPKG_TC-UN-f1-5-penalty3l-67_loan_v1_v5_simulated_GATv2,_EOPKG_TC-UN-f1-5-penalty3l,67,train_candidate_target_in_candidate_set_rate,0,1780678337054,1.0
learn,EOPKG,EOPKGTopologyConditioned,ebdfb988ea654392a4a4fc270f9e7c71,854778689611649472,_EOPKG_TC-UN-f1-5-penalty3l-67_loan_v1_v5_simulated_GATv2,_EOPKG_TC-UN-f1-5-penalty3l,67,train_candidate_target_in_candidate_set_rate,0,1780678640345,1.0
learn,EOPKG,EOPKGTopologyConditioned,ebdfb988ea654392a4a4fc270f9e7c71,854778689611649472,_EOPKG_TC-UN-f1-5-penalty3l-67_loan_v1_v5_simulated_GATv2,_EOPKG_TC-UN-f1-5-penalty3l,67,train_candidate_target_in_candidate_set_rate,0,1780678640345,1.0
learn,EOPKG,EOPKGTopologyConditioned,ebdfb988ea654392a4a4fc270f9e7c71,854778689611649472,_EOPKG_TC-UN-f1-5-penalty3l-67_loan_v1_v5_simulated_GATv2,_EOPKG_TC-UN-f1-5-penalty3l,67,train_candidate_target_in_candidate_set_rate,0,1780679068095,1.0
learn,EOPKG,EOPKGTopologyConditioned,ebdfb988ea654392a4a4fc270f9e7c71,854778689611649472,_EOPKG_TC-UN-f1-5-penalty3l-67_loan_v1_v5_simulated_GATv2,_EOPKG_TC-UN-f1-5-penalty3l,67,train_candidate_target_in_candidate_set_rate,0,1780679068095,1.0
learn,EOPKG,EOPKGTopologyConditioned,ebdfb988ea654392a4a4fc270f9e7c71,854778689611649472,_EOPKG_TC-UN-f1-5-penalty3l-67_loan_v1_v5_simulated_GATv2,_EOPKG_TC-UN-f1-5-penalty3l,67,train_candidate_target_in_candidate_set_rate,0,1780679431896,1.0
learn,EOPKG,EOPKGTopologyConditioned,ebdfb988ea654392a4a4fc270f9e7c71,854778689611649472,_EOPKG_TC-UN-f1-5-penalty3l-67_loan_v1_v5_simulated_GATv2,_EOPKG_TC-UN-f1-5-penalty3l,67,train_candidate_target_in_candidate_set_rate,0,1780679431896,1.0
learn,EOPKG,EOPKGTopologyConditioned,ebdfb988ea654392a4a4fc270f9e7c71,854778689611649472,_EOPKG_TC-UN-f1-5-penalty3l-67_loan_v1_v5_simulated_GATv2,_EOPKG_TC-UN-f1-5-penalty3l,67,train_candidate_target_in_candidate_set_rate,0,1780679732478,1.0
learn,EOPKG,EOPKGTopologyConditioned,ebdfb988ea654392a4a4fc270f9e7c71,854778689611649472,_EOPKG_TC-UN-f1-5-penalty3l-67_loan_v1_v5_simulated_GATv2,_EOPKG_TC-UN-f1-5-penalty3l,67,train_candidate_target_in_candidate_set_rate,0,1780679732478,1.0
learn,EOPKG,EOPKGTopologyConditioned,ebdfb988ea654392a4a4fc270f9e7c71,854778689611649472,_EOPKG_TC-UN-f1-5-penalty3l-67_loan_v1_v5_simulated_GATv2,_EOPKG_TC-UN-f1-5-penalty3l,67,train_candidate_target_in_candidate_set_rate,0,1780679996363,1.0
learn,EOPKG,EOPKGTopologyConditioned,ebdfb988ea654392a4a4fc270f9e7c71,854778689611649472,_EOPKG_TC-UN-f1-5-penalty3l-67_loan_v1_v5_simulated_GATv2,_EOPKG_TC-UN-f1-5-penalty3l,67,train_candidate_target_in_candidate_set_rate,0,1780679996363,1.0
learn,EOPKG,EOPKGTopologyConditioned,ebdfb988ea654392a4a4fc270f9e7c71,854778689611649472,_EOPKG_TC-UN-f1-5-penalty3l-67_loan_v1_v5_simulated_GATv2,_EOPKG_TC-UN-f1-5-penalty3l,67,train_candidate_target_in_candidate_set_rate,0,1780680264278,1.0
learn,EOPKG,EOPKGTopologyConditioned,ebdfb988ea654392a4a4fc270f9e7c71,854778689611649472,_EOPKG_TC-UN-f1-5-penalty3l-67_loan_v1_v5_simulated_GATv2,_EOPKG_TC-UN-f1-5-penalty3l,67,train_candidate_target_in_candidate_set_rate,0,1780680264278,1.0
learn,EOPKG,EOPKGTopologyConditioned,ebdfb988ea654392a4a4fc270f9e7c71,854778689611649472,_EOPKG_TC-UN-f1-5-penalty3l-67_loan_v1_v5_simulated_GATv2,_EOPKG_TC-UN-f1-5-penalty3l,67,train_candidate_target_in_candidate_set_rate,0,1780680518461,1.0
learn,EOPKG,EOPKGTopologyConditioned,ebdfb988ea654392a4a4fc270f9e7c71,854778689611649472,_EOPKG_TC-UN-f1-5-penalty3l-67_loan_v1_v5_simulated_GATv2,_EOPKG_TC-UN-f1-5-penalty3l,67,train_candidate_target_in_candidate_set_rate,0,1780680518461,1.0
learn,EOPKG,EOPKGTopologyConditioned,ebdfb988ea654392a4a4fc270f9e7c71,854778689611649472,_EOPKG_TC-UN-f1-5-penalty3l-67_loan_v1_v5_simulated_GATv2,_EOPKG_TC-UN-f1-5-penalty3l,67,train_candidate_target_in_candidate_set_rate,0,1780680773418,1.0
learn,EOPKG,EOPKGTopologyConditioned,ebdfb988ea654392a4a4fc270f9e7c71,854778689611649472,_EOPKG_TC-UN-f1-5-penalty3l-67_loan_v1_v5_simulated_GATv2,_EOPKG_TC-UN-f1-5-penalty3l,67,train_candidate_target_in_candidate_set_rate,0,1780680773418,1.0
learn,EOPKG,EOPKGTopologyConditioned,ebdfb988ea654392a4a4fc270f9e7c71,854778689611649472,_EOPKG_TC-UN-f1-5-penalty3l-67_loan_v1_v5_simulated_GATv2,_EOPKG_TC-UN-f1-5-penalty3l,67,train_candidate_target_in_candidate_set_rate,0,1780681030002,1.0
learn,EOPKG,EOPKGTopologyConditioned,ebdfb988ea654392a4a4fc270f9e7c71,854778689611649472,_EOPKG_TC-UN-f1-5-penalty3l-67_loan_v1_v5_simulated_GATv2,_EOPKG_TC-UN-f1-5-penalty3l,67,train_candidate_target_in_candidate_set_rate,0,1780681030002,1.0
learn,EOPKG,EOPKGTopologyConditioned,ebdfb988ea654392a4a4fc270f9e7c71,854778689611649472,_EOPKG_TC-UN-f1-5-penalty3l-67_loan_v1_v5_simulated_GATv2,_EOPKG_TC-UN-f1-5-penalty3l,67,train_candidate_target_in_candidate_set_rate,0,1780681353870,1.0
learn,EOPKG,EOPKGTopologyConditioned,ebdfb988ea654392a4a4fc270f9e7c71,854778689611649472,_EOPKG_TC-UN-f1-5-penalty3l-67_loan_v1_v5_simulated_GATv2,_EOPKG_TC-UN-f1-5-penalty3l,67,train_candidate_target_in_candidate_set_rate,0,1780681353870,1.0
learn,EOPKG,EOPKGTopologyConditioned,ebdfb988ea654392a4a4fc270f9e7c71,854778689611649472,_EOPKG_TC-UN-f1-5-penalty3l-67_loan_v1_v5_simulated_GATv2,_EOPKG_TC-UN-f1-5-penalty3l,67,train_candidate_target_in_candidate_set_rate,0,1780681706592,1.0
learn,EOPKG,EOPKGTopologyConditioned,ebdfb988ea654392a4a4fc270f9e7c71,854778689611649472,_EOPKG_TC-UN-f1-5-penalty3l-67_loan_v1_v5_simulated_GATv2,_EOPKG_TC-UN-f1-5-penalty3l,67,train_candidate_target_in_candidate_set_rate,0,1780681706592,1.0
learn,EOPKG,EOPKGTopologyConditioned,ebdfb988ea654392a4a4fc270f9e7c71,854778689611649472,_EOPKG_TC-UN-f1-5-penalty3l-67_loan_v1_v5_simulated_GATv2,_EOPKG_TC-UN-f1-5-penalty3l,67,train_candidate_target_in_candidate_set_rate,0,1780682217630,1.0
learn,EOPKG,EOPKGTopologyConditioned,ebdfb988ea654392a4a4fc270f9e7c71,854778689611649472,_EOPKG_TC-UN-f1-5-penalty3l-67_loan_v1_v5_simulated_GATv2,_EOPKG_TC-UN-f1-5-penalty3l,67,train_candidate_target_in_candidate_set_rate,0,1780682217630,1.0
learn,EOPKG,EOPKGTopologyConditioned,ebdfb988ea654392a4a4fc270f9e7c71,854778689611649472,_EOPKG_TC-UN-f1-5-penalty3l-67_loan_v1_v5_simulated_GATv2,_EOPKG_TC-UN-f1-5-penalty3l,67,train_candidate_target_in_candidate_set_rate,0,1780682639655,1.0
learn,EOPKG,EOPKGTopologyConditioned,ebdfb988ea654392a4a4fc270f9e7c71,854778689611649472,_EOPKG_TC-UN-f1-5-penalty3l-67_loan_v1_v5_simulated_GATv2,_EOPKG_TC-UN-f1-5-penalty3l,67,train_candidate_target_in_candidate_set_rate,0,1780682639655,1.0
learn,EOPKG,EOPKGTopologyConditioned,ebdfb988ea654392a4a4fc270f9e7c71,854778689611649472,_EOPKG_TC-UN-f1-5-penalty3l-67_loan_v1_v5_simulated_GATv2,_EOPKG_TC-UN-f1-5-penalty3l,67,train_candidate_target_in_candidate_set_rate,0,1780682918153,1.0
learn,EOPKG,EOPKGTopologyConditioned,ebdfb988ea654392a4a4fc270f9e7c71,854778689611649472,_EOPKG_TC-UN-f1-5-penalty3l-67_loan_v1_v5_simulated_GATv2,_EOPKG_TC-UN-f1-5-penalty3l,67,train_candidate_target_in_candidate_set_rate,0,1780682918153,1.0
learn,EOPKG,EOPKGTopologyConditioned,ebdfb988ea654392a4a4fc270f9e7c71,854778689611649472,_EOPKG_TC-UN-f1-5-penalty3l-67_loan_v1_v5_simulated_GATv2,_EOPKG_TC-UN-f1-5-penalty3l,67,train_candidate_target_in_candidate_set_rate,0,1780683219207,1.0
learn,EOPKG,EOPKGTopologyConditioned,ebdfb988ea654392a4a4fc270f9e7c71,854778689611649472,_EOPKG_TC-UN-f1-5-penalty3l-67_loan_v1_v5_simulated_GATv2,_EOPKG_TC-UN-f1-5-penalty3l,67,train_candidate_target_in_candidate_set_rate,0,1780683219207,1.0
learn,EOPKG,EOPKGTopologyConditioned,ebdfb988ea654392a4a4fc270f9e7c71,854778689611649472,_EOPKG_TC-UN-f1-5-penalty3l-67_loan_v1_v5_simulated_GATv2,_EOPKG_TC-UN-f1-5-penalty3l,67,train_candidate_target_in_candidate_set_rate,0,1780683566244,1.0
learn,EOPKG,EOPKGTopologyConditioned,ebdfb988ea654392a4a4fc270f9e7c71,854778689611649472,_EOPKG_TC-UN-f1-5-penalty3l-67_loan_v1_v5_simulated_GATv2,_EOPKG_TC-UN-f1-5-penalty3l,67,train_candidate_target_in_candidate_set_rate,0,1780683566244,1.0
learn,EOPKG,EOPKGTopologyConditioned,ebdfb988ea654392a4a4fc270f9e7c71,854778689611649472,_EOPKG_TC-UN-f1-5-penalty3l-67_loan_v1_v5_simulated_GATv2,_EOPKG_TC-UN-f1-5-penalty3l,67,train_candidate_target_in_candidate_set_rate,0,1780683880870,1.0
learn,EOPKG,EOPKGTopologyConditioned,ebdfb988ea654392a4a4fc270f9e7c71,854778689611649472,_EOPKG_TC-UN-f1-5-penalty3l-67_loan_v1_v5_simulated_GATv2,_EOPKG_TC-UN-f1-5-penalty3l,67,train_candidate_target_in_candidate_set_rate,0,1780683880870,1.0
learn,EOPKG,EOPKGTopologyConditioned,ebdfb988ea654392a4a4fc270f9e7c71,854778689611649472,_EOPKG_TC-UN-f1-5-penalty3l-67_loan_v1_v5_simulated_GATv2,_EOPKG_TC-UN-f1-5-penalty3l,67,train_candidate_target_in_candidate_set_rate,0,1780684194360,1.0
learn,EOPKG,EOPKGTopologyConditioned,ebdfb988ea654392a4a4fc270f9e7c71,854778689611649472,_EOPKG_TC-UN-f1-5-penalty3l-67_loan_v1_v5_simulated_GATv2,_EOPKG_TC-UN-f1-5-penalty3l,67,train_candidate_target_in_candidate_set_rate,0,1780684194360,1.0
learn,EOPKG,EOPKGTopologyConditioned,ebdfb988ea654392a4a4fc270f9e7c71,854778689611649472,_EOPKG_TC-UN-f1-5-penalty3l-67_loan_v1_v5_simulated_GATv2,_EOPKG_TC-UN-f1-5-penalty3l,67,train_candidate_target_in_candidate_set_rate,0,1780684516028,1.0
learn,EOPKG,EOPKGTopologyConditioned,ebdfb988ea654392a4a4fc270f9e7c71,854778689611649472,_EOPKG_TC-UN-f1-5-penalty3l-67_loan_v1_v5_simulated_GATv2,_EOPKG_TC-UN-f1-5-penalty3l,67,train_candidate_target_in_candidate_set_rate,0,1780684516028,1.0
learn,EOPKG,EOPKGTopologyConditioned,ebdfb988ea654392a4a4fc270f9e7c71,854778689611649472,_EOPKG_TC-UN-f1-5-penalty3l-67_loan_v1_v5_simulated_GATv2,_EOPKG_TC-UN-f1-5-penalty3l,67,train_candidate_target_in_candidate_set_rate,0,1780684787524,1.0
learn,EOPKG,EOPKGTopologyConditioned,ebdfb988ea654392a4a4fc270f9e7c71,854778689611649472,_EOPKG_TC-UN-f1-5-penalty3l-67_loan_v1_v5_simulated_GATv2,_EOPKG_TC-UN-f1-5-penalty3l,67,train_candidate_target_in_candidate_set_rate,0,1780684787524,1.0
learn,EOPKG,EOPKGTopologyConditioned,ebdfb988ea654392a4a4fc270f9e7c71,854778689611649472,_EOPKG_TC-UN-f1-5-penalty3l-67_loan_v1_v5_simulated_GATv2,_EOPKG_TC-UN-f1-5-penalty3l,67,train_candidate_target_in_candidate_set_rate,0,1780685047331,1.0
learn,EOPKG,EOPKGTopologyConditioned,ebdfb988ea654392a4a4fc270f9e7c71,854778689611649472,_EOPKG_TC-UN-f1-5-penalty3l-67_loan_v1_v5_simulated_GATv2,_EOPKG_TC-UN-f1-5-penalty3l,67,train_candidate_target_in_candidate_set_rate,0,1780685047331,1.0
learn,EOPKG,EOPKGTopologyConditioned,ebdfb988ea654392a4a4fc270f9e7c71,854778689611649472,_EOPKG_TC-UN-f1-5-penalty3l-67_loan_v1_v5_simulated_GATv2,_EOPKG_TC-UN-f1-5-penalty3l,67,train_candidate_target_in_candidate_set_rate,0,1780685302501,1.0
learn,EOPKG,EOPKGTopologyConditioned,ebdfb988ea654392a4a4fc270f9e7c71,854778689611649472,_EOPKG_TC-UN-f1-5-penalty3l-67_loan_v1_v5_simulated_GATv2,_EOPKG_TC-UN-f1-5-penalty3l,67,train_candidate_target_in_candidate_set_rate,0,1780685302501,1.0
learn,EOPKG,EOPKGTopologyConditioned,ebdfb988ea654392a4a4fc270f9e7c71,854778689611649472,_EOPKG_TC-UN-f1-5-penalty3l-67_loan_v1_v5_simulated_GATv2,_EOPKG_TC-UN-f1-5-penalty3l,67,train_candidate_target_in_candidate_set_rate,0,1780685556522,1.0
learn,EOPKG,EOPKGTopologyConditioned,ebdfb988ea654392a4a4fc270f9e7c71,854778689611649472,_EOPKG_TC-UN-f1-5-penalty3l-67_loan_v1_v5_simulated_GATv2,_EOPKG_TC-UN-f1-5-penalty3l,67,train_candidate_target_in_candidate_set_rate,0,1780685556522,1.0
learn,EOPKG,EOPKGTopologyConditioned,ebdfb988ea654392a4a4fc270f9e7c71,854778689611649472,_EOPKG_TC-UN-f1-5-penalty3l-67_loan_v1_v5_simulated_GATv2,_EOPKG_TC-UN-f1-5-penalty3l,67,train_candidate_target_in_candidate_set_rate,0,1780685810897,1.0
learn,EOPKG,EOPKGTopologyConditioned,ebdfb988ea654392a4a4fc270f9e7c71,854778689611649472,_EOPKG_TC-UN-f1-5-penalty3l-67_loan_v1_v5_simulated_GATv2,_EOPKG_TC-UN-f1-5-penalty3l,67,train_candidate_target_in_candidate_set_rate,0,1780685810897,1.0
learn,EOPKG,EOPKGTopologyConditioned,ebdfb988ea654392a4a4fc270f9e7c71,854778689611649472,_EOPKG_TC-UN-f1-5-penalty3l-67_loan_v1_v5_simulated_GATv2,_EOPKG_TC-UN-f1-5-penalty3l,67,train_candidate_target_in_candidate_set_rate,0,1780686073557,1.0
learn,EOPKG,EOPKGTopologyConditioned,ebdfb988ea654392a4a4fc270f9e7c71,854778689611649472,_EOPKG_TC-UN-f1-5-penalty3l-67_loan_v1_v5_simulated_GATv2,_EOPKG_TC-UN-f1-5-penalty3l,67,train_candidate_target_in_candidate_set_rate,0,1780686073557,1.0
learn,EOPKG-WI,EOPKGTopologyConditionedWI,65fb28926d0d45709ad89ec7cf9aef59,854778689611649472,_EOPKG_WI-UN-f1-5-32_loan_v1_v5_simulated_GATv2,_EOPKG_WI-UN-f1-5,32,train_candidate_target_in_candidate_set_rate,0,1781533351882,1.0
learn,EOPKG-WI,EOPKGTopologyConditionedWI,65fb28926d0d45709ad89ec7cf9aef59,854778689611649472,_EOPKG_WI-UN-f1-5-32_loan_v1_v5_simulated_GATv2,_EOPKG_WI-UN-f1-5,32,train_candidate_target_in_candidate_set_rate,0,1781533351882,1.0
learn,EOPKG-WI,EOPKGTopologyConditionedWI,65fb28926d0d45709ad89ec7cf9aef59,854778689611649472,_EOPKG_WI-UN-f1-5-32_loan_v1_v5_simulated_GATv2,_EOPKG_WI-UN-f1-5,32,train_candidate_target_in_candidate_set_rate,0,1781533724037,1.0
learn,EOPKG-WI,EOPKGTopologyConditionedWI,65fb28926d0d45709ad89ec7cf9aef59,854778689611649472,_EOPKG_WI-UN-f1-5-32_loan_v1_v5_simulated_GATv2,_EOPKG_WI-UN-f1-5,32,train_candidate_target_in_candidate_set_rate,0,1781533724037,1.0
learn,EOPKG-WI,EOPKGTopologyConditionedWI,65fb28926d0d45709ad89ec7cf9aef59,854778689611649472,_EOPKG_WI-UN-f1-5-32_loan_v1_v5_simulated_GATv2,_EOPKG_WI-UN-f1-5,32,train_candidate_target_in_candidate_set_rate,0,1781534086332,1.0
learn,EOPKG-WI,EOPKGTopologyConditionedWI,65fb28926d0d45709ad89ec7cf9aef59,854778689611649472,_EOPKG_WI-UN-f1-5-32_loan_v1_v5_simulated_GATv2,_EOPKG_WI-UN-f1-5,32,train_candidate_target_in_candidate_set_rate,0,1781534086332,1.0
learn,EOPKG-WI,EOPKGTopologyConditionedWI,65fb28926d0d45709ad89ec7cf9aef59,854778689611649472,_EOPKG_WI-UN-f1-5-32_loan_v1_v5_simulated_GATv2,_EOPKG_WI-UN-f1-5,32,train_candidate_target_in_candidate_set_rate,0,1781534483120,1.0
learn,EOPKG-WI,EOPKGTopologyConditionedWI,65fb28926d0d45709ad89ec7cf9aef59,854778689611649472,_EOPKG_WI-UN-f1-5-32_loan_v1_v5_simulated_GATv2,_EOPKG_WI-UN-f1-5,32,train_candidate_target_in_candidate_set_rate,0,1781534483120,1.0
learn,EOPKG-WI,EOPKGTopologyConditionedWI,65fb28926d0d45709ad89ec7cf9aef59,854778689611649472,_EOPKG_WI-UN-f1-5-32_loan_v1_v5_simulated_GATv2,_EOPKG_WI-UN-f1-5,32,train_candidate_target_in_candidate_set_rate,0,1781534686755,1.0
learn,EOPKG-WI,EOPKGTopologyConditionedWI,65fb28926d0d45709ad89ec7cf9aef59,854778689611649472,_EOPKG_WI-UN-f1-5-32_loan_v1_v5_simulated_GATv2,_EOPKG_WI-UN-f1-5,32,train_candidate_target_in_candidate_set_rate,0,1781534686755,1.0
learn,EOPKG-WI,EOPKGTopologyConditionedWI,65fb28926d0d45709ad89ec7cf9aef59,854778689611649472,_EOPKG_WI-UN-f1-5-32_loan_v1_v5_simulated_GATv2,_EOPKG_WI-UN-f1-5,32,train_candidate_target_in_candidate_set_rate,0,1781534842173,1.0
learn,EOPKG-WI,EOPKGTopologyConditionedWI,65fb28926d0d45709ad89ec7cf9aef59,854778689611649472,_EOPKG_WI-UN-f1-5-32_loan_v1_v5_simulated_GATv2,_EOPKG_WI-UN-f1-5,32,train_candidate_target_in_candidate_set_rate,0,1781534842173,1.0
learn,EOPKG-WI,EOPKGTopologyConditionedWI,65fb28926d0d45709ad89ec7cf9aef59,854778689611649472,_EOPKG_WI-UN-f1-5-32_loan_v1_v5_simulated_GATv2,_EOPKG_WI-UN-f1-5,32,train_candidate_target_in_candidate_set_rate,0,1781535118850,1.0
learn,EOPKG-WI,EOPKGTopologyConditionedWI,65fb28926d0d45709ad89ec7cf9aef59,854778689611649472,_EOPKG_WI-UN-f1-5-32_loan_v1_v5_simulated_GATv2,_EOPKG_WI-UN-f1-5,32,train_candidate_target_in_candidate_set_rate,0,1781535118850,1.0
learn,EOPKG-WI,EOPKGTopologyConditionedWI,65fb28926d0d45709ad89ec7cf9aef59,854778689611649472,_EOPKG_WI-UN-f1-5-32_loan_v1_v5_simulated_GATv2,_EOPKG_WI-UN-f1-5,32,train_candidate_target_in_candidate_set_rate,0,1781535486165,1.0
learn,EOPKG-WI,EOPKGTopologyConditionedWI,65fb28926d0d45709ad89ec7cf9aef59,854778689611649472,_EOPKG_WI-UN-f1-5-32_loan_v1_v5_simulated_GATv2,_EOPKG_WI-UN-f1-5,32,train_candidate_target_in_candidate_set_rate,0,1781535486165,1.0
learn,EOPKG-WI,EOPKGTopologyConditionedWI,65fb28926d0d45709ad89ec7cf9aef59,854778689611649472,_EOPKG_WI-UN-f1-5-32_loan_v1_v5_simulated_GATv2,_EOPKG_WI-UN-f1-5,32,train_candidate_target_in_candidate_set_rate,0,1781535767339,1.0
learn,EOPKG-WI,EOPKGTopologyConditionedWI,65fb28926d0d45709ad89ec7cf9aef59,854778689611649472,_EOPKG_WI-UN-f1-5-32_loan_v1_v5_simulated_GATv2,_EOPKG_WI-UN-f1-5,32,train_candidate_target_in_candidate_set_rate,0,1781535767339,1.0
learn,EOPKG-WI,EOPKGTopologyConditionedWI,65fb28926d0d45709ad89ec7cf9aef59,854778689611649472,_EOPKG_WI-UN-f1-5-32_loan_v1_v5_simulated_GATv2,_EOPKG_WI-UN-f1-5,32,train_candidate_target_in_candidate_set_rate,0,1781535910207,1.0
learn,EOPKG-WI,EOPKGTopologyConditionedWI,65fb28926d0d45709ad89ec7cf9aef59,854778689611649472,_EOPKG_WI-UN-f1-5-32_loan_v1_v5_simulated_GATv2,_EOPKG_WI-UN-f1-5,32,train_candidate_target_in_candidate_set_rate,0,1781535910207,1.0
learn,EOPKG-WI,EOPKGTopologyConditionedWI,65fb28926d0d45709ad89ec7cf9aef59,854778689611649472,_EOPKG_WI-UN-f1-5-32_loan_v1_v5_simulated_GATv2,_EOPKG_WI-UN-f1-5,32,train_candidate_target_in_candidate_set_rate,0,1781536188468,1.0
learn,EOPKG-WI,EOPKGTopologyConditionedWI,65fb28926d0d45709ad89ec7cf9aef59,854778689611649472,_EOPKG_WI-UN-f1-5-32_loan_v1_v5_simulated_GATv2,_EOPKG_WI-UN-f1-5,32,train_candidate_target_in_candidate_set_rate,0,1781536188468,1.0
learn,EOPKG-WI,EOPKGTopologyConditionedWI,65fb28926d0d45709ad89ec7cf9aef59,854778689611649472,_EOPKG_WI-UN-f1-5-32_loan_v1_v5_simulated_GATv2,_EOPKG_WI-UN-f1-5,32,train_candidate_target_in_candidate_set_rate,0,1781536425701,1.0
learn,EOPKG-WI,EOPKGTopologyConditionedWI,65fb28926d0d45709ad89ec7cf9aef59,854778689611649472,_EOPKG_WI-UN-f1-5-32_loan_v1_v5_simulated_GATv2,_EOPKG_WI-UN-f1-5,32,train_candidate_target_in_candidate_set_rate,0,1781536425701,1.0
learn,EOPKG-WI,EOPKGTopologyConditionedWI,65fb28926d0d45709ad89ec7cf9aef59,854778689611649472,_EOPKG_WI-UN-f1-5-32_loan_v1_v5_simulated_GATv2,_EOPKG_WI-UN-f1-5,32,train_candidate_target_in_candidate_set_rate,0,1781536618890,1.0
learn,EOPKG-WI,EOPKGTopologyConditionedWI,65fb28926d0d45709ad89ec7cf9aef59,854778689611649472,_EOPKG_WI-UN-f1-5-32_loan_v1_v5_simulated_GATv2,_EOPKG_WI-UN-f1-5,32,train_candidate_target_in_candidate_set_rate,0,1781536618890,1.0
learn,EOPKG-WI,EOPKGTopologyConditionedWI,65fb28926d0d45709ad89ec7cf9aef59,854778689611649472,_EOPKG_WI-UN-f1-5-32_loan_v1_v5_simulated_GATv2,_EOPKG_WI-UN-f1-5,32,train_candidate_target_in_candidate_set_rate,0,1781536791561,1.0
learn,EOPKG-WI,EOPKGTopologyConditionedWI,65fb28926d0d45709ad89ec7cf9aef59,854778689611649472,_EOPKG_WI-UN-f1-5-32_loan_v1_v5_simulated_GATv2,_EOPKG_WI-UN-f1-5,32,train_candidate_target_in_candidate_set_rate,0,1781536791561,1.0
learn,EOPKG-WI,EOPKGTopologyConditionedWI,65fb28926d0d45709ad89ec7cf9aef59,854778689611649472,_EOPKG_WI-UN-f1-5-32_loan_v1_v5_simulated_GATv2,_EOPKG_WI-UN-f1-5,32,train_candidate_target_in_candidate_set_rate,0,1781536948841,1.0
learn,EOPKG-WI,EOPKGTopologyConditionedWI,65fb28926d0d45709ad89ec7cf9aef59,854778689611649472,_EOPKG_WI-UN-f1-5-32_loan_v1_v5_simulated_GATv2,_EOPKG_WI-UN-f1-5,32,train_candidate_target_in_candidate_set_rate,0,1781536948841,1.0
learn,EOPKG-WI,EOPKGTopologyConditionedWI,65fb28926d0d45709ad89ec7cf9aef59,854778689611649472,_EOPKG_WI-UN-f1-5-32_loan_v1_v5_simulated_GATv2,_EOPKG_WI-UN-f1-5,32,train_candidate_target_in_candidate_set_rate,0,1781537084829,1.0
learn,EOPKG-WI,EOPKGTopologyConditionedWI,65fb28926d0d45709ad89ec7cf9aef59,854778689611649472,_EOPKG_WI-UN-f1-5-32_loan_v1_v5_simulated_GATv2,_EOPKG_WI-UN-f1-5,32,train_candidate_target_in_candidate_set_rate,0,1781537084829,1.0
learn,EOPKG-WI,EOPKGTopologyConditionedWI,65fb28926d0d45709ad89ec7cf9aef59,854778689611649472,_EOPKG_WI-UN-f1-5-32_loan_v1_v5_simulated_GATv2,_EOPKG_WI-UN-f1-5,32,train_candidate_target_in_candidate_set_rate,0,1781537399538,1.0
learn,EOPKG-WI,EOPKGTopologyConditionedWI,65fb28926d0d45709ad89ec7cf9aef59,854778689611649472,_EOPKG_WI-UN-f1-5-32_loan_v1_v5_simulated_GATv2,_EOPKG_WI-UN-f1-5,32,train_candidate_target_in_candidate_set_rate,0,1781537399538,1.0
learn,EOPKG-WI,EOPKGTopologyConditionedWI,65fb28926d0d45709ad89ec7cf9aef59,854778689611649472,_EOPKG_WI-UN-f1-5-32_loan_v1_v5_simulated_GATv2,_EOPKG_WI-UN-f1-5,32,train_candidate_target_in_candidate_set_rate,0,1781537608606,1.0
learn,EOPKG-WI,EOPKGTopologyConditionedWI,65fb28926d0d45709ad89ec7cf9aef59,854778689611649472,_EOPKG_WI-UN-f1-5-32_loan_v1_v5_simulated_GATv2,_EOPKG_WI-UN-f1-5,32,train_candidate_target_in_candidate_set_rate,0,1781537608606,1.0
learn,EOPKG-WI,EOPKGTopologyConditionedWI,65fb28926d0d45709ad89ec7cf9aef59,854778689611649472,_EOPKG_WI-UN-f1-5-32_loan_v1_v5_simulated_GATv2,_EOPKG_WI-UN-f1-5,32,train_candidate_target_in_candidate_set_rate,0,1781537812829,1.0
learn,EOPKG-WI,EOPKGTopologyConditionedWI,65fb28926d0d45709ad89ec7cf9aef59,854778689611649472,_EOPKG_WI-UN-f1-5-32_loan_v1_v5_simulated_GATv2,_EOPKG_WI-UN-f1-5,32,train_candidate_target_in_candidate_set_rate,0,1781537812829,1.0
learn,EOPKG-WI,EOPKGTopologyConditionedWI,65fb28926d0d45709ad89ec7cf9aef59,854778689611649472,_EOPKG_WI-UN-f1-5-32_loan_v1_v5_simulated_GATv2,_EOPKG_WI-UN-f1-5,32,train_candidate_target_in_candidate_set_rate,0,1781537948512,1.0
learn,EOPKG-WI,EOPKGTopologyConditionedWI,65fb28926d0d45709ad89ec7cf9aef59,854778689611649472,_EOPKG_WI-UN-f1-5-32_loan_v1_v5_simulated_GATv2,_EOPKG_WI-UN-f1-5,32,train_candidate_target_in_candidate_set_rate,0,1781537948512,1.0
learn,EOPKG-WI,EOPKGTopologyConditionedWI,65fb28926d0d45709ad89ec7cf9aef59,854778689611649472,_EOPKG_WI-UN-f1-5-32_loan_v1_v5_simulated_GATv2,_EOPKG_WI-UN-f1-5,32,train_candidate_target_in_candidate_set_rate,0,1781538137831,1.0
learn,EOPKG-WI,EOPKGTopologyConditionedWI,65fb28926d0d45709ad89ec7cf9aef59,854778689611649472,_EOPKG_WI-UN-f1-5-32_loan_v1_v5_simulated_GATv2,_EOPKG_WI-UN-f1-5,32,train_candidate_target_in_candidate_set_rate,0,1781538137831,1.0
learn,EOPKG-WI,EOPKGTopologyConditionedWI,65fb28926d0d45709ad89ec7cf9aef59,854778689611649472,_EOPKG_WI-UN-f1-5-32_loan_v1_v5_simulated_GATv2,_EOPKG_WI-UN-f1-5,32,train_candidate_target_in_candidate_set_rate,0,1781538299121,1.0
learn,EOPKG-WI,EOPKGTopologyConditionedWI,65fb28926d0d45709ad89ec7cf9aef59,854778689611649472,_EOPKG_WI-UN-f1-5-32_loan_v1_v5_simulated_GATv2,_EOPKG_WI-UN-f1-5,32,train_candidate_target_in_candidate_set_rate,0,1781538299121,1.0
learn,EOPKG-WI,EOPKGTopologyConditionedWI,65fb28926d0d45709ad89ec7cf9aef59,854778689611649472,_EOPKG_WI-UN-f1-5-32_loan_v1_v5_simulated_GATv2,_EOPKG_WI-UN-f1-5,32,train_candidate_target_in_candidate_set_rate,0,1781538420706,1.0
learn,EOPKG-WI,EOPKGTopologyConditionedWI,65fb28926d0d45709ad89ec7cf9aef59,854778689611649472,_EOPKG_WI-UN-f1-5-32_loan_v1_v5_simulated_GATv2,_EOPKG_WI-UN-f1-5,32,train_candidate_target_in_candidate_set_rate,0,1781538420706,1.0
learn,EOPKG-WI,EOPKGTopologyConditionedWI,65fb28926d0d45709ad89ec7cf9aef59,854778689611649472,_EOPKG_WI-UN-f1-5-32_loan_v1_v5_simulated_GATv2,_EOPKG_WI-UN-f1-5,32,train_candidate_target_in_candidate_set_rate,0,1781538545229,1.0
learn,EOPKG-WI,EOPKGTopologyConditionedWI,65fb28926d0d45709ad89ec7cf9aef59,854778689611649472,_EOPKG_WI-UN-f1-5-32_loan_v1_v5_simulated_GATv2,_EOPKG_WI-UN-f1-5,32,train_candidate_target_in_candidate_set_rate,0,1781538545229,1.0
learn,EOPKG-WI,EOPKGTopologyConditionedWI,65fb28926d0d45709ad89ec7cf9aef59,854778689611649472,_EOPKG_WI-UN-f1-5-32_loan_v1_v5_simulated_GATv2,_EOPKG_WI-UN-f1-5,32,train_candidate_target_in_candidate_set_rate,0,1781538655332,1.0
learn,EOPKG-WI,EOPKGTopologyConditionedWI,65fb28926d0d45709ad89ec7cf9aef59,854778689611649472,_EOPKG_WI-UN-f1-5-32_loan_v1_v5_simulated_GATv2,_EOPKG_WI-UN-f1-5,32,train_candidate_target_in_candidate_set_rate,0,1781538655332,1.0
learn,EOPKG-WI,EOPKGTopologyConditionedWI,65fb28926d0d45709ad89ec7cf9aef59,854778689611649472,_EOPKG_WI-UN-f1-5-32_loan_v1_v5_simulated_GATv2,_EOPKG_WI-UN-f1-5,32,train_candidate_target_in_candidate_set_rate,0,1781538775684,1.0
learn,EOPKG-WI,EOPKGTopologyConditionedWI,65fb28926d0d45709ad89ec7cf9aef59,854778689611649472,_EOPKG_WI-UN-f1-5-32_loan_v1_v5_simulated_GATv2,_EOPKG_WI-UN-f1-5,32,train_candidate_target_in_candidate_set_rate,0,1781538775684,1.0
learn,EOPKG-WI,EOPKGTopologyConditionedWI,65fb28926d0d45709ad89ec7cf9aef59,854778689611649472,_EOPKG_WI-UN-f1-5-32_loan_v1_v5_simulated_GATv2,_EOPKG_WI-UN-f1-5,32,train_candidate_target_in_candidate_set_rate,0,1781538916084,1.0
learn,EOPKG-WI,EOPKGTopologyConditionedWI,65fb28926d0d45709ad89ec7cf9aef59,854778689611649472,_EOPKG_WI-UN-f1-5-32_loan_v1_v5_simulated_GATv2,_EOPKG_WI-UN-f1-5,32,train_candidate_target_in_candidate_set_rate,0,1781538916084,1.0
learn,EOPKG-WI,EOPKGTopologyConditionedWI,65fb28926d0d45709ad89ec7cf9aef59,854778689611649472,_EOPKG_WI-UN-f1-5-32_loan_v1_v5_simulated_GATv2,_EOPKG_WI-UN-f1-5,32,train_candidate_target_in_candidate_set_rate,0,1781539074120,1.0
learn,EOPKG-WI,EOPKGTopologyConditionedWI,65fb28926d0d45709ad89ec7cf9aef59,854778689611649472,_EOPKG_WI-UN-f1-5-32_loan_v1_v5_simulated_GATv2,_EOPKG_WI-UN-f1-5,32,train_candidate_target_in_candidate_set_rate,0,1781539074120,1.0
learn,EOPKG-WI,EOPKGTopologyConditionedWI,65fb28926d0d45709ad89ec7cf9aef59,854778689611649472,_EOPKG_WI-UN-f1-5-32_loan_v1_v5_simulated_GATv2,_EOPKG_WI-UN-f1-5,32,train_candidate_target_in_candidate_set_rate,0,1781539242210,1.0
learn,EOPKG-WI,EOPKGTopologyConditionedWI,65fb28926d0d45709ad89ec7cf9aef59,854778689611649472,_EOPKG_WI-UN-f1-5-32_loan_v1_v5_simulated_GATv2,_EOPKG_WI-UN-f1-5,32,train_candidate_target_in_candidate_set_rate,0,1781539242210,1.0
learn,EOPKG-WI,EOPKGTopologyConditionedWI,65fb28926d0d45709ad89ec7cf9aef59,854778689611649472,_EOPKG_WI-UN-f1-5-32_loan_v1_v5_simulated_GATv2,_EOPKG_WI-UN-f1-5,32,train_candidate_target_in_candidate_set_rate,0,1781539401095,1.0
learn,EOPKG-WI,EOPKGTopologyConditionedWI,65fb28926d0d45709ad89ec7cf9aef59,854778689611649472,_EOPKG_WI-UN-f1-5-32_loan_v1_v5_simulated_GATv2,_EOPKG_WI-UN-f1-5,32,train_candidate_target_in_candidate_set_rate,0,1781539401095,1.0
learn,EOPKG-WI,EOPKGTopologyConditionedWI,65fb28926d0d45709ad89ec7cf9aef59,854778689611649472,_EOPKG_WI-UN-f1-5-32_loan_v1_v5_simulated_GATv2,_EOPKG_WI-UN-f1-5,32,train_candidate_target_in_candidate_set_rate,0,1781539528806,1.0
learn,EOPKG-WI,EOPKGTopologyConditionedWI,65fb28926d0d45709ad89ec7cf9aef59,854778689611649472,_EOPKG_WI-UN-f1-5-32_loan_v1_v5_simulated_GATv2,_EOPKG_WI-UN-f1-5,32,train_candidate_target_in_candidate_set_rate,0,1781539528806,1.0
learn,EOPKG-WI,EOPKGTopologyConditionedWI,65fb28926d0d45709ad89ec7cf9aef59,854778689611649472,_EOPKG_WI-UN-f1-5-32_loan_v1_v5_simulated_GATv2,_EOPKG_WI-UN-f1-5,32,train_candidate_target_in_candidate_set_rate,0,1781539647645,1.0
learn,EOPKG-WI,EOPKGTopologyConditionedWI,65fb28926d0d45709ad89ec7cf9aef59,854778689611649472,_EOPKG_WI-UN-f1-5-32_loan_v1_v5_simulated_GATv2,_EOPKG_WI-UN-f1-5,32,train_candidate_target_in_candidate_set_rate,0,1781539647645,1.0
learn,EOPKG-WI,EOPKGTopologyConditionedWI,65fb28926d0d45709ad89ec7cf9aef59,854778689611649472,_EOPKG_WI-UN-f1-5-32_loan_v1_v5_simulated_GATv2,_EOPKG_WI-UN-f1-5,32,train_candidate_target_in_candidate_set_rate,0,1781539776678,1.0
learn,EOPKG-WI,EOPKGTopologyConditionedWI,65fb28926d0d45709ad89ec7cf9aef59,854778689611649472,_EOPKG_WI-UN-f1-5-32_loan_v1_v5_simulated_GATv2,_EOPKG_WI-UN-f1-5,32,train_candidate_target_in_candidate_set_rate,0,1781539776678,1.0
learn,EOPKG-WI,EOPKGTopologyConditionedWI,65fb28926d0d45709ad89ec7cf9aef59,854778689611649472,_EOPKG_WI-UN-f1-5-32_loan_v1_v5_simulated_GATv2,_EOPKG_WI-UN-f1-5,32,train_candidate_target_in_candidate_set_rate,0,1781540021160,1.0
learn,EOPKG-WI,EOPKGTopologyConditionedWI,65fb28926d0d45709ad89ec7cf9aef59,854778689611649472,_EOPKG_WI-UN-f1-5-32_loan_v1_v5_simulated_GATv2,_EOPKG_WI-UN-f1-5,32,train_candidate_target_in_candidate_set_rate,0,1781540021160,1.0
learn,EOPKG-WI,EOPKGTopologyConditionedWI,65fb28926d0d45709ad89ec7cf9aef59,854778689611649472,_EOPKG_WI-UN-f1-5-32_loan_v1_v5_simulated_GATv2,_EOPKG_WI-UN-f1-5,32,train_candidate_target_in_candidate_set_rate,0,1781540229449,1.0
learn,EOPKG-WI,EOPKGTopologyConditionedWI,65fb28926d0d45709ad89ec7cf9aef59,854778689611649472,_EOPKG_WI-UN-f1-5-32_loan_v1_v5_simulated_GATv2,_EOPKG_WI-UN-f1-5,32,train_candidate_target_in_candidate_set_rate,0,1781540229449,1.0
learn,EOPKG-WI,EOPKGTopologyConditionedWI,65fb28926d0d45709ad89ec7cf9aef59,854778689611649472,_EOPKG_WI-UN-f1-5-32_loan_v1_v5_simulated_GATv2,_EOPKG_WI-UN-f1-5,32,train_candidate_target_in_candidate_set_rate,0,1781540350831,1.0
learn,EOPKG-WI,EOPKGTopologyConditionedWI,65fb28926d0d45709ad89ec7cf9aef59,854778689611649472,_EOPKG_WI-UN-f1-5-32_loan_v1_v5_simulated_GATv2,_EOPKG_WI-UN-f1-5,32,train_candidate_target_in_candidate_set_rate,0,1781540350831,1.0
learn,EOPKG-WI,EOPKGTopologyConditionedWI,65fb28926d0d45709ad89ec7cf9aef59,854778689611649472,_EOPKG_WI-UN-f1-5-32_loan_v1_v5_simulated_GATv2,_EOPKG_WI-UN-f1-5,32,train_candidate_target_in_candidate_set_rate,0,1781540511071,1.0
learn,EOPKG-WI,EOPKGTopologyConditionedWI,65fb28926d0d45709ad89ec7cf9aef59,854778689611649472,_EOPKG_WI-UN-f1-5-32_loan_v1_v5_simulated_GATv2,_EOPKG_WI-UN-f1-5,32,train_candidate_target_in_candidate_set_rate,0,1781540511071,1.0
learn,EOPKG-WI,EOPKGTopologyConditionedWI,65fb28926d0d45709ad89ec7cf9aef59,854778689611649472,_EOPKG_WI-UN-f1-5-32_loan_v1_v5_simulated_GATv2,_EOPKG_WI-UN-f1-5,32,train_candidate_target_in_candidate_set_rate,0,1781540771370,1.0
learn,EOPKG-WI,EOPKGTopologyConditionedWI,65fb28926d0d45709ad89ec7cf9aef59,854778689611649472,_EOPKG_WI-UN-f1-5-32_loan_v1_v5_simulated_GATv2,_EOPKG_WI-UN-f1-5,32,train_candidate_target_in_candidate_set_rate,0,1781540771370,1.0
learn,EOPKG-WI,EOPKGTopologyConditionedWI,65fb28926d0d45709ad89ec7cf9aef59,854778689611649472,_EOPKG_WI-UN-f1-5-32_loan_v1_v5_simulated_GATv2,_EOPKG_WI-UN-f1-5,32,train_candidate_target_in_candidate_set_rate,0,1781540886778,1.0
learn,EOPKG-WI,EOPKGTopologyConditionedWI,65fb28926d0d45709ad89ec7cf9aef59,854778689611649472,_EOPKG_WI-UN-f1-5-32_loan_v1_v5_simulated_GATv2,_EOPKG_WI-UN-f1-5,32,train_candidate_target_in_candidate_set_rate,0,1781540886778,1.0
learn,EOPKG-WI,EOPKGTopologyConditionedWI,65fb28926d0d45709ad89ec7cf9aef59,854778689611649472,_EOPKG_WI-UN-f1-5-32_loan_v1_v5_simulated_GATv2,_EOPKG_WI-UN-f1-5,32,train_candidate_target_in_candidate_set_rate,0,1781541002773,1.0
learn,EOPKG-WI,EOPKGTopologyConditionedWI,65fb28926d0d45709ad89ec7cf9aef59,854778689611649472,_EOPKG_WI-UN-f1-5-32_loan_v1_v5_simulated_GATv2,_EOPKG_WI-UN-f1-5,32,train_candidate_target_in_candidate_set_rate,0,1781541002773,1.0
learn,EOPKG-WI,EOPKGTopologyConditionedWI,65fb28926d0d45709ad89ec7cf9aef59,854778689611649472,_EOPKG_WI-UN-f1-5-32_loan_v1_v5_simulated_GATv2,_EOPKG_WI-UN-f1-5,32,train_candidate_target_in_candidate_set_rate,0,1781541110941,1.0
learn,EOPKG-WI,EOPKGTopologyConditionedWI,65fb28926d0d45709ad89ec7cf9aef59,854778689611649472,_EOPKG_WI-UN-f1-5-32_loan_v1_v5_simulated_GATv2,_EOPKG_WI-UN-f1-5,32,train_candidate_target_in_candidate_set_rate,0,1781541110941,1.0
learn,EOPKG-WI,EOPKGTopologyConditionedWI,65fb28926d0d45709ad89ec7cf9aef59,854778689611649472,_EOPKG_WI-UN-f1-5-32_loan_v1_v5_simulated_GATv2,_EOPKG_WI-UN-f1-5,32,train_candidate_target_in_candidate_set_rate,0,1781541231010,1.0
learn,EOPKG-WI,EOPKGTopologyConditionedWI,65fb28926d0d45709ad89ec7cf9aef59,854778689611649472,_EOPKG_WI-UN-f1-5-32_loan_v1_v5_simulated_GATv2,_EOPKG_WI-UN-f1-5,32,train_candidate_target_in_candidate_set_rate,0,1781541231010,1.0
learn,EOPKG-WI,EOPKGTopologyConditionedWI,65fb28926d0d45709ad89ec7cf9aef59,854778689611649472,_EOPKG_WI-UN-f1-5-32_loan_v1_v5_simulated_GATv2,_EOPKG_WI-UN-f1-5,32,train_candidate_target_in_candidate_set_rate,0,1781541344741,1.0
learn,EOPKG-WI,EOPKGTopologyConditionedWI,65fb28926d0d45709ad89ec7cf9aef59,854778689611649472,_EOPKG_WI-UN-f1-5-32_loan_v1_v5_simulated_GATv2,_EOPKG_WI-UN-f1-5,32,train_candidate_target_in_candidate_set_rate,0,1781541344741,1.0
learn,EOPKG-WI,EOPKGTopologyConditionedWI,65fb28926d0d45709ad89ec7cf9aef59,854778689611649472,_EOPKG_WI-UN-f1-5-32_loan_v1_v5_simulated_GATv2,_EOPKG_WI-UN-f1-5,32,train_candidate_target_in_candidate_set_rate,0,1781541454595,1.0
learn,EOPKG-WI,EOPKGTopologyConditionedWI,65fb28926d0d45709ad89ec7cf9aef59,854778689611649472,_EOPKG_WI-UN-f1-5-32_loan_v1_v5_simulated_GATv2,_EOPKG_WI-UN-f1-5,32,train_candidate_target_in_candidate_set_rate,0,1781541454595,1.0
learn,EOPKG-WI,EOPKGTopologyConditionedWI,65fb28926d0d45709ad89ec7cf9aef59,854778689611649472,_EOPKG_WI-UN-f1-5-32_loan_v1_v5_simulated_GATv2,_EOPKG_WI-UN-f1-5,32,train_candidate_target_in_candidate_set_rate,0,1781541566164,1.0
learn,EOPKG-WI,EOPKGTopologyConditionedWI,65fb28926d0d45709ad89ec7cf9aef59,854778689611649472,_EOPKG_WI-UN-f1-5-32_loan_v1_v5_simulated_GATv2,_EOPKG_WI-UN-f1-5,32,train_candidate_target_in_candidate_set_rate,0,1781541566164,1.0
learn,EOPKG-WI,EOPKGTopologyConditionedWI,65fb28926d0d45709ad89ec7cf9aef59,854778689611649472,_EOPKG_WI-UN-f1-5-32_loan_v1_v5_simulated_GATv2,_EOPKG_WI-UN-f1-5,32,train_candidate_target_in_candidate_set_rate,0,1781541678918,1.0
learn,EOPKG-WI,EOPKGTopologyConditionedWI,65fb28926d0d45709ad89ec7cf9aef59,854778689611649472,_EOPKG_WI-UN-f1-5-32_loan_v1_v5_simulated_GATv2,_EOPKG_WI-UN-f1-5,32,train_candidate_target_in_candidate_set_rate,0,1781541678918,1.0
learn,EOPKG-WI,EOPKGTopologyConditionedWI,65fb28926d0d45709ad89ec7cf9aef59,854778689611649472,_EOPKG_WI-UN-f1-5-32_loan_v1_v5_simulated_GATv2,_EOPKG_WI-UN-f1-5,32,train_candidate_target_in_candidate_set_rate,0,1781541787013,1.0
learn,EOPKG-WI,EOPKGTopologyConditionedWI,65fb28926d0d45709ad89ec7cf9aef59,854778689611649472,_EOPKG_WI-UN-f1-5-32_loan_v1_v5_simulated_GATv2,_EOPKG_WI-UN-f1-5,32,train_candidate_target_in_candidate_set_rate,0,1781541787013,1.0
learn,EOPKG-WI,EOPKGTopologyConditionedWI,65fb28926d0d45709ad89ec7cf9aef59,854778689611649472,_EOPKG_WI-UN-f1-5-32_loan_v1_v5_simulated_GATv2,_EOPKG_WI-UN-f1-5,32,train_candidate_target_in_candidate_set_rate,0,1781541892018,1.0
learn,EOPKG-WI,EOPKGTopologyConditionedWI,65fb28926d0d45709ad89ec7cf9aef59,854778689611649472,_EOPKG_WI-UN-f1-5-32_loan_v1_v5_simulated_GATv2,_EOPKG_WI-UN-f1-5,32,train_candidate_target_in_candidate_set_rate,0,1781541892018,1.0
learn,EOPKG-WI,EOPKGTopologyConditionedWI,65fb28926d0d45709ad89ec7cf9aef59,854778689611649472,_EOPKG_WI-UN-f1-5-32_loan_v1_v5_simulated_GATv2,_EOPKG_WI-UN-f1-5,32,train_candidate_target_in_candidate_set_rate,0,1781542000925,1.0
learn,EOPKG-WI,EOPKGTopologyConditionedWI,65fb28926d0d45709ad89ec7cf9aef59,854778689611649472,_EOPKG_WI-UN-f1-5-32_loan_v1_v5_simulated_GATv2,_EOPKG_WI-UN-f1-5,32,train_candidate_target_in_candidate_set_rate,0,1781542000925,1.0
learn,EOPKG-WI,EOPKGTopologyConditionedWI,65fb28926d0d45709ad89ec7cf9aef59,854778689611649472,_EOPKG_WI-UN-f1-5-32_loan_v1_v5_simulated_GATv2,_EOPKG_WI-UN-f1-5,32,train_candidate_target_in_candidate_set_rate,0,1781542106089,1.0
learn,EOPKG-WI,EOPKGTopologyConditionedWI,65fb28926d0d45709ad89ec7cf9aef59,854778689611649472,_EOPKG_WI-UN-f1-5-32_loan_v1_v5_simulated_GATv2,_EOPKG_WI-UN-f1-5,32,train_candidate_target_in_candidate_set_rate,0,1781542106089,1.0
learn,EOPKG-WI,EOPKGTopologyConditionedWI,88e10c5c5b45467e935548e0decdf824,854778689611649472,_EOPKG_WI-UN-f1-5-78_loan_v1_v5_simulated_GATv2,_EOPKG_WI-UN-f1-5,78,train_candidate_target_in_candidate_set_rate,0,1781092062959,1.0
learn,EOPKG-WI,EOPKGTopologyConditionedWI,88e10c5c5b45467e935548e0decdf824,854778689611649472,_EOPKG_WI-UN-f1-5-78_loan_v1_v5_simulated_GATv2,_EOPKG_WI-UN-f1-5,78,train_candidate_target_in_candidate_set_rate,0,1781092062959,1.0
learn,EOPKG-WI,EOPKGTopologyConditionedWI,88e10c5c5b45467e935548e0decdf824,854778689611649472,_EOPKG_WI-UN-f1-5-78_loan_v1_v5_simulated_GATv2,_EOPKG_WI-UN-f1-5,78,train_candidate_target_in_candidate_set_rate,0,1781092210797,1.0
learn,EOPKG-WI,EOPKGTopologyConditionedWI,88e10c5c5b45467e935548e0decdf824,854778689611649472,_EOPKG_WI-UN-f1-5-78_loan_v1_v5_simulated_GATv2,_EOPKG_WI-UN-f1-5,78,train_candidate_target_in_candidate_set_rate,0,1781092210797,1.0
learn,EOPKG-WI,EOPKGTopologyConditionedWI,88e10c5c5b45467e935548e0decdf824,854778689611649472,_EOPKG_WI-UN-f1-5-78_loan_v1_v5_simulated_GATv2,_EOPKG_WI-UN-f1-5,78,train_candidate_target_in_candidate_set_rate,0,1781092323513,1.0
learn,EOPKG-WI,EOPKGTopologyConditionedWI,88e10c5c5b45467e935548e0decdf824,854778689611649472,_EOPKG_WI-UN-f1-5-78_loan_v1_v5_simulated_GATv2,_EOPKG_WI-UN-f1-5,78,train_candidate_target_in_candidate_set_rate,0,1781092323513,1.0
learn,EOPKG-WI,EOPKGTopologyConditionedWI,88e10c5c5b45467e935548e0decdf824,854778689611649472,_EOPKG_WI-UN-f1-5-78_loan_v1_v5_simulated_GATv2,_EOPKG_WI-UN-f1-5,78,train_candidate_target_in_candidate_set_rate,0,1781092443534,1.0
learn,EOPKG-WI,EOPKGTopologyConditionedWI,88e10c5c5b45467e935548e0decdf824,854778689611649472,_EOPKG_WI-UN-f1-5-78_loan_v1_v5_simulated_GATv2,_EOPKG_WI-UN-f1-5,78,train_candidate_target_in_candidate_set_rate,0,1781092443534,1.0
learn,EOPKG-WI,EOPKGTopologyConditionedWI,88e10c5c5b45467e935548e0decdf824,854778689611649472,_EOPKG_WI-UN-f1-5-78_loan_v1_v5_simulated_GATv2,_EOPKG_WI-UN-f1-5,78,train_candidate_target_in_candidate_set_rate,0,1781092568036,1.0
learn,EOPKG-WI,EOPKGTopologyConditionedWI,88e10c5c5b45467e935548e0decdf824,854778689611649472,_EOPKG_WI-UN-f1-5-78_loan_v1_v5_simulated_GATv2,_EOPKG_WI-UN-f1-5,78,train_candidate_target_in_candidate_set_rate,0,1781092568036,1.0
learn,EOPKG-WI,EOPKGTopologyConditionedWI,88e10c5c5b45467e935548e0decdf824,854778689611649472,_EOPKG_WI-UN-f1-5-78_loan_v1_v5_simulated_GATv2,_EOPKG_WI-UN-f1-5,78,train_candidate_target_in_candidate_set_rate,0,1781092680695,1.0
learn,EOPKG-WI,EOPKGTopologyConditionedWI,88e10c5c5b45467e935548e0decdf824,854778689611649472,_EOPKG_WI-UN-f1-5-78_loan_v1_v5_simulated_GATv2,_EOPKG_WI-UN-f1-5,78,train_candidate_target_in_candidate_set_rate,0,1781092680695,1.0
learn,EOPKG-WI,EOPKGTopologyConditionedWI,88e10c5c5b45467e935548e0decdf824,854778689611649472,_EOPKG_WI-UN-f1-5-78_loan_v1_v5_simulated_GATv2,_EOPKG_WI-UN-f1-5,78,train_candidate_target_in_candidate_set_rate,0,1781092793776,1.0
learn,EOPKG-WI,EOPKGTopologyConditionedWI,88e10c5c5b45467e935548e0decdf824,854778689611649472,_EOPKG_WI-UN-f1-5-78_loan_v1_v5_simulated_GATv2,_EOPKG_WI-UN-f1-5,78,train_candidate_target_in_candidate_set_rate,0,1781092793776,1.0
learn,EOPKG-WI,EOPKGTopologyConditionedWI,88e10c5c5b45467e935548e0decdf824,854778689611649472,_EOPKG_WI-UN-f1-5-78_loan_v1_v5_simulated_GATv2,_EOPKG_WI-UN-f1-5,78,train_candidate_target_in_candidate_set_rate,0,1781092915722,1.0
learn,EOPKG-WI,EOPKGTopologyConditionedWI,88e10c5c5b45467e935548e0decdf824,854778689611649472,_EOPKG_WI-UN-f1-5-78_loan_v1_v5_simulated_GATv2,_EOPKG_WI-UN-f1-5,78,train_candidate_target_in_candidate_set_rate,0,1781092915722,1.0
learn,EOPKG-WI,EOPKGTopologyConditionedWI,88e10c5c5b45467e935548e0decdf824,854778689611649472,_EOPKG_WI-UN-f1-5-78_loan_v1_v5_simulated_GATv2,_EOPKG_WI-UN-f1-5,78,train_candidate_target_in_candidate_set_rate,0,1781093034011,1.0
learn,EOPKG-WI,EOPKGTopologyConditionedWI,88e10c5c5b45467e935548e0decdf824,854778689611649472,_EOPKG_WI-UN-f1-5-78_loan_v1_v5_simulated_GATv2,_EOPKG_WI-UN-f1-5,78,train_candidate_target_in_candidate_set_rate,0,1781093034011,1.0
learn,EOPKG-WI,EOPKGTopologyConditionedWI,88e10c5c5b45467e935548e0decdf824,854778689611649472,_EOPKG_WI-UN-f1-5-78_loan_v1_v5_simulated_GATv2,_EOPKG_WI-UN-f1-5,78,train_candidate_target_in_candidate_set_rate,0,1781093150763,1.0
learn,EOPKG-WI,EOPKGTopologyConditionedWI,88e10c5c5b45467e935548e0decdf824,854778689611649472,_EOPKG_WI-UN-f1-5-78_loan_v1_v5_simulated_GATv2,_EOPKG_WI-UN-f1-5,78,train_candidate_target_in_candidate_set_rate,0,1781093150763,1.0
learn,EOPKG-WI,EOPKGTopologyConditionedWI,88e10c5c5b45467e935548e0decdf824,854778689611649472,_EOPKG_WI-UN-f1-5-78_loan_v1_v5_simulated_GATv2,_EOPKG_WI-UN-f1-5,78,train_candidate_target_in_candidate_set_rate,0,1781093258811,1.0
learn,EOPKG-WI,EOPKGTopologyConditionedWI,88e10c5c5b45467e935548e0decdf824,854778689611649472,_EOPKG_WI-UN-f1-5-78_loan_v1_v5_simulated_GATv2,_EOPKG_WI-UN-f1-5,78,train_candidate_target_in_candidate_set_rate,0,1781093258811,1.0
learn,EOPKG-WI,EOPKGTopologyConditionedWI,88e10c5c5b45467e935548e0decdf824,854778689611649472,_EOPKG_WI-UN-f1-5-78_loan_v1_v5_simulated_GATv2,_EOPKG_WI-UN-f1-5,78,train_candidate_target_in_candidate_set_rate,0,1781093361265,1.0
learn,EOPKG-WI,EOPKGTopologyConditionedWI,88e10c5c5b45467e935548e0decdf824,854778689611649472,_EOPKG_WI-UN-f1-5-78_loan_v1_v5_simulated_GATv2,_EOPKG_WI-UN-f1-5,78,train_candidate_target_in_candidate_set_rate,0,1781093361265,1.0
learn,EOPKG-WI,EOPKGTopologyConditionedWI,88e10c5c5b45467e935548e0decdf824,854778689611649472,_EOPKG_WI-UN-f1-5-78_loan_v1_v5_simulated_GATv2,_EOPKG_WI-UN-f1-5,78,train_candidate_target_in_candidate_set_rate,0,1781093463383,1.0
learn,EOPKG-WI,EOPKGTopologyConditionedWI,88e10c5c5b45467e935548e0decdf824,854778689611649472,_EOPKG_WI-UN-f1-5-78_loan_v1_v5_simulated_GATv2,_EOPKG_WI-UN-f1-5,78,train_candidate_target_in_candidate_set_rate,0,1781093463383,1.0
learn,EOPKG-WI,EOPKGTopologyConditionedWI,88e10c5c5b45467e935548e0decdf824,854778689611649472,_EOPKG_WI-UN-f1-5-78_loan_v1_v5_simulated_GATv2,_EOPKG_WI-UN-f1-5,78,train_candidate_target_in_candidate_set_rate,0,1781093575232,1.0
learn,EOPKG-WI,EOPKGTopologyConditionedWI,88e10c5c5b45467e935548e0decdf824,854778689611649472,_EOPKG_WI-UN-f1-5-78_loan_v1_v5_simulated_GATv2,_EOPKG_WI-UN-f1-5,78,train_candidate_target_in_candidate_set_rate,0,1781093575232,1.0
learn,EOPKG-WI,EOPKGTopologyConditionedWI,88e10c5c5b45467e935548e0decdf824,854778689611649472,_EOPKG_WI-UN-f1-5-78_loan_v1_v5_simulated_GATv2,_EOPKG_WI-UN-f1-5,78,train_candidate_target_in_candidate_set_rate,0,1781093684176,1.0
learn,EOPKG-WI,EOPKGTopologyConditionedWI,88e10c5c5b45467e935548e0decdf824,854778689611649472,_EOPKG_WI-UN-f1-5-78_loan_v1_v5_simulated_GATv2,_EOPKG_WI-UN-f1-5,78,train_candidate_target_in_candidate_set_rate,0,1781093684176,1.0
learn,EOPKG-WI,EOPKGTopologyConditionedWI,88e10c5c5b45467e935548e0decdf824,854778689611649472,_EOPKG_WI-UN-f1-5-78_loan_v1_v5_simulated_GATv2,_EOPKG_WI-UN-f1-5,78,train_candidate_target_in_candidate_set_rate,0,1781093798743,1.0
learn,EOPKG-WI,EOPKGTopologyConditionedWI,88e10c5c5b45467e935548e0decdf824,854778689611649472,_EOPKG_WI-UN-f1-5-78_loan_v1_v5_simulated_GATv2,_EOPKG_WI-UN-f1-5,78,train_candidate_target_in_candidate_set_rate,0,1781093798743,1.0
learn,EOPKG-WI,EOPKGTopologyConditionedWI,88e10c5c5b45467e935548e0decdf824,854778689611649472,_EOPKG_WI-UN-f1-5-78_loan_v1_v5_simulated_GATv2,_EOPKG_WI-UN-f1-5,78,train_candidate_target_in_candidate_set_rate,0,1781093927941,1.0
learn,EOPKG-WI,EOPKGTopologyConditionedWI,88e10c5c5b45467e935548e0decdf824,854778689611649472,_EOPKG_WI-UN-f1-5-78_loan_v1_v5_simulated_GATv2,_EOPKG_WI-UN-f1-5,78,train_candidate_target_in_candidate_set_rate,0,1781093927941,1.0
learn,EOPKG-WI,EOPKGTopologyConditionedWI,88e10c5c5b45467e935548e0decdf824,854778689611649472,_EOPKG_WI-UN-f1-5-78_loan_v1_v5_simulated_GATv2,_EOPKG_WI-UN-f1-5,78,train_candidate_target_in_candidate_set_rate,0,1781094041111,1.0
learn,EOPKG-WI,EOPKGTopologyConditionedWI,88e10c5c5b45467e935548e0decdf824,854778689611649472,_EOPKG_WI-UN-f1-5-78_loan_v1_v5_simulated_GATv2,_EOPKG_WI-UN-f1-5,78,train_candidate_target_in_candidate_set_rate,0,1781094041111,1.0
learn,EOPKG-WI,EOPKGTopologyConditionedWI,88e10c5c5b45467e935548e0decdf824,854778689611649472,_EOPKG_WI-UN-f1-5-78_loan_v1_v5_simulated_GATv2,_EOPKG_WI-UN-f1-5,78,train_candidate_target_in_candidate_set_rate,0,1781094183726,1.0
learn,EOPKG-WI,EOPKGTopologyConditionedWI,88e10c5c5b45467e935548e0decdf824,854778689611649472,_EOPKG_WI-UN-f1-5-78_loan_v1_v5_simulated_GATv2,_EOPKG_WI-UN-f1-5,78,train_candidate_target_in_candidate_set_rate,0,1781094183726,1.0
learn,EOPKG-WI,EOPKGTopologyConditionedWI,88e10c5c5b45467e935548e0decdf824,854778689611649472,_EOPKG_WI-UN-f1-5-78_loan_v1_v5_simulated_GATv2,_EOPKG_WI-UN-f1-5,78,train_candidate_target_in_candidate_set_rate,0,1781094357960,1.0
learn,EOPKG-WI,EOPKGTopologyConditionedWI,88e10c5c5b45467e935548e0decdf824,854778689611649472,_EOPKG_WI-UN-f1-5-78_loan_v1_v5_simulated_GATv2,_EOPKG_WI-UN-f1-5,78,train_candidate_target_in_candidate_set_rate,0,1781094357960,1.0
learn,EOPKG-WI,EOPKGTopologyConditionedWI,88e10c5c5b45467e935548e0decdf824,854778689611649472,_EOPKG_WI-UN-f1-5-78_loan_v1_v5_simulated_GATv2,_EOPKG_WI-UN-f1-5,78,train_candidate_target_in_candidate_set_rate,0,1781094544285,1.0
learn,EOPKG-WI,EOPKGTopologyConditionedWI,88e10c5c5b45467e935548e0decdf824,854778689611649472,_EOPKG_WI-UN-f1-5-78_loan_v1_v5_simulated_GATv2,_EOPKG_WI-UN-f1-5,78,train_candidate_target_in_candidate_set_rate,0,1781094544285,1.0
learn,EOPKG-WI,EOPKGTopologyConditionedWI,88e10c5c5b45467e935548e0decdf824,854778689611649472,_EOPKG_WI-UN-f1-5-78_loan_v1_v5_simulated_GATv2,_EOPKG_WI-UN-f1-5,78,train_candidate_target_in_candidate_set_rate,0,1781094710085,1.0
learn,EOPKG-WI,EOPKGTopologyConditionedWI,88e10c5c5b45467e935548e0decdf824,854778689611649472,_EOPKG_WI-UN-f1-5-78_loan_v1_v5_simulated_GATv2,_EOPKG_WI-UN-f1-5,78,train_candidate_target_in_candidate_set_rate,0,1781094710085,1.0
learn,EOPKG-WI,EOPKGTopologyConditionedWI,88e10c5c5b45467e935548e0decdf824,854778689611649472,_EOPKG_WI-UN-f1-5-78_loan_v1_v5_simulated_GATv2,_EOPKG_WI-UN-f1-5,78,train_candidate_target_in_candidate_set_rate,0,1781094824658,1.0
learn,EOPKG-WI,EOPKGTopologyConditionedWI,88e10c5c5b45467e935548e0decdf824,854778689611649472,_EOPKG_WI-UN-f1-5-78_loan_v1_v5_simulated_GATv2,_EOPKG_WI-UN-f1-5,78,train_candidate_target_in_candidate_set_rate,0,1781094824658,1.0
learn,EOPKG-WI,EOPKGTopologyConditionedWI,88e10c5c5b45467e935548e0decdf824,854778689611649472,_EOPKG_WI-UN-f1-5-78_loan_v1_v5_simulated_GATv2,_EOPKG_WI-UN-f1-5,78,train_candidate_target_in_candidate_set_rate,0,1781094946720,1.0
learn,EOPKG-WI,EOPKGTopologyConditionedWI,88e10c5c5b45467e935548e0decdf824,854778689611649472,_EOPKG_WI-UN-f1-5-78_loan_v1_v5_simulated_GATv2,_EOPKG_WI-UN-f1-5,78,train_candidate_target_in_candidate_set_rate,0,1781094946720,1.0
learn,EOPKG-WI,EOPKGTopologyConditionedWI,88e10c5c5b45467e935548e0decdf824,854778689611649472,_EOPKG_WI-UN-f1-5-78_loan_v1_v5_simulated_GATv2,_EOPKG_WI-UN-f1-5,78,train_candidate_target_in_candidate_set_rate,0,1781095065595,1.0
learn,EOPKG-WI,EOPKGTopologyConditionedWI,88e10c5c5b45467e935548e0decdf824,854778689611649472,_EOPKG_WI-UN-f1-5-78_loan_v1_v5_simulated_GATv2,_EOPKG_WI-UN-f1-5,78,train_candidate_target_in_candidate_set_rate,0,1781095065595,1.0
learn,EOPKG-WI,EOPKGTopologyConditionedWI,88e10c5c5b45467e935548e0decdf824,854778689611649472,_EOPKG_WI-UN-f1-5-78_loan_v1_v5_simulated_GATv2,_EOPKG_WI-UN-f1-5,78,train_candidate_target_in_candidate_set_rate,0,1781095197634,1.0
learn,EOPKG-WI,EOPKGTopologyConditionedWI,88e10c5c5b45467e935548e0decdf824,854778689611649472,_EOPKG_WI-UN-f1-5-78_loan_v1_v5_simulated_GATv2,_EOPKG_WI-UN-f1-5,78,train_candidate_target_in_candidate_set_rate,0,1781095197634,1.0
learn,EOPKG-WI,EOPKGTopologyConditionedWI,88e10c5c5b45467e935548e0decdf824,854778689611649472,_EOPKG_WI-UN-f1-5-78_loan_v1_v5_simulated_GATv2,_EOPKG_WI-UN-f1-5,78,train_candidate_target_in_candidate_set_rate,0,1781095304788,1.0
learn,EOPKG-WI,EOPKGTopologyConditionedWI,88e10c5c5b45467e935548e0decdf824,854778689611649472,_EOPKG_WI-UN-f1-5-78_loan_v1_v5_simulated_GATv2,_EOPKG_WI-UN-f1-5,78,train_candidate_target_in_candidate_set_rate,0,1781095304788,1.0
learn,EOPKG-WI,EOPKGTopologyConditionedWI,88e10c5c5b45467e935548e0decdf824,854778689611649472,_EOPKG_WI-UN-f1-5-78_loan_v1_v5_simulated_GATv2,_EOPKG_WI-UN-f1-5,78,train_candidate_target_in_candidate_set_rate,0,1781095407987,1.0
learn,EOPKG-WI,EOPKGTopologyConditionedWI,88e10c5c5b45467e935548e0decdf824,854778689611649472,_EOPKG_WI-UN-f1-5-78_loan_v1_v5_simulated_GATv2,_EOPKG_WI-UN-f1-5,78,train_candidate_target_in_candidate_set_rate,0,1781095407987,1.0
learn,EOPKG-WI,EOPKGTopologyConditionedWI,88e10c5c5b45467e935548e0decdf824,854778689611649472,_EOPKG_WI-UN-f1-5-78_loan_v1_v5_simulated_GATv2,_EOPKG_WI-UN-f1-5,78,train_candidate_target_in_candidate_set_rate,0,1781095511836,1.0
learn,EOPKG-WI,EOPKGTopologyConditionedWI,88e10c5c5b45467e935548e0decdf824,854778689611649472,_EOPKG_WI-UN-f1-5-78_loan_v1_v5_simulated_GATv2,_EOPKG_WI-UN-f1-5,78,train_candidate_target_in_candidate_set_rate,0,1781095511836,1.0
learn,EOPKG-WI,EOPKGTopologyConditionedWI,88e10c5c5b45467e935548e0decdf824,854778689611649472,_EOPKG_WI-UN-f1-5-78_loan_v1_v5_simulated_GATv2,_EOPKG_WI-UN-f1-5,78,train_candidate_target_in_candidate_set_rate,0,1781095612211,1.0
learn,EOPKG-WI,EOPKGTopologyConditionedWI,88e10c5c5b45467e935548e0decdf824,854778689611649472,_EOPKG_WI-UN-f1-5-78_loan_v1_v5_simulated_GATv2,_EOPKG_WI-UN-f1-5,78,train_candidate_target_in_candidate_set_rate,0,1781095612211,1.0
learn,EOPKG-WI,EOPKGTopologyConditionedWI,88e10c5c5b45467e935548e0decdf824,854778689611649472,_EOPKG_WI-UN-f1-5-78_loan_v1_v5_simulated_GATv2,_EOPKG_WI-UN-f1-5,78,train_candidate_target_in_candidate_set_rate,0,1781095711926,1.0
learn,EOPKG-WI,EOPKGTopologyConditionedWI,88e10c5c5b45467e935548e0decdf824,854778689611649472,_EOPKG_WI-UN-f1-5-78_loan_v1_v5_simulated_GATv2,_EOPKG_WI-UN-f1-5,78,train_candidate_target_in_candidate_set_rate,0,1781095711926,1.0
learn,EOPKG-WI,EOPKGTopologyConditionedWI,88e10c5c5b45467e935548e0decdf824,854778689611649472,_EOPKG_WI-UN-f1-5-78_loan_v1_v5_simulated_GATv2,_EOPKG_WI-UN-f1-5,78,train_candidate_target_in_candidate_set_rate,0,1781095811239,1.0
learn,EOPKG-WI,EOPKGTopologyConditionedWI,88e10c5c5b45467e935548e0decdf824,854778689611649472,_EOPKG_WI-UN-f1-5-78_loan_v1_v5_simulated_GATv2,_EOPKG_WI-UN-f1-5,78,train_candidate_target_in_candidate_set_rate,0,1781095811239,1.0
learn,EOPKG-WI,EOPKGTopologyConditionedWI,88e10c5c5b45467e935548e0decdf824,854778689611649472,_EOPKG_WI-UN-f1-5-78_loan_v1_v5_simulated_GATv2,_EOPKG_WI-UN-f1-5,78,train_candidate_target_in_candidate_set_rate,0,1781095909444,1.0
learn,EOPKG-WI,EOPKGTopologyConditionedWI,88e10c5c5b45467e935548e0decdf824,854778689611649472,_EOPKG_WI-UN-f1-5-78_loan_v1_v5_simulated_GATv2,_EOPKG_WI-UN-f1-5,78,train_candidate_target_in_candidate_set_rate,0,1781095909444,1.0
learn,EOPKG-WI,EOPKGTopologyConditionedWI,88e10c5c5b45467e935548e0decdf824,854778689611649472,_EOPKG_WI-UN-f1-5-78_loan_v1_v5_simulated_GATv2,_EOPKG_WI-UN-f1-5,78,train_candidate_target_in_candidate_set_rate,0,1781096007825,1.0
learn,EOPKG-WI,EOPKGTopologyConditionedWI,88e10c5c5b45467e935548e0decdf824,854778689611649472,_EOPKG_WI-UN-f1-5-78_loan_v1_v5_simulated_GATv2,_EOPKG_WI-UN-f1-5,78,train_candidate_target_in_candidate_set_rate,0,1781096007825,1.0
learn,EOPKG-WI,EOPKGTopologyConditionedWI,88e10c5c5b45467e935548e0decdf824,854778689611649472,_EOPKG_WI-UN-f1-5-78_loan_v1_v5_simulated_GATv2,_EOPKG_WI-UN-f1-5,78,train_candidate_target_in_candidate_set_rate,0,1781096106913,1.0
learn,EOPKG-WI,EOPKGTopologyConditionedWI,88e10c5c5b45467e935548e0decdf824,854778689611649472,_EOPKG_WI-UN-f1-5-78_loan_v1_v5_simulated_GATv2,_EOPKG_WI-UN-f1-5,78,train_candidate_target_in_candidate_set_rate,0,1781096106913,1.0
learn,EOPKG-WI,EOPKGTopologyConditionedWI,88e10c5c5b45467e935548e0decdf824,854778689611649472,_EOPKG_WI-UN-f1-5-78_loan_v1_v5_simulated_GATv2,_EOPKG_WI-UN-f1-5,78,train_candidate_target_in_candidate_set_rate,0,1781096206202,1.0
learn,EOPKG-WI,EOPKGTopologyConditionedWI,88e10c5c5b45467e935548e0decdf824,854778689611649472,_EOPKG_WI-UN-f1-5-78_loan_v1_v5_simulated_GATv2,_EOPKG_WI-UN-f1-5,78,train_candidate_target_in_candidate_set_rate,0,1781096206202,1.0
learn,EOPKG-WI,EOPKGTopologyConditionedWI,88e10c5c5b45467e935548e0decdf824,854778689611649472,_EOPKG_WI-UN-f1-5-78_loan_v1_v5_simulated_GATv2,_EOPKG_WI-UN-f1-5,78,train_candidate_target_in_candidate_set_rate,0,1781096304094,1.0
learn,EOPKG-WI,EOPKGTopologyConditionedWI,88e10c5c5b45467e935548e0decdf824,854778689611649472,_EOPKG_WI-UN-f1-5-78_loan_v1_v5_simulated_GATv2,_EOPKG_WI-UN-f1-5,78,train_candidate_target_in_candidate_set_rate,0,1781096304094,1.0
learn,EOPKG-WI,EOPKGTopologyConditionedWI,88e10c5c5b45467e935548e0decdf824,854778689611649472,_EOPKG_WI-UN-f1-5-78_loan_v1_v5_simulated_GATv2,_EOPKG_WI-UN-f1-5,78,train_candidate_target_in_candidate_set_rate,0,1781096402747,1.0
learn,EOPKG-WI,EOPKGTopologyConditionedWI,88e10c5c5b45467e935548e0decdf824,854778689611649472,_EOPKG_WI-UN-f1-5-78_loan_v1_v5_simulated_GATv2,_EOPKG_WI-UN-f1-5,78,train_candidate_target_in_candidate_set_rate,0,1781096402747,1.0
learn,EOPKG-WI,EOPKGTopologyConditionedWI,88e10c5c5b45467e935548e0decdf824,854778689611649472,_EOPKG_WI-UN-f1-5-78_loan_v1_v5_simulated_GATv2,_EOPKG_WI-UN-f1-5,78,train_candidate_target_in_candidate_set_rate,0,1781096502047,1.0
learn,EOPKG-WI,EOPKGTopologyConditionedWI,88e10c5c5b45467e935548e0decdf824,854778689611649472,_EOPKG_WI-UN-f1-5-78_loan_v1_v5_simulated_GATv2,_EOPKG_WI-UN-f1-5,78,train_candidate_target_in_candidate_set_rate,0,1781096502047,1.0
learn,EOPKG-WI,EOPKGTopologyConditionedWI,88e10c5c5b45467e935548e0decdf824,854778689611649472,_EOPKG_WI-UN-f1-5-78_loan_v1_v5_simulated_GATv2,_EOPKG_WI-UN-f1-5,78,train_candidate_target_in_candidate_set_rate,0,1781096600479,1.0
learn,EOPKG-WI,EOPKGTopologyConditionedWI,88e10c5c5b45467e935548e0decdf824,854778689611649472,_EOPKG_WI-UN-f1-5-78_loan_v1_v5_simulated_GATv2,_EOPKG_WI-UN-f1-5,78,train_candidate_target_in_candidate_set_rate,0,1781096600479,1.0
learn,EOPKG-WI,EOPKGTopologyConditionedWI,88e10c5c5b45467e935548e0decdf824,854778689611649472,_EOPKG_WI-UN-f1-5-78_loan_v1_v5_simulated_GATv2,_EOPKG_WI-UN-f1-5,78,train_candidate_target_in_candidate_set_rate,0,1781096699801,1.0
learn,EOPKG-WI,EOPKGTopologyConditionedWI,88e10c5c5b45467e935548e0decdf824,854778689611649472,_EOPKG_WI-UN-f1-5-78_loan_v1_v5_simulated_GATv2,_EOPKG_WI-UN-f1-5,78,train_candidate_target_in_candidate_set_rate,0,1781096699801,1.0
learn,EOPKG-WI,EOPKGTopologyConditionedWI,88e10c5c5b45467e935548e0decdf824,854778689611649472,_EOPKG_WI-UN-f1-5-78_loan_v1_v5_simulated_GATv2,_EOPKG_WI-UN-f1-5,78,train_candidate_target_in_candidate_set_rate,0,1781096798674,1.0
learn,EOPKG-WI,EOPKGTopologyConditionedWI,88e10c5c5b45467e935548e0decdf824,854778689611649472,_EOPKG_WI-UN-f1-5-78_loan_v1_v5_simulated_GATv2,_EOPKG_WI-UN-f1-5,78,train_candidate_target_in_candidate_set_rate,0,1781096798674,1.0
learn,EOPKG-WI,EOPKGTopologyConditionedWI,88e10c5c5b45467e935548e0decdf824,854778689611649472,_EOPKG_WI-UN-f1-5-78_loan_v1_v5_simulated_GATv2,_EOPKG_WI-UN-f1-5,78,train_candidate_target_in_candidate_set_rate,0,1781096897652,1.0
learn,EOPKG-WI,EOPKGTopologyConditionedWI,88e10c5c5b45467e935548e0decdf824,854778689611649472,_EOPKG_WI-UN-f1-5-78_loan_v1_v5_simulated_GATv2,_EOPKG_WI-UN-f1-5,78,train_candidate_target_in_candidate_set_rate,0,1781096897652,1.0
learn,EOPKG-WI,EOPKGTopologyConditionedWI,88e10c5c5b45467e935548e0decdf824,854778689611649472,_EOPKG_WI-UN-f1-5-78_loan_v1_v5_simulated_GATv2,_EOPKG_WI-UN-f1-5,78,train_candidate_target_in_candidate_set_rate,0,1781096996907,1.0
learn,EOPKG-WI,EOPKGTopologyConditionedWI,88e10c5c5b45467e935548e0decdf824,854778689611649472,_EOPKG_WI-UN-f1-5-78_loan_v1_v5_simulated_GATv2,_EOPKG_WI-UN-f1-5,78,train_candidate_target_in_candidate_set_rate,0,1781096996907,1.0
learn,EOPKG-WI,EOPKGTopologyConditionedWI,88e10c5c5b45467e935548e0decdf824,854778689611649472,_EOPKG_WI-UN-f1-5-78_loan_v1_v5_simulated_GATv2,_EOPKG_WI-UN-f1-5,78,train_candidate_target_in_candidate_set_rate,0,1781097095943,1.0
learn,EOPKG-WI,EOPKGTopologyConditionedWI,88e10c5c5b45467e935548e0decdf824,854778689611649472,_EOPKG_WI-UN-f1-5-78_loan_v1_v5_simulated_GATv2,_EOPKG_WI-UN-f1-5,78,train_candidate_target_in_candidate_set_rate,0,1781097095943,1.0
learn,EOPKG-WI,EOPKGTopologyConditionedWI,88e10c5c5b45467e935548e0decdf824,854778689611649472,_EOPKG_WI-UN-f1-5-78_loan_v1_v5_simulated_GATv2,_EOPKG_WI-UN-f1-5,78,train_candidate_target_in_candidate_set_rate,0,1781097196749,1.0
learn,EOPKG-WI,EOPKGTopologyConditionedWI,88e10c5c5b45467e935548e0decdf824,854778689611649472,_EOPKG_WI-UN-f1-5-78_loan_v1_v5_simulated_GATv2,_EOPKG_WI-UN-f1-5,78,train_candidate_target_in_candidate_set_rate,0,1781097196749,1.0
learn,EOPKG-WI,EOPKGTopologyConditionedWI,88e10c5c5b45467e935548e0decdf824,854778689611649472,_EOPKG_WI-UN-f1-5-78_loan_v1_v5_simulated_GATv2,_EOPKG_WI-UN-f1-5,78,train_candidate_target_in_candidate_set_rate,0,1781097296498,1.0
learn,EOPKG-WI,EOPKGTopologyConditionedWI,88e10c5c5b45467e935548e0decdf824,854778689611649472,_EOPKG_WI-UN-f1-5-78_loan_v1_v5_simulated_GATv2,_EOPKG_WI-UN-f1-5,78,train_candidate_target_in_candidate_set_rate,0,1781097296498,1.0
learn,EOPKG-WI,EOPKGTopologyConditionedWI,88e10c5c5b45467e935548e0decdf824,854778689611649472,_EOPKG_WI-UN-f1-5-78_loan_v1_v5_simulated_GATv2,_EOPKG_WI-UN-f1-5,78,train_candidate_target_in_candidate_set_rate,0,1781097396695,1.0
learn,EOPKG-WI,EOPKGTopologyConditionedWI,88e10c5c5b45467e935548e0decdf824,854778689611649472,_EOPKG_WI-UN-f1-5-78_loan_v1_v5_simulated_GATv2,_EOPKG_WI-UN-f1-5,78,train_candidate_target_in_candidate_set_rate,0,1781097396695,1.0
learn,EOPKG-WI,EOPKGTopologyConditionedWI,88e10c5c5b45467e935548e0decdf824,854778689611649472,_EOPKG_WI-UN-f1-5-78_loan_v1_v5_simulated_GATv2,_EOPKG_WI-UN-f1-5,78,train_candidate_target_in_candidate_set_rate,0,1781097495854,1.0
learn,EOPKG-WI,EOPKGTopologyConditionedWI,88e10c5c5b45467e935548e0decdf824,854778689611649472,_EOPKG_WI-UN-f1-5-78_loan_v1_v5_simulated_GATv2,_EOPKG_WI-UN-f1-5,78,train_candidate_target_in_candidate_set_rate,0,1781097495854,1.0
learn,EOPKG-WI,EOPKGTopologyConditionedWI,88e10c5c5b45467e935548e0decdf824,854778689611649472,_EOPKG_WI-UN-f1-5-78_loan_v1_v5_simulated_GATv2,_EOPKG_WI-UN-f1-5,78,train_candidate_target_in_candidate_set_rate,0,1781097595129,1.0
learn,EOPKG-WI,EOPKGTopologyConditionedWI,88e10c5c5b45467e935548e0decdf824,854778689611649472,_EOPKG_WI-UN-f1-5-78_loan_v1_v5_simulated_GATv2,_EOPKG_WI-UN-f1-5,78,train_candidate_target_in_candidate_set_rate,0,1781097595129,1.0
learn,EOPKG-WI,EOPKGTopologyConditionedWI,8b07202c23874e298ad9b3445b49872d,854778689611649472,_EOPKG_WI-UN-f1-5-42_loan_v1_v5_simulated_GATv2,_EOPKG_WI-UN-f1-5,42,train_candidate_target_in_candidate_set_rate,0,1781630522965,1.0
learn,EOPKG-WI,EOPKGTopologyConditionedWI,8b07202c23874e298ad9b3445b49872d,854778689611649472,_EOPKG_WI-UN-f1-5-42_loan_v1_v5_simulated_GATv2,_EOPKG_WI-UN-f1-5,42,train_candidate_target_in_candidate_set_rate,0,1781630522965,1.0
learn,EOPKG-WI,EOPKGTopologyConditionedWI,8b07202c23874e298ad9b3445b49872d,854778689611649472,_EOPKG_WI-UN-f1-5-42_loan_v1_v5_simulated_GATv2,_EOPKG_WI-UN-f1-5,42,train_candidate_target_in_candidate_set_rate,0,1781630648315,1.0
learn,EOPKG-WI,EOPKGTopologyConditionedWI,8b07202c23874e298ad9b3445b49872d,854778689611649472,_EOPKG_WI-UN-f1-5-42_loan_v1_v5_simulated_GATv2,_EOPKG_WI-UN-f1-5,42,train_candidate_target_in_candidate_set_rate,0,1781630648315,1.0
learn,EOPKG-WI,EOPKGTopologyConditionedWI,8b07202c23874e298ad9b3445b49872d,854778689611649472,_EOPKG_WI-UN-f1-5-42_loan_v1_v5_simulated_GATv2,_EOPKG_WI-UN-f1-5,42,train_candidate_target_in_candidate_set_rate,0,1781630756938,1.0
learn,EOPKG-WI,EOPKGTopologyConditionedWI,8b07202c23874e298ad9b3445b49872d,854778689611649472,_EOPKG_WI-UN-f1-5-42_loan_v1_v5_simulated_GATv2,_EOPKG_WI-UN-f1-5,42,train_candidate_target_in_candidate_set_rate,0,1781630756938,1.0
learn,EOPKG-WI,EOPKGTopologyConditionedWI,8b07202c23874e298ad9b3445b49872d,854778689611649472,_EOPKG_WI-UN-f1-5-42_loan_v1_v5_simulated_GATv2,_EOPKG_WI-UN-f1-5,42,train_candidate_target_in_candidate_set_rate,0,1781630891857,1.0
learn,EOPKG-WI,EOPKGTopologyConditionedWI,8b07202c23874e298ad9b3445b49872d,854778689611649472,_EOPKG_WI-UN-f1-5-42_loan_v1_v5_simulated_GATv2,_EOPKG_WI-UN-f1-5,42,train_candidate_target_in_candidate_set_rate,0,1781630891857,1.0
learn,EOPKG-WI,EOPKGTopologyConditionedWI,8b07202c23874e298ad9b3445b49872d,854778689611649472,_EOPKG_WI-UN-f1-5-42_loan_v1_v5_simulated_GATv2,_EOPKG_WI-UN-f1-5,42,train_candidate_target_in_candidate_set_rate,0,1781631007922,1.0
learn,EOPKG-WI,EOPKGTopologyConditionedWI,8b07202c23874e298ad9b3445b49872d,854778689611649472,_EOPKG_WI-UN-f1-5-42_loan_v1_v5_simulated_GATv2,_EOPKG_WI-UN-f1-5,42,train_candidate_target_in_candidate_set_rate,0,1781631007922,1.0
learn,EOPKG-WI,EOPKGTopologyConditionedWI,8b07202c23874e298ad9b3445b49872d,854778689611649472,_EOPKG_WI-UN-f1-5-42_loan_v1_v5_simulated_GATv2,_EOPKG_WI-UN-f1-5,42,train_candidate_target_in_candidate_set_rate,0,1781631171640,1.0
learn,EOPKG-WI,EOPKGTopologyConditionedWI,8b07202c23874e298ad9b3445b49872d,854778689611649472,_EOPKG_WI-UN-f1-5-42_loan_v1_v5_simulated_GATv2,_EOPKG_WI-UN-f1-5,42,train_candidate_target_in_candidate_set_rate,0,1781631171640,1.0
learn,EOPKG-WI,EOPKGTopologyConditionedWI,8b07202c23874e298ad9b3445b49872d,854778689611649472,_EOPKG_WI-UN-f1-5-42_loan_v1_v5_simulated_GATv2,_EOPKG_WI-UN-f1-5,42,train_candidate_target_in_candidate_set_rate,0,1781631306590,1.0
learn,EOPKG-WI,EOPKGTopologyConditionedWI,8b07202c23874e298ad9b3445b49872d,854778689611649472,_EOPKG_WI-UN-f1-5-42_loan_v1_v5_simulated_GATv2,_EOPKG_WI-UN-f1-5,42,train_candidate_target_in_candidate_set_rate,0,1781631306590,1.0
learn,EOPKG-WI,EOPKGTopologyConditionedWI,8b07202c23874e298ad9b3445b49872d,854778689611649472,_EOPKG_WI-UN-f1-5-42_loan_v1_v5_simulated_GATv2,_EOPKG_WI-UN-f1-5,42,train_candidate_target_in_candidate_set_rate,0,1781631445360,1.0
learn,EOPKG-WI,EOPKGTopologyConditionedWI,8b07202c23874e298ad9b3445b49872d,854778689611649472,_EOPKG_WI-UN-f1-5-42_loan_v1_v5_simulated_GATv2,_EOPKG_WI-UN-f1-5,42,train_candidate_target_in_candidate_set_rate,0,1781631445360,1.0
learn,EOPKG-WI,EOPKGTopologyConditionedWI,8b07202c23874e298ad9b3445b49872d,854778689611649472,_EOPKG_WI-UN-f1-5-42_loan_v1_v5_simulated_GATv2,_EOPKG_WI-UN-f1-5,42,train_candidate_target_in_candidate_set_rate,0,1781631595637,1.0
learn,EOPKG-WI,EOPKGTopologyConditionedWI,8b07202c23874e298ad9b3445b49872d,854778689611649472,_EOPKG_WI-UN-f1-5-42_loan_v1_v5_simulated_GATv2,_EOPKG_WI-UN-f1-5,42,train_candidate_target_in_candidate_set_rate,0,1781631595637,1.0
learn,EOPKG-WI,EOPKGTopologyConditionedWI,8b07202c23874e298ad9b3445b49872d,854778689611649472,_EOPKG_WI-UN-f1-5-42_loan_v1_v5_simulated_GATv2,_EOPKG_WI-UN-f1-5,42,train_candidate_target_in_candidate_set_rate,0,1781631735514,1.0
learn,EOPKG-WI,EOPKGTopologyConditionedWI,8b07202c23874e298ad9b3445b49872d,854778689611649472,_EOPKG_WI-UN-f1-5-42_loan_v1_v5_simulated_GATv2,_EOPKG_WI-UN-f1-5,42,train_candidate_target_in_candidate_set_rate,0,1781631735514,1.0
learn,EOPKG-WI,EOPKGTopologyConditionedWI,8b07202c23874e298ad9b3445b49872d,854778689611649472,_EOPKG_WI-UN-f1-5-42_loan_v1_v5_simulated_GATv2,_EOPKG_WI-UN-f1-5,42,train_candidate_target_in_candidate_set_rate,0,1781631879340,1.0
learn,EOPKG-WI,EOPKGTopologyConditionedWI,8b07202c23874e298ad9b3445b49872d,854778689611649472,_EOPKG_WI-UN-f1-5-42_loan_v1_v5_simulated_GATv2,_EOPKG_WI-UN-f1-5,42,train_candidate_target_in_candidate_set_rate,0,1781631879340,1.0
learn,EOPKG-WI,EOPKGTopologyConditionedWI,8b07202c23874e298ad9b3445b49872d,854778689611649472,_EOPKG_WI-UN-f1-5-42_loan_v1_v5_simulated_GATv2,_EOPKG_WI-UN-f1-5,42,train_candidate_target_in_candidate_set_rate,0,1781632016060,1.0
learn,EOPKG-WI,EOPKGTopologyConditionedWI,8b07202c23874e298ad9b3445b49872d,854778689611649472,_EOPKG_WI-UN-f1-5-42_loan_v1_v5_simulated_GATv2,_EOPKG_WI-UN-f1-5,42,train_candidate_target_in_candidate_set_rate,0,1781632016060,1.0
learn,EOPKG-WI,EOPKGTopologyConditionedWI,8b07202c23874e298ad9b3445b49872d,854778689611649472,_EOPKG_WI-UN-f1-5-42_loan_v1_v5_simulated_GATv2,_EOPKG_WI-UN-f1-5,42,train_candidate_target_in_candidate_set_rate,0,1781632161897,1.0
learn,EOPKG-WI,EOPKGTopologyConditionedWI,8b07202c23874e298ad9b3445b49872d,854778689611649472,_EOPKG_WI-UN-f1-5-42_loan_v1_v5_simulated_GATv2,_EOPKG_WI-UN-f1-5,42,train_candidate_target_in_candidate_set_rate,0,1781632161897,1.0
learn,EOPKG-WI,EOPKGTopologyConditionedWI,8b07202c23874e298ad9b3445b49872d,854778689611649472,_EOPKG_WI-UN-f1-5-42_loan_v1_v5_simulated_GATv2,_EOPKG_WI-UN-f1-5,42,train_candidate_target_in_candidate_set_rate,0,1781632310939,1.0
learn,EOPKG-WI,EOPKGTopologyConditionedWI,8b07202c23874e298ad9b3445b49872d,854778689611649472,_EOPKG_WI-UN-f1-5-42_loan_v1_v5_simulated_GATv2,_EOPKG_WI-UN-f1-5,42,train_candidate_target_in_candidate_set_rate,0,1781632310939,1.0
learn,EOPKG-WI,EOPKGTopologyConditionedWI,8b07202c23874e298ad9b3445b49872d,854778689611649472,_EOPKG_WI-UN-f1-5-42_loan_v1_v5_simulated_GATv2,_EOPKG_WI-UN-f1-5,42,train_candidate_target_in_candidate_set_rate,0,1781632443963,1.0
learn,EOPKG-WI,EOPKGTopologyConditionedWI,8b07202c23874e298ad9b3445b49872d,854778689611649472,_EOPKG_WI-UN-f1-5-42_loan_v1_v5_simulated_GATv2,_EOPKG_WI-UN-f1-5,42,train_candidate_target_in_candidate_set_rate,0,1781632443963,1.0
learn,EOPKG-WI,EOPKGTopologyConditionedWI,8b07202c23874e298ad9b3445b49872d,854778689611649472,_EOPKG_WI-UN-f1-5-42_loan_v1_v5_simulated_GATv2,_EOPKG_WI-UN-f1-5,42,train_candidate_target_in_candidate_set_rate,0,1781632586244,1.0
learn,EOPKG-WI,EOPKGTopologyConditionedWI,8b07202c23874e298ad9b3445b49872d,854778689611649472,_EOPKG_WI-UN-f1-5-42_loan_v1_v5_simulated_GATv2,_EOPKG_WI-UN-f1-5,42,train_candidate_target_in_candidate_set_rate,0,1781632586244,1.0
learn,EOPKG-WI,EOPKGTopologyConditionedWI,8b07202c23874e298ad9b3445b49872d,854778689611649472,_EOPKG_WI-UN-f1-5-42_loan_v1_v5_simulated_GATv2,_EOPKG_WI-UN-f1-5,42,train_candidate_target_in_candidate_set_rate,0,1781632766821,1.0
learn,EOPKG-WI,EOPKGTopologyConditionedWI,8b07202c23874e298ad9b3445b49872d,854778689611649472,_EOPKG_WI-UN-f1-5-42_loan_v1_v5_simulated_GATv2,_EOPKG_WI-UN-f1-5,42,train_candidate_target_in_candidate_set_rate,0,1781632766821,1.0
learn,EOPKG-WI,EOPKGTopologyConditionedWI,8b07202c23874e298ad9b3445b49872d,854778689611649472,_EOPKG_WI-UN-f1-5-42_loan_v1_v5_simulated_GATv2,_EOPKG_WI-UN-f1-5,42,train_candidate_target_in_candidate_set_rate,0,1781632921890,1.0
learn,EOPKG-WI,EOPKGTopologyConditionedWI,8b07202c23874e298ad9b3445b49872d,854778689611649472,_EOPKG_WI-UN-f1-5-42_loan_v1_v5_simulated_GATv2,_EOPKG_WI-UN-f1-5,42,train_candidate_target_in_candidate_set_rate,0,1781632921890,1.0
learn,EOPKG-WI,EOPKGTopologyConditionedWI,8b07202c23874e298ad9b3445b49872d,854778689611649472,_EOPKG_WI-UN-f1-5-42_loan_v1_v5_simulated_GATv2,_EOPKG_WI-UN-f1-5,42,train_candidate_target_in_candidate_set_rate,0,1781633078386,1.0
learn,EOPKG-WI,EOPKGTopologyConditionedWI,8b07202c23874e298ad9b3445b49872d,854778689611649472,_EOPKG_WI-UN-f1-5-42_loan_v1_v5_simulated_GATv2,_EOPKG_WI-UN-f1-5,42,train_candidate_target_in_candidate_set_rate,0,1781633078386,1.0
learn,EOPKG-WI,EOPKGTopologyConditionedWI,8b07202c23874e298ad9b3445b49872d,854778689611649472,_EOPKG_WI-UN-f1-5-42_loan_v1_v5_simulated_GATv2,_EOPKG_WI-UN-f1-5,42,train_candidate_target_in_candidate_set_rate,0,1781633217876,1.0
learn,EOPKG-WI,EOPKGTopologyConditionedWI,8b07202c23874e298ad9b3445b49872d,854778689611649472,_EOPKG_WI-UN-f1-5-42_loan_v1_v5_simulated_GATv2,_EOPKG_WI-UN-f1-5,42,train_candidate_target_in_candidate_set_rate,0,1781633217876,1.0
learn,EOPKG-WI,EOPKGTopologyConditionedWI,8b07202c23874e298ad9b3445b49872d,854778689611649472,_EOPKG_WI-UN-f1-5-42_loan_v1_v5_simulated_GATv2,_EOPKG_WI-UN-f1-5,42,train_candidate_target_in_candidate_set_rate,0,1781633334817,1.0
learn,EOPKG-WI,EOPKGTopologyConditionedWI,8b07202c23874e298ad9b3445b49872d,854778689611649472,_EOPKG_WI-UN-f1-5-42_loan_v1_v5_simulated_GATv2,_EOPKG_WI-UN-f1-5,42,train_candidate_target_in_candidate_set_rate,0,1781633334817,1.0
learn,EOPKG-WI,EOPKGTopologyConditionedWI,8b07202c23874e298ad9b3445b49872d,854778689611649472,_EOPKG_WI-UN-f1-5-42_loan_v1_v5_simulated_GATv2,_EOPKG_WI-UN-f1-5,42,train_candidate_target_in_candidate_set_rate,0,1781633447839,1.0
learn,EOPKG-WI,EOPKGTopologyConditionedWI,8b07202c23874e298ad9b3445b49872d,854778689611649472,_EOPKG_WI-UN-f1-5-42_loan_v1_v5_simulated_GATv2,_EOPKG_WI-UN-f1-5,42,train_candidate_target_in_candidate_set_rate,0,1781633447839,1.0
learn,EOPKG-WI,EOPKGTopologyConditionedWI,8b07202c23874e298ad9b3445b49872d,854778689611649472,_EOPKG_WI-UN-f1-5-42_loan_v1_v5_simulated_GATv2,_EOPKG_WI-UN-f1-5,42,train_candidate_target_in_candidate_set_rate,0,1781633561494,1.0
learn,EOPKG-WI,EOPKGTopologyConditionedWI,8b07202c23874e298ad9b3445b49872d,854778689611649472,_EOPKG_WI-UN-f1-5-42_loan_v1_v5_simulated_GATv2,_EOPKG_WI-UN-f1-5,42,train_candidate_target_in_candidate_set_rate,0,1781633561494,1.0
learn,EOPKG-WI,EOPKGTopologyConditionedWI,8b07202c23874e298ad9b3445b49872d,854778689611649472,_EOPKG_WI-UN-f1-5-42_loan_v1_v5_simulated_GATv2,_EOPKG_WI-UN-f1-5,42,train_candidate_target_in_candidate_set_rate,0,1781633675625,1.0
learn,EOPKG-WI,EOPKGTopologyConditionedWI,8b07202c23874e298ad9b3445b49872d,854778689611649472,_EOPKG_WI-UN-f1-5-42_loan_v1_v5_simulated_GATv2,_EOPKG_WI-UN-f1-5,42,train_candidate_target_in_candidate_set_rate,0,1781633675625,1.0
learn,EOPKG-WI,EOPKGTopologyConditionedWI,8b07202c23874e298ad9b3445b49872d,854778689611649472,_EOPKG_WI-UN-f1-5-42_loan_v1_v5_simulated_GATv2,_EOPKG_WI-UN-f1-5,42,train_candidate_target_in_candidate_set_rate,0,1781633792673,1.0
learn,EOPKG-WI,EOPKGTopologyConditionedWI,8b07202c23874e298ad9b3445b49872d,854778689611649472,_EOPKG_WI-UN-f1-5-42_loan_v1_v5_simulated_GATv2,_EOPKG_WI-UN-f1-5,42,train_candidate_target_in_candidate_set_rate,0,1781633792673,1.0
learn,EOPKG-WI,EOPKGTopologyConditionedWI,8b07202c23874e298ad9b3445b49872d,854778689611649472,_EOPKG_WI-UN-f1-5-42_loan_v1_v5_simulated_GATv2,_EOPKG_WI-UN-f1-5,42,train_candidate_target_in_candidate_set_rate,0,1781633909931,1.0
learn,EOPKG-WI,EOPKGTopologyConditionedWI,8b07202c23874e298ad9b3445b49872d,854778689611649472,_EOPKG_WI-UN-f1-5-42_loan_v1_v5_simulated_GATv2,_EOPKG_WI-UN-f1-5,42,train_candidate_target_in_candidate_set_rate,0,1781633909931,1.0
learn,EOPKG-WI,EOPKGTopologyConditionedWI,8b07202c23874e298ad9b3445b49872d,854778689611649472,_EOPKG_WI-UN-f1-5-42_loan_v1_v5_simulated_GATv2,_EOPKG_WI-UN-f1-5,42,train_candidate_target_in_candidate_set_rate,0,1781634204752,1.0
learn,EOPKG-WI,EOPKGTopologyConditionedWI,8b07202c23874e298ad9b3445b49872d,854778689611649472,_EOPKG_WI-UN-f1-5-42_loan_v1_v5_simulated_GATv2,_EOPKG_WI-UN-f1-5,42,train_candidate_target_in_candidate_set_rate,0,1781634204752,1.0
learn,EOPKG-WI,EOPKGTopologyConditionedWI,8b07202c23874e298ad9b3445b49872d,854778689611649472,_EOPKG_WI-UN-f1-5-42_loan_v1_v5_simulated_GATv2,_EOPKG_WI-UN-f1-5,42,train_candidate_target_in_candidate_set_rate,0,1781634372672,1.0
learn,EOPKG-WI,EOPKGTopologyConditionedWI,8b07202c23874e298ad9b3445b49872d,854778689611649472,_EOPKG_WI-UN-f1-5-42_loan_v1_v5_simulated_GATv2,_EOPKG_WI-UN-f1-5,42,train_candidate_target_in_candidate_set_rate,0,1781634372672,1.0
learn,EOPKG-WI,EOPKGTopologyConditionedWI,8b07202c23874e298ad9b3445b49872d,854778689611649472,_EOPKG_WI-UN-f1-5-42_loan_v1_v5_simulated_GATv2,_EOPKG_WI-UN-f1-5,42,train_candidate_target_in_candidate_set_rate,0,1781634482676,1.0
learn,EOPKG-WI,EOPKGTopologyConditionedWI,8b07202c23874e298ad9b3445b49872d,854778689611649472,_EOPKG_WI-UN-f1-5-42_loan_v1_v5_simulated_GATv2,_EOPKG_WI-UN-f1-5,42,train_candidate_target_in_candidate_set_rate,0,1781634482676,1.0
learn,EOPKG-WI,EOPKGTopologyConditionedWI,8b07202c23874e298ad9b3445b49872d,854778689611649472,_EOPKG_WI-UN-f1-5-42_loan_v1_v5_simulated_GATv2,_EOPKG_WI-UN-f1-5,42,train_candidate_target_in_candidate_set_rate,0,1781634595278,1.0
learn,EOPKG-WI,EOPKGTopologyConditionedWI,8b07202c23874e298ad9b3445b49872d,854778689611649472,_EOPKG_WI-UN-f1-5-42_loan_v1_v5_simulated_GATv2,_EOPKG_WI-UN-f1-5,42,train_candidate_target_in_candidate_set_rate,0,1781634595278,1.0
learn,EOPKG-WI,EOPKGTopologyConditionedWI,8b07202c23874e298ad9b3445b49872d,854778689611649472,_EOPKG_WI-UN-f1-5-42_loan_v1_v5_simulated_GATv2,_EOPKG_WI-UN-f1-5,42,train_candidate_target_in_candidate_set_rate,0,1781634703330,1.0
learn,EOPKG-WI,EOPKGTopologyConditionedWI,8b07202c23874e298ad9b3445b49872d,854778689611649472,_EOPKG_WI-UN-f1-5-42_loan_v1_v5_simulated_GATv2,_EOPKG_WI-UN-f1-5,42,train_candidate_target_in_candidate_set_rate,0,1781634703330,1.0
learn,EOPKG-WI,EOPKGTopologyConditionedWI,8b07202c23874e298ad9b3445b49872d,854778689611649472,_EOPKG_WI-UN-f1-5-42_loan_v1_v5_simulated_GATv2,_EOPKG_WI-UN-f1-5,42,train_candidate_target_in_candidate_set_rate,0,1781634835669,1.0
learn,EOPKG-WI,EOPKGTopologyConditionedWI,8b07202c23874e298ad9b3445b49872d,854778689611649472,_EOPKG_WI-UN-f1-5-42_loan_v1_v5_simulated_GATv2,_EOPKG_WI-UN-f1-5,42,train_candidate_target_in_candidate_set_rate,0,1781634835669,1.0
learn,EOPKG-WI,EOPKGTopologyConditionedWI,8b07202c23874e298ad9b3445b49872d,854778689611649472,_EOPKG_WI-UN-f1-5-42_loan_v1_v5_simulated_GATv2,_EOPKG_WI-UN-f1-5,42,train_candidate_target_in_candidate_set_rate,0,1781635030572,1.0
learn,EOPKG-WI,EOPKGTopologyConditionedWI,8b07202c23874e298ad9b3445b49872d,854778689611649472,_EOPKG_WI-UN-f1-5-42_loan_v1_v5_simulated_GATv2,_EOPKG_WI-UN-f1-5,42,train_candidate_target_in_candidate_set_rate,0,1781635030572,1.0
learn,EOPKG-WI,EOPKGTopologyConditionedWI,8b07202c23874e298ad9b3445b49872d,854778689611649472,_EOPKG_WI-UN-f1-5-42_loan_v1_v5_simulated_GATv2,_EOPKG_WI-UN-f1-5,42,train_candidate_target_in_candidate_set_rate,0,1781635237176,1.0
learn,EOPKG-WI,EOPKGTopologyConditionedWI,8b07202c23874e298ad9b3445b49872d,854778689611649472,_EOPKG_WI-UN-f1-5-42_loan_v1_v5_simulated_GATv2,_EOPKG_WI-UN-f1-5,42,train_candidate_target_in_candidate_set_rate,0,1781635237176,1.0
learn,EOPKG-WI,EOPKGTopologyConditionedWI,8b07202c23874e298ad9b3445b49872d,854778689611649472,_EOPKG_WI-UN-f1-5-42_loan_v1_v5_simulated_GATv2,_EOPKG_WI-UN-f1-5,42,train_candidate_target_in_candidate_set_rate,0,1781635445055,1.0
learn,EOPKG-WI,EOPKGTopologyConditionedWI,8b07202c23874e298ad9b3445b49872d,854778689611649472,_EOPKG_WI-UN-f1-5-42_loan_v1_v5_simulated_GATv2,_EOPKG_WI-UN-f1-5,42,train_candidate_target_in_candidate_set_rate,0,1781635445055,1.0
learn,EOPKG-WI,EOPKGTopologyConditionedWI,8b07202c23874e298ad9b3445b49872d,854778689611649472,_EOPKG_WI-UN-f1-5-42_loan_v1_v5_simulated_GATv2,_EOPKG_WI-UN-f1-5,42,train_candidate_target_in_candidate_set_rate,0,1781635637414,1.0
learn,EOPKG-WI,EOPKGTopologyConditionedWI,8b07202c23874e298ad9b3445b49872d,854778689611649472,_EOPKG_WI-UN-f1-5-42_loan_v1_v5_simulated_GATv2,_EOPKG_WI-UN-f1-5,42,train_candidate_target_in_candidate_set_rate,0,1781635637414,1.0
learn,EOPKG-WI,EOPKGTopologyConditionedWI,8b07202c23874e298ad9b3445b49872d,854778689611649472,_EOPKG_WI-UN-f1-5-42_loan_v1_v5_simulated_GATv2,_EOPKG_WI-UN-f1-5,42,train_candidate_target_in_candidate_set_rate,0,1781635836372,1.0
learn,EOPKG-WI,EOPKGTopologyConditionedWI,8b07202c23874e298ad9b3445b49872d,854778689611649472,_EOPKG_WI-UN-f1-5-42_loan_v1_v5_simulated_GATv2,_EOPKG_WI-UN-f1-5,42,train_candidate_target_in_candidate_set_rate,0,1781635836372,1.0
learn,EOPKG-WI,EOPKGTopologyConditionedWI,8b07202c23874e298ad9b3445b49872d,854778689611649472,_EOPKG_WI-UN-f1-5-42_loan_v1_v5_simulated_GATv2,_EOPKG_WI-UN-f1-5,42,train_candidate_target_in_candidate_set_rate,0,1781636028769,1.0
learn,EOPKG-WI,EOPKGTopologyConditionedWI,8b07202c23874e298ad9b3445b49872d,854778689611649472,_EOPKG_WI-UN-f1-5-42_loan_v1_v5_simulated_GATv2,_EOPKG_WI-UN-f1-5,42,train_candidate_target_in_candidate_set_rate,0,1781636028769,1.0
learn,EOPKG-WI,EOPKGTopologyConditionedWI,8b07202c23874e298ad9b3445b49872d,854778689611649472,_EOPKG_WI-UN-f1-5-42_loan_v1_v5_simulated_GATv2,_EOPKG_WI-UN-f1-5,42,train_candidate_target_in_candidate_set_rate,0,1781636228637,1.0
learn,EOPKG-WI,EOPKGTopologyConditionedWI,8b07202c23874e298ad9b3445b49872d,854778689611649472,_EOPKG_WI-UN-f1-5-42_loan_v1_v5_simulated_GATv2,_EOPKG_WI-UN-f1-5,42,train_candidate_target_in_candidate_set_rate,0,1781636228637,1.0
learn,EOPKG-WI,EOPKGTopologyConditionedWI,8b07202c23874e298ad9b3445b49872d,854778689611649472,_EOPKG_WI-UN-f1-5-42_loan_v1_v5_simulated_GATv2,_EOPKG_WI-UN-f1-5,42,train_candidate_target_in_candidate_set_rate,0,1781636440046,1.0
learn,EOPKG-WI,EOPKGTopologyConditionedWI,8b07202c23874e298ad9b3445b49872d,854778689611649472,_EOPKG_WI-UN-f1-5-42_loan_v1_v5_simulated_GATv2,_EOPKG_WI-UN-f1-5,42,train_candidate_target_in_candidate_set_rate,0,1781636440046,1.0
learn,EOPKG-WI,EOPKGTopologyConditionedWI,8b07202c23874e298ad9b3445b49872d,854778689611649472,_EOPKG_WI-UN-f1-5-42_loan_v1_v5_simulated_GATv2,_EOPKG_WI-UN-f1-5,42,train_candidate_target_in_candidate_set_rate,0,1781636636916,1.0
learn,EOPKG-WI,EOPKGTopologyConditionedWI,8b07202c23874e298ad9b3445b49872d,854778689611649472,_EOPKG_WI-UN-f1-5-42_loan_v1_v5_simulated_GATv2,_EOPKG_WI-UN-f1-5,42,train_candidate_target_in_candidate_set_rate,0,1781636636916,1.0
learn,EOPKG-WI,EOPKGTopologyConditionedWI,8b07202c23874e298ad9b3445b49872d,854778689611649472,_EOPKG_WI-UN-f1-5-42_loan_v1_v5_simulated_GATv2,_EOPKG_WI-UN-f1-5,42,train_candidate_target_in_candidate_set_rate,0,1781636836207,1.0
learn,EOPKG-WI,EOPKGTopologyConditionedWI,8b07202c23874e298ad9b3445b49872d,854778689611649472,_EOPKG_WI-UN-f1-5-42_loan_v1_v5_simulated_GATv2,_EOPKG_WI-UN-f1-5,42,train_candidate_target_in_candidate_set_rate,0,1781636836207,1.0
learn,EOPKG-WI,EOPKGTopologyConditionedWI,8b07202c23874e298ad9b3445b49872d,854778689611649472,_EOPKG_WI-UN-f1-5-42_loan_v1_v5_simulated_GATv2,_EOPKG_WI-UN-f1-5,42,train_candidate_target_in_candidate_set_rate,0,1781636979411,1.0
learn,EOPKG-WI,EOPKGTopologyConditionedWI,8b07202c23874e298ad9b3445b49872d,854778689611649472,_EOPKG_WI-UN-f1-5-42_loan_v1_v5_simulated_GATv2,_EOPKG_WI-UN-f1-5,42,train_candidate_target_in_candidate_set_rate,0,1781636979411,1.0
learn,EOPKG-WI,EOPKGTopologyConditionedWI,8b07202c23874e298ad9b3445b49872d,854778689611649472,_EOPKG_WI-UN-f1-5-42_loan_v1_v5_simulated_GATv2,_EOPKG_WI-UN-f1-5,42,train_candidate_target_in_candidate_set_rate,0,1781637101006,1.0
learn,EOPKG-WI,EOPKGTopologyConditionedWI,8b07202c23874e298ad9b3445b49872d,854778689611649472,_EOPKG_WI-UN-f1-5-42_loan_v1_v5_simulated_GATv2,_EOPKG_WI-UN-f1-5,42,train_candidate_target_in_candidate_set_rate,0,1781637101006,1.0
learn,EOPKG-WI,EOPKGTopologyConditionedWI,8b07202c23874e298ad9b3445b49872d,854778689611649472,_EOPKG_WI-UN-f1-5-42_loan_v1_v5_simulated_GATv2,_EOPKG_WI-UN-f1-5,42,train_candidate_target_in_candidate_set_rate,0,1781637226784,1.0
learn,EOPKG-WI,EOPKGTopologyConditionedWI,8b07202c23874e298ad9b3445b49872d,854778689611649472,_EOPKG_WI-UN-f1-5-42_loan_v1_v5_simulated_GATv2,_EOPKG_WI-UN-f1-5,42,train_candidate_target_in_candidate_set_rate,0,1781637226784,1.0
learn,EOPKG-WI,EOPKGTopologyConditionedWI,8b07202c23874e298ad9b3445b49872d,854778689611649472,_EOPKG_WI-UN-f1-5-42_loan_v1_v5_simulated_GATv2,_EOPKG_WI-UN-f1-5,42,train_candidate_target_in_candidate_set_rate,0,1781637369570,1.0
learn,EOPKG-WI,EOPKGTopologyConditionedWI,8b07202c23874e298ad9b3445b49872d,854778689611649472,_EOPKG_WI-UN-f1-5-42_loan_v1_v5_simulated_GATv2,_EOPKG_WI-UN-f1-5,42,train_candidate_target_in_candidate_set_rate,0,1781637369570,1.0
learn,EOPKG-WI,EOPKGTopologyConditionedWI,8b07202c23874e298ad9b3445b49872d,854778689611649472,_EOPKG_WI-UN-f1-5-42_loan_v1_v5_simulated_GATv2,_EOPKG_WI-UN-f1-5,42,train_candidate_target_in_candidate_set_rate,0,1781637490709,1.0
learn,EOPKG-WI,EOPKGTopologyConditionedWI,8b07202c23874e298ad9b3445b49872d,854778689611649472,_EOPKG_WI-UN-f1-5-42_loan_v1_v5_simulated_GATv2,_EOPKG_WI-UN-f1-5,42,train_candidate_target_in_candidate_set_rate,0,1781637490709,1.0
learn,EOPKG-WI,EOPKGTopologyConditionedWI,8b07202c23874e298ad9b3445b49872d,854778689611649472,_EOPKG_WI-UN-f1-5-42_loan_v1_v5_simulated_GATv2,_EOPKG_WI-UN-f1-5,42,train_candidate_target_in_candidate_set_rate,0,1781637619455,1.0
learn,EOPKG-WI,EOPKGTopologyConditionedWI,8b07202c23874e298ad9b3445b49872d,854778689611649472,_EOPKG_WI-UN-f1-5-42_loan_v1_v5_simulated_GATv2,_EOPKG_WI-UN-f1-5,42,train_candidate_target_in_candidate_set_rate,0,1781637619455,1.0
learn,EOPKG-WI,EOPKGTopologyConditionedWI,8b07202c23874e298ad9b3445b49872d,854778689611649472,_EOPKG_WI-UN-f1-5-42_loan_v1_v5_simulated_GATv2,_EOPKG_WI-UN-f1-5,42,train_candidate_target_in_candidate_set_rate,0,1781637740379,1.0
learn,EOPKG-WI,EOPKGTopologyConditionedWI,8b07202c23874e298ad9b3445b49872d,854778689611649472,_EOPKG_WI-UN-f1-5-42_loan_v1_v5_simulated_GATv2,_EOPKG_WI-UN-f1-5,42,train_candidate_target_in_candidate_set_rate,0,1781637740379,1.0
learn,EOPKG-WI,EOPKGTopologyConditionedWI,8b07202c23874e298ad9b3445b49872d,854778689611649472,_EOPKG_WI-UN-f1-5-42_loan_v1_v5_simulated_GATv2,_EOPKG_WI-UN-f1-5,42,train_candidate_target_in_candidate_set_rate,0,1781637861312,1.0
learn,EOPKG-WI,EOPKGTopologyConditionedWI,8b07202c23874e298ad9b3445b49872d,854778689611649472,_EOPKG_WI-UN-f1-5-42_loan_v1_v5_simulated_GATv2,_EOPKG_WI-UN-f1-5,42,train_candidate_target_in_candidate_set_rate,0,1781637861312,1.0
learn,EOPKG-WI,EOPKGTopologyConditionedWI,8d2a911a18bb4d61a536433690b744f0,854778689611649472,_EOPKG_WI-UN-f1-5-13_loan_v1_v5_simulated_GATv2,_EOPKG_WI-UN-f1-5,13,train_candidate_target_in_candidate_set_rate,0,1781078382984,1.0
learn,EOPKG-WI,EOPKGTopologyConditionedWI,8d2a911a18bb4d61a536433690b744f0,854778689611649472,_EOPKG_WI-UN-f1-5-13_loan_v1_v5_simulated_GATv2,_EOPKG_WI-UN-f1-5,13,train_candidate_target_in_candidate_set_rate,0,1781078382984,1.0
learn,EOPKG-WI,EOPKGTopologyConditionedWI,8d2a911a18bb4d61a536433690b744f0,854778689611649472,_EOPKG_WI-UN-f1-5-13_loan_v1_v5_simulated_GATv2,_EOPKG_WI-UN-f1-5,13,train_candidate_target_in_candidate_set_rate,0,1781078518076,1.0
learn,EOPKG-WI,EOPKGTopologyConditionedWI,8d2a911a18bb4d61a536433690b744f0,854778689611649472,_EOPKG_WI-UN-f1-5-13_loan_v1_v5_simulated_GATv2,_EOPKG_WI-UN-f1-5,13,train_candidate_target_in_candidate_set_rate,0,1781078518076,1.0
learn,EOPKG-WI,EOPKGTopologyConditionedWI,8d2a911a18bb4d61a536433690b744f0,854778689611649472,_EOPKG_WI-UN-f1-5-13_loan_v1_v5_simulated_GATv2,_EOPKG_WI-UN-f1-5,13,train_candidate_target_in_candidate_set_rate,0,1781078638748,1.0
learn,EOPKG-WI,EOPKGTopologyConditionedWI,8d2a911a18bb4d61a536433690b744f0,854778689611649472,_EOPKG_WI-UN-f1-5-13_loan_v1_v5_simulated_GATv2,_EOPKG_WI-UN-f1-5,13,train_candidate_target_in_candidate_set_rate,0,1781078638748,1.0
learn,EOPKG-WI,EOPKGTopologyConditionedWI,8d2a911a18bb4d61a536433690b744f0,854778689611649472,_EOPKG_WI-UN-f1-5-13_loan_v1_v5_simulated_GATv2,_EOPKG_WI-UN-f1-5,13,train_candidate_target_in_candidate_set_rate,0,1781078757792,1.0
learn,EOPKG-WI,EOPKGTopologyConditionedWI,8d2a911a18bb4d61a536433690b744f0,854778689611649472,_EOPKG_WI-UN-f1-5-13_loan_v1_v5_simulated_GATv2,_EOPKG_WI-UN-f1-5,13,train_candidate_target_in_candidate_set_rate,0,1781078757792,1.0
learn,EOPKG-WI,EOPKGTopologyConditionedWI,8d2a911a18bb4d61a536433690b744f0,854778689611649472,_EOPKG_WI-UN-f1-5-13_loan_v1_v5_simulated_GATv2,_EOPKG_WI-UN-f1-5,13,train_candidate_target_in_candidate_set_rate,0,1781078887611,1.0
learn,EOPKG-WI,EOPKGTopologyConditionedWI,8d2a911a18bb4d61a536433690b744f0,854778689611649472,_EOPKG_WI-UN-f1-5-13_loan_v1_v5_simulated_GATv2,_EOPKG_WI-UN-f1-5,13,train_candidate_target_in_candidate_set_rate,0,1781078887611,1.0
learn,EOPKG-WI,EOPKGTopologyConditionedWI,8d2a911a18bb4d61a536433690b744f0,854778689611649472,_EOPKG_WI-UN-f1-5-13_loan_v1_v5_simulated_GATv2,_EOPKG_WI-UN-f1-5,13,train_candidate_target_in_candidate_set_rate,0,1781078998833,1.0
learn,EOPKG-WI,EOPKGTopologyConditionedWI,8d2a911a18bb4d61a536433690b744f0,854778689611649472,_EOPKG_WI-UN-f1-5-13_loan_v1_v5_simulated_GATv2,_EOPKG_WI-UN-f1-5,13,train_candidate_target_in_candidate_set_rate,0,1781078998833,1.0
learn,EOPKG-WI,EOPKGTopologyConditionedWI,8d2a911a18bb4d61a536433690b744f0,854778689611649472,_EOPKG_WI-UN-f1-5-13_loan_v1_v5_simulated_GATv2,_EOPKG_WI-UN-f1-5,13,train_candidate_target_in_candidate_set_rate,0,1781079111748,1.0
learn,EOPKG-WI,EOPKGTopologyConditionedWI,8d2a911a18bb4d61a536433690b744f0,854778689611649472,_EOPKG_WI-UN-f1-5-13_loan_v1_v5_simulated_GATv2,_EOPKG_WI-UN-f1-5,13,train_candidate_target_in_candidate_set_rate,0,1781079111748,1.0
learn,EOPKG-WI,EOPKGTopologyConditionedWI,8d2a911a18bb4d61a536433690b744f0,854778689611649472,_EOPKG_WI-UN-f1-5-13_loan_v1_v5_simulated_GATv2,_EOPKG_WI-UN-f1-5,13,train_candidate_target_in_candidate_set_rate,0,1781079219620,1.0
learn,EOPKG-WI,EOPKGTopologyConditionedWI,8d2a911a18bb4d61a536433690b744f0,854778689611649472,_EOPKG_WI-UN-f1-5-13_loan_v1_v5_simulated_GATv2,_EOPKG_WI-UN-f1-5,13,train_candidate_target_in_candidate_set_rate,0,1781079219620,1.0
learn,EOPKG-WI,EOPKGTopologyConditionedWI,8d2a911a18bb4d61a536433690b744f0,854778689611649472,_EOPKG_WI-UN-f1-5-13_loan_v1_v5_simulated_GATv2,_EOPKG_WI-UN-f1-5,13,train_candidate_target_in_candidate_set_rate,0,1781079332897,1.0
learn,EOPKG-WI,EOPKGTopologyConditionedWI,8d2a911a18bb4d61a536433690b744f0,854778689611649472,_EOPKG_WI-UN-f1-5-13_loan_v1_v5_simulated_GATv2,_EOPKG_WI-UN-f1-5,13,train_candidate_target_in_candidate_set_rate,0,1781079332897,1.0
learn,EOPKG-WI,EOPKGTopologyConditionedWI,8d2a911a18bb4d61a536433690b744f0,854778689611649472,_EOPKG_WI-UN-f1-5-13_loan_v1_v5_simulated_GATv2,_EOPKG_WI-UN-f1-5,13,train_candidate_target_in_candidate_set_rate,0,1781079447251,1.0
learn,EOPKG-WI,EOPKGTopologyConditionedWI,8d2a911a18bb4d61a536433690b744f0,854778689611649472,_EOPKG_WI-UN-f1-5-13_loan_v1_v5_simulated_GATv2,_EOPKG_WI-UN-f1-5,13,train_candidate_target_in_candidate_set_rate,0,1781079447251,1.0
learn,EOPKG-WI,EOPKGTopologyConditionedWI,8d2a911a18bb4d61a536433690b744f0,854778689611649472,_EOPKG_WI-UN-f1-5-13_loan_v1_v5_simulated_GATv2,_EOPKG_WI-UN-f1-5,13,train_candidate_target_in_candidate_set_rate,0,1781079552244,1.0
learn,EOPKG-WI,EOPKGTopologyConditionedWI,8d2a911a18bb4d61a536433690b744f0,854778689611649472,_EOPKG_WI-UN-f1-5-13_loan_v1_v5_simulated_GATv2,_EOPKG_WI-UN-f1-5,13,train_candidate_target_in_candidate_set_rate,0,1781079552244,1.0
learn,EOPKG-WI,EOPKGTopologyConditionedWI,8d2a911a18bb4d61a536433690b744f0,854778689611649472,_EOPKG_WI-UN-f1-5-13_loan_v1_v5_simulated_GATv2,_EOPKG_WI-UN-f1-5,13,train_candidate_target_in_candidate_set_rate,0,1781079657361,1.0
learn,EOPKG-WI,EOPKGTopologyConditionedWI,8d2a911a18bb4d61a536433690b744f0,854778689611649472,_EOPKG_WI-UN-f1-5-13_loan_v1_v5_simulated_GATv2,_EOPKG_WI-UN-f1-5,13,train_candidate_target_in_candidate_set_rate,0,1781079657361,1.0
learn,EOPKG-WI,EOPKGTopologyConditionedWI,8d2a911a18bb4d61a536433690b744f0,854778689611649472,_EOPKG_WI-UN-f1-5-13_loan_v1_v5_simulated_GATv2,_EOPKG_WI-UN-f1-5,13,train_candidate_target_in_candidate_set_rate,0,1781079756752,1.0
learn,EOPKG-WI,EOPKGTopologyConditionedWI,8d2a911a18bb4d61a536433690b744f0,854778689611649472,_EOPKG_WI-UN-f1-5-13_loan_v1_v5_simulated_GATv2,_EOPKG_WI-UN-f1-5,13,train_candidate_target_in_candidate_set_rate,0,1781079756752,1.0
learn,EOPKG-WI,EOPKGTopologyConditionedWI,8d2a911a18bb4d61a536433690b744f0,854778689611649472,_EOPKG_WI-UN-f1-5-13_loan_v1_v5_simulated_GATv2,_EOPKG_WI-UN-f1-5,13,train_candidate_target_in_candidate_set_rate,0,1781079885547,1.0
learn,EOPKG-WI,EOPKGTopologyConditionedWI,8d2a911a18bb4d61a536433690b744f0,854778689611649472,_EOPKG_WI-UN-f1-5-13_loan_v1_v5_simulated_GATv2,_EOPKG_WI-UN-f1-5,13,train_candidate_target_in_candidate_set_rate,0,1781079885547,1.0
learn,EOPKG-WI,EOPKGTopologyConditionedWI,8d2a911a18bb4d61a536433690b744f0,854778689611649472,_EOPKG_WI-UN-f1-5-13_loan_v1_v5_simulated_GATv2,_EOPKG_WI-UN-f1-5,13,train_candidate_target_in_candidate_set_rate,0,1781080041887,1.0
learn,EOPKG-WI,EOPKGTopologyConditionedWI,8d2a911a18bb4d61a536433690b744f0,854778689611649472,_EOPKG_WI-UN-f1-5-13_loan_v1_v5_simulated_GATv2,_EOPKG_WI-UN-f1-5,13,train_candidate_target_in_candidate_set_rate,0,1781080041887,1.0
learn,EOPKG-WI,EOPKGTopologyConditionedWI,8d2a911a18bb4d61a536433690b744f0,854778689611649472,_EOPKG_WI-UN-f1-5-13_loan_v1_v5_simulated_GATv2,_EOPKG_WI-UN-f1-5,13,train_candidate_target_in_candidate_set_rate,0,1781080206288,1.0
learn,EOPKG-WI,EOPKGTopologyConditionedWI,8d2a911a18bb4d61a536433690b744f0,854778689611649472,_EOPKG_WI-UN-f1-5-13_loan_v1_v5_simulated_GATv2,_EOPKG_WI-UN-f1-5,13,train_candidate_target_in_candidate_set_rate,0,1781080206288,1.0
learn,EOPKG-WI,EOPKGTopologyConditionedWI,8d2a911a18bb4d61a536433690b744f0,854778689611649472,_EOPKG_WI-UN-f1-5-13_loan_v1_v5_simulated_GATv2,_EOPKG_WI-UN-f1-5,13,train_candidate_target_in_candidate_set_rate,0,1781080358308,1.0
learn,EOPKG-WI,EOPKGTopologyConditionedWI,8d2a911a18bb4d61a536433690b744f0,854778689611649472,_EOPKG_WI-UN-f1-5-13_loan_v1_v5_simulated_GATv2,_EOPKG_WI-UN-f1-5,13,train_candidate_target_in_candidate_set_rate,0,1781080358308,1.0
learn,EOPKG-WI,EOPKGTopologyConditionedWI,8d2a911a18bb4d61a536433690b744f0,854778689611649472,_EOPKG_WI-UN-f1-5-13_loan_v1_v5_simulated_GATv2,_EOPKG_WI-UN-f1-5,13,train_candidate_target_in_candidate_set_rate,0,1781080497529,1.0
learn,EOPKG-WI,EOPKGTopologyConditionedWI,8d2a911a18bb4d61a536433690b744f0,854778689611649472,_EOPKG_WI-UN-f1-5-13_loan_v1_v5_simulated_GATv2,_EOPKG_WI-UN-f1-5,13,train_candidate_target_in_candidate_set_rate,0,1781080497529,1.0
learn,EOPKG-WI,EOPKGTopologyConditionedWI,8d2a911a18bb4d61a536433690b744f0,854778689611649472,_EOPKG_WI-UN-f1-5-13_loan_v1_v5_simulated_GATv2,_EOPKG_WI-UN-f1-5,13,train_candidate_target_in_candidate_set_rate,0,1781080644896,1.0
learn,EOPKG-WI,EOPKGTopologyConditionedWI,8d2a911a18bb4d61a536433690b744f0,854778689611649472,_EOPKG_WI-UN-f1-5-13_loan_v1_v5_simulated_GATv2,_EOPKG_WI-UN-f1-5,13,train_candidate_target_in_candidate_set_rate,0,1781080644896,1.0
learn,EOPKG-WI,EOPKGTopologyConditionedWI,8d2a911a18bb4d61a536433690b744f0,854778689611649472,_EOPKG_WI-UN-f1-5-13_loan_v1_v5_simulated_GATv2,_EOPKG_WI-UN-f1-5,13,train_candidate_target_in_candidate_set_rate,0,1781080776861,1.0
learn,EOPKG-WI,EOPKGTopologyConditionedWI,8d2a911a18bb4d61a536433690b744f0,854778689611649472,_EOPKG_WI-UN-f1-5-13_loan_v1_v5_simulated_GATv2,_EOPKG_WI-UN-f1-5,13,train_candidate_target_in_candidate_set_rate,0,1781080776861,1.0
learn,EOPKG-WI,EOPKGTopologyConditionedWI,8d2a911a18bb4d61a536433690b744f0,854778689611649472,_EOPKG_WI-UN-f1-5-13_loan_v1_v5_simulated_GATv2,_EOPKG_WI-UN-f1-5,13,train_candidate_target_in_candidate_set_rate,0,1781080902639,1.0
learn,EOPKG-WI,EOPKGTopologyConditionedWI,8d2a911a18bb4d61a536433690b744f0,854778689611649472,_EOPKG_WI-UN-f1-5-13_loan_v1_v5_simulated_GATv2,_EOPKG_WI-UN-f1-5,13,train_candidate_target_in_candidate_set_rate,0,1781080902639,1.0
learn,EOPKG-WI,EOPKGTopologyConditionedWI,8d2a911a18bb4d61a536433690b744f0,854778689611649472,_EOPKG_WI-UN-f1-5-13_loan_v1_v5_simulated_GATv2,_EOPKG_WI-UN-f1-5,13,train_candidate_target_in_candidate_set_rate,0,1781081046226,1.0
learn,EOPKG-WI,EOPKGTopologyConditionedWI,8d2a911a18bb4d61a536433690b744f0,854778689611649472,_EOPKG_WI-UN-f1-5-13_loan_v1_v5_simulated_GATv2,_EOPKG_WI-UN-f1-5,13,train_candidate_target_in_candidate_set_rate,0,1781081046226,1.0
learn,EOPKG-WI,EOPKGTopologyConditionedWI,8d2a911a18bb4d61a536433690b744f0,854778689611649472,_EOPKG_WI-UN-f1-5-13_loan_v1_v5_simulated_GATv2,_EOPKG_WI-UN-f1-5,13,train_candidate_target_in_candidate_set_rate,0,1781081184803,1.0
learn,EOPKG-WI,EOPKGTopologyConditionedWI,8d2a911a18bb4d61a536433690b744f0,854778689611649472,_EOPKG_WI-UN-f1-5-13_loan_v1_v5_simulated_GATv2,_EOPKG_WI-UN-f1-5,13,train_candidate_target_in_candidate_set_rate,0,1781081184803,1.0
learn,EOPKG-WI,EOPKGTopologyConditionedWI,8d2a911a18bb4d61a536433690b744f0,854778689611649472,_EOPKG_WI-UN-f1-5-13_loan_v1_v5_simulated_GATv2,_EOPKG_WI-UN-f1-5,13,train_candidate_target_in_candidate_set_rate,0,1781081333372,1.0
learn,EOPKG-WI,EOPKGTopologyConditionedWI,8d2a911a18bb4d61a536433690b744f0,854778689611649472,_EOPKG_WI-UN-f1-5-13_loan_v1_v5_simulated_GATv2,_EOPKG_WI-UN-f1-5,13,train_candidate_target_in_candidate_set_rate,0,1781081333372,1.0
learn,EOPKG-WI,EOPKGTopologyConditionedWI,8d2a911a18bb4d61a536433690b744f0,854778689611649472,_EOPKG_WI-UN-f1-5-13_loan_v1_v5_simulated_GATv2,_EOPKG_WI-UN-f1-5,13,train_candidate_target_in_candidate_set_rate,0,1781081467247,1.0
learn,EOPKG-WI,EOPKGTopologyConditionedWI,8d2a911a18bb4d61a536433690b744f0,854778689611649472,_EOPKG_WI-UN-f1-5-13_loan_v1_v5_simulated_GATv2,_EOPKG_WI-UN-f1-5,13,train_candidate_target_in_candidate_set_rate,0,1781081467247,1.0
learn,EOPKG-WI,EOPKGTopologyConditionedWI,8d2a911a18bb4d61a536433690b744f0,854778689611649472,_EOPKG_WI-UN-f1-5-13_loan_v1_v5_simulated_GATv2,_EOPKG_WI-UN-f1-5,13,train_candidate_target_in_candidate_set_rate,0,1781081582990,1.0
learn,EOPKG-WI,EOPKGTopologyConditionedWI,8d2a911a18bb4d61a536433690b744f0,854778689611649472,_EOPKG_WI-UN-f1-5-13_loan_v1_v5_simulated_GATv2,_EOPKG_WI-UN-f1-5,13,train_candidate_target_in_candidate_set_rate,0,1781081582990,1.0
learn,EOPKG-WI,EOPKGTopologyConditionedWI,8d2a911a18bb4d61a536433690b744f0,854778689611649472,_EOPKG_WI-UN-f1-5-13_loan_v1_v5_simulated_GATv2,_EOPKG_WI-UN-f1-5,13,train_candidate_target_in_candidate_set_rate,0,1781081725593,1.0
learn,EOPKG-WI,EOPKGTopologyConditionedWI,8d2a911a18bb4d61a536433690b744f0,854778689611649472,_EOPKG_WI-UN-f1-5-13_loan_v1_v5_simulated_GATv2,_EOPKG_WI-UN-f1-5,13,train_candidate_target_in_candidate_set_rate,0,1781081725593,1.0
learn,EOPKG-WI,EOPKGTopologyConditionedWI,8d2a911a18bb4d61a536433690b744f0,854778689611649472,_EOPKG_WI-UN-f1-5-13_loan_v1_v5_simulated_GATv2,_EOPKG_WI-UN-f1-5,13,train_candidate_target_in_candidate_set_rate,0,1781081837741,1.0
learn,EOPKG-WI,EOPKGTopologyConditionedWI,8d2a911a18bb4d61a536433690b744f0,854778689611649472,_EOPKG_WI-UN-f1-5-13_loan_v1_v5_simulated_GATv2,_EOPKG_WI-UN-f1-5,13,train_candidate_target_in_candidate_set_rate,0,1781081837741,1.0
learn,EOPKG-WI,EOPKGTopologyConditionedWI,8d2a911a18bb4d61a536433690b744f0,854778689611649472,_EOPKG_WI-UN-f1-5-13_loan_v1_v5_simulated_GATv2,_EOPKG_WI-UN-f1-5,13,train_candidate_target_in_candidate_set_rate,0,1781081952378,1.0
learn,EOPKG-WI,EOPKGTopologyConditionedWI,8d2a911a18bb4d61a536433690b744f0,854778689611649472,_EOPKG_WI-UN-f1-5-13_loan_v1_v5_simulated_GATv2,_EOPKG_WI-UN-f1-5,13,train_candidate_target_in_candidate_set_rate,0,1781081952378,1.0
learn,EOPKG-WI,EOPKGTopologyConditionedWI,8d2a911a18bb4d61a536433690b744f0,854778689611649472,_EOPKG_WI-UN-f1-5-13_loan_v1_v5_simulated_GATv2,_EOPKG_WI-UN-f1-5,13,train_candidate_target_in_candidate_set_rate,0,1781082063681,1.0
learn,EOPKG-WI,EOPKGTopologyConditionedWI,8d2a911a18bb4d61a536433690b744f0,854778689611649472,_EOPKG_WI-UN-f1-5-13_loan_v1_v5_simulated_GATv2,_EOPKG_WI-UN-f1-5,13,train_candidate_target_in_candidate_set_rate,0,1781082063681,1.0
learn,EOPKG-WI,EOPKGTopologyConditionedWI,8d2a911a18bb4d61a536433690b744f0,854778689611649472,_EOPKG_WI-UN-f1-5-13_loan_v1_v5_simulated_GATv2,_EOPKG_WI-UN-f1-5,13,train_candidate_target_in_candidate_set_rate,0,1781082168813,1.0
learn,EOPKG-WI,EOPKGTopologyConditionedWI,8d2a911a18bb4d61a536433690b744f0,854778689611649472,_EOPKG_WI-UN-f1-5-13_loan_v1_v5_simulated_GATv2,_EOPKG_WI-UN-f1-5,13,train_candidate_target_in_candidate_set_rate,0,1781082168813,1.0
learn,EOPKG-WI,EOPKGTopologyConditionedWI,8d2a911a18bb4d61a536433690b744f0,854778689611649472,_EOPKG_WI-UN-f1-5-13_loan_v1_v5_simulated_GATv2,_EOPKG_WI-UN-f1-5,13,train_candidate_target_in_candidate_set_rate,0,1781082275310,1.0
learn,EOPKG-WI,EOPKGTopologyConditionedWI,8d2a911a18bb4d61a536433690b744f0,854778689611649472,_EOPKG_WI-UN-f1-5-13_loan_v1_v5_simulated_GATv2,_EOPKG_WI-UN-f1-5,13,train_candidate_target_in_candidate_set_rate,0,1781082275310,1.0
learn,EOPKG-WI,EOPKGTopologyConditionedWI,8d2a911a18bb4d61a536433690b744f0,854778689611649472,_EOPKG_WI-UN-f1-5-13_loan_v1_v5_simulated_GATv2,_EOPKG_WI-UN-f1-5,13,train_candidate_target_in_candidate_set_rate,0,1781082378330,1.0
learn,EOPKG-WI,EOPKGTopologyConditionedWI,8d2a911a18bb4d61a536433690b744f0,854778689611649472,_EOPKG_WI-UN-f1-5-13_loan_v1_v5_simulated_GATv2,_EOPKG_WI-UN-f1-5,13,train_candidate_target_in_candidate_set_rate,0,1781082378330,1.0
learn,EOPKG-WI,EOPKGTopologyConditionedWI,8d2a911a18bb4d61a536433690b744f0,854778689611649472,_EOPKG_WI-UN-f1-5-13_loan_v1_v5_simulated_GATv2,_EOPKG_WI-UN-f1-5,13,train_candidate_target_in_candidate_set_rate,0,1781082478835,1.0
learn,EOPKG-WI,EOPKGTopologyConditionedWI,8d2a911a18bb4d61a536433690b744f0,854778689611649472,_EOPKG_WI-UN-f1-5-13_loan_v1_v5_simulated_GATv2,_EOPKG_WI-UN-f1-5,13,train_candidate_target_in_candidate_set_rate,0,1781082478835,1.0
learn,EOPKG-WI,EOPKGTopologyConditionedWI,8d2a911a18bb4d61a536433690b744f0,854778689611649472,_EOPKG_WI-UN-f1-5-13_loan_v1_v5_simulated_GATv2,_EOPKG_WI-UN-f1-5,13,train_candidate_target_in_candidate_set_rate,0,1781082578678,1.0
learn,EOPKG-WI,EOPKGTopologyConditionedWI,8d2a911a18bb4d61a536433690b744f0,854778689611649472,_EOPKG_WI-UN-f1-5-13_loan_v1_v5_simulated_GATv2,_EOPKG_WI-UN-f1-5,13,train_candidate_target_in_candidate_set_rate,0,1781082578678,1.0
learn,EOPKG-WI,EOPKGTopologyConditionedWI,8d2a911a18bb4d61a536433690b744f0,854778689611649472,_EOPKG_WI-UN-f1-5-13_loan_v1_v5_simulated_GATv2,_EOPKG_WI-UN-f1-5,13,train_candidate_target_in_candidate_set_rate,0,1781082678269,1.0
learn,EOPKG-WI,EOPKGTopologyConditionedWI,8d2a911a18bb4d61a536433690b744f0,854778689611649472,_EOPKG_WI-UN-f1-5-13_loan_v1_v5_simulated_GATv2,_EOPKG_WI-UN-f1-5,13,train_candidate_target_in_candidate_set_rate,0,1781082678269,1.0
learn,EOPKG-WI,EOPKGTopologyConditionedWI,8d2a911a18bb4d61a536433690b744f0,854778689611649472,_EOPKG_WI-UN-f1-5-13_loan_v1_v5_simulated_GATv2,_EOPKG_WI-UN-f1-5,13,train_candidate_target_in_candidate_set_rate,0,1781082779775,1.0
learn,EOPKG-WI,EOPKGTopologyConditionedWI,8d2a911a18bb4d61a536433690b744f0,854778689611649472,_EOPKG_WI-UN-f1-5-13_loan_v1_v5_simulated_GATv2,_EOPKG_WI-UN-f1-5,13,train_candidate_target_in_candidate_set_rate,0,1781082779775,1.0
learn,EOPKG-WI,EOPKGTopologyConditionedWI,8d2a911a18bb4d61a536433690b744f0,854778689611649472,_EOPKG_WI-UN-f1-5-13_loan_v1_v5_simulated_GATv2,_EOPKG_WI-UN-f1-5,13,train_candidate_target_in_candidate_set_rate,0,1781082882488,1.0
learn,EOPKG-WI,EOPKGTopologyConditionedWI,8d2a911a18bb4d61a536433690b744f0,854778689611649472,_EOPKG_WI-UN-f1-5-13_loan_v1_v5_simulated_GATv2,_EOPKG_WI-UN-f1-5,13,train_candidate_target_in_candidate_set_rate,0,1781082882488,1.0
learn,EOPKG-WI,EOPKGTopologyConditionedWI,8d2a911a18bb4d61a536433690b744f0,854778689611649472,_EOPKG_WI-UN-f1-5-13_loan_v1_v5_simulated_GATv2,_EOPKG_WI-UN-f1-5,13,train_candidate_target_in_candidate_set_rate,0,1781082983483,1.0
learn,EOPKG-WI,EOPKGTopologyConditionedWI,8d2a911a18bb4d61a536433690b744f0,854778689611649472,_EOPKG_WI-UN-f1-5-13_loan_v1_v5_simulated_GATv2,_EOPKG_WI-UN-f1-5,13,train_candidate_target_in_candidate_set_rate,0,1781082983483,1.0
learn,EOPKG-WI,EOPKGTopologyConditionedWI,8d2a911a18bb4d61a536433690b744f0,854778689611649472,_EOPKG_WI-UN-f1-5-13_loan_v1_v5_simulated_GATv2,_EOPKG_WI-UN-f1-5,13,train_candidate_target_in_candidate_set_rate,0,1781083082685,1.0
learn,EOPKG-WI,EOPKGTopologyConditionedWI,8d2a911a18bb4d61a536433690b744f0,854778689611649472,_EOPKG_WI-UN-f1-5-13_loan_v1_v5_simulated_GATv2,_EOPKG_WI-UN-f1-5,13,train_candidate_target_in_candidate_set_rate,0,1781083082685,1.0
learn,EOPKG-WI,EOPKGTopologyConditionedWI,8d2a911a18bb4d61a536433690b744f0,854778689611649472,_EOPKG_WI-UN-f1-5-13_loan_v1_v5_simulated_GATv2,_EOPKG_WI-UN-f1-5,13,train_candidate_target_in_candidate_set_rate,0,1781083177881,1.0
learn,EOPKG-WI,EOPKGTopologyConditionedWI,8d2a911a18bb4d61a536433690b744f0,854778689611649472,_EOPKG_WI-UN-f1-5-13_loan_v1_v5_simulated_GATv2,_EOPKG_WI-UN-f1-5,13,train_candidate_target_in_candidate_set_rate,0,1781083177881,1.0
learn,EOPKG-WI,EOPKGTopologyConditionedWI,8d2a911a18bb4d61a536433690b744f0,854778689611649472,_EOPKG_WI-UN-f1-5-13_loan_v1_v5_simulated_GATv2,_EOPKG_WI-UN-f1-5,13,train_candidate_target_in_candidate_set_rate,0,1781083276115,1.0
learn,EOPKG-WI,EOPKGTopologyConditionedWI,8d2a911a18bb4d61a536433690b744f0,854778689611649472,_EOPKG_WI-UN-f1-5-13_loan_v1_v5_simulated_GATv2,_EOPKG_WI-UN-f1-5,13,train_candidate_target_in_candidate_set_rate,0,1781083276115,1.0
learn,EOPKG-WI,EOPKGTopologyConditionedWI,8d2a911a18bb4d61a536433690b744f0,854778689611649472,_EOPKG_WI-UN-f1-5-13_loan_v1_v5_simulated_GATv2,_EOPKG_WI-UN-f1-5,13,train_candidate_target_in_candidate_set_rate,0,1781083373852,1.0
learn,EOPKG-WI,EOPKGTopologyConditionedWI,8d2a911a18bb4d61a536433690b744f0,854778689611649472,_EOPKG_WI-UN-f1-5-13_loan_v1_v5_simulated_GATv2,_EOPKG_WI-UN-f1-5,13,train_candidate_target_in_candidate_set_rate,0,1781083373852,1.0
learn,EOPKG-WI,EOPKGTopologyConditionedWI,8d2a911a18bb4d61a536433690b744f0,854778689611649472,_EOPKG_WI-UN-f1-5-13_loan_v1_v5_simulated_GATv2,_EOPKG_WI-UN-f1-5,13,train_candidate_target_in_candidate_set_rate,0,1781083469922,1.0
learn,EOPKG-WI,EOPKGTopologyConditionedWI,8d2a911a18bb4d61a536433690b744f0,854778689611649472,_EOPKG_WI-UN-f1-5-13_loan_v1_v5_simulated_GATv2,_EOPKG_WI-UN-f1-5,13,train_candidate_target_in_candidate_set_rate,0,1781083469922,1.0
learn,EOPKG-WI,EOPKGTopologyConditionedWI,8d2a911a18bb4d61a536433690b744f0,854778689611649472,_EOPKG_WI-UN-f1-5-13_loan_v1_v5_simulated_GATv2,_EOPKG_WI-UN-f1-5,13,train_candidate_target_in_candidate_set_rate,0,1781083590171,1.0
learn,EOPKG-WI,EOPKGTopologyConditionedWI,8d2a911a18bb4d61a536433690b744f0,854778689611649472,_EOPKG_WI-UN-f1-5-13_loan_v1_v5_simulated_GATv2,_EOPKG_WI-UN-f1-5,13,train_candidate_target_in_candidate_set_rate,0,1781083590171,1.0
learn,EOPKG-WI,EOPKGTopologyConditionedWI,8d2a911a18bb4d61a536433690b744f0,854778689611649472,_EOPKG_WI-UN-f1-5-13_loan_v1_v5_simulated_GATv2,_EOPKG_WI-UN-f1-5,13,train_candidate_target_in_candidate_set_rate,0,1781083696619,1.0
learn,EOPKG-WI,EOPKGTopologyConditionedWI,8d2a911a18bb4d61a536433690b744f0,854778689611649472,_EOPKG_WI-UN-f1-5-13_loan_v1_v5_simulated_GATv2,_EOPKG_WI-UN-f1-5,13,train_candidate_target_in_candidate_set_rate,0,1781083696619,1.0
learn,EOPKG-WI,EOPKGTopologyConditionedWI,8d2a911a18bb4d61a536433690b744f0,854778689611649472,_EOPKG_WI-UN-f1-5-13_loan_v1_v5_simulated_GATv2,_EOPKG_WI-UN-f1-5,13,train_candidate_target_in_candidate_set_rate,0,1781083825846,1.0
learn,EOPKG-WI,EOPKGTopologyConditionedWI,8d2a911a18bb4d61a536433690b744f0,854778689611649472,_EOPKG_WI-UN-f1-5-13_loan_v1_v5_simulated_GATv2,_EOPKG_WI-UN-f1-5,13,train_candidate_target_in_candidate_set_rate,0,1781083825846,1.0
learn,EOPKG-WI,EOPKGTopologyConditionedWI,8d2a911a18bb4d61a536433690b744f0,854778689611649472,_EOPKG_WI-UN-f1-5-13_loan_v1_v5_simulated_GATv2,_EOPKG_WI-UN-f1-5,13,train_candidate_target_in_candidate_set_rate,0,1781083945506,1.0
learn,EOPKG-WI,EOPKGTopologyConditionedWI,8d2a911a18bb4d61a536433690b744f0,854778689611649472,_EOPKG_WI-UN-f1-5-13_loan_v1_v5_simulated_GATv2,_EOPKG_WI-UN-f1-5,13,train_candidate_target_in_candidate_set_rate,0,1781083945506,1.0
learn,EOPKG-WI,EOPKGTopologyConditionedWI,8d2a911a18bb4d61a536433690b744f0,854778689611649472,_EOPKG_WI-UN-f1-5-13_loan_v1_v5_simulated_GATv2,_EOPKG_WI-UN-f1-5,13,train_candidate_target_in_candidate_set_rate,0,1781084069140,1.0
learn,EOPKG-WI,EOPKGTopologyConditionedWI,8d2a911a18bb4d61a536433690b744f0,854778689611649472,_EOPKG_WI-UN-f1-5-13_loan_v1_v5_simulated_GATv2,_EOPKG_WI-UN-f1-5,13,train_candidate_target_in_candidate_set_rate,0,1781084069140,1.0
learn,EOPKG-WI,EOPKGTopologyConditionedWI,8d2a911a18bb4d61a536433690b744f0,854778689611649472,_EOPKG_WI-UN-f1-5-13_loan_v1_v5_simulated_GATv2,_EOPKG_WI-UN-f1-5,13,train_candidate_target_in_candidate_set_rate,0,1781084187830,1.0
learn,EOPKG-WI,EOPKGTopologyConditionedWI,8d2a911a18bb4d61a536433690b744f0,854778689611649472,_EOPKG_WI-UN-f1-5-13_loan_v1_v5_simulated_GATv2,_EOPKG_WI-UN-f1-5,13,train_candidate_target_in_candidate_set_rate,0,1781084187830,1.0
learn,EOPKG-WI,EOPKGTopologyConditionedWI,a6f92d038fdd4015af0c2ca3d4d657de,854778689611649472,_EOPKG_WI-UN-f1-5-99_loan_v1_v5_simulated_GATv2,_EOPKG_WI-UN-f1-5,99,train_candidate_target_in_candidate_set_rate,0,1781524510184,1.0
learn,EOPKG-WI,EOPKGTopologyConditionedWI,a6f92d038fdd4015af0c2ca3d4d657de,854778689611649472,_EOPKG_WI-UN-f1-5-99_loan_v1_v5_simulated_GATv2,_EOPKG_WI-UN-f1-5,99,train_candidate_target_in_candidate_set_rate,0,1781524510184,1.0
learn,EOPKG-WI,EOPKGTopologyConditionedWI,a6f92d038fdd4015af0c2ca3d4d657de,854778689611649472,_EOPKG_WI-UN-f1-5-99_loan_v1_v5_simulated_GATv2,_EOPKG_WI-UN-f1-5,99,train_candidate_target_in_candidate_set_rate,0,1781524664747,1.0
learn,EOPKG-WI,EOPKGTopologyConditionedWI,a6f92d038fdd4015af0c2ca3d4d657de,854778689611649472,_EOPKG_WI-UN-f1-5-99_loan_v1_v5_simulated_GATv2,_EOPKG_WI-UN-f1-5,99,train_candidate_target_in_candidate_set_rate,0,1781524664747,1.0
learn,EOPKG-WI,EOPKGTopologyConditionedWI,a6f92d038fdd4015af0c2ca3d4d657de,854778689611649472,_EOPKG_WI-UN-f1-5-99_loan_v1_v5_simulated_GATv2,_EOPKG_WI-UN-f1-5,99,train_candidate_target_in_candidate_set_rate,0,1781524796536,1.0
learn,EOPKG-WI,EOPKGTopologyConditionedWI,a6f92d038fdd4015af0c2ca3d4d657de,854778689611649472,_EOPKG_WI-UN-f1-5-99_loan_v1_v5_simulated_GATv2,_EOPKG_WI-UN-f1-5,99,train_candidate_target_in_candidate_set_rate,0,1781524796536,1.0
learn,EOPKG-WI,EOPKGTopologyConditionedWI,a6f92d038fdd4015af0c2ca3d4d657de,854778689611649472,_EOPKG_WI-UN-f1-5-99_loan_v1_v5_simulated_GATv2,_EOPKG_WI-UN-f1-5,99,train_candidate_target_in_candidate_set_rate,0,1781524937614,1.0
learn,EOPKG-WI,EOPKGTopologyConditionedWI,a6f92d038fdd4015af0c2ca3d4d657de,854778689611649472,_EOPKG_WI-UN-f1-5-99_loan_v1_v5_simulated_GATv2,_EOPKG_WI-UN-f1-5,99,train_candidate_target_in_candidate_set_rate,0,1781524937614,1.0
learn,EOPKG-WI,EOPKGTopologyConditionedWI,a6f92d038fdd4015af0c2ca3d4d657de,854778689611649472,_EOPKG_WI-UN-f1-5-99_loan_v1_v5_simulated_GATv2,_EOPKG_WI-UN-f1-5,99,train_candidate_target_in_candidate_set_rate,0,1781525077049,1.0
learn,EOPKG-WI,EOPKGTopologyConditionedWI,a6f92d038fdd4015af0c2ca3d4d657de,854778689611649472,_EOPKG_WI-UN-f1-5-99_loan_v1_v5_simulated_GATv2,_EOPKG_WI-UN-f1-5,99,train_candidate_target_in_candidate_set_rate,0,1781525077049,1.0
learn,EOPKG-WI,EOPKGTopologyConditionedWI,a6f92d038fdd4015af0c2ca3d4d657de,854778689611649472,_EOPKG_WI-UN-f1-5-99_loan_v1_v5_simulated_GATv2,_EOPKG_WI-UN-f1-5,99,train_candidate_target_in_candidate_set_rate,0,1781525207945,1.0
learn,EOPKG-WI,EOPKGTopologyConditionedWI,a6f92d038fdd4015af0c2ca3d4d657de,854778689611649472,_EOPKG_WI-UN-f1-5-99_loan_v1_v5_simulated_GATv2,_EOPKG_WI-UN-f1-5,99,train_candidate_target_in_candidate_set_rate,0,1781525207945,1.0
learn,EOPKG-WI,EOPKGTopologyConditionedWI,a6f92d038fdd4015af0c2ca3d4d657de,854778689611649472,_EOPKG_WI-UN-f1-5-99_loan_v1_v5_simulated_GATv2,_EOPKG_WI-UN-f1-5,99,train_candidate_target_in_candidate_set_rate,0,1781525379813,1.0
learn,EOPKG-WI,EOPKGTopologyConditionedWI,a6f92d038fdd4015af0c2ca3d4d657de,854778689611649472,_EOPKG_WI-UN-f1-5-99_loan_v1_v5_simulated_GATv2,_EOPKG_WI-UN-f1-5,99,train_candidate_target_in_candidate_set_rate,0,1781525379813,1.0
learn,EOPKG-WI,EOPKGTopologyConditionedWI,a6f92d038fdd4015af0c2ca3d4d657de,854778689611649472,_EOPKG_WI-UN-f1-5-99_loan_v1_v5_simulated_GATv2,_EOPKG_WI-UN-f1-5,99,train_candidate_target_in_candidate_set_rate,0,1781525777716,1.0
learn,EOPKG-WI,EOPKGTopologyConditionedWI,a6f92d038fdd4015af0c2ca3d4d657de,854778689611649472,_EOPKG_WI-UN-f1-5-99_loan_v1_v5_simulated_GATv2,_EOPKG_WI-UN-f1-5,99,train_candidate_target_in_candidate_set_rate,0,1781525777716,1.0
learn,EOPKG-WI,EOPKGTopologyConditionedWI,a6f92d038fdd4015af0c2ca3d4d657de,854778689611649472,_EOPKG_WI-UN-f1-5-99_loan_v1_v5_simulated_GATv2,_EOPKG_WI-UN-f1-5,99,train_candidate_target_in_candidate_set_rate,0,1781526075450,1.0
learn,EOPKG-WI,EOPKGTopologyConditionedWI,a6f92d038fdd4015af0c2ca3d4d657de,854778689611649472,_EOPKG_WI-UN-f1-5-99_loan_v1_v5_simulated_GATv2,_EOPKG_WI-UN-f1-5,99,train_candidate_target_in_candidate_set_rate,0,1781526075450,1.0
learn,EOPKG-WI,EOPKGTopologyConditionedWI,a6f92d038fdd4015af0c2ca3d4d657de,854778689611649472,_EOPKG_WI-UN-f1-5-99_loan_v1_v5_simulated_GATv2,_EOPKG_WI-UN-f1-5,99,train_candidate_target_in_candidate_set_rate,0,1781526300689,1.0
learn,EOPKG-WI,EOPKGTopologyConditionedWI,a6f92d038fdd4015af0c2ca3d4d657de,854778689611649472,_EOPKG_WI-UN-f1-5-99_loan_v1_v5_simulated_GATv2,_EOPKG_WI-UN-f1-5,99,train_candidate_target_in_candidate_set_rate,0,1781526300689,1.0
learn,EOPKG-WI,EOPKGTopologyConditionedWI,a6f92d038fdd4015af0c2ca3d4d657de,854778689611649472,_EOPKG_WI-UN-f1-5-99_loan_v1_v5_simulated_GATv2,_EOPKG_WI-UN-f1-5,99,train_candidate_target_in_candidate_set_rate,0,1781526644149,1.0
learn,EOPKG-WI,EOPKGTopologyConditionedWI,a6f92d038fdd4015af0c2ca3d4d657de,854778689611649472,_EOPKG_WI-UN-f1-5-99_loan_v1_v5_simulated_GATv2,_EOPKG_WI-UN-f1-5,99,train_candidate_target_in_candidate_set_rate,0,1781526644149,1.0
learn,EOPKG-WI,EOPKGTopologyConditionedWI,a6f92d038fdd4015af0c2ca3d4d657de,854778689611649472,_EOPKG_WI-UN-f1-5-99_loan_v1_v5_simulated_GATv2,_EOPKG_WI-UN-f1-5,99,train_candidate_target_in_candidate_set_rate,0,1781526909008,1.0
learn,EOPKG-WI,EOPKGTopologyConditionedWI,a6f92d038fdd4015af0c2ca3d4d657de,854778689611649472,_EOPKG_WI-UN-f1-5-99_loan_v1_v5_simulated_GATv2,_EOPKG_WI-UN-f1-5,99,train_candidate_target_in_candidate_set_rate,0,1781526909008,1.0
learn,EOPKG-WI,EOPKGTopologyConditionedWI,a6f92d038fdd4015af0c2ca3d4d657de,854778689611649472,_EOPKG_WI-UN-f1-5-99_loan_v1_v5_simulated_GATv2,_EOPKG_WI-UN-f1-5,99,train_candidate_target_in_candidate_set_rate,0,1781527238868,1.0
learn,EOPKG-WI,EOPKGTopologyConditionedWI,a6f92d038fdd4015af0c2ca3d4d657de,854778689611649472,_EOPKG_WI-UN-f1-5-99_loan_v1_v5_simulated_GATv2,_EOPKG_WI-UN-f1-5,99,train_candidate_target_in_candidate_set_rate,0,1781527238868,1.0
learn,EOPKG-WI,EOPKGTopologyConditionedWI,a6f92d038fdd4015af0c2ca3d4d657de,854778689611649472,_EOPKG_WI-UN-f1-5-99_loan_v1_v5_simulated_GATv2,_EOPKG_WI-UN-f1-5,99,train_candidate_target_in_candidate_set_rate,0,1781527426847,1.0
learn,EOPKG-WI,EOPKGTopologyConditionedWI,a6f92d038fdd4015af0c2ca3d4d657de,854778689611649472,_EOPKG_WI-UN-f1-5-99_loan_v1_v5_simulated_GATv2,_EOPKG_WI-UN-f1-5,99,train_candidate_target_in_candidate_set_rate,0,1781527426847,1.0
learn,EOPKG-WI,EOPKGTopologyConditionedWI,a6f92d038fdd4015af0c2ca3d4d657de,854778689611649472,_EOPKG_WI-UN-f1-5-99_loan_v1_v5_simulated_GATv2,_EOPKG_WI-UN-f1-5,99,train_candidate_target_in_candidate_set_rate,0,1781527584810,1.0
learn,EOPKG-WI,EOPKGTopologyConditionedWI,a6f92d038fdd4015af0c2ca3d4d657de,854778689611649472,_EOPKG_WI-UN-f1-5-99_loan_v1_v5_simulated_GATv2,_EOPKG_WI-UN-f1-5,99,train_candidate_target_in_candidate_set_rate,0,1781527584810,1.0
learn,EOPKG-WI,EOPKGTopologyConditionedWI,a6f92d038fdd4015af0c2ca3d4d657de,854778689611649472,_EOPKG_WI-UN-f1-5-99_loan_v1_v5_simulated_GATv2,_EOPKG_WI-UN-f1-5,99,train_candidate_target_in_candidate_set_rate,0,1781527735580,1.0
learn,EOPKG-WI,EOPKGTopologyConditionedWI,a6f92d038fdd4015af0c2ca3d4d657de,854778689611649472,_EOPKG_WI-UN-f1-5-99_loan_v1_v5_simulated_GATv2,_EOPKG_WI-UN-f1-5,99,train_candidate_target_in_candidate_set_rate,0,1781527735580,1.0
learn,EOPKG-WI,EOPKGTopologyConditionedWI,a6f92d038fdd4015af0c2ca3d4d657de,854778689611649472,_EOPKG_WI-UN-f1-5-99_loan_v1_v5_simulated_GATv2,_EOPKG_WI-UN-f1-5,99,train_candidate_target_in_candidate_set_rate,0,1781527856264,1.0
learn,EOPKG-WI,EOPKGTopologyConditionedWI,a6f92d038fdd4015af0c2ca3d4d657de,854778689611649472,_EOPKG_WI-UN-f1-5-99_loan_v1_v5_simulated_GATv2,_EOPKG_WI-UN-f1-5,99,train_candidate_target_in_candidate_set_rate,0,1781527856264,1.0
learn,EOPKG-WI,EOPKGTopologyConditionedWI,a6f92d038fdd4015af0c2ca3d4d657de,854778689611649472,_EOPKG_WI-UN-f1-5-99_loan_v1_v5_simulated_GATv2,_EOPKG_WI-UN-f1-5,99,train_candidate_target_in_candidate_set_rate,0,1781527981486,1.0
learn,EOPKG-WI,EOPKGTopologyConditionedWI,a6f92d038fdd4015af0c2ca3d4d657de,854778689611649472,_EOPKG_WI-UN-f1-5-99_loan_v1_v5_simulated_GATv2,_EOPKG_WI-UN-f1-5,99,train_candidate_target_in_candidate_set_rate,0,1781527981486,1.0
learn,EOPKG-WI,EOPKGTopologyConditionedWI,a6f92d038fdd4015af0c2ca3d4d657de,854778689611649472,_EOPKG_WI-UN-f1-5-99_loan_v1_v5_simulated_GATv2,_EOPKG_WI-UN-f1-5,99,train_candidate_target_in_candidate_set_rate,0,1781528104315,1.0
learn,EOPKG-WI,EOPKGTopologyConditionedWI,a6f92d038fdd4015af0c2ca3d4d657de,854778689611649472,_EOPKG_WI-UN-f1-5-99_loan_v1_v5_simulated_GATv2,_EOPKG_WI-UN-f1-5,99,train_candidate_target_in_candidate_set_rate,0,1781528104315,1.0
learn,EOPKG-WI,EOPKGTopologyConditionedWI,a6f92d038fdd4015af0c2ca3d4d657de,854778689611649472,_EOPKG_WI-UN-f1-5-99_loan_v1_v5_simulated_GATv2,_EOPKG_WI-UN-f1-5,99,train_candidate_target_in_candidate_set_rate,0,1781528226080,1.0
learn,EOPKG-WI,EOPKGTopologyConditionedWI,a6f92d038fdd4015af0c2ca3d4d657de,854778689611649472,_EOPKG_WI-UN-f1-5-99_loan_v1_v5_simulated_GATv2,_EOPKG_WI-UN-f1-5,99,train_candidate_target_in_candidate_set_rate,0,1781528226080,1.0
learn,EOPKG-WI,EOPKGTopologyConditionedWI,a6f92d038fdd4015af0c2ca3d4d657de,854778689611649472,_EOPKG_WI-UN-f1-5-99_loan_v1_v5_simulated_GATv2,_EOPKG_WI-UN-f1-5,99,train_candidate_target_in_candidate_set_rate,0,1781528341016,1.0
learn,EOPKG-WI,EOPKGTopologyConditionedWI,a6f92d038fdd4015af0c2ca3d4d657de,854778689611649472,_EOPKG_WI-UN-f1-5-99_loan_v1_v5_simulated_GATv2,_EOPKG_WI-UN-f1-5,99,train_candidate_target_in_candidate_set_rate,0,1781528341016,1.0
learn,EOPKG-WI,EOPKGTopologyConditionedWI,a6f92d038fdd4015af0c2ca3d4d657de,854778689611649472,_EOPKG_WI-UN-f1-5-99_loan_v1_v5_simulated_GATv2,_EOPKG_WI-UN-f1-5,99,train_candidate_target_in_candidate_set_rate,0,1781528483514,1.0
learn,EOPKG-WI,EOPKGTopologyConditionedWI,a6f92d038fdd4015af0c2ca3d4d657de,854778689611649472,_EOPKG_WI-UN-f1-5-99_loan_v1_v5_simulated_GATv2,_EOPKG_WI-UN-f1-5,99,train_candidate_target_in_candidate_set_rate,0,1781528483514,1.0
learn,EOPKG-WI,EOPKGTopologyConditionedWI,a6f92d038fdd4015af0c2ca3d4d657de,854778689611649472,_EOPKG_WI-UN-f1-5-99_loan_v1_v5_simulated_GATv2,_EOPKG_WI-UN-f1-5,99,train_candidate_target_in_candidate_set_rate,0,1781528791114,1.0
learn,EOPKG-WI,EOPKGTopologyConditionedWI,a6f92d038fdd4015af0c2ca3d4d657de,854778689611649472,_EOPKG_WI-UN-f1-5-99_loan_v1_v5_simulated_GATv2,_EOPKG_WI-UN-f1-5,99,train_candidate_target_in_candidate_set_rate,0,1781528791114,1.0
learn,EOPKG-WI,EOPKGTopologyConditionedWI,a6f92d038fdd4015af0c2ca3d4d657de,854778689611649472,_EOPKG_WI-UN-f1-5-99_loan_v1_v5_simulated_GATv2,_EOPKG_WI-UN-f1-5,99,train_candidate_target_in_candidate_set_rate,0,1781528974252,1.0
learn,EOPKG-WI,EOPKGTopologyConditionedWI,a6f92d038fdd4015af0c2ca3d4d657de,854778689611649472,_EOPKG_WI-UN-f1-5-99_loan_v1_v5_simulated_GATv2,_EOPKG_WI-UN-f1-5,99,train_candidate_target_in_candidate_set_rate,0,1781528974252,1.0
learn,EOPKG-WI,EOPKGTopologyConditionedWI,a6f92d038fdd4015af0c2ca3d4d657de,854778689611649472,_EOPKG_WI-UN-f1-5-99_loan_v1_v5_simulated_GATv2,_EOPKG_WI-UN-f1-5,99,train_candidate_target_in_candidate_set_rate,0,1781529154509,1.0
learn,EOPKG-WI,EOPKGTopologyConditionedWI,a6f92d038fdd4015af0c2ca3d4d657de,854778689611649472,_EOPKG_WI-UN-f1-5-99_loan_v1_v5_simulated_GATv2,_EOPKG_WI-UN-f1-5,99,train_candidate_target_in_candidate_set_rate,0,1781529154509,1.0
learn,EOPKG-WI,EOPKGTopologyConditionedWI,a6f92d038fdd4015af0c2ca3d4d657de,854778689611649472,_EOPKG_WI-UN-f1-5-99_loan_v1_v5_simulated_GATv2,_EOPKG_WI-UN-f1-5,99,train_candidate_target_in_candidate_set_rate,0,1781529331821,1.0
learn,EOPKG-WI,EOPKGTopologyConditionedWI,a6f92d038fdd4015af0c2ca3d4d657de,854778689611649472,_EOPKG_WI-UN-f1-5-99_loan_v1_v5_simulated_GATv2,_EOPKG_WI-UN-f1-5,99,train_candidate_target_in_candidate_set_rate,0,1781529331821,1.0
learn,EOPKG-WI,EOPKGTopologyConditionedWI,a6f92d038fdd4015af0c2ca3d4d657de,854778689611649472,_EOPKG_WI-UN-f1-5-99_loan_v1_v5_simulated_GATv2,_EOPKG_WI-UN-f1-5,99,train_candidate_target_in_candidate_set_rate,0,1781529485699,1.0
learn,EOPKG-WI,EOPKGTopologyConditionedWI,a6f92d038fdd4015af0c2ca3d4d657de,854778689611649472,_EOPKG_WI-UN-f1-5-99_loan_v1_v5_simulated_GATv2,_EOPKG_WI-UN-f1-5,99,train_candidate_target_in_candidate_set_rate,0,1781529485699,1.0
learn,EOPKG-WI,EOPKGTopologyConditionedWI,a6f92d038fdd4015af0c2ca3d4d657de,854778689611649472,_EOPKG_WI-UN-f1-5-99_loan_v1_v5_simulated_GATv2,_EOPKG_WI-UN-f1-5,99,train_candidate_target_in_candidate_set_rate,0,1781529598462,1.0
learn,EOPKG-WI,EOPKGTopologyConditionedWI,a6f92d038fdd4015af0c2ca3d4d657de,854778689611649472,_EOPKG_WI-UN-f1-5-99_loan_v1_v5_simulated_GATv2,_EOPKG_WI-UN-f1-5,99,train_candidate_target_in_candidate_set_rate,0,1781529598462,1.0
learn,EOPKG-WI,EOPKGTopologyConditionedWI,a6f92d038fdd4015af0c2ca3d4d657de,854778689611649472,_EOPKG_WI-UN-f1-5-99_loan_v1_v5_simulated_GATv2,_EOPKG_WI-UN-f1-5,99,train_candidate_target_in_candidate_set_rate,0,1781529712939,1.0
learn,EOPKG-WI,EOPKGTopologyConditionedWI,a6f92d038fdd4015af0c2ca3d4d657de,854778689611649472,_EOPKG_WI-UN-f1-5-99_loan_v1_v5_simulated_GATv2,_EOPKG_WI-UN-f1-5,99,train_candidate_target_in_candidate_set_rate,0,1781529712939,1.0
learn,EOPKG-WI,EOPKGTopologyConditionedWI,a6f92d038fdd4015af0c2ca3d4d657de,854778689611649472,_EOPKG_WI-UN-f1-5-99_loan_v1_v5_simulated_GATv2,_EOPKG_WI-UN-f1-5,99,train_candidate_target_in_candidate_set_rate,0,1781529838558,1.0
learn,EOPKG-WI,EOPKGTopologyConditionedWI,a6f92d038fdd4015af0c2ca3d4d657de,854778689611649472,_EOPKG_WI-UN-f1-5-99_loan_v1_v5_simulated_GATv2,_EOPKG_WI-UN-f1-5,99,train_candidate_target_in_candidate_set_rate,0,1781529838558,1.0
learn,EOPKG-WI,EOPKGTopologyConditionedWI,a6f92d038fdd4015af0c2ca3d4d657de,854778689611649472,_EOPKG_WI-UN-f1-5-99_loan_v1_v5_simulated_GATv2,_EOPKG_WI-UN-f1-5,99,train_candidate_target_in_candidate_set_rate,0,1781529959405,1.0
learn,EOPKG-WI,EOPKGTopologyConditionedWI,a6f92d038fdd4015af0c2ca3d4d657de,854778689611649472,_EOPKG_WI-UN-f1-5-99_loan_v1_v5_simulated_GATv2,_EOPKG_WI-UN-f1-5,99,train_candidate_target_in_candidate_set_rate,0,1781529959405,1.0
learn,EOPKG-WI,EOPKGTopologyConditionedWI,a6f92d038fdd4015af0c2ca3d4d657de,854778689611649472,_EOPKG_WI-UN-f1-5-99_loan_v1_v5_simulated_GATv2,_EOPKG_WI-UN-f1-5,99,train_candidate_target_in_candidate_set_rate,0,1781530075504,1.0
learn,EOPKG-WI,EOPKGTopologyConditionedWI,a6f92d038fdd4015af0c2ca3d4d657de,854778689611649472,_EOPKG_WI-UN-f1-5-99_loan_v1_v5_simulated_GATv2,_EOPKG_WI-UN-f1-5,99,train_candidate_target_in_candidate_set_rate,0,1781530075504,1.0
learn,EOPKG-WI,EOPKGTopologyConditionedWI,a6f92d038fdd4015af0c2ca3d4d657de,854778689611649472,_EOPKG_WI-UN-f1-5-99_loan_v1_v5_simulated_GATv2,_EOPKG_WI-UN-f1-5,99,train_candidate_target_in_candidate_set_rate,0,1781530227219,1.0
learn,EOPKG-WI,EOPKGTopologyConditionedWI,a6f92d038fdd4015af0c2ca3d4d657de,854778689611649472,_EOPKG_WI-UN-f1-5-99_loan_v1_v5_simulated_GATv2,_EOPKG_WI-UN-f1-5,99,train_candidate_target_in_candidate_set_rate,0,1781530227219,1.0
learn,EOPKG-WI,EOPKGTopologyConditionedWI,a6f92d038fdd4015af0c2ca3d4d657de,854778689611649472,_EOPKG_WI-UN-f1-5-99_loan_v1_v5_simulated_GATv2,_EOPKG_WI-UN-f1-5,99,train_candidate_target_in_candidate_set_rate,0,1781530444865,1.0
learn,EOPKG-WI,EOPKGTopologyConditionedWI,a6f92d038fdd4015af0c2ca3d4d657de,854778689611649472,_EOPKG_WI-UN-f1-5-99_loan_v1_v5_simulated_GATv2,_EOPKG_WI-UN-f1-5,99,train_candidate_target_in_candidate_set_rate,0,1781530444865,1.0
learn,EOPKG-WI,EOPKGTopologyConditionedWI,a6f92d038fdd4015af0c2ca3d4d657de,854778689611649472,_EOPKG_WI-UN-f1-5-99_loan_v1_v5_simulated_GATv2,_EOPKG_WI-UN-f1-5,99,train_candidate_target_in_candidate_set_rate,0,1781530722334,1.0
learn,EOPKG-WI,EOPKGTopologyConditionedWI,a6f92d038fdd4015af0c2ca3d4d657de,854778689611649472,_EOPKG_WI-UN-f1-5-99_loan_v1_v5_simulated_GATv2,_EOPKG_WI-UN-f1-5,99,train_candidate_target_in_candidate_set_rate,0,1781530722334,1.0
learn,EOPKG-WI,EOPKGTopologyConditionedWI,a6f92d038fdd4015af0c2ca3d4d657de,854778689611649472,_EOPKG_WI-UN-f1-5-99_loan_v1_v5_simulated_GATv2,_EOPKG_WI-UN-f1-5,99,train_candidate_target_in_candidate_set_rate,0,1781531034696,1.0
learn,EOPKG-WI,EOPKGTopologyConditionedWI,a6f92d038fdd4015af0c2ca3d4d657de,854778689611649472,_EOPKG_WI-UN-f1-5-99_loan_v1_v5_simulated_GATv2,_EOPKG_WI-UN-f1-5,99,train_candidate_target_in_candidate_set_rate,0,1781531034696,1.0
learn,EOPKG-WI,EOPKGTopologyConditionedWI,a6f92d038fdd4015af0c2ca3d4d657de,854778689611649472,_EOPKG_WI-UN-f1-5-99_loan_v1_v5_simulated_GATv2,_EOPKG_WI-UN-f1-5,99,train_candidate_target_in_candidate_set_rate,0,1781531149913,1.0
learn,EOPKG-WI,EOPKGTopologyConditionedWI,a6f92d038fdd4015af0c2ca3d4d657de,854778689611649472,_EOPKG_WI-UN-f1-5-99_loan_v1_v5_simulated_GATv2,_EOPKG_WI-UN-f1-5,99,train_candidate_target_in_candidate_set_rate,0,1781531149913,1.0
learn,EOPKG-WI,EOPKGTopologyConditionedWI,a6f92d038fdd4015af0c2ca3d4d657de,854778689611649472,_EOPKG_WI-UN-f1-5-99_loan_v1_v5_simulated_GATv2,_EOPKG_WI-UN-f1-5,99,train_candidate_target_in_candidate_set_rate,0,1781531261182,1.0
learn,EOPKG-WI,EOPKGTopologyConditionedWI,a6f92d038fdd4015af0c2ca3d4d657de,854778689611649472,_EOPKG_WI-UN-f1-5-99_loan_v1_v5_simulated_GATv2,_EOPKG_WI-UN-f1-5,99,train_candidate_target_in_candidate_set_rate,0,1781531261182,1.0
learn,EOPKG-WI,EOPKGTopologyConditionedWI,a6f92d038fdd4015af0c2ca3d4d657de,854778689611649472,_EOPKG_WI-UN-f1-5-99_loan_v1_v5_simulated_GATv2,_EOPKG_WI-UN-f1-5,99,train_candidate_target_in_candidate_set_rate,0,1781531375007,1.0
learn,EOPKG-WI,EOPKGTopologyConditionedWI,a6f92d038fdd4015af0c2ca3d4d657de,854778689611649472,_EOPKG_WI-UN-f1-5-99_loan_v1_v5_simulated_GATv2,_EOPKG_WI-UN-f1-5,99,train_candidate_target_in_candidate_set_rate,0,1781531375007,1.0
learn,EOPKG-WI,EOPKGTopologyConditionedWI,a6f92d038fdd4015af0c2ca3d4d657de,854778689611649472,_EOPKG_WI-UN-f1-5-99_loan_v1_v5_simulated_GATv2,_EOPKG_WI-UN-f1-5,99,train_candidate_target_in_candidate_set_rate,0,1781531485966,1.0
learn,EOPKG-WI,EOPKGTopologyConditionedWI,a6f92d038fdd4015af0c2ca3d4d657de,854778689611649472,_EOPKG_WI-UN-f1-5-99_loan_v1_v5_simulated_GATv2,_EOPKG_WI-UN-f1-5,99,train_candidate_target_in_candidate_set_rate,0,1781531485966,1.0
learn,EOPKG-WI,EOPKGTopologyConditionedWI,a6f92d038fdd4015af0c2ca3d4d657de,854778689611649472,_EOPKG_WI-UN-f1-5-99_loan_v1_v5_simulated_GATv2,_EOPKG_WI-UN-f1-5,99,train_candidate_target_in_candidate_set_rate,0,1781531594910,1.0
learn,EOPKG-WI,EOPKGTopologyConditionedWI,a6f92d038fdd4015af0c2ca3d4d657de,854778689611649472,_EOPKG_WI-UN-f1-5-99_loan_v1_v5_simulated_GATv2,_EOPKG_WI-UN-f1-5,99,train_candidate_target_in_candidate_set_rate,0,1781531594910,1.0
learn,EOPKG-WI,EOPKGTopologyConditionedWI,a6f92d038fdd4015af0c2ca3d4d657de,854778689611649472,_EOPKG_WI-UN-f1-5-99_loan_v1_v5_simulated_GATv2,_EOPKG_WI-UN-f1-5,99,train_candidate_target_in_candidate_set_rate,0,1781531703477,1.0
learn,EOPKG-WI,EOPKGTopologyConditionedWI,a6f92d038fdd4015af0c2ca3d4d657de,854778689611649472,_EOPKG_WI-UN-f1-5-99_loan_v1_v5_simulated_GATv2,_EOPKG_WI-UN-f1-5,99,train_candidate_target_in_candidate_set_rate,0,1781531703477,1.0
learn,EOPKG-WI,EOPKGTopologyConditionedWI,a6f92d038fdd4015af0c2ca3d4d657de,854778689611649472,_EOPKG_WI-UN-f1-5-99_loan_v1_v5_simulated_GATv2,_EOPKG_WI-UN-f1-5,99,train_candidate_target_in_candidate_set_rate,0,1781531811876,1.0
learn,EOPKG-WI,EOPKGTopologyConditionedWI,a6f92d038fdd4015af0c2ca3d4d657de,854778689611649472,_EOPKG_WI-UN-f1-5-99_loan_v1_v5_simulated_GATv2,_EOPKG_WI-UN-f1-5,99,train_candidate_target_in_candidate_set_rate,0,1781531811876,1.0
learn,EOPKG-WI,EOPKGTopologyConditionedWI,a6f92d038fdd4015af0c2ca3d4d657de,854778689611649472,_EOPKG_WI-UN-f1-5-99_loan_v1_v5_simulated_GATv2,_EOPKG_WI-UN-f1-5,99,train_candidate_target_in_candidate_set_rate,0,1781531921184,1.0
learn,EOPKG-WI,EOPKGTopologyConditionedWI,a6f92d038fdd4015af0c2ca3d4d657de,854778689611649472,_EOPKG_WI-UN-f1-5-99_loan_v1_v5_simulated_GATv2,_EOPKG_WI-UN-f1-5,99,train_candidate_target_in_candidate_set_rate,0,1781531921184,1.0
learn,EOPKG-WI,EOPKGTopologyConditionedWI,a6f92d038fdd4015af0c2ca3d4d657de,854778689611649472,_EOPKG_WI-UN-f1-5-99_loan_v1_v5_simulated_GATv2,_EOPKG_WI-UN-f1-5,99,train_candidate_target_in_candidate_set_rate,0,1781532028963,1.0
learn,EOPKG-WI,EOPKGTopologyConditionedWI,a6f92d038fdd4015af0c2ca3d4d657de,854778689611649472,_EOPKG_WI-UN-f1-5-99_loan_v1_v5_simulated_GATv2,_EOPKG_WI-UN-f1-5,99,train_candidate_target_in_candidate_set_rate,0,1781532028963,1.0
learn,EOPKG-WI,EOPKGTopologyConditionedWI,a6f92d038fdd4015af0c2ca3d4d657de,854778689611649472,_EOPKG_WI-UN-f1-5-99_loan_v1_v5_simulated_GATv2,_EOPKG_WI-UN-f1-5,99,train_candidate_target_in_candidate_set_rate,0,1781532136841,1.0
learn,EOPKG-WI,EOPKGTopologyConditionedWI,a6f92d038fdd4015af0c2ca3d4d657de,854778689611649472,_EOPKG_WI-UN-f1-5-99_loan_v1_v5_simulated_GATv2,_EOPKG_WI-UN-f1-5,99,train_candidate_target_in_candidate_set_rate,0,1781532136841,1.0
learn,EOPKG-WI,EOPKGTopologyConditionedWI,a6f92d038fdd4015af0c2ca3d4d657de,854778689611649472,_EOPKG_WI-UN-f1-5-99_loan_v1_v5_simulated_GATv2,_EOPKG_WI-UN-f1-5,99,train_candidate_target_in_candidate_set_rate,0,1781532245732,1.0
learn,EOPKG-WI,EOPKGTopologyConditionedWI,a6f92d038fdd4015af0c2ca3d4d657de,854778689611649472,_EOPKG_WI-UN-f1-5-99_loan_v1_v5_simulated_GATv2,_EOPKG_WI-UN-f1-5,99,train_candidate_target_in_candidate_set_rate,0,1781532245732,1.0
learn,EOPKG-WI,EOPKGTopologyConditionedWI,a6f92d038fdd4015af0c2ca3d4d657de,854778689611649472,_EOPKG_WI-UN-f1-5-99_loan_v1_v5_simulated_GATv2,_EOPKG_WI-UN-f1-5,99,train_candidate_target_in_candidate_set_rate,0,1781532359301,1.0
learn,EOPKG-WI,EOPKGTopologyConditionedWI,a6f92d038fdd4015af0c2ca3d4d657de,854778689611649472,_EOPKG_WI-UN-f1-5-99_loan_v1_v5_simulated_GATv2,_EOPKG_WI-UN-f1-5,99,train_candidate_target_in_candidate_set_rate,0,1781532359301,1.0
learn,EOPKG-WI,EOPKGTopologyConditionedWI,a6f92d038fdd4015af0c2ca3d4d657de,854778689611649472,_EOPKG_WI-UN-f1-5-99_loan_v1_v5_simulated_GATv2,_EOPKG_WI-UN-f1-5,99,train_candidate_target_in_candidate_set_rate,0,1781532468467,1.0
learn,EOPKG-WI,EOPKGTopologyConditionedWI,a6f92d038fdd4015af0c2ca3d4d657de,854778689611649472,_EOPKG_WI-UN-f1-5-99_loan_v1_v5_simulated_GATv2,_EOPKG_WI-UN-f1-5,99,train_candidate_target_in_candidate_set_rate,0,1781532468467,1.0
learn,EOPKG-WI,EOPKGTopologyConditionedWI,a6f92d038fdd4015af0c2ca3d4d657de,854778689611649472,_EOPKG_WI-UN-f1-5-99_loan_v1_v5_simulated_GATv2,_EOPKG_WI-UN-f1-5,99,train_candidate_target_in_candidate_set_rate,0,1781532578750,1.0
learn,EOPKG-WI,EOPKGTopologyConditionedWI,a6f92d038fdd4015af0c2ca3d4d657de,854778689611649472,_EOPKG_WI-UN-f1-5-99_loan_v1_v5_simulated_GATv2,_EOPKG_WI-UN-f1-5,99,train_candidate_target_in_candidate_set_rate,0,1781532578750,1.0
learn,EOPKG-WI,EOPKGTopologyConditionedWI,d0cd559af6bc4bcd986fb11b0ed56877,854778689611649472,_EOPKG_WI-UN-f1-5-55_loan_v1_v5_simulated_GATv2,_EOPKG_WI-UN-f1-5,55,train_candidate_target_in_candidate_set_rate,0,1781084760813,1.0
learn,EOPKG-WI,EOPKGTopologyConditionedWI,d0cd559af6bc4bcd986fb11b0ed56877,854778689611649472,_EOPKG_WI-UN-f1-5-55_loan_v1_v5_simulated_GATv2,_EOPKG_WI-UN-f1-5,55,train_candidate_target_in_candidate_set_rate,0,1781084760813,1.0
learn,EOPKG-WI,EOPKGTopologyConditionedWI,d0cd559af6bc4bcd986fb11b0ed56877,854778689611649472,_EOPKG_WI-UN-f1-5-55_loan_v1_v5_simulated_GATv2,_EOPKG_WI-UN-f1-5,55,train_candidate_target_in_candidate_set_rate,0,1781084905563,1.0
learn,EOPKG-WI,EOPKGTopologyConditionedWI,d0cd559af6bc4bcd986fb11b0ed56877,854778689611649472,_EOPKG_WI-UN-f1-5-55_loan_v1_v5_simulated_GATv2,_EOPKG_WI-UN-f1-5,55,train_candidate_target_in_candidate_set_rate,0,1781084905563,1.0
learn,EOPKG-WI,EOPKGTopologyConditionedWI,d0cd559af6bc4bcd986fb11b0ed56877,854778689611649472,_EOPKG_WI-UN-f1-5-55_loan_v1_v5_simulated_GATv2,_EOPKG_WI-UN-f1-5,55,train_candidate_target_in_candidate_set_rate,0,1781085019032,1.0
learn,EOPKG-WI,EOPKGTopologyConditionedWI,d0cd559af6bc4bcd986fb11b0ed56877,854778689611649472,_EOPKG_WI-UN-f1-5-55_loan_v1_v5_simulated_GATv2,_EOPKG_WI-UN-f1-5,55,train_candidate_target_in_candidate_set_rate,0,1781085019032,1.0
learn,EOPKG-WI,EOPKGTopologyConditionedWI,d0cd559af6bc4bcd986fb11b0ed56877,854778689611649472,_EOPKG_WI-UN-f1-5-55_loan_v1_v5_simulated_GATv2,_EOPKG_WI-UN-f1-5,55,train_candidate_target_in_candidate_set_rate,0,1781085130554,1.0
learn,EOPKG-WI,EOPKGTopologyConditionedWI,d0cd559af6bc4bcd986fb11b0ed56877,854778689611649472,_EOPKG_WI-UN-f1-5-55_loan_v1_v5_simulated_GATv2,_EOPKG_WI-UN-f1-5,55,train_candidate_target_in_candidate_set_rate,0,1781085130554,1.0
learn,EOPKG-WI,EOPKGTopologyConditionedWI,d0cd559af6bc4bcd986fb11b0ed56877,854778689611649472,_EOPKG_WI-UN-f1-5-55_loan_v1_v5_simulated_GATv2,_EOPKG_WI-UN-f1-5,55,train_candidate_target_in_candidate_set_rate,0,1781085250591,1.0
learn,EOPKG-WI,EOPKGTopologyConditionedWI,d0cd559af6bc4bcd986fb11b0ed56877,854778689611649472,_EOPKG_WI-UN-f1-5-55_loan_v1_v5_simulated_GATv2,_EOPKG_WI-UN-f1-5,55,train_candidate_target_in_candidate_set_rate,0,1781085250591,1.0
learn,EOPKG-WI,EOPKGTopologyConditionedWI,d0cd559af6bc4bcd986fb11b0ed56877,854778689611649472,_EOPKG_WI-UN-f1-5-55_loan_v1_v5_simulated_GATv2,_EOPKG_WI-UN-f1-5,55,train_candidate_target_in_candidate_set_rate,0,1781085376327,1.0
learn,EOPKG-WI,EOPKGTopologyConditionedWI,d0cd559af6bc4bcd986fb11b0ed56877,854778689611649472,_EOPKG_WI-UN-f1-5-55_loan_v1_v5_simulated_GATv2,_EOPKG_WI-UN-f1-5,55,train_candidate_target_in_candidate_set_rate,0,1781085376327,1.0
learn,EOPKG-WI,EOPKGTopologyConditionedWI,d0cd559af6bc4bcd986fb11b0ed56877,854778689611649472,_EOPKG_WI-UN-f1-5-55_loan_v1_v5_simulated_GATv2,_EOPKG_WI-UN-f1-5,55,train_candidate_target_in_candidate_set_rate,0,1781085479985,1.0
learn,EOPKG-WI,EOPKGTopologyConditionedWI,d0cd559af6bc4bcd986fb11b0ed56877,854778689611649472,_EOPKG_WI-UN-f1-5-55_loan_v1_v5_simulated_GATv2,_EOPKG_WI-UN-f1-5,55,train_candidate_target_in_candidate_set_rate,0,1781085479985,1.0
learn,EOPKG-WI,EOPKGTopologyConditionedWI,d0cd559af6bc4bcd986fb11b0ed56877,854778689611649472,_EOPKG_WI-UN-f1-5-55_loan_v1_v5_simulated_GATv2,_EOPKG_WI-UN-f1-5,55,train_candidate_target_in_candidate_set_rate,0,1781085594412,1.0
learn,EOPKG-WI,EOPKGTopologyConditionedWI,d0cd559af6bc4bcd986fb11b0ed56877,854778689611649472,_EOPKG_WI-UN-f1-5-55_loan_v1_v5_simulated_GATv2,_EOPKG_WI-UN-f1-5,55,train_candidate_target_in_candidate_set_rate,0,1781085594412,1.0
learn,EOPKG-WI,EOPKGTopologyConditionedWI,d0cd559af6bc4bcd986fb11b0ed56877,854778689611649472,_EOPKG_WI-UN-f1-5-55_loan_v1_v5_simulated_GATv2,_EOPKG_WI-UN-f1-5,55,train_candidate_target_in_candidate_set_rate,0,1781085722140,1.0
learn,EOPKG-WI,EOPKGTopologyConditionedWI,d0cd559af6bc4bcd986fb11b0ed56877,854778689611649472,_EOPKG_WI-UN-f1-5-55_loan_v1_v5_simulated_GATv2,_EOPKG_WI-UN-f1-5,55,train_candidate_target_in_candidate_set_rate,0,1781085722140,1.0
learn,EOPKG-WI,EOPKGTopologyConditionedWI,d0cd559af6bc4bcd986fb11b0ed56877,854778689611649472,_EOPKG_WI-UN-f1-5-55_loan_v1_v5_simulated_GATv2,_EOPKG_WI-UN-f1-5,55,train_candidate_target_in_candidate_set_rate,0,1781085847221,1.0
learn,EOPKG-WI,EOPKGTopologyConditionedWI,d0cd559af6bc4bcd986fb11b0ed56877,854778689611649472,_EOPKG_WI-UN-f1-5-55_loan_v1_v5_simulated_GATv2,_EOPKG_WI-UN-f1-5,55,train_candidate_target_in_candidate_set_rate,0,1781085847221,1.0
learn,EOPKG-WI,EOPKGTopologyConditionedWI,d0cd559af6bc4bcd986fb11b0ed56877,854778689611649472,_EOPKG_WI-UN-f1-5-55_loan_v1_v5_simulated_GATv2,_EOPKG_WI-UN-f1-5,55,train_candidate_target_in_candidate_set_rate,0,1781085974152,1.0
learn,EOPKG-WI,EOPKGTopologyConditionedWI,d0cd559af6bc4bcd986fb11b0ed56877,854778689611649472,_EOPKG_WI-UN-f1-5-55_loan_v1_v5_simulated_GATv2,_EOPKG_WI-UN-f1-5,55,train_candidate_target_in_candidate_set_rate,0,1781085974152,1.0
learn,EOPKG-WI,EOPKGTopologyConditionedWI,d0cd559af6bc4bcd986fb11b0ed56877,854778689611649472,_EOPKG_WI-UN-f1-5-55_loan_v1_v5_simulated_GATv2,_EOPKG_WI-UN-f1-5,55,train_candidate_target_in_candidate_set_rate,0,1781086100126,1.0
learn,EOPKG-WI,EOPKGTopologyConditionedWI,d0cd559af6bc4bcd986fb11b0ed56877,854778689611649472,_EOPKG_WI-UN-f1-5-55_loan_v1_v5_simulated_GATv2,_EOPKG_WI-UN-f1-5,55,train_candidate_target_in_candidate_set_rate,0,1781086100126,1.0
learn,EOPKG-WI,EOPKGTopologyConditionedWI,d0cd559af6bc4bcd986fb11b0ed56877,854778689611649472,_EOPKG_WI-UN-f1-5-55_loan_v1_v5_simulated_GATv2,_EOPKG_WI-UN-f1-5,55,train_candidate_target_in_candidate_set_rate,0,1781086240708,1.0
learn,EOPKG-WI,EOPKGTopologyConditionedWI,d0cd559af6bc4bcd986fb11b0ed56877,854778689611649472,_EOPKG_WI-UN-f1-5-55_loan_v1_v5_simulated_GATv2,_EOPKG_WI-UN-f1-5,55,train_candidate_target_in_candidate_set_rate,0,1781086240708,1.0
learn,EOPKG-WI,EOPKGTopologyConditionedWI,d0cd559af6bc4bcd986fb11b0ed56877,854778689611649472,_EOPKG_WI-UN-f1-5-55_loan_v1_v5_simulated_GATv2,_EOPKG_WI-UN-f1-5,55,train_candidate_target_in_candidate_set_rate,0,1781086377251,1.0
learn,EOPKG-WI,EOPKGTopologyConditionedWI,d0cd559af6bc4bcd986fb11b0ed56877,854778689611649472,_EOPKG_WI-UN-f1-5-55_loan_v1_v5_simulated_GATv2,_EOPKG_WI-UN-f1-5,55,train_candidate_target_in_candidate_set_rate,0,1781086377251,1.0
learn,EOPKG-WI,EOPKGTopologyConditionedWI,d0cd559af6bc4bcd986fb11b0ed56877,854778689611649472,_EOPKG_WI-UN-f1-5-55_loan_v1_v5_simulated_GATv2,_EOPKG_WI-UN-f1-5,55,train_candidate_target_in_candidate_set_rate,0,1781086498567,1.0
learn,EOPKG-WI,EOPKGTopologyConditionedWI,d0cd559af6bc4bcd986fb11b0ed56877,854778689611649472,_EOPKG_WI-UN-f1-5-55_loan_v1_v5_simulated_GATv2,_EOPKG_WI-UN-f1-5,55,train_candidate_target_in_candidate_set_rate,0,1781086498567,1.0
learn,EOPKG-WI,EOPKGTopologyConditionedWI,d0cd559af6bc4bcd986fb11b0ed56877,854778689611649472,_EOPKG_WI-UN-f1-5-55_loan_v1_v5_simulated_GATv2,_EOPKG_WI-UN-f1-5,55,train_candidate_target_in_candidate_set_rate,0,1781086635605,1.0
learn,EOPKG-WI,EOPKGTopologyConditionedWI,d0cd559af6bc4bcd986fb11b0ed56877,854778689611649472,_EOPKG_WI-UN-f1-5-55_loan_v1_v5_simulated_GATv2,_EOPKG_WI-UN-f1-5,55,train_candidate_target_in_candidate_set_rate,0,1781086635605,1.0
learn,EOPKG-WI,EOPKGTopologyConditionedWI,d0cd559af6bc4bcd986fb11b0ed56877,854778689611649472,_EOPKG_WI-UN-f1-5-55_loan_v1_v5_simulated_GATv2,_EOPKG_WI-UN-f1-5,55,train_candidate_target_in_candidate_set_rate,0,1781086762968,1.0
learn,EOPKG-WI,EOPKGTopologyConditionedWI,d0cd559af6bc4bcd986fb11b0ed56877,854778689611649472,_EOPKG_WI-UN-f1-5-55_loan_v1_v5_simulated_GATv2,_EOPKG_WI-UN-f1-5,55,train_candidate_target_in_candidate_set_rate,0,1781086762968,1.0
learn,EOPKG-WI,EOPKGTopologyConditionedWI,d0cd559af6bc4bcd986fb11b0ed56877,854778689611649472,_EOPKG_WI-UN-f1-5-55_loan_v1_v5_simulated_GATv2,_EOPKG_WI-UN-f1-5,55,train_candidate_target_in_candidate_set_rate,0,1781086916901,1.0
learn,EOPKG-WI,EOPKGTopologyConditionedWI,d0cd559af6bc4bcd986fb11b0ed56877,854778689611649472,_EOPKG_WI-UN-f1-5-55_loan_v1_v5_simulated_GATv2,_EOPKG_WI-UN-f1-5,55,train_candidate_target_in_candidate_set_rate,0,1781086916901,1.0
learn,EOPKG-WI,EOPKGTopologyConditionedWI,d0cd559af6bc4bcd986fb11b0ed56877,854778689611649472,_EOPKG_WI-UN-f1-5-55_loan_v1_v5_simulated_GATv2,_EOPKG_WI-UN-f1-5,55,train_candidate_target_in_candidate_set_rate,0,1781087042137,1.0
learn,EOPKG-WI,EOPKGTopologyConditionedWI,d0cd559af6bc4bcd986fb11b0ed56877,854778689611649472,_EOPKG_WI-UN-f1-5-55_loan_v1_v5_simulated_GATv2,_EOPKG_WI-UN-f1-5,55,train_candidate_target_in_candidate_set_rate,0,1781087042137,1.0
learn,EOPKG-WI,EOPKGTopologyConditionedWI,d0cd559af6bc4bcd986fb11b0ed56877,854778689611649472,_EOPKG_WI-UN-f1-5-55_loan_v1_v5_simulated_GATv2,_EOPKG_WI-UN-f1-5,55,train_candidate_target_in_candidate_set_rate,0,1781087169102,1.0
learn,EOPKG-WI,EOPKGTopologyConditionedWI,d0cd559af6bc4bcd986fb11b0ed56877,854778689611649472,_EOPKG_WI-UN-f1-5-55_loan_v1_v5_simulated_GATv2,_EOPKG_WI-UN-f1-5,55,train_candidate_target_in_candidate_set_rate,0,1781087169102,1.0
learn,EOPKG-WI,EOPKGTopologyConditionedWI,d0cd559af6bc4bcd986fb11b0ed56877,854778689611649472,_EOPKG_WI-UN-f1-5-55_loan_v1_v5_simulated_GATv2,_EOPKG_WI-UN-f1-5,55,train_candidate_target_in_candidate_set_rate,0,1781087301219,1.0
learn,EOPKG-WI,EOPKGTopologyConditionedWI,d0cd559af6bc4bcd986fb11b0ed56877,854778689611649472,_EOPKG_WI-UN-f1-5-55_loan_v1_v5_simulated_GATv2,_EOPKG_WI-UN-f1-5,55,train_candidate_target_in_candidate_set_rate,0,1781087301219,1.0
learn,EOPKG-WI,EOPKGTopologyConditionedWI,d0cd559af6bc4bcd986fb11b0ed56877,854778689611649472,_EOPKG_WI-UN-f1-5-55_loan_v1_v5_simulated_GATv2,_EOPKG_WI-UN-f1-5,55,train_candidate_target_in_candidate_set_rate,0,1781087467244,1.0
learn,EOPKG-WI,EOPKGTopologyConditionedWI,d0cd559af6bc4bcd986fb11b0ed56877,854778689611649472,_EOPKG_WI-UN-f1-5-55_loan_v1_v5_simulated_GATv2,_EOPKG_WI-UN-f1-5,55,train_candidate_target_in_candidate_set_rate,0,1781087467244,1.0
learn,EOPKG-WI,EOPKGTopologyConditionedWI,d0cd559af6bc4bcd986fb11b0ed56877,854778689611649472,_EOPKG_WI-UN-f1-5-55_loan_v1_v5_simulated_GATv2,_EOPKG_WI-UN-f1-5,55,train_candidate_target_in_candidate_set_rate,0,1781087686148,1.0
learn,EOPKG-WI,EOPKGTopologyConditionedWI,d0cd559af6bc4bcd986fb11b0ed56877,854778689611649472,_EOPKG_WI-UN-f1-5-55_loan_v1_v5_simulated_GATv2,_EOPKG_WI-UN-f1-5,55,train_candidate_target_in_candidate_set_rate,0,1781087686148,1.0
learn,EOPKG-WI,EOPKGTopologyConditionedWI,d0cd559af6bc4bcd986fb11b0ed56877,854778689611649472,_EOPKG_WI-UN-f1-5-55_loan_v1_v5_simulated_GATv2,_EOPKG_WI-UN-f1-5,55,train_candidate_target_in_candidate_set_rate,0,1781087866642,1.0
learn,EOPKG-WI,EOPKGTopologyConditionedWI,d0cd559af6bc4bcd986fb11b0ed56877,854778689611649472,_EOPKG_WI-UN-f1-5-55_loan_v1_v5_simulated_GATv2,_EOPKG_WI-UN-f1-5,55,train_candidate_target_in_candidate_set_rate,0,1781087866642,1.0
learn,EOPKG-WI,EOPKGTopologyConditionedWI,d0cd559af6bc4bcd986fb11b0ed56877,854778689611649472,_EOPKG_WI-UN-f1-5-55_loan_v1_v5_simulated_GATv2,_EOPKG_WI-UN-f1-5,55,train_candidate_target_in_candidate_set_rate,0,1781088061468,1.0
learn,EOPKG-WI,EOPKGTopologyConditionedWI,d0cd559af6bc4bcd986fb11b0ed56877,854778689611649472,_EOPKG_WI-UN-f1-5-55_loan_v1_v5_simulated_GATv2,_EOPKG_WI-UN-f1-5,55,train_candidate_target_in_candidate_set_rate,0,1781088061468,1.0
learn,EOPKG-WI,EOPKGTopologyConditionedWI,d0cd559af6bc4bcd986fb11b0ed56877,854778689611649472,_EOPKG_WI-UN-f1-5-55_loan_v1_v5_simulated_GATv2,_EOPKG_WI-UN-f1-5,55,train_candidate_target_in_candidate_set_rate,0,1781088197010,1.0
learn,EOPKG-WI,EOPKGTopologyConditionedWI,d0cd559af6bc4bcd986fb11b0ed56877,854778689611649472,_EOPKG_WI-UN-f1-5-55_loan_v1_v5_simulated_GATv2,_EOPKG_WI-UN-f1-5,55,train_candidate_target_in_candidate_set_rate,0,1781088197010,1.0
learn,EOPKG-WI,EOPKGTopologyConditionedWI,d0cd559af6bc4bcd986fb11b0ed56877,854778689611649472,_EOPKG_WI-UN-f1-5-55_loan_v1_v5_simulated_GATv2,_EOPKG_WI-UN-f1-5,55,train_candidate_target_in_candidate_set_rate,0,1781088322234,1.0
learn,EOPKG-WI,EOPKGTopologyConditionedWI,d0cd559af6bc4bcd986fb11b0ed56877,854778689611649472,_EOPKG_WI-UN-f1-5-55_loan_v1_v5_simulated_GATv2,_EOPKG_WI-UN-f1-5,55,train_candidate_target_in_candidate_set_rate,0,1781088322234,1.0
learn,EOPKG-WI,EOPKGTopologyConditionedWI,d0cd559af6bc4bcd986fb11b0ed56877,854778689611649472,_EOPKG_WI-UN-f1-5-55_loan_v1_v5_simulated_GATv2,_EOPKG_WI-UN-f1-5,55,train_candidate_target_in_candidate_set_rate,0,1781088439648,1.0
learn,EOPKG-WI,EOPKGTopologyConditionedWI,d0cd559af6bc4bcd986fb11b0ed56877,854778689611649472,_EOPKG_WI-UN-f1-5-55_loan_v1_v5_simulated_GATv2,_EOPKG_WI-UN-f1-5,55,train_candidate_target_in_candidate_set_rate,0,1781088439648,1.0
learn,EOPKG-WI,EOPKGTopologyConditionedWI,d0cd559af6bc4bcd986fb11b0ed56877,854778689611649472,_EOPKG_WI-UN-f1-5-55_loan_v1_v5_simulated_GATv2,_EOPKG_WI-UN-f1-5,55,train_candidate_target_in_candidate_set_rate,0,1781088560846,1.0
learn,EOPKG-WI,EOPKGTopologyConditionedWI,d0cd559af6bc4bcd986fb11b0ed56877,854778689611649472,_EOPKG_WI-UN-f1-5-55_loan_v1_v5_simulated_GATv2,_EOPKG_WI-UN-f1-5,55,train_candidate_target_in_candidate_set_rate,0,1781088560846,1.0
learn,EOPKG-WI,EOPKGTopologyConditionedWI,d0cd559af6bc4bcd986fb11b0ed56877,854778689611649472,_EOPKG_WI-UN-f1-5-55_loan_v1_v5_simulated_GATv2,_EOPKG_WI-UN-f1-5,55,train_candidate_target_in_candidate_set_rate,0,1781088685189,1.0
learn,EOPKG-WI,EOPKGTopologyConditionedWI,d0cd559af6bc4bcd986fb11b0ed56877,854778689611649472,_EOPKG_WI-UN-f1-5-55_loan_v1_v5_simulated_GATv2,_EOPKG_WI-UN-f1-5,55,train_candidate_target_in_candidate_set_rate,0,1781088685189,1.0
learn,EOPKG-WI,EOPKGTopologyConditionedWI,d0cd559af6bc4bcd986fb11b0ed56877,854778689611649472,_EOPKG_WI-UN-f1-5-55_loan_v1_v5_simulated_GATv2,_EOPKG_WI-UN-f1-5,55,train_candidate_target_in_candidate_set_rate,0,1781088850690,1.0
learn,EOPKG-WI,EOPKGTopologyConditionedWI,d0cd559af6bc4bcd986fb11b0ed56877,854778689611649472,_EOPKG_WI-UN-f1-5-55_loan_v1_v5_simulated_GATv2,_EOPKG_WI-UN-f1-5,55,train_candidate_target_in_candidate_set_rate,0,1781088850690,1.0
learn,EOPKG-WI,EOPKGTopologyConditionedWI,d0cd559af6bc4bcd986fb11b0ed56877,854778689611649472,_EOPKG_WI-UN-f1-5-55_loan_v1_v5_simulated_GATv2,_EOPKG_WI-UN-f1-5,55,train_candidate_target_in_candidate_set_rate,0,1781089029229,1.0
learn,EOPKG-WI,EOPKGTopologyConditionedWI,d0cd559af6bc4bcd986fb11b0ed56877,854778689611649472,_EOPKG_WI-UN-f1-5-55_loan_v1_v5_simulated_GATv2,_EOPKG_WI-UN-f1-5,55,train_candidate_target_in_candidate_set_rate,0,1781089029229,1.0
learn,EOPKG-WI,EOPKGTopologyConditionedWI,d0cd559af6bc4bcd986fb11b0ed56877,854778689611649472,_EOPKG_WI-UN-f1-5-55_loan_v1_v5_simulated_GATv2,_EOPKG_WI-UN-f1-5,55,train_candidate_target_in_candidate_set_rate,0,1781089181154,1.0
learn,EOPKG-WI,EOPKGTopologyConditionedWI,d0cd559af6bc4bcd986fb11b0ed56877,854778689611649472,_EOPKG_WI-UN-f1-5-55_loan_v1_v5_simulated_GATv2,_EOPKG_WI-UN-f1-5,55,train_candidate_target_in_candidate_set_rate,0,1781089181154,1.0
learn,EOPKG-WI,EOPKGTopologyConditionedWI,d0cd559af6bc4bcd986fb11b0ed56877,854778689611649472,_EOPKG_WI-UN-f1-5-55_loan_v1_v5_simulated_GATv2,_EOPKG_WI-UN-f1-5,55,train_candidate_target_in_candidate_set_rate,0,1781089294684,1.0
learn,EOPKG-WI,EOPKGTopologyConditionedWI,d0cd559af6bc4bcd986fb11b0ed56877,854778689611649472,_EOPKG_WI-UN-f1-5-55_loan_v1_v5_simulated_GATv2,_EOPKG_WI-UN-f1-5,55,train_candidate_target_in_candidate_set_rate,0,1781089294684,1.0
learn,EOPKG-WI,EOPKGTopologyConditionedWI,d0cd559af6bc4bcd986fb11b0ed56877,854778689611649472,_EOPKG_WI-UN-f1-5-55_loan_v1_v5_simulated_GATv2,_EOPKG_WI-UN-f1-5,55,train_candidate_target_in_candidate_set_rate,0,1781089418912,1.0
learn,EOPKG-WI,EOPKGTopologyConditionedWI,d0cd559af6bc4bcd986fb11b0ed56877,854778689611649472,_EOPKG_WI-UN-f1-5-55_loan_v1_v5_simulated_GATv2,_EOPKG_WI-UN-f1-5,55,train_candidate_target_in_candidate_set_rate,0,1781089418912,1.0
learn,EOPKG-WI,EOPKGTopologyConditionedWI,d0cd559af6bc4bcd986fb11b0ed56877,854778689611649472,_EOPKG_WI-UN-f1-5-55_loan_v1_v5_simulated_GATv2,_EOPKG_WI-UN-f1-5,55,train_candidate_target_in_candidate_set_rate,0,1781089531760,1.0
learn,EOPKG-WI,EOPKGTopologyConditionedWI,d0cd559af6bc4bcd986fb11b0ed56877,854778689611649472,_EOPKG_WI-UN-f1-5-55_loan_v1_v5_simulated_GATv2,_EOPKG_WI-UN-f1-5,55,train_candidate_target_in_candidate_set_rate,0,1781089531760,1.0
learn,EOPKG-WI,EOPKGTopologyConditionedWI,d0cd559af6bc4bcd986fb11b0ed56877,854778689611649472,_EOPKG_WI-UN-f1-5-55_loan_v1_v5_simulated_GATv2,_EOPKG_WI-UN-f1-5,55,train_candidate_target_in_candidate_set_rate,0,1781089685136,1.0
learn,EOPKG-WI,EOPKGTopologyConditionedWI,d0cd559af6bc4bcd986fb11b0ed56877,854778689611649472,_EOPKG_WI-UN-f1-5-55_loan_v1_v5_simulated_GATv2,_EOPKG_WI-UN-f1-5,55,train_candidate_target_in_candidate_set_rate,0,1781089685136,1.0
learn,EOPKG-WI,EOPKGTopologyConditionedWI,d0cd559af6bc4bcd986fb11b0ed56877,854778689611649472,_EOPKG_WI-UN-f1-5-55_loan_v1_v5_simulated_GATv2,_EOPKG_WI-UN-f1-5,55,train_candidate_target_in_candidate_set_rate,0,1781089795797,1.0
learn,EOPKG-WI,EOPKGTopologyConditionedWI,d0cd559af6bc4bcd986fb11b0ed56877,854778689611649472,_EOPKG_WI-UN-f1-5-55_loan_v1_v5_simulated_GATv2,_EOPKG_WI-UN-f1-5,55,train_candidate_target_in_candidate_set_rate,0,1781089795797,1.0
learn,EOPKG-WI,EOPKGTopologyConditionedWI,d0cd559af6bc4bcd986fb11b0ed56877,854778689611649472,_EOPKG_WI-UN-f1-5-55_loan_v1_v5_simulated_GATv2,_EOPKG_WI-UN-f1-5,55,train_candidate_target_in_candidate_set_rate,0,1781089904424,1.0
learn,EOPKG-WI,EOPKGTopologyConditionedWI,d0cd559af6bc4bcd986fb11b0ed56877,854778689611649472,_EOPKG_WI-UN-f1-5-55_loan_v1_v5_simulated_GATv2,_EOPKG_WI-UN-f1-5,55,train_candidate_target_in_candidate_set_rate,0,1781089904424,1.0
learn,EOPKG-WI,EOPKGTopologyConditionedWI,d0cd559af6bc4bcd986fb11b0ed56877,854778689611649472,_EOPKG_WI-UN-f1-5-55_loan_v1_v5_simulated_GATv2,_EOPKG_WI-UN-f1-5,55,train_candidate_target_in_candidate_set_rate,0,1781090053277,1.0
learn,EOPKG-WI,EOPKGTopologyConditionedWI,d0cd559af6bc4bcd986fb11b0ed56877,854778689611649472,_EOPKG_WI-UN-f1-5-55_loan_v1_v5_simulated_GATv2,_EOPKG_WI-UN-f1-5,55,train_candidate_target_in_candidate_set_rate,0,1781090053277,1.0
learn,EOPKG-WI,EOPKGTopologyConditionedWI,d0cd559af6bc4bcd986fb11b0ed56877,854778689611649472,_EOPKG_WI-UN-f1-5-55_loan_v1_v5_simulated_GATv2,_EOPKG_WI-UN-f1-5,55,train_candidate_target_in_candidate_set_rate,0,1781090215729,1.0
learn,EOPKG-WI,EOPKGTopologyConditionedWI,d0cd559af6bc4bcd986fb11b0ed56877,854778689611649472,_EOPKG_WI-UN-f1-5-55_loan_v1_v5_simulated_GATv2,_EOPKG_WI-UN-f1-5,55,train_candidate_target_in_candidate_set_rate,0,1781090215729,1.0
learn,EOPKG-WI,EOPKGTopologyConditionedWI,d0cd559af6bc4bcd986fb11b0ed56877,854778689611649472,_EOPKG_WI-UN-f1-5-55_loan_v1_v5_simulated_GATv2,_EOPKG_WI-UN-f1-5,55,train_candidate_target_in_candidate_set_rate,0,1781090386396,1.0
learn,EOPKG-WI,EOPKGTopologyConditionedWI,d0cd559af6bc4bcd986fb11b0ed56877,854778689611649472,_EOPKG_WI-UN-f1-5-55_loan_v1_v5_simulated_GATv2,_EOPKG_WI-UN-f1-5,55,train_candidate_target_in_candidate_set_rate,0,1781090386396,1.0
learn,EOPKG-WI,EOPKGTopologyConditionedWI,d0cd559af6bc4bcd986fb11b0ed56877,854778689611649472,_EOPKG_WI-UN-f1-5-55_loan_v1_v5_simulated_GATv2,_EOPKG_WI-UN-f1-5,55,train_candidate_target_in_candidate_set_rate,0,1781090525029,1.0
learn,EOPKG-WI,EOPKGTopologyConditionedWI,d0cd559af6bc4bcd986fb11b0ed56877,854778689611649472,_EOPKG_WI-UN-f1-5-55_loan_v1_v5_simulated_GATv2,_EOPKG_WI-UN-f1-5,55,train_candidate_target_in_candidate_set_rate,0,1781090525029,1.0
learn,EOPKG-WI,EOPKGTopologyConditionedWI,d0cd559af6bc4bcd986fb11b0ed56877,854778689611649472,_EOPKG_WI-UN-f1-5-55_loan_v1_v5_simulated_GATv2,_EOPKG_WI-UN-f1-5,55,train_candidate_target_in_candidate_set_rate,0,1781090639713,1.0
learn,EOPKG-WI,EOPKGTopologyConditionedWI,d0cd559af6bc4bcd986fb11b0ed56877,854778689611649472,_EOPKG_WI-UN-f1-5-55_loan_v1_v5_simulated_GATv2,_EOPKG_WI-UN-f1-5,55,train_candidate_target_in_candidate_set_rate,0,1781090639713,1.0
learn,EOPKG-WI,EOPKGTopologyConditionedWI,d0cd559af6bc4bcd986fb11b0ed56877,854778689611649472,_EOPKG_WI-UN-f1-5-55_loan_v1_v5_simulated_GATv2,_EOPKG_WI-UN-f1-5,55,train_candidate_target_in_candidate_set_rate,0,1781090748161,1.0
learn,EOPKG-WI,EOPKGTopologyConditionedWI,d0cd559af6bc4bcd986fb11b0ed56877,854778689611649472,_EOPKG_WI-UN-f1-5-55_loan_v1_v5_simulated_GATv2,_EOPKG_WI-UN-f1-5,55,train_candidate_target_in_candidate_set_rate,0,1781090748161,1.0
learn,EOPKG-WI,EOPKGTopologyConditionedWI,d0cd559af6bc4bcd986fb11b0ed56877,854778689611649472,_EOPKG_WI-UN-f1-5-55_loan_v1_v5_simulated_GATv2,_EOPKG_WI-UN-f1-5,55,train_candidate_target_in_candidate_set_rate,0,1781090858229,1.0
learn,EOPKG-WI,EOPKGTopologyConditionedWI,d0cd559af6bc4bcd986fb11b0ed56877,854778689611649472,_EOPKG_WI-UN-f1-5-55_loan_v1_v5_simulated_GATv2,_EOPKG_WI-UN-f1-5,55,train_candidate_target_in_candidate_set_rate,0,1781090858229,1.0
learn,EOPKG-WI,EOPKGTopologyConditionedWI,d0cd559af6bc4bcd986fb11b0ed56877,854778689611649472,_EOPKG_WI-UN-f1-5-55_loan_v1_v5_simulated_GATv2,_EOPKG_WI-UN-f1-5,55,train_candidate_target_in_candidate_set_rate,0,1781090963606,1.0
learn,EOPKG-WI,EOPKGTopologyConditionedWI,d0cd559af6bc4bcd986fb11b0ed56877,854778689611649472,_EOPKG_WI-UN-f1-5-55_loan_v1_v5_simulated_GATv2,_EOPKG_WI-UN-f1-5,55,train_candidate_target_in_candidate_set_rate,0,1781090963606,1.0
learn,EOPKG-WI,EOPKGTopologyConditionedWI,d0cd559af6bc4bcd986fb11b0ed56877,854778689611649472,_EOPKG_WI-UN-f1-5-55_loan_v1_v5_simulated_GATv2,_EOPKG_WI-UN-f1-5,55,train_candidate_target_in_candidate_set_rate,0,1781091064243,1.0
learn,EOPKG-WI,EOPKGTopologyConditionedWI,d0cd559af6bc4bcd986fb11b0ed56877,854778689611649472,_EOPKG_WI-UN-f1-5-55_loan_v1_v5_simulated_GATv2,_EOPKG_WI-UN-f1-5,55,train_candidate_target_in_candidate_set_rate,0,1781091064243,1.0
learn,EOPKG-WI,EOPKGTopologyConditionedWI,d0cd559af6bc4bcd986fb11b0ed56877,854778689611649472,_EOPKG_WI-UN-f1-5-55_loan_v1_v5_simulated_GATv2,_EOPKG_WI-UN-f1-5,55,train_candidate_target_in_candidate_set_rate,0,1781091165745,1.0
learn,EOPKG-WI,EOPKGTopologyConditionedWI,d0cd559af6bc4bcd986fb11b0ed56877,854778689611649472,_EOPKG_WI-UN-f1-5-55_loan_v1_v5_simulated_GATv2,_EOPKG_WI-UN-f1-5,55,train_candidate_target_in_candidate_set_rate,0,1781091165745,1.0
learn,EOPKG-WI,EOPKGTopologyConditionedWI,d0cd559af6bc4bcd986fb11b0ed56877,854778689611649472,_EOPKG_WI-UN-f1-5-55_loan_v1_v5_simulated_GATv2,_EOPKG_WI-UN-f1-5,55,train_candidate_target_in_candidate_set_rate,0,1781091270802,1.0
learn,EOPKG-WI,EOPKGTopologyConditionedWI,d0cd559af6bc4bcd986fb11b0ed56877,854778689611649472,_EOPKG_WI-UN-f1-5-55_loan_v1_v5_simulated_GATv2,_EOPKG_WI-UN-f1-5,55,train_candidate_target_in_candidate_set_rate,0,1781091270802,1.0
learn,EOPKG-WI,EOPKGTopologyConditionedWI,d3b7c7404a1b432b8dd330d96271b528,854778689611649472,_EOPKG_WI-UN-f1-5-67_loan_v1_v5_simulated_GATv2,_EOPKG_WI-UN-f1-5,67,train_candidate_target_in_candidate_set_rate,0,1781608059386,1.0
learn,EOPKG-WI,EOPKGTopologyConditionedWI,d3b7c7404a1b432b8dd330d96271b528,854778689611649472,_EOPKG_WI-UN-f1-5-67_loan_v1_v5_simulated_GATv2,_EOPKG_WI-UN-f1-5,67,train_candidate_target_in_candidate_set_rate,0,1781608059386,1.0
learn,EOPKG-WI,EOPKGTopologyConditionedWI,d3b7c7404a1b432b8dd330d96271b528,854778689611649472,_EOPKG_WI-UN-f1-5-67_loan_v1_v5_simulated_GATv2,_EOPKG_WI-UN-f1-5,67,train_candidate_target_in_candidate_set_rate,0,1781608204413,1.0
learn,EOPKG-WI,EOPKGTopologyConditionedWI,d3b7c7404a1b432b8dd330d96271b528,854778689611649472,_EOPKG_WI-UN-f1-5-67_loan_v1_v5_simulated_GATv2,_EOPKG_WI-UN-f1-5,67,train_candidate_target_in_candidate_set_rate,0,1781608204413,1.0
learn,EOPKG-WI,EOPKGTopologyConditionedWI,d3b7c7404a1b432b8dd330d96271b528,854778689611649472,_EOPKG_WI-UN-f1-5-67_loan_v1_v5_simulated_GATv2,_EOPKG_WI-UN-f1-5,67,train_candidate_target_in_candidate_set_rate,0,1781608324245,1.0
learn,EOPKG-WI,EOPKGTopologyConditionedWI,d3b7c7404a1b432b8dd330d96271b528,854778689611649472,_EOPKG_WI-UN-f1-5-67_loan_v1_v5_simulated_GATv2,_EOPKG_WI-UN-f1-5,67,train_candidate_target_in_candidate_set_rate,0,1781608324245,1.0
learn,EOPKG-WI,EOPKGTopologyConditionedWI,d3b7c7404a1b432b8dd330d96271b528,854778689611649472,_EOPKG_WI-UN-f1-5-67_loan_v1_v5_simulated_GATv2,_EOPKG_WI-UN-f1-5,67,train_candidate_target_in_candidate_set_rate,0,1781608447344,1.0
learn,EOPKG-WI,EOPKGTopologyConditionedWI,d3b7c7404a1b432b8dd330d96271b528,854778689611649472,_EOPKG_WI-UN-f1-5-67_loan_v1_v5_simulated_GATv2,_EOPKG_WI-UN-f1-5,67,train_candidate_target_in_candidate_set_rate,0,1781608447344,1.0
learn,EOPKG-WI,EOPKGTopologyConditionedWI,d3b7c7404a1b432b8dd330d96271b528,854778689611649472,_EOPKG_WI-UN-f1-5-67_loan_v1_v5_simulated_GATv2,_EOPKG_WI-UN-f1-5,67,train_candidate_target_in_candidate_set_rate,0,1781608589311,1.0
learn,EOPKG-WI,EOPKGTopologyConditionedWI,d3b7c7404a1b432b8dd330d96271b528,854778689611649472,_EOPKG_WI-UN-f1-5-67_loan_v1_v5_simulated_GATv2,_EOPKG_WI-UN-f1-5,67,train_candidate_target_in_candidate_set_rate,0,1781608589311,1.0
learn,EOPKG-WI,EOPKGTopologyConditionedWI,d3b7c7404a1b432b8dd330d96271b528,854778689611649472,_EOPKG_WI-UN-f1-5-67_loan_v1_v5_simulated_GATv2,_EOPKG_WI-UN-f1-5,67,train_candidate_target_in_candidate_set_rate,0,1781608716814,1.0
learn,EOPKG-WI,EOPKGTopologyConditionedWI,d3b7c7404a1b432b8dd330d96271b528,854778689611649472,_EOPKG_WI-UN-f1-5-67_loan_v1_v5_simulated_GATv2,_EOPKG_WI-UN-f1-5,67,train_candidate_target_in_candidate_set_rate,0,1781608716814,1.0
learn,EOPKG-WI,EOPKGTopologyConditionedWI,d3b7c7404a1b432b8dd330d96271b528,854778689611649472,_EOPKG_WI-UN-f1-5-67_loan_v1_v5_simulated_GATv2,_EOPKG_WI-UN-f1-5,67,train_candidate_target_in_candidate_set_rate,0,1781608838028,1.0
learn,EOPKG-WI,EOPKGTopologyConditionedWI,d3b7c7404a1b432b8dd330d96271b528,854778689611649472,_EOPKG_WI-UN-f1-5-67_loan_v1_v5_simulated_GATv2,_EOPKG_WI-UN-f1-5,67,train_candidate_target_in_candidate_set_rate,0,1781608838028,1.0
learn,EOPKG-WI,EOPKGTopologyConditionedWI,d3b7c7404a1b432b8dd330d96271b528,854778689611649472,_EOPKG_WI-UN-f1-5-67_loan_v1_v5_simulated_GATv2,_EOPKG_WI-UN-f1-5,67,train_candidate_target_in_candidate_set_rate,0,1781608957489,1.0
learn,EOPKG-WI,EOPKGTopologyConditionedWI,d3b7c7404a1b432b8dd330d96271b528,854778689611649472,_EOPKG_WI-UN-f1-5-67_loan_v1_v5_simulated_GATv2,_EOPKG_WI-UN-f1-5,67,train_candidate_target_in_candidate_set_rate,0,1781608957489,1.0
learn,EOPKG-WI,EOPKGTopologyConditionedWI,d3b7c7404a1b432b8dd330d96271b528,854778689611649472,_EOPKG_WI-UN-f1-5-67_loan_v1_v5_simulated_GATv2,_EOPKG_WI-UN-f1-5,67,train_candidate_target_in_candidate_set_rate,0,1781609073945,1.0
learn,EOPKG-WI,EOPKGTopologyConditionedWI,d3b7c7404a1b432b8dd330d96271b528,854778689611649472,_EOPKG_WI-UN-f1-5-67_loan_v1_v5_simulated_GATv2,_EOPKG_WI-UN-f1-5,67,train_candidate_target_in_candidate_set_rate,0,1781609073945,1.0
learn,EOPKG-WI,EOPKGTopologyConditionedWI,d3b7c7404a1b432b8dd330d96271b528,854778689611649472,_EOPKG_WI-UN-f1-5-67_loan_v1_v5_simulated_GATv2,_EOPKG_WI-UN-f1-5,67,train_candidate_target_in_candidate_set_rate,0,1781609194057,1.0
learn,EOPKG-WI,EOPKGTopologyConditionedWI,d3b7c7404a1b432b8dd330d96271b528,854778689611649472,_EOPKG_WI-UN-f1-5-67_loan_v1_v5_simulated_GATv2,_EOPKG_WI-UN-f1-5,67,train_candidate_target_in_candidate_set_rate,0,1781609194057,1.0
learn,EOPKG-WI,EOPKGTopologyConditionedWI,d3b7c7404a1b432b8dd330d96271b528,854778689611649472,_EOPKG_WI-UN-f1-5-67_loan_v1_v5_simulated_GATv2,_EOPKG_WI-UN-f1-5,67,train_candidate_target_in_candidate_set_rate,0,1781609312491,1.0
learn,EOPKG-WI,EOPKGTopologyConditionedWI,d3b7c7404a1b432b8dd330d96271b528,854778689611649472,_EOPKG_WI-UN-f1-5-67_loan_v1_v5_simulated_GATv2,_EOPKG_WI-UN-f1-5,67,train_candidate_target_in_candidate_set_rate,0,1781609312491,1.0
learn,EOPKG-WI,EOPKGTopologyConditionedWI,d3b7c7404a1b432b8dd330d96271b528,854778689611649472,_EOPKG_WI-UN-f1-5-67_loan_v1_v5_simulated_GATv2,_EOPKG_WI-UN-f1-5,67,train_candidate_target_in_candidate_set_rate,0,1781609433662,1.0
learn,EOPKG-WI,EOPKGTopologyConditionedWI,d3b7c7404a1b432b8dd330d96271b528,854778689611649472,_EOPKG_WI-UN-f1-5-67_loan_v1_v5_simulated_GATv2,_EOPKG_WI-UN-f1-5,67,train_candidate_target_in_candidate_set_rate,0,1781609433662,1.0
learn,EOPKG-WI,EOPKGTopologyConditionedWI,d3b7c7404a1b432b8dd330d96271b528,854778689611649472,_EOPKG_WI-UN-f1-5-67_loan_v1_v5_simulated_GATv2,_EOPKG_WI-UN-f1-5,67,train_candidate_target_in_candidate_set_rate,0,1781609580320,1.0
learn,EOPKG-WI,EOPKGTopologyConditionedWI,d3b7c7404a1b432b8dd330d96271b528,854778689611649472,_EOPKG_WI-UN-f1-5-67_loan_v1_v5_simulated_GATv2,_EOPKG_WI-UN-f1-5,67,train_candidate_target_in_candidate_set_rate,0,1781609580320,1.0
learn,EOPKG-WI,EOPKGTopologyConditionedWI,d3b7c7404a1b432b8dd330d96271b528,854778689611649472,_EOPKG_WI-UN-f1-5-67_loan_v1_v5_simulated_GATv2,_EOPKG_WI-UN-f1-5,67,train_candidate_target_in_candidate_set_rate,0,1781609717475,1.0
learn,EOPKG-WI,EOPKGTopologyConditionedWI,d3b7c7404a1b432b8dd330d96271b528,854778689611649472,_EOPKG_WI-UN-f1-5-67_loan_v1_v5_simulated_GATv2,_EOPKG_WI-UN-f1-5,67,train_candidate_target_in_candidate_set_rate,0,1781609717475,1.0
learn,EOPKG-WI,EOPKGTopologyConditionedWI,d3b7c7404a1b432b8dd330d96271b528,854778689611649472,_EOPKG_WI-UN-f1-5-67_loan_v1_v5_simulated_GATv2,_EOPKG_WI-UN-f1-5,67,train_candidate_target_in_candidate_set_rate,0,1781609839192,1.0
learn,EOPKG-WI,EOPKGTopologyConditionedWI,d3b7c7404a1b432b8dd330d96271b528,854778689611649472,_EOPKG_WI-UN-f1-5-67_loan_v1_v5_simulated_GATv2,_EOPKG_WI-UN-f1-5,67,train_candidate_target_in_candidate_set_rate,0,1781609839192,1.0
learn,EOPKG-WI,EOPKGTopologyConditionedWI,d3b7c7404a1b432b8dd330d96271b528,854778689611649472,_EOPKG_WI-UN-f1-5-67_loan_v1_v5_simulated_GATv2,_EOPKG_WI-UN-f1-5,67,train_candidate_target_in_candidate_set_rate,0,1781609968314,1.0
learn,EOPKG-WI,EOPKGTopologyConditionedWI,d3b7c7404a1b432b8dd330d96271b528,854778689611649472,_EOPKG_WI-UN-f1-5-67_loan_v1_v5_simulated_GATv2,_EOPKG_WI-UN-f1-5,67,train_candidate_target_in_candidate_set_rate,0,1781609968314,1.0
learn,EOPKG-WI,EOPKGTopologyConditionedWI,d3b7c7404a1b432b8dd330d96271b528,854778689611649472,_EOPKG_WI-UN-f1-5-67_loan_v1_v5_simulated_GATv2,_EOPKG_WI-UN-f1-5,67,train_candidate_target_in_candidate_set_rate,0,1781610098473,1.0
learn,EOPKG-WI,EOPKGTopologyConditionedWI,d3b7c7404a1b432b8dd330d96271b528,854778689611649472,_EOPKG_WI-UN-f1-5-67_loan_v1_v5_simulated_GATv2,_EOPKG_WI-UN-f1-5,67,train_candidate_target_in_candidate_set_rate,0,1781610098473,1.0
learn,EOPKG-WI,EOPKGTopologyConditionedWI,d3b7c7404a1b432b8dd330d96271b528,854778689611649472,_EOPKG_WI-UN-f1-5-67_loan_v1_v5_simulated_GATv2,_EOPKG_WI-UN-f1-5,67,train_candidate_target_in_candidate_set_rate,0,1781610213477,1.0
learn,EOPKG-WI,EOPKGTopologyConditionedWI,d3b7c7404a1b432b8dd330d96271b528,854778689611649472,_EOPKG_WI-UN-f1-5-67_loan_v1_v5_simulated_GATv2,_EOPKG_WI-UN-f1-5,67,train_candidate_target_in_candidate_set_rate,0,1781610213477,1.0
learn,EOPKG-WI,EOPKGTopologyConditionedWI,d3b7c7404a1b432b8dd330d96271b528,854778689611649472,_EOPKG_WI-UN-f1-5-67_loan_v1_v5_simulated_GATv2,_EOPKG_WI-UN-f1-5,67,train_candidate_target_in_candidate_set_rate,0,1781610318312,1.0
learn,EOPKG-WI,EOPKGTopologyConditionedWI,d3b7c7404a1b432b8dd330d96271b528,854778689611649472,_EOPKG_WI-UN-f1-5-67_loan_v1_v5_simulated_GATv2,_EOPKG_WI-UN-f1-5,67,train_candidate_target_in_candidate_set_rate,0,1781610318312,1.0
learn,EOPKG-WI,EOPKGTopologyConditionedWI,d3b7c7404a1b432b8dd330d96271b528,854778689611649472,_EOPKG_WI-UN-f1-5-67_loan_v1_v5_simulated_GATv2,_EOPKG_WI-UN-f1-5,67,train_candidate_target_in_candidate_set_rate,0,1781610429221,1.0
learn,EOPKG-WI,EOPKGTopologyConditionedWI,d3b7c7404a1b432b8dd330d96271b528,854778689611649472,_EOPKG_WI-UN-f1-5-67_loan_v1_v5_simulated_GATv2,_EOPKG_WI-UN-f1-5,67,train_candidate_target_in_candidate_set_rate,0,1781610429221,1.0
learn,EOPKG-WI,EOPKGTopologyConditionedWI,d3b7c7404a1b432b8dd330d96271b528,854778689611649472,_EOPKG_WI-UN-f1-5-67_loan_v1_v5_simulated_GATv2,_EOPKG_WI-UN-f1-5,67,train_candidate_target_in_candidate_set_rate,0,1781610541590,1.0
learn,EOPKG-WI,EOPKGTopologyConditionedWI,d3b7c7404a1b432b8dd330d96271b528,854778689611649472,_EOPKG_WI-UN-f1-5-67_loan_v1_v5_simulated_GATv2,_EOPKG_WI-UN-f1-5,67,train_candidate_target_in_candidate_set_rate,0,1781610541590,1.0
learn,EOPKG-WI,EOPKGTopologyConditionedWI,d3b7c7404a1b432b8dd330d96271b528,854778689611649472,_EOPKG_WI-UN-f1-5-67_loan_v1_v5_simulated_GATv2,_EOPKG_WI-UN-f1-5,67,train_candidate_target_in_candidate_set_rate,0,1781610653881,1.0
learn,EOPKG-WI,EOPKGTopologyConditionedWI,d3b7c7404a1b432b8dd330d96271b528,854778689611649472,_EOPKG_WI-UN-f1-5-67_loan_v1_v5_simulated_GATv2,_EOPKG_WI-UN-f1-5,67,train_candidate_target_in_candidate_set_rate,0,1781610653881,1.0
learn,EOPKG-WI,EOPKGTopologyConditionedWI,d3b7c7404a1b432b8dd330d96271b528,854778689611649472,_EOPKG_WI-UN-f1-5-67_loan_v1_v5_simulated_GATv2,_EOPKG_WI-UN-f1-5,67,train_candidate_target_in_candidate_set_rate,0,1781610759972,1.0
learn,EOPKG-WI,EOPKGTopologyConditionedWI,d3b7c7404a1b432b8dd330d96271b528,854778689611649472,_EOPKG_WI-UN-f1-5-67_loan_v1_v5_simulated_GATv2,_EOPKG_WI-UN-f1-5,67,train_candidate_target_in_candidate_set_rate,0,1781610759972,1.0
learn,EOPKG-WI,EOPKGTopologyConditionedWI,d3b7c7404a1b432b8dd330d96271b528,854778689611649472,_EOPKG_WI-UN-f1-5-67_loan_v1_v5_simulated_GATv2,_EOPKG_WI-UN-f1-5,67,train_candidate_target_in_candidate_set_rate,0,1781610866399,1.0
learn,EOPKG-WI,EOPKGTopologyConditionedWI,d3b7c7404a1b432b8dd330d96271b528,854778689611649472,_EOPKG_WI-UN-f1-5-67_loan_v1_v5_simulated_GATv2,_EOPKG_WI-UN-f1-5,67,train_candidate_target_in_candidate_set_rate,0,1781610866399,1.0
learn,EOPKG-WI,EOPKGTopologyConditionedWI,d3b7c7404a1b432b8dd330d96271b528,854778689611649472,_EOPKG_WI-UN-f1-5-67_loan_v1_v5_simulated_GATv2,_EOPKG_WI-UN-f1-5,67,train_candidate_target_in_candidate_set_rate,0,1781610971761,1.0
learn,EOPKG-WI,EOPKGTopologyConditionedWI,d3b7c7404a1b432b8dd330d96271b528,854778689611649472,_EOPKG_WI-UN-f1-5-67_loan_v1_v5_simulated_GATv2,_EOPKG_WI-UN-f1-5,67,train_candidate_target_in_candidate_set_rate,0,1781610971761,1.0
learn,EOPKG-WI,EOPKGTopologyConditionedWI,d3b7c7404a1b432b8dd330d96271b528,854778689611649472,_EOPKG_WI-UN-f1-5-67_loan_v1_v5_simulated_GATv2,_EOPKG_WI-UN-f1-5,67,train_candidate_target_in_candidate_set_rate,0,1781611080601,1.0
learn,EOPKG-WI,EOPKGTopologyConditionedWI,d3b7c7404a1b432b8dd330d96271b528,854778689611649472,_EOPKG_WI-UN-f1-5-67_loan_v1_v5_simulated_GATv2,_EOPKG_WI-UN-f1-5,67,train_candidate_target_in_candidate_set_rate,0,1781611080601,1.0
learn,EOPKG-WI,EOPKGTopologyConditionedWI,d3b7c7404a1b432b8dd330d96271b528,854778689611649472,_EOPKG_WI-UN-f1-5-67_loan_v1_v5_simulated_GATv2,_EOPKG_WI-UN-f1-5,67,train_candidate_target_in_candidate_set_rate,0,1781611185782,1.0
learn,EOPKG-WI,EOPKGTopologyConditionedWI,d3b7c7404a1b432b8dd330d96271b528,854778689611649472,_EOPKG_WI-UN-f1-5-67_loan_v1_v5_simulated_GATv2,_EOPKG_WI-UN-f1-5,67,train_candidate_target_in_candidate_set_rate,0,1781611185782,1.0
learn,EOPKG-WI,EOPKGTopologyConditionedWI,d3b7c7404a1b432b8dd330d96271b528,854778689611649472,_EOPKG_WI-UN-f1-5-67_loan_v1_v5_simulated_GATv2,_EOPKG_WI-UN-f1-5,67,train_candidate_target_in_candidate_set_rate,0,1781611293485,1.0
learn,EOPKG-WI,EOPKGTopologyConditionedWI,d3b7c7404a1b432b8dd330d96271b528,854778689611649472,_EOPKG_WI-UN-f1-5-67_loan_v1_v5_simulated_GATv2,_EOPKG_WI-UN-f1-5,67,train_candidate_target_in_candidate_set_rate,0,1781611293485,1.0
learn,EOPKG-WI,EOPKGTopologyConditionedWI,d3b7c7404a1b432b8dd330d96271b528,854778689611649472,_EOPKG_WI-UN-f1-5-67_loan_v1_v5_simulated_GATv2,_EOPKG_WI-UN-f1-5,67,train_candidate_target_in_candidate_set_rate,0,1781611398324,1.0
learn,EOPKG-WI,EOPKGTopologyConditionedWI,d3b7c7404a1b432b8dd330d96271b528,854778689611649472,_EOPKG_WI-UN-f1-5-67_loan_v1_v5_simulated_GATv2,_EOPKG_WI-UN-f1-5,67,train_candidate_target_in_candidate_set_rate,0,1781611398324,1.0
learn,EOPKG-WI,EOPKGTopologyConditionedWI,d3b7c7404a1b432b8dd330d96271b528,854778689611649472,_EOPKG_WI-UN-f1-5-67_loan_v1_v5_simulated_GATv2,_EOPKG_WI-UN-f1-5,67,train_candidate_target_in_candidate_set_rate,0,1781611504400,1.0
learn,EOPKG-WI,EOPKGTopologyConditionedWI,d3b7c7404a1b432b8dd330d96271b528,854778689611649472,_EOPKG_WI-UN-f1-5-67_loan_v1_v5_simulated_GATv2,_EOPKG_WI-UN-f1-5,67,train_candidate_target_in_candidate_set_rate,0,1781611504400,1.0
learn,EOPKG-WI,EOPKGTopologyConditionedWI,d3b7c7404a1b432b8dd330d96271b528,854778689611649472,_EOPKG_WI-UN-f1-5-67_loan_v1_v5_simulated_GATv2,_EOPKG_WI-UN-f1-5,67,train_candidate_target_in_candidate_set_rate,0,1781611611198,1.0
learn,EOPKG-WI,EOPKGTopologyConditionedWI,d3b7c7404a1b432b8dd330d96271b528,854778689611649472,_EOPKG_WI-UN-f1-5-67_loan_v1_v5_simulated_GATv2,_EOPKG_WI-UN-f1-5,67,train_candidate_target_in_candidate_set_rate,0,1781611611198,1.0
learn,EOPKG-WI,EOPKGTopologyConditionedWI,d3b7c7404a1b432b8dd330d96271b528,854778689611649472,_EOPKG_WI-UN-f1-5-67_loan_v1_v5_simulated_GATv2,_EOPKG_WI-UN-f1-5,67,train_candidate_target_in_candidate_set_rate,0,1781611715648,1.0
learn,EOPKG-WI,EOPKGTopologyConditionedWI,d3b7c7404a1b432b8dd330d96271b528,854778689611649472,_EOPKG_WI-UN-f1-5-67_loan_v1_v5_simulated_GATv2,_EOPKG_WI-UN-f1-5,67,train_candidate_target_in_candidate_set_rate,0,1781611715648,1.0
learn,EOPKG-WI,EOPKGTopologyConditionedWI,d3b7c7404a1b432b8dd330d96271b528,854778689611649472,_EOPKG_WI-UN-f1-5-67_loan_v1_v5_simulated_GATv2,_EOPKG_WI-UN-f1-5,67,train_candidate_target_in_candidate_set_rate,0,1781611821642,1.0
learn,EOPKG-WI,EOPKGTopologyConditionedWI,d3b7c7404a1b432b8dd330d96271b528,854778689611649472,_EOPKG_WI-UN-f1-5-67_loan_v1_v5_simulated_GATv2,_EOPKG_WI-UN-f1-5,67,train_candidate_target_in_candidate_set_rate,0,1781611821642,1.0
learn,EOPKG-WI,EOPKGTopologyConditionedWI,d3b7c7404a1b432b8dd330d96271b528,854778689611649472,_EOPKG_WI-UN-f1-5-67_loan_v1_v5_simulated_GATv2,_EOPKG_WI-UN-f1-5,67,train_candidate_target_in_candidate_set_rate,0,1781611926774,1.0
learn,EOPKG-WI,EOPKGTopologyConditionedWI,d3b7c7404a1b432b8dd330d96271b528,854778689611649472,_EOPKG_WI-UN-f1-5-67_loan_v1_v5_simulated_GATv2,_EOPKG_WI-UN-f1-5,67,train_candidate_target_in_candidate_set_rate,0,1781611926774,1.0
learn,EOPKG-WI,EOPKGTopologyConditionedWI,d3b7c7404a1b432b8dd330d96271b528,854778689611649472,_EOPKG_WI-UN-f1-5-67_loan_v1_v5_simulated_GATv2,_EOPKG_WI-UN-f1-5,67,train_candidate_target_in_candidate_set_rate,0,1781612031667,1.0
learn,EOPKG-WI,EOPKGTopologyConditionedWI,d3b7c7404a1b432b8dd330d96271b528,854778689611649472,_EOPKG_WI-UN-f1-5-67_loan_v1_v5_simulated_GATv2,_EOPKG_WI-UN-f1-5,67,train_candidate_target_in_candidate_set_rate,0,1781612031667,1.0
learn,EOPKG-WI,EOPKGTopologyConditionedWI,d3b7c7404a1b432b8dd330d96271b528,854778689611649472,_EOPKG_WI-UN-f1-5-67_loan_v1_v5_simulated_GATv2,_EOPKG_WI-UN-f1-5,67,train_candidate_target_in_candidate_set_rate,0,1781612136918,1.0
learn,EOPKG-WI,EOPKGTopologyConditionedWI,d3b7c7404a1b432b8dd330d96271b528,854778689611649472,_EOPKG_WI-UN-f1-5-67_loan_v1_v5_simulated_GATv2,_EOPKG_WI-UN-f1-5,67,train_candidate_target_in_candidate_set_rate,0,1781612136918,1.0
learn,EOPKG-WI,EOPKGTopologyConditionedWI,d3b7c7404a1b432b8dd330d96271b528,854778689611649472,_EOPKG_WI-UN-f1-5-67_loan_v1_v5_simulated_GATv2,_EOPKG_WI-UN-f1-5,67,train_candidate_target_in_candidate_set_rate,0,1781612242093,1.0
learn,EOPKG-WI,EOPKGTopologyConditionedWI,d3b7c7404a1b432b8dd330d96271b528,854778689611649472,_EOPKG_WI-UN-f1-5-67_loan_v1_v5_simulated_GATv2,_EOPKG_WI-UN-f1-5,67,train_candidate_target_in_candidate_set_rate,0,1781612242093,1.0
learn,EOPKG-WI,EOPKGTopologyConditionedWI,d3b7c7404a1b432b8dd330d96271b528,854778689611649472,_EOPKG_WI-UN-f1-5-67_loan_v1_v5_simulated_GATv2,_EOPKG_WI-UN-f1-5,67,train_candidate_target_in_candidate_set_rate,0,1781612363048,1.0
learn,EOPKG-WI,EOPKGTopologyConditionedWI,d3b7c7404a1b432b8dd330d96271b528,854778689611649472,_EOPKG_WI-UN-f1-5-67_loan_v1_v5_simulated_GATv2,_EOPKG_WI-UN-f1-5,67,train_candidate_target_in_candidate_set_rate,0,1781612363048,1.0
learn,EOPKG-WI,EOPKGTopologyConditionedWI,d3b7c7404a1b432b8dd330d96271b528,854778689611649472,_EOPKG_WI-UN-f1-5-67_loan_v1_v5_simulated_GATv2,_EOPKG_WI-UN-f1-5,67,train_candidate_target_in_candidate_set_rate,0,1781612468613,1.0
learn,EOPKG-WI,EOPKGTopologyConditionedWI,d3b7c7404a1b432b8dd330d96271b528,854778689611649472,_EOPKG_WI-UN-f1-5-67_loan_v1_v5_simulated_GATv2,_EOPKG_WI-UN-f1-5,67,train_candidate_target_in_candidate_set_rate,0,1781612468613,1.0
learn,EOPKG-WI,EOPKGTopologyConditionedWI,d3b7c7404a1b432b8dd330d96271b528,854778689611649472,_EOPKG_WI-UN-f1-5-67_loan_v1_v5_simulated_GATv2,_EOPKG_WI-UN-f1-5,67,train_candidate_target_in_candidate_set_rate,0,1781612572927,1.0
learn,EOPKG-WI,EOPKGTopologyConditionedWI,d3b7c7404a1b432b8dd330d96271b528,854778689611649472,_EOPKG_WI-UN-f1-5-67_loan_v1_v5_simulated_GATv2,_EOPKG_WI-UN-f1-5,67,train_candidate_target_in_candidate_set_rate,0,1781612572927,1.0
learn,EOPKG-WI,EOPKGTopologyConditionedWI,d3b7c7404a1b432b8dd330d96271b528,854778689611649472,_EOPKG_WI-UN-f1-5-67_loan_v1_v5_simulated_GATv2,_EOPKG_WI-UN-f1-5,67,train_candidate_target_in_candidate_set_rate,0,1781612676797,1.0
learn,EOPKG-WI,EOPKGTopologyConditionedWI,d3b7c7404a1b432b8dd330d96271b528,854778689611649472,_EOPKG_WI-UN-f1-5-67_loan_v1_v5_simulated_GATv2,_EOPKG_WI-UN-f1-5,67,train_candidate_target_in_candidate_set_rate,0,1781612676797,1.0
learn,EOPKG-WI,EOPKGTopologyConditionedWI,d3b7c7404a1b432b8dd330d96271b528,854778689611649472,_EOPKG_WI-UN-f1-5-67_loan_v1_v5_simulated_GATv2,_EOPKG_WI-UN-f1-5,67,train_candidate_target_in_candidate_set_rate,0,1781612781519,1.0
learn,EOPKG-WI,EOPKGTopologyConditionedWI,d3b7c7404a1b432b8dd330d96271b528,854778689611649472,_EOPKG_WI-UN-f1-5-67_loan_v1_v5_simulated_GATv2,_EOPKG_WI-UN-f1-5,67,train_candidate_target_in_candidate_set_rate,0,1781612781519,1.0
learn,EOPKG-WI,EOPKGTopologyConditionedWI,d3b7c7404a1b432b8dd330d96271b528,854778689611649472,_EOPKG_WI-UN-f1-5-67_loan_v1_v5_simulated_GATv2,_EOPKG_WI-UN-f1-5,67,train_candidate_target_in_candidate_set_rate,0,1781612885709,1.0
learn,EOPKG-WI,EOPKGTopologyConditionedWI,d3b7c7404a1b432b8dd330d96271b528,854778689611649472,_EOPKG_WI-UN-f1-5-67_loan_v1_v5_simulated_GATv2,_EOPKG_WI-UN-f1-5,67,train_candidate_target_in_candidate_set_rate,0,1781612885709,1.0
learn,EOPKG-WI,EOPKGTopologyConditionedWI,d3b7c7404a1b432b8dd330d96271b528,854778689611649472,_EOPKG_WI-UN-f1-5-67_loan_v1_v5_simulated_GATv2,_EOPKG_WI-UN-f1-5,67,train_candidate_target_in_candidate_set_rate,0,1781612990308,1.0
learn,EOPKG-WI,EOPKGTopologyConditionedWI,d3b7c7404a1b432b8dd330d96271b528,854778689611649472,_EOPKG_WI-UN-f1-5-67_loan_v1_v5_simulated_GATv2,_EOPKG_WI-UN-f1-5,67,train_candidate_target_in_candidate_set_rate,0,1781612990308,1.0
learn,EOPKG-WI,EOPKGTopologyConditionedWI,d3b7c7404a1b432b8dd330d96271b528,854778689611649472,_EOPKG_WI-UN-f1-5-67_loan_v1_v5_simulated_GATv2,_EOPKG_WI-UN-f1-5,67,train_candidate_target_in_candidate_set_rate,0,1781613095838,1.0
learn,EOPKG-WI,EOPKGTopologyConditionedWI,d3b7c7404a1b432b8dd330d96271b528,854778689611649472,_EOPKG_WI-UN-f1-5-67_loan_v1_v5_simulated_GATv2,_EOPKG_WI-UN-f1-5,67,train_candidate_target_in_candidate_set_rate,0,1781613095838,1.0
learn,EOPKG-WI,EOPKGTopologyConditionedWI,d3b7c7404a1b432b8dd330d96271b528,854778689611649472,_EOPKG_WI-UN-f1-5-67_loan_v1_v5_simulated_GATv2,_EOPKG_WI-UN-f1-5,67,train_candidate_target_in_candidate_set_rate,0,1781613199441,1.0
learn,EOPKG-WI,EOPKGTopologyConditionedWI,d3b7c7404a1b432b8dd330d96271b528,854778689611649472,_EOPKG_WI-UN-f1-5-67_loan_v1_v5_simulated_GATv2,_EOPKG_WI-UN-f1-5,67,train_candidate_target_in_candidate_set_rate,0,1781613199441,1.0
learn,EOPKG-WI,EOPKGTopologyConditionedWI,d3b7c7404a1b432b8dd330d96271b528,854778689611649472,_EOPKG_WI-UN-f1-5-67_loan_v1_v5_simulated_GATv2,_EOPKG_WI-UN-f1-5,67,train_candidate_target_in_candidate_set_rate,0,1781613304026,1.0
learn,EOPKG-WI,EOPKGTopologyConditionedWI,d3b7c7404a1b432b8dd330d96271b528,854778689611649472,_EOPKG_WI-UN-f1-5-67_loan_v1_v5_simulated_GATv2,_EOPKG_WI-UN-f1-5,67,train_candidate_target_in_candidate_set_rate,0,1781613304026,1.0
learn,EOPKG-WI,EOPKGTopologyConditionedWI,d3b7c7404a1b432b8dd330d96271b528,854778689611649472,_EOPKG_WI-UN-f1-5-67_loan_v1_v5_simulated_GATv2,_EOPKG_WI-UN-f1-5,67,train_candidate_target_in_candidate_set_rate,0,1781613408650,1.0
learn,EOPKG-WI,EOPKGTopologyConditionedWI,d3b7c7404a1b432b8dd330d96271b528,854778689611649472,_EOPKG_WI-UN-f1-5-67_loan_v1_v5_simulated_GATv2,_EOPKG_WI-UN-f1-5,67,train_candidate_target_in_candidate_set_rate,0,1781613408650,1.0
learn,EOPKG-WI,EOPKGTopologyConditionedWI,d3b7c7404a1b432b8dd330d96271b528,854778689611649472,_EOPKG_WI-UN-f1-5-67_loan_v1_v5_simulated_GATv2,_EOPKG_WI-UN-f1-5,67,train_candidate_target_in_candidate_set_rate,0,1781613514413,1.0
learn,EOPKG-WI,EOPKGTopologyConditionedWI,d3b7c7404a1b432b8dd330d96271b528,854778689611649472,_EOPKG_WI-UN-f1-5-67_loan_v1_v5_simulated_GATv2,_EOPKG_WI-UN-f1-5,67,train_candidate_target_in_candidate_set_rate,0,1781613514413,1.0
learn,EOPKG-WI,EOPKGTopologyConditionedWI,d3b7c7404a1b432b8dd330d96271b528,854778689611649472,_EOPKG_WI-UN-f1-5-67_loan_v1_v5_simulated_GATv2,_EOPKG_WI-UN-f1-5,67,train_candidate_target_in_candidate_set_rate,0,1781613620245,1.0
learn,EOPKG-WI,EOPKGTopologyConditionedWI,d3b7c7404a1b432b8dd330d96271b528,854778689611649472,_EOPKG_WI-UN-f1-5-67_loan_v1_v5_simulated_GATv2,_EOPKG_WI-UN-f1-5,67,train_candidate_target_in_candidate_set_rate,0,1781613620245,1.0
